Id,era5_t2m_c
12353.0,-1.1867371
12709.0,-0.508667
12711.0,-0.508667
12712.0,-0.508667
12713.0,-0.508667
12938.0,5.3583374
13068.0,0.15164185
13069.0,0.15164185
13070.0,0.15164185
13071.0,0.15164185
13072.0,0.15164185
13427.0,0.9994507
13428.0,0.9994507
13429.0,0.9994507
13430.0,0.9994507
13431.0,0.9994507
13439.0,0.9994507
13440.0,0.9994507
13786.0,1.8111572
13787.0,1.8111572
13788.0,1.8111572
13789.0,1.8111572
13790.0,1.8111572
13791.0,1.8111572
13799.0,1.8111572
13800.0,1.8111572
13801.0,1.8111572
13802.0,1.8111572
14144.0,2.48938
14146.0,2.48938
14147.0,2.48938
14150.0,2.48938
14151.0,2.48938
14505.0,3.6256104
14507.0,3.6256104
14508.0,3.6256104
14511.0,3.6256104
14866.0,4.459259
14867.0,4.459259
14868.0,4.459259
15226.0,5.050232
15227.0,5.050232
15228.0,5.050232
15232.0,5.050232
15586.0,5.7528687
15587.0,5.7528687
15588.0,5.7528687
15592.0,5.7528687
15946.0,6.7943726
15947.0,6.7943726
15948.0,6.7943726
16306.0,8.273224
16307.0,8.273224
16308.0,8.273224
16666.0,9.300903
16667.0,9.300903
16668.0,9.300903
16885.0,12.520294
16886.0,10.932068
16887.0,12.858185
16888.0,13.331665
17025.0,10.115173
17026.0,10.115173
17027.0,10.115173
17028.0,10.115173
17035.0,10.115173
17245.0,11.727966
17246.0,9.270782
17247.0,11.24881
17248.0,13.930298
17385.0,10.786407
17386.0,10.786407
17387.0,10.786407
17388.0,10.786407
17604.0,13.163208
17605.0,9.120239
17606.0,10.625916
17607.0,9.913849
17608.0,14.019806
17746.0,11.4599
17747.0,11.4599
17748.0,11.4599
17754.0,11.4599
17755.0,11.4599
17757.0,11.4599
17963.0,13.718689
17964.0,13.726501
17965.0,13.827576
17966.0,14.116821
17967.0,14.269653
17968.0,14.458923
18106.0,12.463989
18107.0,12.463989
18108.0,12.463989
18117.0,12.463989
18323.0,14.10199
18324.0,14.231079
18326.0,14.495544
18327.0,14.553497
18328.0,15.000427
18466.0,13.412231
18467.0,13.412231
18468.0,13.412231
18680.0,14.30481
18681.0,14.2803955
18682.0,13.947052
18683.0,12.516388
18684.0,14.491638
18685.0,14.300903
18686.0,13.152618
18687.0,14.582947
18826.0,14.471619
18827.0,14.471619
18828.0,14.471619
18887.0,14.471619
19039.0,14.615845
19040.0,13.48172
19041.0,13.08963
19042.0,12.386169
19043.0,12.070099
19044.0,11.714294
19045.0,11.629028
19046.0,9.475861
19047.0,12.098907
19048.0,12.908478
19049.0,14.100525
19050.0,16.77893
19186.0,15.203552
19187.0,15.203552
19188.0,15.203552
19396.0,15.221466
19397.0,15.286896
19399.0,14.819458
19400.0,14.692993
19401.0,14.34613
19402.0,14.729919
19403.0,14.493439
19404.0,14.9522705
19405.0,14.645447
19406.0,13.163361
19407.0,11.268188
19408.0,8.933533
19409.0,11.622192
19410.0,17.178497
19547.0,15.924744
19548.0,15.924744
19549.0,15.924744
19560.0,15.924744
19561.0,15.924744
19562.0,15.924744
19736.0,16.58899
19737.0,16.567505
19738.0,16.384888
19756.0,15.809692
19757.0,15.713989
19758.0,14.684204
19759.0,15.421173
19760.0,15.539978
19761.0,15.906372
19762.0,15.891541
19763.0,16.199646
19764.0,16.320251
19765.0,15.736603
19766.0,15.380981
19767.0,13.640259
19768.0,9.916626
19769.0,11.434509
19770.0,16.81604
19907.0,16.660583
19908.0,16.660583
19909.0,16.660583
19919.0,16.660583
19920.0,16.660583
19921.0,16.660583
19922.0,16.660583
19923.0,16.660583
19924.0,16.660583
19925.0,16.660583
19926.0,16.660583
19998.0,16.726837
19999.0,16.505981
20000.0,17.513458
20001.0,16.917114
20002.0,17.779572
20003.0,17.980896
20004.0,18.35672
20005.0,19.017212
20094.0,17.311157
20095.0,16.503845
20096.0,14.749298
20097.0,14.441193
20098.0,15.160278
20099.0,16.598267
20101.0,16.656677
20102.0,16.581482
20103.0,16.494751
20115.0,15.641724
20116.0,16.234985
20117.0,16.242462
20118.0,16.115662
20119.0,15.684357
20120.0,16.445435
20121.0,16.690063
20122.0,16.856873
20123.0,16.644958
20124.0,16.782013
20125.0,16.381622
20126.0,15.932251
20127.0,14.924255
20128.0,13.554962
20129.0,11.664978
20130.0,13.872009
20131.0,18.774536
20268.0,17.289978
20269.0,17.289978
20270.0,17.289978
20271.0,17.289978
20278.0,17.289978
20279.0,17.289978
20280.0,17.289978
20281.0,17.289978
20282.0,17.289978
20283.0,17.289978
20284.0,17.289978
20285.0,17.289978
20286.0,17.289978
20287.0,17.289978
20357.0,16.681915
20358.0,17.32434
20359.0,15.482697
20360.0,15.683716
20361.0,16.438599
20362.0,16.364868
20363.0,15.151489
20364.0,16.74524
20365.0,18.161896
20366.0,17.871216
20367.0,19.786896
20454.0,18.021606
20455.0,17.15686
20456.0,15.228638
20457.0,15.24231
20458.0,15.153442
20459.0,15.187286
20460.0,15.852478
20461.0,16.113556
20462.0,15.787872
20463.0,15.835388
20464.0,16.837524
20474.0,16.226501
20475.0,16.359497
20476.0,15.340607
20477.0,17.020294
20478.0,15.467712
20479.0,16.494415
20480.0,17.852173
20481.0,17.667908
20482.0,17.721802
20483.0,17.648224
20484.0,17.482208
20485.0,16.913849
20486.0,16.38504
20487.0,16.079529
20488.0,15.037048
20489.0,11.631958
20490.0,13.975861
20491.0,18.122498
20628.0,17.76297
20629.0,17.76297
20630.0,17.76297
20631.0,17.76297
20638.0,17.76297
20639.0,17.76297
20644.0,17.76297
20645.0,17.76297
20646.0,17.76297
20647.0,17.76297
20648.0,17.76297
20717.0,15.8767395
20718.0,17.666138
20719.0,17.783325
20720.0,15.449829
20721.0,17.496704
20722.0,18.447388
20723.0,18.03772
20724.0,18.288025
20725.0,15.54715
20726.0,14.605743
20727.0,15.615662
20728.0,19.20047
20729.0,21.302673
20815.0,18.618591
20816.0,15.951111
20817.0,16.32434
20818.0,16.591919
20819.0,16.53299
20820.0,16.705994
20821.0,16.878052
20822.0,16.443787
20823.0,16.83377
20824.0,16.651794
20825.0,16.847778
20826.0,17.042908
20827.0,17.01883
20832.0,16.864044
20833.0,16.775818
20834.0,17.03543
20835.0,16.652466
20836.0,17.243286
20837.0,17.628357
20838.0,15.775177
20839.0,16.479767
20840.0,17.463318
20841.0,18.220978
20842.0,18.517517
20843.0,18.57727
20844.0,18.04715
20845.0,17.397583
20846.0,16.404419
20847.0,16.315704
20848.0,15.324646
20849.0,13.939087
20850.0,15.597778
20851.0,16.879028
20852.0,18.851349
20988.0,18.119263
20995.0,18.119263
20996.0,18.119263
21004.0,18.119263
21005.0,18.119263
21006.0,18.119263
21007.0,18.119263
21008.0,18.119263
21009.0,18.119263
21077.0,15.749939
21078.0,18.089142
21079.0,17.371857
21080.0,17.166138
21081.0,17.214478
21082.0,16.053009
21083.0,16.61258
21084.0,14.627563
21085.0,16.402283
21086.0,14.012329
21087.0,14.064728
21088.0,15.426392
21089.0,18.955505
21090.0,21.792755
21175.0,18.968872
21176.0,17.575623
21177.0,17.872833
21178.0,17.868439
21179.0,17.871704
21180.0,17.542603
21181.0,17.409607
21182.0,17.798462
21183.0,17.95111
21184.0,18.06195
21185.0,17.750122
21186.0,17.51883
21187.0,17.217407
21188.0,16.994415
21189.0,17.093872
21190.0,17.023071
21191.0,17.03836
21192.0,17.395294
21193.0,17.28949
21194.0,17.790161
21195.0,18.253845
21196.0,18.481567
21197.0,19.04309
21198.0,17.962341
21199.0,19.644806
21200.0,19.608185
21201.0,18.525665
21202.0,18.702423
21203.0,19.51654
21204.0,19.067505
21205.0,18.097107
21206.0,17.304626
21207.0,17.272736
21208.0,17.172485
21209.0,15.361755
21210.0,15.857697
21211.0,12.068634
21212.0,15.962677
21213.0,20.409943
21219.0,19.875122
21348.0,18.449158
21360.0,18.449158
21362.0,18.449158
21363.0,18.449158
21364.0,18.449158
21365.0,18.449158
21366.0,18.449158
21367.0,18.449158
21368.0,18.449158
21369.0,18.449158
21437.0,16.623322
21438.0,16.401978
21439.0,17.687622
21440.0,18.829529
21441.0,19.404724
21442.0,18.74588
21443.0,18.477325
21444.0,16.529083
21445.0,17.039185
21446.0,15.904083
21447.0,13.492615
21448.0,12.815216
21449.0,14.359985
21450.0,19.99588
21534.0,19.980103
21535.0,18.644806
21536.0,18.51361
21537.0,18.85492
21538.0,18.832794
21539.0,19.0849
21540.0,18.441833
21541.0,18.88684
21542.0,18.515411
21543.0,18.359161
21544.0,18.810822
21545.0,18.646118
21546.0,18.520935
21547.0,18.232056
21548.0,17.997833
21549.0,17.849731
21550.0,17.990997
21551.0,18.30658
21552.0,18.251404
21553.0,18.57483
21554.0,19.116486
21555.0,19.204712
21556.0,19.729767
21557.0,19.848755
21558.0,19.257446
21559.0,19.874146
21560.0,20.18631
21561.0,20.433228
21562.0,19.938263
21563.0,19.942017
21564.0,20.08783
21565.0,19.509064
21566.0,18.991333
21567.0,18.751404
21568.0,18.416779
21569.0,17.548615
21570.0,15.18631
21571.0,12.800903
21572.0,14.227478
21573.0,20.601685
21708.0,18.79309
21722.0,18.79309
21723.0,18.79309
21725.0,18.79309
21726.0,18.79309
21727.0,18.79309
21728.0,18.79309
21729.0,18.79309
21730.0,18.79309
21796.0,15.408813
21797.0,18.33377
21798.0,18.10608
21799.0,18.173462
21800.0,19.67102
21801.0,20.097595
21802.0,19.43451
21803.0,18.895142
21804.0,18.16336
21805.0,16.659119
21806.0,15.6710205
21807.0,13.869751
21808.0,9.53772
21809.0,11.566681
21810.0,17.3349
21811.0,21.826782
21894.0,20.377563
21895.0,19.61908
21896.0,19.789673
21897.0,20.350037
21898.0,20.229279
21899.0,19.906372
21900.0,19.875122
21901.0,19.77649
21902.0,19.49002
21903.0,19.067505
21904.0,18.999939
21905.0,20.021118
21906.0,19.830688
21907.0,18.924103
21908.0,18.609985
21909.0,18.661896
21910.0,19.030548
21911.0,19.28772
21912.0,19.591919
21913.0,19.955505
21914.0,20.244751
21915.0,19.92215
21916.0,20.59256
21917.0,20.829712
21918.0,20.904083
21919.0,20.803497
21920.0,21.02893
21921.0,20.71643
21922.0,21.129333
21923.0,21.119415
21924.0,20.668396
21925.0,20.397888
21926.0,20.080994
21927.0,19.649536
21928.0,19.217896
21929.0,18.741333
21930.0,17.08133
21931.0,14.481232
21932.0,16.619415
21933.0,20.547485
22068.0,19.061157
22074.0,19.061157
22075.0,19.061157
22084.0,19.061157
22085.0,19.061157
22086.0,19.061157
22087.0,19.061157
22088.0,19.061157
22089.0,19.061157
22090.0,19.061157
22091.0,19.061157
22155.0,16.600037
22156.0,16.556427
22157.0,20.553162
22158.0,19.99295
22159.0,21.079224
22160.0,21.38617
22161.0,21.02893
22162.0,18.971619
22163.0,17.271912
22164.0,18.170837
22165.0,17.404572
22166.0,16.35736
22167.0,15.391541
22168.0,13.099548
22169.0,16.769806
22170.0,17.487427
22171.0,19.113708
22172.0,22.527618
22254.0,20.39383
22255.0,20.464478
22256.0,21.004822
22257.0,21.394318
22258.0,20.787231
22259.0,20.988403
22260.0,20.996216
22261.0,20.657837
22262.0,20.3844
22263.0,19.839142
22264.0,19.883911
22265.0,19.957306
22266.0,19.504822
22267.0,19.282837
22268.0,19.345001
22269.0,19.1557
22270.0,19.275818
22271.0,19.620544
22272.0,20.23352
22273.0,21.15033
22274.0,20.459412
22275.0,21.180939
22276.0,21.476013
22277.0,20.900818
22278.0,21.826294
22279.0,21.773224
22280.0,22.068298
22281.0,22.090607
22282.0,21.57074
22283.0,21.843384
22284.0,21.414185
22285.0,21.058533
22286.0,20.355103
22287.0,19.839783
22288.0,19.938416
22289.0,19.142212
22290.0,18.87445
22291.0,16.885681
22292.0,16.515564
22293.0,19.158966
22429.0,19.32611
22430.0,19.32611
22433.0,19.32611
22434.0,19.32611
22435.0,19.32611
22440.0,19.32611
22441.0,19.32611
22443.0,19.32611
22444.0,19.32611
22445.0,19.32611
22446.0,19.32611
22447.0,19.32611
22448.0,19.32611
22449.0,19.32611
22450.0,19.32611
22451.0,19.32611
22515.0,17.30252
22516.0,18.976685
22517.0,20.745056
22518.0,18.337677
22519.0,21.27063
22520.0,21.299103
22521.0,20.424927
22522.0,18.730896
22523.0,17.501892
22524.0,17.636658
22525.0,17.680786
22526.0,17.40149
22527.0,16.74002
22528.0,15.56781
22529.0,14.490662
22530.0,15.8284
22531.0,19.131622
22532.0,22.200623
22614.0,21.119415
22615.0,21.63733
22616.0,21.76004
22617.0,21.748322
22618.0,21.893982
22619.0,21.751587
22620.0,21.729614
22621.0,21.802185
22622.0,20.783142
22623.0,20.706482
22624.0,20.839478
22625.0,20.653442
22626.0,20.287384
22627.0,20.348755
22628.0,19.99002
22629.0,20.085083
22630.0,19.950317
22631.0,20.006622
22632.0,20.378204
22633.0,21.263306
22634.0,21.022095
22635.0,21.812775
22636.0,21.990845
22637.0,21.528748
22638.0,22.623474
22639.0,22.642029
22640.0,22.562286
22641.0,23.250916
22642.0,22.74231
22643.0,22.481567
22644.0,22.154572
22645.0,20.902283
22646.0,20.529907
22647.0,19.889435
22648.0,19.802185
22649.0,19.35492
22650.0,18.951935
22651.0,18.768677
22652.0,19.26117
22653.0,21.215118
22789.0,19.553497
22790.0,19.553497
22791.0,19.553497
22793.0,19.553497
22794.0,19.553497
22795.0,19.553497
22800.0,19.553497
22801.0,19.553497
22803.0,19.553497
22804.0,19.553497
22805.0,19.553497
22806.0,19.553497
22807.0,19.553497
22808.0,19.553497
22809.0,19.553497
22810.0,19.553497
22811.0,19.553497
22875.0,20.285278
22876.0,18.194458
22877.0,21.153595
22878.0,21.749634
22879.0,21.140411
22880.0,21.094513
22881.0,20.921326
22882.0,20.804138
22883.0,19.62445
22884.0,18.127228
22885.0,17.69983
22886.0,17.251892
22887.0,16.982208
22888.0,16.262146
22889.0,15.896759
22890.0,15.14447
22891.0,20.3367
22892.0,22.365662
22973.0,21.534943
22974.0,22.749298
22975.0,22.7641
22976.0,22.838013
22977.0,22.62738
22978.0,22.878845
22979.0,22.282837
22980.0,22.465607
22981.0,22.51297
22982.0,22.37738
22983.0,22.13504
22984.0,22.291443
22985.0,22.001404
22986.0,21.484161
22987.0,21.734802
22988.0,21.02127
22989.0,20.433716
22990.0,19.985474
22991.0,19.803986
22992.0,20.196075
22993.0,21.278748
22994.0,21.67215
22995.0,22.190552
22996.0,22.49701
22997.0,22.426697
22998.0,22.856873
22999.0,23.339294
23000.0,23.319275
23001.0,23.81897
23002.0,23.511658
23003.0,23.3219
23004.0,22.660278
23005.0,21.101685
23006.0,20.555298
23007.0,19.339783
23008.0,19.495056
23009.0,19.792267
23010.0,19.379822
23011.0,18.326294
23012.0,18.387634
23013.0,22.084259
23149.0,19.705353
23150.0,19.705353
23151.0,19.705353
23154.0,19.705353
23155.0,19.705353
23161.0,19.705353
23162.0,19.705353
23163.0,19.705353
23164.0,19.705353
23165.0,19.705353
23166.0,19.705353
23167.0,19.705353
23168.0,19.705353
23169.0,19.705353
23170.0,19.705353
23171.0,19.705353
23172.0,19.705353
23235.0,21.02713
23236.0,19.65686
23237.0,21.690704
23238.0,21.673279
23239.0,21.532013
23240.0,21.134552
23241.0,21.16809
23242.0,21.017365
23243.0,19.995056
23244.0,19.651001
23245.0,18.634705
23246.0,19.198517
23247.0,19.52649
23248.0,18.929321
23249.0,18.077911
23250.0,15.655884
23251.0,21.05545
23252.0,23.027466
23253.0,23.5867
23254.0,23.756775
23264.0,23.815369
23265.0,23.555298
23266.0,23.585083
23267.0,24.00647
23332.0,22.292603
23333.0,21.9516
23334.0,23.437622
23335.0,23.691833
23336.0,23.5766
23337.0,23.798767
23338.0,23.7807
23339.0,23.261505
23340.0,23.19574
23341.0,23.182251
23342.0,23.449005
23343.0,23.211853
23344.0,23.36615
23345.0,23.509705
23346.0,22.729767
23347.0,22.136353
23348.0,21.903748
23349.0,21.030396
23350.0,21.195587
23351.0,21.559204
23352.0,21.51233
23353.0,21.47406
23354.0,21.914185
23355.0,22.584747
23356.0,23.067017
23357.0,23.263794
23358.0,23.540161
23359.0,23.572876
23360.0,24.457794
23361.0,24.094666
23362.0,24.25418
23363.0,23.62381
23364.0,22.662537
23365.0,21.344849
23366.0,20.610626
23367.0,19.307892
23368.0,19.232697
23369.0,20.646759
23370.0,20.113556
23371.0,20.668396
23372.0,21.040466
23373.0,22.537537
23509.0,19.811646
23510.0,19.811646
23511.0,19.811646
23515.0,19.811646
23516.0,19.811646
23521.0,19.811646
23522.0,19.811646
23523.0,19.811646
23524.0,19.811646
23525.0,19.811646
23526.0,19.811646
23527.0,19.811646
23528.0,19.811646
23529.0,19.811646
23530.0,19.811646
23531.0,19.811646
23532.0,19.811646
23533.0,19.811646
23534.0,19.811646
23595.0,21.783478
23596.0,19.644653
23597.0,21.973755
23598.0,21.91629
23599.0,21.498962
23600.0,21.236938
23601.0,21.010681
23602.0,21.183228
23603.0,20.639587
23604.0,20.01654
23605.0,19.946564
23606.0,21.05774
23607.0,20.220337
23608.0,18.12918
23609.0,20.939575
23610.0,19.025177
23611.0,22.38797
23612.0,23.723267
23613.0,24.042603
23614.0,23.621521
23615.0,24.076782
23623.0,24.409119
23624.0,24.005493
23625.0,23.588654
23626.0,22.978455
23627.0,23.934845
23693.0,22.70633
23694.0,23.99524
23695.0,24.165161
23696.0,24.505157
23697.0,24.488068
23698.0,24.7807
23699.0,23.703735
23700.0,23.606873
23701.0,23.844666
23702.0,23.923767
23703.0,24.144958
23704.0,24.349884
23705.0,24.279572
23706.0,24.259552
23707.0,23.988708
23708.0,23.565216
23709.0,23.134888
23710.0,22.988892
23711.0,22.233185
23712.0,21.744904
23713.0,21.740509
23714.0,22.329224
23715.0,23.082306
23716.0,23.520782
23717.0,24.007935
23718.0,24.295532
23719.0,24.705505
23720.0,24.56717
23721.0,24.602478
23722.0,24.330017
23723.0,24.307068
23724.0,23.883575
23725.0,22.925568
23726.0,20.45404
23727.0,20.572052
23728.0,21.868286
23729.0,22.394958
23730.0,21.338501
23731.0,20.396118
23732.0,22.501251
23733.0,23.196075
23869.0,19.929962
23870.0,19.929962
23871.0,19.929962
23875.0,19.929962
23876.0,19.929962
23877.0,19.929962
23881.0,19.929962
23882.0,19.929962
23883.0,19.929962
23884.0,19.929962
23885.0,19.929962
23886.0,19.929962
23887.0,19.929962
23888.0,19.929962
23889.0,19.929962
23890.0,19.929962
23891.0,19.929962
23892.0,19.929962
23893.0,19.929962
23894.0,19.929962
23895.0,19.929962
23896.0,19.929962
23897.0,19.929962
23898.0,19.929962
23954.0,16.859161
23955.0,22.215607
23956.0,18.650177
23957.0,21.470825
23958.0,21.678833
23959.0,21.306427
23960.0,21.008728
23961.0,20.383728
23962.0,20.38861
23963.0,20.55188
23964.0,20.750427
23965.0,20.462341
23966.0,21.186157
23967.0,21.563416
23968.0,20.714294
23969.0,19.317322
23970.0,21.390747
23971.0,23.15979
23972.0,24.27649
23973.0,24.660767
23974.0,23.865662
23975.0,24.193298
23983.0,25.027954
23984.0,25.2742
23985.0,23.511658
23986.0,18.057892
23987.0,23.25418
24053.0,23.264282
24054.0,24.64856
24055.0,25.127869
24056.0,25.320587
24057.0,26.403748
24058.0,25.059204
24059.0,24.536896
24060.0,24.704224
24061.0,24.555603
24062.0,24.883728
24063.0,25.178162
24064.0,24.900665
24065.0,25.156372
24066.0,25.157349
24067.0,24.767212
24068.0,24.430298
24069.0,23.952759
24070.0,22.978302
24071.0,21.729126
24072.0,21.250916
24073.0,21.381622
24074.0,21.201935
24075.0,22.76117
24076.0,23.648712
24077.0,24.291779
24078.0,24.685974
24079.0,24.873474
24080.0,24.820251
24081.0,25.581818
24082.0,24.815704
24083.0,24.322052
24084.0,24.04715
24085.0,23.256958
24086.0,21.697205
24087.0,21.515076
24088.0,23.162872
24089.0,23.314087
24090.0,22.35965
24091.0,23.005005
24229.0,20.077911
24230.0,20.077911
24231.0,20.077911
24235.0,20.077911
24236.0,20.077911
24237.0,20.077911
24238.0,20.077911
24239.0,20.077911
24240.0,20.077911
24241.0,20.077911
24242.0,20.077911
24243.0,20.077911
24244.0,20.077911
24245.0,20.077911
24246.0,20.077911
24247.0,20.077911
24248.0,20.077911
24249.0,20.077911
24250.0,20.077911
24251.0,20.077911
24252.0,20.077911
24253.0,20.077911
24254.0,20.077911
24255.0,20.077911
24256.0,20.077911
24257.0,20.077911
24258.0,20.077911
24259.0,20.077911
24314.0,19.108673
24315.0,21.742126
24316.0,21.069458
24317.0,19.320251
24318.0,20.740662
24319.0,20.166626
24320.0,21.277618
24321.0,20.73529
24322.0,21.032166
24323.0,21.36438
24324.0,21.434021
24325.0,20.982697
24326.0,19.922485
24327.0,20.714294
24328.0,21.955841
24329.0,22.062286
24330.0,21.869568
24331.0,23.644958
24332.0,24.36795
24333.0,24.493103
24334.0,23.784119
24335.0,24.33783
24343.0,25.303345
24344.0,23.723083
24345.0,20.943298
24346.0,21.332306
24347.0,23.280212
24348.0,24.505157
24413.0,23.845642
24414.0,24.88504
24415.0,26.481567
24416.0,25.569122
24417.0,23.99408
24418.0,24.099243
24419.0,25.703064
24420.0,25.594666
24421.0,25.298279
24422.0,26.055786
24423.0,25.900024
24424.0,25.501099
24425.0,25.558868
24426.0,25.325134
24427.0,24.889282
24428.0,25.524689
24429.0,25.302673
24430.0,24.156677
24431.0,23.287231
24432.0,22.957947
24433.0,22.179626
24434.0,22.743927
24435.0,23.132446
24436.0,24.185822
24437.0,25.163696
24438.0,25.370728
24439.0,25.061157
24440.0,25.050415
24441.0,25.328552
24442.0,25.403107
24443.0,24.461212
24444.0,24.293396
24445.0,23.3974
24446.0,23.209595
24447.0,23.007751
24448.0,23.154724
24449.0,22.10965
24450.0,22.996704
24589.0,20.237427
24590.0,20.237427
24591.0,20.237427
24592.0,20.237427
24593.0,20.237427
24595.0,20.237427
24596.0,20.237427
24597.0,20.237427
24598.0,20.237427
24599.0,20.237427
24600.0,20.237427
24601.0,20.237427
24602.0,20.237427
24603.0,20.237427
24604.0,20.237427
24605.0,20.237427
24606.0,20.237427
24607.0,20.237427
24608.0,20.237427
24609.0,20.237427
24610.0,20.237427
24611.0,20.237427
24612.0,20.237427
24613.0,20.237427
24614.0,20.237427
24615.0,20.237427
24616.0,20.237427
24617.0,20.237427
24618.0,20.237427
24619.0,20.237427
24673.0,16.86908
24674.0,20.493927
24675.0,21.843872
24676.0,20.66858
24677.0,20.40506
24678.0,19.354767
24679.0,19.68924
24680.0,20.440704
24681.0,20.742798
24682.0,22.02893
24683.0,21.54895
24684.0,22.052185
24685.0,21.79065
24686.0,20.980408
24687.0,21.330017
24688.0,21.626892
24689.0,22.01004
24690.0,22.512482
24691.0,23.096954
24692.0,23.952576
24693.0,24.525665
24694.0,24.105896
24695.0,24.805786
24703.0,26.321564
24704.0,25.603943
24705.0,24.779083
24706.0,21.054474
24707.0,19.782654
24708.0,24.378052
24715.0,23.595154
24773.0,24.564392
24774.0,24.769958
24775.0,25.384888
24776.0,26.550232
24777.0,26.741974
24778.0,27.170044
24779.0,26.900177
24780.0,26.29242
24781.0,26.410095
24782.0,26.50647
24783.0,26.218048
24784.0,25.779907
24785.0,25.987091
24786.0,25.49408
24787.0,25.80658
24788.0,25.937622
24789.0,25.563263
24790.0,24.960724
24791.0,24.43338
24792.0,23.788849
24793.0,23.585388
24794.0,23.971466
24795.0,24.16742
24796.0,25.189728
24797.0,25.741486
24798.0,25.87088
24799.0,24.766388
24800.0,24.728455
24801.0,25.555603
24802.0,25.524841
24803.0,24.926392
24804.0,24.542603
24805.0,23.564575
24806.0,23.919708
24807.0,23.893982
24808.0,21.846802
24809.0,23.52356
24810.0,24.220154
24949.0,20.387634
24950.0,20.387634
24951.0,20.387634
24952.0,20.387634
24953.0,20.387634
24957.0,20.387634
24958.0,20.387634
24959.0,20.387634
24960.0,20.387634
24961.0,20.387634
24962.0,20.387634
24963.0,20.387634
24964.0,20.387634
24965.0,20.387634
24966.0,20.387634
24967.0,20.387634
24968.0,20.387634
24969.0,20.387634
24970.0,20.387634
24971.0,20.387634
24972.0,20.387634
24973.0,20.387634
24974.0,20.387634
24975.0,20.387634
24976.0,20.387634
24977.0,20.387634
24978.0,20.387634
24979.0,20.387634
25033.0,20.041443
25034.0,23.178009
25035.0,23.342896
25036.0,21.042114
25037.0,20.34906
25038.0,20.380005
25039.0,20.836365
25040.0,21.06717
25041.0,21.942505
25042.0,22.358826
25043.0,22.099243
25044.0,22.554474
25045.0,22.771759
25046.0,22.69867
25047.0,20.74408
25048.0,19.292908
25049.0,19.85379
25050.0,20.65506
25051.0,21.592224
25052.0,21.745392
25053.0,23.803986
25054.0,24.672302
25055.0,25.055939
25063.0,26.096954
25064.0,26.395294
25065.0,25.779724
25066.0,19.377075
25067.0,17.639435
25068.0,23.844177
25075.0,24.613556
25077.0,23.75647
25135.0,25.487915
25136.0,25.779907
25137.0,25.97229
25138.0,26.968689
25139.0,27.515747
25140.0,27.126251
25141.0,26.663513
25142.0,26.838013
25143.0,26.351685
25144.0,26.187439
25145.0,26.50238
25146.0,26.360138
25147.0,26.626587
25148.0,25.979126
25149.0,25.69574
25150.0,25.740997
25151.0,25.425568
25152.0,25.215118
25153.0,25.602478
25154.0,25.244263
25155.0,25.768341
25156.0,25.995728
25157.0,25.76361
25158.0,26.112091
25159.0,25.519806
25160.0,26.752869
25161.0,26.643982
25162.0,26.42572
25163.0,25.646423
25164.0,23.341736
25165.0,22.859802
25166.0,23.69217
25167.0,23.290802
25168.0,22.632935
25169.0,24.60315
25309.0,20.570435
25310.0,20.570435
25311.0,20.570435
25312.0,20.570435
25313.0,20.570435
25314.0,20.570435
25315.0,20.570435
25316.0,20.570435
25317.0,20.570435
25318.0,20.570435
25319.0,20.570435
25320.0,20.570435
25321.0,20.570435
25322.0,20.570435
25323.0,20.570435
25324.0,20.570435
25325.0,20.570435
25326.0,20.570435
25327.0,20.570435
25328.0,20.570435
25329.0,20.570435
25330.0,20.570435
25331.0,20.570435
25332.0,20.570435
25333.0,20.570435
25334.0,20.570435
25335.0,20.570435
25336.0,20.570435
25337.0,20.570435
25338.0,20.570435
25339.0,20.570435
25340.0,20.570435
25392.0,17.391235
25393.0,22.770782
25394.0,22.575134
25395.0,22.5932
25396.0,22.765076
25397.0,20.808044
25398.0,20.914001
25399.0,20.92865
25400.0,21.17752
25401.0,21.985779
25402.0,22.614685
25403.0,22.742615
25404.0,23.043396
25405.0,22.915802
25406.0,22.947693
25407.0,22.358337
25408.0,21.101501
25409.0,19.240845
25410.0,18.856567
25411.0,19.542755
25412.0,20.66449
25413.0,22.938599
25414.0,24.594666
25415.0,25.136353
25424.0,26.198853
25425.0,25.505981
25426.0,20.971954
25427.0,16.48938
25428.0,21.62088
25429.0,24.788849
25437.0,24.803162
25499.0,26.469666
25500.0,26.358673
25501.0,27.249634
25502.0,26.99408
25503.0,27.001099
25504.0,27.260193
25505.0,27.27533
25506.0,27.147247
25507.0,26.65326
25508.0,26.525513
25509.0,25.896912
25510.0,26.089783
25511.0,26.42279
25512.0,26.369263
25513.0,26.60492
25514.0,26.43274
25515.0,26.97699
25516.0,26.25354
25517.0,26.053986
25518.0,26.87674
25519.0,26.542755
25520.0,27.588165
25521.0,27.330353
25522.0,26.776306
25523.0,24.093872
25524.0,21.817505
25525.0,23.010681
25526.0,22.389923
25527.0,24.608673
25528.0,24.908142
25669.0,20.756958
25670.0,20.756958
25671.0,20.756958
25672.0,20.756958
25673.0,20.756958
25674.0,20.756958
25675.0,20.756958
25676.0,20.756958
25677.0,20.756958
25678.0,20.756958
25679.0,20.756958
25680.0,20.756958
25681.0,20.756958
25682.0,20.756958
25683.0,20.756958
25684.0,20.756958
25685.0,20.756958
25686.0,20.756958
25687.0,20.756958
25688.0,20.756958
25689.0,20.756958
25690.0,20.756958
25691.0,20.756958
25692.0,20.756958
25693.0,20.756958
25694.0,20.756958
25695.0,20.756958
25696.0,20.756958
25697.0,20.756958
25698.0,20.756958
25699.0,20.756958
25700.0,20.756958
25751.0,18.053497
25752.0,21.340118
25753.0,22.328552
25754.0,23.33783
25755.0,23.734985
25756.0,23.365997
25757.0,22.273071
25758.0,21.602814
25759.0,21.301056
25760.0,21.622192
25761.0,22.003845
25762.0,22.524536
25763.0,22.91092
25764.0,23.039001
25765.0,22.261505
25766.0,23.118286
25767.0,22.16565
25768.0,21.405548
25769.0,21.92688
25770.0,20.275513
25771.0,18.559204
25772.0,17.38504
25773.0,23.069763
25774.0,24.8367
25775.0,24.414185
25776.0,25.656036
25784.0,25.577759
25785.0,22.554474
25786.0,20.617462
25787.0,18.977173
25788.0,19.478302
25789.0,24.731567
25861.0,27.026978
25862.0,27.470642
25863.0,28.00174
25864.0,28.552673
25865.0,28.485779
25866.0,26.986115
25867.0,26.320435
25868.0,26.510681
25869.0,26.380646
25870.0,26.352478
25871.0,27.272247
25872.0,27.078247
25873.0,27.135864
25874.0,26.226349
25875.0,26.59076
25876.0,26.736603
25877.0,26.789673
25878.0,27.485779
25879.0,27.607544
25880.0,28.004517
25881.0,28.305603
25882.0,27.022583
25883.0,26.038849
25884.0,23.285095
25885.0,21.779083
25886.0,24.927185
26027.0,20.958282
26028.0,20.958282
26029.0,20.958282
26030.0,20.958282
26031.0,20.958282
26032.0,20.958282
26033.0,20.958282
26034.0,20.958282
26035.0,20.958282
26036.0,20.958282
26037.0,20.958282
26038.0,20.958282
26039.0,20.958282
26040.0,20.958282
26041.0,20.958282
26042.0,20.958282
26044.0,20.958282
26045.0,20.958282
26046.0,20.958282
26047.0,20.958282
26048.0,20.958282
26049.0,20.958282
26050.0,20.958282
26051.0,20.958282
26052.0,20.958282
26053.0,20.958282
26054.0,20.958282
26055.0,20.958282
26056.0,20.958282
26057.0,20.958282
26058.0,20.958282
26059.0,20.958282
26060.0,20.958282
26111.0,18.13504
26112.0,24.862732
26113.0,23.91986
26114.0,24.240845
26115.0,23.997833
26116.0,23.347778
26117.0,22.298462
26118.0,22.188599
26119.0,22.044067
26120.0,22.330017
26121.0,22.194275
26122.0,22.510864
26123.0,22.572693
26124.0,22.917267
26125.0,22.781525
26126.0,21.447052
26127.0,25.479614
26128.0,23.992615
26129.0,23.920197
26130.0,20.422302
26131.0,20.724243
26132.0,21.739868
26133.0,22.706482
26134.0,25.202423
26135.0,24.847595
26136.0,25.129822
26137.0,25.641724
26138.0,25.69574
26143.0,26.317993
26144.0,26.182068
26145.0,24.94168
26146.0,25.579376
26147.0,22.192322
26148.0,20.175568
26149.0,24.391235
26222.0,26.115997
26223.0,27.94574
26224.0,27.813416
26225.0,26.987427
26226.0,27.149536
26227.0,26.129822
26228.0,27.639923
26229.0,27.034302
26230.0,26.966919
26231.0,27.698181
26232.0,27.392517
26233.0,27.180603
26234.0,27.036255
26235.0,26.949493
26236.0,26.7034
26237.0,26.115356
26238.0,27.240173
26239.0,26.308228
26240.0,26.41629
26241.0,27.722778
26242.0,28.179474
26243.0,27.442505
26244.0,25.243774
26245.0,20.531036
26246.0,25.498322
26385.0,21.157013
26386.0,21.157013
26387.0,21.157013
26388.0,21.157013
26389.0,21.157013
26390.0,21.157013
26391.0,21.157013
26392.0,21.157013
26393.0,21.157013
26394.0,21.157013
26395.0,21.157013
26396.0,21.157013
26397.0,21.157013
26398.0,21.157013
26399.0,21.157013
26400.0,21.157013
26401.0,21.157013
26403.0,21.157013
26404.0,21.157013
26405.0,21.157013
26406.0,21.157013
26407.0,21.157013
26409.0,21.157013
26410.0,21.157013
26411.0,21.157013
26412.0,21.157013
26413.0,21.157013
26414.0,21.157013
26415.0,21.157013
26416.0,21.157013
26417.0,21.157013
26418.0,21.157013
26419.0,21.157013
26420.0,21.157013
26421.0,21.157013
26454.0,21.157013
26471.0,19.047485
26472.0,25.588654
26473.0,23.328552
26474.0,24.676697
26475.0,24.842896
26476.0,24.101349
26477.0,22.717712
26478.0,22.156036
26479.0,21.845642
26480.0,21.780212
26481.0,22.22113
26482.0,22.534302
26483.0,23.321075
26484.0,22.638306
26485.0,22.235962
26486.0,21.164825
26487.0,21.237091
26488.0,25.073517
26489.0,21.603455
26490.0,23.067657
26491.0,23.19168
26492.0,25.134552
26493.0,27.062927
26494.0,26.371857
26495.0,24.766876
26496.0,24.057556
26497.0,25.03543
26498.0,25.710388
26499.0,26.150024
26500.0,26.067322
26504.0,26.279724
26505.0,26.377716
26506.0,27.279236
26507.0,26.265747
26508.0,20.892365
26509.0,21.836548
26510.0,25.222443
26582.0,27.47586
26583.0,27.519806
26584.0,27.046326
26585.0,25.461548
26586.0,25.944275
26587.0,26.755493
26588.0,28.303986
26589.0,28.384216
26590.0,27.537537
26591.0,27.84143
26592.0,26.474731
26593.0,26.71756
26594.0,26.45633
26595.0,27.013458
26596.0,27.041138
26597.0,26.087189
26598.0,26.578735
26599.0,26.687286
26601.0,27.546326
26602.0,28.380157
26603.0,27.749634
26604.0,25.335876
26605.0,24.093872
26606.0,25.947876
26744.0,21.34256
26745.0,21.34256
26746.0,21.34256
26747.0,21.34256
26748.0,21.34256
26749.0,21.34256
26750.0,21.34256
26751.0,21.34256
26752.0,21.34256
26753.0,21.34256
26754.0,21.34256
26755.0,21.34256
26756.0,21.34256
26757.0,21.34256
26758.0,21.34256
26759.0,21.34256
26763.0,21.34256
26764.0,21.34256
26765.0,21.34256
26766.0,21.34256
26770.0,21.34256
26771.0,21.34256
26772.0,21.34256
26773.0,21.34256
26774.0,21.34256
26775.0,21.34256
26776.0,21.34256
26777.0,21.34256
26778.0,21.34256
26779.0,21.34256
26780.0,21.34256
26781.0,21.34256
26814.0,21.34256
26831.0,20.932892
26832.0,24.719513
26833.0,23.013947
26834.0,22.829712
26835.0,24.247833
26836.0,22.800415
26837.0,22.72229
26838.0,21.787537
26839.0,21.544556
26840.0,21.92035
26841.0,22.620544
26842.0,22.715942
26843.0,23.120392
26844.0,22.532501
26845.0,21.455841
26846.0,21.88861
26847.0,22.341095
26848.0,21.16858
26849.0,23.483032
26850.0,25.098755
26851.0,24.638123
26852.0,25.094177
26853.0,24.822052
26854.0,21.770782
26855.0,22.822052
26856.0,22.646759
26857.0,22.182068
26858.0,24.013458
26859.0,25.469666
26860.0,25.750122
26865.0,26.529907
26866.0,27.03949
26867.0,27.02356
26868.0,24.426544
26869.0,21.175232
26870.0,24.650665
26944.0,27.672638
26945.0,26.029907
26946.0,26.282501
26947.0,27.845978
26948.0,28.245392
26949.0,27.04715
26950.0,28.555115
26951.0,27.079865
26952.0,27.114868
26953.0,27.02826
26954.0,27.002716
26955.0,26.51361
26956.0,26.724731
26957.0,26.942505
26961.0,27.646118
26962.0,28.159943
26963.0,26.866333
26964.0,26.24524
26965.0,25.848572
27103.0,21.611938
27104.0,21.611938
27105.0,21.611938
27106.0,21.611938
27107.0,21.611938
27108.0,21.611938
27109.0,21.611938
27110.0,21.611938
27111.0,21.611938
27112.0,21.611938
27113.0,21.611938
27114.0,21.611938
27115.0,21.611938
27116.0,21.611938
27117.0,21.611938
27118.0,21.611938
27123.0,21.611938
27124.0,21.611938
27130.0,21.611938
27131.0,21.611938
27132.0,21.611938
27133.0,21.611938
27136.0,21.611938
27137.0,21.611938
27138.0,21.611938
27139.0,21.611938
27140.0,21.611938
27141.0,21.611938
27192.0,23.781525
27193.0,22.744415
27194.0,22.288208
27195.0,22.684357
27196.0,21.69104
27197.0,21.143005
27198.0,20.506287
27199.0,20.916138
27200.0,21.606873
27201.0,21.983337
27202.0,22.817322
27203.0,22.80774
27204.0,21.872833
27205.0,21.499146
27206.0,21.673767
27207.0,21.530884
27208.0,21.021118
27209.0,21.312286
27210.0,24.61438
27211.0,21.837677
27212.0,22.902283
27213.0,20.179138
27214.0,20.735474
27215.0,22.31604
27216.0,23.484497
27217.0,24.426544
27218.0,24.758423
27219.0,24.291626
27220.0,25.092407
27227.0,26.131775
27228.0,20.476349
27229.0,19.43924
27230.0,25.161072
27304.0,28.10022
27305.0,27.595642
27306.0,27.161743
27307.0,26.792908
27308.0,27.80951
27309.0,27.65149
27310.0,26.600037
27311.0,27.360626
27312.0,27.07727
27313.0,27.516388
27314.0,27.200317
27315.0,26.911072
27316.0,26.986603
27321.0,27.198181
27322.0,27.49408
27323.0,26.107208
27324.0,26.616638
27325.0,26.340118
27463.0,21.984161
27464.0,21.984161
27465.0,21.984161
27466.0,21.984161
27467.0,21.984161
27468.0,21.984161
27469.0,21.984161
27470.0,21.984161
27471.0,21.984161
27472.0,21.984161
27473.0,21.984161
27474.0,21.984161
27475.0,21.984161
27476.0,21.984161
27477.0,21.984161
27478.0,21.984161
27483.0,21.984161
27484.0,21.984161
27490.0,21.984161
27491.0,21.984161
27492.0,21.984161
27493.0,21.984161
27496.0,21.984161
27497.0,21.984161
27498.0,21.984161
27499.0,21.984161
27500.0,21.984161
27501.0,21.984161
27552.0,23.34076
27553.0,24.542603
27554.0,20.751099
27555.0,20.830688
27556.0,20.03836
27557.0,20.89627
27558.0,20.389587
27559.0,20.8432
27560.0,21.00531
27561.0,21.618927
27562.0,22.28479
27563.0,21.981567
27564.0,22.110962
27565.0,21.978302
27566.0,21.311462
27567.0,21.633087
27568.0,21.232056
27569.0,20.114685
27570.0,21.5224
27571.0,25.551208
27572.0,23.010376
27573.0,21.151978
27574.0,24.897736
27575.0,20.738068
27576.0,23.092224
27577.0,22.693146
27578.0,24.133423
27579.0,24.907654
27580.0,25.82367
27588.0,25.537384
27589.0,21.812134
27590.0,25.312927
27666.0,27.81488
27667.0,27.902466
27669.0,27.99524
27670.0,27.65979
27671.0,27.483826
27672.0,27.071228
27673.0,26.068787
27674.0,27.120392
27675.0,26.724243
27676.0,27.154572
27681.0,27.150024
27682.0,26.955505
27683.0,25.673126
27822.0,22.42279
27823.0,22.42279
27824.0,22.42279
27825.0,22.42279
27826.0,22.42279
27827.0,22.42279
27828.0,22.42279
27829.0,22.42279
27830.0,22.42279
27831.0,22.42279
27832.0,22.42279
27833.0,22.42279
27834.0,22.42279
27835.0,22.42279
27843.0,22.42279
27844.0,22.42279
27854.0,22.42279
27855.0,22.42279
27857.0,22.42279
27858.0,22.42279
27859.0,22.42279
27860.0,22.42279
27861.0,22.42279
27862.0,22.42279
27912.0,24.396606
27913.0,25.080994
27914.0,20.220978
27915.0,19.649689
27916.0,19.397583
27917.0,21.472107
27918.0,20.544708
27919.0,20.436798
27920.0,21.18924
27921.0,22.323364
27922.0,22.218872
27923.0,20.876892
27924.0,21.08197
27925.0,21.825958
27926.0,21.0784
27927.0,21.386017
27928.0,21.792603
27929.0,22.018341
27930.0,21.36322
27931.0,22.411407
27932.0,24.94574
27933.0,19.976501
27934.0,24.977966
27935.0,21.51361
27936.0,22.774841
27937.0,25.483185
27938.0,25.352478
27939.0,24.715118
27940.0,25.984314
27943.0,26.29065
27944.0,26.038849
27945.0,26.405396
27948.0,26.200623
27949.0,24.856567
28030.0,27.766052
28031.0,27.835724
28032.0,28.116638
28033.0,26.65393
28034.0,27.722778
28035.0,27.279724
28036.0,26.913025
28041.0,27.116486
28042.0,27.062927
28043.0,26.5224
28182.0,22.806427
28183.0,22.806427
28184.0,22.806427
28185.0,22.806427
28186.0,22.806427
28187.0,22.806427
28190.0,22.806427
28191.0,22.806427
28192.0,22.806427
28193.0,22.806427
28194.0,22.806427
28197.0,22.806427
28198.0,22.806427
28204.0,22.806427
28214.0,22.806427
28215.0,22.806427
28217.0,22.806427
28218.0,22.806427
28219.0,22.806427
28220.0,22.806427
28221.0,22.806427
28222.0,22.806427
28223.0,22.806427
28273.0,24.755981
28274.0,20.469513
28275.0,21.12918
28276.0,20.081482
28277.0,21.932404
28278.0,21.493774
28279.0,20.7641
28280.0,21.75418
28281.0,22.518982
28282.0,22.062286
28283.0,22.017029
28284.0,20.355743
28285.0,20.681427
28286.0,20.29535
28287.0,21.563263
28288.0,22.254517
28289.0,22.290955
28290.0,22.590454
28291.0,19.748657
28292.0,24.511353
28293.0,21.147888
28294.0,25.213654
28295.0,22.865356
28296.0,24.164185
28297.0,24.987915
28298.0,26.41629
28299.0,22.726013
28300.0,26.067505
28303.0,25.478943
28309.0,25.740509
28390.0,27.175415
28391.0,27.437622
28392.0,27.351013
28393.0,27.385193
28394.0,27.385681
28395.0,27.318146
28396.0,27.255798
28401.0,27.1492
28402.0,26.335236
28403.0,26.777954
28541.0,23.196564
28542.0,23.196564
28543.0,23.196564
28544.0,23.196564
28545.0,23.196564
28546.0,23.196564
28550.0,23.196564
28551.0,23.196564
28552.0,23.196564
28553.0,23.196564
28554.0,23.196564
28557.0,23.196564
28558.0,23.196564
28571.0,23.196564
28577.0,23.196564
28578.0,23.196564
28579.0,23.196564
28580.0,23.196564
28581.0,23.196564
28582.0,23.196564
28583.0,23.196564
28633.0,24.864197
28634.0,21.731232
28635.0,20.949982
28636.0,22.66156
28637.0,23.056763
28638.0,22.360138
28639.0,21.435333
28640.0,22.105103
28641.0,22.270447
28642.0,22.759216
28643.0,22.861115
28644.0,22.222595
28645.0,21.297638
28646.0,21.872345
28647.0,22.326447
28648.0,22.942322
28649.0,21.381622
28650.0,21.737091
28651.0,22.376587
28652.0,21.814575
28653.0,19.970978
28654.0,24.07904
28655.0,21.30951
28656.0,22.240173
28657.0,23.340942
28658.0,25.182404
28659.0,23.742462
28660.0,26.79895
28725.0,26.83783
28739.0,27.238403
28740.0,27.455017
28741.0,27.505157
28742.0,27.617615
28743.0,27.515259
28744.0,27.73822
28762.0,26.812286
28901.0,23.614197
28902.0,23.614197
28903.0,23.614197
28904.0,23.614197
28905.0,23.614197
28906.0,23.614197
28907.0,23.614197
28909.0,23.614197
28912.0,23.614197
28913.0,23.614197
28914.0,23.614197
28915.0,23.614197
28916.0,23.614197
28937.0,23.614197
28938.0,23.614197
28939.0,23.614197
28940.0,23.614197
28941.0,23.614197
28942.0,23.614197
28943.0,23.614197
28944.0,23.614197
28992.0,25.5242
28993.0,25.274048
28994.0,25.380157
28995.0,22.59076
28996.0,22.202759
28997.0,25.01117
28998.0,23.62445
28999.0,22.60492
29000.0,23.14383
29001.0,22.91156
29002.0,22.746216
29003.0,22.87088
29004.0,22.995056
29005.0,25.240356
29006.0,20.930786
29007.0,21.039978
29008.0,24.07611
29009.0,22.446411
29010.0,20.88147
29011.0,20.360138
29012.0,21.832458
29013.0,19.22113
29014.0,16.055603
29015.0,21.095337
29016.0,23.431427
29017.0,24.540955
29018.0,25.113068
29019.0,25.529236
29026.0,26.094666
29096.0,27.104614
29097.0,27.25647
29098.0,27.220154
29099.0,26.549744
29100.0,27.364685
29103.0,27.424744
29104.0,24.423767
29105.0,27.535095
29122.0,26.887482
29123.0,26.98236
29260.0,24.0719
29261.0,24.0719
29262.0,24.0719
29263.0,24.0719
29264.0,24.0719
29265.0,24.0719
29275.0,24.0719
29276.0,24.0719
29297.0,24.0719
29298.0,24.0719
29299.0,24.0719
29300.0,24.0719
29301.0,24.0719
29302.0,24.0719
29303.0,24.0719
29304.0,24.0719
29305.0,24.0719
29353.0,25.658325
29354.0,23.322205
29355.0,20.800415
29356.0,24.827423
29357.0,25.297974
29358.0,23.224884
29359.0,22.412537
29360.0,24.06897
29361.0,23.94168
29362.0,23.446411
29363.0,22.681915
29364.0,22.90033
29365.0,23.396606
29366.0,26.483826
29367.0,20.421173
29368.0,21.87738
29369.0,22.301544
29370.0,24.296509
29371.0,19.608032
29372.0,24.690369
29373.0,21.79358
29374.0,23.307404
29375.0,17.490845
29376.0,25.068146
29377.0,26.159607
29378.0,26.240662
29379.0,26.220642
29450.0,26.870544
29451.0,26.532013
29452.0,26.262817
29453.0,26.509216
29454.0,26.550415
29455.0,25.317505
29456.0,25.222778
29457.0,26.372833
29458.0,26.889435
29459.0,27.049103
29460.0,23.441528
29461.0,27.56131
29462.0,26.699493
29463.0,26.641388
29464.0,26.579712
29465.0,25.889923
29466.0,25.501404
29467.0,27.47049
29468.0,27.580353
29469.0,27.582642
29470.0,27.493591
29471.0,27.458282
29620.0,24.472107
29621.0,24.472107
29622.0,24.472107
29623.0,24.472107
29624.0,24.472107
29625.0,24.472107
29651.0,24.472107
29657.0,24.472107
29658.0,24.472107
29659.0,24.472107
29660.0,24.472107
29661.0,24.472107
29662.0,24.472107
29663.0,24.472107
29664.0,24.472107
29665.0,24.472107
29712.0,25.65393
29713.0,24.666931
29714.0,24.033478
29715.0,21.486938
29716.0,25.642853
29717.0,25.309692
29718.0,23.075806
29719.0,23.340118
29720.0,24.694763
29721.0,24.44934
29722.0,23.948517
29723.0,23.815216
29724.0,23.7099
29725.0,23.665466
29726.0,24.659119
29727.0,25.376587
29728.0,23.802368
29729.0,19.862427
29730.0,25.203064
29731.0,22.837189
29732.0,21.993774
29733.0,22.019806
29734.0,22.27356
29735.0,24.566528
29736.0,21.289978
29737.0,24.951294
29738.0,25.795532
29739.0,26.25824
29752.0,26.219025
29772.0,26.55658
29806.0,26.730408
29807.0,24.3974
29808.0,25.631775
29809.0,25.859314
29810.0,23.994263
29811.0,26.888458
29812.0,25.867462
29813.0,27.659454
29814.0,27.540802
29815.0,27.441833
29820.0,27.609497
29821.0,27.59256
29822.0,27.654572
29825.0,27.649689
29826.0,26.63861
29827.0,27.24524
29828.0,27.365997
29829.0,27.43045
29830.0,27.40149
29831.0,26.578247
29979.0,24.810974
29980.0,24.810974
29981.0,24.810974
29982.0,24.810974
29983.0,24.810974
29984.0,24.810974
29985.0,24.810974
29986.0,24.810974
29995.0,24.810974
30010.0,24.810974
30011.0,24.810974
30020.0,24.810974
30021.0,24.810974
30023.0,24.810974
30024.0,24.810974
30025.0,24.810974
30072.0,25.42865
30073.0,24.496033
30074.0,24.330688
30075.0,23.25467
30076.0,24.649048
30077.0,24.013123
30078.0,23.568298
30079.0,25.035278
30080.0,25.727661
30081.0,25.018982
30082.0,24.24881
30083.0,25.10379
30084.0,24.79535
30085.0,24.069275
30086.0,25.599884
30087.0,25.455505
30088.0,23.915802
30089.0,24.41858
30090.0,22.754028
30091.0,22.784302
30092.0,23.660278
30093.0,22.674744
30094.0,22.465271
30095.0,24.177032
30096.0,21.947052
30097.0,25.253052
30098.0,26.241333
30099.0,26.253845
30113.0,26.355896
30165.0,27.241333
30166.0,25.432068
30167.0,26.73645
30168.0,27.560822
30169.0,27.465454
30170.0,27.156036
30171.0,27.50711
30172.0,27.573517
30173.0,27.519806
30174.0,27.48236
30175.0,27.49945
30180.0,27.462036
30182.0,27.576447
30184.0,27.494904
30189.0,27.31488
30190.0,27.308228
30191.0,27.22815
30192.0,27.229614
30194.0,26.881134
30338.0,25.172302
30339.0,25.172302
30340.0,25.172302
30341.0,25.172302
30342.0,25.172302
30343.0,25.172302
30344.0,25.172302
30345.0,25.172302
30346.0,25.172302
30347.0,25.172302
30370.0,25.172302
30371.0,25.172302
30376.0,25.172302
30377.0,25.172302
30383.0,25.172302
30384.0,25.172302
30432.0,25.350372
30433.0,25.13617
30434.0,25.040955
30435.0,24.198181
30436.0,25.55072
30437.0,24.942993
30438.0,25.376251
30439.0,24.78186
30440.0,25.644806
30441.0,26.003204
30442.0,25.55838
30443.0,25.526306
30444.0,25.263794
30445.0,25.60199
30446.0,25.545837
30447.0,25.238403
30448.0,23.75354
30449.0,24.97879
30450.0,21.206482
30451.0,23.106567
30452.0,23.357697
30453.0,23.524689
30454.0,21.830688
30455.0,23.401794
30456.0,19.993927
30457.0,20.754333
30458.0,24.844849
30459.0,26.140747
30473.0,26.495392
30522.0,27.0766
30523.0,27.171997
30524.0,25.676697
30525.0,26.939728
30526.0,27.453552
30528.0,27.488708
30530.0,27.560486
30532.0,27.535767
30539.0,27.268005
30540.0,27.433228
30541.0,27.603302
30542.0,27.128693
30543.0,27.444946
30544.0,27.385864
30551.0,27.243927
30552.0,27.304474
30553.0,27.22229
30554.0,27.062775
30698.0,25.437134
30699.0,25.437134
30700.0,25.437134
30701.0,25.437134
30702.0,25.437134
30703.0,25.437134
30706.0,25.437134
30708.0,25.437134
30709.0,25.437134
30710.0,25.437134
30730.0,25.437134
30731.0,25.437134
30736.0,25.437134
30737.0,25.437134
30740.0,25.437134
30741.0,25.437134
30742.0,25.437134
30791.0,25.63797
30792.0,24.674591
30793.0,25.219849
30794.0,24.610474
30795.0,25.98529
30796.0,25.557556
30797.0,26.634552
30798.0,26.71576
30799.0,26.19754
30800.0,26.268677
30801.0,25.581177
30802.0,25.439575
30803.0,25.668396
30804.0,26.16272
30805.0,25.830994
30806.0,26.22293
30807.0,25.416931
30808.0,23.025177
30809.0,24.853638
30810.0,22.685333
30811.0,23.438263
30812.0,23.645142
30813.0,23.377869
30814.0,21.87268
30815.0,18.779907
30816.0,21.647736
30817.0,22.678986
30818.0,23.532501
30819.0,26.20111
30835.0,26.507446
30882.0,27.266052
30883.0,21.263123
30884.0,26.734985
30885.0,27.221313
30894.0,27.44168
30895.0,27.455017
30896.0,27.47113
30898.0,27.517853
30899.0,26.893005
30900.0,27.582947
30901.0,27.59842
30902.0,27.467896
30903.0,27.436646
30909.0,27.206482
30910.0,27.230103
30911.0,27.257263
30912.0,27.234314
30913.0,27.218384
30914.0,27.255005
31059.0,25.595337
31060.0,25.595337
31061.0,25.595337
31062.0,25.595337
31064.0,25.595337
31065.0,25.595337
31066.0,25.595337
31067.0,25.595337
31068.0,25.595337
31069.0,25.595337
31079.0,25.595337
31080.0,25.595337
31099.0,25.595337
31100.0,25.595337
31101.0,25.595337
31150.0,25.750275
31151.0,24.562286
31152.0,26.199982
31153.0,24.201294
31154.0,24.563599
31155.0,23.991486
31156.0,25.57483
31157.0,27.823364
31158.0,26.84613
31159.0,26.38861
31160.0,26.717896
31161.0,26.572388
31162.0,25.66809
31163.0,26.07904
31164.0,25.740997
31165.0,26.021118
31166.0,24.993927
31167.0,23.92572
31168.0,18.77713
31169.0,19.534607
31170.0,21.743286
31171.0,22.661743
31172.0,23.12918
31173.0,24.1557
31174.0,22.809021
31175.0,21.599731
31176.0,20.804626
31177.0,24.276978
31178.0,23.970825
31179.0,26.414825
31180.0,26.135864
31240.0,27.231232
31241.0,27.029907
31242.0,22.637146
31243.0,27.259216
31244.0,27.416779
31245.0,26.894318
31246.0,27.415955
31247.0,27.469177
31248.0,27.480103
31250.0,27.431915
31251.0,27.422638
31252.0,27.344177
31253.0,27.396759
31254.0,27.166779
31255.0,26.096619
31256.0,27.303986
31258.0,27.488708
31259.0,26.418396
31260.0,27.357697
31261.0,22.490173
31262.0,26.95111
31263.0,27.292755
31265.0,27.38977
31266.0,22.164825
31267.0,26.739685
31268.0,26.055939
31269.0,25.976349
31270.0,25.22113
31271.0,27.318634
31272.0,27.65393
31273.0,26.77533
31274.0,23.686798
31275.0,26.057404
31276.0,17.844666
31418.0,25.747986
31419.0,25.747986
31420.0,25.747986
31421.0,25.747986
31422.0,25.747986
31423.0,25.747986
31424.0,25.747986
31426.0,25.747986
31427.0,25.747986
31428.0,25.747986
31429.0,25.747986
31430.0,25.747986
31439.0,25.747986
31440.0,25.747986
31443.0,25.747986
31444.0,25.747986
31445.0,25.747986
31449.0,25.747986
31450.0,25.747986
31451.0,25.747986
31455.0,25.747986
31509.0,25.822876
31510.0,25.039978
31511.0,25.52893
31512.0,23.776306
31513.0,24.216095
31514.0,23.643494
31515.0,24.060486
31516.0,25.8891
31517.0,26.42688
31518.0,26.497498
31519.0,26.207794
31520.0,26.11908
31521.0,25.79422
31522.0,25.488556
31523.0,25.932404
31524.0,25.703552
31525.0,25.832153
31526.0,25.29065
31527.0,25.63031
31528.0,19.653595
31529.0,17.891235
31530.0,21.692017
31531.0,22.073517
31532.0,23.09143
31533.0,23.449158
31534.0,22.579529
31535.0,21.21106
31536.0,21.401306
31537.0,23.615173
31538.0,26.7182
31539.0,27.602478
31540.0,26.804321
31541.0,26.18451
31599.0,27.344177
31600.0,27.207458
31601.0,22.906677
31602.0,26.079865
31603.0,27.31961
31604.0,27.315704
31605.0,27.151978
31606.0,27.185974
31607.0,27.377075
31608.0,27.463013
31610.0,26.536743
31611.0,26.652466
31612.0,27.075623
31613.0,27.10086
31614.0,27.290955
31615.0,25.970001
31616.0,27.143341
31618.0,27.38797
31619.0,21.838501
31620.0,23.85086
31621.0,24.908325
31622.0,27.157501
31623.0,27.330688
31624.0,27.517029
31625.0,27.450623
31626.0,27.401306
31627.0,27.379517
31628.0,27.374786
31629.0,27.31961
31630.0,27.246857
31631.0,27.300903
31632.0,26.974731
31633.0,27.127563
31634.0,26.949005
31635.0,27.406677
31636.0,27.148376
31637.0,26.04309
31638.0,25.767212
31639.0,27.233032
31640.0,26.878693
31779.0,25.926056
31780.0,25.926056
31781.0,25.926056
31782.0,25.926056
31783.0,25.926056
31786.0,25.926056
31787.0,25.926056
31790.0,25.926056
31809.0,25.926056
31810.0,25.926056
31811.0,25.926056
31812.0,25.926056
31868.0,26.084106
31869.0,26.010681
31870.0,25.505157
31871.0,23.24881
31872.0,24.058533
31873.0,25.260681
31874.0,24.997833
31875.0,25.275513
31876.0,26.749634
31877.0,25.950806
31878.0,26.430786
31879.0,25.844177
31880.0,25.985138
31881.0,26.138947
31882.0,26.562927
31883.0,26.023071
31886.0,25.096619
31887.0,24.344666
31888.0,20.769653
31889.0,16.336853
31890.0,22.085236
31891.0,21.530212
31892.0,23.651794
31893.0,23.88324
31894.0,22.62967
31895.0,18.73172
31896.0,22.24524
31897.0,21.046814
31898.0,26.763458
31899.0,28.38617
31900.0,28.04715
31901.0,27.507751
31958.0,27.291443
31959.0,27.392517
31960.0,26.881287
31961.0,24.32254
31962.0,26.74768
31963.0,27.013306
31964.0,27.268677
31965.0,27.339142
31966.0,27.49408
31968.0,27.46643
31969.0,27.443787
31970.0,26.204376
31971.0,25.480255
31972.0,26.51477
31973.0,26.713013
31974.0,26.757446
31975.0,25.670532
31976.0,27.303497
31977.0,27.421326
31979.0,25.175568
31980.0,22.316345
31981.0,21.287384
31982.0,26.989532
31983.0,26.897736
31984.0,27.032501
31985.0,27.237427
31986.0,27.413025
31987.0,25.534119
31988.0,27.286743
31989.0,27.366333
31990.0,27.374786
31991.0,26.999939
31992.0,25.65033
31993.0,22.7182
31994.0,27.528595
31995.0,27.24701
31996.0,27.290466
31997.0,27.154572
31998.0,27.25647
31999.0,27.464142
32139.0,26.136993
32140.0,26.136993
32141.0,26.136993
32142.0,26.136993
32143.0,26.136993
32144.0,26.136993
32145.0,26.136993
32147.0,26.136993
32149.0,26.136993
32150.0,26.136993
32168.0,26.136993
32169.0,26.136993
32170.0,26.136993
32171.0,26.136993
32172.0,26.136993
32226.0,26.361115
32228.0,26.30951
32229.0,25.98285
32230.0,26.261017
32231.0,25.017029
32232.0,26.074646
32233.0,25.168243
32234.0,24.883728
32235.0,25.75824
32236.0,26.096954
32237.0,26.302368
32238.0,25.88504
32239.0,25.987427
32240.0,25.984161
32241.0,26.152954
32242.0,26.02893
32243.0,26.161743
32245.0,25.694275
32247.0,23.715454
32248.0,22.023712
32249.0,24.394806
32250.0,20.718689
32251.0,22.097107
32252.0,23.604431
32253.0,23.763458
32254.0,22.76297
32255.0,15.710388
32256.0,13.889923
32257.0,20.316193
32258.0,26.48172
32259.0,28.402466
32260.0,28.554962
32261.0,28.287384
32293.0,27.545685
32318.0,27.10379
32319.0,27.08377
32320.0,22.332153
32321.0,26.461365
32322.0,26.812622
32323.0,27.664337
32324.0,27.36258
32329.0,26.77063
32330.0,25.821716
32331.0,25.681763
32332.0,25.251404
32333.0,25.012146
32334.0,25.770294
32335.0,26.710571
32336.0,26.996033
32337.0,27.181274
32339.0,27.289673
32340.0,27.638947
32341.0,27.555939
32342.0,27.622345
32343.0,27.258728
32347.0,26.281525
32348.0,27.406525
32349.0,27.387146
32350.0,27.175415
32351.0,27.393677
32352.0,24.348907
32353.0,27.668884
32354.0,27.416443
32355.0,27.259705
32356.0,27.457642
32499.0,26.444946
32500.0,26.444946
32501.0,26.444946
32502.0,26.444946
32503.0,26.444946
32504.0,26.444946
32505.0,26.444946
32508.0,26.444946
32509.0,26.444946
32510.0,26.444946
32528.0,26.444946
32586.0,26.41449
32589.0,26.26947
32590.0,24.209259
32591.0,25.243927
32592.0,24.903595
32593.0,24.745392
32594.0,24.697693
32595.0,25.41092
32596.0,25.871521
32597.0,25.91986
32598.0,26.114532
32599.0,25.78299
32600.0,25.740662
32601.0,26.039185
32602.0,25.489868
32603.0,25.699158
32604.0,26.150024
32605.0,25.643005
32606.0,24.770935
32607.0,24.487915
32608.0,23.28949
32609.0,21.970337
32610.0,21.82074
32611.0,22.30545
32612.0,21.4617
32613.0,22.654572
32614.0,22.392365
32615.0,18.014282
32616.0,19.319275
32617.0,24.555786
32618.0,27.723907
32619.0,29.221313
32620.0,29.273712
32621.0,29.25174
32622.0,28.220825
32653.0,27.604126
32677.0,27.571075
32678.0,27.367462
32679.0,23.66449
32680.0,25.731873
32681.0,27.125427
32682.0,27.061646
32683.0,27.557892
32684.0,27.432556
32687.0,27.503204
32688.0,27.463806
32689.0,25.98822
32690.0,26.214966
32691.0,26.818481
32692.0,26.613556
32693.0,23.3992
32694.0,23.955994
32695.0,25.391052
32696.0,26.82367
32697.0,26.854279
32698.0,27.283325
32699.0,27.50467
32700.0,26.023224
32701.0,26.691833
32702.0,26.912872
32703.0,24.32367
32704.0,26.0177
32706.0,27.382935
32707.0,26.180298
32708.0,26.597778
32709.0,27.448517
32860.0,26.686462
32861.0,26.686462
32862.0,26.686462
32863.0,26.686462
32864.0,26.686462
32865.0,26.686462
32866.0,26.686462
32867.0,26.686462
32868.0,26.686462
32869.0,26.686462
32872.0,26.686462
32873.0,26.686462
32949.0,26.335876
32950.0,23.32483
32951.0,23.999939
32952.0,25.009888
32953.0,25.19217
32954.0,24.73236
32955.0,24.817505
32956.0,25.785767
32957.0,26.013458
32958.0,26.188416
32959.0,26.177368
32960.0,25.966583
32961.0,25.980743
32962.0,25.885681
32963.0,26.840118
32964.0,25.646423
32965.0,25.7099
32966.0,25.233032
32967.0,24.842072
32968.0,23.645294
32969.0,23.777618
32970.0,25.321564
32971.0,22.945251
32972.0,24.501251
32973.0,24.835236
32974.0,23.401794
32975.0,22.167114
32976.0,26.397247
32977.0,26.776642
32978.0,29.46106
32979.0,29.001892
32980.0,29.46283
32981.0,29.654419
32982.0,29.063416
33013.0,27.638794
33037.0,27.366333
33038.0,27.349548
33039.0,24.595337
33040.0,27.067993
33041.0,27.279907
33042.0,27.47293
33043.0,27.191528
33044.0,27.335236
33047.0,27.45697
33048.0,27.44461
33049.0,26.195251
33050.0,26.898712
33051.0,26.755798
33052.0,24.801544
33053.0,24.679626
33054.0,22.56195
33055.0,22.44574
33056.0,23.643188
33057.0,25.354279
33058.0,26.974884
33060.0,27.50238
33061.0,27.541138
33062.0,27.591095
33064.0,27.385529
33065.0,27.306763
33066.0,27.386353
33067.0,25.940063
33068.0,25.47699
33071.0,27.496704
33221.0,26.821716
33222.0,26.821716
33223.0,26.821716
33224.0,26.821716
33225.0,26.821716
33226.0,26.821716
33227.0,26.821716
33228.0,26.821716
33229.0,26.821716
33230.0,26.821716
33232.0,26.821716
33233.0,26.821716
33234.0,26.821716
33239.0,26.821716
33240.0,26.821716
33309.0,26.602814
33310.0,24.023865
33311.0,24.510193
33312.0,24.641235
33313.0,24.722778
33314.0,24.72879
33315.0,25.059204
33316.0,25.33783
33317.0,25.88797
33318.0,25.889923
33319.0,25.748962
33320.0,25.945099
33321.0,25.85315
33322.0,26.240662
33323.0,26.11795
33324.0,25.865356
33325.0,25.268341
33326.0,24.396423
33327.0,23.917908
33328.0,23.800568
33329.0,22.50647
33330.0,21.19104
33331.0,26.579376
33332.0,24.265076
33333.0,24.720001
33334.0,24.453735
33335.0,29.155884
33336.0,30.176056
33337.0,29.717072
33338.0,28.53836
33339.0,28.013794
33340.0,27.951294
33341.0,28.52649
33342.0,28.884552
33346.0,26.294373
33372.0,27.62088
33373.0,27.622833
33395.0,27.55365
33396.0,27.369904
33397.0,27.223572
33398.0,20.907837
33399.0,25.162872
33400.0,27.400513
33401.0,27.506622
33402.0,27.359161
33403.0,26.492126
33404.0,27.26947
33405.0,27.322693
33406.0,27.345154
33407.0,27.389435
33408.0,27.429138
33409.0,27.453064
33411.0,27.148865
33412.0,26.15979
33413.0,25.541138
33414.0,22.859161
33415.0,22.59143
33416.0,24.307892
33417.0,26.498962
33418.0,27.348572
33425.0,27.219025
33427.0,27.365845
33428.0,26.090454
33581.0,26.932556
33582.0,26.932556
33583.0,26.932556
33584.0,26.932556
33585.0,26.932556
33586.0,26.932556
33587.0,26.932556
33588.0,26.932556
33589.0,26.932556
33590.0,26.932556
33591.0,26.932556
33592.0,26.932556
33593.0,26.932556
33594.0,26.932556
33599.0,26.932556
33600.0,26.932556
33604.0,26.932556
33605.0,26.932556
33606.0,26.932556
33607.0,26.932556
33608.0,26.932556
33668.0,25.042267
33669.0,26.589966
33670.0,25.874939
33671.0,24.307251
33672.0,24.500122
33673.0,24.135681
33674.0,24.568634
33675.0,24.301208
33676.0,24.67752
33677.0,25.368591
33678.0,26.27826
33679.0,26.922974
33680.0,26.664673
33681.0,26.288849
33682.0,25.846466
33683.0,26.493286
33684.0,25.814575
33685.0,25.276794
33686.0,25.51117
33687.0,24.823181
33688.0,25.207642
33689.0,25.356567
33690.0,23.688263
33691.0,26.618591
33692.0,25.810333
33693.0,22.988556
33694.0,25.810822
33695.0,30.1427
33696.0,29.459412
33697.0,28.47406
33698.0,26.72522
33699.0,24.73285
33700.0,26.799438
33701.0,28.046326
33702.0,30.210388
33706.0,26.805939
33732.0,27.599396
33733.0,27.598755
33756.0,26.95227
33757.0,18.676697
33758.0,25.974548
33759.0,27.404724
33760.0,27.63684
33761.0,27.024841
33762.0,28.194763
33763.0,27.061646
33765.0,27.287231
33766.0,27.295837
33767.0,27.335571
33768.0,27.384888
33772.0,27.34076
33773.0,26.969025
33774.0,26.175232
33775.0,20.772736
33776.0,26.229767
33777.0,27.152771
33785.0,27.031372
33786.0,27.36795
33942.0,27.021423
33943.0,27.021423
33944.0,27.021423
33945.0,27.021423
33946.0,27.021423
33947.0,27.021423
33948.0,27.021423
33949.0,27.021423
33950.0,27.021423
33951.0,27.021423
33952.0,27.021423
33953.0,27.021423
33958.0,27.021423
33959.0,27.021423
33960.0,27.021423
33961.0,27.021423
33962.0,27.021423
33963.0,27.021423
33964.0,27.021423
33965.0,27.021423
33967.0,27.021423
33968.0,27.021423
34010.0,27.021423
34011.0,27.021423
34012.0,27.021423
34013.0,27.021423
34017.0,27.021423
34018.0,27.021423
34025.0,27.022736
34026.0,27.024689
34027.0,26.851837
34028.0,26.579224
34029.0,25.932556
34030.0,24.242462
34031.0,25.859009
34032.0,24.827911
34033.0,24.567322
34034.0,24.95877
34035.0,25.23938
34036.0,25.12445
34037.0,26.06781
34038.0,26.8992
34039.0,26.656372
34040.0,27.29535
34041.0,27.364685
34042.0,26.281189
34043.0,26.527618
34044.0,26.17279
34045.0,26.122345
34046.0,26.224731
34047.0,25.737091
34048.0,26.06604
34049.0,25.401154
34050.0,25.893677
34051.0,28.296997
34052.0,27.593689
34053.0,25.36795
34054.0,30.45404
34055.0,29.44281
34056.0,29.857697
34057.0,26.505646
34058.0,22.265747
34059.0,25.584747
34060.0,25.547485
34061.0,28.262817
34062.0,30.005493
34092.0,27.575317
34093.0,27.546997
34115.0,26.928345
34116.0,21.624634
34117.0,23.768494
34118.0,27.431427
34120.0,27.568787
34121.0,22.683716
34122.0,25.374634
34123.0,27.044708
34127.0,27.270447
34128.0,27.266235
34133.0,27.342224
34134.0,27.16858
34135.0,21.963318
34136.0,24.342407
34137.0,25.957642
34138.0,27.104279
34139.0,27.390564
34140.0,27.5159
34146.0,27.3367
34147.0,27.41565
34292.0,26.743774
34302.0,26.743774
34303.0,26.743774
34304.0,26.743774
34305.0,26.743774
34306.0,26.743774
34307.0,26.743774
34308.0,26.743774
34309.0,26.743774
34310.0,26.743774
34311.0,26.743774
34312.0,26.743774
34313.0,26.743774
34316.0,26.743774
34317.0,26.743774
34318.0,26.743774
34319.0,26.743774
34320.0,26.743774
34321.0,26.743774
34322.0,26.743774
34323.0,26.743774
34324.0,26.743774
34325.0,26.743774
34326.0,26.743774
34327.0,26.743774
34370.0,26.743774
34371.0,26.743774
34372.0,26.743774
34373.0,26.743774
34374.0,26.743774
34375.0,26.743774
34376.0,26.743774
34377.0,26.743774
34378.0,26.743774
34379.0,26.743774
34380.0,26.899841
34381.0,27.244904
34384.0,27.273224
34385.0,26.995056
34386.0,27.074646
34387.0,26.838501
34388.0,25.965118
34389.0,25.624786
34390.0,21.860779
34391.0,24.56604
34392.0,24.315552
34393.0,24.136017
34394.0,23.806915
34395.0,25.069946
34396.0,25.11795
34397.0,26.009216
34398.0,26.465942
34399.0,27.333435
34400.0,27.17865
34401.0,27.063751
34402.0,26.449158
34403.0,25.875122
34404.0,26.710724
34405.0,26.778442
34406.0,26.838501
34407.0,26.93045
34408.0,27.005981
34409.0,27.265411
34410.0,28.057068
34411.0,29.273865
34412.0,29.493439
34413.0,30.376587
34414.0,29.194763
34415.0,29.85965
34416.0,25.171173
34417.0,24.202759
34421.0,28.378052
34453.0,27.47815
34475.0,25.992126
34476.0,27.794556
34477.0,27.57904
34480.0,27.927032
34481.0,23.336548
34482.0,25.139282
34483.0,27.086365
34494.0,27.429474
34495.0,27.792908
34496.0,22.804321
34497.0,26.493103
34498.0,26.689575
34499.0,27.386658
34500.0,27.381287
34501.0,27.604767
34504.0,27.580017
34505.0,26.934845
34662.0,27.85965
34663.0,27.85965
34664.0,27.85965
34665.0,27.85965
34666.0,27.85965
34667.0,27.85965
34668.0,27.85965
34669.0,27.85965
34670.0,27.85965
34671.0,27.85965
34672.0,27.85965
34673.0,27.85965
34674.0,27.85965
34676.0,27.85965
34677.0,27.85965
34678.0,27.85965
34679.0,27.85965
34680.0,27.85965
34681.0,27.85965
34682.0,27.85965
34728.0,27.85965
34729.0,27.85965
34730.0,27.85965
34731.0,27.85965
34732.0,27.85965
34733.0,27.85965
34734.0,27.85965
34735.0,27.85965
34737.0,27.85965
34738.0,27.85965
34739.0,27.85965
34740.0,27.638458
34741.0,27.785095
34742.0,27.326935
34743.0,27.366486
34744.0,27.136993
34745.0,26.772888
34746.0,27.398071
34747.0,27.48236
34748.0,28.337677
34749.0,25.233032
34750.0,20.37201
34751.0,22.124298
34752.0,24.299255
34753.0,24.12918
34754.0,23.434692
34755.0,23.22342
34756.0,26.157837
34757.0,27.285095
34758.0,27.16922
34759.0,27.267029
34760.0,27.231873
34761.0,26.731232
34762.0,26.553345
34763.0,26.81311
34764.0,26.776978
34765.0,26.958618
34766.0,27.189728
34767.0,27.815857
34768.0,28.200623
34769.0,28.555603
34770.0,28.84613
34771.0,29.256622
34772.0,29.517029
34773.0,30.101685
34774.0,28.99768
34775.0,22.463654
34777.0,21.10608
34778.0,15.306427
34779.0,16.20111
34780.0,23.656525
34781.0,26.473907
34787.0,27.94983
34812.0,27.452911
34820.0,24.678009
34839.0,27.502228
34840.0,27.078735
34841.0,27.036255
34842.0,27.390747
34855.0,27.568146
34856.0,26.898071
34857.0,27.234985
34858.0,27.35608
34860.0,27.468536
34861.0,27.432892
34862.0,27.492462
34863.0,27.374634
34864.0,26.06604
34865.0,26.625763
34866.0,27.261658
35018.0,28.885529
35019.0,28.885529
35021.0,28.885529
35022.0,28.885529
35023.0,28.885529
35024.0,28.885529
35025.0,28.885529
35026.0,28.885529
35027.0,28.885529
35028.0,28.885529
35029.0,28.885529
35030.0,28.885529
35031.0,28.885529
35032.0,28.885529
35033.0,28.885529
35034.0,28.885529
35035.0,28.885529
35036.0,28.885529
35037.0,28.885529
35038.0,28.885529
35039.0,28.885529
35040.0,28.885529
35041.0,28.885529
35086.0,28.885529
35087.0,28.885529
35088.0,28.885529
35089.0,28.885529
35090.0,28.885529
35091.0,28.885529
35092.0,28.885529
35093.0,28.885529
35094.0,28.885529
35095.0,28.885529
35097.0,28.885529
35098.0,28.885529
35099.0,28.885529
35100.0,26.743439
35101.0,28.022095
35102.0,28.1969
35103.0,27.657013
35104.0,26.781036
35105.0,26.304962
35106.0,28.209259
35107.0,27.149353
35108.0,28.60022
35109.0,28.142517
35110.0,26.744751
35111.0,25.761658
35112.0,23.726196
35113.0,22.928497
35114.0,24.875763
35115.0,26.508575
35116.0,27.700134
35117.0,28.125763
35118.0,28.290314
35119.0,28.167908
35120.0,27.945251
35121.0,26.634888
35122.0,26.528442
35123.0,26.62445
35124.0,26.914673
35125.0,26.633423
35127.0,28.481384
35129.0,29.459595
35130.0,29.070099
35131.0,29.214783
35132.0,29.569946
35133.0,29.768494
35134.0,28.69574
35135.0,16.910095
35138.0,21.367798
35139.0,15.449493
35140.0,20.635681
35141.0,25.975708
35142.0,26.736938
35147.0,27.01117
35148.0,26.404236
35179.0,27.23108
35180.0,25.452423
35181.0,27.131775
35198.0,27.68451
35199.0,27.474548
35200.0,27.656036
35216.0,27.41565
35217.0,27.425903
35218.0,27.41742
35221.0,27.515259
35222.0,27.67865
35223.0,27.227325
35224.0,25.330017
35225.0,25.78836
35226.0,26.338501
35376.0,28.514587
35377.0,28.514587
35378.0,28.514587
35379.0,28.514587
35380.0,28.514587
35381.0,28.514587
35382.0,28.514587
35383.0,28.514587
35384.0,28.514587
35385.0,28.514587
35386.0,28.514587
35387.0,28.514587
35388.0,28.514587
35389.0,28.514587
35390.0,28.514587
35391.0,28.514587
35392.0,28.514587
35393.0,28.514587
35394.0,28.514587
35395.0,28.514587
35396.0,28.514587
35397.0,28.514587
35398.0,28.514587
35399.0,28.514587
35400.0,28.514587
35446.0,28.514587
35447.0,28.514587
35448.0,28.514587
35449.0,28.514587
35450.0,28.514587
35451.0,28.514587
35452.0,28.514587
35453.0,28.514587
35454.0,28.514587
35455.0,28.514587
35456.0,28.514587
35457.0,28.514587
35459.0,28.514587
35460.0,27.664978
35461.0,27.796997
35462.0,27.90213
35463.0,27.23172
35464.0,27.58963
35465.0,28.37561
35466.0,29.496033
35467.0,28.133911
35468.0,28.245544
35469.0,29.04242
35470.0,29.14154
35471.0,26.689575
35472.0,27.62738
35473.0,28.428162
35474.0,27.990997
35475.0,28.009552
35476.0,27.990845
35477.0,28.160583
35478.0,27.83377
35479.0,28.720001
35480.0,28.055939
35481.0,27.49588
35482.0,26.188904
35483.0,26.119904
35484.0,25.831177
35488.0,29.504517
35489.0,29.618774
35490.0,28.990509
35491.0,29.1557
35492.0,29.449158
35495.0,20.83963
35498.0,16.710388
35499.0,20.972595
35500.0,20.761353
35501.0,24.04065
35502.0,23.65213
35536.0,26.88617
35537.0,27.57434
35538.0,27.474884
35539.0,27.33606
35540.0,27.338654
35558.0,26.77826
35559.0,26.30838
35560.0,27.608826
35564.0,27.187775
35565.0,26.97049
35566.0,26.82611
35576.0,27.437927
35577.0,27.024048
35578.0,27.379333
35582.0,27.434845
35583.0,26.976501
35584.0,26.94983
35585.0,26.240662
35586.0,27.504333
35734.0,28.997192
35735.0,28.997192
35736.0,28.997192
35737.0,28.997192
35739.0,28.997192
35740.0,28.997192
35741.0,28.997192
35742.0,28.997192
35743.0,28.997192
35744.0,28.997192
35745.0,28.997192
35746.0,28.997192
35747.0,28.997192
35748.0,28.997192
35749.0,28.997192
35750.0,28.997192
35751.0,28.997192
35752.0,28.997192
35753.0,28.997192
35754.0,28.997192
35755.0,28.997192
35756.0,28.997192
35757.0,28.997192
35758.0,28.997192
35759.0,28.997192
35806.0,28.997192
35807.0,28.997192
35808.0,28.997192
35809.0,28.997192
35810.0,28.997192
35811.0,28.997192
35812.0,28.997192
35813.0,28.997192
35814.0,28.997192
35815.0,28.997192
35816.0,28.997192
35817.0,28.997192
35819.0,28.997192
35820.0,28.142853
35821.0,26.832306
35822.0,27.55188
35823.0,27.514282
35824.0,29.03656
35825.0,28.692322
35826.0,28.681427
35827.0,26.156677
35828.0,24.498962
35829.0,24.279907
35830.0,28.415802
35831.0,28.73285
35832.0,29.269806
35833.0,29.449005
35834.0,28.932892
35835.0,28.506958
35836.0,28.994904
35837.0,28.54129
35838.0,28.2117
35839.0,28.639923
35840.0,28.92035
35841.0,29.060822
35842.0,28.268188
35843.0,27.035583
35845.0,28.55838
35848.0,29.547638
35849.0,29.779724
35850.0,29.522736
35851.0,29.160583
35855.0,21.247498
35858.0,16.559692
35859.0,15.302521
35860.0,27.493927
35861.0,20.906525
35862.0,19.283325
35896.0,27.637146
35897.0,25.821075
35898.0,29.344849
35899.0,27.688751
35900.0,27.957458
35918.0,26.52713
35919.0,27.488708
35920.0,27.649353
35923.0,27.45633
35924.0,27.29422
35925.0,27.289978
35926.0,27.03186
35937.0,27.601013
35938.0,26.262146
35939.0,27.538849
35941.0,27.516235
35942.0,27.005646
35943.0,27.03656
35944.0,27.44461
35945.0,26.844513
35946.0,27.43924
36094.0,29.018188
36095.0,29.018188
36096.0,29.018188
36104.0,29.018188
36105.0,29.018188
36106.0,29.018188
36107.0,29.018188
36108.0,29.018188
36109.0,29.018188
36110.0,29.018188
36111.0,29.018188
36112.0,29.018188
36113.0,29.018188
36114.0,29.018188
36115.0,29.018188
36116.0,29.018188
36117.0,29.018188
36118.0,29.018188
36119.0,29.018188
36164.0,29.018188
36165.0,29.018188
36166.0,29.018188
36167.0,29.018188
36168.0,29.018188
36169.0,29.018188
36170.0,29.018188
36172.0,29.018188
36173.0,29.018188
36174.0,29.018188
36175.0,29.018188
36176.0,29.018188
36177.0,29.018188
36178.0,29.018188
36179.0,29.018188
36180.0,29.69754
36181.0,27.153595
36182.0,28.334259
36183.0,28.984985
36184.0,29.502563
36185.0,28.06131
36186.0,27.226501
36187.0,25.386017
36188.0,24.088501
36189.0,25.277618
36190.0,26.858826
36191.0,27.82483
36192.0,27.595825
36193.0,24.920685
36194.0,28.435486
36195.0,29.440369
36196.0,29.380981
36197.0,29.520142
36198.0,29.008911
36199.0,29.313904
36200.0,29.359314
36201.0,29.235779
36202.0,28.679138
36203.0,28.492126
36208.0,29.571564
36209.0,29.48236
36210.0,29.048462
36215.0,24.446716
36218.0,22.433868
36219.0,14.764587
36220.0,28.965942
36222.0,26.045837
36252.0,27.549927
36253.0,27.493927
36255.0,27.171661
36256.0,26.563416
36257.0,26.452576
36258.0,28.552368
36259.0,28.865997
36278.0,27.124939
36279.0,27.376251
36283.0,27.38733
36284.0,27.691833
36285.0,27.639923
36286.0,27.516052
36287.0,27.042267
36288.0,26.533478
36294.0,27.353455
36298.0,27.632935
36299.0,27.259705
36300.0,27.565369
36301.0,27.692993
36302.0,27.646118
36303.0,26.384064
36304.0,27.532837
36305.0,27.22406
36306.0,27.530212
36453.0,29.654236
36454.0,29.654236
36455.0,29.654236
36456.0,29.654236
36465.0,29.654236
36466.0,29.654236
36467.0,29.654236
36468.0,29.654236
36469.0,29.654236
36470.0,29.654236
36471.0,29.654236
36475.0,29.654236
36476.0,29.654236
36478.0,29.654236
36479.0,29.654236
36523.0,29.654236
36524.0,29.654236
36525.0,29.654236
36526.0,29.654236
36527.0,29.654236
36528.0,29.654236
36529.0,29.654236
36530.0,29.654236
36532.0,29.654236
36533.0,29.654236
36534.0,29.654236
36535.0,29.654236
36536.0,29.654236
36537.0,29.654236
36538.0,29.654236
36539.0,29.654236
36540.0,30.015747
36541.0,30.041443
36542.0,29.436462
36543.0,29.865662
36544.0,29.38617
36545.0,27.892212
36546.0,26.594025
36547.0,25.31131
36548.0,26.24231
36549.0,26.752716
36550.0,27.14447
36551.0,27.36908
36552.0,27.64856
36553.0,28.28592
36554.0,29.412048
36555.0,29.467224
36556.0,29.576935
36557.0,29.832947
36558.0,28.802185
36559.0,29.417114
36560.0,29.354126
36561.0,29.133575
36562.0,27.893494
36563.0,27.509064
36568.0,28.656036
36574.0,30.26184
36575.0,28.485138
36577.0,19.559021
36578.0,18.330688
36579.0,18.489532
36580.0,28.990662
36581.0,30.251099
36582.0,29.114532
36583.0,28.926697
36612.0,27.578888
36615.0,26.665161
36616.0,20.5094
36617.0,26.335388
36618.0,26.504822
36619.0,28.65979
36632.0,27.427185
36638.0,27.55658
36639.0,26.765564
36642.0,27.38733
36643.0,25.401978
36644.0,27.712189
36645.0,28.257751
36646.0,27.67752
36647.0,25.068146
36648.0,24.286255
36649.0,26.446228
36654.0,27.385529
36659.0,27.547638
36660.0,27.557068
36661.0,27.410095
36662.0,27.347595
36663.0,27.479279
36664.0,27.252716
36665.0,27.234985
36812.0,29.621521
36813.0,29.621521
36815.0,29.621521
36816.0,29.621521
36817.0,29.621521
36818.0,29.621521
36827.0,29.621521
36828.0,29.621521
36829.0,29.621521
36830.0,29.621521
36831.0,29.621521
36838.0,29.621521
36883.0,29.621521
36884.0,29.621521
36885.0,29.621521
36886.0,29.621521
36887.0,29.621521
36890.0,29.621521
36892.0,29.621521
36893.0,29.621521
36894.0,29.621521
36895.0,29.621521
36896.0,29.621521
36897.0,29.621521
36898.0,29.621521
36899.0,29.621521
36900.0,29.457306
36901.0,29.978943
36902.0,29.869415
36903.0,30.245544
36904.0,30.341919
36905.0,28.928345
36906.0,27.43274
36907.0,26.727325
36908.0,26.54065
36909.0,27.219513
36910.0,27.219177
36911.0,27.498962
36912.0,27.97049
36913.0,28.542603
36914.0,29.31018
36915.0,29.287872
36916.0,29.905396
36917.0,30.263458
36918.0,29.888306
36919.0,29.725525
36920.0,29.692322
36921.0,28.600372
36922.0,28.035278
36928.0,28.115173
36934.0,31.10785
36937.0,18.128693
36938.0,21.730896
36939.0,18.34613
36940.0,30.91272
36941.0,30.669708
36942.0,28.43924
36943.0,28.365509
36944.0,28.12268
36945.0,28.03006
36952.0,25.937622
36974.0,27.334412
36975.0,24.123474
36976.0,24.256622
36977.0,24.453888
36978.0,26.697205
36979.0,28.205505
36980.0,27.81018
36992.0,27.395782
36998.0,27.56604
36999.0,25.166138
37000.0,27.729767
37001.0,27.522247
37002.0,26.444458
37003.0,27.741638
37004.0,28.546173
37005.0,27.695251
37006.0,27.761505
37007.0,23.73352
37008.0,22.901794
37009.0,26.666138
37019.0,27.843689
37020.0,27.755798
37021.0,26.674103
37022.0,26.837677
37023.0,27.095978
37024.0,27.541779
37025.0,27.444946
37168.0,29.914978
37169.0,29.914978
37170.0,29.914978
37171.0,29.914978
37172.0,29.914978
37173.0,29.914978
37175.0,29.914978
37176.0,29.914978
37178.0,29.914978
37198.0,29.914978
37199.0,29.914978
37200.0,29.914978
37243.0,29.914978
37244.0,29.914978
37245.0,29.914978
37246.0,29.914978
37247.0,29.914978
37250.0,29.914978
37252.0,29.914978
37253.0,29.914978
37254.0,29.914978
37255.0,29.914978
37256.0,29.914978
37257.0,29.914978
37258.0,29.914978
37259.0,29.914978
37260.0,30.15863
37261.0,30.25174
37262.0,29.973907
37263.0,30.248474
37264.0,29.985474
37265.0,29.615356
37266.0,28.388123
37267.0,27.658966
37268.0,28.068787
37269.0,28.26947
37270.0,28.315857
37271.0,28.134552
37272.0,28.450317
37273.0,30.139587
37274.0,29.324158
37275.0,28.9617
37276.0,29.517212
37277.0,29.776978
37278.0,30.073517
37279.0,30.227966
37280.0,30.098755
37281.0,28.034119
37282.0,26.112915
37301.0,29.805298
37302.0,28.642029
37303.0,29.444458
37304.0,24.153107
37305.0,25.82904
37306.0,27.81488
37307.0,27.773865
37308.0,27.809357
37334.0,27.284943
37335.0,22.67215
37336.0,24.487091
37337.0,24.32367
37338.0,24.823517
37339.0,27.46283
37340.0,27.842896
37352.0,27.477661
37358.0,25.977661
37359.0,26.296509
37360.0,28.211212
37361.0,27.751404
37362.0,27.721466
37363.0,28.594177
37364.0,27.61502
37365.0,27.536896
37366.0,27.671814
37367.0,27.138458
37368.0,25.35965
37369.0,26.707458
37380.0,26.849884
37381.0,27.359802
37382.0,27.041779
37383.0,26.689575
37384.0,27.32434
37527.0,30.771423
37528.0,30.771423
37529.0,30.771423
37530.0,30.771423
37531.0,30.771423
37532.0,30.771423
37533.0,30.771423
37535.0,30.771423
37536.0,30.771423
37558.0,30.771423
37559.0,30.771423
37602.0,30.771423
37603.0,30.771423
37604.0,30.771423
37607.0,30.771423
37608.0,30.771423
37610.0,30.771423
37611.0,30.771423
37612.0,30.771423
37613.0,30.771423
37614.0,30.771423
37615.0,30.771423
37617.0,30.771423
37618.0,30.771423
37619.0,30.771423
37620.0,30.84549
37621.0,31.295837
37622.0,30.646606
37623.0,30.54486
37624.0,30.012482
37625.0,30.016235
37626.0,28.617615
37627.0,28.369415
37628.0,28.439392
37629.0,27.897095
37630.0,28.04065
37631.0,28.889282
37632.0,28.629028
37633.0,29.162384
37634.0,28.365997
37635.0,28.23645
37636.0,29.094849
37637.0,29.554138
37638.0,30.089142
37639.0,30.200623
37640.0,30.006134
37641.0,27.0177
37642.0,25.007599
37649.0,27.863403
37650.0,28.727173
37652.0,30.953247
37658.0,22.936462
37659.0,18.393341
37660.0,31.852325
37661.0,29.068298
37662.0,28.821075
37663.0,26.708923
37664.0,17.042755
37665.0,21.607208
37666.0,24.463501
37667.0,24.794556
37668.0,24.3909
37669.0,27.489532
37694.0,26.085388
37695.0,24.896606
37696.0,25.411407
37697.0,27.323364
37698.0,29.335388
37699.0,28.916779
37700.0,27.9469
37717.0,27.446564
37718.0,24.750916
37719.0,26.915161
37720.0,28.868439
37721.0,24.080017
37722.0,26.54535
37723.0,26.902618
37724.0,26.03186
37725.0,26.567322
37726.0,26.432892
37727.0,24.113403
37728.0,21.705017
37729.0,26.738068
37740.0,27.187439
37741.0,25.915466
37742.0,27.164673
37743.0,27.388458
37744.0,27.52063
37882.0,31.624634
37883.0,31.624634
37887.0,31.624634
37888.0,31.624634
37889.0,31.624634
37890.0,31.624634
37891.0,31.624634
37892.0,31.624634
37893.0,31.624634
37895.0,31.624634
37896.0,31.624634
37918.0,31.624634
37962.0,31.624634
37963.0,31.624634
37964.0,31.624634
37965.0,31.624634
37966.0,31.624634
37967.0,31.624634
37968.0,31.624634
37969.0,31.624634
37970.0,31.624634
37971.0,31.624634
37972.0,31.624634
37973.0,31.624634
37974.0,31.624634
37975.0,31.624634
37976.0,31.624634
37977.0,31.624634
37979.0,31.624634
37980.0,31.352173
37981.0,31.359314
37982.0,31.116974
37983.0,30.97522
37984.0,30.352173
37985.0,29.466095
37986.0,28.873322
37987.0,28.616974
37988.0,27.956665
37989.0,27.643341
37990.0,27.69104
37991.0,27.876587
37992.0,27.694763
37993.0,27.77127
37994.0,27.830994
37995.0,28.114868
37996.0,28.615845
37997.0,28.67508
37998.0,29.3992
37999.0,29.683533
38000.0,29.63031
38001.0,28.452423
38002.0,24.715118
38003.0,24.654907
38004.0,24.731873
38009.0,27.268982
38010.0,27.73529
38011.0,29.397736
38012.0,30.485474
38013.0,30.71463
38018.0,23.444122
38019.0,28.65213
38020.0,29.427032
38022.0,29.095825
38023.0,23.895294
38024.0,19.17215
38025.0,26.522583
38026.0,27.065552
38030.0,25.768982
38031.0,26.33783
38032.0,26.35315
38053.0,27.45111
38054.0,24.123657
38055.0,25.451447
38056.0,26.685669
38057.0,27.305603
38058.0,28.332153
38059.0,28.503052
38060.0,27.91629
38074.0,27.492462
38075.0,27.47992
38077.0,27.376251
38078.0,24.79358
38079.0,26.60559
38080.0,28.530212
38081.0,26.83313
38082.0,27.473907
38083.0,27.370392
38084.0,27.228943
38085.0,26.813599
38086.0,24.656677
38087.0,21.859314
38088.0,26.108673
38091.0,26.922974
38099.0,28.143005
38100.0,27.0932
38101.0,25.79065
38102.0,27.199646
38239.0,31.492126
38240.0,31.492126
38241.0,31.492126
38243.0,31.492126
38246.0,31.492126
38247.0,31.492126
38248.0,31.492126
38249.0,31.492126
38250.0,31.492126
38251.0,31.492126
38253.0,31.492126
38277.0,31.492126
38278.0,31.492126
38323.0,31.492126
38324.0,31.492126
38325.0,31.492126
38326.0,31.492126
38327.0,31.492126
38328.0,31.492126
38329.0,31.492126
38330.0,31.492126
38331.0,31.492126
38332.0,31.492126
38335.0,31.492126
38336.0,31.492126
38337.0,31.492126
38344.0,30.417114
38345.0,30.114532
38346.0,30.036896
38347.0,29.896912
38348.0,28.179626
38349.0,27.040802
38350.0,26.782166
38351.0,26.987244
38352.0,27.060669
38353.0,27.442322
38354.0,27.553009
38355.0,28.286072
38356.0,28.942322
38357.0,29.212036
38358.0,29.056091
38359.0,28.640259
38360.0,28.868103
38361.0,28.744568
38362.0,25.543732
38363.0,23.902466
38364.0,23.996704
38371.0,29.296509
38372.0,29.57367
38373.0,30.1492
38381.0,29.099243
38382.0,29.244751
38383.0,24.130157
38384.0,23.14154
38385.0,25.734985
38386.0,26.856873
38387.0,26.695099
38391.0,25.974243
38392.0,25.193787
38393.0,26.157166
38394.0,26.101837
38413.0,27.481232
38414.0,25.338165
38415.0,26.536407
38416.0,26.960083
38417.0,27.11145
38420.0,28.83606
38421.0,28.518677
38422.0,27.672638
38434.0,26.554474
38435.0,27.575317
38436.0,27.459259
38437.0,27.693298
38438.0,24.373169
38439.0,28.118591
38440.0,27.904724
38441.0,23.658966
38442.0,27.007446
38443.0,27.156189
38444.0,26.257751
38445.0,26.40979
38446.0,24.231873
38447.0,26.190216
38448.0,26.399536
38451.0,26.760681
38452.0,26.810822
38459.0,27.899841
38460.0,24.713806
38461.0,25.725708
38462.0,26.587524
38597.0,31.28363
38598.0,31.28363
38603.0,31.28363
38605.0,31.28363
38607.0,31.28363
38608.0,31.28363
38610.0,31.28363
38611.0,31.28363
38612.0,31.28363
38616.0,31.28363
38622.0,31.28363
38623.0,31.28363
38628.0,31.28363
38632.0,31.28363
38633.0,31.28363
38634.0,31.28363
38635.0,31.28363
38636.0,31.28363
38637.0,31.28363
38638.0,31.28363
38683.0,31.28363
38684.0,31.28363
38685.0,31.28363
38686.0,31.28363
38687.0,31.28363
38688.0,31.28363
38689.0,31.28363
38690.0,31.28363
38691.0,31.28363
38692.0,31.28363
38695.0,31.28363
38696.0,31.28363
38697.0,31.28363
38698.0,31.28363
38704.0,30.64856
38705.0,30.426697
38706.0,31.342712
38707.0,31.343689
38708.0,27.865173
38709.0,27.083618
38710.0,26.358032
38711.0,26.25711
38712.0,26.304626
38713.0,26.448364
38714.0,27.080353
38715.0,28.75531
38716.0,29.671997
38717.0,30.349243
38718.0,29.5159
38719.0,28.772736
38720.0,28.130005
38721.0,27.484314
38722.0,25.39627
38723.0,23.267517
38724.0,23.698029
38732.0,29.608673
38733.0,29.971619
38734.0,30.779724
38737.0,30.40799
38738.0,29.03772
38741.0,29.214142
38742.0,30.485962
38743.0,20.0766
38744.0,25.624298
38745.0,26.486755
38746.0,27.504333
38747.0,28.343872
38752.0,26.667755
38753.0,26.577759
38754.0,25.064575
38773.0,26.060486
38774.0,25.179474
38775.0,27.874298
38776.0,26.930298
38777.0,26.249786
38778.0,26.002228
38779.0,27.36029
38780.0,28.081665
38781.0,27.060974
38782.0,27.0307
38783.0,27.42865
38794.0,26.795197
38795.0,27.775513
38796.0,27.602661
38797.0,26.732544
38798.0,22.935486
38799.0,27.071411
38800.0,26.16629
38801.0,25.28543
38802.0,26.871033
38803.0,26.880646
38804.0,26.270142
38805.0,24.349396
38806.0,24.842224
38807.0,26.19983
38820.0,26.771423
38821.0,26.57611
38822.0,26.737732
38904.0,30.270447
38955.0,30.270447
38956.0,30.270447
38957.0,30.270447
38959.0,30.270447
38960.0,30.270447
38961.0,30.270447
38962.0,30.270447
38963.0,30.270447
38964.0,30.270447
38965.0,30.270447
38967.0,30.270447
38968.0,30.270447
38969.0,30.270447
38971.0,30.270447
38972.0,30.270447
38981.0,30.270447
38982.0,30.270447
38983.0,30.270447
38985.0,30.270447
38986.0,30.270447
38987.0,30.270447
38988.0,30.270447
38989.0,30.270447
38990.0,30.270447
38991.0,30.270447
38992.0,30.270447
38993.0,30.270447
38994.0,30.270447
38995.0,30.270447
38996.0,30.270447
38997.0,30.270447
39043.0,30.270447
39044.0,30.270447
39045.0,30.270447
39046.0,30.270447
39047.0,30.270447
39048.0,30.270447
39049.0,30.270447
39050.0,30.270447
39051.0,30.270447
39057.0,30.270447
39058.0,30.270447
39062.0,29.567657
39064.0,30.316345
39065.0,30.350708
39066.0,30.598907
39067.0,30.773712
39068.0,28.480103
39069.0,27.013123
39070.0,26.860626
39071.0,26.761505
39072.0,26.865356
39073.0,26.267365
39074.0,26.088165
39075.0,26.962677
39076.0,28.479614
39077.0,28.869415
39078.0,28.929474
39079.0,27.830505
39080.0,27.550232
39081.0,26.693298
39082.0,25.925903
39083.0,24.109802
39084.0,23.738403
39093.0,29.784607
39094.0,30.46576
39097.0,29.38684
39098.0,29.011993
39101.0,29.940063
39102.0,20.759552
39103.0,22.98822
39104.0,25.982056
39105.0,26.5784
39113.0,28.726349
39114.0,27.960724
39133.0,24.85559
39134.0,26.060822
39135.0,26.51361
39136.0,26.032349
39137.0,27.01233
39138.0,26.707947
39139.0,28.198853
39143.0,27.778107
39153.0,27.242615
39154.0,25.188263
39155.0,27.76004
39156.0,27.402954
39157.0,25.094849
39158.0,23.351685
39159.0,26.480896
39160.0,25.997986
39161.0,25.064392
39162.0,26.353943
39163.0,25.365509
39164.0,21.993927
39165.0,24.412384
39166.0,25.572205
39180.0,27.04895
39181.0,27.287384
39182.0,26.84256
39263.0,29.993927
39264.0,29.993927
39265.0,29.993927
39314.0,29.993927
39315.0,29.993927
39316.0,29.993927
39317.0,29.993927
39318.0,29.993927
39319.0,29.993927
39320.0,29.993927
39321.0,29.993927
39322.0,29.993927
39323.0,29.993927
39324.0,29.993927
39329.0,29.993927
39330.0,29.993927
39331.0,29.993927
39332.0,29.993927
39338.0,29.993927
39339.0,29.993927
39340.0,29.993927
39342.0,29.993927
39343.0,29.993927
39344.0,29.993927
39345.0,29.993927
39346.0,29.993927
39347.0,29.993927
39348.0,29.993927
39349.0,29.993927
39350.0,29.993927
39351.0,29.993927
39403.0,29.993927
39404.0,29.993927
39405.0,29.993927
39406.0,29.993927
39407.0,29.993927
39408.0,29.993927
39420.0,30.582153
39422.0,28.984314
39424.0,29.600525
39425.0,29.851349
39426.0,30.183228
39427.0,30.325806
39428.0,27.114532
39429.0,25.42395
39430.0,26.803833
39431.0,27.849548
39432.0,27.494751
39433.0,27.208282
39434.0,27.022247
39435.0,26.384064
39439.0,26.661255
39440.0,25.431427
39441.0,25.409943
39442.0,24.945587
39443.0,23.783813
39452.0,28.95697
39453.0,29.909119
39454.0,30.204529
39455.0,29.238068
39457.0,28.451447
39460.0,29.194763
39461.0,29.847778
39462.0,24.926208
39465.0,27.40686
39477.0,26.549744
39492.0,26.946228
39493.0,26.039673
39494.0,25.661255
39495.0,26.279083
39496.0,26.811646
39497.0,27.063599
39499.0,27.762817
39504.0,26.055115
39505.0,27.306427
39506.0,27.263947
39512.0,27.125275
39513.0,26.953064
39514.0,24.193481
39515.0,27.518188
39516.0,24.632446
39517.0,24.550232
39518.0,22.917114
39519.0,24.306915
39520.0,24.614532
39521.0,23.197205
39522.0,21.305939
39523.0,20.078247
39524.0,22.06131
39525.0,24.680115
39526.0,25.08133
39541.0,26.664978
39623.0,30.195251
39624.0,30.195251
39674.0,30.195251
39676.0,30.195251
39677.0,30.195251
39678.0,30.195251
39679.0,30.195251
39680.0,30.195251
39681.0,30.195251
39682.0,30.195251
39683.0,30.195251
39689.0,30.195251
39690.0,30.195251
39691.0,30.195251
39692.0,30.195251
39693.0,30.195251
39701.0,30.195251
39702.0,30.195251
39703.0,30.195251
39704.0,30.195251
39705.0,30.195251
39706.0,30.195251
39707.0,30.195251
39762.0,30.195251
39763.0,30.195251
39764.0,30.195251
39766.0,30.195251
39767.0,30.195251
39768.0,30.195251
39780.0,30.036896
39786.0,29.089294
39787.0,28.60199
39788.0,27.252563
39789.0,26.040466
39790.0,27.3302
39791.0,28.117126
39792.0,28.136505
39793.0,27.705994
39794.0,27.935333
39795.0,27.678833
39796.0,26.295532
39797.0,22.51361
39798.0,20.098083
39799.0,24.511993
39800.0,24.444946
39801.0,24.983673
39802.0,24.454529
39803.0,23.7677
39804.0,23.11029
39813.0,29.466736
39814.0,29.240662
39815.0,28.299438
39819.0,29.382446
39820.0,30.468689
39821.0,24.47815
39822.0,27.487091
39824.0,28.490509
39825.0,28.847778
39826.0,28.604431
39837.0,28.195435
39838.0,26.130005
39850.0,26.79602
39852.0,26.78363
39853.0,25.575134
39854.0,26.101196
39855.0,26.176208
39856.0,26.691345
39857.0,27.28949
39858.0,27.587524
39859.0,27.351196
39862.0,26.460236
39865.0,27.142853
39866.0,27.31131
39867.0,26.95404
39872.0,26.699646
39873.0,24.965454
39874.0,27.717407
39875.0,27.255646
39876.0,22.25061
39877.0,21.143982
39878.0,24.206482
39879.0,22.59256
39880.0,23.969849
39881.0,23.295197
39882.0,23.578888
39883.0,20.081818
39884.0,21.405396
39885.0,23.49588
39886.0,25.008575
39887.0,24.484314
39889.0,25.031372
39890.0,24.656525
39979.0,29.26477
39980.0,29.26477
39981.0,29.26477
39982.0,29.26477
39983.0,29.26477
40034.0,29.26477
40035.0,29.26477
40037.0,29.26477
40038.0,29.26477
40039.0,29.26477
40040.0,29.26477
40041.0,29.26477
40042.0,29.26477
40049.0,29.26477
40050.0,29.26477
40051.0,29.26477
40052.0,29.26477
40053.0,29.26477
40055.0,29.26477
40056.0,29.26477
40057.0,29.26477
40058.0,29.26477
40059.0,29.26477
40060.0,29.26477
40061.0,29.26477
40062.0,29.26477
40063.0,29.26477
40064.0,29.26477
40066.0,29.26477
40067.0,29.26477
40068.0,29.26477
40122.0,29.26477
40123.0,29.26477
40124.0,29.26477
40125.0,29.26477
40126.0,29.26477
40127.0,29.26477
40128.0,29.26477
40129.0,29.26477
40130.0,29.26477
40136.0,29.26477
40137.0,29.26477
40138.0,29.26477
40140.0,29.192657
40147.0,27.594849
40148.0,27.05481
40149.0,26.215118
40150.0,27.394165
40151.0,28.090271
40152.0,26.800568
40153.0,26.65799
40154.0,27.635681
40155.0,26.871521
40156.0,23.416779
40157.0,22.930939
40158.0,19.77893
40161.0,24.268005
40162.0,23.893341
40163.0,23.427673
40164.0,24.575958
40166.0,22.5224
40169.0,25.414337
40170.0,26.508087
40171.0,26.947388
40172.0,26.062134
40173.0,28.919067
40174.0,28.218872
40175.0,27.587189
40176.0,27.832306
40178.0,28.19867
40179.0,30.404236
40180.0,24.884552
40181.0,27.307892
40184.0,27.305786
40185.0,28.26004
40186.0,27.972107
40188.0,29.669556
40209.0,26.42981
40210.0,26.193481
40212.0,26.712189
40213.0,26.808228
40214.0,26.926392
40215.0,25.407166
40216.0,26.734497
40217.0,24.689087
40218.0,25.879822
40219.0,26.712677
40220.0,25.71756
40221.0,26.625275
40222.0,26.71936
40223.0,27.09549
40224.0,26.328888
40225.0,24.905212
40226.0,26.108337
40227.0,26.467896
40228.0,26.537231
40229.0,26.562134
40230.0,26.492615
40231.0,26.556915
40232.0,25.442993
40233.0,19.718384
40234.0,27.297638
40235.0,28.784454
40236.0,24.773224
40237.0,21.168396
40238.0,23.265076
40239.0,20.584595
40240.0,20.999786
40241.0,22.087189
40242.0,21.297302
40243.0,21.612732
40245.0,24.198029
40246.0,23.642212
40247.0,21.932251
40248.0,23.816833
40249.0,24.489685
40250.0,24.307556
40251.0,23.78479
40252.0,24.166626
40253.0,24.63031
40254.0,24.921814
40260.0,25.849548
40340.0,28.94168
40390.0,28.94168
40396.0,28.94168
40397.0,28.94168
40398.0,28.94168
40399.0,28.94168
40400.0,28.94168
40401.0,28.94168
40415.0,28.94168
40416.0,28.94168
40417.0,28.94168
40418.0,28.94168
40419.0,28.94168
40420.0,28.94168
40421.0,28.94168
40422.0,28.94168
40424.0,28.94168
40425.0,28.94168
40426.0,28.94168
40427.0,28.94168
40483.0,28.94168
40484.0,28.94168
40485.0,28.94168
40486.0,28.94168
40487.0,28.94168
40488.0,28.94168
40489.0,28.94168
40490.0,28.94168
40491.0,28.94168
40492.0,28.94168
40494.0,28.94168
40495.0,28.94168
40496.0,28.94168
40497.0,28.94168
40509.0,26.17215
40510.0,26.580841
40511.0,25.956665
40512.0,24.522583
40513.0,25.03772
40514.0,26.459259
40515.0,23.06668
40518.0,25.595978
40519.0,22.542908
40521.0,24.142365
40522.0,23.813416
40523.0,23.695435
40524.0,23.562622
40526.0,22.85736
40529.0,25.627075
40530.0,26.144165
40531.0,27.085571
40532.0,27.713654
40533.0,28.460388
40534.0,27.49231
40535.0,26.07611
40536.0,27.078888
40538.0,27.917114
40539.0,30.24588
40540.0,27.77063
40541.0,28.419373
40544.0,27.97113
40545.0,28.689575
40546.0,28.230408
40547.0,28.93695
40548.0,28.688599
40549.0,29.20404
40553.0,29.38977
40554.0,29.727661
40568.0,26.277618
40569.0,26.688263
40570.0,27.5159
40571.0,27.876099
40572.0,27.546661
40573.0,27.368774
40574.0,25.80072
40575.0,25.603302
40576.0,26.195251
40577.0,26.170044
40578.0,24.639435
40579.0,25.081177
40580.0,25.092896
40582.0,25.47815
40583.0,25.229431
40584.0,25.67035
40586.0,26.077087
40587.0,26.683716
40588.0,26.600037
40589.0,26.458618
40590.0,26.371521
40591.0,26.2052
40592.0,25.602661
40593.0,18.678833
40594.0,25.528107
40595.0,28.626404
40596.0,22.816833
40597.0,23.414978
40598.0,21.453888
40599.0,20.36145
40600.0,20.608337
40601.0,20.01654
40602.0,20.479279
40603.0,19.966736
40604.0,21.442505
40605.0,21.532013
40606.0,21.961212
40607.0,23.217712
40608.0,23.011017
40609.0,22.795044
40610.0,22.480408
40611.0,21.991821
40612.0,23.242462
40613.0,24.156525
40614.0,23.634888
40615.0,23.62201
40616.0,23.726501
40620.0,24.490997
40621.0,25.760529
40749.0,28.844177
40750.0,28.844177
40753.0,28.844177
40759.0,28.844177
40760.0,28.844177
40761.0,28.844177
40776.0,28.844177
40777.0,28.844177
40778.0,28.844177
40779.0,28.844177
40782.0,28.844177
40783.0,28.844177
40784.0,28.844177
40785.0,28.844177
40843.0,28.844177
40844.0,28.844177
40845.0,28.844177
40846.0,28.844177
40847.0,28.844177
40848.0,28.844177
40849.0,28.844177
40851.0,28.844177
40852.0,28.844177
40853.0,28.844177
40854.0,28.844177
40855.0,28.844177
40871.0,23.40149
40872.0,22.507446
40873.0,24.321075
40874.0,25.466095
40875.0,23.810333
40878.0,25.440369
40879.0,23.963318
40881.0,23.781189
40882.0,23.596802
40883.0,23.785767
40890.0,26.286407
40891.0,26.065369
40892.0,27.591919
40893.0,27.08899
40894.0,26.98172
40895.0,26.748474
40898.0,28.458435
40899.0,28.953888
40903.0,27.915802
40904.0,27.709412
40905.0,28.342712
40906.0,27.388947
40907.0,28.22992
40908.0,28.462524
40909.0,29.010681
40911.0,28.860138
40912.0,28.595978
40913.0,28.507599
40914.0,29.349548
40916.0,29.024841
40918.0,28.936157
40928.0,26.19217
40929.0,27.256622
40932.0,26.814392
40933.0,26.523376
40934.0,26.342896
40935.0,25.103943
40936.0,24.84842
40937.0,24.958923
40938.0,24.993439
40939.0,25.221954
40940.0,25.221619
40944.0,23.016235
40945.0,24.088165
40946.0,25.56668
40947.0,26.166626
40948.0,26.121857
40949.0,25.964966
40950.0,26.272736
40951.0,25.758423
40952.0,23.712341
40953.0,20.009705
40954.0,25.790314
40955.0,27.17981
40956.0,26.626892
40957.0,20.303345
40958.0,20.988892
40959.0,18.757751
40960.0,20.560486
40961.0,19.190369
40962.0,18.682068
40963.0,16.362915
40964.0,17.690063
40965.0,18.377075
40966.0,19.65979
40967.0,22.002869
40968.0,21.391876
40969.0,22.164978
40970.0,23.192657
40971.0,22.982544
40972.0,22.412231
40973.0,23.21463
40974.0,23.566345
40975.0,21.797485
40976.0,23.716095
40977.0,22.187927
40979.0,23.652283
40980.0,22.217224
40981.0,22.673279
41107.0,28.832947
41108.0,28.832947
41109.0,28.832947
41112.0,28.832947
41114.0,28.832947
41115.0,28.832947
41118.0,28.832947
41119.0,28.832947
41120.0,28.832947
41121.0,28.832947
41137.0,28.832947
41138.0,28.832947
41139.0,28.832947
41141.0,28.832947
41142.0,28.832947
41143.0,28.832947
41144.0,28.832947
41145.0,28.832947
41204.0,28.832947
41205.0,28.832947
41206.0,28.832947
41207.0,28.832947
41208.0,28.832947
41209.0,28.832947
41212.0,28.832947
41213.0,28.832947
41214.0,28.832947
41215.0,28.832947
41233.0,23.045044
41238.0,24.021759
41239.0,23.111603
41241.0,23.281525
41244.0,24.224731
41245.0,22.13617
41252.0,26.493103
41253.0,27.659943
41254.0,26.109985
41255.0,26.276001
41257.0,28.40799
41258.0,29.649841
41259.0,29.48758
41260.0,29.088318
41263.0,27.095642
41264.0,27.058716
41265.0,27.652618
41266.0,27.895447
41267.0,28.251404
41268.0,28.037048
41269.0,28.06195
41270.0,28.497345
41271.0,28.157654
41272.0,27.92395
41273.0,28.19104
41274.0,29.055939
41275.0,29.385529
41276.0,28.724243
41287.0,27.141388
41288.0,27.636505
41289.0,27.898376
41290.0,28.238403
41291.0,27.778748
41292.0,25.954224
41293.0,23.486115
41294.0,25.129028
41295.0,25.32074
41296.0,25.960876
41298.0,25.08313
41299.0,25.217712
41300.0,25.082642
41301.0,25.079376
41302.0,25.162048
41303.0,24.832153
41304.0,25.16043
41305.0,24.791138
41306.0,24.73529
41307.0,25.233185
41308.0,25.921997
41309.0,25.69461
41310.0,25.63861
41311.0,25.759888
41312.0,25.811157
41313.0,21.948517
41314.0,24.113068
41315.0,25.165466
41316.0,25.63977
41317.0,22.812927
41318.0,18.497986
41319.0,18.785583
41320.0,19.084259
41321.0,19.156677
41322.0,16.89383
41323.0,17.287384
41324.0,19.096313
41325.0,18.842896
41326.0,18.31311
41327.0,20.158813
41328.0,21.21576
41329.0,21.889435
41330.0,20.822052
41331.0,20.313416
41332.0,20.344025
41333.0,21.41449
41334.0,20.348267
41335.0,22.449646
41336.0,22.503204
41337.0,22.596619
41338.0,21.810669
41339.0,22.465607
41340.0,23.434845
41341.0,15.93988
41361.0,25.06668
41468.0,28.59793
41470.0,28.59793
41471.0,28.59793
41475.0,28.59793
41476.0,28.59793
41478.0,28.59793
41479.0,28.59793
41480.0,28.59793
41481.0,28.59793
41482.0,28.59793
41498.0,28.59793
41499.0,28.59793
41500.0,28.59793
41501.0,28.59793
41502.0,28.59793
41503.0,28.59793
41565.0,28.59793
41566.0,28.59793
41567.0,28.59793
41568.0,28.59793
41569.0,28.59793
41570.0,28.59793
41572.0,28.59793
41575.0,28.59793
41611.0,23.515259
41612.0,25.723907
41613.0,26.58313
41614.0,26.155396
41617.0,28.180115
41622.0,28.007599
41623.0,27.542267
41624.0,27.496216
41625.0,27.457794
41626.0,27.346802
41627.0,27.711212
41628.0,28.214966
41629.0,28.346466
41630.0,28.091919
41631.0,27.872833
41632.0,27.792114
41634.0,28.187927
41635.0,28.872498
41636.0,27.556763
41639.0,27.595978
41640.0,28.172974
41641.0,28.22815
41642.0,27.683044
41643.0,27.700623
41644.0,27.056763
41647.0,25.808716
41648.0,26.949982
41649.0,27.127563
41650.0,27.875275
41652.0,26.817505
41653.0,26.18631
41654.0,25.47113
41655.0,26.197205
41656.0,26.446716
41657.0,24.813263
41658.0,25.97879
41660.0,25.913025
41661.0,25.553497
41662.0,25.363068
41663.0,25.383423
41664.0,25.440552
41665.0,25.565216
41666.0,25.570435
41667.0,25.552673
41668.0,25.334595
41669.0,25.413208
41670.0,23.557892
41671.0,18.031189
41672.0,20.749786
41673.0,21.768982
41674.0,18.775177
41675.0,25.36731
41676.0,24.249146
41677.0,25.176208
41678.0,12.93045
41679.0,15.799438
41680.0,16.739044
41681.0,17.281036
41682.0,16.733032
41683.0,15.823853
41684.0,14.870728
41685.0,17.606567
41686.0,18.444763
41687.0,17.574005
41688.0,16.989868
41689.0,19.36502
41690.0,19.693298
41691.0,19.464294
41692.0,19.357544
41693.0,18.26184
41694.0,20.567322
41695.0,21.03836
41696.0,20.35785
41697.0,20.43158
41698.0,19.86029
41699.0,20.964966
41701.0,23.182556
41711.0,24.130005
41826.0,28.518982
41827.0,28.518982
41828.0,28.518982
41830.0,28.518982
41831.0,28.518982
41834.0,28.518982
41837.0,28.518982
41838.0,28.518982
41839.0,28.518982
41840.0,28.518982
41841.0,28.518982
41842.0,28.518982
41857.0,28.518982
41858.0,28.518982
41859.0,28.518982
41861.0,28.518982
41862.0,28.518982
41863.0,28.518982
41925.0,28.518982
41926.0,28.518982
41927.0,28.518982
41928.0,28.518982
41929.0,28.518982
41930.0,28.518982
41931.0,28.518982
41932.0,28.518982
41968.0,22.950806
41970.0,23.12967
41971.0,24.59842
41972.0,25.176208
41973.0,25.397095
41974.0,25.365845
41975.0,26.142029
41976.0,27.7742
41977.0,24.021912
41978.0,25.34906
41980.0,25.915161
41981.0,26.338318
41982.0,26.290161
41983.0,26.939392
41984.0,26.86908
41985.0,27.127869
41986.0,27.204224
41987.0,27.84256
41989.0,28.309357
41990.0,27.12268
41991.0,27.396759
41996.0,27.704712
41999.0,26.791779
42000.0,25.227173
42001.0,25.364685
42002.0,25.823853
42003.0,25.246521
42004.0,24.3302
42007.0,28.211365
42008.0,27.000763
42009.0,28.187622
42010.0,27.6344
42011.0,27.142212
42012.0,27.217224
42013.0,26.36615
42014.0,25.852814
42015.0,25.646606
42016.0,25.0177
42017.0,25.26477
42018.0,25.652771
42019.0,25.570099
42020.0,25.32727
42021.0,25.30838
42022.0,25.205505
42023.0,25.207153
42024.0,25.337036
42025.0,25.18274
42026.0,24.971619
42027.0,24.632599
42028.0,24.440857
42029.0,25.014435
42030.0,24.587524
42031.0,24.783325
42032.0,25.412048
42033.0,23.903748
42035.0,19.592896
42036.0,24.251099
42037.0,21.257935
42038.0,12.830017
42039.0,10.635193
42040.0,16.969513
42041.0,20.1427
42042.0,16.98529
42043.0,13.651306
42044.0,13.838654
42045.0,14.290466
42046.0,15.610474
42047.0,15.667267
42048.0,15.955505
42049.0,18.05072
42050.0,17.05481
42051.0,19.83783
42052.0,20.48172
42053.0,19.989685
42054.0,19.901794
42055.0,19.492615
42056.0,19.71283
42057.0,20.136658
42058.0,20.208923
42059.0,19.719025
42060.0,20.394653
42066.0,23.57074
42067.0,23.41565
42068.0,23.47342
42082.0,23.982208
42185.0,28.31018
42187.0,28.31018
42188.0,28.31018
42189.0,28.31018
42190.0,28.31018
42193.0,28.31018
42194.0,28.31018
42195.0,28.31018
42196.0,28.31018
42197.0,28.31018
42198.0,28.31018
42199.0,28.31018
42200.0,28.31018
42201.0,28.31018
42202.0,28.31018
42203.0,28.31018
42217.0,28.31018
42218.0,28.31018
42219.0,28.31018
42221.0,28.31018
42286.0,28.31018
42287.0,28.31018
42288.0,28.31018
42289.0,28.31018
42290.0,28.31018
42291.0,28.31018
42328.0,22.866333
42330.0,24.01004
42331.0,23.546173
42332.0,22.995728
42333.0,24.781677
42334.0,25.880981
42335.0,26.647247
42336.0,24.90393
42338.0,23.656525
42340.0,24.324982
42341.0,24.82611
42342.0,25.61145
42343.0,26.145782
42345.0,27.21643
42347.0,28.011017
42348.0,28.525513
42349.0,26.96106
42356.0,27.446228
42364.0,24.614197
42367.0,28.58197
42368.0,27.026642
42369.0,28.123474
42370.0,27.78186
42371.0,27.84549
42372.0,27.394165
42373.0,26.70697
42374.0,26.0094
42375.0,24.807892
42376.0,24.50531
42377.0,25.138794
42378.0,24.936157
42379.0,24.893341
42380.0,24.676056
42381.0,24.805939
42382.0,24.310974
42383.0,23.976013
42384.0,23.406525
42385.0,18.82611
42386.0,12.888123
42387.0,11.510864
42388.0,10.660095
42389.0,6.843384
42390.0,7.0749817
42391.0,12.141876
42392.0,9.082306
42393.0,14.1137085
42394.0,24.16092
42395.0,25.025818
42396.0,16.645447
42397.0,19.51004
42398.0,10.091248
42399.0,8.8897705
42400.0,13.523224
42401.0,11.28479
42402.0,12.583282
42403.0,12.119904
42404.0,12.181915
42405.0,13.999634
42406.0,15.9392395
42407.0,16.193634
42408.0,15.863556
42409.0,17.377716
42410.0,16.66043
42411.0,17.92572
42412.0,19.118591
42413.0,19.548126
42414.0,19.081177
42415.0,19.997498
42416.0,19.876251
42417.0,18.626251
42418.0,20.056763
42419.0,17.512482
42420.0,19.893494
42421.0,20.162384
42427.0,22.878052
42428.0,22.877716
42429.0,23.034302
42545.0,27.212524
42546.0,27.212524
42548.0,27.212524
42549.0,27.212524
42550.0,27.212524
42551.0,27.212524
42552.0,27.212524
42553.0,27.212524
42554.0,27.212524
42555.0,27.212524
42556.0,27.212524
42557.0,27.212524
42558.0,27.212524
42559.0,27.212524
42560.0,27.212524
42561.0,27.212524
42562.0,27.212524
42563.0,27.212524
42564.0,27.212524
42570.0,27.212524
42577.0,27.212524
42578.0,27.212524
42579.0,27.212524
42643.0,27.212524
42644.0,27.212524
42645.0,27.212524
42646.0,27.212524
42689.0,23.039978
42690.0,23.760529
42691.0,23.014435
42692.0,21.642517
42693.0,24.087524
42694.0,24.601837
42695.0,21.61731
42696.0,23.11502
42697.0,23.300903
42698.0,23.471802
42701.0,24.044556
42702.0,24.594666
42703.0,25.490662
42704.0,26.385864
42705.0,26.434692
42706.0,26.929962
42707.0,27.910278
42708.0,28.384064
42712.0,24.91629
42715.0,21.203735
42716.0,21.581482
42721.0,22.119904
42722.0,26.828888
42723.0,27.068481
42724.0,25.490356
42727.0,29.16092
42728.0,27.226501
42729.0,27.568146
42730.0,26.538208
42731.0,27.807068
42732.0,27.756775
42733.0,27.115662
42734.0,26.637482
42735.0,25.844025
42736.0,25.134552
42737.0,24.74768
42738.0,24.384888
42739.0,24.360626
42740.0,24.079712
42741.0,22.005157
42742.0,14.593872
42743.0,8.200958
42744.0,1.2502747
42745.0,-4.5775146
42746.0,-0.3128662
42747.0,0.96398926
42748.0,0.87786865
42749.0,0.42312622
42750.0,-0.61657715
42751.0,-1.4188232
42752.0,2.768982
42753.0,4.5779114
42754.0,13.342224
42755.0,13.632599
42756.0,3.4926147
42757.0,1.8077393
42758.0,6.099884
42759.0,6.331482
42760.0,5.9099426
42761.0,6.6824036
42762.0,11.038849
42763.0,12.254822
42764.0,17.854431
42765.0,17.975372
42766.0,14.923462
42767.0,15.837341
42768.0,16.283813
42769.0,16.574493
42770.0,17.642029
42771.0,17.312134
42772.0,19.024353
42773.0,18.525024
42774.0,17.66272
42775.0,19.814392
42776.0,20.30008
42777.0,20.36438
42778.0,19.484985
42779.0,18.455994
42780.0,17.644318
42781.0,20.38977
42789.0,22.125275
42904.0,25.302032
42907.0,25.302032
42908.0,25.302032
42909.0,25.302032
42910.0,25.302032
42911.0,25.302032
42912.0,25.302032
42913.0,25.302032
42914.0,25.302032
42915.0,25.302032
42916.0,25.302032
42917.0,25.302032
42918.0,25.302032
42919.0,25.302032
42920.0,25.302032
42921.0,25.302032
42922.0,25.302032
42923.0,25.302032
42924.0,25.302032
42925.0,25.302032
42926.0,25.302032
42927.0,25.302032
42928.0,25.302032
42929.0,25.302032
42930.0,25.302032
42931.0,25.302032
42934.0,25.302032
42935.0,25.302032
42936.0,25.302032
42937.0,25.302032
42938.0,25.302032
43006.0,25.302032
43029.0,24.22586
43049.0,21.538513
43050.0,23.287872
43051.0,22.658813
43052.0,22.854767
43053.0,19.320923
43054.0,19.461853
43055.0,19.871704
43056.0,21.522888
43058.0,23.45111
43059.0,23.43518
43060.0,23.603943
43063.0,25.734314
43064.0,26.125122
43065.0,26.336365
43066.0,26.517365
43067.0,27.653107
43068.0,26.209259
43072.0,18.298126
43075.0,19.184204
43076.0,13.916443
43080.0,19.167908
43081.0,23.988068
43082.0,23.9534
43083.0,21.098083
43084.0,23.16629
43085.0,24.01297
43086.0,18.407349
43088.0,25.803162
43089.0,23.235138
43090.0,26.968536
43091.0,25.925232
43092.0,26.160767
43093.0,25.102478
43094.0,25.354126
43095.0,25.031677
43096.0,24.382446
43097.0,24.300568
43098.0,23.604126
43099.0,18.87674
43100.0,17.893982
43101.0,9.531677
43102.0,-2.7410889
43103.0,-4.653534
43104.0,-1.9324951
43105.0,-3.5687256
43106.0,-2.1646118
43107.0,1.1889038
43108.0,3.2121887
43109.0,3.890747
43110.0,2.3161926
43111.0,2.1918335
43112.0,-3.3641357
43113.0,-2.7549438
43114.0,1.9743958
43115.0,6.026306
43116.0,-4.2624207
43117.0,1.9986572
43118.0,3.9952393
43119.0,2.1469116
43120.0,2.0653687
43121.0,1.8016968
43122.0,11.462341
43123.0,16.352173
43124.0,18.174255
43125.0,18.401978
43126.0,18.893005
43127.0,16.358673
43128.0,15.614532
43129.0,15.296997
43130.0,15.903259
43131.0,18.074493
43132.0,18.62738
43133.0,18.238403
43134.0,17.313751
43135.0,18.467896
43136.0,19.1969
43137.0,18.788849
43138.0,17.808716
43139.0,18.631958
43140.0,18.222443
43141.0,18.511353
43142.0,18.917755
43149.0,22.07904
43263.0,23.798462
43264.0,23.798462
43265.0,23.798462
43266.0,23.798462
43267.0,23.798462
43268.0,23.798462
43269.0,23.798462
43270.0,23.798462
43271.0,23.798462
43272.0,23.798462
43273.0,23.798462
43274.0,23.798462
43275.0,23.798462
43276.0,23.798462
43277.0,23.798462
43278.0,23.798462
43279.0,23.798462
43280.0,23.798462
43281.0,23.798462
43282.0,23.798462
43283.0,23.798462
43284.0,23.798462
43285.0,23.798462
43286.0,23.798462
43287.0,23.798462
43288.0,23.798462
43289.0,23.798462
43290.0,23.798462
43291.0,23.798462
43292.0,23.798462
43293.0,23.798462
43294.0,23.798462
43295.0,23.798462
43296.0,23.798462
43297.0,23.798462
43298.0,23.798462
43376.0,23.798462
43382.0,23.78363
43383.0,24.576935
43387.0,25.073517
43388.0,24.513123
43389.0,24.088654
43390.0,23.377075
43391.0,22.296509
43392.0,21.382263
43393.0,22.09793
43394.0,22.57483
43404.0,21.951447
43405.0,21.475372
43408.0,20.85315
43409.0,21.012482
43410.0,22.7016
43411.0,23.38797
43412.0,22.14856
43413.0,20.356567
43414.0,19.277954
43415.0,19.781036
43416.0,19.924103
43419.0,22.8302
43420.0,23.267517
43421.0,24.749298
43425.0,26.82904
43426.0,27.718872
43427.0,28.329712
43428.0,28.583435
43429.0,27.881287
43431.0,15.174744
43432.0,14.457947
43435.0,18.437134
43436.0,18.156372
43440.0,21.323517
43441.0,24.54358
43442.0,24.059998
43443.0,24.126587
43444.0,22.757935
43445.0,22.31424
43446.0,19.97293
43447.0,14.9236145
43448.0,18.853943
43449.0,20.544556
43450.0,25.782349
43451.0,26.463501
43452.0,25.395935
43453.0,25.292755
43454.0,24.802856
43455.0,23.940063
43456.0,23.802032
43457.0,21.46643
43458.0,15.674103
43459.0,6.6434937
43460.0,-8.664429
43461.0,-6.3773193
43462.0,-6.586151
43463.0,-5.8088074
43464.0,-4.1271667
43465.0,-0.077697754
43466.0,-1.5080261
43467.0,-2.2544556
43468.0,-1.1217957
43469.0,-1.3366394
43470.0,-2.309143
43471.0,-2.7723389
43472.0,-5.3888855
43473.0,-6.5391235
43474.0,-4.2366943
43475.0,-4.7855225
43476.0,-1.177948
43477.0,0.57385254
43478.0,1.4743958
43479.0,-2.1130066
43480.0,3.353302
43481.0,1.5565796
43482.0,3.1158447
43483.0,16.599731
43484.0,17.912537
43485.0,18.49701
43486.0,18.42981
43487.0,17.62674
43488.0,15.924591
43489.0,14.063416
43490.0,13.779419
43491.0,18.13147
43492.0,18.11908
43493.0,18.114685
43494.0,18.625763
43495.0,17.799255
43496.0,18.156525
43497.0,17.843536
43498.0,17.109985
43499.0,16.983185
43500.0,18.68045
43501.0,18.021912
43502.0,18.034302
43510.0,20.484161
43511.0,21.310333
43623.0,23.035583
43624.0,23.035583
43625.0,23.035583
43626.0,23.035583
43627.0,23.035583
43628.0,23.035583
43629.0,23.035583
43630.0,23.035583
43631.0,23.035583
43632.0,23.035583
43633.0,23.035583
43634.0,23.035583
43635.0,23.035583
43636.0,23.035583
43637.0,23.035583
43638.0,23.035583
43639.0,23.035583
43640.0,23.035583
43641.0,23.035583
43642.0,23.035583
43643.0,23.035583
43644.0,23.035583
43645.0,23.035583
43646.0,23.035583
43647.0,23.035583
43648.0,23.035583
43649.0,23.035583
43650.0,23.035583
43651.0,23.035583
43652.0,23.035583
43653.0,23.035583
43654.0,23.035583
43655.0,23.035583
43656.0,23.035583
43657.0,23.035583
43658.0,23.035583
43659.0,23.035583
43731.0,23.035583
43732.0,23.035583
43742.0,22.859009
43743.0,24.004333
43744.0,24.802673
43745.0,25.065216
43746.0,24.954376
43747.0,24.453735
43748.0,24.031677
43749.0,23.525513
43750.0,22.39856
43751.0,20.927673
43752.0,20.434357
43753.0,21.581177
43754.0,22.389435
43755.0,22.496857
43763.0,21.260681
43764.0,20.609161
43765.0,20.786896
43767.0,21.068298
43768.0,21.080688
43769.0,21.212189
43770.0,21.599731
43771.0,21.719513
43772.0,21.606232
43773.0,21.762634
43774.0,22.130646
43775.0,23.97586
43776.0,20.34076
43777.0,21.34436
43780.0,22.265564
43781.0,24.181274
43784.0,26.503693
43785.0,27.753052
43786.0,28.334747
43787.0,28.364044
43788.0,28.155548
43789.0,26.29065
43791.0,12.206818
43792.0,16.668243
43800.0,22.001892
43801.0,24.009705
43802.0,24.015259
43803.0,22.996521
43804.0,23.170197
43805.0,22.041779
43806.0,20.437286
43807.0,16.16449
43808.0,16.664825
43809.0,19.481232
43810.0,27.052032
43811.0,26.682251
43812.0,25.403595
43813.0,24.760376
43814.0,24.20877
43815.0,23.818481
43816.0,21.30481
43817.0,10.501251
43818.0,-6.3206787
43819.0,-2.3009949
43820.0,-6.939514
43821.0,-6.6789246
43822.0,-3.4596863
43823.0,-3.331421
43824.0,0.65979004
43825.0,-1.4269714
43826.0,-0.8088074
43827.0,-0.10095215
43828.0,0.66760254
43829.0,0.9371338
43830.0,0.57611084
43831.0,0.8594971
43832.0,-2.0169678
43833.0,-5.7860107
43834.0,-5.580139
43835.0,-5.19162
43836.0,-1.473999
43837.0,-0.36413574
43838.0,2.4278564
43839.0,-0.7585144
43840.0,1.6897278
43841.0,-0.6331787
43842.0,0.15603638
43843.0,4.934021
43844.0,16.40979
43845.0,17.461853
43846.0,17.536743
43847.0,16.462341
43848.0,14.965607
43849.0,13.434845
43850.0,11.28479
43851.0,14.713989
43852.0,17.178833
43853.0,17.256775
43854.0,16.739197
43855.0,15.7829895
43856.0,17.024536
43857.0,17.939087
43858.0,17.948181
43859.0,17.817017
43860.0,17.874146
43861.0,17.943298
43869.0,20.127228
43870.0,18.816193
43871.0,19.875122
43981.0,21.275177
43982.0,21.275177
43983.0,21.275177
43984.0,21.275177
43985.0,21.275177
43986.0,21.275177
43987.0,21.275177
43988.0,21.275177
43989.0,21.275177
43990.0,21.275177
43991.0,21.275177
43992.0,21.275177
43993.0,21.275177
43994.0,21.275177
43995.0,21.275177
43996.0,21.275177
43997.0,21.275177
43998.0,21.275177
43999.0,21.275177
44000.0,21.275177
44001.0,21.275177
44002.0,21.275177
44003.0,21.275177
44004.0,21.275177
44005.0,21.275177
44006.0,21.275177
44007.0,21.275177
44008.0,21.275177
44009.0,21.275177
44010.0,21.275177
44011.0,21.275177
44012.0,21.275177
44013.0,21.275177
44014.0,21.275177
44015.0,21.275177
44016.0,21.275177
44017.0,21.275177
44018.0,21.275177
44019.0,21.275177
44020.0,21.275177
44083.0,21.275177
44097.0,21.275177
44102.0,22.365845
44103.0,22.818787
44104.0,24.0932
44105.0,24.66449
44106.0,24.180939
44107.0,23.7641
44108.0,23.492462
44109.0,23.032654
44110.0,22.222107
44111.0,22.768982
44112.0,22.531677
44113.0,21.741974
44114.0,21.867798
44115.0,21.334106
44123.0,20.713165
44124.0,20.73465
44134.0,21.972778
44135.0,22.044373
44136.0,18.067017
44137.0,20.902466
44138.0,21.11145
44139.0,20.678162
44140.0,21.801208
44143.0,25.155212
44144.0,26.992798
44145.0,27.559357
44146.0,27.58197
44147.0,26.202759
44148.0,25.705505
44155.0,22.13031
44160.0,18.953552
44161.0,21.963165
44162.0,22.395294
44163.0,20.728302
44164.0,19.700623
44165.0,19.558044
44166.0,14.498474
44167.0,15.468048
44168.0,14.816345
44169.0,14.033813
44170.0,25.049103
44171.0,25.718689
44172.0,24.398712
44173.0,24.216583
44174.0,23.62674
44175.0,21.646423
44176.0,2.2175598
44177.0,-11.598358
44178.0,-10.598511
44179.0,-5.4295654
44180.0,-2.8861084
44181.0,-3.2197876
44182.0,0.3479309
44183.0,0.058044434
44184.0,-1.427124
44185.0,-2.9735107
44186.0,-1.2734985
44187.0,-3.6314087
44188.0,-2.1629639
44189.0,-0.71588135
44190.0,-1.8644714
44191.0,-2.63385
44192.0,-4.725647
44193.0,-5.7570496
44194.0,-7.0161743
44195.0,-2.962616
44196.0,-2.449768
44197.0,-3.1452332
44198.0,-2.4048462
44199.0,-0.7619324
44200.0,-0.81970215
44201.0,-0.6385498
44202.0,-0.34347534
44203.0,1.6578369
44204.0,9.533478
44205.0,14.667114
44206.0,12.473755
44207.0,12.611938
44208.0,13.836212
44209.0,14.243927
44210.0,14.622681
44211.0,16.556763
44212.0,16.799438
44213.0,16.05951
44214.0,16.766052
44215.0,16.983826
44216.0,17.117462
44217.0,16.849243
44218.0,16.780212
44219.0,16.973755
44220.0,16.71576
44221.0,16.67981
44228.0,19.19574
44229.0,19.088806
44230.0,18.187134
44231.0,16.477814
44232.0,19.786255
44233.0,20.152771
44339.0,17.818298
44340.0,17.818298
44341.0,17.818298
44342.0,17.818298
44343.0,17.818298
44344.0,17.818298
44345.0,17.818298
44346.0,17.818298
44347.0,17.818298
44348.0,17.818298
44349.0,17.818298
44350.0,17.818298
44351.0,17.818298
44352.0,17.818298
44353.0,17.818298
44354.0,17.818298
44355.0,17.818298
44356.0,17.818298
44357.0,17.818298
44358.0,17.818298
44359.0,17.818298
44360.0,17.818298
44361.0,17.818298
44362.0,17.818298
44363.0,17.818298
44364.0,17.818298
44365.0,17.818298
44366.0,17.818298
44367.0,17.818298
44368.0,17.818298
44369.0,17.818298
44370.0,17.818298
44371.0,17.818298
44372.0,17.818298
44373.0,17.818298
44374.0,17.818298
44375.0,17.818298
44376.0,17.818298
44377.0,17.818298
44378.0,17.818298
44379.0,17.818298
44380.0,17.818298
44381.0,17.818298
44382.0,17.818298
44443.0,17.818298
44451.0,17.818298
44452.0,17.818298
44453.0,17.818298
44454.0,17.818298
44455.0,17.818298
44456.0,17.818298
44457.0,17.818298
44462.0,20.096802
44463.0,20.97586
44464.0,22.661743
44465.0,23.908966
44466.0,23.77893
44467.0,23.342072
44468.0,23.776642
44469.0,22.344849
44470.0,22.268005
44471.0,21.085083
44495.0,18.098083
44496.0,19.337524
44497.0,19.896118
44498.0,20.233185
44499.0,20.720337
44500.0,21.825134
44501.0,22.861267
44502.0,24.301544
44503.0,25.207794
44504.0,26.673615
44505.0,26.445923
44506.0,17.951447
44509.0,13.0616455
44510.0,15.130493
44514.0,22.066345
44515.0,23.282013
44520.0,21.109009
44521.0,19.717712
44522.0,18.140076
44523.0,13.516876
44524.0,9.659302
44525.0,12.4730835
44526.0,12.344666
44527.0,5.6199036
44528.0,12.514282
44529.0,10.875763
44530.0,18.034454
44531.0,23.13977
44532.0,22.958923
44533.0,21.7052
44534.0,9.121368
44535.0,4.670532
44536.0,-9.850647
44538.0,-9.859589
44539.0,-4.610565
44540.0,-1.5391235
44541.0,-5.161499
44542.0,-6.0885925
44543.0,-6.2539673
44545.0,-5.8812256
44546.0,-5.5335693
44547.0,-4.7101746
44548.0,-4.7754517
44549.0,-4.5161743
44550.0,-4.272339
44551.0,-5.7269287
44552.0,-2.4718933
44553.0,-2.6198425
44554.0,-3.65094
44555.0,-4.956421
44556.0,-4.6156006
44557.0,-4.7388306
44558.0,-4.532776
44559.0,-1.0977173
44560.0,-1.5412292
44561.0,-1.9976196
44562.0,2.5471497
44563.0,1.8925171
44564.0,6.5066223
44565.0,10.558533
44566.0,10.574982
44567.0,11.928833
44568.0,10.023071
44569.0,11.709595
44570.0,12.949982
44571.0,13.98645
44572.0,14.934692
44573.0,16.578735
44574.0,16.679962
44575.0,16.69217
44576.0,16.598755
44577.0,16.493591
44578.0,16.514435
44579.0,16.203735
44580.0,16.107056
44589.0,17.952576
44590.0,17.160767
44591.0,17.558044
44592.0,17.266388
44593.0,17.104767
44594.0,18.32727
44595.0,18.15326
44596.0,19.146606
44599.0,20.04065
44699.0,17.16809
44700.0,17.16809
44701.0,17.16809
44702.0,17.16809
44703.0,17.16809
44704.0,17.16809
44705.0,17.16809
44706.0,17.16809
44707.0,17.16809
44708.0,17.16809
44709.0,17.16809
44710.0,17.16809
44711.0,17.16809
44712.0,17.16809
44713.0,17.16809
44714.0,17.16809
44715.0,17.16809
44716.0,17.16809
44717.0,17.16809
44718.0,17.16809
44719.0,17.16809
44720.0,17.16809
44721.0,17.16809
44722.0,17.16809
44723.0,17.16809
44724.0,17.16809
44725.0,17.16809
44726.0,17.16809
44727.0,17.16809
44728.0,17.16809
44729.0,17.16809
44730.0,17.16809
44731.0,17.16809
44732.0,17.16809
44733.0,17.16809
44734.0,17.16809
44735.0,17.16809
44736.0,17.16809
44737.0,17.16809
44738.0,17.16809
44739.0,17.16809
44740.0,17.16809
44741.0,17.16809
44742.0,17.16809
44743.0,17.16809
44813.0,17.16809
44814.0,17.16809
44815.0,17.16809
44816.0,17.16809
44817.0,17.16809
44818.0,17.16809
44819.0,17.16809
44822.0,17.839294
44823.0,17.85086
44824.0,21.457947
44825.0,23.88504
44826.0,24.590607
44827.0,22.48108
44828.0,20.65863
44829.0,20.977814
44830.0,21.08783
44831.0,20.54602
44844.0,20.141876
44845.0,20.275513
44846.0,20.139282
44852.0,21.169708
44853.0,21.35852
44854.0,21.665802
44855.0,21.89383
44856.0,17.651306
44857.0,18.289673
44858.0,20.269165
44859.0,21.571411
44860.0,22.743286
44861.0,23.151642
44862.0,23.966583
44863.0,25.140564
44864.0,25.690704
44865.0,24.416779
44867.0,15.639099
44868.0,15.097107
44869.0,15.218536
44870.0,18.156036
44871.0,21.652283
44874.0,22.429626
44875.0,23.046661
44877.0,21.760529
44878.0,19.709259
44880.0,18.16922
44881.0,18.12268
44882.0,15.082153
44883.0,10.542114
44884.0,7.239685
44885.0,4.6994934
44886.0,2.4242554
44887.0,2.578247
44888.0,4.904907
44889.0,13.998169
44890.0,22.197052
44891.0,21.244751
44892.0,19.008728
44893.0,10.663025
44894.0,8.116821
44895.0,-5.363159
44896.0,-4.4914246
44897.0,-10.491089
44898.0,-13.802124
44899.0,-10.207581
44900.0,-9.239624
44902.0,-8.737183
44903.0,-8.103394
44904.0,-7.710663
44905.0,-8.448608
44908.0,-4.9377136
44910.0,-5.5547485
44911.0,-3.9979248
44912.0,-3.0861511
44913.0,-2.2044678
44914.0,-2.7917175
44915.0,-2.6782837
44916.0,-4.2399597
44917.0,-2.9113464
44918.0,-1.0954285
44919.0,-5.065155
44920.0,0.05984497
44921.0,1.1837158
44922.0,1.8861694
44923.0,3.010376
44924.0,4.345337
44925.0,9.51297
44926.0,9.722778
44927.0,12.839478
44928.0,14.841919
44929.0,15.281036
44930.0,12.885529
44931.0,13.480743
44932.0,15.574158
44933.0,16.229126
44934.0,16.684998
44935.0,16.447876
44936.0,16.271912
44937.0,15.773376
44938.0,15.621033
44939.0,15.595337
44940.0,15.474548
44949.0,17.386658
44950.0,17.627075
44951.0,16.702911
44952.0,15.302368
44953.0,17.096466
44954.0,16.789001
44955.0,17.033325
44956.0,16.817322
44957.0,18.181763
44958.0,18.48645
44959.0,19.035583
45058.0,19.709595
45059.0,19.709595
45060.0,19.709595
45061.0,19.709595
45062.0,19.709595
45063.0,19.709595
45064.0,19.709595
45065.0,19.709595
45066.0,19.709595
45067.0,19.709595
45068.0,19.709595
45069.0,19.709595
45070.0,19.709595
45071.0,19.709595
45072.0,19.709595
45073.0,19.709595
45074.0,19.709595
45075.0,19.709595
45076.0,19.709595
45077.0,19.709595
45078.0,19.709595
45079.0,19.709595
45080.0,19.709595
45081.0,19.709595
45082.0,19.709595
45083.0,19.709595
45084.0,19.709595
45085.0,19.709595
45086.0,19.709595
45087.0,19.709595
45088.0,19.709595
45089.0,19.709595
45090.0,19.709595
45091.0,19.709595
45092.0,19.709595
45093.0,19.709595
45094.0,19.709595
45095.0,19.709595
45096.0,19.709595
45097.0,19.709595
45098.0,19.709595
45099.0,19.709595
45100.0,19.709595
45101.0,19.709595
45102.0,19.709595
45103.0,19.709595
45104.0,19.709595
45173.0,19.709595
45174.0,19.709595
45175.0,19.709595
45176.0,19.709595
45177.0,19.709595
45178.0,19.709595
45179.0,19.709595
45180.0,19.393341
45181.0,17.851013
45182.0,19.077087
45183.0,18.95633
45184.0,21.510864
45185.0,18.58963
45186.0,16.578247
45187.0,17.318298
45188.0,16.997345
45189.0,19.48645
45190.0,20.98645
45191.0,20.016235
45194.0,20.363068
45203.0,19.245056
45204.0,19.071716
45205.0,19.538696
45206.0,19.619568
45207.0,19.83899
45212.0,21.30008
45213.0,21.167267
45214.0,21.50174
45215.0,21.519165
45216.0,18.701935
45217.0,20.652618
45218.0,21.029083
45219.0,20.93631
45220.0,22.66858
45221.0,22.834106
45222.0,23.629333
45223.0,24.429962
45224.0,23.174744
45225.0,19.03772
45226.0,13.410919
45227.0,13.579041
45228.0,13.797791
45229.0,11.958435
45230.0,16.90799
45231.0,19.006775
45232.0,13.6449585
45233.0,17.914337
45234.0,18.372192
45237.0,18.183716
45238.0,14.865845
45239.0,13.638611
45240.0,15.112244
45241.0,17.868927
45242.0,17.68631
45243.0,14.857849
45244.0,8.427521
45245.0,3.9944153
45246.0,2.92865
45247.0,4.189087
45248.0,8.571228
45249.0,1.8396301
45250.0,-3.806366
45251.0,3.6332397
45252.0,-1.0845337
45253.0,6.0886536
45259.0,-8.121796
45262.0,-10.873749
45266.0,-8.15387
45268.0,-7.3250732
45269.0,-7.973694
45271.0,-6.6369324
45273.0,-3.4197998
45274.0,-6.486389
45275.0,-4.9520264
45276.0,-4.4539795
45277.0,-4.678589
45278.0,-3.935608
45279.0,-3.4295654
45280.0,3.5140991
45281.0,-1.1356201
45282.0,1.5455322
45283.0,8.033325
45284.0,7.5119934
45285.0,8.336548
45286.0,7.815857
45287.0,11.334259
45288.0,10.535431
45289.0,12.247345
45290.0,14.07254
45291.0,13.587341
45292.0,12.568634
45293.0,13.932556
45294.0,16.279419
45295.0,15.990845
45296.0,15.607208
45297.0,14.415314
45298.0,14.29895
45299.0,14.333435
45300.0,14.801392
45312.0,17.014587
45313.0,16.074005
45314.0,15.212189
45315.0,16.03363
45316.0,14.573669
45317.0,12.559509
45318.0,11.185333
45319.0,16.24002
45320.0,17.181427
45417.0,19.027771
45418.0,19.027771
45419.0,19.027771
45420.0,19.027771
45421.0,19.027771
45422.0,19.027771
45423.0,19.027771
45424.0,19.027771
45425.0,19.027771
45426.0,19.027771
45427.0,19.027771
45428.0,19.027771
45429.0,19.027771
45430.0,19.027771
45431.0,19.027771
45432.0,19.027771
45433.0,19.027771
45434.0,19.027771
45435.0,19.027771
45436.0,19.027771
45437.0,19.027771
45438.0,19.027771
45439.0,19.027771
45440.0,19.027771
45441.0,19.027771
45442.0,19.027771
45443.0,19.027771
45444.0,19.027771
45445.0,19.027771
45446.0,19.027771
45447.0,19.027771
45448.0,19.027771
45449.0,19.027771
45450.0,19.027771
45451.0,19.027771
45452.0,19.027771
45453.0,19.027771
45454.0,19.027771
45455.0,19.027771
45456.0,19.027771
45457.0,19.027771
45458.0,19.027771
45459.0,19.027771
45460.0,19.027771
45461.0,19.027771
45462.0,19.027771
45463.0,19.027771
45464.0,19.027771
45531.0,19.027771
45532.0,19.027771
45533.0,19.027771
45534.0,19.027771
45535.0,19.027771
45536.0,19.027771
45537.0,19.027771
45540.0,18.99295
45541.0,18.694458
45542.0,18.505493
45543.0,18.389587
45544.0,17.029724
45545.0,16.684357
45546.0,17.878204
45547.0,18.569946
45548.0,17.976837
45549.0,19.28772
45550.0,19.354767
45551.0,19.571411
45554.0,19.527771
45555.0,19.67865
45561.0,19.642517
45562.0,19.29535
45563.0,19.343872
45564.0,19.282654
45565.0,19.114532
45566.0,19.377228
45567.0,19.555939
45568.0,20.05252
45569.0,16.329224
45570.0,19.783813
45571.0,21.275513
45572.0,13.604279
45573.0,16.670044
45574.0,21.234802
45575.0,20.779572
45576.0,18.975372
45577.0,19.524689
45578.0,20.401306
45579.0,20.880493
45580.0,21.32074
45581.0,21.827087
45582.0,22.769806
45583.0,22.49524
45584.0,17.220154
45585.0,12.693787
45586.0,14.102478
45587.0,10.893005
45588.0,12.427368
45589.0,13.443634
45590.0,11.605408
45591.0,12.708435
45592.0,17.423767
45593.0,14.356384
45599.0,15.160095
45600.0,18.139435
45601.0,19.934692
45602.0,18.79895
45603.0,17.005005
45604.0,17.114197
45605.0,17.74231
45606.0,16.112732
45607.0,13.998657
45608.0,17.526794
45609.0,12.189392
45610.0,-2.4248657
45611.0,-6.725647
45612.0,-5.4346313
45615.0,-15.025604
45616.0,-12.107483
45617.0,-10.605835
45618.0,-7.9404907
45619.0,1.6428528
45620.0,5.6438293
45621.0,9.434204
45622.0,0.07824707
45623.0,-5.29303
45625.0,-11.178436
45628.0,-10.0894165
45629.0,-9.366089
45630.0,-9.7352295
45631.0,-7.40271
45632.0,-1.2393188
45633.0,2.0718994
45634.0,5.67395
45635.0,6.5753174
45636.0,6.602173
45637.0,6.3371887
45638.0,0.28234863
45639.0,2.899353
45640.0,2.5777588
45641.0,3.2087708
45642.0,5.1796265
45643.0,8.757111
45644.0,10.169556
45645.0,7.211212
45646.0,8.416138
45647.0,10.122681
45648.0,9.593689
45649.0,11.015564
45650.0,11.558868
45651.0,11.776154
45652.0,10.878357
45653.0,11.241486
45654.0,15.723755
45655.0,15.639099
45656.0,15.182404
45657.0,13.372833
45658.0,13.585388
45659.0,14.571716
45660.0,14.188599
45661.0,14.062622
45662.0,13.836853
45672.0,16.070923
45673.0,16.174255
45675.0,16.096313
45676.0,15.467072
45677.0,9.0824585
45678.0,10.603302
45679.0,12.967072
45680.0,15.321228
45776.0,19.205994
45777.0,19.205994
45778.0,19.205994
45779.0,19.205994
45780.0,19.205994
45781.0,19.205994
45782.0,19.205994
45783.0,19.205994
45784.0,19.205994
45785.0,19.205994
45786.0,19.205994
45787.0,19.205994
45788.0,19.205994
45789.0,19.205994
45790.0,19.205994
45791.0,19.205994
45792.0,19.205994
45793.0,19.205994
45794.0,19.205994
45795.0,19.205994
45796.0,19.205994
45797.0,19.205994
45798.0,19.205994
45799.0,19.205994
45800.0,19.205994
45801.0,19.205994
45802.0,19.205994
45803.0,19.205994
45804.0,19.205994
45805.0,19.205994
45806.0,19.205994
45807.0,19.205994
45808.0,19.205994
45809.0,19.205994
45810.0,19.205994
45811.0,19.205994
45812.0,19.205994
45813.0,19.205994
45814.0,19.205994
45815.0,19.205994
45816.0,19.205994
45817.0,19.205994
45818.0,19.205994
45819.0,19.205994
45820.0,19.205994
45821.0,19.205994
45822.0,19.205994
45823.0,19.205994
45824.0,19.205994
45891.0,19.205994
45892.0,19.205994
45893.0,19.205994
45894.0,19.205994
45895.0,19.205994
45896.0,19.205994
45898.0,19.205994
45899.0,19.205994
45906.0,19.247498
45907.0,19.282837
45908.0,19.24408
45909.0,19.3432
45910.0,19.178009
45911.0,19.125275
45912.0,18.88211
45913.0,17.159302
45914.0,16.556763
45915.0,19.493774
45916.0,19.597107
45920.0,19.420837
45921.0,18.229614
45922.0,14.896759
45923.0,19.170197
45924.0,18.758423
45925.0,18.524048
45926.0,18.68518
45927.0,18.790314
45928.0,16.21643
45929.0,14.387482
45930.0,13.810486
45931.0,11.677856
45932.0,13.396912
45933.0,14.747345
45934.0,10.482697
45935.0,16.703888
45936.0,16.012634
45937.0,16.62268
45938.0,19.190704
45939.0,17.984802
45940.0,17.45111
45941.0,17.893677
45942.0,15.903107
45943.0,8.457153
45944.0,8.12088
45945.0,15.474396
45946.0,10.385376
45947.0,12.980743
45948.0,10.423126
45949.0,18.21756
45950.0,18.618103
45953.0,18.712036
45954.0,20.11795
45955.0,18.405396
45957.0,13.351013
45958.0,11.102325
45959.0,20.165466
45960.0,19.638123
45961.0,19.098755
45962.0,18.817017
45963.0,19.377228
45964.0,19.661896
45965.0,20.361603
45966.0,20.010864
45967.0,20.023071
45968.0,19.724548
45969.0,19.12201
45970.0,5.8080444
45971.0,-3.9608154
45972.0,-9.288452
45973.0,-8.503632
45974.0,-8.460999
45975.0,-6.186249
45976.0,0.8456421
45977.0,10.24295
45978.0,13.445435
45979.0,14.037048
45980.0,13.92215
45981.0,13.650665
45982.0,13.417603
45983.0,13.170044
45984.0,11.958923
45985.0,7.8679504
45987.0,-6.478241
45990.0,-6.862671
45991.0,-1.7979126
45992.0,4.46463
45993.0,5.789337
45994.0,5.277466
45995.0,2.0443726
45996.0,-0.1647644
45997.0,-2.3480225
45998.0,-4.519409
45999.0,-3.089569
46000.0,-2.8569946
46001.0,-2.4087524
46002.0,-0.015991211
46003.0,8.126892
46004.0,10.187927
46005.0,11.638794
46006.0,11.08963
46007.0,9.823853
46008.0,9.401001
46009.0,10.957306
46010.0,12.120239
46011.0,8.466248
46012.0,12.280212
46013.0,9.26947
46014.0,14.465271
46015.0,15.141876
46016.0,14.901978
46017.0,14.665802
46018.0,14.453735
46019.0,13.714294
46020.0,13.701782
46021.0,13.581329
46022.0,13.00354
46036.0,15.314728
46037.0,15.310822
46038.0,14.855103
46039.0,11.334412
46040.0,12.196075
46041.0,15.188751
46136.0,18.610962
46137.0,18.610962
46138.0,18.610962
46139.0,18.610962
46140.0,18.610962
46141.0,18.610962
46142.0,18.610962
46143.0,18.610962
46144.0,18.610962
46145.0,18.610962
46146.0,18.610962
46147.0,18.610962
46148.0,18.610962
46149.0,18.610962
46150.0,18.610962
46151.0,18.610962
46152.0,18.610962
46153.0,18.610962
46154.0,18.610962
46155.0,18.610962
46156.0,18.610962
46157.0,18.610962
46158.0,18.610962
46159.0,18.610962
46160.0,18.610962
46161.0,18.610962
46162.0,18.610962
46163.0,18.610962
46164.0,18.610962
46165.0,18.610962
46166.0,18.610962
46167.0,18.610962
46168.0,18.610962
46169.0,18.610962
46170.0,18.610962
46171.0,18.610962
46172.0,18.610962
46173.0,18.610962
46174.0,18.610962
46175.0,18.610962
46176.0,18.610962
46177.0,18.610962
46178.0,18.610962
46179.0,18.610962
46180.0,18.610962
46181.0,18.610962
46182.0,18.610962
46183.0,18.610962
46184.0,18.610962
46185.0,18.610962
46250.0,18.610962
46251.0,18.610962
46252.0,18.610962
46253.0,18.610962
46254.0,18.610962
46255.0,18.610962
46256.0,18.610962
46257.0,18.610962
46258.0,18.610962
46259.0,18.610962
46268.0,18.635193
46272.0,19.061157
46273.0,19.109802
46274.0,19.28186
46275.0,19.18631
46276.0,17.384888
46277.0,19.156525
46280.0,18.514282
46281.0,17.21463
46282.0,15.186157
46283.0,17.223755
46284.0,18.113068
46285.0,18.179962
46286.0,18.118774
46287.0,16.904907
46288.0,16.536255
46289.0,14.853638
46290.0,11.484497
46291.0,12.013611
46292.0,12.883423
46293.0,14.169556
46294.0,11.311157
46295.0,10.479614
46296.0,7.4799194
46297.0,10.417114
46298.0,15.2099
46299.0,14.975708
46300.0,15.131287
46301.0,12.656372
46302.0,11.139587
46303.0,10.437622
46304.0,8.386353
46305.0,13.069763
46306.0,8.972595
46307.0,10.880493
46308.0,10.632446
46313.0,17.39627
46314.0,18.788696
46315.0,18.452576
46317.0,19.402771
46318.0,20.033142
46319.0,19.482697
46320.0,18.973572
46321.0,18.645782
46322.0,18.78006
46323.0,18.832642
46324.0,19.122833
46325.0,18.150513
46326.0,14.536896
46327.0,6.1347046
46328.0,12.899689
46329.0,11.543579
46330.0,2.8222046
46331.0,-5.9990845
46332.0,-11.663635
46333.0,-10.706268
46334.0,-8.674042
46335.0,-6.6115417
46336.0,10.757935
46337.0,13.731873
46343.0,12.904907
46344.0,12.630981
46345.0,12.4236145
46346.0,12.464966
46347.0,11.241333
46348.0,1.0528564
46349.0,-2.5008545
46350.0,1.0798645
46351.0,3.6483765
46352.0,3.4727783
46353.0,3.9994507
46354.0,1.5595093
46355.0,-7.088745
46356.0,-8.161835
46357.0,-8.177795
46358.0,-6.779175
46359.0,-4.964081
46360.0,1.0552979
46361.0,4.604767
46362.0,10.610962
46363.0,10.767517
46364.0,10.758575
46365.0,10.202423
46366.0,11.563904
46367.0,9.602661
46368.0,9.719849
46369.0,10.377075
46370.0,11.08313
46371.0,7.462036
46372.0,8.775024
46373.0,9.144318
46374.0,13.720154
46375.0,14.683228
46376.0,14.507446
46377.0,14.068298
46378.0,13.06131
46380.0,12.307251
46381.0,12.622833
46398.0,14.545532
46399.0,13.316528
46400.0,11.477966
46401.0,13.264282
46496.0,18.300232
46497.0,18.300232
46498.0,18.300232
46499.0,18.300232
46500.0,18.300232
46501.0,18.300232
46502.0,18.300232
46503.0,18.300232
46504.0,18.300232
46505.0,18.300232
46506.0,18.300232
46507.0,18.300232
46508.0,18.300232
46509.0,18.300232
46510.0,18.300232
46511.0,18.300232
46512.0,18.300232
46513.0,18.300232
46514.0,18.300232
46515.0,18.300232
46516.0,18.300232
46517.0,18.300232
46518.0,18.300232
46519.0,18.300232
46520.0,18.300232
46521.0,18.300232
46522.0,18.300232
46523.0,18.300232
46524.0,18.300232
46525.0,18.300232
46526.0,18.300232
46527.0,18.300232
46528.0,18.300232
46529.0,18.300232
46530.0,18.300232
46531.0,18.300232
46532.0,18.300232
46533.0,18.300232
46534.0,18.300232
46535.0,18.300232
46536.0,18.300232
46537.0,18.300232
46538.0,18.300232
46539.0,18.300232
46540.0,18.300232
46541.0,18.300232
46542.0,18.300232
46543.0,18.300232
46544.0,18.300232
46545.0,18.300232
46610.0,18.300232
46611.0,18.300232
46612.0,18.300232
46613.0,18.300232
46614.0,18.300232
46615.0,18.300232
46616.0,18.300232
46618.0,18.300232
46619.0,18.300232
46622.0,18.450623
46628.0,17.570587
46629.0,17.331177
46635.0,18.6492
46636.0,13.677185
46637.0,18.759064
46638.0,18.79422
46639.0,18.518005
46640.0,15.357208
46641.0,12.108032
46642.0,16.329865
46643.0,17.957794
46644.0,18.003357
46645.0,17.608032
46646.0,16.907654
46647.0,14.684845
46648.0,12.929138
46649.0,11.897736
46650.0,11.514587
46651.0,12.772736
46652.0,12.583282
46653.0,13.328247
46654.0,12.311798
46655.0,10.873962
46656.0,9.832947
46657.0,8.521118
46658.0,10.648376
46659.0,6.3000793
46660.0,8.297791
46661.0,6.79895
46662.0,9.676544
46663.0,5.902771
46664.0,11.686951
46665.0,10.116821
46666.0,9.112915
46667.0,16.17508
46668.0,16.561798
46669.0,16.853455
46672.0,17.140747
46673.0,17.761353
46674.0,17.819458
46675.0,18.250275
46676.0,18.729279
46677.0,18.927185
46678.0,18.484161
46679.0,17.90149
46680.0,17.491638
46682.0,17.635193
46683.0,18.09906
46684.0,18.178009
46685.0,18.255005
46686.0,15.803162
46687.0,13.184021
46688.0,3.8539429
46689.0,-0.5194092
46690.0,-4.2684326
46691.0,-3.4822998
46692.0,-3.9993896
46693.0,-8.806702
46694.0,-2.2756042
46695.0,10.71106
46696.0,13.705841
46697.0,14.478638
46698.0,13.881775
46699.0,13.37381
46702.0,12.858337
46703.0,12.647095
46708.0,13.279236
46710.0,11.812286
46713.0,4.0585327
46714.0,4.3943176
46715.0,-3.4727173
46716.0,-7.2373657
46717.0,-5.3888855
46718.0,3.684845
46719.0,10.690216
46720.0,9.310333
46721.0,10.128845
46722.0,10.26297
46723.0,10.123962
46724.0,10.185181
46725.0,10.808228
46726.0,10.511658
46727.0,8.903595
46728.0,8.875763
46729.0,8.763794
46730.0,9.611938
46731.0,8.925232
46732.0,7.7838135
46733.0,7.2307434
46734.0,7.030884
46735.0,12.158478
46736.0,13.767029
46737.0,13.511658
46738.0,13.003052
46739.0,12.02713
46741.0,11.834595
46742.0,11.444275
46743.0,11.5355835
46744.0,11.133423
46759.0,14.004517
46760.0,11.629181
46761.0,9.560486
46762.0,13.149689
46855.0,13.491974
46856.0,13.491974
46857.0,13.491974
46858.0,13.491974
46859.0,13.491974
46860.0,13.491974
46861.0,13.491974
46862.0,13.491974
46863.0,13.491974
46864.0,13.491974
46865.0,13.491974
46866.0,13.491974
46867.0,13.491974
46868.0,13.491974
46869.0,13.491974
46870.0,13.491974
46871.0,13.491974
46872.0,13.491974
46873.0,13.491974
46874.0,13.491974
46875.0,13.491974
46876.0,13.491974
46877.0,13.491974
46878.0,13.491974
46879.0,13.491974
46880.0,13.491974
46881.0,13.491974
46882.0,13.491974
46883.0,13.491974
46884.0,13.491974
46885.0,13.491974
46886.0,13.491974
46887.0,13.491974
46888.0,13.491974
46889.0,13.491974
46890.0,13.491974
46891.0,13.491974
46892.0,13.491974
46893.0,13.491974
46894.0,13.491974
46895.0,13.491974
46896.0,13.491974
46897.0,13.491974
46898.0,13.491974
46899.0,13.491974
46900.0,13.491974
46901.0,13.491974
46902.0,13.491974
46903.0,13.491974
46904.0,13.491974
46905.0,13.491974
46906.0,13.491974
46907.0,13.491974
46971.0,13.491974
46972.0,13.491974
46973.0,13.491974
46974.0,13.491974
46975.0,13.491974
46976.0,13.491974
46977.0,13.491974
46978.0,13.491974
46979.0,13.491974
46980.0,17.149841
46988.0,16.445251
46989.0,16.052185
46992.0,18.500916
46993.0,18.518188
46994.0,18.201935
46995.0,12.794861
46996.0,16.316528
46997.0,17.599243
46998.0,18.372833
46999.0,17.078888
47000.0,10.476837
47001.0,12.042114
47002.0,16.523865
47003.0,16.031189
47004.0,17.158813
47005.0,16.946564
47006.0,16.042755
47007.0,16.001251
47008.0,15.820099
47009.0,14.774689
47010.0,12.558044
47011.0,9.387817
47012.0,9.373657
47013.0,12.126099
47014.0,13.097595
47015.0,12.31131
47016.0,11.920349
47017.0,9.369415
47018.0,7.335388
47019.0,6.4432983
47020.0,6.298279
47021.0,7.824646
47022.0,5.8534546
47023.0,8.968384
47024.0,7.3576965
47025.0,6.841095
47026.0,11.044373
47027.0,16.341248
47028.0,14.451447
47029.0,15.319611
47030.0,16.08899
47032.0,16.148224
47033.0,16.564087
47034.0,16.205688
47036.0,16.986938
47037.0,17.004517
47038.0,16.691193
47040.0,15.966736
47041.0,16.340118
47042.0,16.775818
47043.0,17.366486
47044.0,17.227966
47045.0,15.237244
47046.0,12.826935
47047.0,15.662872
47048.0,17.47879
47049.0,15.570587
47050.0,16.91156
47051.0,17.071411
47052.0,14.055115
47053.0,5.681427
47054.0,-5.648651
47055.0,-5.5897217
47056.0,-2.499878
47057.0,4.7117004
47058.0,7.7562866
47059.0,12.585571
47060.0,12.240021
47061.0,12.263123
47062.0,12.636353
47063.0,12.703735
47065.0,12.547485
47066.0,12.771606
47067.0,12.896912
47070.0,12.834595
47073.0,12.537872
47074.0,11.949158
47075.0,11.519165
47076.0,9.776306
47077.0,9.562286
47078.0,9.576447
47079.0,10.618591
47080.0,11.756622
47083.0,9.261017
47084.0,9.220001
47085.0,8.299438
47086.0,10.26947
47087.0,10.295197
47088.0,9.843536
47089.0,8.971802
47090.0,8.502075
47091.0,8.933868
47092.0,6.032501
47093.0,6.1568604
47094.0,7.960724
47095.0,8.334412
47096.0,10.532501
47097.0,9.504181
47098.0,9.9678955
47099.0,9.519165
47100.0,11.02356
47101.0,10.895294
47102.0,10.391235
47103.0,8.912231
47104.0,9.624786
47105.0,8.761017
47106.0,6.5458374
47119.0,12.868927
47120.0,10.174744
47121.0,11.81604
47215.0,16.601196
47216.0,16.601196
47217.0,16.601196
47218.0,16.601196
47219.0,16.601196
47220.0,16.601196
47221.0,16.601196
47222.0,16.601196
47223.0,16.601196
47224.0,16.601196
47225.0,16.601196
47226.0,16.601196
47227.0,16.601196
47228.0,16.601196
47229.0,16.601196
47230.0,16.601196
47231.0,16.601196
47232.0,16.601196
47233.0,16.601196
47234.0,16.601196
47235.0,16.601196
47236.0,16.601196
47237.0,16.601196
47238.0,16.601196
47239.0,16.601196
47240.0,16.601196
47241.0,16.601196
47242.0,16.601196
47243.0,16.601196
47244.0,16.601196
47245.0,16.601196
47246.0,16.601196
47247.0,16.601196
47248.0,16.601196
47249.0,16.601196
47250.0,16.601196
47251.0,16.601196
47252.0,16.601196
47253.0,16.601196
47254.0,16.601196
47255.0,16.601196
47256.0,16.601196
47257.0,16.601196
47258.0,16.601196
47259.0,16.601196
47260.0,16.601196
47261.0,16.601196
47262.0,16.601196
47263.0,16.601196
47264.0,16.601196
47265.0,16.601196
47266.0,16.601196
47267.0,16.601196
47268.0,16.601196
47269.0,16.601196
47270.0,16.601196
47331.0,16.601196
47332.0,16.601196
47333.0,16.601196
47334.0,16.601196
47335.0,16.601196
47337.0,16.601196
47339.0,16.601196
47340.0,16.537537
47341.0,14.061951
47342.0,16.161255
47343.0,16.97049
47348.0,17.755493
47349.0,17.43274
47352.0,17.603302
47353.0,14.375916
47354.0,12.442017
47355.0,17.105896
47356.0,17.889923
47357.0,18.008911
47359.0,17.07367
47360.0,9.276978
47361.0,11.819275
47362.0,13.580505
47363.0,11.98822
47364.0,9.466919
47365.0,12.816681
47366.0,15.171814
47367.0,14.368439
47368.0,14.858032
47369.0,15.3012085
47370.0,15.199829
47371.0,15.007111
47372.0,12.579224
47373.0,9.851501
47374.0,11.244415
47375.0,12.634705
47376.0,15.163696
47377.0,15.434845
47378.0,15.449341
47379.0,15.937622
47380.0,16.366638
47381.0,14.182068
47382.0,4.874634
47383.0,5.1620483
47384.0,11.589294
47385.0,13.970642
47386.0,12.797302
47387.0,3.3204346
47388.0,12.335236
47392.0,15.518677
47393.0,16.353943
47394.0,15.277771
47396.0,15.089966
47397.0,15.684204
47398.0,15.677032
47399.0,15.119904
47400.0,14.571899
47401.0,15.641876
47402.0,15.941681
47403.0,16.012817
47404.0,14.858032
47405.0,16.208923
47406.0,16.285095
47407.0,16.495392
47408.0,16.215271
47409.0,13.32547
47410.0,0.3223877
47411.0,6.085388
47412.0,6.675232
47413.0,2.1185913
47414.0,3.366333
47415.0,5.029907
47416.0,-4.5039673
47417.0,-7.308655
47418.0,-5.8312683
47419.0,8.435486
47420.0,8.802521
47421.0,10.547791
47422.0,11.198364
47423.0,12.627228
47424.0,12.3116455
47425.0,12.414978
47426.0,11.880981
47427.0,8.917267
47428.0,8.819946
47431.0,11.321564
47432.0,10.460876
47433.0,10.119751
47434.0,8.996033
47435.0,5.8835754
47436.0,4.3495483
47437.0,7.1804504
47438.0,9.187439
47439.0,10.594513
47440.0,11.3767395
47441.0,11.613403
47442.0,11.18338
47443.0,10.804321
47444.0,11.333771
47445.0,10.188416
47446.0,7.3551025
47447.0,6.814087
47448.0,7.1869507
47449.0,5.175415
47450.0,5.937439
47451.0,5.552185
47452.0,5.008911
47453.0,5.7193604
47454.0,5.559021
47455.0,4.0009155
47456.0,4.5715637
47457.0,6.720642
47458.0,5.852661
47459.0,8.509216
47460.0,9.814392
47461.0,9.737915
47462.0,10.24295
47463.0,9.859161
47464.0,6.8966064
47465.0,6.9968567
47466.0,5.9978333
47467.0,4.663025
47468.0,2.375763
47479.0,11.802856
47480.0,10.994415
47481.0,10.928986
47575.0,8.378693
47576.0,8.378693
47577.0,8.378693
47578.0,8.378693
47579.0,8.378693
47580.0,8.378693
47581.0,8.378693
47582.0,8.378693
47583.0,8.378693
47584.0,8.378693
47585.0,8.378693
47586.0,8.378693
47587.0,8.378693
47588.0,8.378693
47589.0,8.378693
47590.0,8.378693
47591.0,8.378693
47592.0,8.378693
47593.0,8.378693
47594.0,8.378693
47595.0,8.378693
47596.0,8.378693
47597.0,8.378693
47598.0,8.378693
47599.0,8.378693
47600.0,8.378693
47601.0,8.378693
47602.0,8.378693
47603.0,8.378693
47604.0,8.378693
47605.0,8.378693
47606.0,8.378693
47607.0,8.378693
47608.0,8.378693
47609.0,8.378693
47610.0,8.378693
47611.0,8.378693
47612.0,8.378693
47613.0,8.378693
47614.0,8.378693
47615.0,8.378693
47616.0,8.378693
47617.0,8.378693
47618.0,8.378693
47619.0,8.378693
47620.0,8.378693
47621.0,8.378693
47622.0,8.378693
47623.0,8.378693
47624.0,8.378693
47625.0,8.378693
47626.0,8.378693
47627.0,8.378693
47628.0,8.378693
47629.0,8.378693
47690.0,8.378693
47691.0,8.378693
47692.0,8.378693
47693.0,8.378693
47694.0,8.378693
47695.0,8.378693
47696.0,8.378693
47697.0,8.378693
47698.0,8.378693
47699.0,8.378693
47700.0,7.0603333
47701.0,5.152771
47702.0,11.188416
47703.0,16.317322
47708.0,17.510864
47709.0,16.662231
47711.0,16.133423
47712.0,14.679321
47713.0,10.989868
47714.0,17.209412
47715.0,17.68988
47716.0,17.836212
47717.0,17.702087
47718.0,14.203552
47719.0,10.120392
47720.0,11.022583
47721.0,10.415314
47722.0,8.687622
47723.0,8.771912
47724.0,10.870392
47725.0,11.932739
47726.0,13.143341
47727.0,13.860474
47728.0,14.740845
47733.0,14.980743
47734.0,14.842407
47735.0,14.990509
47740.0,16.20111
47741.0,15.953735
47742.0,11.414978
47743.0,7.7562866
47744.0,1.6820679
47745.0,1.2268372
47746.0,4.7810364
47747.0,9.490356
47748.0,14.731232
47751.0,15.037537
47752.0,14.875427
47753.0,14.737915
47754.0,14.672974
47755.0,14.257751
47757.0,14.517029
47758.0,13.610626
47759.0,13.845978
47760.0,14.35672
47761.0,14.683716
47763.0,13.769318
47764.0,13.91156
47765.0,14.468048
47767.0,15.856384
47768.0,15.929626
47769.0,14.263611
47770.0,9.014282
47771.0,7.1967163
47772.0,1.5157471
47773.0,-1.3496704
47774.0,-1.892456
47775.0,1.7875366
47776.0,6.7471924
47777.0,10.149536
47778.0,1.0657043
47779.0,-5.4914246
47780.0,-5.745819
47781.0,-6.7749634
47782.0,-4.344116
47783.0,-4.654175
47784.0,-1.9847412
47785.0,-3.8394165
47786.0,3.7761536
47787.0,2.3503723
47788.0,11.42688
47789.0,15.351196
47790.0,13.261017
47791.0,12.5928955
47792.0,14.271912
47793.0,12.365662
47794.0,10.674927
47795.0,7.729431
47796.0,6.9193726
47797.0,8.718384
47798.0,9.54422
47799.0,10.23172
47800.0,11.024689
47801.0,10.339783
47802.0,8.782837
47806.0,9.451599
47807.0,8.826447
47808.0,8.041931
47809.0,7.5946655
47810.0,7.7312317
47811.0,6.7852783
47812.0,6.829529
47813.0,6.795349
47814.0,5.8883057
47815.0,4.5889893
47816.0,3.4284973
47817.0,1.9268799
47818.0,6.9247437
47819.0,8.789825
47820.0,8.887329
47821.0,8.149536
47822.0,8.768982
47823.0,8.817169
47824.0,7.6907043
47825.0,7.170532
47826.0,6.2165833
47827.0,5.64447
47828.0,4.258087
47829.0,5.876587
47830.0,8.1762085
47831.0,8.477966
47839.0,10.476685
47840.0,9.271423
47841.0,8.965759
47842.0,6.788025
47843.0,8.320923
47844.0,8.433868
47845.0,8.540802
47935.0,13.866974
47936.0,13.866974
47937.0,13.866974
47938.0,13.866974
47939.0,13.866974
47940.0,13.866974
47941.0,13.866974
47942.0,13.866974
47943.0,13.866974
47944.0,13.866974
47945.0,13.866974
47946.0,13.866974
47947.0,13.866974
47948.0,13.866974
47949.0,13.866974
47950.0,13.866974
47951.0,13.866974
47952.0,13.866974
47953.0,13.866974
47954.0,13.866974
47955.0,13.866974
47956.0,13.866974
47957.0,13.866974
47958.0,13.866974
47959.0,13.866974
47960.0,13.866974
47961.0,13.866974
47962.0,13.866974
47963.0,13.866974
47964.0,13.866974
47965.0,13.866974
47966.0,13.866974
47967.0,13.866974
47968.0,13.866974
47969.0,13.866974
47970.0,13.866974
47971.0,13.866974
47972.0,13.866974
47973.0,13.866974
47974.0,13.866974
47975.0,13.866974
47976.0,13.866974
47977.0,13.866974
47978.0,13.866974
47979.0,13.866974
47980.0,13.866974
47981.0,13.866974
47982.0,13.866974
47983.0,13.866974
47984.0,13.866974
47985.0,13.866974
47986.0,13.866974
47987.0,13.866974
47988.0,13.866974
47989.0,13.866974
47990.0,13.866974
47991.0,13.866974
47993.0,13.866974
47994.0,13.866974
47995.0,13.866974
48051.0,13.866974
48052.0,13.866974
48053.0,13.866974
48054.0,13.866974
48055.0,13.866974
48056.0,13.866974
48057.0,13.866974
48058.0,13.866974
48059.0,13.866974
48060.0,13.661896
48061.0,14.022736
48062.0,11.72406
48063.0,14.908966
48064.0,15.80658
48065.0,14.463165
48066.0,14.603149
48067.0,17.23529
48070.0,15.9366455
48071.0,13.291443
48072.0,12.492126
48073.0,16.18631
48075.0,17.145782
48076.0,15.264099
48077.0,11.594177
48078.0,8.469513
48079.0,9.141876
48080.0,9.7742
48081.0,11.737732
48082.0,9.7742
48083.0,12.584412
48084.0,12.768677
48085.0,12.838013
48086.0,11.816345
48087.0,11.976501
48088.0,13.630493
48099.0,16.23352
48100.0,6.472595
48101.0,3.2307434
48102.0,0.6710205
48103.0,9.114868
48104.0,11.937134
48105.0,13.086548
48106.0,14.274048
48107.0,14.261353
48111.0,14.737579
48112.0,13.66272
48113.0,13.83313
48114.0,13.55658
48115.0,13.038696
48116.0,13.037537
48117.0,13.456177
48118.0,13.218689
48119.0,13.718384
48120.0,13.578552
48121.0,13.631775
48122.0,13.746521
48123.0,13.372681
48124.0,13.495392
48126.0,14.105896
48127.0,14.401489
48128.0,12.601349
48129.0,11.69281
48130.0,12.94281
48131.0,13.316528
48132.0,12.702423
48133.0,12.509888
48134.0,10.587677
48135.0,10.363556
48136.0,10.717712
48137.0,10.159607
48138.0,9.713501
48139.0,10.724884
48140.0,7.389923
48141.0,4.6145325
48142.0,7.65979
48143.0,3.5661926
48144.0,-4.788147
48145.0,-7.2599792
48146.0,-3.6148071
48147.0,3.359497
48148.0,3.4099426
48149.0,-0.71032715
48150.0,1.9231262
48151.0,7.6023254
48152.0,3.1863098
48153.0,-0.88742065
48154.0,5.9753723
48155.0,11.830994
48167.0,8.17395
48168.0,8.105896
48170.0,6.4901733
48171.0,6.323181
48172.0,5.9826965
48173.0,5.281189
48174.0,4.889099
48175.0,4.432556
48176.0,3.2514038
48177.0,1.7924194
48178.0,6.2326965
48179.0,8.093201
48180.0,8.634888
48181.0,8.3349
48182.0,8.056763
48183.0,7.5577393
48184.0,7.4724426
48185.0,7.071228
48186.0,5.679962
48187.0,5.253357
48188.0,5.236267
48189.0,4.9838257
48190.0,4.074341
48191.0,5.658142
48192.0,5.252716
48200.0,10.045349
48201.0,8.33606
48202.0,6.4472046
48203.0,5.703064
48204.0,6.5113525
48205.0,7.1983643
48295.0,13.811951
48296.0,13.811951
48297.0,13.811951
48298.0,13.811951
48299.0,13.811951
48300.0,13.811951
48301.0,13.811951
48302.0,13.811951
48303.0,13.811951
48304.0,13.811951
48305.0,13.811951
48306.0,13.811951
48307.0,13.811951
48308.0,13.811951
48309.0,13.811951
48310.0,13.811951
48311.0,13.811951
48312.0,13.811951
48313.0,13.811951
48314.0,13.811951
48315.0,13.811951
48316.0,13.811951
48317.0,13.811951
48318.0,13.811951
48319.0,13.811951
48320.0,13.811951
48321.0,13.811951
48322.0,13.811951
48323.0,13.811951
48324.0,13.811951
48325.0,13.811951
48326.0,13.811951
48327.0,13.811951
48328.0,13.811951
48329.0,13.811951
48330.0,13.811951
48331.0,13.811951
48332.0,13.811951
48333.0,13.811951
48334.0,13.811951
48335.0,13.811951
48336.0,13.811951
48337.0,13.811951
48338.0,13.811951
48339.0,13.811951
48340.0,13.811951
48341.0,13.811951
48342.0,13.811951
48343.0,13.811951
48344.0,13.811951
48345.0,13.811951
48346.0,13.811951
48347.0,13.811951
48348.0,13.811951
48349.0,13.811951
48350.0,13.811951
48351.0,13.811951
48352.0,13.811951
48353.0,13.811951
48354.0,13.811951
48355.0,13.811951
48356.0,13.811951
48357.0,13.811951
48418.0,13.811951
48419.0,13.811951
48420.0,13.744415
48421.0,12.938416
48422.0,11.144653
48423.0,8.256622
48424.0,13.602661
48425.0,9.308044
48426.0,4.4552
48427.0,11.522095
48428.0,13.259216
48429.0,11.28949
48430.0,12.141388
48431.0,15.13324
48432.0,15.910919
48433.0,16.628052
48434.0,16.341736
48435.0,11.099731
48436.0,9.606873
48437.0,10.069763
48438.0,11.385529
48439.0,12.118927
48440.0,12.949005
48441.0,12.321564
48442.0,12.296814
48443.0,12.213318
48444.0,12.149536
48445.0,11.941528
48446.0,12.210724
48447.0,12.333435
48448.0,12.073364
48449.0,13.69754
48453.0,13.345978
48454.0,13.554474
48455.0,14.364197
48457.0,14.657654
48458.0,12.393982
48459.0,12.099731
48460.0,10.827911
48461.0,10.553345
48462.0,10.794861
48463.0,12.268188
48464.0,12.677673
48465.0,13.196716
48466.0,13.355408
48467.0,13.822205
48470.0,13.386505
48471.0,13.742798
48472.0,13.794556
48473.0,13.494751
48474.0,12.883575
48475.0,12.962036
48476.0,12.271271
48477.0,11.80365
48478.0,12.134064
48481.0,12.688416
48483.0,12.4236145
48484.0,12.234802
48485.0,12.069458
48486.0,12.663696
48487.0,11.507111
48488.0,12.396118
48489.0,11.963806
48490.0,11.549255
48491.0,11.528442
48492.0,11.429474
48493.0,11.075317
48494.0,10.951599
48495.0,11.264923
48496.0,10.807404
48497.0,10.218048
48498.0,5.8542786
48499.0,0.35134888
48500.0,-0.90011597
48501.0,2.0473022
48502.0,8.472778
48503.0,7.4190674
48504.0,8.294861
48505.0,9.422302
48506.0,8.914673
48507.0,8.710388
48508.0,8.964783
48509.0,10.366333
48510.0,10.042267
48511.0,8.8012085
48512.0,10.224884
48513.0,11.804962
48514.0,10.266235
48531.0,4.632599
48532.0,3.3477783
48533.0,2.7364502
48534.0,2.3930054
48535.0,3.8450012
48536.0,4.008911
48537.0,2.9024658
48538.0,1.5809937
48539.0,4.6034546
48540.0,6.77713
48541.0,7.8371887
48542.0,7.1374817
48543.0,6.6301575
48544.0,6.336548
48545.0,6.546173
48546.0,6.351349
48547.0,5.4480286
48548.0,2.1378174
48549.0,5.4065247
48550.0,4.506134
48551.0,4.997986
48561.0,9.340454
48562.0,5.800232
48563.0,7.0841064
48564.0,6.647583
48565.0,6.6218567
48655.0,12.802185
48656.0,12.802185
48657.0,12.802185
48658.0,12.802185
48659.0,12.802185
48660.0,12.802185
48661.0,12.802185
48662.0,12.802185
48663.0,12.802185
48664.0,12.802185
48665.0,12.802185
48666.0,12.802185
48667.0,12.802185
48668.0,12.802185
48669.0,12.802185
48670.0,12.802185
48671.0,12.802185
48672.0,12.802185
48673.0,12.802185
48674.0,12.802185
48675.0,12.802185
48676.0,12.802185
48677.0,12.802185
48678.0,12.802185
48679.0,12.802185
48680.0,12.802185
48681.0,12.802185
48682.0,12.802185
48683.0,12.802185
48684.0,12.802185
48685.0,12.802185
48686.0,12.802185
48687.0,12.802185
48688.0,12.802185
48689.0,12.802185
48690.0,12.802185
48691.0,12.802185
48692.0,12.802185
48693.0,12.802185
48694.0,12.802185
48695.0,12.802185
48696.0,12.802185
48697.0,12.802185
48698.0,12.802185
48699.0,12.802185
48700.0,12.802185
48701.0,12.802185
48702.0,12.802185
48703.0,12.802185
48704.0,12.802185
48705.0,12.802185
48706.0,12.802185
48707.0,12.802185
48708.0,12.802185
48709.0,12.802185
48710.0,12.802185
48711.0,12.802185
48712.0,12.802185
48713.0,12.802185
48714.0,12.802185
48715.0,12.802185
48716.0,12.802185
48717.0,12.802185
48718.0,12.802185
48719.0,12.802185
48720.0,12.802185
48778.0,12.802185
48779.0,12.802185
48780.0,12.403595
48781.0,11.425079
48782.0,8.812622
48783.0,9.581665
48784.0,10.498962
48785.0,11.275513
48786.0,3.7095947
48787.0,5.6347046
48788.0,13.341248
48789.0,13.714142
48790.0,13.798279
48791.0,13.043091
48792.0,14.729279
48793.0,15.526794
48794.0,9.775024
48795.0,11.703552
48796.0,12.671326
48797.0,11.545349
48798.0,12.435181
48799.0,12.511169
48800.0,12.653931
48801.0,12.214142
48802.0,7.223755
48803.0,5.9317627
48804.0,7.1931458
48805.0,6.444458
48806.0,8.504822
48807.0,12.068298
48808.0,11.901489
48809.0,11.993774
48810.0,13.018677
48812.0,12.958618
48813.0,12.013306
48814.0,11.994751
48815.0,12.956329
48816.0,12.741638
48817.0,12.940552
48818.0,12.296814
48819.0,12.219513
48820.0,12.058716
48821.0,11.827576
48822.0,11.669708
48823.0,11.928833
48824.0,12.217712
48825.0,12.518677
48826.0,12.61731
48827.0,12.857544
48828.0,13.052856
48831.0,12.633423
48832.0,12.812927
48833.0,13.068481
48834.0,13.135681
48835.0,12.451782
48836.0,12.196075
48837.0,11.830017
48838.0,10.778259
48839.0,10.830505
48841.0,11.604279
48842.0,11.626587
48843.0,11.388123
48844.0,11.003204
48845.0,10.946899
48846.0,10.99115
48847.0,10.743439
48848.0,10.050903
48849.0,9.788849
48851.0,9.539185
48852.0,8.708618
48853.0,8.574982
48854.0,9.190063
48855.0,9.744415
48856.0,9.981873
48857.0,10.138306
48858.0,9.370056
48859.0,7.8034973
48860.0,2.3796692
48861.0,-0.7669678
48862.0,7.5165405
48863.0,2.9363098
48864.0,8.892029
48865.0,9.855255
48866.0,9.560333
48867.0,9.072205
48868.0,8.145447
48869.0,7.1843567
48870.0,5.5622864
48871.0,6.8883057
48872.0,5.015259
48873.0,2.0963135
48878.0,3.3806458
48888.0,4.4102783
48891.0,4.1662903
48892.0,3.365509
48893.0,2.0544739
48894.0,1.2423096
48895.0,2.4732666
48896.0,3.2496338
48897.0,3.4792786
48898.0,3.393341
48899.0,2.5559387
48900.0,4.1824036
48901.0,6.1168213
48902.0,6.727661
48903.0,6.381775
48904.0,6.2230835
48905.0,5.829712
48906.0,5.6540833
48907.0,4.483185
48908.0,5.065216
48909.0,2.7174072
48910.0,4.069275
48911.0,5.047638
48912.0,5.645935
48913.0,4.991638
48914.0,3.626892
48921.0,8.097778
48922.0,6.66922
49015.0,12.034454
49016.0,12.034454
49017.0,12.034454
49018.0,12.034454
49019.0,12.034454
49020.0,12.034454
49021.0,12.034454
49022.0,12.034454
49023.0,12.034454
49024.0,12.034454
49025.0,12.034454
49026.0,12.034454
49027.0,12.034454
49028.0,12.034454
49029.0,12.034454
49030.0,12.034454
49031.0,12.034454
49032.0,12.034454
49033.0,12.034454
49034.0,12.034454
49035.0,12.034454
49036.0,12.034454
49037.0,12.034454
49038.0,12.034454
49039.0,12.034454
49040.0,12.034454
49041.0,12.034454
49042.0,12.034454
49043.0,12.034454
49044.0,12.034454
49045.0,12.034454
49046.0,12.034454
49047.0,12.034454
49048.0,12.034454
49049.0,12.034454
49050.0,12.034454
49051.0,12.034454
49052.0,12.034454
49053.0,12.034454
49054.0,12.034454
49055.0,12.034454
49056.0,12.034454
49057.0,12.034454
49058.0,12.034454
49059.0,12.034454
49060.0,12.034454
49061.0,12.034454
49062.0,12.034454
49063.0,12.034454
49064.0,12.034454
49065.0,12.034454
49066.0,12.034454
49067.0,12.034454
49068.0,12.034454
49069.0,12.034454
49070.0,12.034454
49071.0,12.034454
49072.0,12.034454
49073.0,12.034454
49074.0,12.034454
49075.0,12.034454
49076.0,12.034454
49077.0,12.034454
49078.0,12.034454
49079.0,12.034454
49080.0,12.034454
49084.0,12.034454
49085.0,12.034454
49086.0,12.034454
49087.0,12.034454
49137.0,12.034454
49138.0,12.034454
49139.0,12.034454
49140.0,12.2178955
49141.0,11.986603
49142.0,11.518188
49143.0,11.844177
49144.0,11.308228
49145.0,10.801392
49146.0,10.153107
49147.0,2.7546692
49148.0,-0.16036987
49149.0,0.8270874
49150.0,-1.0687256
49151.0,6.5272827
49152.0,4.5722046
49153.0,6.8309937
49154.0,8.300903
49155.0,9.421997
49156.0,11.536255
49157.0,11.579224
49158.0,11.424255
49159.0,11.499634
49160.0,12.028259
49161.0,11.933228
49162.0,9.063599
49163.0,7.912384
49164.0,10.279907
49165.0,6.91156
49166.0,8.094513
49167.0,10.200134
49168.0,10.645935
49169.0,10.478302
49170.0,11.033966
49171.0,11.861938
49172.0,11.448669
49173.0,11.234985
49174.0,11.164825
49175.0,11.836548
49176.0,12.103149
49177.0,12.161255
49178.0,11.689087
49179.0,11.566193
49180.0,11.420197
49181.0,11.58606
49182.0,11.612732
49183.0,11.1918335
49184.0,11.408142
49185.0,12.058044
49186.0,12.156372
49187.0,12.285919
49188.0,12.478302
49189.0,12.287872
49190.0,11.903107
49191.0,11.828247
49192.0,11.872681
49193.0,12.179474
49194.0,12.364044
49195.0,11.749786
49196.0,11.392212
49197.0,10.917114
49198.0,10.541443
49199.0,10.499939
49200.0,9.971466
49201.0,10.449982
49202.0,10.268341
49203.0,10.197052
49204.0,10.010529
49205.0,9.929138
49207.0,8.960571
49208.0,8.8974
49209.0,8.390747
49210.0,7.7048645
49211.0,7.392029
49212.0,7.0160522
49213.0,7.9704895
49214.0,7.8917236
49215.0,8.573364
49216.0,8.935974
49217.0,8.607544
49218.0,8.453888
49219.0,8.4617
49220.0,8.761505
49221.0,9.187622
49222.0,8.637329
49223.0,8.675415
49224.0,1.4577942
49225.0,7.332306
49226.0,7.1846924
49227.0,7.0466614
49228.0,6.5321655
49229.0,5.814728
49230.0,1.9515991
49233.0,-1.2449951
49234.0,2.1762085
49238.0,-0.3133545
49244.0,1.3352356
49253.0,2.580841
49254.0,2.8259583
49256.0,3.5054932
49257.0,2.7601929
49258.0,2.040802
49259.0,0.2567749
49260.0,1.8718567
49261.0,3.6950989
49262.0,5.439728
49263.0,5.7286377
49264.0,5.326782
49265.0,4.9127197
49266.0,4.6314697
49267.0,4.0599976
49268.0,2.2738647
49269.0,3.4174194
49270.0,4.1517944
49271.0,4.6593018
49272.0,5.366333
49273.0,3.1545715
49274.0,3.8673096
49275.0,2.3446655
49276.0,0.934021
49375.0,12.138794
49376.0,12.138794
49377.0,12.138794
49378.0,12.138794
49379.0,12.138794
49380.0,12.138794
49381.0,12.138794
49382.0,12.138794
49383.0,12.138794
49384.0,12.138794
49385.0,12.138794
49386.0,12.138794
49387.0,12.138794
49388.0,12.138794
49389.0,12.138794
49390.0,12.138794
49391.0,12.138794
49392.0,12.138794
49393.0,12.138794
49394.0,12.138794
49395.0,12.138794
49396.0,12.138794
49397.0,12.138794
49398.0,12.138794
49399.0,12.138794
49400.0,12.138794
49401.0,12.138794
49402.0,12.138794
49403.0,12.138794
49404.0,12.138794
49405.0,12.138794
49406.0,12.138794
49407.0,12.138794
49408.0,12.138794
49409.0,12.138794
49410.0,12.138794
49411.0,12.138794
49412.0,12.138794
49414.0,12.138794
49415.0,12.138794
49416.0,12.138794
49417.0,12.138794
49418.0,12.138794
49419.0,12.138794
49420.0,12.138794
49421.0,12.138794
49422.0,12.138794
49423.0,12.138794
49424.0,12.138794
49425.0,12.138794
49426.0,12.138794
49427.0,12.138794
49428.0,12.138794
49429.0,12.138794
49430.0,12.138794
49431.0,12.138794
49432.0,12.138794
49433.0,12.138794
49434.0,12.138794
49435.0,12.138794
49436.0,12.138794
49437.0,12.138794
49438.0,12.138794
49439.0,12.138794
49440.0,12.138794
49441.0,12.138794
49442.0,12.138794
49443.0,12.138794
49444.0,12.138794
49445.0,12.138794
49446.0,12.138794
49447.0,12.138794
49495.0,12.138794
49496.0,12.138794
49497.0,12.138794
49498.0,12.138794
49499.0,12.138794
49500.0,11.959595
49501.0,12.101349
49502.0,11.48645
49503.0,11.19754
49504.0,10.357361
49505.0,10.983826
49506.0,10.442657
49507.0,9.4835205
49508.0,9.43045
49509.0,9.021759
49510.0,4.9594116
49511.0,5.4662476
49512.0,5.3756104
49513.0,4.9176025
49514.0,4.8936768
49515.0,6.3466187
49516.0,10.477661
49517.0,11.302856
49518.0,10.699829
49519.0,11.488068
49520.0,11.843536
49521.0,11.78186
49522.0,11.518982
49523.0,9.507263
49524.0,6.692169
49525.0,5.6179504
49526.0,9.254028
49527.0,10.420044
49528.0,9.802521
49529.0,9.615509
49530.0,9.892029
49531.0,10.213989
49532.0,10.262482
49533.0,10.25531
49534.0,10.528748
49535.0,10.398376
49536.0,9.710876
49537.0,9.81897
49538.0,10.245728
49539.0,10.457306
49540.0,10.837036
49541.0,10.913208
49542.0,11.070099
49543.0,10.80545
49544.0,11.088989
49545.0,11.608032
49546.0,11.622192
49547.0,11.622192
49548.0,11.771118
49549.0,11.880646
49550.0,11.773071
49551.0,11.81897
49552.0,11.8480835
49553.0,11.800568
49554.0,10.974243
49555.0,10.228302
49556.0,10.054962
49557.0,9.894165
49558.0,9.212524
49559.0,9.366638
49560.0,9.318481
49561.0,9.529907
49562.0,9.604767
49564.0,9.274536
49565.0,8.813904
49566.0,6.978302
49567.0,7.255493
49568.0,7.385376
49569.0,7.3568726
49570.0,6.791931
49571.0,5.6462708
49572.0,4.744568
49573.0,5.4540405
49574.0,5.9520874
49575.0,6.1488647
49576.0,6.428009
49577.0,6.124634
49578.0,6.250122
49579.0,7.0126343
49580.0,6.6804504
49581.0,2.4804077
49582.0,2.4794312
49583.0,4.461212
49584.0,4.105896
49585.0,3.6747437
49586.0,5.5116577
49587.0,6.580841
49588.0,4.5534973
49589.0,-3.277069
49590.0,-7.373749
49605.0,1.8207397
49606.0,0.32806396
49607.0,-0.7585144
49611.0,1.5629272
49615.0,3.5619507
49616.0,3.5793762
49617.0,3.189087
49618.0,1.8311768
49619.0,0.30056763
49620.0,-1.1732178
49621.0,1.7193604
49622.0,3.9332275
49623.0,4.6503296
49624.0,4.3161926
49625.0,3.6464233
49626.0,3.4841614
49627.0,2.8420715
49628.0,1.4576416
49629.0,1.508728
49630.0,3.5258179
49631.0,4.3251343
49632.0,4.4468994
49633.0,4.033325
49634.0,3.6260986
49734.0,10.636017
49735.0,10.636017
49736.0,10.636017
49737.0,10.636017
49738.0,10.636017
49739.0,10.636017
49740.0,10.636017
49741.0,10.636017
49742.0,10.636017
49743.0,10.636017
49744.0,10.636017
49745.0,10.636017
49746.0,10.636017
49747.0,10.636017
49748.0,10.636017
49749.0,10.636017
49750.0,10.636017
49751.0,10.636017
49752.0,10.636017
49753.0,10.636017
49754.0,10.636017
49755.0,10.636017
49756.0,10.636017
49757.0,10.636017
49758.0,10.636017
49759.0,10.636017
49760.0,10.636017
49761.0,10.636017
49762.0,10.636017
49763.0,10.636017
49764.0,10.636017
49765.0,10.636017
49766.0,10.636017
49767.0,10.636017
49768.0,10.636017
49769.0,10.636017
49770.0,10.636017
49771.0,10.636017
49772.0,10.636017
49773.0,10.636017
49774.0,10.636017
49775.0,10.636017
49776.0,10.636017
49777.0,10.636017
49778.0,10.636017
49779.0,10.636017
49780.0,10.636017
49781.0,10.636017
49782.0,10.636017
49783.0,10.636017
49784.0,10.636017
49785.0,10.636017
49786.0,10.636017
49787.0,10.636017
49788.0,10.636017
49789.0,10.636017
49790.0,10.636017
49791.0,10.636017
49792.0,10.636017
49793.0,10.636017
49794.0,10.636017
49795.0,10.636017
49800.0,10.636017
49801.0,10.636017
49802.0,10.636017
49803.0,10.636017
49804.0,10.636017
49805.0,10.636017
49806.0,10.636017
49807.0,10.636017
49854.0,10.636017
49855.0,10.636017
49856.0,10.636017
49857.0,10.636017
49858.0,10.636017
49859.0,10.636017
49860.0,10.750122
49861.0,11.028442
49862.0,11.53949
49863.0,11.338318
49864.0,11.267212
49865.0,10.007751
49866.0,10.48645
49867.0,10.410095
49868.0,8.358826
49869.0,8.129028
49870.0,8.905548
49871.0,9.299255
49872.0,9.31488
49873.0,9.237091
49874.0,8.054626
49875.0,9.091736
49876.0,10.5849
49877.0,10.451935
49878.0,9.311157
49879.0,8.2724
49880.0,9.200958
49881.0,10.279419
49882.0,10.290955
49883.0,6.3793335
49884.0,5.945923
49885.0,9.049438
49886.0,9.273071
49887.0,9.164001
49888.0,8.922638
49889.0,9.000122
49890.0,9.24115
49891.0,8.882935
49892.0,9.14447
49893.0,9.238403
49894.0,9.479126
49895.0,9.643188
49896.0,9.604614
49897.0,9.379181
49898.0,9.174103
49899.0,9.904724
49900.0,10.110779
49901.0,10.104767
49902.0,10.078735
49903.0,10.416138
49904.0,10.473907
49905.0,10.885376
49906.0,10.744263
49907.0,10.645935
49908.0,10.6241455
49909.0,10.542603
49910.0,10.598419
49911.0,10.761658
49912.0,10.812134
49913.0,10.476837
49914.0,9.964783
49915.0,9.1892395
49916.0,8.639099
49917.0,8.4599
49918.0,7.452423
49919.0,8.084595
49920.0,8.013306
49921.0,8.405212
49922.0,8.416626
49923.0,8.372345
49924.0,8.136353
49925.0,7.6783447
49926.0,6.423126
49927.0,5.37381
49928.0,5.338318
49929.0,5.7468567
49930.0,5.789978
49931.0,5.5409546
49932.0,4.860962
49933.0,3.7732239
49934.0,2.8775635
49935.0,2.7069702
49936.0,3.3119507
49937.0,3.5700989
49938.0,3.649353
49939.0,3.9691772
49940.0,4.202759
49941.0,3.252716
49942.0,4.782013
49943.0,5.7645874
49944.0,5.1363525
49945.0,2.73172
49946.0,-1.8047485
49947.0,-4.1712646
49948.0,-6.925995
49951.0,2.560669
49955.0,0.0045166016
49959.0,-1.9128113
49963.0,1.8800049
49965.0,1.6990051
49966.0,0.9701538
49967.0,-4.266968
49971.0,0.73205566
49972.0,1.3489075
49975.0,2.2470093
49976.0,2.5726929
49977.0,2.624939
49978.0,1.7336731
49979.0,1.1207275
49980.0,-0.16833496
49981.0,-0.42321777
49982.0,1.5001221
49983.0,2.7864075
49984.0,3.0355835
49985.0,2.6402588
49986.0,2.6132202
49987.0,1.6964111
49988.0,1.1395874
49989.0,1.2284546
49990.0,1.4508057
49992.0,2.7702942
49993.0,3.3591614
49994.0,3.5307007
50093.0,11.721954
50094.0,11.721954
50095.0,11.721954
50096.0,11.721954
50097.0,11.721954
50098.0,11.721954
50099.0,11.721954
50100.0,11.721954
50101.0,11.721954
50102.0,11.721954
50103.0,11.721954
50104.0,11.721954
50105.0,11.721954
50106.0,11.721954
50107.0,11.721954
50108.0,11.721954
50109.0,11.721954
50110.0,11.721954
50111.0,11.721954
50112.0,11.721954
50113.0,11.721954
50114.0,11.721954
50115.0,11.721954
50116.0,11.721954
50117.0,11.721954
50118.0,11.721954
50119.0,11.721954
50120.0,11.721954
50121.0,11.721954
50122.0,11.721954
50123.0,11.721954
50124.0,11.721954
50125.0,11.721954
50126.0,11.721954
50127.0,11.721954
50128.0,11.721954
50129.0,11.721954
50130.0,11.721954
50131.0,11.721954
50132.0,11.721954
50133.0,11.721954
50134.0,11.721954
50135.0,11.721954
50136.0,11.721954
50137.0,11.721954
50138.0,11.721954
50139.0,11.721954
50140.0,11.721954
50141.0,11.721954
50142.0,11.721954
50143.0,11.721954
50144.0,11.721954
50145.0,11.721954
50146.0,11.721954
50147.0,11.721954
50148.0,11.721954
50149.0,11.721954
50150.0,11.721954
50151.0,11.721954
50152.0,11.721954
50153.0,11.721954
50154.0,11.721954
50155.0,11.721954
50156.0,11.721954
50157.0,11.721954
50158.0,11.721954
50161.0,11.721954
50162.0,11.721954
50163.0,11.721954
50164.0,11.721954
50165.0,11.721954
50166.0,11.721954
50218.0,11.721954
50219.0,11.721954
50220.0,10.99295
50221.0,10.548462
50222.0,10.946716
50223.0,10.957153
50224.0,10.489197
50225.0,9.627075
50226.0,9.518005
50227.0,9.286255
50228.0,10.466431
50229.0,9.315552
50230.0,9.042267
50231.0,8.539001
50232.0,7.9026184
50233.0,8.291443
50234.0,8.243103
50235.0,7.78656
50236.0,8.190704
50237.0,9.089478
50238.0,7.887146
50239.0,6.467224
50240.0,7.383911
50241.0,8.113892
50242.0,7.7912903
50243.0,8.833282
50244.0,8.36615
50245.0,8.232849
50246.0,8.199341
50247.0,8.075317
50248.0,8.247681
50249.0,8.48172
50250.0,8.671173
50251.0,9.148071
50252.0,9.531189
50253.0,9.259888
50254.0,9.12561
50255.0,8.956329
50256.0,9.192993
50257.0,9.411255
50258.0,9.396271
50259.0,9.277283
50260.0,9.106567
50261.0,9.290802
50262.0,9.295532
50263.0,9.486755
50264.0,9.371368
50265.0,10.179962
50266.0,10.043396
50267.0,9.80545
50268.0,9.549255
50269.0,9.517853
50270.0,9.507599
50271.0,9.580353
50272.0,9.488068
50273.0,9.380493
50274.0,8.512146
50275.0,7.9801025
50276.0,7.266876
50277.0,6.734497
50278.0,6.173462
50279.0,6.340271
50280.0,6.4792786
50282.0,6.9799194
50283.0,6.935974
50284.0,6.931427
50285.0,6.8562317
50286.0,6.062134
50287.0,4.461212
50288.0,4.1789856
50289.0,4.5074463
50290.0,4.411072
50291.0,4.396118
50292.0,4.2265015
50293.0,3.5116577
50294.0,3.6605835
50295.0,3.1693726
50296.0,2.770935
50297.0,3.432251
50298.0,4.6259155
50299.0,4.8848877
50300.0,4.9379272
50301.0,4.473419
50302.0,3.2271729
50303.0,2.968048
50304.0,2.440216
50305.0,-0.9834595
50306.0,-4.8431396
50307.0,-7.1462097
50313.0,-0.6906433
50315.0,-2.046112
50322.0,2.0386963
50323.0,1.2341614
50327.0,0.1395874
50328.0,-1.4671631
50331.0,-0.1494751
50332.0,0.8170166
50336.0,1.1985168
50337.0,1.2672119
50338.0,1.2491455
50339.0,0.76916504
50340.0,-0.520874
50341.0,-1.2324829
50342.0,-0.22320557
50343.0,0.8357239
50344.0,1.5206299
50345.0,1.5848999
50346.0,0.81292725
50347.0,2.3537903
50348.0,2.1244507
50349.0,1.6422119
50350.0,0.97454834
50351.0,-0.4250183
50451.0,11.666138
50452.0,11.666138
50453.0,11.666138
50454.0,11.666138
50455.0,11.666138
50456.0,11.666138
50457.0,11.666138
50458.0,11.666138
50459.0,11.666138
50460.0,11.666138
50461.0,11.666138
50462.0,11.666138
50463.0,11.666138
50464.0,11.666138
50465.0,11.666138
50466.0,11.666138
50467.0,11.666138
50468.0,11.666138
50469.0,11.666138
50470.0,11.666138
50471.0,11.666138
50472.0,11.666138
50473.0,11.666138
50474.0,11.666138
50475.0,11.666138
50476.0,11.666138
50477.0,11.666138
50478.0,11.666138
50479.0,11.666138
50480.0,11.666138
50481.0,11.666138
50482.0,11.666138
50483.0,11.666138
50484.0,11.666138
50485.0,11.666138
50486.0,11.666138
50487.0,11.666138
50488.0,11.666138
50489.0,11.666138
50490.0,11.666138
50491.0,11.666138
50492.0,11.666138
50493.0,11.666138
50494.0,11.666138
50495.0,11.666138
50496.0,11.666138
50497.0,11.666138
50498.0,11.666138
50500.0,11.666138
50501.0,11.666138
50502.0,11.666138
50503.0,11.666138
50504.0,11.666138
50505.0,11.666138
50506.0,11.666138
50507.0,11.666138
50508.0,11.666138
50509.0,11.666138
50510.0,11.666138
50511.0,11.666138
50512.0,11.666138
50513.0,11.666138
50514.0,11.666138
50515.0,11.666138
50516.0,11.666138
50517.0,11.666138
50518.0,11.666138
50519.0,11.666138
50520.0,11.666138
50521.0,11.666138
50522.0,11.666138
50523.0,11.666138
50524.0,11.666138
50575.0,11.666138
50576.0,11.666138
50577.0,11.666138
50578.0,11.666138
50579.0,11.666138
50580.0,11.647583
50581.0,11.302521
50582.0,10.583435
50583.0,10.701294
50584.0,10.041626
50585.0,9.696411
50586.0,8.411743
50587.0,9.658325
50588.0,9.2517395
50589.0,8.241974
50590.0,7.9221497
50591.0,7.6827393
50592.0,7.06604
50593.0,8.078888
50594.0,9.086548
50595.0,7.9719543
50596.0,7.6824036
50597.0,9.547485
50598.0,9.084747
50599.0,8.47113
50600.0,8.925903
50601.0,9.264282
50602.0,8.913849
50603.0,8.5159
50604.0,8.504181
50605.0,8.615662
50606.0,8.363892
50607.0,8.153259
50608.0,8.177185
50609.0,8.492615
50610.0,8.739044
50611.0,8.636169
50612.0,8.421814
50613.0,8.359497
50614.0,8.31131
50615.0,8.369904
50616.0,8.438904
50617.0,8.537048
50618.0,8.697693
50619.0,8.751404
50620.0,8.674103
50621.0,8.468536
50622.0,8.847778
50623.0,8.585083
50624.0,8.320587
50625.0,8.259705
50626.0,9.05188
50627.0,8.709747
50628.0,8.668243
50629.0,8.870728
50630.0,8.809204
50631.0,8.421173
50632.0,8.194122
50633.0,7.79895
50634.0,7.3360596
50635.0,7.243927
50636.0,6.741333
50637.0,5.775177
50638.0,5.6361694
50639.0,5.5318604
50640.0,5.5595093
50641.0,5.529419
50643.0,5.4533997
50644.0,5.6579895
50645.0,5.4480286
50646.0,4.955841
50647.0,4.444458
50648.0,3.8253174
50649.0,3.8856812
50650.0,3.69104
50651.0,3.6732788
50652.0,3.0463257
50653.0,3.037384
50654.0,3.3918762
50655.0,3.3319702
50656.0,4.3367004
50657.0,5.0108643
50658.0,5.0113525
50659.0,4.9753723
50660.0,4.4088135
50661.0,3.987915
50662.0,2.9649658
50663.0,0.6164856
50664.0,-2.9528503
50665.0,-2.1400146
50666.0,-0.29122925
50670.0,-6.289276
50671.0,-1.1582642
50673.0,1.6588135
50674.0,1.4050598
50675.0,-3.0093384
50677.0,-4.588745
50680.0,-1.9852295
50685.0,0.3270874
50686.0,1.2318726
50687.0,-0.23345947
50688.0,-0.55895996
50689.0,-0.6621704
50696.0,-0.21636963
50699.0,-0.6701355
50700.0,-1.1658936
50701.0,-2.0041199
50702.0,-1.5855103
50703.0,-0.7319946
50704.0,0.26574707
50705.0,0.5279541
50706.0,0.35754395
50707.0,1.7626343
50708.0,1.0676575
50710.0,-0.32702637
50712.0,-1.6833191
50812.0,10.755493
50813.0,10.755493
50815.0,10.755493
50816.0,10.755493
50817.0,10.755493
50818.0,10.755493
50819.0,10.755493
50820.0,10.755493
50821.0,10.755493
50822.0,10.755493
50823.0,10.755493
50824.0,10.755493
50825.0,10.755493
50826.0,10.755493
50827.0,10.755493
50828.0,10.755493
50829.0,10.755493
50830.0,10.755493
50831.0,10.755493
50832.0,10.755493
50833.0,10.755493
50834.0,10.755493
50835.0,10.755493
50836.0,10.755493
50837.0,10.755493
50838.0,10.755493
50839.0,10.755493
50840.0,10.755493
50841.0,10.755493
50842.0,10.755493
50843.0,10.755493
50844.0,10.755493
50845.0,10.755493
50846.0,10.755493
50847.0,10.755493
50848.0,10.755493
50849.0,10.755493
50851.0,10.755493
50852.0,10.755493
50853.0,10.755493
50854.0,10.755493
50859.0,10.755493
50860.0,10.755493
50861.0,10.755493
50862.0,10.755493
50863.0,10.755493
50864.0,10.755493
50865.0,10.755493
50866.0,10.755493
50867.0,10.755493
50868.0,10.755493
50870.0,10.755493
50871.0,10.755493
50872.0,10.755493
50873.0,10.755493
50874.0,10.755493
50876.0,10.755493
50880.0,10.755493
50881.0,10.755493
50882.0,10.755493
50883.0,10.755493
50884.0,10.755493
50929.0,10.755493
50930.0,10.755493
50931.0,10.755493
50932.0,10.755493
50934.0,10.755493
50935.0,10.755493
50936.0,10.755493
50937.0,10.755493
50938.0,10.755493
50939.0,10.755493
50940.0,10.899353
50941.0,11.296997
50942.0,11.334259
50943.0,11.015747
50944.0,10.674591
50945.0,10.581665
50946.0,10.611603
50947.0,9.921814
50948.0,8.855408
50949.0,9.110962
50950.0,8.303162
50951.0,9.224243
50952.0,9.881958
50953.0,9.897888
50954.0,9.830688
50955.0,9.376587
50956.0,9.474548
50957.0,9.319763
50958.0,9.175568
50959.0,8.624939
50960.0,8.669708
50961.0,8.924744
50962.0,8.755493
50963.0,8.42981
50964.0,8.417755
50965.0,8.43811
50966.0,8.350525
50967.0,8.223267
50968.0,8.091736
50969.0,8.431091
50970.0,8.390564
50971.0,8.081329
50972.0,7.845825
50973.0,7.644165
50974.0,7.6879272
50975.0,7.6488647
50976.0,7.5932007
50977.0,7.543396
50978.0,7.8005676
50979.0,8.290955
50980.0,8.366974
50981.0,7.980591
50982.0,7.782837
50983.0,7.3848877
50984.0,7.2185364
50985.0,6.9664307
50986.0,7.9621887
50987.0,7.675415
50988.0,7.503357
50989.0,7.666443
50990.0,7.593872
50991.0,7.6532593
50992.0,7.5451965
50993.0,7.2841187
50994.0,6.947693
50995.0,6.9820557
50996.0,6.2468567
50997.0,4.974884
50998.0,5.31131
50999.0,5.036743
51000.0,4.795349
51001.0,4.936798
51002.0,4.5582275
51003.0,4.351349
51004.0,4.30838
51005.0,4.082306
51006.0,3.6412354
51007.0,3.3023682
51008.0,3.4467163
51009.0,3.5933838
51010.0,3.3065796
51011.0,3.115509
51012.0,3.203247
51013.0,3.0735168
51014.0,3.8196106
51015.0,4.411743
51016.0,4.5722046
51017.0,4.7628174
51018.0,4.288513
51019.0,4.1905518
51020.0,4.199005
51021.0,3.7335205
51026.0,-0.2876587
51031.0,1.4400635
51032.0,2.236267
51034.0,0.3788452
51040.0,-5.6990967
51041.0,-5.5545654
51048.0,-0.5936279
51049.0,-0.4098816
51050.0,-0.40646362
51052.0,-0.3786316
51058.0,-2.109436
51059.0,-1.9437256
51060.0,-2.2191162
51061.0,-2.6148071
51062.0,-3.3800964
51063.0,-2.5802917
51064.0,-1.7191162
51065.0,-0.42892456
51066.0,0.6286926
51167.0,10.75238
51168.0,10.75238
51171.0,10.75238
51172.0,10.75238
51173.0,10.75238
51174.0,10.75238
51175.0,10.75238
51176.0,10.75238
51177.0,10.75238
51178.0,10.75238
51179.0,10.75238
51180.0,10.75238
51181.0,10.75238
51182.0,10.75238
51183.0,10.75238
51184.0,10.75238
51185.0,10.75238
51186.0,10.75238
51187.0,10.75238
51188.0,10.75238
51189.0,10.75238
51190.0,10.75238
51191.0,10.75238
51192.0,10.75238
51193.0,10.75238
51194.0,10.75238
51195.0,10.75238
51196.0,10.75238
51197.0,10.75238
51198.0,10.75238
51199.0,10.75238
51200.0,10.75238
51201.0,10.75238
51202.0,10.75238
51203.0,10.75238
51204.0,10.75238
51205.0,10.75238
51206.0,10.75238
51207.0,10.75238
51208.0,10.75238
51209.0,10.75238
51210.0,10.75238
51211.0,10.75238
51212.0,10.75238
51216.0,10.75238
51217.0,10.75238
51218.0,10.75238
51221.0,10.75238
51222.0,10.75238
51223.0,10.75238
51224.0,10.75238
51231.0,10.75238
51232.0,10.75238
51233.0,10.75238
51238.0,10.75238
51239.0,10.75238
51241.0,10.75238
51243.0,10.75238
51244.0,10.75238
51289.0,10.75238
51290.0,10.75238
51291.0,10.75238
51292.0,10.75238
51293.0,10.75238
51294.0,10.75238
51295.0,10.75238
51296.0,10.75238
51297.0,10.75238
51298.0,10.75238
51299.0,10.75238
51300.0,10.530548
51301.0,10.470001
51304.0,10.844849
51305.0,10.403931
51306.0,10.091431
51307.0,10.101349
51308.0,10.124634
51309.0,10.037872
51310.0,9.913849
51311.0,9.838318
51312.0,9.943481
51313.0,9.771118
51314.0,9.838501
51315.0,9.445251
51316.0,9.296997
51317.0,9.003204
51318.0,8.920685
51319.0,8.809509
51320.0,8.7052
51321.0,8.540802
51322.0,8.27063
51323.0,7.9908447
51324.0,8.052856
51325.0,7.9942627
51326.0,7.885376
51327.0,7.946411
51328.0,7.876587
51329.0,7.7463684
51330.0,7.6954346
51331.0,7.4657593
51332.0,7.0886536
51333.0,7.1602783
51334.0,6.991333
51335.0,6.8077393
51336.0,6.9127197
51337.0,7.0759583
51338.0,7.1941223
51339.0,7.512146
51340.0,7.5616455
51341.0,7.3523254
51342.0,6.8634033
51343.0,6.5661926
51344.0,6.4259033
51345.0,6.102478
51346.0,5.957947
51347.0,6.473572
51348.0,7.1348877
51349.0,6.8897705
51350.0,6.856079
51351.0,6.4974976
51352.0,6.598419
51353.0,6.2403564
51354.0,5.6384583
51355.0,5.6247864
51356.0,4.8381653
51357.0,3.4649658
51359.0,4.4872437
51360.0,4.5897827
51361.0,4.64563
51362.0,4.6011963
51363.0,4.2582397
51364.0,4.002075
51365.0,3.571228
51366.0,3.539978
51367.0,3.0486145
51368.0,2.4037476
51369.0,2.1111145
51370.0,2.4940796
51371.0,3.113556
51372.0,3.394165
51373.0,3.764923
51374.0,3.400177
51375.0,3.1365051
51376.0,3.3432007
51377.0,3.4179077
51378.0,3.362091
51379.0,3.7102356
51380.0,3.240509
51381.0,3.4953918
51383.0,3.9781494
51388.0,1.2079468
51395.0,-2.209198
51396.0,-1.3530884
51404.0,0.93273926
51412.0,-1.8895264
51413.0,-1.9056396
51419.0,-2.350647
51420.0,-2.5203857
51421.0,-2.5724792
51422.0,-2.1237488
51423.0,-2.2917175
51424.0,-1.5721436
51425.0,-0.68395996
51426.0,-0.47595215
51430.0,-1.1992798
51431.0,-1.4367371
51457.0,-0.18005371
51527.0,10.249298
51528.0,10.249298
51529.0,10.249298
51530.0,10.249298
51531.0,10.249298
51532.0,10.249298
51533.0,10.249298
51534.0,10.249298
51535.0,10.249298
51536.0,10.249298
51537.0,10.249298
51538.0,10.249298
51539.0,10.249298
51540.0,10.249298
51541.0,10.249298
51542.0,10.249298
51543.0,10.249298
51544.0,10.249298
51545.0,10.249298
51546.0,10.249298
51547.0,10.249298
51548.0,10.249298
51549.0,10.249298
51550.0,10.249298
51551.0,10.249298
51552.0,10.249298
51553.0,10.249298
51554.0,10.249298
51555.0,10.249298
51556.0,10.249298
51557.0,10.249298
51558.0,10.249298
51559.0,10.249298
51560.0,10.249298
51561.0,10.249298
51562.0,10.249298
51564.0,10.249298
51565.0,10.249298
51566.0,10.249298
51567.0,10.249298
51568.0,10.249298
51569.0,10.249298
51570.0,10.249298
51571.0,10.249298
51577.0,10.249298
51580.0,10.249298
51581.0,10.249298
51582.0,10.249298
51583.0,10.249298
51584.0,10.249298
51585.0,10.249298
51586.0,10.249298
51587.0,10.249298
51589.0,10.249298
51593.0,10.249298
51594.0,10.249298
51595.0,10.249298
51596.0,10.249298
51597.0,10.249298
51598.0,10.249298
51599.0,10.249298
51600.0,10.249298
51602.0,10.249298
51603.0,10.249298
51604.0,10.249298
51649.0,10.249298
51650.0,10.249298
51651.0,10.249298
51652.0,10.249298
51653.0,10.249298
51655.0,10.249298
51656.0,10.249298
51657.0,10.249298
51658.0,10.249298
51659.0,10.249298
51660.0,10.252869
51664.0,10.782837
51665.0,10.469025
51666.0,10.236938
51667.0,9.74881
51668.0,9.895782
51669.0,9.874451
51670.0,9.701111
51671.0,9.453247
51672.0,9.355743
51673.0,9.109161
51674.0,9.417755
51675.0,8.776794
51676.0,8.349243
51677.0,8.161407
51678.0,8.292419
51679.0,7.964142
51680.0,7.7281494
51681.0,7.9263916
51682.0,7.743286
51683.0,7.382263
51684.0,7.529419
51685.0,7.184021
51686.0,7.1881104
51687.0,7.0707397
51688.0,7.1488647
51689.0,7.188751
51690.0,7.1662903
51691.0,6.9105835
51692.0,6.6697083
51693.0,6.543091
51694.0,6.4665833
51695.0,6.274536
51696.0,6.329712
51697.0,6.2022705
51698.0,6.407654
51699.0,6.692322
51700.0,6.559845
51701.0,6.4034424
51702.0,6.2883606
51703.0,5.8814697
51704.0,5.6879272
51705.0,5.6273804
51706.0,5.4758606
51707.0,5.870392
51708.0,5.9628296
51709.0,6.300232
51710.0,6.3482666
51711.0,6.2014465
51712.0,5.9605713
51713.0,5.201782
51714.0,5.026001
51715.0,5.140259
51716.0,4.564087
51718.0,2.319275
51719.0,3.7738647
51720.0,4.1340637
51721.0,4.56131
51722.0,4.570099
51723.0,4.0310364
51724.0,3.5657043
51725.0,3.4307861
51726.0,3.140747
51727.0,3.2003174
51728.0,2.9216614
51729.0,3.3088684
51730.0,3.3585205
51731.0,3.062439
51732.0,2.9372864
51733.0,3.1863098
51734.0,2.9205322
51735.0,2.8518372
51736.0,2.7261963
51737.0,2.652954
51738.0,2.6111145
51739.0,2.50354
51740.0,2.3713684
51741.0,2.859314
51743.0,3.1794739
51744.0,2.8801575
51746.0,2.5920715
51747.0,2.562439
51748.0,0.7362671
51750.0,2.0394897
51772.0,-2.8330688
51773.0,-2.1812134
51774.0,-2.8058777
51778.0,-3.6305847
51780.0,-2.7121277
51781.0,-2.4609985
51782.0,-1.6756592
51783.0,-1.4751587
51784.0,-1.4160767
51785.0,-1.321991
51787.0,-1.3423462
51791.0,-4.3065186
51887.0,10.340759
51888.0,10.340759
51889.0,10.340759
51890.0,10.340759
51891.0,10.340759
51892.0,10.340759
51893.0,10.340759
51894.0,10.340759
51895.0,10.340759
51896.0,10.340759
51897.0,10.340759
51898.0,10.340759
51899.0,10.340759
51900.0,10.340759
51901.0,10.340759
51902.0,10.340759
51903.0,10.340759
51904.0,10.340759
51905.0,10.340759
51906.0,10.340759
51907.0,10.340759
51908.0,10.340759
51909.0,10.340759
51910.0,10.340759
51911.0,10.340759
51912.0,10.340759
51913.0,10.340759
51914.0,10.340759
51915.0,10.340759
51916.0,10.340759
51917.0,10.340759
51918.0,10.340759
51919.0,10.340759
51920.0,10.340759
51921.0,10.340759
51922.0,10.340759
51923.0,10.340759
51924.0,10.340759
51925.0,10.340759
51926.0,10.340759
51934.0,10.340759
51940.0,10.340759
51948.0,10.340759
51949.0,10.340759
51950.0,10.340759
51952.0,10.340759
51953.0,10.340759
51955.0,10.340759
51956.0,10.340759
51960.0,10.340759
51961.0,10.340759
51962.0,10.340759
52009.0,10.340759
52010.0,10.340759
52011.0,10.340759
52012.0,10.340759
52013.0,10.340759
52014.0,10.340759
52015.0,10.340759
52016.0,10.340759
52017.0,10.340759
52018.0,10.340759
52019.0,10.340759
52028.0,9.825806
52029.0,9.243774
52030.0,9.789673
52031.0,9.924255
52032.0,9.80545
52033.0,9.771271
52034.0,9.830017
52035.0,9.777618
52036.0,9.391388
52037.0,8.411407
52038.0,8.462189
52039.0,9.262817
52040.0,8.026978
52041.0,8.049927
52042.0,7.458435
52043.0,7.6002197
52044.0,7.2559814
52045.0,6.752228
52046.0,6.8546143
52047.0,6.6408997
52048.0,6.7582397
52049.0,6.749939
52050.0,6.6384583
52051.0,6.289673
52052.0,6.197693
52053.0,6.014435
52054.0,5.758423
52055.0,5.910919
52056.0,5.93338
52057.0,5.9156494
52058.0,6.1477356
52059.0,6.3895874
52060.0,6.5844116
52061.0,6.264923
52062.0,6.194458
52063.0,5.858185
52064.0,5.5207825
52065.0,5.469513
52066.0,5.644806
52067.0,5.53479
52068.0,5.9968567
52069.0,5.6125793
52070.0,5.8392944
52071.0,5.5009155
52072.0,4.8279114
52073.0,5.074005
52074.0,4.98645
52075.0,5.446228
52076.0,5.374939
52078.0,1.5829468
52079.0,2.5394897
52080.0,3.5775757
52081.0,4.0272827
52082.0,3.9682007
52083.0,3.6999817
52084.0,3.5084229
52085.0,3.0186768
52086.0,2.949829
52087.0,2.828247
52088.0,2.9815674
52089.0,2.7242432
52090.0,2.5803528
52091.0,2.6750793
52092.0,2.6939697
52093.0,2.6762085
52094.0,2.3591614
52095.0,2.1397705
52096.0,1.9685364
52097.0,1.8983765
52098.0,2.0323486
52099.0,1.7585754
52100.0,1.7470093
52102.0,2.0090637
52103.0,1.7388916
52106.0,2.4050598
52119.0,-0.14703369
52130.0,-3.6195068
52131.0,-6.0477295
52144.0,-3.7977295
52176.0,0.48284912
52249.0,10.278748
52250.0,10.278748
52251.0,10.278748
52252.0,10.278748
52253.0,10.278748
52254.0,10.278748
52255.0,10.278748
52256.0,10.278748
52257.0,10.278748
52258.0,10.278748
52259.0,10.278748
52260.0,10.278748
52261.0,10.278748
52262.0,10.278748
52263.0,10.278748
52264.0,10.278748
52265.0,10.278748
52266.0,10.278748
52267.0,10.278748
52268.0,10.278748
52269.0,10.278748
52270.0,10.278748
52271.0,10.278748
52272.0,10.278748
52273.0,10.278748
52274.0,10.278748
52275.0,10.278748
52276.0,10.278748
52277.0,10.278748
52278.0,10.278748
52279.0,10.278748
52280.0,10.278748
52281.0,10.278748
52282.0,10.278748
52283.0,10.278748
52284.0,10.278748
52286.0,10.278748
52287.0,10.278748
52289.0,10.278748
52291.0,10.278748
52292.0,10.278748
52293.0,10.278748
52294.0,10.278748
52302.0,10.278748
52312.0,10.278748
52313.0,10.278748
52318.0,10.278748
52319.0,10.278748
52320.0,10.278748
52321.0,10.278748
52371.0,10.278748
52372.0,10.278748
52373.0,10.278748
52374.0,10.278748
52375.0,10.278748
52376.0,10.278748
52377.0,10.278748
52378.0,10.278748
52388.0,9.2052
52389.0,8.656189
52390.0,9.184692
52391.0,9.041138
52392.0,9.448364
52393.0,8.732697
52394.0,9.332153
52400.0,9.372833
52401.0,8.077087
52402.0,6.9574585
52403.0,7.1011963
52404.0,7.3349
52405.0,6.854767
52406.0,6.748657
52407.0,6.804474
52408.0,6.7476807
52409.0,6.56781
52410.0,6.3782043
52411.0,6.2986145
52412.0,6.0071106
52413.0,5.747986
52414.0,5.760681
52415.0,5.6306458
52416.0,5.8067627
52417.0,5.8583374
52418.0,6.1340637
52419.0,6.204529
52420.0,6.071228
52421.0,5.8585205
52422.0,5.9792786
52423.0,5.5207825
52424.0,5.3747864
52425.0,5.3668213
52426.0,5.474243
52427.0,5.324005
52428.0,5.230591
52429.0,5.233032
52430.0,5.2388916
52431.0,5.47229
52432.0,5.3477783
52433.0,5.493286
52434.0,5.30072
52435.0,4.930786
52436.0,4.3302
52438.0,3.8041382
52440.0,3.3131104
52441.0,3.9533997
52443.0,3.6871338
52445.0,3.3244934
52447.0,2.6950989
52448.0,2.5995483
52449.0,2.4102783
52450.0,2.2108765
52451.0,2.09729
52454.0,1.5207825
52455.0,1.6037903
52457.0,1.4164429
52462.0,1.4397278
52463.0,1.6895752
52464.0,1.3503723
52466.0,1.4988098
52467.0,1.0066223
52469.0,1.5216064
52470.0,0.8951416
52472.0,0.43273926
52473.0,0.118774414
52474.0,0.6895752
52479.0,0.6192627
52480.0,-0.14508057
52489.0,-0.3782959
52490.0,-8.591522
52504.0,-4.930542
52608.0,9.935669
52609.0,9.935669
52610.0,9.935669
52612.0,9.935669
52613.0,9.935669
52614.0,9.935669
52615.0,9.935669
52616.0,9.935669
52617.0,9.935669
52618.0,9.935669
52619.0,9.935669
52620.0,9.935669
52621.0,9.935669
52622.0,9.935669
52623.0,9.935669
52624.0,9.935669
52625.0,9.935669
52626.0,9.935669
52627.0,9.935669
52628.0,9.935669
52629.0,9.935669
52630.0,9.935669
52631.0,9.935669
52632.0,9.935669
52633.0,9.935669
52634.0,9.935669
52635.0,9.935669
52636.0,9.935669
52638.0,9.935669
52639.0,9.935669
52640.0,9.935669
52641.0,9.935669
52642.0,9.935669
52643.0,9.935669
52644.0,9.935669
52645.0,9.935669
52646.0,9.935669
52647.0,9.935669
52651.0,9.935669
52652.0,9.935669
52660.0,9.935669
52663.0,9.935669
52677.0,9.935669
52678.0,9.935669
52679.0,9.935669
52733.0,9.935669
52734.0,9.935669
52735.0,9.935669
52736.0,9.935669
52737.0,9.935669
52748.0,8.65979
52749.0,8.434204
52750.0,9.09436
52751.0,9.516724
52752.0,9.096619
52753.0,7.4595947
52754.0,7.666626
52755.0,7.928009
52756.0,8.866821
52758.0,9.137146
52760.0,9.033478
52761.0,7.48938
52762.0,7.0562744
52763.0,7.384552
52764.0,7.266876
52765.0,6.7945557
52766.0,6.6934814
52767.0,6.370056
52768.0,6.451782
52769.0,5.879669
52770.0,6.36322
52771.0,5.748657
52772.0,5.4594116
52773.0,5.270935
52774.0,5.3347473
52775.0,5.686157
52776.0,5.625122
52777.0,5.4921265
52778.0,5.187134
52779.0,5.0199585
52780.0,5.2315674
52781.0,5.296814
52782.0,5.2684937
52783.0,5.199341
52784.0,5.1667786
52785.0,5.0980835
52786.0,5.105896
52787.0,4.980591
52788.0,4.549103
52789.0,4.462036
52790.0,4.4602356
52791.0,4.4148254
52792.0,4.4053955
52793.0,4.358032
52794.0,4.2008057
52796.0,3.749298
52800.0,2.997345
52801.0,3.5717163
52802.0,3.6522827
52813.0,1.3445129
52815.0,1.0424194
52823.0,0.88861084
52824.0,1.0583801
52825.0,0.7040405
52826.0,1.1116028
52827.0,1.3915405
52828.0,1.2069702
52829.0,0.99490356
52830.0,1.0018921
52832.0,0.3401184
52833.0,0.8816223
52834.0,-0.8911743
52838.0,-0.26730347
52839.0,-0.75167847
52840.0,-1.0845337
52841.0,-0.7876587
52846.0,-2.700409
52847.0,-1.8535767
52861.0,-5.954315
52864.0,-6.8371277
52865.0,-7.07312
52947.0,9.5784
52968.0,9.5784
52969.0,9.5784
52970.0,9.5784
52971.0,9.5784
52972.0,9.5784
52974.0,9.5784
52976.0,9.5784
52977.0,9.5784
52978.0,9.5784
52979.0,9.5784
52980.0,9.5784
52981.0,9.5784
52982.0,9.5784
52983.0,9.5784
52984.0,9.5784
52985.0,9.5784
52987.0,9.5784
52988.0,9.5784
52989.0,9.5784
52990.0,9.5784
52992.0,9.5784
52993.0,9.5784
52994.0,9.5784
52995.0,9.5784
52996.0,9.5784
52997.0,9.5784
52998.0,9.5784
52999.0,9.5784
53001.0,9.5784
53005.0,9.5784
53006.0,9.5784
53007.0,9.5784
53030.0,9.5784
53092.0,9.5784
53093.0,9.5784
53094.0,9.5784
53095.0,9.5784
53096.0,9.5784
53097.0,9.5784
53108.0,9.441345
53109.0,9.28772
53110.0,9.233032
53111.0,9.135376
53112.0,7.5276184
53113.0,6.8196106
53114.0,6.574341
53115.0,7.0473022
53116.0,8.06488
53117.0,8.857544
53118.0,8.296326
53119.0,8.930115
53121.0,8.435181
53122.0,7.5629272
53123.0,7.983673
53124.0,7.194763
53125.0,6.4610596
53126.0,6.2037354
53127.0,5.8389893
53128.0,6.291626
53129.0,5.8204346
53130.0,6.064575
53131.0,6.4167786
53132.0,5.578064
53133.0,4.956665
53134.0,5.191345
53135.0,4.9989624
53136.0,4.990509
53137.0,4.9418335
53138.0,4.904419
53139.0,4.786072
53140.0,4.766388
53141.0,4.5253296
53142.0,4.6503296
53143.0,4.7296143
53144.0,4.336212
53145.0,4.4066772
53146.0,4.102661
53147.0,4.048462
53148.0,3.87854
53149.0,3.728302
53150.0,3.7546692
53151.0,3.7971497
53152.0,3.5391846
53153.0,3.2250366
53154.0,3.2551575
53155.0,3.4781494
53156.0,3.0811768
53157.0,3.2069702
53160.0,2.8043213
53175.0,0.67541504
53179.0,0.26428223
53180.0,0.24914551
53184.0,0.32366943
53187.0,0.14788818
53189.0,0.08294678
53193.0,-0.15597534
53194.0,-0.48425293
53197.0,-1.211792
53201.0,-1.5464478
53207.0,-2.1629639
53220.0,-8.105194
53221.0,-7.0654907
53325.0,9.339294
53326.0,9.339294
53328.0,9.339294
53329.0,9.339294
53330.0,9.339294
53334.0,9.339294
53335.0,9.339294
53336.0,9.339294
53337.0,9.339294
53338.0,9.339294
53340.0,9.339294
53341.0,9.339294
53342.0,9.339294
53343.0,9.339294
53344.0,9.339294
53345.0,9.339294
53346.0,9.339294
53348.0,9.339294
53349.0,9.339294
53350.0,9.339294
53354.0,9.339294
53355.0,9.339294
53356.0,9.339294
53358.0,9.339294
53359.0,9.339294
53361.0,9.339294
53365.0,9.339294
53366.0,9.339294
53382.0,9.339294
53391.0,9.339294
53452.0,9.339294
53453.0,9.339294
53455.0,9.339294
53456.0,9.339294
53465.0,8.832306
53466.0,5.928833
53467.0,5.399353
53468.0,7.427368
53469.0,9.075134
53470.0,9.097107
53471.0,7.783478
53472.0,7.784607
53473.0,7.4595947
53474.0,7.480896
53475.0,7.2097473
53476.0,7.48172
53477.0,8.269165
53478.0,8.504822
53481.0,8.312775
53482.0,7.5634155
53483.0,7.34256
53484.0,6.8842163
53485.0,6.2753296
53486.0,6.1348877
53487.0,6.5966187
53488.0,5.8415833
53489.0,5.7911377
53490.0,5.730896
53491.0,5.9259033
53492.0,5.4040833
53493.0,4.912384
53494.0,4.7269897
53495.0,4.5220947
53496.0,4.321228
53497.0,4.573517
53498.0,4.7418213
53499.0,4.174591
53500.0,4.04895
53501.0,4.0927124
53502.0,3.802185
53503.0,3.7523804
53504.0,3.783142
53505.0,3.751892
53506.0,3.5984192
53507.0,3.2686768
53508.0,3.4779663
53509.0,3.3217163
53510.0,2.9685364
53511.0,2.6980286
53512.0,2.4289856
53513.0,2.3484192
53514.0,2.7268372
53515.0,2.8165283
53516.0,2.6262512
53517.0,2.0089111
53533.0,0.5302124
53534.0,0.3586731
53538.0,-0.21359253
53541.0,-0.27560425
53546.0,-0.49224854
53547.0,-0.6499634
53553.0,-1.8278503
53562.0,-1.9676514
53566.0,-3.4424438
53567.0,-3.5423584
53683.0,9.041443
53684.0,9.041443
53685.0,9.041443
53686.0,9.041443
53688.0,9.041443
53690.0,9.041443
53691.0,9.041443
53692.0,9.041443
53693.0,9.041443
53694.0,9.041443
53695.0,9.041443
53696.0,9.041443
53697.0,9.041443
53700.0,9.041443
53701.0,9.041443
53702.0,9.041443
53707.0,9.041443
53708.0,9.041443
53710.0,9.041443
53711.0,9.041443
53712.0,9.041443
53713.0,9.041443
53714.0,9.041443
53725.0,9.041443
53825.0,8.201447
53826.0,4.1464233
53827.0,1.6397705
53828.0,3.7886963
53829.0,4.952423
53830.0,7.2082825
53831.0,6.675415
53832.0,6.6194153
53833.0,6.947693
53834.0,6.092407
53835.0,6.7191772
53836.0,6.827759
53837.0,6.9099426
53838.0,7.3988647
53839.0,7.761841
53840.0,7.904907
53841.0,7.6869507
53842.0,7.385376
53843.0,7.0188293
53844.0,6.7631226
53845.0,6.3900757
53846.0,6.1783447
53847.0,6.3883057
53848.0,5.9107666
53849.0,4.99588
53850.0,5.2322083
53851.0,5.187439
53852.0,5.042267
53853.0,4.6531067
53854.0,3.9563293
53855.0,3.8005676
53856.0,3.9154663
53857.0,3.702423
53858.0,3.7927551
53859.0,3.6395874
53860.0,3.5709229
53861.0,3.4807434
53862.0,3.4291382
53863.0,3.111267
53864.0,2.9895325
53865.0,2.9924622
53866.0,2.7554932
53867.0,2.8181458
53868.0,2.5870361
53869.0,2.4426575
53870.0,2.3943176
53874.0,2.1400757
53875.0,1.902771
53877.0,1.3065796
53887.0,0.84973145
53888.0,0.65374756
53889.0,0.47146606
53890.0,0.3060913
53898.0,-1.0275574
53899.0,-0.98165894
53903.0,-1.5591431
53905.0,-1.6647644
53907.0,-1.786499
53912.0,-3.6958618
53929.0,-4.3685303
53930.0,-4.1022644
53931.0,-3.7878113
53932.0,-3.8189087
53957.0,-8.539276
54030.0,8.870728
54041.0,8.870728
54042.0,8.870728
54043.0,8.870728
54044.0,8.870728
54045.0,8.870728
54046.0,8.870728
54047.0,8.870728
54051.0,8.870728
54056.0,8.870728
54058.0,8.870728
54062.0,8.870728
54063.0,8.870728
54064.0,8.870728
54065.0,8.870728
54066.0,8.870728
54067.0,8.870728
54068.0,8.870728
54184.0,8.813416
54185.0,6.7097473
54186.0,3.602478
54187.0,-0.02999878
54188.0,1.5334778
54189.0,2.706665
54190.0,4.4345093
54191.0,5.064575
54192.0,4.6321106
54193.0,4.459259
54194.0,4.9718018
54195.0,5.519806
54196.0,6.0601807
54197.0,6.627075
54198.0,7.101837
54199.0,7.2361145
54200.0,7.005493
54201.0,6.5323486
54202.0,5.8821106
54203.0,5.5158997
54204.0,5.3454895
54205.0,5.647888
54206.0,5.7579346
54207.0,5.6949463
54208.0,5.587036
54209.0,5.04895
54210.0,5.0969543
54211.0,4.8983765
54212.0,4.926697
54213.0,4.599884
54214.0,3.7305908
54215.0,3.1636963
54216.0,3.16922
54217.0,3.285431
54218.0,3.1072083
54219.0,3.0587158
54220.0,2.7144775
54221.0,2.5414429
54222.0,2.6321106
54223.0,2.6503296
54224.0,2.5180054
54225.0,2.5634155
54226.0,2.6286926
54227.0,2.4364624
54228.0,2.3111572
54229.0,2.2162476
54230.0,2.1119385
54231.0,1.8256226
54234.0,1.5404663
54237.0,0.38342285
54240.0,0.08035278
54241.0,0.21707153
54243.0,0.39074707
54248.0,-0.28878784
54249.0,-0.56921387
54250.0,-0.74386597
54262.0,-2.4764404
54263.0,-2.4430847
54269.0,-2.1351318
54272.0,-3.9255066
54273.0,-3.672577
54276.0,-4.4552917
54277.0,-4.4214478
54293.0,-4.86203
54296.0,-4.5151978
54303.0,-6.137909
54304.0,-6.3692017
54310.0,-7.0939636
54311.0,-7.141815
54312.0,-7.5028076
54313.0,-7.578186
54314.0,-7.658905
54315.0,-7.6232605
54317.0,-9.902557
54389.0,8.652771
54390.0,8.652771
54399.0,8.652771
54400.0,8.652771
54401.0,8.652771
54403.0,8.652771
54404.0,8.652771
54405.0,8.652771
54407.0,8.652771
54409.0,8.652771
54411.0,8.652771
54417.0,8.652771
54418.0,8.652771
54419.0,8.652771
54421.0,8.652771
54422.0,8.652771
54423.0,8.652771
54426.0,8.652771
54427.0,8.652771
54533.0,8.652771
54544.0,8.690063
54545.0,5.8861694
54546.0,2.8131104
54547.0,0.87854004
54548.0,-1.239624
54549.0,0.6687317
54550.0,1.1726379
54551.0,2.2162476
54552.0,2.285431
54553.0,2.9675598
54554.0,3.0723877
54555.0,4.3202515
54556.0,5.08313
54557.0,6.479126
54561.0,6.1633606
54562.0,5.321411
54563.0,5.0886536
54564.0,4.80838
54565.0,4.7335205
54566.0,4.618286
54567.0,4.657501
54568.0,4.6986694
54569.0,4.4872437
54570.0,4.5871887
54571.0,4.321228
54572.0,4.0722046
54573.0,3.5403137
54574.0,3.6234741
54575.0,3.5543213
54576.0,3.4315796
54577.0,2.369751
54578.0,2.6233215
54579.0,2.4701538
54580.0,2.1516418
54581.0,2.1360168
54582.0,2.4381104
54583.0,1.8033447
54584.0,1.9312744
54585.0,1.9758606
54586.0,2.0798645
54587.0,1.8622437
54601.0,-0.70318604
54602.0,-0.9061279
54603.0,-1.0085144
54608.0,-1.3392334
54609.0,-1.3667603
54610.0,-1.6016235
54632.0,-4.373413
54636.0,-5.7298584
54640.0,-5.7557373
54652.0,-5.7056274
54653.0,-5.806366
54664.0,-6.8467407
54665.0,-6.7720337
54666.0,-6.9317017
54667.0,-7.2352295
54668.0,-7.1896667
54669.0,-7.0391235
54670.0,-7.644104
54671.0,-7.9815063
54672.0,-8.223999
54673.0,-8.227905
54675.0,-8.339233
54678.0,-10.795959
54688.0,-10.418671
54689.0,-9.753784
54759.0,8.124298
54762.0,8.124298
54763.0,8.124298
54764.0,8.124298
54765.0,8.124298
54766.0,8.124298
54767.0,8.124298
54776.0,8.124298
54777.0,8.124298
54783.0,8.124298
54784.0,8.124298
54785.0,8.124298
54786.0,8.124298
54789.0,8.124298
54790.0,8.124298
54791.0,8.124298
54807.0,8.124298
54808.0,8.124298
54892.0,8.124298
54893.0,8.124298
54904.0,8.283813
54905.0,8.289001
54906.0,6.3917236
54907.0,3.3468018
54908.0,0.44314575
54909.0,-0.22174072
54910.0,0.6164856
54911.0,0.9996338
54912.0,1.0554504
54913.0,2.0896301
54914.0,2.8204346
54915.0,3.3279114
54916.0,3.3326416
54917.0,4.6866455
54918.0,6.1404114
54921.0,4.8900757
54922.0,4.368103
54923.0,4.1915283
54924.0,3.7001343
54925.0,3.81781
54926.0,4.0177
54927.0,4.0036926
54928.0,3.860962
54929.0,3.7859192
54930.0,3.3930054
54931.0,3.0292358
54932.0,3.0045166
54933.0,3.1262512
54934.0,3.4088135
54935.0,3.4206848
54936.0,2.4644775
54937.0,2.2829895
54938.0,2.1417236
54939.0,2.2225952
54940.0,1.7506104
54941.0,1.7974854
54942.0,1.9898682
54943.0,1.9919739
54944.0,1.510376
54945.0,1.0368958
54946.0,1.0154114
54950.0,0.7068176
54963.0,-1.5640259
54965.0,-1.8081665
54968.0,-2.196991
54970.0,-2.5899048
54979.0,-4.2425537
54980.0,-4.0843506
55017.0,-6.04953
55024.0,-7.822815
55025.0,-7.800171
55026.0,-7.82605
55027.0,-7.9894714
55028.0,-8.316467
55029.0,-8.37619
55030.0,-8.449768
55031.0,-8.792694
55032.0,-8.954651
55033.0,-9.079163
55034.0,-9.115295
55035.0,-9.013062
55037.0,-10.699921
55038.0,-12.342499
55039.0,-12.18396
55048.0,-10.793182
55049.0,-10.197815
55050.0,-10.047577
55051.0,-10.240448
55052.0,-9.086975
55066.0,-6.100647
55119.0,7.607849
55120.0,7.607849
55121.0,7.607849
55136.0,7.607849
55142.0,7.607849
55143.0,7.607849
55146.0,7.607849
55147.0,7.607849
55148.0,7.607849
55149.0,7.607849
55167.0,7.607849
55191.0,7.607849
55237.0,7.607849
55238.0,7.607849
55239.0,7.607849
55240.0,7.607849
55241.0,7.607849
55242.0,7.607849
55243.0,7.607849
55267.0,7.8707275
55268.0,6.978302
55269.0,5.58197
55270.0,5.3378296
55271.0,3.606079
55272.0,2.4924622
55273.0,2.7025757
55274.0,3.0681458
55275.0,2.8992004
55276.0,2.849884
55277.0,2.850708
55278.0,3.3020325
55279.0,4.196411
55280.0,5.0554504
55281.0,4.7836304
55282.0,4.2906494
55283.0,3.8365479
55284.0,3.347107
55285.0,3.3265991
55286.0,3.2896729
55287.0,3.0870361
55288.0,2.8399658
55289.0,3.093048
55290.0,2.5523682
55291.0,2.1374817
55292.0,2.383728
55293.0,2.7297668
55294.0,2.7125244
55295.0,2.4298096
55296.0,1.9241028
55297.0,2.0216064
55298.0,2.1791382
55299.0,1.812439
55300.0,1.5559387
55301.0,1.7266846
55302.0,1.2146301
55303.0,0.7159424
55304.0,0.6789856
55305.0,0.51101685
55306.0,0.2208252
55307.0,0.19818115
55310.0,-0.27233887
55313.0,-0.59802246
55314.0,-0.6890259
55317.0,-1.7982178
55318.0,-3.6585693
55329.0,-3.2476196
55333.0,-4.298889
55335.0,-4.5397644
55347.0,-5.0772095
55372.0,-7.5369873
55373.0,-7.570526
55383.0,-8.020874
55385.0,-8.425995
55386.0,-8.794159
55387.0,-9.00885
55388.0,-9.245178
55389.0,-9.454163
55390.0,-9.93869
55391.0,-9.736694
55392.0,-9.797913
55393.0,-9.797913
55394.0,-9.77771
55397.0,-11.722046
55406.0,-11.537964
55407.0,-11.433655
55416.0,-10.372131
55471.0,7.058716
55472.0,7.058716
55479.0,7.058716
55480.0,7.058716
55481.0,7.058716
55494.0,7.058716
55495.0,7.058716
55502.0,7.058716
55505.0,7.058716
55506.0,7.058716
55509.0,7.058716
55510.0,7.058716
55595.0,7.058716
55596.0,7.058716
55597.0,7.058716
55598.0,7.058716
55599.0,7.058716
55600.0,7.058716
55601.0,7.058716
55602.0,7.058716
55603.0,7.058716
55604.0,7.058716
55605.0,7.058716
55606.0,7.058716
55629.0,7.59906
55630.0,6.7020874
55631.0,5.4833374
55632.0,3.5299072
55633.0,2.0841064
55634.0,1.4765015
55635.0,1.8809814
55636.0,1.776001
55637.0,1.4021301
55638.0,2.0284424
55639.0,2.355896
55640.0,2.8902588
55641.0,4.0914307
55643.0,3.3526611
55644.0,3.3122864
55645.0,2.7994385
55646.0,2.6202393
55647.0,2.30188
55648.0,2.003357
55649.0,1.9223022
55650.0,1.7963257
55651.0,1.9499817
55652.0,2.0940247
55653.0,2.027954
55654.0,2.613556
55655.0,3.1070557
55656.0,2.675232
55657.0,2.0811768
55658.0,1.8700562
55659.0,1.7790833
55660.0,1.4017944
55661.0,0.82855225
55662.0,0.4366455
55663.0,0.5157471
55664.0,0.29666138
55665.0,0.10916138
55666.0,-0.25704956
55667.0,-0.7946472
55668.0,-0.6291199
55680.0,-4.1735535
55696.0,-5.5812683
55697.0,-5.6948853
55698.0,-5.593628
55734.0,-8.041077
55742.0,-9.118225
55746.0,-9.986053
55747.0,-11.146545
55750.0,-11.7300415
55755.0,-12.015503
55756.0,-12.278198
55764.0,-12.326538
55765.0,-12.659393
55774.0,-10.421936
55831.0,6.655884
55832.0,6.655884
55851.0,6.655884
55852.0,6.655884
55853.0,6.655884
55854.0,6.655884
55855.0,6.655884
55856.0,6.655884
55955.0,6.655884
55956.0,6.655884
55957.0,6.655884
55958.0,6.655884
55959.0,6.655884
55960.0,6.655884
55961.0,6.655884
55962.0,6.655884
55963.0,6.655884
55964.0,6.655884
55965.0,6.655884
55966.0,6.655884
55991.0,6.65213
55992.0,4.474884
55993.0,1.0417786
55994.0,0.47390747
55995.0,0.058044434
55996.0,0.7234192
55997.0,1.2174072
55998.0,1.1000366
55999.0,1.1400757
56000.0,1.6630249
56001.0,2.84729
56002.0,3.2113647
56003.0,2.8762512
56004.0,2.532837
56005.0,2.0726929
56006.0,1.78656
56007.0,1.5202942
56008.0,1.0907593
56009.0,1.0805054
56010.0,1.1926575
56011.0,1.7307434
56012.0,1.6801147
56013.0,1.8528137
56014.0,2.0980835
56015.0,2.2919312
56016.0,2.2694702
56017.0,2.3302002
56020.0,0.31799316
56021.0,0.057250977
56022.0,-0.28405762
56023.0,-0.15939331
56024.0,-0.25460815
56025.0,-0.57507324
56032.0,-1.5674438
56033.0,-1.7718506
56057.0,-6.333557
56058.0,-6.428589
56091.0,-9.549377
56092.0,-9.244354
56115.0,-12.302124
56119.0,-13.424377
56203.0,6.3259583
56211.0,6.3259583
56212.0,6.3259583
56213.0,6.3259583
56231.0,6.3259583
56316.0,6.3259583
56317.0,6.3259583
56318.0,6.3259583
56319.0,6.3259583
56320.0,6.3259583
56321.0,6.3259583
56322.0,6.3259583
56323.0,6.3259583
56324.0,6.3259583
56325.0,6.3259583
56352.0,6.004181
56353.0,2.6810913
56354.0,0.025817871
56355.0,-1.4709167
56356.0,-1.0840454
56357.0,-0.05831909
56358.0,-0.23297119
56359.0,0.7393799
56360.0,1.072876
56361.0,1.074646
56362.0,1.4823608
56363.0,1.3970947
56364.0,1.3303528
56365.0,1.2045288
56366.0,0.9520874
56367.0,0.7517395
56368.0,0.42474365
56369.0,0.10345459
56406.0,-5.3752136
56428.0,-8.234924
56451.0,-9.788452
56452.0,-9.772186
56473.0,-11.216858
56491.0,-10.159882
56492.0,-10.711304
56560.0,5.9621887
56564.0,5.9621887
56565.0,5.9621887
56712.0,6.319458
56713.0,6.1968994
56714.0,5.080017
56715.0,2.5943604
56716.0,-0.6652527
56717.0,-1.9010925
56718.0,-1.7451782
56719.0,-0.9481201
56720.0,-0.13970947
56721.0,0.51101685
56722.0,0.6633606
56723.0,0.53723145
56724.0,0.42752075
56725.0,0.37268066
56726.0,0.20501709
56727.0,0.1060791
56728.0,-0.16265869
56729.0,-0.60324097
56730.0,-0.3392334
56733.0,-0.8833618
56753.0,-3.0796509
56763.0,-5.6380615
56764.0,-6.279846
56800.0,-10.957581
56924.0,5.626587
56925.0,5.626587
56926.0,5.626587
57073.0,5.80188
57074.0,5.033966
57075.0,4.132263
57076.0,2.9499817
57077.0,1.2235718
57078.0,-1.0480652
57079.0,-1.5993347
57080.0,-1.3901978
57081.0,-0.7930298
57082.0,-0.12634277
57083.0,-0.5449829
57084.0,-0.8626709
57085.0,-0.59884644
57086.0,-0.51242065
57087.0,-0.21359253
57088.0,-0.20758057
57089.0,-0.08648682
57173.0,-10.949768
57280.0,4.973572
57286.0,4.973572
57287.0,4.973572
57314.0,4.973572
57435.0,5.3367004
57436.0,4.87854
57437.0,3.512146
57438.0,1.963501
57439.0,0.32107544
57440.0,-0.6107178
57441.0,-2.2283936
57442.0,-2.0828857
57443.0,-0.8179321
57444.0,-0.7013855
57445.0,-0.47106934
57446.0,-0.74890137
57447.0,-0.2401123
57448.0,-0.0007019043
57449.0,0.18792725
57450.0,0.31536865
57451.0,0.38113403
57798.0,4.6972046
57799.0,4.548767
57800.0,4.351013
57801.0,3.895935
57802.0,2.425415
57803.0,0.7281494
57804.0,0.18859863
57805.0,1.413208
57806.0,0.5124817
57807.0,-0.25280762
57808.0,-0.5718384
57809.0,-0.42858887
57810.0,1.550415
57811.0,3.0744934
57983.0,3.5892944
58163.0,3.8303528
58164.0,3.7416382
58165.0,3.5751343
58167.0,3.3733215
58168.0,3.3676147
58422.0,2.3093567
59124.0,0.7834778
59125.0,0.7834778
