sample_id,scenario,displaced_ef_multiplier,screening_gain_gt
1,Low,1.2474932319881862,0.7321651372963061
2,Low,0.9758148680795384,0.6347927662262975
3,Low,0.9984860692690948,0.3937872706871133
4,Low,1.1256342630085403,0.4092308823213528
5,Low,0.7127337115397584,0.3266775665647827
6,Low,1.4990735785215938,0.7596507388680038
7,Low,1.3442218235291716,0.6485494032604464
8,Low,1.0348026115843667,0.6559404062685417
9,Low,0.7874279254732466,0.4312937521572593
10,Low,0.6810760734772741,0.3155343119689888
11,Low,1.486171731746431,0.7011163044285382
12,Low,0.9976172827236424,0.6200106749217156
13,Low,0.6911894310729345,0.3524539671194731
14,Low,0.7079866746820151,0.3454399802922694
15,Low,1.3383263977260562,0.7093990758646953
16,Low,1.26021821307592,0.7827053337875327
17,Low,0.8032978371116517,0.2791116173764933
18,Low,1.1505178028418266,0.4564588891096548
19,Low,0.8124633641033454,0.4245626569599494
20,Low,1.3882771280752313,0.6233116948107238
21,Low,0.7257633179487044,0.4745882722943833
22,Low,0.8354530726261726,0.2154037494799041
23,Low,1.2432605413253586,0.6970473698815169
24,Low,1.3707192292263275,0.5800449801222669
25,Low,0.7283452709192215,0.3331217126611108
26,Low,1.3088610463545458,0.738085085973637
27,Low,0.898944933779144,0.5137747321147685
28,Low,1.2969263268271716,0.5377717846916426
29,Low,1.2928767979775593,0.804009861263097
30,Low,1.1062857764969949,0.636727228886727
31,Low,1.00017063120998,0.3749151257485223
32,Low,1.4129358132321106,0.8184931576172119
33,Low,0.902141859895382,0.4877782382524742
34,Low,1.197747116898321,0.6448481857663637
35,Low,1.0249131520051633,0.549506946527714
36,Low,0.7397967679778781,0.288403629053505
37,Low,1.123966707505942,0.55839911000065
38,Low,1.2732437951855218,0.720937153741815
39,Low,0.8094432036959085,0.3814069097389208
40,Low,1.3138059648448706,0.855051908030589
41,Low,0.8936330354896241,0.4182829795721687
42,Low,0.7615147443377668,0.3042433275133476
43,Low,0.5564957159799832,0.3140835991052171
44,Low,1.0730121924329836,0.6284325716524819
45,Low,1.051317229841326,0.5311227582799773
46,Low,0.5170012699668884,0.24751542982073
47,Low,1.3971055326819788,0.9195255821520334
48,Low,1.3390073106792453,0.5793361994766002
49,Low,1.143886704712738,0.662120673348781
50,Low,1.275014261484543,0.5190578720778802
51,Low,1.048725181068463,0.3828440103100163
52,Low,0.5766745066217188,0.3434080935623314
53,Low,1.2015011471163466,0.5191855371266172
54,Low,0.8691139401673659,0.3770104891127062
55,Low,0.5402786387353103,0.1992720231391338
56,Low,0.8903310056617073,0.4547123973341769
57,Low,1.1903436830483043,0.7077935727374296
58,Low,1.3053612061764013,0.5515633016283346
59,Low,1.343585710975866,0.5872272487848704
60,Low,1.2171375907889006,0.6211969665963437
61,Low,0.6236849607633603,0.3729406975301188
62,Low,1.0325286159535811,0.4563321644582458
63,Low,1.2660957039713474,0.4441562221858675
64,Low,1.3253161299487162,0.5804763744175716
65,Low,0.8504410434202936,0.4387406745744471
66,Low,1.396859847984548,0.5809277179865973
67,Low,1.03840252852377,0.4739728080016903
68,Low,0.5048361269368329,0.290736053985043
69,Low,0.6972214522429218,0.3992363620364614
70,Low,0.8666174967110669,0.3791949024460379
71,Low,1.385935140269997,0.5419105774772959
72,Low,0.8310248682250225,0.5616984348221195
73,Low,1.1603685932439471,0.7285546111640429
74,Low,1.337819725892886,0.6686639507288277
75,Low,1.412147309148711,0.7598942992409548
76,Low,0.7063867446329402,0.2420315332710245
77,Low,0.9550540952399568,0.4124072435256352
78,Low,1.1673912016298342,0.5770184642411351
79,Low,0.5859736354239833,0.2231003169046062
80,Low,0.6571153427947121,0.4316258014177236
81,Low,0.7551700698149406,0.3508182169620397
82,Low,1.3311588707211337,0.7492213376471852
83,Low,1.0291724945587415,0.4628461355239608
84,Low,0.9868633550250698,0.413259641570221
85,Low,0.6186386160488906,0.3124852518722889
86,Low,0.7706662794962855,0.3797240484514148
87,Low,0.849857522087629,0.5306541780412033
88,Low,1.0723492885461243,0.6055526696235205
89,Low,0.8459822048846779,0.410100255901014
90,Low,1.4338535672433843,0.815328272143006
91,Low,1.3589623402390965,0.6718612349312423
92,Low,1.1327480649226374,0.472557977513091
93,Low,1.400435856630192,0.8428852930872495
94,Low,1.162335342670876,0.5148247584057515
95,Low,0.8741128124748997,0.4105598799439605
96,Low,0.6709882735628683,0.3225287502696261
97,Low,0.8547503641226284,0.538236896430746
98,Low,1.4433058378651662,0.7179565395304195
99,Low,1.3446843108657935,0.5465665495274834
100,Low,0.7138287614441134,0.3293552800498247
101,Low,0.8766334567560761,0.3384465943303425
102,Low,1.2291828423764235,0.8156793645158302
103,Low,1.4450367321467803,0.7830170567240202
104,Low,1.4852989345855576,0.5848910872330464
105,Low,1.4759100791657287,0.7260170096548535
106,Low,0.6442047775378932,0.3016274654039605
107,Low,0.6700754286101008,0.2147214359883094
108,Low,0.5976985543509543,0.4110603734851423
109,Low,1.0264875889275915,0.7225299649232539
110,Low,1.1022175863564234,0.5041223500091121
111,Low,0.9227318155121988,0.4129521746022107
112,Low,0.6095384811473213,0.1921619098550699
113,Low,1.181227499305486,0.4649829388856545
114,Low,0.7010244667596667,0.3022646745471604
115,Low,0.7467778379995798,0.4663398744056906
116,Low,1.3580410724745469,0.6575653404097466
117,Low,1.1701512560706364,0.5606540255201224
118,Low,1.3403166025782536,0.6736654091299243
119,Low,0.961936683539911,0.4875033328351748
120,Low,0.7144103295221937,0.3148577367684595
121,Low,0.8995311900357326,0.495861685938749
122,Low,1.498955224925934,0.6973849127450222
123,Low,1.321215568481973,0.5272080302692501
124,Low,1.1647204208433315,0.5250405115379806
125,Low,0.8403462583227002,0.5451758504274693
126,Low,1.4956725781638798,0.6992899459956163
127,Low,1.3454863942168296,0.7560331604106381
128,Low,0.6603912600549009,0.4304233969723725
129,Low,0.9289769660469638,0.4648773680033429
130,Low,1.2103130444153938,0.682088002462919
131,Low,1.3179901241321343,0.9271126514275636
132,Low,0.8016296876690738,0.3328330571499194
133,Low,1.1545872915266786,0.5238335732085062
134,Low,0.8427431153835707,0.3447477641880994
135,Low,0.6387930649416562,0.2803952622920391
136,Low,0.5357567641767521,0.3395778641807752
137,Low,0.8808064299965972,0.3362789953661433
138,Low,0.8843021041167346,0.496106144266065
139,Low,1.3229483556473172,0.6111075098863239
140,Low,0.7808393477603806,0.4486712885820623
141,Low,0.7532431279330825,0.3421186631090407
142,Low,1.461235657609438,0.560014732320198
143,Low,0.604295701293872,0.3952691736556488
144,Low,0.7729746850847341,0.3913910300394008
145,Low,0.8529397650790762,0.45273686940169
146,Low,0.7092380272659179,0.5014549825357477
147,Low,1.4813680710342902,0.6927437091506761
148,Low,1.326175391983602,0.8038640568425137
149,Low,1.4973156780772252,0.888430996906493
150,Low,0.717144553601909,0.2774812498260388
151,Low,1.0257062897261204,0.6195972471112157
152,Low,0.7110658933248263,0.4919422528901691
153,Low,1.0993060899607348,0.6929507346147119
154,Low,1.2885554853035197,0.5702572809536832
155,Low,1.137772164970738,0.5427113530555943
156,Low,0.6760196689991779,0.3960357695344498
157,Low,1.4237681225737862,0.6082175238003771
158,Low,0.6579659568637832,0.4024133528746887
159,Low,1.424384566081966,0.8734160423943251
160,Low,0.5028879733869459,0.2485253042252821
161,Low,0.7752390676263693,0.4364861982761425
162,Low,1.2952067408498245,0.5676411233866361
163,Low,0.6887703105803507,0.2845015514727436
164,Low,0.5691266554215614,0.2710247371591592
165,Low,0.8609602189870345,0.3824531988834394
166,Low,1.2747037729110589,0.6485403579465157
167,Low,0.5589543825358783,0.2463293681575891
168,Low,0.6298757575874346,0.2726500454457365
169,Low,0.529176011631794,0.3180590124634008
170,Low,1.3954028680823374,0.6850811701529125
171,Low,1.1053957799641494,0.7202848868265619
172,Low,0.7626274448948652,0.5295678931796743
173,Low,0.5205161751684837,0.2983567743914435
174,Low,1.387364107728975,0.7004456302301634
175,Low,0.8614693015873714,0.5156048269815017
176,Low,1.0567990864202463,0.4047331462870005
177,Low,0.5625896174016838,0.2217801843021476
178,Low,1.1307582774056606,0.4998484379154178
179,Low,0.9567126036574948,0.3762632668454699
180,Low,0.8177345404820902,0.2947628432203899
181,Low,0.8349035725715339,0.3096989083070909
182,Low,1.0565464596331884,0.5589034004082123
183,Low,1.2682366523151547,0.6298713222727201
184,Low,0.7594155978259693,0.462846908470496
185,Low,1.4274248021702125,0.6205906500861573
186,Low,0.5409850310785563,0.354912409900443
187,Low,0.846478566222314,0.3827607058873497
188,Low,0.6380296989112191,0.2971618569794003
189,Low,0.6658191131902003,0.3227275392013169
190,Low,1.2775750590298087,0.8782512341727795
191,Low,1.1466001209678396,0.5564468821150541
192,Low,0.9745101817961506,0.4024245147875263
193,Low,1.0769938097487546,0.46944083582855
194,Low,1.2441962306061316,0.5582914715337353
195,Low,1.0351748877118785,0.4014424558941414
196,Low,0.5496881042413834,0.2652910533967656
197,Low,0.8381874545428782,0.4176012895762397
198,Low,0.5264411859992519,0.3735677075726613
199,Low,1.411128430263772,0.8651132384731568
200,Low,1.2916131141176208,0.5943776875305247
201,Low,1.0902252361483993,0.4595091001681055
202,Low,1.0474943879058756,0.4971718955364395
203,Low,1.0447852890987748,0.4945338642915118
204,Low,1.4574868829469607,0.6867611571816923
205,Low,1.418185297170504,0.913328775683425
206,Low,0.7164624899609904,0.3355182728164436
207,Low,1.288894898424783,0.5149934518632193
208,Low,0.7852639953127684,0.3473325240668004
209,Low,0.7316233193333862,0.428207167806832
210,Low,0.7924153223181534,0.3753584731074326
211,Low,0.5235076962979951,0.2602427184786862
212,Low,1.1740045845195448,0.5694678650323084
213,Low,1.1242042936547776,0.5888611061968163
214,Low,1.1723279585269837,0.6440401041758008
215,Low,1.4885878058388196,0.8020605426707732
216,Low,0.6955496947074404,0.335345398910519
217,Low,0.8021680502361803,0.5717244153263579
218,Low,1.421844264000489,0.987411018092672
219,Low,0.943949354959606,0.3649944023570413
220,Low,0.6989797462811278,0.3099068970116079
221,Low,1.213845216029566,0.6934333797104983
222,Low,0.6615389806629091,0.2884980341869294
223,Low,0.638583023477461,0.4533607275190121
224,Low,0.5081088714465378,0.2174054375993286
225,Low,1.1352806962553244,0.554319387296033
226,Low,1.4734016897601705,0.7098354806635854
227,Low,1.1180733729691403,0.3648985528492048
228,Low,1.2040991290536582,0.5566189353608024
229,Low,1.1874099233710416,0.5464775168299951
230,Low,0.8569001614254432,0.5675598203888512
231,Low,1.0974980971403068,0.4862480393830282
232,Low,0.5662569223439485,0.2900216146452621
233,Low,0.8602758127569412,0.3857112152280706
234,Low,0.783283035647595,0.2981351397581235
235,Low,0.5886575005740107,0.2342768155569601
236,Low,0.8374741666178072,0.4435986391063693
237,Low,1.03805091338038,0.6259473450154047
238,Low,0.5259977714227787,0.196512444592571
239,Low,0.955115366198474,0.447808283740926
240,Low,1.3870339172032091,0.5496319423486824
241,Low,0.7941612211659763,0.2686601332898775
242,Low,0.9712240012266364,0.4686023771627106
243,Low,1.4207190021769538,0.6762551901646674
244,Low,0.6643733252818597,0.4048698395476293
245,Low,1.3466071083925066,0.7336252741308869
246,Low,1.408795430047233,0.8728660937717905
247,Low,1.1152662717072044,0.6746951280420461
248,Low,1.0311944467955665,0.4778555992466522
249,Low,1.238568553121992,0.8345681649076937
250,Low,0.6463112362176454,0.3024859476358799
251,Low,0.6126215606441769,0.30082754311168
252,Low,0.8585631639966163,0.4863717115124188
253,Low,1.1384569243728393,0.5170773182945112
254,Low,1.0826521825600652,0.46974413143991
255,Low,0.719642135745987,0.3168510734266263
256,Low,1.2870292130232337,0.8303122182698246
257,Low,1.1302310118017118,0.4965797476600926
258,Low,1.0671882400907178,0.6040345096864712
259,Low,0.726497135850119,0.4459637428358149
260,Low,1.026254584222806,0.5151016887243571
261,Low,0.5839927250076584,0.2696842905544514
262,Low,0.9466851052674404,0.5016431311861851
263,Low,0.7824544960071678,0.3447482812264795
264,Low,1.1029046508523122,0.712729299508922
265,Low,0.6647836666687853,0.3385439248293878
266,Low,1.315901883158413,0.7251329823706385
267,Low,1.4653082529451402,0.7891105671347418
268,Low,1.0916488164066385,0.534463892511468
269,Low,1.074609524105055,0.4209758147656117
270,Low,1.1141823119118883,0.6325376688900235
271,Low,0.7117049313697286,0.4396372866170708
272,Low,0.9346290656902012,0.4329151189511151
273,Low,0.5797128443531085,0.3384657822844232
274,Low,1.1970037825849118,0.5841284099345074
275,Low,0.7578723525568697,0.4978774361048295
276,Low,0.6744337858807867,0.3281435139377464
277,Low,0.6550142598680287,0.3187578576105423
278,Low,1.3823625264795427,0.8094481220360876
279,Low,0.5914592283908952,0.2924943829601076
280,Low,0.6967253407056937,0.2770990828892579
281,Low,0.98739942704719,0.3299815390552965
282,Low,1.1905288181573328,0.6624439255513295
283,Low,1.1200195353594435,0.6230849347453074
284,Low,0.6400302940691085,0.2868971816963821
285,Low,0.8516235818723146,0.3707020734972914
286,Low,0.5181980333963321,0.2117464020777859
287,Low,0.789066723781785,0.4232367151269756
288,Low,1.3218492037637468,0.5952261393089344
289,Low,0.7069562232703025,0.3076742151993201
290,Low,1.172393458464975,0.6095159229342215
291,Low,0.7505126830265982,0.3909241828333947
292,Low,0.8590299443038598,0.3885734468506783
293,Low,1.1287692811063563,0.6211861050701373
294,Low,1.3588476255226285,0.6571942412300729
295,Low,0.8773039090376655,0.5090566082037355
296,Low,1.3635783915001125,0.6733749027691118
297,Low,0.713040771520465,0.4549861771458978
298,Low,1.3781302894232377,0.4671300844129007
299,Low,1.2820691603180898,0.6712642237723685
300,Low,0.6208184892008457,0.4299415272869851
301,Low,1.1055321397360744,0.5202492158844478
302,Low,0.6806411107666591,0.292719159273453
303,Low,0.7175350097540533,0.2711120656888752
304,Low,1.2652059780204723,0.5617306001061451
305,Low,0.9182113958909984,0.385176041547183
306,Low,1.489666532905352,0.7149515715704382
307,Low,0.8855507683161956,0.4562228585740371
308,Low,1.4454002426492774,0.5810065330023235
309,Low,0.7025730045117066,0.2699450311567659
310,Low,0.8970351181179324,0.4009208628370686
311,Low,0.7307028907956425,0.3921702779890736
312,Low,0.8108789976505908,0.3419969408448295
313,Low,0.5995686164527018,0.3516544356725006
314,Low,1.088123026104645,0.5196496155563324
315,Low,0.752643661629667,0.287709761251719
316,Low,1.2592766405766969,0.7652337990296587
317,Low,1.220114374324404,0.4914561654369578
318,Low,0.797056691597223,0.3295518188078787
319,Low,0.6270166605991372,0.2856887671122692
320,Low,0.8699505317329224,0.4369732526860019
321,Low,1.077602193373375,0.4698549287251126
322,Low,0.925286444365878,0.5994327467777083
323,Low,1.4753792878320875,0.6616412995776528
324,Low,1.3249782589482555,0.5467570027500557
325,Low,0.87371245030804,0.5480530372833812
326,Low,1.0904929527311262,0.4934581042553105
327,Low,1.0236690906202446,0.6177729345626375
328,Low,1.4529379358008605,0.6284685424743373
329,Low,1.367768701747,0.5456501984262019
330,Low,1.481812713934005,0.7187408988924773
331,Low,0.6258472068319554,0.4066194079875487
332,Low,1.333606516185637,0.8441889038328156
333,Low,0.775472391221238,0.4755936563382192
334,Low,0.9104559005706938,0.4366838693593848
335,Low,0.8363151480718243,0.3661821782149204
336,Low,1.1332129198732468,0.6091250877920515
337,Low,1.1510658612337892,0.7483984764464822
338,Low,1.0494601193536883,0.5668645279706084
339,Low,0.5144999734407696,0.2757491833397836
340,Low,0.5064121675917713,0.1889580450394703
341,Low,1.1987989425870151,0.5466246800325791
342,Low,0.9705649376268256,0.4072514460085159
343,Low,0.5962685611609505,0.2750954209514944
344,Low,0.8001523167549993,0.3578483939410048
345,Low,0.9405965248358684,0.4182511203422621
346,Low,0.7155919307959259,0.3266189758407947
347,Low,0.8625239979835528,0.371449655077896
348,Low,0.6546133801679905,0.3223180690451102
349,Low,1.3992146319578065,0.615163423559764
350,Low,1.2158336018867542,0.7210674946675226
351,Low,1.1822615431193495,0.584698347847521
352,Low,1.471497755794379,0.9266715816545456
353,Low,0.5777714186726376,0.2169714428058675
354,Low,0.8298422305630205,0.3593078653131556
355,Low,1.171377548203551,0.546597297446354
356,Low,1.4066824704950776,0.601179504514505
357,Low,1.031740114528245,0.4371895151823395
358,Low,1.2286401968856069,0.520531452571376
359,Low,1.0700048933000592,0.4437631422725303
360,Low,0.5007585820492184,0.3330537844018408
361,Low,0.7887496837151102,0.4729826622148323
362,Low,0.885813706215655,0.2871149532901498
363,Low,1.1601316839930438,0.6287479256033208
364,Low,0.5032663696696831,0.2687699032663957
365,Low,0.8052780302436359,0.367572345590581
366,Low,1.4360308059916649,0.5473401627854031
367,Low,1.0969999788169136,0.5873899711871502
368,Low,1.163880400462301,0.7207637787272461
369,Low,1.482956063529531,0.6165132367506772
370,Low,0.5710352015716146,0.2370797765312033
371,Low,1.3764599192119236,0.6573552571185104
372,Low,1.079529684982428,0.3522115975686262
373,Low,0.6854355963544103,0.2788861768469886
374,Low,1.368866202249246,0.8302395438853978
375,Low,0.6650942512469364,0.3067345691450427
376,Low,0.9536921029015272,0.5133223312935655
377,Low,0.86284707548649,0.4700353020209462
378,Low,0.9339021618436236,0.6624711167802104
379,Low,1.490281550150344,0.5601485486347286
380,Low,1.1784045936439915,0.6872301593977994
381,Low,0.6563447590863846,0.2392228585534326
382,Low,0.7274852151184932,0.4707020015975161
383,Low,0.8754003030913917,0.5133611431587184
384,Low,1.3319042564086492,0.5805544251965813
385,Low,1.1985658825226704,0.5095429108475429
386,Low,0.5725536871167589,0.255435516092227
387,Low,0.7004088746602848,0.4935533319869591
388,Low,0.967310047571456,0.5024179832851416
389,Low,1.1795572272913857,0.6212576868261266
390,Low,1.3143195557148202,0.5296225257786915
391,Low,1.4261723841406808,0.5887110325650013
392,Low,0.905532062972218,0.5294882665269114
393,Low,0.9678168149771902,0.5489701643137579
394,Low,0.8315097451159057,0.3736302015155104
395,Low,1.0934093114604737,0.5117218748942491
396,Low,1.4669308479901146,0.7473080087306982
397,Low,0.8451302400754012,0.4140659926251544
398,Low,1.3418936875095189,0.549320982260042
399,Low,0.8980411939296513,0.5350334658497218
400,Low,1.1262992603848545,0.6720927714465859
401,Low,0.7695463720930795,0.4986792187885527
402,Low,0.7419808889059626,0.4934249418657828
403,Low,0.8291292166104898,0.4894394621571507
404,Low,0.9776746612667676,0.6105794117787582
405,Low,0.6609580080066924,0.3694648544348098
406,Low,0.8368431073157867,0.4722075845618434
407,Low,1.2326523063634984,0.5481438617221528
408,Low,0.9294936377722728,0.4509487254662332
409,Low,1.0042057218031195,0.5667634035763172
410,Low,0.7638783647340994,0.5737708912927104
411,Low,0.9235013087097064,0.454659312428447
412,Low,0.8115385637006478,0.314166220448584
413,Low,1.200792590878177,0.6743180432417546
414,Low,0.6039585168423284,0.3794677387876888
415,Low,0.5464226519570445,0.2935270135269689
416,Low,0.5339366759427991,0.1981494253585687
417,Low,0.7223131298796995,0.2696845453498113
418,Low,0.6181311350497247,0.2342986497857779
419,Low,0.728798472843043,0.3943809262619453
420,Low,0.944580455402533,0.4355085482723666
421,Low,1.4175455222445037,0.6275141924522245
422,Low,1.1001371218321976,0.6078683187278813
423,Low,0.7838711700027376,0.3818669571591897
424,Low,1.1820148858333202,0.6742998652511716
425,Low,1.1112644873329058,0.6863505242619823
426,Low,1.0536773792996406,0.4755841187901097
427,Low,1.4480830837163865,0.8745887673275945
428,Low,1.3384887313458609,0.6890683437317904
429,Low,0.7449753175907347,0.3511064951388079
430,Low,0.9643196114027864,0.4325967062106315
431,Low,1.2305838520150256,0.5935928584321744
432,Low,0.7497518928859896,0.2530764345065321
433,Low,1.283667415940522,0.503889781579204
434,Low,1.264197574940616,0.8028727808349743
435,Low,1.277861969829701,0.5831570041145255
436,Low,1.16954338770375,0.4894914966834847
437,Low,0.7234682258250189,0.5352192690770465
438,Low,0.5631828558481482,0.2383386877206632
439,Low,0.6556570800627982,0.4070843824180343
440,Low,1.1877101390341551,0.6515736796805811
441,Low,0.5075233461819896,0.3388638370696881
442,Low,0.7929644416467989,0.2808157247457927
443,Low,0.907611917330125,0.4872616963312026
444,Low,1.1761397896339651,0.4900413426333188
445,Low,1.2965413616194312,0.6305018011144057
446,Low,0.8710968162031603,0.3882436154162363
447,Low,1.271203547595535,0.5125476902528732
448,Low,0.5850750738056436,0.2149102477726714
449,Low,1.0928898017447222,0.5482400784158443
450,Low,0.6470918273581179,0.2549520754746552
451,Low,1.451638014036564,1.0318044402887665
452,Low,1.3666235381349592,0.7178256052258263
453,Low,0.6136778339828619,0.3382089536838748
454,Low,1.0687544457438256,0.4663928749782826
455,Low,1.0126363010228103,0.5838890935131218
456,Low,0.7565794873409962,0.3203165353955413
457,Low,0.7431291771186811,0.3852928175129548
458,Low,0.6869284012694167,0.3420271750751169
459,Low,0.6705814318054407,0.3134955211157333
460,Low,0.5244883715643358,0.3153268664517838
461,Low,1.0233949187299474,0.3873706213183112
462,Low,0.8955817260732122,0.516462468820805
463,Low,1.0942159549589223,0.5973318110981864
464,Low,0.5114204148175584,0.1956041706139437
465,Low,0.5607679799380179,0.3991811676972006
466,Low,1.120915245942833,0.6387351312767748
467,Low,1.384751055307338,0.5142470109335022
468,Low,1.273940551344575,0.5239566721592439
469,Low,0.6068553345242926,0.4296055290873966
470,Low,0.5299877003534627,0.2545779392527976
471,Low,0.5675917993231792,0.3167395360952625
472,Low,0.8542186557667577,0.3769237677378712
473,Low,1.152611094621581,0.781500780020906
474,Low,1.4441651921384846,0.804634183230462
475,Low,0.6873812602435537,0.4581924968586861
476,Low,1.2049706056298275,0.4504844939354058
477,Low,0.8864295877403048,0.3344283052947148
478,Low,1.165375668931647,0.5648955498541568
479,Low,1.4771357187242824,0.5312195024960289
480,Low,1.2319518072779458,0.4909698891834182
481,Low,0.7630944015461014,0.3770911934043184
482,Low,0.5474889036476542,0.2157142259461508
483,Low,1.4525487481309027,0.5941837892139716
484,Low,0.5224610192159539,0.2456374566896499
485,Low,1.2530242149977,0.9442362214226704
486,Low,1.3850087752336888,0.6807071545268428
487,Low,1.1840379224141273,0.5071574949387667
488,Low,1.380712851610873,0.6694387585486083
489,Low,1.141931219279537,0.5319263347601435
490,Low,0.6290151495962542,0.3537367325685068
491,Low,1.0074868308744933,0.7296393412629953
492,Low,1.2129302705785188,0.5762619033921226
493,Low,1.2193914530561625,0.7344648845904231
494,Low,1.1135951964812567,0.6925099467014206
495,Low,0.6905807822092034,0.3349991595070491
496,Low,0.575015564714679,0.2445505952820355
497,Low,1.3396864530979535,0.5994570851597416
498,Low,1.0800933123818823,0.4914816618434656
499,Low,0.5848184396245686,0.2800338173160881
500,Low,1.2466683334773394,0.4359449755654339
501,Low,0.5784287677763494,0.3038674703394122
502,Low,1.4324038270355397,0.8259643534637178
503,Low,1.3914593039220535,0.5667547949092011
504,Low,0.9259024838053856,0.5154773820786147
505,Low,0.7012307915328343,0.2974016708627829
506,Low,1.3739121977592617,0.651607096264442
507,Low,1.2235610200927771,0.5538785131603277
508,Low,1.303772767396567,0.5240313975999413
509,Low,0.7186782976567975,0.4502102150494522
510,Low,1.0242499148038235,0.4958524852020218
511,Low,0.5333464348595658,0.2812313800632893
512,Low,0.8214811799630272,0.3552221559109654
513,Low,0.8327878484431719,0.4082365235252325
514,Low,0.5484745154002068,0.2105472502485703
515,Low,1.2985137629162695,0.5070467915862196
516,Low,1.3626843374075588,0.8878981209152812
517,Low,0.5010668702574586,0.2282903185714389
518,Low,1.4282708274163274,0.7819549113729352
519,Low,1.0527724498162687,0.5653809906471992
520,Low,1.2806530834024814,0.5084979130476057
521,Low,1.3560060549161426,0.6206177169516991
522,Low,0.5644027145692644,0.2379349642641983
523,Low,1.1567784664857883,0.4088438398679983
524,Low,0.8606395267663915,0.51150765017411
525,Low,1.223640445741764,0.7700618957441918
526,Low,0.8789450151187501,0.3783301136271433
527,Low,1.4790543418506328,1.0137151748237443
528,Low,0.9331617287217108,0.4475444701421907
529,Low,1.057409074817741,0.5335397928083552
530,Low,1.361007286066653,0.8689562549961067
531,Low,1.491010257026076,0.6288545947931397
532,Low,0.5240641732712196,0.2042934420295061
533,Low,0.8620694608151549,0.3690671216972916
534,Low,1.4421103542149225,0.8341737962403499
535,Low,1.017333455262755,0.6048545339347129
536,Low,0.5673102998153079,0.1976042201392687
537,Low,1.4377612074084505,0.5717558432533991
538,Low,0.5947808326285872,0.4082975933876156
539,Low,0.8893867203046041,0.4908612722892513
540,Low,1.4483287797288216,0.7058931393998904
541,Low,1.1040797559166924,0.6258103078132962
542,Low,1.0272467626451809,0.4759374059665333
543,Low,0.7050456864672915,0.2922736509243933
544,Low,0.9013285661795276,0.5616098479002574
545,Low,0.7722359183941476,0.4353203401941101
546,Low,1.325957128736276,0.7633504297442926
547,Low,1.2022688436488669,0.6634168348065543
548,Low,0.7844885828260497,0.3571579026908651
549,Low,1.0627848907404336,0.4943855030899158
550,Low,0.6034250243925716,0.3484294418536464
551,Low,0.7728018183898299,0.3738663136562792
552,Low,0.7817494314553589,0.3377103514519817
553,Low,1.2513002897599577,0.552124086530398
554,Low,0.5480211531668626,0.1771440598669791
555,Low,0.9430427917488836,0.4314781959744778
556,Low,0.6431485771282477,0.3780012898758258
557,Low,1.1443230737570982,0.7059617885274321
558,Low,0.9784440943214476,0.3896732060571608
559,Low,1.233194733212981,0.6313392292062616
560,Low,1.052434961921285,0.3629447351345973
561,Low,1.4604174223638529,0.6889948746768937
562,Low,0.8649664220250914,0.4213369045458677
563,Low,0.6862279337838234,0.3370462413663446
564,Low,0.5002456562410903,0.1918419808812395
565,Low,0.9543490968418598,0.4108015660359854
566,Low,0.770440022836725,0.3749887022991416
567,Low,1.1733864301308703,0.6622619529732816
568,Low,0.8369839146668132,0.2990429375792587
569,Low,0.8538521489016548,0.3272873833493861
570,Low,1.2181563011953844,0.4879042465977079
571,Low,0.701940775474876,0.2613144158261562
572,Low,0.6228440005227678,0.1988047766447245
573,Low,1.14951048054302,0.5453734098311998
574,Low,1.2449438315524817,0.508828544991033
575,Low,0.5223502104131809,0.2967229627242034
576,Low,1.4799313614746676,1.0770806831761206
577,Low,0.859439584243309,0.3175089424703614
578,Low,0.6452380792434647,0.3416885383402217
579,Low,1.493210848631927,0.6833365428655469
580,Low,0.9839804755112692,0.4031581780827054
581,Low,1.1804938899897488,0.5439606316925989
582,Low,1.4699061657196455,0.5167197829659926
583,Low,0.9634976682038846,0.5764600257088404
584,Low,1.4779659252833928,0.7481896019856578
585,Low,0.5816274816961124,0.316572858220951
586,Low,0.545645333986887,0.3097477511995947
587,Low,1.4404767438448105,0.8350120407279178
588,Low,0.970707128628195,0.6582390960091544
589,Low,0.8562301833261325,0.3633489367192837
590,Low,1.443711555154955,0.6597761886080775
591,Low,0.5158362479143748,0.2383016590554092
592,Low,0.734555450177166,0.3283497243636049
593,Low,1.002143442145019,0.5595377297846937
594,Low,0.6515808461371156,0.3805509289920081
595,Low,1.2465181045689022,0.7240733815263383
596,Low,0.981083592225531,0.3630542978431421
597,Low,0.6150235133375885,0.2362532130117998
598,Low,1.476381184470282,0.6849146963397317
599,Low,1.2569656105790243,0.7586400346199014
600,Low,1.1530319862043248,0.4741066614833897
601,Low,1.4635318408056253,0.5169849734436127
602,Low,0.6542063323763498,0.2727258139290782
603,Low,1.336729444951037,0.8577196373156823
604,Low,0.6059253275915011,0.339075193694903
605,Low,1.211009869303675,0.4886377780656232
606,Low,0.531072856618045,0.2381328188348774
607,Low,1.25032716075297,0.4832071325718914
608,Low,1.3614724109177525,0.8164661135916731
609,Low,1.2389329535726656,0.4956966600592807
610,Low,1.4193979310094471,0.7673291889923064
611,Low,1.078977710229251,0.4593457368249574
612,Low,0.6368622358871205,0.314889952638218
613,Low,1.3047275107532084,0.7515189713443391
614,Low,1.4666475888841837,0.7422084689764006
615,Low,0.965869713105451,0.5039175874312605
616,Low,0.7770178015529109,0.3941473573464833
617,Low,1.3702277207823406,0.8784360498495687
618,Low,1.1913063236789094,0.6835580704130138
619,Low,0.8207191297855927,0.4758669826028807
620,Low,1.407894230101956,0.49933035488732
621,Low,0.6408591583056729,0.3292804034934704
622,Low,0.7055819957196996,0.4480163275029696
623,Low,0.7710512365989857,0.3063828922080489
624,Low,1.3483472831183925,0.4797839425539791
625,Low,1.4174786732522386,0.5480872681255988
626,Low,0.5152862639534699,0.3278649703759129
627,Low,1.3579090997820362,0.7621667757171622
628,Low,0.8137752636271849,0.5050733890983423
629,Low,1.4149280288762287,0.5200208654817686
630,Low,1.1630436831532591,0.8391197197513236
631,Low,0.6573438377254952,0.3071215588132432
632,Low,1.4532705066085398,0.9110663793709932
633,Low,1.396014993318359,0.5800236486483783
634,Low,1.4844612961197998,0.6061474319363214
635,Low,0.6585084417486053,0.40669731472682
636,Low,1.242566482373043,0.4761916458967761
637,Low,0.8828671489230111,0.5867868224364798
638,Low,1.302623437626954,0.5097243380464533
639,Low,1.4264586556831484,0.679808910004482
640,Low,1.0852167339815848,0.5133424408571301
641,Low,1.2084621331144527,0.5297687758753398
642,Low,1.2480862320611656,0.4429591809864774
643,Low,1.34605435141992,0.7220069508084634
644,Low,1.390628699392483,0.5338490147726418
645,Low,0.9138687902520712,0.4574053526945079
646,Low,0.9069390235626166,0.4248115255370379
647,Low,1.4543590090958376,0.6755243423826016
648,Low,1.3481414271009162,0.6159697881000454
649,Low,0.8511722342489532,0.3225518658430601
650,Low,0.863998606295572,0.3905671417758256
651,Low,0.7659939553915326,0.3092192007860959
652,Low,0.6915451153604004,0.3763214790066342
653,Low,0.8837021146041731,0.3178868725606705
654,Low,1.4169169406222144,0.8113821022622858
655,Low,1.4519097480377776,0.7343206120451242
656,Low,0.9878355812680414,0.6868789682783785
657,Low,0.5753151331703232,0.2564670700476057
658,Low,0.6336781524845899,0.3059741415741968
659,Low,1.2921949054153647,0.4273306987590075
660,Low,0.894415119886972,0.3381472548302611
661,Low,1.4979939327165996,0.6424685389340539
662,Low,1.3002997984573597,0.5460714504397117
663,Low,0.7296560912264761,0.2829010390254396
664,Low,1.084739619376124,0.4388485747322761
665,Low,0.7569416936440541,0.4011426874177175
666,Low,1.4867406187725896,0.7866340794932967
667,Low,0.6617808890520982,0.4190927028131881
668,Low,1.2421842492739126,0.5973792229417825
669,Low,1.3768936232555535,0.6389217667820759
670,Low,0.918513921840416,0.3840343733536997
671,Low,0.9796368322943496,0.5852838128242865
672,Low,0.5421864744934268,0.2051702079827748
673,Low,1.0837533407851745,0.5975021849781541
674,Low,0.8267023277448948,0.3939660144214372
675,Low,1.032930393284848,0.4945831736612547
676,Low,1.0607148583124677,0.7223454495712218
677,Low,0.7095267444144748,0.3278147518148628
678,Low,1.166329057098906,0.4660960150751236
679,Low,0.6087048348310978,0.3141292769746115
680,Low,0.7413064321743528,0.5088034850054157
681,Low,1.2914938065821784,0.9400144739358324
682,Low,0.969569184409538,0.4788405988879276
683,Low,0.5177237739395508,0.3420735099449103
684,Low,0.9724481931567052,0.5434060759602772
685,Low,1.425021459392172,1.057853546516384
686,Low,1.148592937265267,0.7332489159442872
687,Low,1.278689559021959,0.8437906291221111
688,Low,1.005376010066084,0.4569450309090541
689,Low,1.0432463409446604,0.5459581387240888
690,Low,0.516331465308348,0.309647690774689
691,Low,0.5270228702241263,0.2254186125080295
692,Low,1.4313153118285142,0.7313771902759783
693,Low,0.8257483502790297,0.2719364900889829
694,Low,1.422349559286857,0.5670129649941487
695,Low,0.8731781163663874,0.3867325492481868
696,Low,0.9063792762673326,0.4178380887410924
697,Low,1.0190155471602913,0.4879444586267851
698,Low,0.8782727214670155,0.3441403884884195
699,Low,0.6093080278312639,0.3888572606425811
700,Low,0.7293942075249615,0.3865919132418227
701,Low,1.35230422347349,0.6398201433903665
702,Low,0.790942358438161,0.3249091844519611
703,Low,0.8083467593075131,0.2805070518928119
704,Low,1.2936568669332231,0.471184377775387
705,Low,0.942356207855182,0.5996468097800971
706,Low,1.042342790573021,0.5986406433470393
707,Low,0.9762413784133452,0.6823231812017525
708,Low,0.5941964119231151,0.2624825876744339
709,Low,0.6351631205703872,0.303053715756242
710,Low,0.872896114639424,0.5487032883496994
711,Low,1.332431099057259,0.4866547213125898
712,Low,1.267340370786557,0.6749504240572861
713,Low,0.5284155290690753,0.1644231817447661
714,Low,1.0386183238716329,0.7042667036829187
715,Low,1.332691135122296,0.6507834165582409
716,Low,1.230025667887956,0.6852252886140349
717,Low,0.9485987068803406,0.4442459371551166
718,Low,1.119612725006987,0.6497502541230489
719,Low,0.8408488446605638,0.2851296661928799
720,Low,0.8658280301276493,0.5088773349364999
721,Low,0.6260244604671197,0.2001460546091493
722,Low,0.5622071880276905,0.302735979490329
723,Low,1.1769325300359592,0.6701323965582588
724,Low,0.6316845834561533,0.2272686955063179
725,Low,0.8445551801502957,0.4055558825947543
726,Low,1.3279826695216386,0.5678381295743407
727,Low,0.5508982751869731,0.3315460029872383
728,Low,0.7573501263807663,0.3012456052462795
729,Low,1.1189033517813316,0.4258555367446206
730,Low,1.4308152849854303,0.4915813629525871
731,Low,1.161008077623834,0.4322923562236838
732,Low,1.3269031659582078,0.5028945282057435
733,Low,1.1885907721857825,0.7431522397721864
734,Low,1.0471221004201543,0.4488886095434878
735,Low,0.7869051826100876,0.348128629664032
736,Low,0.8172679749141305,0.4384016765503702
737,Low,0.5998505100970095,0.1773867568442213
738,Low,1.4491902059199635,0.7461819263637182
739,Low,0.8814190815798308,0.4204131631431096
740,Low,0.8272568726407832,0.3670170595336017
741,Low,0.7337742711977187,0.3902076187777865
742,Low,0.936312239575254,0.435760588232597
743,Low,0.610057087827436,0.2626769429680209
744,Low,1.3295805097214983,0.5533910430572604
745,Low,0.8048638906292387,0.4677132659359841
746,Low,1.4836297962091376,1.0816147393780966
747,Low,1.2019818704229737,0.5354221397948038
748,Low,0.5581942839999738,0.2326335235771921
749,Low,0.9570745600765492,0.414259251517862
750,Low,0.938121416318238,0.3383069751291145
751,Low,0.927077868397455,0.3552891578983903
752,Low,0.904788329070377,0.4352923287070496
753,Low,1.118489424673552,0.573509002247178
754,Low,0.8278273412467899,0.4507309009716493
755,Low,0.5923006226959655,0.2336907540398556
756,Low,1.3854534642690792,0.5467530114585202
757,Low,0.9912473471178792,0.5259274637838871
758,Low,0.9274536452274704,0.3963430045407889
759,Low,0.9750855888301138,0.5264559772044635
760,Low,1.1124581438259402,0.57796651910202
761,Low,1.4694190994459753,0.7905699557205139
762,Low,1.0101351909678078,0.4224702311388171
763,Low,0.5107970025135509,0.1803444449705757
764,Low,0.9940305119026948,0.3875370910153961
765,Low,1.1584811409784657,0.4446466445441785
766,Low,1.416320702776274,0.5824909322393808
767,Low,1.0339566724428968,0.4467228109195389
768,Low,1.3642599921105136,0.7590015326166935
769,Low,1.3073155338852809,0.5302731073777665
770,Low,1.1232195269970493,0.4879171580256951
771,Low,1.4654113501113946,0.6959172365071424
772,Low,0.7774098921505632,0.3111127173783501
773,Low,1.140612099621313,0.7200820434821225
774,Low,1.378995738314773,0.6794373706657808
775,Low,1.0164134265483238,0.718518066342213
776,Low,0.7356102549412982,0.382466279591398
777,Low,0.6894572290167749,0.3245457502307687
778,Low,1.0045661825579857,0.5664708329198476
779,Low,1.2399711288041295,0.5783772665729288
780,Low,1.0960638979953965,0.5809206331093719
781,Low,1.312080550866515,0.6019781474734742
782,Low,1.2567606259447208,0.6337933625450631
783,Low,1.4643538252756731,0.8334756803173491
784,Low,0.9663278855136164,0.4565370709427583
785,Low,1.2206390682313937,0.4586617542068154
786,Low,0.9415864724543792,0.3860301659999621
787,Low,0.7985918020417551,0.315238778800925
788,Low,0.6104047966325192,0.4132607528552867
789,Low,1.4644523423435976,0.6864714795155322
790,Low,0.8315747249845091,0.4763124179512488
791,Low,1.0591132050292418,0.4770419493474378
792,Low,1.214460981251082,0.4963505993143684
793,Low,0.8104744405405492,0.4923573624138697
794,Low,1.4686092678697131,0.4875698473054228
795,Low,1.0091037544120214,0.5350188289183677
796,Low,0.71413564105662,0.2835480919914843
797,Low,1.057762440467311,0.7573988312724254
798,Low,1.1446332175021143,0.396041160421305
799,Low,0.6748738891087898,0.2659281599631669
800,Low,0.8927088420764535,0.5994055175772672
801,Low,1.0679654474524716,0.5469168043199772
802,Low,0.9321999878071489,0.4285309659153569
803,Low,0.721005478717254,0.4162643172505653
804,Low,0.9832280486943562,0.4156649164673922
805,Low,0.9579551837758143,0.4087205532314044
806,Low,1.4594847160771396,0.635569051746117
807,Low,1.2230556537848942,0.4958593955042971
808,Low,1.4942121344095844,0.6637831716760445
809,Low,0.7849033495287545,0.4134454894509503
810,Low,1.377514298287846,0.6677158832302439
811,Low,0.865701131687391,0.5432623932111227
812,Low,1.1092009499307394,0.4417908353447757
813,Low,1.2176525040630977,0.74214862255333
814,Low,0.6877648763178879,0.2973761302821245
815,Low,1.366840888311806,0.6031974045897925
816,Low,1.4212354158496885,0.8690026544518616
817,Low,0.5514174225193185,0.2860869875674225
818,Low,1.0642227858880902,0.5036939972200827
819,Low,0.6662939795087602,0.3016449159824859
820,Low,0.8236495076099193,0.3460139840285094
821,Low,0.8429316206150311,0.3720343950764686
822,Low,0.989475859517122,0.5766641829091839
823,Low,0.668142277144495,0.2858191536251198
824,Low,1.414053300719555,0.6729025678660605
825,Low,0.9655992946704576,0.4222244666052006
826,Low,1.471021592021446,0.7256769871550404
827,Low,0.5351727005393763,0.2438805119291061
828,Low,1.1348202991562484,0.6566336669790758
829,Low,1.176543315784485,0.6384363512833602
830,Low,0.7378069223362907,0.4639107848744572
831,Low,1.0120048526831855,0.5380786293673765
832,Low,0.8880350811693597,0.4345310032366569
833,Low,1.2311209664459604,0.7088077026966175
834,Low,0.5451489223076195,0.2087580377870317
835,Low,1.0478743169562912,0.5476743405805138
836,Low,1.3493133021434731,0.843851972512283
837,Low,1.2253606682544524,0.7098947978019226
838,Low,1.2139089543300452,0.5806863710278378
839,Low,0.8964289104801592,0.5004962279316345
840,Low,1.099980181043452,0.3777425777418699
841,Low,0.6027064181449149,0.2399128818318843
842,Low,1.3794205322468696,0.9722569686275052
843,Low,0.8189095772869085,0.3405275474060971
844,Low,0.7438029254537352,0.4842777820453676
845,Low,1.405887273128437,1.0309224020471677
846,Low,1.3273319687768876,0.4715098441605931
847,Low,1.0459534193089053,0.5620582641036549
848,Low,0.9632103490695852,0.7099635538348821
849,Low,1.4287166756826268,0.506571964387021
850,Low,0.9164805401722008,0.351315578612116
851,Low,0.8467095916038492,0.4056465874760704
852,Low,1.2440294725379386,0.4998015838454961
853,Low,1.3207381342662434,0.617200715210771
854,Low,1.0067068459065704,0.4301927460310111
855,Low,0.7350807409466339,0.3137392184165648
856,Low,1.0603284400247133,0.4676865120488855
857,Low,0.7815257976730734,0.4387603126705528
858,Low,1.1408484499606086,0.7104009422239415
859,Low,0.5973011859582247,0.3102675361024225
860,Low,1.3536528695062349,0.6773968891664026
861,Low,0.7539568392745503,0.3638332797516597
862,Low,0.904685222686521,0.5611012690541202
863,Low,1.235866355924481,0.6347447110911162
864,Low,0.5982401432921756,0.2029491175655806
865,Low,0.7301154413044563,0.3491907152727194
866,Low,0.8900248601548608,0.5348586691420962
867,Low,0.6436007035303595,0.2965449426891169
868,Low,0.6284190053078286,0.3349550086677197
869,Low,0.5813133635753442,0.3034053572518971
870,Low,1.4115247245195004,0.7738782961355071
871,Low,0.9966743074046572,0.4837213115213075
872,Low,1.3125494781184566,0.454046042512445
873,Low,0.8819299398841243,0.5245635346793733
874,Low,0.7960031704965322,0.3983331972509276
875,Low,0.541747022919894,0.3381619780603699
876,Low,1.3061134637114016,0.6660613529453201
877,Low,1.38925003015424,0.7666729316050009
878,Low,1.0714783469327158,0.5537964995533997
879,Low,0.8153552613373469,0.3131292483273569
880,Low,1.3416044014000574,0.6894721749495147
881,Low,1.0284393727763217,0.4670769892630204
882,Low,0.6458352971334593,0.2469431293124344
883,Low,1.0782049687581077,0.7323216650230933
884,Low,1.037302026507998,0.4738932761088392
885,Low,1.2184101465776067,0.5029758135390097
886,Low,0.8065220850718735,0.3591401000312118
887,Low,1.3867175919073145,0.7065920700738673
888,Low,1.0408909741037726,0.4227261434659226
889,Low,1.039562577061695,0.6339482157228105
890,Low,1.3020941768045082,0.7158943330023959
891,Low,1.0405180976614468,0.5995830985458781
892,Low,0.5139520228269086,0.2783665635782242
893,Low,1.2840408148013285,0.5491676750278032
894,Low,0.96837668809861,0.4504316970518687
895,Low,0.961700888044466,0.4203318197919969
896,Low,1.020776119263979,0.3238022558709232
897,Low,0.7151627943975712,0.2597350245360914
898,Low,0.6818328199836753,0.3990050139168204
899,Low,0.8668587756491712,0.5630513592977593
900,Low,0.5281360232445728,0.3045322779622879
901,Low,1.132224803559137,0.6862360209006084
902,Low,1.0217606061048945,0.4457091140799178
903,Low,1.1993556251453026,0.7640064103355257
904,Low,1.489151438552336,1.053593989412093
905,Low,0.7487207997192258,0.3159796766250125
906,Low,0.5821302573970788,0.2845310414525031
907,Low,0.5098061645352504,0.173652653605032
908,Low,1.392025659679752,0.5397845641818719
909,Low,0.8576944905688811,0.4283051434206868
910,Low,0.9211651586675028,0.5630203216982892
911,Low,0.711963587121817,0.361681795017077
912,Low,0.5596374190553349,0.2378653147102127
913,Low,1.2128377375421264,0.6321473659800034
914,Low,1.4154948389404989,0.7105495762822329
915,Low,1.2551411045582976,0.7384270780596012
916,Low,1.1581933344877442,0.6217863166662028
917,Low,1.254796192537566,0.5429132247995199
918,Low,0.7465409713139214,0.2866870126091356
919,Low,0.649036817737624,0.2609033000265839
920,Low,1.1202885854758555,0.4448906493475846
921,Low,0.6737002029707491,0.2704047443751989
922,Low,1.136934749032127,0.6110793247510315
923,Low,0.9094173197928948,0.5231656427380784
924,Low,0.8395251548031607,0.3343172667440797
925,Low,1.1643611418207391,0.501022000931556
926,Low,0.9768690221467772,0.4573771580006536
927,Low,1.137466092670663,0.7298356485766533
928,Low,0.8323168361206443,0.4864603573675765
929,Low,0.6232486770230837,0.3619623882316745
930,Low,1.3943269461416663,0.6149695267776423
931,Low,1.458793250149574,0.5853858008666748
932,Low,0.8984601200656088,0.3370337805779542
933,Low,1.3841607478405171,0.5376795746600891
934,Low,0.9774952280393876,0.5782829447215931
935,Low,1.3752400497396016,0.7685738542833747
936,Low,1.3148111348848808,0.6403919637204467
937,Low,1.1414227164875317,0.6787475296403187
938,Low,1.3817229523907493,0.5710142929362405
939,Low,0.9933685287150922,0.340760006065345
940,Low,1.1557649627198463,0.5817518665717216
941,Low,0.9396123884736604,0.410053267914563
942,Low,0.8787719153878069,0.3995726367140264
943,Low,1.3550339891249918,0.5178535867600971
944,Low,1.4784970235922816,0.6529075314389985
945,Low,1.0176988236649986,0.5573944405956439
946,Low,0.5061508186104177,0.2394154109228452
947,Low,0.5855926830374667,0.1936736092673925
948,Low,1.3660000680094688,0.8104592290313235
949,Low,0.6633237108040358,0.3644542194820062
950,Low,0.95169673392544,0.4383036280068637
951,Low,1.459306373756303,0.6346556506193366
952,Low,0.6893498753373366,0.4698386577481273
953,Low,1.296290573963286,0.8576248608307822
954,Low,1.4882444734083573,0.691309372016633
955,Low,1.16586263242225,0.6208917454086134
956,Low,0.9246550945672072,0.5997276093742983
957,Low,1.0811162278168829,0.6922572134802607
958,Low,0.7741864220711939,0.3186250475264671
959,Low,0.5668160776081432,0.2970931456810533
960,Low,0.7967254099209029,0.3183913971377308
961,Low,0.5791761991002139,0.2467742086482474
962,Low,0.7028893856932876,0.4878911001234769
963,Low,0.7197459015549317,0.2932968254262462
964,Low,0.6595143737436588,0.3575893413108986
965,Low,0.6774856545618546,0.2764754448463762
966,Low,0.5460175123047472,0.2919781993177963
967,Low,1.401621178116871,0.8278037913599121
968,Low,0.6121549590234232,0.307916704376062
969,Low,0.8193858720690803,0.5745168712266491
970,Low,0.5645313197327431,0.3840427231752912
971,Low,1.393402956096573,0.5736330631990256
972,Low,1.3360149179587832,0.6307705508132244
973,Low,1.351806120753496,0.8118155721638516
974,Low,1.0711418046205798,0.6849270784182693
975,Low,1.1008253111645652,0.5241041948165446
976,Low,1.4277690296967562,0.7581027836589271
977,Low,1.0796277320003884,0.5052393871477676
978,Low,1.0622679010538656,0.5154205597454506
979,Low,0.9584189664178502,0.4447218042889744
980,Low,1.2638031061825314,0.5005301909203297
981,Low,0.6882684595124505,0.2831594558584953
982,Low,1.3544401856568378,0.577916199275677
983,Low,0.6857764313762365,0.322101429540325
984,Low,0.5344299942270103,0.2026230040159582
985,Low,1.3008759776951566,0.53644453966416
986,Low,0.5428930832688768,0.173801355525061
987,Low,1.1100689335462757,0.5028995645309067
988,Low,0.8179184836140676,0.3781067707212457
989,Low,1.055026428338111,0.7240980988883621
990,Low,0.6007174665505493,0.31135276830706
991,Low,0.7684260296983402,0.2514419010272632
992,Low,1.4029262680859036,0.6792902139268904
993,Low,0.577324994902674,0.2675770556131596
994,Low,0.7641637708057711,0.5097853461557804
995,Low,1.0985804909814472,0.6096389254884258
996,Low,1.419598206405893,0.5385664557301624
997,Low,1.309826754795869,0.6243508131292828
998,Low,0.7051535962867049,0.236180788077462
999,Low,0.9088242821538568,0.3682690687950298
1000,Low,0.9177591981645062,0.3836514840005378
1001,Low,1.4704110001508868,0.6319397169288834
1002,Low,1.0720293351603338,0.4782994188374658
1003,Low,0.921800492488486,0.5310434800999246
1004,Low,0.8212867304201841,0.5351429633220022
1005,Low,1.1513885056098698,0.553532523133768
1006,Low,0.9787778762174272,0.671413788542111
1007,Low,0.5760913956077256,0.246711272952588
1008,Low,0.7074910591505345,0.4616823149082449
1009,Low,1.2241519675362036,0.5842734192431607
1010,Low,0.6318816587884147,0.2662216437476417
1011,Low,0.9790764482520888,0.5707891522017263
1012,Low,0.6926593329384745,0.3509907050742598
1013,Low,0.6596974442834656,0.3896558731599313
1014,Low,0.5216082198882614,0.2635023481885241
1015,Low,0.635867509772994,0.1953938720738683
1016,Low,1.402135479848143,0.7501719070387196
1017,Low,0.7377146714220402,0.3488596492876326
1018,Low,1.106512867980331,0.629530629812237
1019,Low,0.7205852605059793,0.3423903540800737
1020,Low,0.6753360919484889,0.2586026973936697
1021,Low,0.8186527463910129,0.3437199593319349
1022,Low,1.1706336521771972,0.4202726564189447
1023,Low,1.3370103887706386,0.7141140768001577
1024,Low,1.1956383115703364,0.6258854289112747
1025,Low,0.8332669764556582,0.3457404258407166
1026,Low,1.4203606770626602,0.841242442073451
1027,Low,0.5320251582572038,0.2689725582891071
1028,Low,1.3921251683452878,0.8343080398984455
1029,Low,0.7665230909763695,0.3420983636360191
1030,Low,1.1926564297578337,0.6171746263240436
1031,Low,0.8029543659621665,0.5113219228497883
1032,Low,0.8416162165005728,0.4447068959312332
1033,Low,0.5350262156653933,0.3373677492659652
1034,Low,1.4027772568871697,0.7504316839913514
1035,Low,0.7368524371285885,0.3319627297370218
1036,Low,0.9815769128942292,0.6300624836322726
1037,Low,1.281158270751782,0.4991039133265502
1038,Low,0.9286775314531368,0.5351191880623105
1039,Low,0.6266863515522024,0.2272523840831866
1040,Low,0.6073698228012024,0.3349171316735919
1041,Low,0.96267659953846,0.5232131849609232
1042,Low,0.9593021670439692,0.4447084930579024
1043,Low,0.6788977103335304,0.2985039226857893
1044,Low,1.330046941067911,0.6253133043807537
1045,Low,1.216465728034131,0.4970330445601689
1046,Low,0.7517324283771805,0.2682973757032485
1047,Low,0.7651033986403686,0.4427070700345012
1048,Low,1.4953473818850296,0.6919710963324945
1049,Low,0.721470401945722,0.3171830929136163
1050,Low,0.8910514850906996,0.3909282174020205
1051,Low,1.4964336413855055,0.5575511235525994
1052,Low,0.8931237752649238,0.6075083274724022
1053,Low,0.9108486946523264,0.3832590362164652
1054,Low,1.4039572048390765,0.7324372584581766
1055,Low,1.1145352557146628,0.4816940627740109
1056,Low,1.2667790370275944,0.4885633977483081
1057,Low,0.8011531503936156,0.5024813927622631
1058,Low,0.5134675071765608,0.3303100818157389
1059,Low,1.35977690136742,0.7755286924051745
1060,Low,0.8506414098527643,0.421157127298926
1061,Low,1.2346341046594675,0.6375587640010423
1062,Low,1.0979961726165053,0.5616410126462057
1063,Low,0.7107273613061141,0.5269112068720148
1064,Low,0.5786632107473615,0.2517170173205016
1065,Low,0.6973575124667021,0.3827863795159061
1066,Low,1.3686398838629628,0.6541577688284406
1067,Low,1.3154287396133972,0.6788604914170264
1068,Low,1.474543358813969,0.6287004541356964
1069,Low,1.0690717177654765,0.4677198100802826
1070,Low,1.007032834125976,0.5429222189942351
1071,Low,0.935082933619808,0.469170533318433
1072,Low,0.8952630938162914,0.3391935049294474
1073,Low,1.101415588442486,0.5737121586845291
1074,Low,1.3994692991746052,0.6956310449847507
1075,Low,1.3638999392997828,0.7016721964952382
1076,Low,1.3307895638399825,0.8054790742160094
1077,Low,0.9472185851490073,0.4137242121232702
1078,Low,0.9125077729257176,0.4758052343437953
1079,Low,1.4966244778754567,0.7269504082684364
1080,Low,0.5575158223339118,0.2639193927154863
1081,Low,1.382953437068623,0.8005558994782405
1082,Low,1.430172476008655,0.7394761396324157
1083,Low,1.2850057915450428,0.7963405378807806
1084,Low,1.224705574140707,0.4293076601947376
1085,Low,0.7764186075877197,0.4415038516472833
1086,Low,1.0153910508126582,0.6517405572724044
1087,Low,1.2801277744860506,0.4515129171014962
1088,Low,1.3044094180618635,0.824510332258626
1089,Low,1.1431390490485565,0.4997576083666786
1090,Low,1.215178739091268,0.5479259807531776
1091,Low,0.5567706217229584,0.2311840812674042
1092,Low,1.061059046529146,0.6398311023275767
1093,Low,1.313472167427128,0.5949022426499226
1094,Low,0.6144352873800726,0.4191701699829622
1095,Low,1.1166990811718307,0.4205886006364352
1096,Low,0.7737942002784867,0.3539395043643765
1097,Low,0.5326692457279023,0.2115219109625741
1098,Low,0.5744654369679159,0.2395509030807687
1099,Low,0.985898763349213,0.4998181523565108
1100,Low,0.9006868071931329,0.6349576544922684
1101,Low,0.8303355528784531,0.3139658260971174
1102,Low,1.0018663820903717,0.4888961324147232
1103,Low,1.0362122008836492,0.6094279710662391
1104,Low,1.4466619424183853,0.6286782452282864
1105,Low,0.913418532095472,0.4031239583940476
1106,Low,1.408439772402819,0.7490109174099615
1107,Low,0.8338724330898095,0.3612703831356683
1108,Low,0.624195390579661,0.3846361282249262
1109,Low,0.667067435301239,0.3420940003325299
1110,Low,0.9267009645465196,0.3890260749661252
1111,Low,1.4101398923691804,0.7795368519610122
1112,Low,1.4661934466926585,0.8157511694668926
1113,Low,0.915486412695622,0.4081343848542076
1114,Low,0.9037520407713155,0.3486227967735615
1115,Low,0.635502425495162,0.3546992574457945
1116,Low,1.066474038937768,0.6269069305818675
1117,Low,0.8701380437608187,0.3835190650523685
1118,Low,1.471903224552258,0.6939886276623781
1119,Low,0.8642707572355759,0.3797408755218399
1120,Low,1.374556741414407,0.9111005598032876
1121,Low,0.509359884173432,0.1755191922420174
1122,Low,0.9000884571148867,0.572575743050237
1123,Low,1.2978053554972813,0.6821677759405986
1124,Low,0.6848741557606441,0.2306970170411233
1125,Low,0.6310474989144265,0.3899285674699229
1126,Low,0.5803700914183343,0.223734366839281
1127,Low,1.204461908140055,0.4753164300701655
1128,Low,1.3565206394331033,0.547223565694253
1129,Low,0.7611493015646532,0.525337674796404
1130,Low,0.6254735663050499,0.3156400241778669
1131,Low,1.169141951011373,0.7284543443128655
1132,Low,0.793672471713859,0.4872349921225947
1133,Low,0.7484910210822455,0.4654195528574547
1134,Low,1.076264250562212,0.6237722897286204
1135,Low,0.8286530812017194,0.3970265797847645
1136,Low,1.3302374355050033,0.6037072092924376
1137,Low,1.3802178429190688,0.6026209918710776
1138,Low,0.6128925235813877,0.2694416771815682
1139,Low,0.98205496508752,0.5478377066142031
1140,Low,1.262152340981619,0.5138874461621299
1141,Low,0.642966098294396,0.3774764452904406
1142,Low,0.7599697196245458,0.4873795643935068
1143,Low,1.2901142191139956,0.7156437607772261
1144,Low,1.0128390857967902,0.5762161175173617
1145,Low,1.237520344365454,0.5771080352096476
1146,Low,0.6329758161232478,0.3172656781081286
1147,Low,0.9428444475251876,0.474603869457411
1148,Low,1.2824969154140748,0.6771315417157808
1149,Low,1.1104430634325049,0.6639888137297589
1150,Low,0.5054979393309842,0.3303426223790922
1151,Low,1.0410262355469455,0.4058504083711511
1152,Low,0.7544728974399592,0.4152619932738588
1153,Low,1.4267919557779796,0.5385763760026947
1154,Low,0.7219529568169831,0.3249628069044306
1155,Low,1.3818590391711472,0.599115753155445
1156,Low,0.8351161275237223,0.3243123889892985
1157,Low,0.7512399313177058,0.4211217200356287
1158,Low,0.8038130694580219,0.4848876432343019
1159,Low,0.6161870654638961,0.4097115954011059
1160,Low,0.8722584350079983,0.3392525837537619
1161,Low,1.3403425591725604,0.6729662466747897
1162,Low,0.9490801963971368,0.4427939983333147
1163,Low,0.9652930274231324,0.3822023202026159
1164,Low,0.8924108191976938,0.3499371037557424
1165,Low,1.0085229288270383,0.6757479272482669
1166,Low,0.6945930067114285,0.3803648657697778
1167,Low,1.171771169699185,0.681900489461384
1168,Low,1.0490429418353524,0.4866877571669619
1169,Low,0.882606252766824,0.3911395132154354
1170,Low,1.1048159238454098,0.5917167673859041
1171,Low,1.2735384248297583,0.7426111308086263
1172,Low,0.6340151226956522,0.3163747739618117
1173,Low,1.4749621837899725,0.5901706128856858
1174,Low,0.802290337917305,0.3670050627760659
1175,Low,0.5911461908848302,0.2206088501989533
1176,Low,0.7160449740895447,0.3241181514946873
1177,Low,1.112807835240282,0.8216382746723241
1178,Low,1.3161268188956188,0.654762223525367
1179,Low,1.049842308679278,0.7012894691102645
1180,Low,0.5987404547784112,0.2538609773539875
1181,Low,0.5089390513368405,0.2065260592699793
1182,Low,1.0559053427803404,0.5659998350499791
1183,Low,1.2583731900809545,0.4946520052698844
1184,Low,1.0342861546016553,0.4627473899576841
1185,Low,1.2717264188520006,0.4832327803289757
1186,Low,1.3196221027620982,0.6026690392952361
1187,Low,0.9077866093123448,0.6114699934952341
1188,Low,0.8778920361726663,0.3891924750576478
1189,Low,0.8810284939473223,0.4004556376983714
1190,Low,0.79528300207399,0.4023725158703968
1191,Low,1.13123282288704,0.4709689464492328
1192,Low,0.7523280293819553,0.2939935515250766
1193,Low,1.4800473277088673,0.5887356250805027
1194,Low,1.002744193389045,0.4292842341562277
1195,Low,0.8965927425086011,0.4721256761339276
1196,Low,1.0452468073161822,0.4079604992867303
1197,Low,1.0368687314105631,0.6717970444270662
1198,Low,1.320281536400292,0.5262775096875174
1199,Low,0.8887835601938179,0.3315352983494719
1200,Low,0.5233341046929912,0.2129026344817326
1201,Low,0.7747989916556218,0.3348526824938815
1202,Low,0.9195167781822418,0.3774635613819299
1203,Low,1.4303891975515266,0.8585184234314056
1204,Low,0.6780978033212735,0.3608033422512591
1205,Low,1.3672483551727996,0.656538428805618
1206,Low,0.9958266768273484,0.4547597616593322
1207,Low,0.6769427228709346,0.428725974470467
1208,Low,1.013387939869649,0.4662922434847445
1209,Low,1.269680990963652,0.5135171996487031
1210,Low,0.7782476582177533,0.4685291397831577
1211,Low,0.9670448810039296,0.4072645720937231
1212,Low,1.3714280224406146,0.634814734323399
1213,Low,0.8058335344310219,0.3008827845857169
1214,Low,1.2295098170880143,0.7692424733072443
1215,Low,0.6194236319172838,0.3578513498350091
1216,Low,1.0889118583587418,0.444379256935079
1217,Low,0.990943281598964,0.5248300738587943
1218,Low,0.5527387290879711,0.2125106805611452
1219,Low,0.6722494376165806,0.3939092967507491
1220,Low,0.9481742906485612,0.3200315544373424
1221,Low,0.7932541902899846,0.3365012084752763
1222,Low,0.98553708701124,0.4512484191527193
1223,Low,1.372394387855837,0.6308828729802798
1224,Low,1.063871647379927,0.4010677626109213
1225,Low,0.5765429450377232,0.319504989774181
1226,Low,0.937792761485952,0.4314000409447516
1227,Low,1.2406739469612766,0.664826979105456
1228,Low,1.0695257063638737,0.4610892446825403
1229,Low,1.4926801980927378,0.8632394669580776
1230,Low,0.999348677668797,0.6130607118767841
1231,Low,0.5943452109428129,0.2828746944210891
1232,Low,0.9083908272039845,0.5033998385956124
1233,Low,0.7397267561989687,0.3610608049983099
1234,Low,1.1775625283327886,0.6802846673074612
1235,Low,1.043629912686104,0.4370265191508196
1236,Low,0.6017438110978528,0.2860776777374809
1237,Low,1.0831740073548108,0.5616855552416808
1238,Low,0.9316572028264366,0.6792456451451585
1239,Low,0.824761268118761,0.3764172559863112
1240,Low,0.9501066134742142,0.4150949709617464
1241,Low,1.4625590642851731,0.7176639819367949
1242,Low,1.289240849928747,0.7507357110112594
1243,Low,0.9315619647493332,0.4443687606674729
1244,Low,0.9038561027216464,0.3054933556272488
1245,Low,0.6080996096589688,0.3034834620102202
1246,Low,1.321751878485671,0.6930127801264092
1247,Low,0.7179350951882056,0.4537674059191943
1248,Low,0.9460005934189432,0.4695691082618225
1249,Low,1.0169942454023184,0.401496473334916
1250,Low,0.916849030609412,0.4762221050513062
1251,Low,0.6155076603746296,0.2801279186803214
1252,Low,0.7320326447745931,0.3183323214905229
1253,Low,1.4998755232707743,0.6584017525068475
1254,Low,0.549225078027505,0.2237698686887839
1255,Low,1.260353052806233,0.4600661315693486
1256,Low,0.8131742773990112,0.5205710034695983
1257,Low,1.2843001666856249,0.748539858622749
1258,Low,0.9688270293955112,0.5567332229762485
1259,Low,1.1334606890559054,0.5107478485404755
1260,Low,1.0158394427005777,0.6111723657279384
1261,Low,0.8764411511207187,0.3568598495474404
1262,Low,0.901764708124953,0.4787843451109239
1263,Low,1.424200314690164,0.9752629913714372
1264,Low,1.474012388469831,0.6128292245611249
1265,Low,1.4389685058840946,0.8467848180212627
1266,Low,1.454959679274895,0.6563424560380469
1267,Low,1.0945336459916717,0.4917104496207969
1268,Low,1.0195798642188372,0.4304415349383674
1269,Low,0.6835877695236731,0.3230664938186152
1270,Low,1.3289603663089415,0.7114232461014751
1271,Low,0.8913523460299678,0.4380214505548849
1272,Low,0.6062479662244149,0.2983539564966833
1273,Low,0.5733584523706259,0.2973887869199032
1274,Low,1.00808356917487,0.6565279275865237
1275,Low,0.7503810644817017,0.314726178829261
1276,Low,1.194952104720835,0.5643753770369955
1277,Low,1.0947422544215375,0.3726926531393246
1278,Low,0.5130393412484562,0.2039730847581857
1279,Low,1.2341233617870184,0.5721652063440814
1280,Low,1.0273950911395349,0.6770043315744942
1281,Low,1.0510328899905508,0.4158944495777774
1282,Low,0.980940060181212,0.6735423650313948
1283,Low,0.6795603045494292,0.2454549407702444
1284,Low,1.0884249765814895,0.7426913846660597
1285,Low,0.8554475828189982,0.346077972694168
1286,Low,0.5083983786587274,0.2296019772256485
1287,Low,0.7387412456529454,0.4255917129145956
1288,Low,1.1071209640868296,0.5867233880584735
1289,Low,0.5696606149650796,0.2436760944296736
1290,Low,0.5548811599342912,0.4009858867369473
1291,Low,1.1461208941505308,0.3600944788422779
1292,Low,0.8480575904778351,0.6138439192019831
1293,Low,0.5198999430371698,0.2625523012410156
1294,Low,0.5440702285674633,0.275539955891098
1295,Low,1.3411785469989348,0.7603553332930346
1296,Low,1.4826812235856297,0.635010416181288
1297,Low,1.2873721448338582,0.5894500782703176
1298,Low,1.4984164491513776,0.5987198019170421
1299,Low,1.40509480098742,0.5022336855280116
1300,Low,1.3185270077631177,0.7846176252033388
1301,Low,1.2896918149625785,0.4922087805495749
1302,Low,1.102011188559311,0.72948262257664
1303,Low,1.1289529852241813,0.4288416652123175
1304,Low,0.9203246158539212,0.3644867612149625
1305,Low,1.2077406691376191,0.6667958999200607
1306,Low,1.0193993590739492,0.5119534171723359
1307,Low,0.8471924693063169,0.3878452732640767
1308,Low,1.4675788181335898,0.616232367811989
1309,Low,1.0544483868295194,0.6491410441465177
1310,Low,1.1633334623126514,0.8005601531822322
1311,Low,1.389043967892876,0.6247033533976349
1312,Low,1.1034809020467071,0.5713929899988557
1313,Low,0.8685920367536524,0.4027890996236749
1314,Low,1.1978816853505467,0.5077858496784984
1315,Low,0.6393633020153681,0.4130439648351043
1316,Low,0.681178328990223,0.3251942088540716
1317,Low,0.7674436700779417,0.3490512701565009
1318,Low,0.8491970826256734,0.3311919725195125
1319,Low,0.9394131526235312,0.4689614724889566
1320,Low,1.0466307229846543,0.4665945792306587
1321,Low,1.085795382573019,0.5345239727035107
1322,Low,1.16209305576238,0.5241854396735732
1323,Low,1.4414512085968272,0.7398426511286686
1324,Low,1.3423840574500097,0.7784102396010439
1325,Low,1.4559204149114957,0.656357513230617
1326,Low,1.0618983320078252,0.6735234806598811
1327,Low,0.6508013521398286,0.3382599224529414
1328,Low,0.8263159753905537,0.4972960281909735
1329,Low,1.492038587092411,0.7633933209633597
1330,Low,1.1828246754811498,0.4687118343866245
1331,Low,1.1614412381357595,0.5325969891691784
1332,Low,1.2261104365763509,0.821403933250707
1333,Low,1.0677829220362467,0.4798387175678584
1334,Low,0.9256206075061376,0.6039802320901799
1335,Low,1.0425308369887103,0.5487848105909876
1336,Low,1.275457566311391,0.7865438458139522
1337,Low,0.7325216800404932,0.4114120630776412
1338,Low,0.676581947108104,0.3732248787449137
1339,Low,1.033331722777806,0.6683025892611028
1340,Low,0.8580142086540435,0.5905222841737583
1341,Low,0.5684673859516394,0.3917874638810588
1342,Low,0.6622507967316864,0.2438340774917691
1343,Low,1.3429463771775794,0.7445345150770919
1344,Low,1.1087345944532094,0.719939233005519
1345,Low,1.1778035719449491,0.5232384130729031
1346,Low,1.2574928609964786,0.6381100481325603
1347,Low,0.668886523346438,0.3315349854239571
1348,Low,0.5739919317716635,0.3733499475036126
1349,Low,0.6843652451086119,0.2949848085612387
1350,Low,1.058543969234821,0.5066588922329771
1351,Low,0.9803739746185808,0.5982299724635851
1352,Low,0.6446440942837146,0.2853330879189713
1353,Low,0.6174546413198183,0.3336983487999063
1354,Low,0.9945289980334808,0.6177173169684238
1355,Low,1.1081366350262714,0.4813775990493241
1356,Low,1.2491678640001866,0.5363348112363155
1357,Low,0.593185451951258,0.2230472074161937
1358,Low,1.2694201332367123,0.7444006827745966
1359,Low,1.2791622755799834,0.6294880571643233
1360,Low,1.493655911504316,0.6962654923875817
1361,Low,1.487211995448101,0.6917649929989835
1362,Low,0.7402717216380794,0.5120598150167126
1363,Low,1.4504727633321093,0.6191068037319951
1364,Low,0.5899185856248277,0.2986660575727384
1365,Low,0.7977359597063893,0.4431115868493833
1366,Low,1.1756594491237653,0.4492555565552862
1367,Low,0.5104834188368379,0.3622011802637672
1368,Low,1.3556326761268704,0.8767190292582256
1369,Low,1.3573212966502135,0.4996418356589345
1370,Low,0.6479857131108464,0.2207843367097055
1371,Low,1.2723474381101765,0.5476598211448476
1372,Low,1.3082866932016497,0.7674588833658049
1373,Low,0.5390331012529777,0.2816627791796691
1374,Low,0.664022987973345,0.231976095360487
1375,Low,0.984734658264082,0.5064429151079963
1376,Low,1.286346261236238,0.6023377395537608
1377,Low,0.8847658335453914,0.5071068776278196
1378,Low,1.010544145305717,0.6283453930286953
1379,Low,1.1500318583042994,0.6473026313063173
1380,Low,0.8253711992490571,0.2810920142496655
1381,Low,1.0006833528260095,0.6385988874849602
1382,Low,1.345209745719215,0.5834037895279209
1383,Low,1.2771001475468329,0.5238982364670619
1384,Low,1.49018843184326,0.6302014708996921
1385,Low,1.2609847344946692,0.537048647000347
1386,Low,0.723832080939669,0.4877323863473037
1387,Low,0.6200475258445565,0.3352409290888261
1388,Low,1.1217234715134126,0.5468760806178352
1389,Low,0.5825319426401127,0.2114454074122491
1390,Low,1.4069445139730068,0.6766850718914128
1391,Low,0.6022897386940916,0.2776377449371878
1392,Low,0.5151062829118989,0.2364456937286689
1393,Low,1.3655679644797625,0.5350381212669362
1394,Low,1.145709065897826,0.5208669655994385
1395,Low,1.2556515781412023,0.5945515452815187
1396,Low,0.9126806211768366,0.3777203138567273
1397,Low,0.8749735022472516,0.3923713312368591
1398,Low,1.2209754834455435,0.8008528723057111
1399,Low,1.2995251709180031,0.7536109328084706
1400,Low,0.727906356713616,0.4365943635391147
1401,Low,1.4104257213527274,0.6695634963619739
1402,Low,1.2108001825744212,0.7020178132152921
1403,Low,1.2068034016220222,0.4761307823217606
1404,Low,0.9989274886280424,0.4766042685672857
1405,Low,1.3512212771822956,0.8337015215706742
1406,Low,0.9370666907439574,0.3932632590470035
1407,Low,1.01807012003083,0.6437523324844818
1408,Low,0.988453393703299,0.405804224086836
1409,Low,0.6626235510206755,0.2684478509041668
1410,Low,1.2060779534261945,0.6133828982954412
1411,Low,1.1282195796026562,0.6634744053960304
1412,Low,0.9206221927683113,0.6272586085288623
1413,Low,1.4316785769073297,0.9758596975760554
1414,Low,0.8075393662293624,0.3720417604373764
1415,Low,0.667626088957771,0.2657162327626565
1416,Low,1.1215578421224626,0.5999616403025527
1417,Low,1.0390699900361835,0.5108945881892026
1418,Low,0.8524911007853451,0.4139291250729968
1419,Low,1.4002756748190306,0.8333073510380586
1420,Low,0.902408455282482,0.4025138701654356
1421,Low,1.3811734702342668,0.664028240424372
1422,Low,0.5470361815473699,0.2211137320130447
1423,Low,1.0706310945104862,0.5775710076360951
1424,Low,1.1268074208093777,0.5892007845022391
1425,Low,0.5720090062793504,0.2609118264088579
1426,Low,0.8558286581363095,0.3885091954352475
1427,Low,1.021079582876476,0.4930234707317567
1428,Low,1.1566511451448256,0.6114815603085049
1429,Low,0.9472844752536004,0.3728315952610259
1430,Low,0.8148276835467145,0.5102937000488197
1431,Low,0.6343577835394729,0.3036746212319414
1432,Low,0.5557919335011049,0.2751008495348088
1433,Low,1.3692384986465518,0.8396951580362213
1434,Low,1.1227303060706753,0.6395478502085155
1435,Low,0.7988315175648105,0.3473194520172455
1436,Low,1.2053037589294888,0.6087429932323971
1437,Low,1.0586249171673443,0.4485930967614706
1438,Low,1.2318113908651989,0.6263528376240401
1439,Low,0.6277688071835478,0.3382079442242585
1440,Low,1.0644746282996749,0.4311819763159263
1441,Low,0.8245729762869162,0.4637488382936254
1442,Low,1.3976765810752507,1.0228485271848626
1443,Low,0.739126750284077,0.2818705433878392
1444,Low,0.5519171361550974,0.2923384731909166
1445,Low,0.641801211993881,0.3282560139304067
1446,Low,0.9834999365845044,0.4567667803601836
1447,Low,0.8113951967500318,0.5058782971880333
1448,Low,1.1677125252043572,0.4857811883634468
1449,Low,0.871839860815525,0.3939450125329671
1450,Low,0.9929165512695148,0.441038839651668
1451,Low,0.7859511558673509,0.3941686856354138
1452,Low,0.8842215475282211,0.4264389765135661
1453,Low,1.0315181307381585,0.6172009998822716
1454,Low,1.122337103343661,0.4939405495750861
1455,Low,1.2543539595311357,0.689754336848992
1456,Low,0.7228920835891213,0.3290735462359748
1457,Low,0.6167554058678922,0.3518768394773417
1458,Low,1.4946371917748444,0.7076149413715029
1459,Low,0.9062288897530218,0.3775289943733142
1460,Low,0.6282664022769755,0.2826130898490362
1461,Low,0.5118050373165236,0.3179120058838549
1462,Low,0.9852222056704214,0.3843364413617607
1463,Low,1.1451887806195842,0.5174148006543788
1464,Low,0.5393796279439842,0.4061065975111333
1465,Low,0.5446717035194198,0.3363260296627217
1466,Low,1.301508937947132,0.6058937607871258
1467,Low,1.20300716612297,0.5923719560114904
1468,Low,0.6305871310653504,0.2371640627651743
1469,Low,1.3878026673457513,0.6162370275684736
1470,Low,0.78795570628338,0.3885789776911821
1471,Low,1.221940428455952,0.7120165705096468
1472,Low,1.096444568039668,0.4773856320391729
1473,Low,0.6694192316480743,0.2700729919541942
1474,Low,0.9410625645425832,0.4986064617137913
1475,Low,1.2948844542411018,0.4682330739770748
1476,Low,0.5541794785542632,0.3297798971332781
1477,Low,0.8710789781553024,0.3959410650343926
1478,Low,1.3533187200056482,0.8882402728911529
1479,Low,0.7493591110749629,0.3654767892106108
1480,Low,1.395746177553295,0.5254550465208041
1481,Low,0.6074951628479273,0.2207062204339536
1482,Low,0.9311369238802988,0.6059027415073075
1483,Low,0.9729120607963226,0.4029389310008753
1484,Low,0.6405566028241543,0.3834286296271685
1485,Low,1.1476968001764882,0.6146770450103958
1486,Low,0.9387210558917908,0.4786903399479172
1487,Low,0.7957642170502115,0.3592574578358949
1488,Low,1.3223601130698044,0.7591468748083798
1489,Low,0.9561016084692088,0.4699420705263151
1490,Low,0.9357214308482772,0.4545079294864109
1491,Low,1.3109700955759598,0.7467205089627384
1492,Low,1.37326646115865,0.6731306780650215
1493,Low,1.3526732867812568,0.735150050831848
1494,Low,0.7945003552804066,0.3736595864756324
1495,Low,0.6929522954419007,0.3320388865225396
1496,Low,0.756187864387462,0.3129611778789183
1497,Low,1.1591493404456474,0.7854433616399206
1498,Low,0.7100949867502928,0.3815895094408574
1499,Low,1.1253540694060304,0.5138685051822875
1500,Low,1.1945307107653191,0.7981202243152836
1501,Low,1.310489086921702,0.5117540005986854
1502,Low,0.9718898169263248,0.4031540273875293
1503,Low,1.1296014121338869,0.5019996859809481
1504,Low,0.8672056746606528,0.5145389289466777
1505,Low,1.1920104004390728,0.6893641964367845
1506,Low,1.1279103156174402,0.6476846338340323
1507,Low,1.2117458380784836,0.5933944933285886
1508,Low,1.2358348771786694,0.5922636414540392
1509,Low,1.4621748398785706,0.6050707612383519
1510,Low,1.3033478438872417,0.7821729094291072
1511,Low,0.5865720834386511,0.4221471475978333
1512,Low,1.3929794103221538,0.5413087957656018
1513,Low,0.5961855192769236,0.3221705599879172
1514,Low,1.2629670410124223,0.8100543275478742
1515,Low,0.5383260583239307,0.3259885479538553
1516,Low,1.257905920287936,0.5019450502709333
1517,Low,1.319004352365321,0.771783883998836
1518,Low,0.6045913263939194,0.3290376324926214
1519,Low,0.9328627821637968,0.596249180216958
1520,Low,1.1549850779177655,0.4729823504223702
1521,Low,0.6797589583432996,0.4250856764404318
1522,Low,0.5872820194543917,0.3120093660514698
1523,Low,1.3983149385461364,0.672737870425749
1524,Low,1.413095691156017,0.5926052003769229
1525,Low,0.587547101673501,0.4350861757595652
1526,Low,1.2931002501080016,0.5303055311724734
1527,Low,0.7800231083164756,0.4113274893965979
1528,Low,1.4458963878169917,0.8816589765920924
1529,Low,1.4582904739812486,0.7881549440315894
1530,Low,1.14292269699269,0.585806299964645
1531,Low,0.8532461725082539,0.2822974483543135
1532,Low,0.9903895911174692,0.489716280343174
1533,Low,0.6015135491812162,0.2326098598821673
1534,Low,1.2727153402456148,0.6175197608363021
1535,Low,1.4682427004219143,0.7305840978708176
1536,Low,1.2905827003827182,0.5520329524095757
1537,Low,1.1114232980077796,0.4573446558871978
1538,Low,1.0059147672426385,0.6179334013100402
1539,Low,1.1932334476321964,0.7474151803774447
1540,Low,0.7247124125233386,0.3262064671871201
1541,Low,1.1171312766951194,0.5809378449569778
1542,Low,1.2190552186847912,0.5100999982428363
1543,Low,1.3939424077517293,0.8154889154957061
1544,Low,1.041603179890802,0.4769121913247289
1545,Low,1.4633741204406072,0.9972216474345146
1546,Low,0.5412421968115998,0.3136659129882986
1547,Low,0.6469634842066277,0.3097609986166745
1548,Low,1.0654069228933156,0.4789084495841536
1549,Low,0.9643753309243812,0.5202094471355849
1550,Low,1.3697950727063972,0.89446235590421
1551,Low,1.0298288484931786,0.4162710784217296
1552,Low,0.8283554346067618,0.3634120938208269
1553,Low,0.6529417944842542,0.2470551053944092
1554,Low,1.0735217417454308,0.6951547326546859
1555,Low,1.324125794255934,0.9013059771225188
1556,Low,1.1744887071556394,0.4613280954422976
1557,Low,0.8917853669981346,0.5520116227452974
1558,Low,0.7679921909418125,0.3692161775312002
1559,Low,1.2830463210066974,0.5878426277178761
1560,Low,1.4011104313200646,0.9010421345963948
1561,Low,1.1076858932393567,0.5151194171073854
1562,Low,0.5020234640565298,0.2296290444084157
1563,Low,0.8485260207556969,0.3815133464016469
1564,Low,0.5430408292486208,0.3733635513112858
1565,Low,0.9298996379291632,0.6324413841328607
1566,Low,1.1249183657016244,0.621868185949424
1567,Low,1.429210392469428,0.563081453628044
1568,Low,0.649483798149509,0.2985949063038973
1569,Low,0.6731342958290423,0.2483209650552211
1570,Low,1.1865477197202186,0.7605423311213713
1571,Low,1.183528127257054,0.5817563897516322
1572,Low,0.8440753467098412,0.3832995568523998
1573,Low,1.3027420058812245,0.7906842997858519
1574,Low,1.3353898655924326,0.5507944004384342
1575,Low,0.6537606042691886,0.4175182123718173
1576,Low,1.3172408229494224,0.8542315489617351
1577,Low,0.6562261186498621,0.2797533865475046
1578,Low,0.7453697978658075,0.3184411797507138
1579,Low,1.2396897867095342,0.683134336173481
1580,Low,0.725293124845654,0.3744453202311675
1581,Low,1.4497138741119708,0.8368710488625766
1582,Low,0.800343810162679,0.4242160856106238
1583,Low,0.9171338950202672,0.3872907908514378
1584,Low,0.9513861784178352,0.4638130340529329
1585,Low,0.5730654738781604,0.3569365945607501
1586,Low,0.990198299602316,0.5163935416547218
1587,Low,1.24574569011309,0.7630647788947869
1588,Low,1.4563381177735135,0.8341893056423544
1589,Low,1.166753873288597,0.4907783638539342
1590,Low,0.863724983272128,0.505398646534502
1591,Low,0.7716755444463947,0.4727911857574014
1592,Low,1.270219273268312,0.5247328010360235
1593,Low,0.9892063609382072,0.4346788610645973
1594,Low,0.6920373729149119,0.3093278383717077
1595,Low,1.2519290449250555,0.6266394045464807
1596,Low,0.595580738841677,0.3157543406308178
1597,Low,1.0741331118007509,0.4706474665547517
1598,Low,1.011056016271204,0.4498007299163902
1599,Low,0.8875009273910418,0.3328714502917762
1600,Low,1.2524723667125437,0.4478836645599244
1601,Low,0.9586272685217764,0.3749089352383592
1602,Low,0.5833989649762439,0.2081349901964415
1603,Low,1.1119307006282146,0.6201523567729055
1604,Low,1.2335310897132137,0.7619253515328381
1605,Low,0.9925785630171716,0.461913420345752
1606,Low,1.186277478563543,0.4668673151882387
1607,Low,0.5896827000714897,0.3291862204577001
1608,Low,0.930422546319246,0.468722273888531
1609,Low,0.5072125677093307,0.347738664095921
1610,Low,0.7831482298095365,0.4612124799377142
1611,Low,0.7586000210060209,0.4219329387918833
1612,Low,0.8799605548107209,0.370445989140137
1613,Low,1.0519701006983622,0.4675832146005945
1614,Low,0.9530529661808808,0.4666607585337488
1615,Low,0.5716412351429037,0.225979565035395
1616,Low,1.207368088646097,0.7103832533399128
1617,Low,0.9752098229779772,0.4829768571318453
1618,Low,1.409214623119985,0.632874329576012
1619,Low,1.0988403121564216,0.3732073772445545
1620,Low,0.911964567657409,0.5341088311242999
1621,Low,1.2269422014997942,0.5069639687873746
1622,Low,0.5396880189933783,0.2990881754576762
1623,Low,0.9433679254306466,0.5110306384082293
1624,Low,0.8456899318838177,0.3925847864358047
1625,Low,0.807712245787757,0.5199949506823458
1626,Low,1.0823729917130671,0.3982388165763382
1627,Low,1.3507104036156805,0.5337757281293278
1628,Low,1.1389816891534157,0.4109719914109462
1629,Low,0.9449181110171238,0.5826913094033017
1630,Low,1.3630996275867884,0.8529509904773249
1631,Low,1.2705750827539664,0.7888941183801137
1632,Low,1.3503250648597516,0.7018427727217897
1633,Low,0.7979816341972086,0.2978909298624401
1634,Low,0.7784497832114028,0.4562662798360861
1635,Low,0.5052764812367888,0.2152332343646641
1636,Low,1.003053157601957,0.4455356881721144
1637,Low,0.8389632105757399,0.3306058827952753
1638,Low,0.9610265331825946,0.5319745754655401
1639,Low,1.47295404838272,0.6019469432643376
1640,Low,1.2088393380691826,0.3842307786133716
1641,Low,0.6521827671252046,0.3391034566243434
1642,Low,0.7537398171081402,0.2578311807970195
1643,Low,0.8976882224118204,0.6190898266185627
1644,Low,1.4385898248826297,0.6788757880889449
1645,Low,0.557894435614954,0.3978041533299574
1646,Low,1.18415491906911,0.5800168827081933
1647,Low,0.6525122387813912,0.331618125478144
1648,Low,1.377166991410973,0.6265927361881864
1649,Low,0.7902891322743659,0.3597355880424686
1650,Low,1.4398921566291447,0.8952652886835324
1651,Low,1.1315340416915012,0.4388263222822246
1652,Low,1.1807188109918076,0.559703625837443
1653,Low,1.3902429393705942,0.6782892230029915
1654,Low,1.0200587092642128,0.4905717143647052
1655,Low,1.2032743935141927,0.8276210039057617
1656,Low,1.3604574204433564,0.571016715472382
1657,Low,1.139965009409894,0.6195401422734363
1658,Low,1.4819972737553355,0.4829299533391378
1659,Low,1.2430225862083908,0.7402702504616343
1660,Low,1.4072542234954208,0.7246886892995406
1661,Low,1.0923167631508792,0.560372400910623
1662,Low,0.9828360183727648,0.4286804808240561
1663,Low,0.9996713570052022,0.4011449153685333
1664,Low,0.7898073514518615,0.5039842460132604
1665,Low,1.136070050791654,0.6848981604976672
1666,Low,0.6936620061833885,0.3793101494268924
1667,Low,0.7788683148554767,0.3548483905689963
1668,Low,1.307043831150979,0.5310859300581541
1669,Low,0.6723687162338758,0.3792438655071706
1670,Low,1.0910340228693487,0.5032796674643265
1671,Low,1.4411224620237602,0.6557285654773324
1672,Low,1.354722979660761,0.6595785035083708
1673,Low,0.8340756453130346,0.3498334829245451
1674,Low,0.8230021417868953,0.4013437077497741
1675,Low,1.1939460557104364,0.4805186697228407
1676,Low,1.484312768468837,0.6267242225512462
1677,Low,0.9972879187295468,0.6484613776713246
1678,Low,0.7039373051251654,0.3475944515654845
1679,Low,1.4254401709099067,0.9163629976079336
1680,Low,1.2259194900737698,0.755620663920979
1681,Low,0.7620963517197064,0.2988849861441096
1682,Low,0.6051116024653506,0.3090695617338426
1683,Low,0.9954922999871952,0.3596278802827797
1684,Low,1.4553526453037684,0.643161469976377
1685,Low,1.3243293841457504,0.7522167859992663
1686,Low,0.5500687528948224,0.2587521527549725
1687,Low,0.8884712033796138,0.45225498644092
1688,Low,1.1752004456203695,0.7161521463257685
1689,Low,1.1474424576627715,0.7412408338196741
1690,Low,1.285445559380058,0.694845148359164
1691,Low,1.3236386603782506,0.6985693872966863
1692,Low,0.7433796191942894,0.4883951153071564
1693,Low,1.1914342527455228,0.6749999268649702
1694,Low,0.7631952576497977,0.3544498596068592
1695,Low,0.5617476844708879,0.3059357985054731
1696,Low,0.8679058351197171,0.3191597445363641
1697,Low,1.075055216707155,0.4620880654015451
1698,Low,0.955890413241672,0.3610443437870287
1699,Low,1.1533582761365655,0.3730268588043799
1700,Low,0.6695740858932924,0.2677272480975219
1701,Low,1.173094037442581,0.6712710142873135
1702,Low,1.389863426562992,0.80457547655908
1703,Low,0.5317006244403614,0.2410539216904936
1704,Low,1.2416822203830358,0.5926402532595034
1705,Low,0.9535814261079164,0.4781561234320861
1706,Low,1.422754268422421,0.5176325559725967
1707,Low,1.044212906489109,0.4649613307879008
1708,Low,0.6203813699921711,0.2716654214921519
1709,Low,1.485408761983311,0.770215044871776
1710,Low,1.005004115014732,0.4720166858353849
1711,Low,0.8489233851801473,0.4475070356646426
1712,Low,1.4118369712460963,0.6281143345424027
1713,Low,0.7793248804560865,0.3187902164071232
1714,Low,1.1799310849359848,0.5345555994729239
1715,Low,0.7864278910662785,0.407407395421032
1716,Low,0.915998869432472,0.5717508426146622
1717,Low,1.4569292514113306,0.5369553584254021
1718,Low,0.7359119484280648,0.4070947586536917
1719,Low,0.5525847753220958,0.262226454027747
1720,Low,1.3475170820609794,0.9385780980555296
1721,Low,0.6821546403645331,0.2980096544959281
1722,Low,1.3468525392974868,0.4959413790015503
1723,Low,1.2664004501996635,0.6415100264608498
1724,Low,0.8226052270280111,0.384075227672831
1725,Low,0.9401871895975896,0.4555144821829344
1726,Low,1.4445013116596224,0.9570994941794028
1727,Low,1.4341082645143093,0.9805572497987214
1728,Low,0.8160236921228553,0.5391960460031697
1729,Low,0.8384877988767443,0.4524180057921398
1730,Low,1.1482461330056284,0.3574882114605842
1731,Low,0.5274107571661463,0.2270845295350483
1732,Low,1.4913685292651109,0.7033839796156798
1733,Low,1.0599982030216577,0.4726482144145763
1734,Low,1.2409761472531298,0.4477183473998423
1735,Low,1.4402695873909404,0.6083959605371518
1736,Low,1.1542598425992976,0.5513940086049445
1737,Low,1.2487973209660614,0.4815061936684799
1738,Low,1.2990488620590717,0.5354863205408265
1739,Low,1.299841771377214,0.7727032904574571
1740,Low,0.5253472556335651,0.2504367842787971
1741,Low,1.2860034025556852,0.7159399694724158
1742,Low,0.7331895635119929,0.256959867249563
1743,Low,1.404716667656164,0.6272083292794406
1744,Low,1.0225484847372657,0.4511153231669169
1745,Low,1.0870601412445828,0.4710743876253929
1746,Low,0.7410326227514248,0.3509800193155001
1747,Low,1.0248909732774942,0.4937834547701243
1748,Low,1.3331274435748417,0.5807029518058613
1749,Low,0.6414139049645233,0.2840384159969886
1750,Low,0.5172733438634717,0.3211827010434689
1751,Low,1.077701886412131,0.6269396794987045
1752,Low,0.6716689877341061,0.4237272387687625
1753,Low,0.6219537742599957,0.3128943431767013
1754,Low,0.9031216890650768,0.3415141784953448
1755,Low,1.436983993296927,0.8758372655100857
1756,Low,0.5905789041140501,0.4184708763230134
1757,Low,0.8238253930684876,0.3665776124946589
1758,Low,0.8949943657552709,0.3341088986911913
1759,Low,0.6958491672487161,0.3746257881324126
1760,Low,0.5603474294205663,0.3174011146101563
1761,Low,1.1681412213486746,0.7828595093261583
1762,Low,1.374057159390097,0.7731950997946058
1763,Low,1.3174948355549276,0.9098661787458866
1764,Low,0.5656271150399353,0.2296686888837626
1765,Low,1.2521502411986432,0.6398192111092271
1766,Low,0.7694685956662974,0.3474455886951091
1767,Low,1.0663489861106517,0.4255484084058452
1768,Low,0.6836450593212601,0.3255951533263683
1769,Low,1.487680246964224,0.5691977893451963
1770,Low,0.61893934584931,0.2631258692476663
1771,Low,1.3947571092689697,0.4890410374632807
1772,Low,1.4492562872285772,0.5784746810156776
1773,Low,1.3356081176682983,0.730157963241993
1774,Low,1.261549932762923,0.5642892227750593
1775,Low,1.3718573687133846,0.8963212001289662
1776,Low,1.1492091823113006,0.4465883535342954
1777,Low,1.014305691725148,0.553866607125002
1778,Low,1.027963336374166,0.402103745479053
1779,Low,0.992031012683053,0.5978149815837952
1780,Low,1.4231432376798925,0.4963066994850891
1781,Low,1.2687338699781257,0.7253505292367493
1782,Low,1.212067565918852,0.5580669369226428
1783,Low,0.5015832460801529,0.1994200190983655
1784,Low,1.127154776683279,0.3767767229168086
1785,Low,0.7471475470774651,0.2921346991473044
1786,Low,1.1846209212381833,0.5945544118588373
1787,Low,1.4575333047207937,0.8276874568065296
1788,Low,1.3602563658780369,0.641062711378666
1789,Low,0.5836280561394875,0.2048928998068149
1790,Low,1.2563071660405507,0.7189858549607777
1791,Low,1.2005846699728702,0.4844503767300807
1792,Low,1.2876058614099195,0.7151955440333495
1793,Low,1.02214647613864,0.4912111404288879
1794,Low,1.092073108123447,0.5071812268457023
1795,Low,1.478755336272055,0.6025945015262124
1796,Low,0.6941018508085659,0.2534521214289782
1797,Low,0.8089836933977088,0.3457760019576525
1798,Low,0.7475901668754099,0.4321640407179359
1799,Low,1.4349576396969623,0.763684211686467
1800,Low,0.6741839579942629,0.2822700087580543
1801,Low,1.1935717830015204,0.66024736571012
1802,Low,1.0505086291441017,0.5196208207769786
1803,Low,1.437350444880959,0.5347736128483973
1804,Low,1.114966592738864,0.6547053916626737
1805,Low,0.637432756119241,0.2255701024445144
1806,Low,0.744481577863567,0.3264719341038287
1807,Low,0.840025884723478,0.5046451211248808
1808,Low,0.7917356647646028,0.3914550977170492
1809,Low,0.6162821028134747,0.404418726392528
1810,Low,1.4328959390920035,0.6362099500677516
1811,Low,1.4469561992582716,0.6737093835180588
1812,Low,1.08188398356041,0.7465674654182948
1813,Low,0.7590368226265505,0.3745160154974698
1814,Low,0.973456870286832,0.3441086422690063
1815,Low,0.8420558995417868,0.5386925784199548
1816,Low,0.9866124659628824,0.4943672346526426
1817,Low,1.236405584617957,0.779187175627186
1818,Low,0.5212095869395108,0.223823597058832
1819,Low,0.9492298836845852,0.403838931404465
1820,Low,1.3757962145658773,0.7488668184978167
1821,Low,1.4507696527766218,0.6810585044100463
1822,Low,1.3113733087510406,0.799372685546075
1823,Low,1.3648199698986592,0.683275265584129
1824,Low,0.8870319904559929,0.4661591488954144
1825,Low,1.2279685109124352,0.5841423379779371
1826,Low,0.5331910267946407,0.2059857279266594
1827,Low,0.6323674847196472,0.2772190517321107
1828,Low,1.0657377258579357,0.6622262134396806
1829,Low,1.3116975363796124,0.8523902539663197
1830,Low,1.4380838582854958,0.5736390870820713
1831,Low,1.2632171841029305,0.7515791784971526
1832,Low,1.0876437918649111,0.6463326114239152
1833,Low,0.7080446586614234,0.3406272768440104
1834,Low,1.461897096263928,0.7104509666964418
1835,Low,0.9595014325520902,0.6026323756943128
1836,Low,0.5380187844653188,0.2280912877354524
1837,Low,1.1393972099869654,0.7048700454948573
1838,Low,0.5918453153604089,0.3678315383055377
1839,Low,1.1998091662203267,0.6221107727458275
1840,Low,0.7339351155276224,0.4598068134547048
1841,Low,0.5970303237870208,0.2544868863097846
1842,Low,0.7087598188383907,0.3753131291815919
1843,Low,1.0860583047111962,0.5604310387527676
1844,Low,1.035899649101347,0.5417549477277532
1845,Low,1.265098268510262,0.4890528062154828
1846,Low,0.7668283303588845,0.4152989618109117
1847,Low,1.3500473975844658,0.6119089148740073
1848,Low,0.7191228965007115,0.2996351840022839
1849,Low,1.378580312264285,0.853485781905988
1850,Low,0.62474613821967,0.4046454689190568
1851,Low,1.0955909164242428,0.5932221971957006
1852,Low,0.9282040751400036,0.4259019598161302
1853,Low,1.2090367888499949,0.5621122430720789
1854,Low,1.307933798223207,0.5832683008418513
1855,Low,1.1685059910141429,0.7097524266361717
1856,Low,0.7042642476949761,0.3123080802192604
1857,Low,0.6951374592876904,0.4002991445293489
1858,Low,1.215634144989494,0.6241061254264793
1859,Low,1.1892981038217458,0.4740004802015249
1860,Low,1.1344495988911367,0.4540458846650921
1861,Low,0.519237146919983,0.3713380411751643
1862,Low,0.724232266712205,0.3481113627624239
1863,Low,0.9507685606575113,0.3617804627287526
1864,Low,0.8100435812105864,0.3343893580293198
1865,Low,1.4608935023809697,0.8957221938121336
1866,Low,0.9950951041091578,0.5274536383594182
1867,Low,1.2097283273907709,0.8272729626209809
1868,Low,0.8164958158379452,0.3815736232568483
1869,Low,0.6116560363905609,0.2864184971328143
1870,Low,0.5533143630410852,0.3245391522915852
1871,Low,1.2273254929586546,0.6249562175583634
1872,Low,1.4688844825649912,0.6512231351476032
1873,Low,0.8142565584938917,0.5571331313083334
1874,Low,1.1160798310786475,0.4877438032936965
1875,Low,1.237012943175943,0.597686169165101
1876,Low,0.9239911672605436,0.4543842456019149
1877,Low,1.4424563466369371,0.7144265323865824
1878,Low,1.1882129767829288,0.4405958021268361
1879,Low,1.3284452719201276,0.6272653287923617
1880,Low,0.5255306262675169,0.3643127852611485
1881,Low,0.8693528694501534,0.373499668352764
1882,Low,1.0760984052755065,0.6035845897869621
1883,Low,1.080590410205398,0.603357056314394
1884,Low,1.3166483372238171,0.6536927299863464
1885,Low,0.7422239365385876,0.254420930562226
1886,Low,1.4334068253707275,0.626341123711029
1887,Low,0.530596751780433,0.1900666147199565
1888,Low,1.084232079090416,0.4351356840564619
1889,Low,1.4723558282564793,0.5552718583246019
1890,Low,1.4769698107620388,0.8813986488895864
1891,Low,1.480712753796483,0.647163862353878
1892,Low,1.1898139645030192,0.5738758785389706
1893,Low,1.1852900503902335,0.5414408941103375
1894,Low,0.5035275390262032,0.213127967475625
1895,Low,1.196591275600034,0.6361370792615446
1896,Low,1.4035201569319375,0.6888357234358864
1897,Low,0.7806369067217367,0.4944684718965391
1898,Low,0.5591782872776785,0.2455532554651469
1899,Low,1.2499866986224275,0.6370077310798621
1900,Low,0.6901285421571595,0.4201847572747965
1901,Low,0.593406734621909,0.3099787984731676
1902,Low,1.4187555591046008,0.8907414739476849
1903,Low,0.5503033659154427,0.2078292794213752
1904,Low,0.6993787994984254,0.2519068628650842
1905,Low,0.9607574951791376,0.5409371083741092
1906,Low,1.0014625591810715,0.6243060176402793
1907,Low,1.4158686024536982,0.7639851950621619
1908,Low,0.7654688045243252,0.3102285324009344
1909,Low,1.259591593118514,0.6459607781563648
1910,Low,1.185666751362731,0.6980579038777677
1911,Low,1.1039926819790895,0.4895554632983874
1912,Low,1.1791736036690936,0.5252455890412193
1913,Low,0.7914902667127404,0.3414327040487421
1914,Low,1.0894572382170322,0.4724137824864414
1915,Low,0.8046578819971864,0.4038640302749883
1916,Low,0.7689279401527394,0.2987924884835351
1917,Low,0.6503136034229988,0.3865212793288464
1918,Low,1.2058328326523533,0.7597920299323846
1919,Low,1.3726892754119673,0.6952396552043325
1920,Low,0.570454394343145,0.2892675582607182
1921,Low,0.6223956163409783,0.2519797597223814
1922,Low,1.1555716674980954,0.7673432989506779
1923,Low,0.5366302826059806,0.242450252693537
1924,Low,0.5187640404773355,0.3059555685062776
1925,Low,1.2626501583510543,0.5283394095899894
1926,Low,1.2382733016513745,0.6100897331105699
1927,Low,0.8202374454424795,0.4591175113000076
1928,Low,1.0116034806737688,0.4633745839600891
1929,Low,0.9220430012058268,0.6412212364143528
1930,Low,1.013679380292761,0.4582893024604999
1931,Low,1.4351514590076009,0.5849982633800863
1932,Low,1.1340426568177957,0.7234774489051148
1933,Low,0.6782393942831282,0.3145098403260462
1934,Low,1.334106553522329,0.664905378757652
1935,Low,0.6665494013623565,0.353383766311218
1936,Low,0.9149909092112364,0.3831029116459561
1937,Low,0.5039789871597027,0.2260862182784961
1938,Low,1.1573611027336603,0.6324847596524847
1939,Low,1.0293404861915816,0.4936212028436699
1940,Low,0.8755016819197177,0.4184803398323993
1941,Low,1.2534870600347292,0.5321778335970322
1942,Low,1.0539387069570272,0.7020676601801199
1943,Low,1.2352232861504229,0.5289438579023056
1944,Low,0.9700006100117494,0.4530697876465979
1945,Low,0.6487425991816075,0.3038785134430313
1946,Low,0.6215165018232939,0.2637059925612988
1947,Low,1.2956932705513666,0.6608044763737269
1948,Low,0.5556206798442282,0.344154230939715
1949,Low,1.383403871620796,0.8538957650034433
1950,Low,0.7460827045889806,0.395061541485262
1951,Low,0.974056832890296,0.5570147670547954
1952,Low,0.6112913070185005,0.2976812391632748
1953,Low,1.2766629067313513,0.591369607932549
1954,Low,1.348639400063406,0.6009687687248118
1955,Low,0.6513097561416035,0.3572990280592307
1956,Low,1.306441060020319,0.5282129938323266
1957,Low,0.7364738894731555,0.3943695294721081
1958,Low,1.4922836493426397,0.5773942207959806
1959,Low,1.4477339530901894,0.6032462543656436
1960,Low,1.0633033634808151,0.4482567712709624
1961,Low,0.6587521130734053,0.4333124207569483
1962,Low,1.1094677599820817,0.6223776400099723
1963,Low,1.0868820977339144,0.6824600505168945
1964,Low,1.3987896643771802,0.7408980360594768
1965,Low,1.4537504334987916,0.5522119996111599
1966,Low,0.857274530359094,0.3797530642521991
1967,Low,0.5372297025860129,0.3194213162666273
1968,Low,0.7759690248425443,0.461502611858819
1969,Low,0.5361894178514468,0.2653697905841596
1970,Low,0.6422685774503147,0.4304216950353066
1971,Low,1.1365995518584442,0.4329001750748205
1972,Low,1.2677935755191507,0.7082493159703631
1973,Low,0.909891835618547,0.4686844103026857
1974,Low,0.6830970929376203,0.3323778635915388
1975,Low,0.9115209625799148,0.3895343622060636
1976,Low,0.9963055594836004,0.34047248190857
1977,Low,0.5879995244971217,0.2994863042891396
1978,Low,0.7881716313833851,0.350878154409294
1979,Low,0.8435639759687128,0.4983821850447185
1980,Low,0.9344730141746672,0.4156940789976318
1981,Low,0.5544501519841634,0.3519809498797244
1982,Low,0.5682165889785237,0.3068356203819249
1983,Low,0.5295397962490702,0.257902257945851
1984,Low,1.1519444824327063,0.5927703894714114
1985,Low,1.2283767047152852,0.692484268398573
1986,Low,0.7603251549344667,0.3286664115112643
1987,Low,0.5126289825563187,0.2017412123458477
1988,Low,1.1422318047096622,0.5979545015668037
1989,Low,0.5702362589298178,0.2037427561973537
1990,Low,0.5202174643483385,0.3323766211047498
1991,Low,0.8158638571559012,0.3680125069290838
1992,Low,0.8796551481875812,0.3846229685156146
1993,Low,0.919428748214166,0.6317303100584013
1994,Low,1.0146984438167093,0.5010205143791353
1995,Low,0.755625492675513,0.5229285811736872
1996,Low,1.0037081020756928,0.4617604647564945
1997,Low,1.1962786494043374,0.586330016243096
1998,Low,0.6302475661787241,0.2406796595891265
1999,Low,0.960315690856396,0.3831092786819212
2000,Low,0.6004016550540204,0.2879156889220979
2001,Low,0.6977827305336738,0.4386658961988132
2002,Low,1.2509000499973095,0.5436936795499889
2003,Low,0.7034725840774643,0.2872207379117668
2004,Low,0.6139272552952791,0.3984344995211657
2005,Low,1.279461613914016,0.587171942775143
2006,Low,0.6982847002559638,0.2900389985518359
2007,Low,0.731288104199684,0.335205712983651
2008,Low,0.922858787711614,0.3333829459405208
2009,Low,1.436349473035221,0.940064055106717
2010,Low,0.5809603628513963,0.2893928308107121
2011,Low,1.3621731159258297,0.7383521764402587
2012,Low,1.4055585963283457,0.7138683584681473
2013,Low,0.9524921314673304,0.5107918747509785
2014,Low,1.2476963099885767,0.6919895041878021
2015,Low,0.5437839337938155,0.2116163865491529
2016,Low,0.6998549972926806,0.3696703235766492
2017,Low,0.647532405816482,0.2796774706289255
2018,Low,1.2814546416627643,0.7571733932704632
2019,Low,1.2983014038842513,0.7113811462426582
2020,Low,0.565370228184114,0.319353042626858
2021,Low,1.2454572457182131,0.8505614376390156
2022,Low,1.3346701218106765,0.53807943845203
2023,Low,0.8220387345661435,0.3508120674737967
2024,Low,1.2759136819836898,0.5115307532132221
2025,Low,0.9140972016389216,0.390743162342865
2026,Low,0.7995740319125177,0.4469624396988223
2027,Low,0.7267308128479154,0.3635639270298512
2028,Low,1.0552931963650765,0.6427513061805286
2029,Low,1.030332567729779,0.6697210795286139
2030,Low,0.9504788925277412,0.5040249899605271
2031,Low,0.8127199181140825,0.3719044464490295
2032,Low,0.9369620089894604,0.4144023839433259
2033,Low,1.1594169078018193,0.720606334211169
2034,Low,0.6364212471204712,0.2673969971535399
2035,Low,1.2212842342491044,0.7116726235459936
2036,Low,1.294053921824443,0.6734762497469546
2037,Low,0.56145106586882,0.2432133233344444
2038,Low,0.9453750682814924,0.4526462744366313
2039,Low,1.222618209342622,0.5263980395284733
2040,Low,1.4141693161308289,0.5530530896150196
2041,Low,1.0458689697814916,0.4737078230751876
2042,Low,1.3090954710470737,0.5108628109457527
2043,Low,0.5638113759453511,0.2485796852796156
2044,Low,0.5892943179816619,0.3426635923277672
2045,Low,1.1174233564123173,0.4890148120490778
2046,Low,0.8070328589920528,0.4969193211816076
2047,Low,1.0093238144057095,0.4335653808992106
2048,Low,1.0756375790180952,0.4231737227511587
1,Reference,1.2474932319881862,0.7318339665165325
2,Reference,0.9758148680795384,0.6340140481104157
3,Reference,0.9984860692690948,0.3934951898286343
4,Reference,1.1256342630085403,0.4074273660609151
5,Reference,0.7127337115397584,0.3259526806631427
6,Reference,1.4990735785215938,0.7586827725329641
7,Reference,1.3442218235291716,0.6441127384299392
8,Reference,1.0348026115843667,0.6551648853333063
9,Reference,0.7874279254732466,0.4289237330927165
10,Reference,0.6810760734772741,0.313377568108578
11,Reference,1.486171731746431,0.699656778282403
12,Reference,0.9976172827236424,0.6194734250930765
13,Reference,0.6911894310729345,0.3520746622364115
14,Reference,0.7079866746820151,0.3445765249290247
15,Reference,1.3383263977260562,0.7063297633342671
16,Reference,1.26021821307592,0.7820642151851018
17,Reference,0.8032978371116517,0.2783757367991768
18,Reference,1.1505178028418266,0.4560335537591982
19,Reference,0.8124633641033454,0.4230087169746639
20,Reference,1.3882771280752313,0.6226193472306818
21,Reference,0.7257633179487044,0.4738728716476288
22,Reference,0.8354530726261726,0.206756420154285
23,Reference,1.2432605413253586,0.6961911583252203
24,Reference,1.3707192292263275,0.5798814554226794
25,Reference,0.7283452709192215,0.3327044158803645
26,Reference,1.3088610463545458,0.7361326346718045
27,Reference,0.898944933779144,0.513408455650648
28,Reference,1.2969263268271716,0.5372099839626401
29,Reference,1.2928767979775593,0.8034332011312983
30,Reference,1.1062857764969949,0.6360000790427165
31,Reference,1.00017063120998,0.372706081825747
32,Reference,1.4129358132321106,0.818332152051795
33,Reference,0.902141859895382,0.4870245678821447
34,Reference,1.197747116898321,0.6435269087379254
35,Reference,1.0249131520051633,0.5475235830141685
36,Reference,0.7397967679778781,0.2879175566806893
37,Reference,1.123966707505942,0.5574262854102159
38,Reference,1.2732437951855218,0.7205350734791836
39,Reference,0.8094432036959085,0.378481111860161
40,Reference,1.3138059648448706,0.8536949970922763
41,Reference,0.8936330354896241,0.4175374056368497
42,Reference,0.7615147443377668,0.3025261152590275
43,Reference,0.5564957159799832,0.3126630516657371
44,Reference,1.0730121924329836,0.627409037217916
45,Reference,1.051317229841326,0.5302954344258524
46,Reference,0.5170012699668884,0.2466783651801734
47,Reference,1.3971055326819788,0.9186372020267868
48,Reference,1.3390073106792453,0.5784914046004417
49,Reference,1.143886704712738,0.6617321174363155
50,Reference,1.275014261484543,0.5150256671643376
51,Reference,1.048725181068463,0.3812500501093225
52,Reference,0.5766745066217188,0.3429117164177881
53,Reference,1.2015011471163466,0.5153873171103243
54,Reference,0.8691139401673659,0.3762456270593048
55,Reference,0.5402786387353103,0.1978836640814876
56,Reference,0.8903310056617073,0.4545976704252865
57,Reference,1.1903436830483043,0.7071727496223446
58,Reference,1.3053612061764013,0.5509845346945212
59,Reference,1.343585710975866,0.586452064681481
60,Reference,1.2171375907889006,0.620675306914876
61,Reference,0.6236849607633603,0.3711163230478291
62,Reference,1.0325286159535811,0.4555054656363211
63,Reference,1.2660957039713474,0.4431361548233781
64,Reference,1.3253161299487162,0.5782016813753046
65,Reference,0.8504410434202936,0.4379985460315794
66,Reference,1.396859847984548,0.5799180597941529
67,Reference,1.03840252852377,0.4720234514715855
68,Reference,0.5048361269368329,0.2892371930087378
69,Reference,0.6972214522429218,0.3979237901014798
70,Reference,0.8666174967110669,0.3765936190019161
71,Reference,1.385935140269997,0.5416482938768752
72,Reference,0.8310248682250225,0.560361420573841
73,Reference,1.1603685932439471,0.7274053089281551
74,Reference,1.337819725892886,0.6672583864219916
75,Reference,1.412147309148711,0.7582355895468851
76,Reference,0.7063867446329402,0.2396382457108004
77,Reference,0.9550540952399568,0.4117162642467349
78,Reference,1.1673912016298342,0.5749006656910751
79,Reference,0.5859736354239833,0.2169336379430788
80,Reference,0.6571153427947121,0.4296957708305342
81,Reference,0.7551700698149406,0.3489106169356333
82,Reference,1.3311588707211337,0.7488425480999581
83,Reference,1.0291724945587415,0.4615132141110507
84,Reference,0.9868633550250698,0.4128852092504758
85,Reference,0.6186386160488906,0.3105517284720633
86,Reference,0.7706662794962855,0.3794291732473311
87,Reference,0.849857522087629,0.5288398981429765
88,Reference,1.0723492885461243,0.6040998693836457
89,Reference,0.8459822048846779,0.408526554105677
90,Reference,1.4338535672433843,0.8148481004901953
91,Reference,1.3589623402390965,0.6713475336484436
92,Reference,1.1327480649226374,0.4717898230601349
93,Reference,1.400435856630192,0.8418766790306051
94,Reference,1.162335342670876,0.5137289384355199
95,Reference,0.8741128124748997,0.4058706821464
96,Reference,0.6709882735628683,0.321410969569051
97,Reference,0.8547503641226284,0.5359231019696011
98,Reference,1.4433058378651662,0.7173252601079554
99,Reference,1.3446843108657935,0.5457474154603688
100,Reference,0.7138287614441134,0.328385876179972
101,Reference,0.8766334567560761,0.3370766704130403
102,Reference,1.2291828423764235,0.8098560605069736
103,Reference,1.4450367321467803,0.7816148244377246
104,Reference,1.4852989345855576,0.5841814229060276
105,Reference,1.4759100791657287,0.7253789438402549
106,Reference,0.6442047775378932,0.2972507578053225
107,Reference,0.6700754286101008,0.2129931618262972
108,Reference,0.5976985543509543,0.4090780952575699
109,Reference,1.0264875889275915,0.7201093207890779
110,Reference,1.1022175863564234,0.5031013978771597
111,Reference,0.9227318155121988,0.4112467207198165
112,Reference,0.6095384811473213,0.1900254172286679
113,Reference,1.181227499305486,0.464084456619986
114,Reference,0.7010244667596667,0.30082769902139
115,Reference,0.7467778379995798,0.4653169104526427
116,Reference,1.3580410724745469,0.656899665890279
117,Reference,1.1701512560706364,0.559358495826487
118,Reference,1.3403166025782536,0.6733905287113657
119,Reference,0.961936683539911,0.4872426499265145
120,Reference,0.7144103295221937,0.3105030807629916
121,Reference,0.8995311900357326,0.4952749173956761
122,Reference,1.498955224925934,0.6969878455725791
123,Reference,1.321215568481973,0.52636047231465
124,Reference,1.1647204208433315,0.5224545472041484
125,Reference,0.8403462583227002,0.5439871192239139
126,Reference,1.4956725781638798,0.6980730096861976
127,Reference,1.3454863942168296,0.7549467245720223
128,Reference,0.6603912600549009,0.427722909134232
129,Reference,0.9289769660469638,0.4641905167631108
130,Reference,1.2103130444153938,0.6809506073322211
131,Reference,1.3179901241321343,0.9258936099989796
132,Reference,0.8016296876690738,0.3326938799584553
133,Reference,1.1545872915266786,0.5231534261428408
134,Reference,0.8427431153835707,0.3436330795287006
135,Reference,0.6387930649416562,0.2794539206287183
136,Reference,0.5357567641767521,0.3385983092152571
137,Reference,0.8808064299965972,0.3347160307602337
138,Reference,0.8843021041167346,0.4958332803866199
139,Reference,1.3229483556473172,0.6106038694762788
140,Reference,0.7808393477603806,0.4479979821645941
141,Reference,0.7532431279330825,0.3410718386234777
142,Reference,1.461235657609438,0.5591777921012948
143,Reference,0.604295701293872,0.3944810117452775
144,Reference,0.7729746850847341,0.3903916189093834
145,Reference,0.8529397650790762,0.450859374825086
146,Reference,0.7092380272659179,0.5005808641308533
147,Reference,1.4813680710342902,0.6913606951086706
148,Reference,1.326175391983602,0.8035174636272586
149,Reference,1.4973156780772252,0.8875640481070661
150,Reference,0.717144553601909,0.2762774508517296
151,Reference,1.0257062897261204,0.6171614144267181
152,Reference,0.7110658933248263,0.4914208010121541
153,Reference,1.0993060899607348,0.6926812487615166
154,Reference,1.2885554853035197,0.5655564267408693
155,Reference,1.137772164970738,0.5419620359834454
156,Reference,0.6760196689991779,0.3948159609177892
157,Reference,1.4237681225737862,0.6074911956404918
158,Reference,0.6579659568637832,0.4005937065767355
159,Reference,1.424384566081966,0.8711998950583961
160,Reference,0.5028879733869459,0.2477407662167792
161,Reference,0.7752390676263693,0.4357821335007514
162,Reference,1.2952067408498245,0.5651966030458908
163,Reference,0.6887703105803507,0.2830679538827425
164,Reference,0.5691266554215614,0.2682390777910299
165,Reference,0.8609602189870345,0.3817178961139191
166,Reference,1.2747037729110589,0.6480060404960426
167,Reference,0.5589543825358783,0.2444469221733385
168,Reference,0.6298757575874346,0.2716137992890424
169,Reference,0.529176011631794,0.3170620318257988
170,Reference,1.3954028680823374,0.6842200016927649
171,Reference,1.1053957799641494,0.7198952630434832
172,Reference,0.7626274448948652,0.5273104359827556
173,Reference,0.5205161751684837,0.2975965943916421
174,Reference,1.387364107728975,0.6995110106738451
175,Reference,0.8614693015873714,0.513075366371325
176,Reference,1.0567990864202463,0.4032256882282468
177,Reference,0.5625896174016838,0.2210100839858171
178,Reference,1.1307582774056606,0.4980479847554591
179,Reference,0.9567126036574948,0.3760706177281392
180,Reference,0.8177345404820902,0.294233987752122
181,Reference,0.8349035725715339,0.3086415969569387
182,Reference,1.0565464596331884,0.5573467818544486
183,Reference,1.2682366523151547,0.6292131933780638
184,Reference,0.7594155978259693,0.4623945675014056
185,Reference,1.4274248021702125,0.6192695418494054
186,Reference,0.5409850310785563,0.3547072839617868
187,Reference,0.846478566222314,0.3823901593087768
188,Reference,0.6380296989112191,0.2965247880025998
189,Reference,0.6658191131902003,0.3214260615526783
190,Reference,1.2775750590298087,0.8772120417368399
191,Reference,1.1466001209678396,0.5559394373414364
192,Reference,0.9745101817961506,0.3999975519704719
193,Reference,1.0769938097487546,0.46811296318009
194,Reference,1.2441962306061316,0.5580295648504716
195,Reference,1.0351748877118785,0.4003597769803946
196,Reference,0.5496881042413834,0.2650799321097068
197,Reference,0.8381874545428782,0.4162951714854017
198,Reference,0.5264411859992519,0.3728390792368756
199,Reference,1.411128430263772,0.8638246594918542
200,Reference,1.2916131141176208,0.5915457368728596
201,Reference,1.0902252361483993,0.4588225620140775
202,Reference,1.0474943879058756,0.4960628787045635
203,Reference,1.0447852890987748,0.4936255175401101
204,Reference,1.4574868829469607,0.6856164410129821
205,Reference,1.418185297170504,0.912716579003586
206,Reference,0.7164624899609904,0.3350913649411282
207,Reference,1.288894898424783,0.5137733619120297
208,Reference,0.7852639953127684,0.3464696745878584
209,Reference,0.7316233193333862,0.427202289737707
210,Reference,0.7924153223181534,0.3750229606556985
211,Reference,0.5235076962979951,0.2587726352410158
212,Reference,1.1740045845195448,0.5664772553272854
213,Reference,1.1242042936547776,0.5885863649055807
214,Reference,1.1723279585269837,0.6431071237481802
215,Reference,1.4885878058388196,0.7996818675601958
216,Reference,0.6955496947074404,0.3334684878327536
217,Reference,0.8021680502361803,0.5708271609553179
218,Reference,1.421844264000489,0.9866490230510864
219,Reference,0.943949354959606,0.3606033471052043
220,Reference,0.6989797462811278,0.3091869924910355
221,Reference,1.213845216029566,0.6927730434382511
222,Reference,0.6615389806629091,0.285863102777931
223,Reference,0.638583023477461,0.4523207936941702
224,Reference,0.5081088714465378,0.2167863669716894
225,Reference,1.1352806962553244,0.5532536111373929
226,Reference,1.4734016897601705,0.7063801497093181
227,Reference,1.1180733729691403,0.3645978919030241
228,Reference,1.2040991290536582,0.551723879111961
229,Reference,1.1874099233710416,0.5454085284514605
230,Reference,0.8569001614254432,0.5662554637132757
231,Reference,1.0974980971403068,0.4846997792992482
232,Reference,0.5662569223439485,0.2894113276433359
233,Reference,0.8602758127569412,0.3847601202883908
234,Reference,0.783283035647595,0.2943729112538449
235,Reference,0.5886575005740107,0.23012736378557
236,Reference,0.8374741666178072,0.4426505678162726
237,Reference,1.03805091338038,0.6250396979395703
238,Reference,0.5259977714227787,0.1954543753246795
239,Reference,0.955115366198474,0.4468505043926285
240,Reference,1.3870339172032091,0.549094894833928
241,Reference,0.7941612211659763,0.2654774041617713
242,Reference,0.9712240012266364,0.4661971774315532
243,Reference,1.4207190021769538,0.6706335020608662
244,Reference,0.6643733252818597,0.4045630298832847
245,Reference,1.3466071083925066,0.7327660070695003
246,Reference,1.408795430047233,0.8721100742931469
247,Reference,1.1152662717072044,0.6741992632840947
248,Reference,1.0311944467955665,0.4761930616280665
249,Reference,1.238568553121992,0.8331711379945261
250,Reference,0.6463112362176454,0.3013195916275961
251,Reference,0.6126215606441769,0.3000933255266105
252,Reference,0.8585631639966163,0.4843680366719951
253,Reference,1.1384569243728393,0.5155807038878919
254,Reference,1.0826521825600652,0.4690995424581103
255,Reference,0.719642135745987,0.3164175043828336
256,Reference,1.2870292130232337,0.8296443778658045
257,Reference,1.1302310118017118,0.4961767327224322
258,Reference,1.0671882400907178,0.6026217469951973
259,Reference,0.726497135850119,0.4450705576149971
260,Reference,1.026254584222806,0.5125799153330632
261,Reference,0.5839927250076584,0.2688659969131635
262,Reference,0.9466851052674404,0.5000252478105836
263,Reference,0.7824544960071678,0.3438993958174023
264,Reference,1.1029046508523122,0.7117927795027583
265,Reference,0.6647836666687853,0.3372256409566816
266,Reference,1.315901883158413,0.7243587656883221
267,Reference,1.4653082529451402,0.785945102161719
268,Reference,1.0916488164066385,0.5339658469847848
269,Reference,1.074609524105055,0.4195105157414929
270,Reference,1.1141823119118883,0.6307280059647979
271,Reference,0.7117049313697286,0.4386971265282255
272,Reference,0.9346290656902012,0.432337697570162
273,Reference,0.5797128443531085,0.3370808688044491
274,Reference,1.1970037825849118,0.5822643557956724
275,Reference,0.7578723525568697,0.4971612441327551
276,Reference,0.6744337858807867,0.3241670265037868
277,Reference,0.6550142598680287,0.3179166089301404
278,Reference,1.3823625264795427,0.8089684440744236
279,Reference,0.5914592283908952,0.2920173983155649
280,Reference,0.6967253407056937,0.2754003572173076
281,Reference,0.98739942704719,0.3246184503283729
282,Reference,1.1905288181573328,0.6615503197161132
283,Reference,1.1200195353594435,0.6177021510079754
284,Reference,0.6400302940691085,0.2857767653260339
285,Reference,0.8516235818723146,0.3698920851808864
286,Reference,0.5181980333963321,0.2084568324096523
287,Reference,0.789066723781785,0.4227500813679654
288,Reference,1.3218492037637468,0.5949233674800354
289,Reference,0.7069562232703025,0.3057066167128113
290,Reference,1.172393458464975,0.6081197697073009
291,Reference,0.7505126830265982,0.3892963025584492
292,Reference,0.8590299443038598,0.3876645259207336
293,Reference,1.1287692811063563,0.6205629817582974
294,Reference,1.3588476255226285,0.6565547518078176
295,Reference,0.8773039090376655,0.5082572325696475
296,Reference,1.3635783915001125,0.6729125144108536
297,Reference,0.713040771520465,0.4544040059442835
298,Reference,1.3781302894232377,0.466433340648436
299,Reference,1.2820691603180898,0.6683332601256211
300,Reference,0.6208184892008457,0.4292938384940044
301,Reference,1.1055321397360744,0.5200700270862626
302,Reference,0.6806411107666591,0.2907705418299073
303,Reference,0.7175350097540533,0.2697674594956822
304,Reference,1.2652059780204723,0.5608970240803046
305,Reference,0.9182113958909984,0.3816305332731318
306,Reference,1.489666532905352,0.7137025026746073
307,Reference,0.8855507683161956,0.4556994543773953
308,Reference,1.4454002426492774,0.580564455933839
309,Reference,0.7025730045117066,0.2684793531233183
310,Reference,0.8970351181179324,0.3999118529025054
311,Reference,0.7307028907956425,0.3904301528583289
312,Reference,0.8108789976505908,0.34160877612738
313,Reference,0.5995686164527018,0.3499827961681134
314,Reference,1.088123026104645,0.5193276294999549
315,Reference,0.752643661629667,0.2856700209819465
316,Reference,1.2592766405766969,0.7638452630593378
317,Reference,1.220114374324404,0.4907382507011846
318,Reference,0.797056691597223,0.3233368866372998
319,Reference,0.6270166605991372,0.2851557592853737
320,Reference,0.8699505317329224,0.435832006318094
321,Reference,1.077602193373375,0.4673076269066598
322,Reference,0.925286444365878,0.598659412456513
323,Reference,1.4753792878320875,0.6605735053495607
324,Reference,1.3249782589482555,0.5443033453444741
325,Reference,0.87371245030804,0.5470550914090637
326,Reference,1.0904929527311262,0.493045045461784
327,Reference,1.0236690906202446,0.6166215204632124
328,Reference,1.4529379358008605,0.6260928835155539
329,Reference,1.367768701747,0.5452799812837554
330,Reference,1.481812713934005,0.7183644214149609
331,Reference,0.6258472068319554,0.4060274131367478
332,Reference,1.333606516185637,0.8433329159497021
333,Reference,0.775472391221238,0.4747901260794975
334,Reference,0.9104559005706938,0.4358078207572049
335,Reference,0.8363151480718243,0.3646266805919609
336,Reference,1.1332129198732468,0.6074195930151944
337,Reference,1.1510658612337892,0.7470558761320234
338,Reference,1.0494601193536883,0.5652720294323501
339,Reference,0.5144999734407696,0.2748680717440876
340,Reference,0.5064121675917713,0.1877365868878833
341,Reference,1.1987989425870151,0.5464877226497151
342,Reference,0.9705649376268256,0.4065308075953879
343,Reference,0.5962685611609505,0.2735672158289617
344,Reference,0.8001523167549993,0.3567715842120549
345,Reference,0.9405965248358684,0.4178808096879294
346,Reference,0.7155919307959259,0.3259881819652008
347,Reference,0.8625239979835528,0.3642892641425419
348,Reference,0.6546133801679905,0.3205670003728329
349,Reference,1.3992146319578065,0.6144861344112797
350,Reference,1.2158336018867542,0.7184804783001368
351,Reference,1.1822615431193495,0.583655142936891
352,Reference,1.471497755794379,0.9260300065649574
353,Reference,0.5777714186726376,0.216676042327311
354,Reference,0.8298422305630205,0.3587785784780095
355,Reference,1.171377548203551,0.546047103877612
356,Reference,1.4066824704950776,0.6007202587412763
357,Reference,1.031740114528245,0.435967016412917
358,Reference,1.2286401968856069,0.5180002443860161
359,Reference,1.0700048933000592,0.44292597975506
360,Reference,0.5007585820492184,0.3299457032044799
361,Reference,0.7887496837151102,0.471910317622104
362,Reference,0.885813706215655,0.2854180949991161
363,Reference,1.1601316839930438,0.6234717264123617
364,Reference,0.5032663696696831,0.2684572836602541
365,Reference,0.8052780302436359,0.3651482564658863
366,Reference,1.4360308059916649,0.546018926418995
367,Reference,1.0969999788169136,0.5869465028424088
368,Reference,1.163880400462301,0.7178049427487139
369,Reference,1.482956063529531,0.616278276997619
370,Reference,0.5710352015716146,0.2367310919891991
371,Reference,1.3764599192119236,0.6570875425251046
372,Reference,1.079529684982428,0.3496028547578405
373,Reference,0.6854355963544103,0.2778925892620805
374,Reference,1.368866202249246,0.8297974677072659
375,Reference,0.6650942512469364,0.305741756384009
376,Reference,0.9536921029015272,0.5106722765265488
377,Reference,0.86284707548649,0.4693222346700736
378,Reference,0.9339021618436236,0.6612781916677619
379,Reference,1.490281550150344,0.5588858790114557
380,Reference,1.1784045936439915,0.6866022012794843
381,Reference,0.6563447590863846,0.2371058170841991
382,Reference,0.7274852151184932,0.4673924647691478
383,Reference,0.8754003030913917,0.513102679091844
384,Reference,1.3319042564086492,0.5770675929851166
385,Reference,1.1985658825226704,0.5088349916519377
386,Reference,0.5725536871167589,0.2547732521656485
387,Reference,0.7004088746602848,0.4916949288615058
388,Reference,0.967310047571456,0.5013069720571792
389,Reference,1.1795572272913857,0.6209294768076319
390,Reference,1.3143195557148202,0.5279096881830156
391,Reference,1.4261723841406808,0.5864881691651078
392,Reference,0.905532062972218,0.527967532031056
393,Reference,0.9678168149771902,0.5479998741335947
394,Reference,0.8315097451159057,0.3709811643677625
395,Reference,1.0934093114604737,0.5088997859855766
396,Reference,1.4669308479901146,0.7469188072441852
397,Reference,0.8451302400754012,0.4122310135511213
398,Reference,1.3418936875095189,0.5458674591108803
399,Reference,0.8980411939296513,0.5342162901955447
400,Reference,1.1262992603848545,0.671448033072565
401,Reference,0.7695463720930795,0.4981571275731085
402,Reference,0.7419808889059626,0.490494804510746
403,Reference,0.8291292166104898,0.4868227784474896
404,Reference,0.9776746612667676,0.6101332148856073
405,Reference,0.6609580080066924,0.368554998583761
406,Reference,0.8368431073157867,0.4715699025445587
407,Reference,1.2326523063634984,0.5455161089247298
408,Reference,0.9294936377722728,0.4503382158922306
409,Reference,1.0042057218031195,0.5659950718780209
410,Reference,0.7638783647340994,0.571698560533477
411,Reference,0.9235013087097064,0.4541899652718797
412,Reference,0.8115385637006478,0.3121402253082905
413,Reference,1.200792590878177,0.6735388659887178
414,Reference,0.6039585168423284,0.3781260386276628
415,Reference,0.5464226519570445,0.2928623169196598
416,Reference,0.5339366759427991,0.1976111861663625
417,Reference,0.7223131298796995,0.2689315576976199
418,Reference,0.6181311350497247,0.2319794683039191
419,Reference,0.728798472843043,0.3937664038967483
420,Reference,0.944580455402533,0.4345317380826117
421,Reference,1.4175455222445037,0.6267500394023671
422,Reference,1.1001371218321976,0.6075308934614583
423,Reference,0.7838711700027376,0.3813967668904041
424,Reference,1.1820148858333202,0.6727710680156065
425,Reference,1.1112644873329058,0.6854979201375215
426,Reference,1.0536773792996406,0.4743568076269184
427,Reference,1.4480830837163865,0.8741903555469719
428,Reference,1.3384887313458609,0.685951028330237
429,Reference,0.7449753175907347,0.3502402655632792
430,Reference,0.9643196114027864,0.4318496688020161
431,Reference,1.2305838520150256,0.590662098523481
432,Reference,0.7497518928859896,0.2527926904257569
433,Reference,1.283667415940522,0.503023756870391
434,Reference,1.264197574940616,0.800516319014065
435,Reference,1.277861969829701,0.5828847251075757
436,Reference,1.16954338770375,0.4884938798823697
437,Reference,0.7234682258250189,0.5349481017322546
438,Reference,0.5631828558481482,0.2370219138873821
439,Reference,0.6556570800627982,0.4060883909063975
440,Reference,1.1877101390341551,0.6495458061189225
441,Reference,0.5075233461819896,0.3387028942787609
442,Reference,0.7929644416467989,0.2801379411605964
443,Reference,0.907611917330125,0.4866077216584017
444,Reference,1.1761397896339651,0.4889809868925994
445,Reference,1.2965413616194312,0.6289154002985669
446,Reference,0.8710968162031603,0.3874816719658085
447,Reference,1.271203547595535,0.5116069702640687
448,Reference,0.5850750738056436,0.2139475959788299
449,Reference,1.0928898017447222,0.5480356191146853
450,Reference,0.6470918273581179,0.2541436851078629
451,Reference,1.451638014036564,1.0312982746562511
452,Reference,1.3666235381349592,0.7162656783154517
453,Reference,0.6136778339828619,0.3374853739377386
454,Reference,1.0687544457438256,0.4644374148458468
455,Reference,1.0126363010228103,0.5828268984454184
456,Reference,0.7565794873409962,0.3192955522049985
457,Reference,0.7431291771186811,0.38316728627548
458,Reference,0.6869284012694167,0.3412845258989847
459,Reference,0.6705814318054407,0.3130797516589183
460,Reference,0.5244883715643358,0.3141891578917111
461,Reference,1.0233949187299474,0.3861620562608436
462,Reference,0.8955817260732122,0.515391610150786
463,Reference,1.0942159549589223,0.5970154293905239
464,Reference,0.5114204148175584,0.1935267695342091
465,Reference,0.5607679799380179,0.3989574330940399
466,Reference,1.120915245942833,0.6369671150552989
467,Reference,1.384751055307338,0.5136210610980214
468,Reference,1.273940551344575,0.5238455507995354
469,Reference,0.6068553345242926,0.4294626882837278
470,Reference,0.5299877003534627,0.2539836276959377
471,Reference,0.5675917993231792,0.3162032961616177
472,Reference,0.8542186557667577,0.3758978761848368
473,Reference,1.152611094621581,0.7799922560838297
474,Reference,1.4441651921384846,0.804035746149026
475,Reference,0.6873812602435537,0.4578968996757737
476,Reference,1.2049706056298275,0.4495761091984604
477,Reference,0.8864295877403048,0.3339144489121182
478,Reference,1.165375668931647,0.564526311768148
479,Reference,1.4771357187242824,0.5301683050519017
480,Reference,1.2319518072779458,0.4894062508213039
481,Reference,0.7630944015461014,0.3731378434740833
482,Reference,0.5474889036476542,0.2140864520740066
483,Reference,1.4525487481309027,0.5935668921785293
484,Reference,0.5224610192159539,0.2443439552407795
485,Reference,1.2530242149977,0.9438079942998172
486,Reference,1.3850087752336888,0.6801195322515241
487,Reference,1.1840379224141273,0.5043477699352934
488,Reference,1.380712851610873,0.6665646806794427
489,Reference,1.141931219279537,0.5314669718335097
490,Reference,0.6290151495962542,0.3527564919523911
491,Reference,1.0074868308744933,0.7287199868877536
492,Reference,1.2129302705785188,0.5756770936871192
493,Reference,1.2193914530561625,0.7341772855717608
494,Reference,1.1135951964812567,0.6916405709715576
495,Reference,0.6905807822092034,0.3340475112905992
496,Reference,0.575015564714679,0.2442741437009417
497,Reference,1.3396864530979535,0.5971126565577123
498,Reference,1.0800933123818823,0.4898275245571852
499,Reference,0.5848184396245686,0.2773886902050648
500,Reference,1.2466683334773394,0.435479072378925
501,Reference,0.5784287677763494,0.3027724915095149
502,Reference,1.4324038270355397,0.8254356405111878
503,Reference,1.3914593039220535,0.5663217437206356
504,Reference,0.9259024838053856,0.5147833405987399
505,Reference,0.7012307915328343,0.2951050269495567
506,Reference,1.3739121977592617,0.6500916783922719
507,Reference,1.2235610200927771,0.5520505710483405
508,Reference,1.303772767396567,0.5221541537340926
509,Reference,0.7186782976567975,0.4484987517631111
510,Reference,1.0242499148038235,0.4953019121521294
511,Reference,0.5333464348595658,0.2805111455047253
512,Reference,0.8214811799630272,0.3544387147513745
513,Reference,0.8327878484431719,0.4064541170549205
514,Reference,0.5484745154002068,0.2095509962288666
515,Reference,1.2985137629162695,0.5031044675861267
516,Reference,1.3626843374075588,0.8854823238905283
517,Reference,0.5010668702574586,0.2271685807591126
518,Reference,1.4282708274163274,0.7801273177869348
519,Reference,1.0527724498162687,0.5644269782567051
520,Reference,1.2806530834024814,0.5058206571431043
521,Reference,1.3560060549161426,0.6200130416390124
522,Reference,0.5644027145692644,0.235721724443259
523,Reference,1.1567784664857883,0.4070430401861671
524,Reference,0.8606395267663915,0.5109522339313628
525,Reference,1.223640445741764,0.7696482706839447
526,Reference,0.8789450151187501,0.376321185923679
527,Reference,1.4790543418506328,1.0133405395706632
528,Reference,0.9331617287217108,0.4433847862668472
529,Reference,1.057409074817741,0.532276087822197
530,Reference,1.361007286066653,0.8684117470465367
531,Reference,1.491010257026076,0.6285745599989383
532,Reference,0.5240641732712196,0.2028999934004929
533,Reference,0.8620694608151549,0.3668856061437893
534,Reference,1.4421103542149225,0.8334273275095256
535,Reference,1.017333455262755,0.6036791992723352
536,Reference,0.5673102998153079,0.1915453991289553
537,Reference,1.4377612074084505,0.570529959274495
538,Reference,0.5947808326285872,0.4079420459833187
539,Reference,0.8893867203046041,0.4886198605381082
540,Reference,1.4483287797288216,0.7053927115271819
541,Reference,1.1040797559166924,0.6253987430125676
542,Reference,1.0272467626451809,0.4729870434034353
543,Reference,0.7050456864672915,0.2913881331634798
544,Reference,0.9013285661795276,0.5600515594791489
545,Reference,0.7722359183941476,0.4338593837188114
546,Reference,1.325957128736276,0.7595955218534982
547,Reference,1.2022688436488669,0.6626143668508888
548,Reference,0.7844885828260497,0.3566830271324832
549,Reference,1.0627848907404336,0.4930025528391297
550,Reference,0.6034250243925716,0.3478933283331926
551,Reference,0.7728018183898299,0.3735542073391116
552,Reference,0.7817494314553589,0.3373226124436073
553,Reference,1.2513002897599577,0.5503801972509166
554,Reference,0.5480211531668626,0.1742570355754544
555,Reference,0.9430427917488836,0.4308135466443588
556,Reference,0.6431485771282477,0.3774054255685755
557,Reference,1.1443230737570982,0.7054406075301642
558,Reference,0.9784440943214476,0.3891636004283896
559,Reference,1.233194733212981,0.6293612344833832
560,Reference,1.052434961921285,0.3627102191438496
561,Reference,1.4604174223638529,0.6882064755488386
562,Reference,0.8649664220250914,0.4210494114741294
563,Reference,0.6862279337838234,0.3366727270964489
564,Reference,0.5002456562410903,0.1912618620994415
565,Reference,0.9543490968418598,0.410486251082105
566,Reference,0.770440022836725,0.3740153249995614
567,Reference,1.1733864301308703,0.660787203427617
568,Reference,0.8369839146668132,0.2969874799627519
569,Reference,0.8538521489016548,0.3267884234109317
570,Reference,1.2181563011953844,0.4870554126131736
571,Reference,0.701940775474876,0.2607554042661704
572,Reference,0.6228440005227678,0.1970785759755919
573,Reference,1.14951048054302,0.5445659638796627
574,Reference,1.2449438315524817,0.5086727060469514
575,Reference,0.5223502104131809,0.2960242655010461
576,Reference,1.4799313614746676,1.0764830998108437
577,Reference,0.859439584243309,0.3152755605820303
578,Reference,0.6452380792434647,0.3409802246919682
579,Reference,1.493210848631927,0.6819725258330465
580,Reference,0.9839804755112692,0.4019218999517306
581,Reference,1.1804938899897488,0.5432221971393005
582,Reference,1.4699061657196455,0.5147543440468496
583,Reference,0.9634976682038846,0.5758315654314998
584,Reference,1.4779659252833928,0.7468320545304721
585,Reference,0.5816274816961124,0.3158786241813374
586,Reference,0.545645333986887,0.3064862677357922
587,Reference,1.4404767438448105,0.8329550507870636
588,Reference,0.970707128628195,0.6570474156873161
589,Reference,0.8562301833261325,0.3620664987806918
590,Reference,1.443711555154955,0.6594361820627626
591,Reference,0.5158362479143748,0.2373763603035854
592,Reference,0.734555450177166,0.3271130126600567
593,Reference,1.002143442145019,0.5589282642646367
594,Reference,0.6515808461371156,0.3772847197708344
595,Reference,1.2465181045689022,0.7231289919592001
596,Reference,0.981083592225531,0.361144299745689
597,Reference,0.6150235133375885,0.2355247024951481
598,Reference,1.476381184470282,0.6843728641922269
599,Reference,1.2569656105790243,0.7573257330576695
600,Reference,1.1530319862043248,0.4692248241780703
601,Reference,1.4635318408056253,0.5167288604968121
602,Reference,0.6542063323763498,0.2712721514436467
603,Reference,1.336729444951037,0.8557279172552228
604,Reference,0.6059253275915011,0.3378737580369844
605,Reference,1.211009869303675,0.4880564970872569
606,Reference,0.531072856618045,0.2365938721151508
607,Reference,1.25032716075297,0.4824373007176916
608,Reference,1.3614724109177525,0.8158322658662485
609,Reference,1.2389329535726656,0.4954508904830703
610,Reference,1.4193979310094471,0.7666658919113161
611,Reference,1.078977710229251,0.4571422264242812
612,Reference,0.6368622358871205,0.3135948298137592
613,Reference,1.3047275107532084,0.7500741079372233
614,Reference,1.4666475888841837,0.7414183629454953
615,Reference,0.965869713105451,0.5031941684581369
616,Reference,0.7770178015529109,0.3921978976435341
617,Reference,1.3702277207823406,0.8773583852346007
618,Reference,1.1913063236789094,0.6825787580407763
619,Reference,0.8207191297855927,0.4753960817122333
620,Reference,1.407894230101956,0.4974616023736615
621,Reference,0.6408591583056729,0.3291882443351781
622,Reference,0.7055819957196996,0.4478248328748293
623,Reference,0.7710512365989857,0.3050403553252607
624,Reference,1.3483472831183925,0.4790201625639838
625,Reference,1.4174786732522386,0.5428965331139608
626,Reference,0.5152862639534699,0.3271759793924076
627,Reference,1.3579090997820362,0.7613898593622821
628,Reference,0.8137752636271849,0.5040790212698738
629,Reference,1.4149280288762287,0.518148178147527
630,Reference,1.1630436831532591,0.8380183936539538
631,Reference,0.6573438377254952,0.3059618446146501
632,Reference,1.4532705066085398,0.9103531339762868
633,Reference,1.396014993318359,0.5793469900386725
634,Reference,1.4844612961197998,0.6052075502697534
635,Reference,0.6585084417486053,0.4061162171597914
636,Reference,1.242566482373043,0.4750416458324338
637,Reference,0.8828671489230111,0.5849333246174382
638,Reference,1.302623437626954,0.5088566026756354
639,Reference,1.4264586556831484,0.6789536146561943
640,Reference,1.0852167339815848,0.5125422825769306
641,Reference,1.2084621331144527,0.5287881622770811
642,Reference,1.2480862320611656,0.4398261426395891
643,Reference,1.34605435141992,0.7202747599669266
644,Reference,1.390628699392483,0.5324837262748048
645,Reference,0.9138687902520712,0.4570775690191482
646,Reference,0.9069390235626166,0.4242517186536929
647,Reference,1.4543590090958376,0.6743098829580418
648,Reference,1.3481414271009162,0.6149909151246646
649,Reference,0.8511722342489532,0.3217039814182314
650,Reference,0.863998606295572,0.390195179096878
651,Reference,0.7659939553915326,0.3073156425275982
652,Reference,0.6915451153604004,0.3754561437030617
653,Reference,0.8837021146041731,0.3176994518612943
654,Reference,1.4169169406222144,0.8095374382016587
655,Reference,1.4519097480377776,0.7333501687723611
656,Reference,0.9878355812680414,0.6859534901837065
657,Reference,0.5753151331703232,0.2559149580095905
658,Reference,0.6336781524845899,0.305150728399937
659,Reference,1.2921949054153647,0.4261461264515702
660,Reference,0.894415119886972,0.3376204372942908
661,Reference,1.4979939327165996,0.6403499484451629
662,Reference,1.3002997984573597,0.5446521072921513
663,Reference,0.7296560912264761,0.2780370559348029
664,Reference,1.084739619376124,0.4358592724292123
665,Reference,0.7569416936440541,0.400797813541125
666,Reference,1.4867406187725896,0.7860380140818961
667,Reference,0.6617808890520982,0.4177087286815606
668,Reference,1.2421842492739126,0.5947030726750882
669,Reference,1.3768936232555535,0.6385474331242591
670,Reference,0.918513921840416,0.3792650877593644
671,Reference,0.9796368322943496,0.5843542807883608
672,Reference,0.5421864744934268,0.2041835710126314
673,Reference,1.0837533407851745,0.5957724731571119
674,Reference,0.8267023277448948,0.3933643782603155
675,Reference,1.032930393284848,0.4923441331940665
676,Reference,1.0607148583124677,0.7217374405708341
677,Reference,0.7095267444144748,0.3259174736456884
678,Reference,1.166329057098906,0.4652968630038714
679,Reference,0.6087048348310978,0.3134471656933471
680,Reference,0.7413064321743528,0.5081892976335354
681,Reference,1.2914938065821784,0.9391620828301654
682,Reference,0.969569184409538,0.4756122673736627
683,Reference,0.5177237739395508,0.340941205366839
684,Reference,0.9724481931567052,0.5425150429683043
685,Reference,1.425021459392172,1.053901413735332
686,Reference,1.148592937265267,0.7294531447402335
687,Reference,1.278689559021959,0.8412243787307148
688,Reference,1.005376010066084,0.4561306118668256
689,Reference,1.0432463409446604,0.5452108092560337
690,Reference,0.516331465308348,0.3088357924763585
691,Reference,0.5270228702241263,0.2241375245613284
692,Reference,1.4313153118285142,0.7298077199170052
693,Reference,0.8257483502790297,0.2647780815460976
694,Reference,1.422349559286857,0.561723288378289
695,Reference,0.8731781163663874,0.3864645834482942
696,Reference,0.9063792762673326,0.4167764665265139
697,Reference,1.0190155471602913,0.4876528693506827
698,Reference,0.8782727214670155,0.342900772158984
699,Reference,0.6093080278312639,0.3871488056030117
700,Reference,0.7293942075249615,0.3850858943966599
701,Reference,1.35230422347349,0.6381567101091434
702,Reference,0.790942358438161,0.3217664469655545
703,Reference,0.8083467593075131,0.2798380673565148
704,Reference,1.2936568669332231,0.4707458154931032
705,Reference,0.942356207855182,0.5980024645116373
706,Reference,1.042342790573021,0.5981249438870861
707,Reference,0.9762413784133452,0.6817797512335915
708,Reference,0.5941964119231151,0.2611137235581466
709,Reference,0.6351631205703872,0.3026857918716743
710,Reference,0.872896114639424,0.5468973245431101
711,Reference,1.332431099057259,0.484166163299065
712,Reference,1.267340370786557,0.6740166039865017
713,Reference,0.5284155290690753,0.1629028155194163
714,Reference,1.0386183238716329,0.7024997018271222
715,Reference,1.332691135122296,0.6482037196098673
716,Reference,1.230025667887956,0.6835238629990386
717,Reference,0.9485987068803406,0.4432093616965602
718,Reference,1.119612725006987,0.6484257730295013
719,Reference,0.8408488446605638,0.2827642951133029
720,Reference,0.8658280301276493,0.5075068291310174
721,Reference,0.6260244604671197,0.1982765867154263
722,Reference,0.5622071880276905,0.3025988932707335
723,Reference,1.1769325300359592,0.6679074282268829
724,Reference,0.6316845834561533,0.2266070742124526
725,Reference,0.8445551801502957,0.4046362728967807
726,Reference,1.3279826695216386,0.5671282501044033
727,Reference,0.5508982751869731,0.3308092691023176
728,Reference,0.7573501263807663,0.3008759975964423
729,Reference,1.1189033517813316,0.4249625021207066
730,Reference,1.4308152849854303,0.4909901477815168
731,Reference,1.161008077623834,0.4301714009948085
732,Reference,1.3269031659582078,0.5016790437603191
733,Reference,1.1885907721857825,0.7406712927978418
734,Reference,1.0471221004201543,0.4465453650188777
735,Reference,0.7869051826100876,0.3472212136095578
736,Reference,0.8172679749141305,0.4372327417598711
737,Reference,0.5998505100970095,0.1715833636619557
738,Reference,1.4491902059199635,0.7448759711558921
739,Reference,0.8814190815798308,0.4198460686936016
740,Reference,0.8272568726407832,0.3626333200574336
741,Reference,0.7337742711977187,0.3896651324086662
742,Reference,0.936312239575254,0.4302775327411723
743,Reference,0.610057087827436,0.2617209065709289
744,Reference,1.3295805097214983,0.5523794109831641
745,Reference,0.8048638906292387,0.4654572501836469
746,Reference,1.4836297962091376,1.0790769804891625
747,Reference,1.2019818704229737,0.534685944343849
748,Reference,0.5581942839999738,0.2316784112191356
749,Reference,0.9570745600765492,0.4128690268364181
750,Reference,0.938121416318238,0.3352916554464826
751,Reference,0.927077868397455,0.354912566805325
752,Reference,0.904788329070377,0.4343934340450914
753,Reference,1.118489424673552,0.5728963046029776
754,Reference,0.8278273412467899,0.4500477420724991
755,Reference,0.5923006226959655,0.2278991313474634
756,Reference,1.3854534642690792,0.5459339105625389
757,Reference,0.9912473471178792,0.5248042238323904
758,Reference,0.9274536452274704,0.3954253604457491
759,Reference,0.9750855888301138,0.525296874953213
760,Reference,1.1124581438259402,0.5773561636277975
761,Reference,1.4694190994459753,0.7895889589143508
762,Reference,1.0101351909678078,0.4216293912208328
763,Reference,0.5107970025135509,0.1794590062114487
764,Reference,0.9940305119026948,0.3869128740506227
765,Reference,1.1584811409784657,0.4427791176076141
766,Reference,1.416320702776274,0.5820258327133985
767,Reference,1.0339566724428968,0.4455104241449561
768,Reference,1.3642599921105136,0.7570558526249442
769,Reference,1.3073155338852809,0.5296777615292427
770,Reference,1.1232195269970493,0.485671276907496
771,Reference,1.4654113501113946,0.6952102031970355
772,Reference,0.7774098921505632,0.3089004296321462
773,Reference,1.140612099621313,0.7130727446655101
774,Reference,1.378995738314773,0.6786112105185396
775,Reference,1.0164134265483238,0.7172910747050736
776,Reference,0.7356102549412982,0.3804566395316087
777,Reference,0.6894572290167749,0.3235554391108337
778,Reference,1.0045661825579857,0.565442230561132
779,Reference,1.2399711288041295,0.5763733003161207
780,Reference,1.0960638979953965,0.5795551310264102
781,Reference,1.312080550866515,0.6005923747735835
782,Reference,1.2567606259447208,0.6326812833272726
783,Reference,1.4643538252756731,0.8323249620681281
784,Reference,0.9663278855136164,0.4529190404046375
785,Reference,1.2206390682313937,0.4583596913675762
786,Reference,0.9415864724543792,0.3849291422962437
787,Reference,0.7985918020417551,0.3136365986112892
788,Reference,0.6104047966325192,0.4129170959172938
789,Reference,1.4644523423435976,0.6853636706062787
790,Reference,0.8315747249845091,0.4753777372622494
791,Reference,1.0591132050292418,0.4744293282162886
792,Reference,1.214460981251082,0.4947519302848207
793,Reference,0.8104744405405492,0.4916080794379525
794,Reference,1.4686092678697131,0.4859255964637299
795,Reference,1.0091037544120214,0.5342842255130478
796,Reference,0.71413564105662,0.2827971154038735
797,Reference,1.057762440467311,0.7565428618353138
798,Reference,1.1446332175021143,0.3954589393916876
799,Reference,0.6748738891087898,0.2650518541475222
800,Reference,0.8927088420764535,0.5966412148438991
801,Reference,1.0679654474524716,0.5466030018362744
802,Reference,0.9321999878071489,0.4280444431481101
803,Reference,0.721005478717254,0.4157615718751657
804,Reference,0.9832280486943562,0.4147866190291438
805,Reference,0.9579551837758143,0.4041752000824061
806,Reference,1.4594847160771396,0.6341404914740423
807,Reference,1.2230556537848942,0.4955986156553251
808,Reference,1.4942121344095844,0.6627437330417223
809,Reference,0.7849033495287545,0.4096001200751402
810,Reference,1.377514298287846,0.6656937685930018
811,Reference,0.865701131687391,0.5392435509026541
812,Reference,1.1092009499307394,0.4398228612899117
813,Reference,1.2176525040630977,0.7405082620219474
814,Reference,0.6877648763178879,0.296710530536437
815,Reference,1.366840888311806,0.6018240258484582
816,Reference,1.4212354158496885,0.8672130858111871
817,Reference,0.5514174225193185,0.2858378612346328
818,Reference,1.0642227858880902,0.501819957339535
819,Reference,0.6662939795087602,0.2997615093123897
820,Reference,0.8236495076099193,0.3454153670471953
821,Reference,0.8429316206150311,0.3691236675736533
822,Reference,0.989475859517122,0.5745381763629922
823,Reference,0.668142277144495,0.2849605697362989
824,Reference,1.414053300719555,0.6699154897726771
825,Reference,0.9655992946704576,0.4214573239771937
826,Reference,1.471021592021446,0.7238270183613054
827,Reference,0.5351727005393763,0.2429422705016577
828,Reference,1.1348202991562484,0.654237683604137
829,Reference,1.176543315784485,0.6374654218213607
830,Reference,0.7378069223362907,0.4634144831180009
831,Reference,1.0120048526831855,0.5355794223607688
832,Reference,0.8880350811693597,0.4341707356281148
833,Reference,1.2311209664459604,0.7074627736555641
834,Reference,0.5451489223076195,0.2082334731011172
835,Reference,1.0478743169562912,0.5468861019947582
836,Reference,1.3493133021434731,0.8418431948877299
837,Reference,1.2253606682544524,0.7082814730196674
838,Reference,1.2139089543300452,0.579092781469825
839,Reference,0.8964289104801592,0.4990865591405651
840,Reference,1.099980181043452,0.3774725389400117
841,Reference,0.6027064181449149,0.2378750602816381
842,Reference,1.3794205322468696,0.971640772355272
843,Reference,0.8189095772869085,0.3393045412923285
844,Reference,0.7438029254537352,0.4834225321168333
845,Reference,1.405887273128437,1.029463050552522
846,Reference,1.3273319687768876,0.4704061945044486
847,Reference,1.0459534193089053,0.5608871955660959
848,Reference,0.9632103490695852,0.7071576673503159
849,Reference,1.4287166756826268,0.5051867808452783
850,Reference,0.9164805401722008,0.3501997485263572
851,Reference,0.8467095916038492,0.4051750134194094
852,Reference,1.2440294725379386,0.4989768541749839
853,Reference,1.3207381342662434,0.6147293537329546
854,Reference,1.0067068459065704,0.4298848769929009
855,Reference,0.7350807409466339,0.3126168906376847
856,Reference,1.0603284400247133,0.4671023212181353
857,Reference,0.7815257976730734,0.4348631907996889
858,Reference,1.1408484499606086,0.7083120702684766
859,Reference,0.5973011859582247,0.3096564759237807
860,Reference,1.3536528695062349,0.6769747683313341
861,Reference,0.7539568392745503,0.3635416956117083
862,Reference,0.904685222686521,0.5605214376926
863,Reference,1.235866355924481,0.6342108965835251
864,Reference,0.5982401432921756,0.1985833646427437
865,Reference,0.7301154413044563,0.3483718681636816
866,Reference,0.8900248601548608,0.5344737060446647
867,Reference,0.6436007035303595,0.2960212128232768
868,Reference,0.6284190053078286,0.3337638235294875
869,Reference,0.5813133635753442,0.3018051733320703
870,Reference,1.4115247245195004,0.7730329596767547
871,Reference,0.9966743074046572,0.4826509082298855
872,Reference,1.3125494781184566,0.4531946627193832
873,Reference,0.8819299398841243,0.5206718099142336
874,Reference,0.7960031704965322,0.3977508390078554
875,Reference,0.541747022919894,0.3357976254721535
876,Reference,1.3061134637114016,0.6645216976538819
877,Reference,1.38925003015424,0.7655593429155658
878,Reference,1.0714783469327158,0.5503521848623052
879,Reference,0.8153552613373469,0.3123499768641551
880,Reference,1.3416044014000574,0.6881278854868498
881,Reference,1.0284393727763217,0.4644653306596353
882,Reference,0.6458352971334593,0.2461053523315968
883,Reference,1.0782049687581077,0.7300267076726499
884,Reference,1.037302026507998,0.4733217255386108
885,Reference,1.2184101465776067,0.5022520080171091
886,Reference,0.8065220850718735,0.3584102339019921
887,Reference,1.3867175919073145,0.7061896233467166
888,Reference,1.0408909741037726,0.4214526537669769
889,Reference,1.039562577061695,0.6311230886606012
890,Reference,1.3020941768045082,0.7144431309581023
891,Reference,1.0405180976614468,0.5989471268925541
892,Reference,0.5139520228269086,0.2775420042625711
893,Reference,1.2840408148013285,0.5478647112096411
894,Reference,0.96837668809861,0.4481343044826786
895,Reference,0.961700888044466,0.419727535399673
896,Reference,1.020776119263979,0.3205010795356529
897,Reference,0.7151627943975712,0.258050112417628
898,Reference,0.6818328199836753,0.3984215549090208
899,Reference,0.8668587756491712,0.5616953827771738
900,Reference,0.5281360232445728,0.3039960859279205
901,Reference,1.132224803559137,0.6840057232223984
902,Reference,1.0217606061048945,0.4447691090805108
903,Reference,1.1993556251453026,0.7622839243758364
904,Reference,1.489151438552336,1.0533681644552644
905,Reference,0.7487207997192258,0.3143546380474546
906,Reference,0.5821302573970788,0.2839881261566219
907,Reference,0.5098061645352504,0.161918545064573
908,Reference,1.392025659679752,0.5319178829390836
909,Reference,0.8576944905688811,0.4246382752590563
910,Reference,0.9211651586675028,0.5615382994488556
911,Reference,0.711963587121817,0.3612623374662291
912,Reference,0.5596374190553349,0.2371600095065105
913,Reference,1.2128377375421264,0.6304361485772034
914,Reference,1.4154948389404989,0.709942770739687
915,Reference,1.2551411045582976,0.7342519140043606
916,Reference,1.1581933344877442,0.6211926752052364
917,Reference,1.254796192537566,0.5422006441309861
918,Reference,0.7465409713139214,0.2850094096683691
919,Reference,0.649036817737624,0.2601224581012786
920,Reference,1.1202885854758555,0.4439044842282982
921,Reference,0.6737002029707491,0.2687193328311323
922,Reference,1.136934749032127,0.609781247072192
923,Reference,0.9094173197928948,0.5221068009478103
924,Reference,0.8395251548031607,0.3316031492226088
925,Reference,1.1643611418207391,0.4980892098018898
926,Reference,0.9768690221467772,0.4556600929034715
927,Reference,1.137466092670663,0.728291529954987
928,Reference,0.8323168361206443,0.4844697865964491
929,Reference,0.6232486770230837,0.3608596051091339
930,Reference,1.3943269461416663,0.6147270831081499
931,Reference,1.458793250149574,0.5850113961580661
932,Reference,0.8984601200656088,0.3351545729667293
933,Reference,1.3841607478405171,0.5366257126139402
934,Reference,0.9774952280393876,0.5761628166881252
935,Reference,1.3752400497396016,0.7680015025220825
936,Reference,1.3148111348848808,0.63994023534012
937,Reference,1.1414227164875317,0.6783043916338016
938,Reference,1.3817229523907493,0.569540772108752
939,Reference,0.9933685287150922,0.338625113497784
940,Reference,1.1557649627198463,0.5769310959513803
941,Reference,0.9396123884736604,0.4085522943295956
942,Reference,0.8787719153878069,0.3974479766818888
943,Reference,1.3550339891249918,0.5170389997344529
944,Reference,1.4784970235922816,0.6504722392329114
945,Reference,1.0176988236649986,0.5567252446256674
946,Reference,0.5061508186104177,0.2388684282342552
947,Reference,0.5855926830374667,0.1913431940005878
948,Reference,1.3660000680094688,0.810018499324741
949,Reference,0.6633237108040358,0.3634477732143821
950,Reference,0.95169673392544,0.4303145818179956
951,Reference,1.459306373756303,0.6332492055960586
952,Reference,0.6893498753373366,0.4689433555795403
953,Reference,1.296290573963286,0.8563834351672313
954,Reference,1.4882444734083573,0.6888078138652105
955,Reference,1.16586263242225,0.619484999900763
956,Reference,0.9246550945672072,0.5994062937762976
957,Reference,1.0811162278168829,0.6916617598625976
958,Reference,0.7741864220711939,0.3184927135529989
959,Reference,0.5668160776081432,0.2939476351762735
960,Reference,0.7967254099209029,0.3178440487180936
961,Reference,0.5791761991002139,0.2434534212791348
962,Reference,0.7028893856932876,0.4871969148506707
963,Reference,0.7197459015549317,0.2927206373218851
964,Reference,0.6595143737436588,0.3566988948142509
965,Reference,0.6774856545618546,0.275546452837041
966,Reference,0.5460175123047472,0.2912436167046266
967,Reference,1.401621178116871,0.8254638916036754
968,Reference,0.6121549590234232,0.3035480485820088
969,Reference,0.8193858720690803,0.5743411881993978
970,Reference,0.5645313197327431,0.3831015636641695
971,Reference,1.393402956096573,0.5733240799306003
972,Reference,1.3360149179587832,0.6302687125576796
973,Reference,1.351806120753496,0.8106529842383452
974,Reference,1.0711418046205798,0.6844357769754197
975,Reference,1.1008253111645652,0.5236878707108019
976,Reference,1.4277690296967562,0.7573339475843994
977,Reference,1.0796277320003884,0.5046586244612428
978,Reference,1.0622679010538656,0.5137816150247261
979,Reference,0.9584189664178502,0.4423975576185768
980,Reference,1.2638031061825314,0.4982646352156763
981,Reference,0.6882684595124505,0.2816440562763844
982,Reference,1.3544401856568378,0.5773764577296845
983,Reference,0.6857764313762365,0.3214182710738384
984,Reference,0.5344299942270103,0.2019721635603346
985,Reference,1.3008759776951566,0.5363520597010307
986,Reference,0.5428930832688768,0.1710593828753488
987,Reference,1.1100689335462757,0.5023105413994529
988,Reference,0.8179184836140676,0.3756911523236681
989,Reference,1.055026428338111,0.7220979208851617
990,Reference,0.6007174665505493,0.3109535113363364
991,Reference,0.7684260296983402,0.2506093073368944
992,Reference,1.4029262680859036,0.6789903584304398
993,Reference,0.577324994902674,0.2670400036831211
994,Reference,0.7641637708057711,0.5090999679710535
995,Reference,1.0985804909814472,0.6085175259923119
996,Reference,1.419598206405893,0.5378185028026223
997,Reference,1.309826754795869,0.6239101912678962
998,Reference,0.7051535962867049,0.235946215704601
999,Reference,0.9088242821538568,0.3670968854904046
1000,Reference,0.9177591981645062,0.3825747859417134
1001,Reference,1.4704110001508868,0.630895033485487
1002,Reference,1.0720293351603338,0.4764259906765744
1003,Reference,0.921800492488486,0.5286405486959751
1004,Reference,0.8212867304201841,0.5343712379948045
1005,Reference,1.1513885056098698,0.5531047697123626
1006,Reference,0.9787778762174272,0.6706175235742364
1007,Reference,0.5760913956077256,0.2454833298541885
1008,Reference,0.7074910591505345,0.4578250625304605
1009,Reference,1.2241519675362036,0.5837961336756621
1010,Reference,0.6318816587884147,0.2658072112526497
1011,Reference,0.9790764482520888,0.5699739645338866
1012,Reference,0.6926593329384745,0.3498805801396045
1013,Reference,0.6596974442834656,0.3890995592173496
1014,Reference,0.5216082198882614,0.2629454691872581
1015,Reference,0.635867509772994,0.1938615077335512
1016,Reference,1.402135479848143,0.7460381704061092
1017,Reference,0.7377146714220402,0.3486416999068495
1018,Reference,1.106512867980331,0.6275936092504395
1019,Reference,0.7205852605059793,0.3417706187281837
1020,Reference,0.6753360919484889,0.2574571105422194
1021,Reference,0.8186527463910129,0.342544934460868
1022,Reference,1.1706336521771972,0.4184055592452296
1023,Reference,1.3370103887706386,0.7134866622777594
1024,Reference,1.1956383115703364,0.6252029995700781
1025,Reference,0.8332669764556582,0.3452079495227309
1026,Reference,1.4203606770626602,0.8388195870441564
1027,Reference,0.5320251582572038,0.2681273476776127
1028,Reference,1.3921251683452878,0.8320237265586172
1029,Reference,0.7665230909763695,0.3390523406314543
1030,Reference,1.1926564297578337,0.6165127393854846
1031,Reference,0.8029543659621665,0.5102896640972148
1032,Reference,0.8416162165005728,0.4438131824268225
1033,Reference,0.5350262156653933,0.3366518403848246
1034,Reference,1.4027772568871697,0.7494240475280378
1035,Reference,0.7368524371285885,0.3316150513374225
1036,Reference,0.9815769128942292,0.6278717433199859
1037,Reference,1.281158270751782,0.4981696177080437
1038,Reference,0.9286775314531368,0.5340737739278012
1039,Reference,0.6266863515522024,0.225897678419507
1040,Reference,0.6073698228012024,0.3341893907782634
1041,Reference,0.96267659953846,0.521772499163049
1042,Reference,0.9593021670439692,0.444104507549909
1043,Reference,0.6788977103335304,0.2950970483976078
1044,Reference,1.330046941067911,0.6240329207781059
1045,Reference,1.216465728034131,0.4956780070248499
1046,Reference,0.7517324283771805,0.2646886936113262
1047,Reference,0.7651033986403686,0.4420488239343854
1048,Reference,1.4953473818850296,0.6907570949863242
1049,Reference,0.721470401945722,0.3156302237056252
1050,Reference,0.8910514850906996,0.3896602161979601
1051,Reference,1.4964336413855055,0.5571008939275544
1052,Reference,0.8931237752649238,0.6067860800217773
1053,Reference,0.9108486946523264,0.3827524813754763
1054,Reference,1.4039572048390765,0.7318805943278903
1055,Reference,1.1145352557146628,0.4809953212365627
1056,Reference,1.2667790370275944,0.4877641130611323
1057,Reference,0.8011531503936156,0.5021588754665203
1058,Reference,0.5134675071765608,0.3279463846517814
1059,Reference,1.35977690136742,0.7749570765907094
1060,Reference,0.8506414098527643,0.42005321313151
1061,Reference,1.2346341046594675,0.6370412303220832
1062,Reference,1.0979961726165053,0.5607234514195198
1063,Reference,0.7107273613061141,0.5260807612769156
1064,Reference,0.5786632107473615,0.2495924112452527
1065,Reference,0.6973575124667021,0.3819931510660197
1066,Reference,1.3686398838629628,0.6532199100048075
1067,Reference,1.3154287396133972,0.676559938957638
1068,Reference,1.474543358813969,0.6278079997690043
1069,Reference,1.0690717177654765,0.4659878388471128
1070,Reference,1.007032834125976,0.5416009081371698
1071,Reference,0.935082933619808,0.4676271464224726
1072,Reference,0.8952630938162914,0.3378916701740309
1073,Reference,1.101415588442486,0.5730492351370344
1074,Reference,1.3994692991746052,0.6947954201127544
1075,Reference,1.3638999392997828,0.6983361486735191
1076,Reference,1.3307895638399825,0.804865736440803
1077,Reference,0.9472185851490073,0.4125924429127536
1078,Reference,0.9125077729257176,0.4675584658871798
1079,Reference,1.4966244778754567,0.7264760603058704
1080,Reference,0.5575158223339118,0.2627916564850991
1081,Reference,1.382953437068623,0.8000618084050473
1082,Reference,1.430172476008655,0.7376053492556167
1083,Reference,1.2850057915450428,0.7954333282825417
1084,Reference,1.224705574140707,0.4275295669245764
1085,Reference,0.7764186075877197,0.4400863276415094
1086,Reference,1.0153910508126582,0.6502903359039465
1087,Reference,1.2801277744860506,0.4502560455496507
1088,Reference,1.3044094180618635,0.8242924742393427
1089,Reference,1.1431390490485565,0.4981919160314021
1090,Reference,1.215178739091268,0.5451643741303371
1091,Reference,0.5567706217229584,0.2306315151107192
1092,Reference,1.061059046529146,0.6381363021851314
1093,Reference,1.313472167427128,0.5942189155619815
1094,Reference,0.6144352873800726,0.4176103530215158
1095,Reference,1.1166990811718307,0.4199514808826308
1096,Reference,0.7737942002784867,0.3529814235062645
1097,Reference,0.5326692457279023,0.210682892504888
1098,Reference,0.5744654369679159,0.2382752994443748
1099,Reference,0.985898763349213,0.4985366704637641
1100,Reference,0.9006868071931329,0.6346543323003573
1101,Reference,0.8303355528784531,0.3101751803123065
1102,Reference,1.0018663820903717,0.487383764385612
1103,Reference,1.0362122008836492,0.6092157690806204
1104,Reference,1.4466619424183853,0.6281996661859353
1105,Reference,0.913418532095472,0.4001314129401976
1106,Reference,1.408439772402819,0.7481811235884805
1107,Reference,0.8338724330898095,0.3589451318620504
1108,Reference,0.624195390579661,0.3808656937791355
1109,Reference,0.667067435301239,0.3413423239123148
1110,Reference,0.9267009645465196,0.3889384055762903
1111,Reference,1.4101398923691804,0.7776097151629813
1112,Reference,1.4661934466926585,0.8148656106757528
1113,Reference,0.915486412695622,0.407238737969422
1114,Reference,0.9037520407713155,0.3477465563092181
1115,Reference,0.635502425495162,0.3537969510113896
1116,Reference,1.066474038937768,0.6249993525478459
1117,Reference,0.8701380437608187,0.376696634656966
1118,Reference,1.471903224552258,0.6913633794032279
1119,Reference,0.8642707572355759,0.3785936527282558
1120,Reference,1.374556741414407,0.9107175484797664
1121,Reference,0.509359884173432,0.1717103827296142
1122,Reference,0.9000884571148867,0.5697469976956882
1123,Reference,1.2978053554972813,0.6812990040097731
1124,Reference,0.6848741557606441,0.2293055735636571
1125,Reference,0.6310474989144265,0.3890341089476905
1126,Reference,0.5803700914183343,0.2222756895623874
1127,Reference,1.204461908140055,0.4734852757331538
1128,Reference,1.3565206394331033,0.5462627900308661
1129,Reference,0.7611493015646532,0.5241463184028845
1130,Reference,0.6254735663050499,0.31446853242808
1131,Reference,1.169141951011373,0.7277148116767194
1132,Reference,0.793672471713859,0.4862591591070355
1133,Reference,0.7484910210822455,0.4644148526378302
1134,Reference,1.076264250562212,0.6231827212016015
1135,Reference,0.8286530812017194,0.3966178600038148
1136,Reference,1.3302374355050033,0.6014795150972816
1137,Reference,1.3802178429190688,0.6022980882623585
1138,Reference,0.6128925235813877,0.2681625597242529
1139,Reference,0.98205496508752,0.5462541522012714
1140,Reference,1.262152340981619,0.5096246310287
1141,Reference,0.642966098294396,0.3754010104115153
1142,Reference,0.7599697196245458,0.4862885592171153
1143,Reference,1.2901142191139956,0.7155273995242766
1144,Reference,1.0128390857967902,0.5747802086635687
1145,Reference,1.237520344365454,0.5752895538445699
1146,Reference,0.6329758161232478,0.3145883842466972
1147,Reference,0.9428444475251876,0.4730832182836906
1148,Reference,1.2824969154140748,0.6768464330661601
1149,Reference,1.1104430634325049,0.6628594076874919
1150,Reference,0.5054979393309842,0.3294319228506239
1151,Reference,1.0410262355469455,0.4039002606766786
1152,Reference,0.7544728974399592,0.4135155860771817
1153,Reference,1.4267919557779796,0.5382056845164414
1154,Reference,0.7219529568169831,0.3240552805535657
1155,Reference,1.3818590391711472,0.5969891245062087
1156,Reference,0.8351161275237223,0.3232633976627497
1157,Reference,0.7512399313177058,0.4208605228415365
1158,Reference,0.8038130694580219,0.4836366442794855
1159,Reference,0.6161870654638961,0.4088974997611672
1160,Reference,0.8722584350079983,0.3378665818036452
1161,Reference,1.3403425591725604,0.6725341850064979
1162,Reference,0.9490801963971368,0.4414577336241478
1163,Reference,0.9652930274231324,0.3808690174699194
1164,Reference,0.8924108191976938,0.3495422472710885
1165,Reference,1.0085229288270383,0.6755170843198073
1166,Reference,0.6945930067114285,0.3798787539270947
1167,Reference,1.171771169699185,0.679049590222121
1168,Reference,1.0490429418353524,0.4856058737835269
1169,Reference,0.882606252766824,0.3896846758510079
1170,Reference,1.1048159238454098,0.5884612477058795
1171,Reference,1.2735384248297583,0.7420540144230188
1172,Reference,0.6340151226956522,0.3147711065501255
1173,Reference,1.4749621837899725,0.5895504507829799
1174,Reference,0.802290337917305,0.365108339837306
1175,Reference,0.5911461908848302,0.2197526982612956
1176,Reference,0.7160449740895447,0.3233081409352962
1177,Reference,1.112807835240282,0.8211200926624542
1178,Reference,1.3161268188956188,0.6539366102533677
1179,Reference,1.049842308679278,0.699855716150239
1180,Reference,0.5987404547784112,0.2531407986610787
1181,Reference,0.5089390513368405,0.2058563190977764
1182,Reference,1.0559053427803404,0.5640507144815103
1183,Reference,1.2583731900809545,0.4933112757338591
1184,Reference,1.0342861546016553,0.4615920263740918
1185,Reference,1.2717264188520006,0.4827881267634666
1186,Reference,1.3196221027620982,0.6013856954854191
1187,Reference,0.9077866093123448,0.6108136233713424
1188,Reference,0.8778920361726663,0.3887565586301775
1189,Reference,0.8810284939473223,0.3999456794680895
1190,Reference,0.79528300207399,0.4005775906832269
1191,Reference,1.13123282288704,0.4701182803392356
1192,Reference,0.7523280293819553,0.2914652137221623
1193,Reference,1.4800473277088673,0.5879783677982999
1194,Reference,1.002744193389045,0.4290297646164021
1195,Reference,0.8965927425086011,0.4714464152699946
1196,Reference,1.0452468073161822,0.406671342288547
1197,Reference,1.0368687314105631,0.6714446069538411
1198,Reference,1.320281536400292,0.5255710958920474
1199,Reference,0.8887835601938179,0.3303160797497355
1200,Reference,0.5233341046929912,0.2115048986814756
1201,Reference,0.7747989916556218,0.3341510257867313
1202,Reference,0.9195167781822418,0.3753363110061656
1203,Reference,1.4303891975515266,0.8580777847206775
1204,Reference,0.6780978033212735,0.3591287637892364
1205,Reference,1.3672483551727996,0.6558587952376058
1206,Reference,0.9958266768273484,0.4538524345713739
1207,Reference,0.6769427228709346,0.4281263420916303
1208,Reference,1.013387939869649,0.4655247975796754
1209,Reference,1.269680990963652,0.5123127733644992
1210,Reference,0.7782476582177533,0.4675378520886397
1211,Reference,0.9670448810039296,0.4066682302500908
1212,Reference,1.3714280224406146,0.6337236892104556
1213,Reference,0.8058335344310219,0.3000199990705781
1214,Reference,1.2295098170880143,0.7679123305947257
1215,Reference,0.6194236319172838,0.3563719639126645
1216,Reference,1.0889118583587418,0.4433528564105131
1217,Reference,0.990943281598964,0.5238568537526334
1218,Reference,0.5527387290879711,0.2118263887625211
1219,Reference,0.6722494376165806,0.3933078780834051
1220,Reference,0.9481742906485612,0.3173145643419559
1221,Reference,0.7932541902899846,0.3349505334274738
1222,Reference,0.98553708701124,0.4500818729016629
1223,Reference,1.372394387855837,0.6280352088330687
1224,Reference,1.063871647379927,0.3996401570881858
1225,Reference,0.5765429450377232,0.3166764634328203
1226,Reference,0.937792761485952,0.4289458733770601
1227,Reference,1.2406739469612766,0.6629809123495249
1228,Reference,1.0695257063638737,0.4609341520918235
1229,Reference,1.4926801980927378,0.8627638811841223
1230,Reference,0.999348677668797,0.6121435564074886
1231,Reference,0.5943452109428129,0.2818650512282445
1232,Reference,0.9083908272039845,0.50169086511373
1233,Reference,0.7397267561989687,0.3598201540043249
1234,Reference,1.1775625283327886,0.67992774483983
1235,Reference,1.043629912686104,0.4358709121643471
1236,Reference,0.6017438110978528,0.2835657548847266
1237,Reference,1.0831740073548108,0.5603677519544874
1238,Reference,0.9316572028264366,0.6754282720128799
1239,Reference,0.824761268118761,0.3713271791813639
1240,Reference,0.9501066134742142,0.4138633269302687
1241,Reference,1.4625590642851731,0.7168285707342363
1242,Reference,1.289240849928747,0.7425393996089156
1243,Reference,0.9315619647493332,0.4424187135736162
1244,Reference,0.9038561027216464,0.305231892780057
1245,Reference,0.6080996096589688,0.3026883115343821
1246,Reference,1.321751878485671,0.6909187392513019
1247,Reference,0.7179350951882056,0.4523630277755899
1248,Reference,0.9460005934189432,0.4683756117885878
1249,Reference,1.0169942454023184,0.3999614943585499
1250,Reference,0.916849030609412,0.4752331008157
1251,Reference,0.6155076603746296,0.2797015700288412
1252,Reference,0.7320326447745931,0.3175714357842878
1253,Reference,1.4998755232707743,0.6497432452433856
1254,Reference,0.549225078027505,0.2230192215240478
1255,Reference,1.260353052806233,0.4586419130672965
1256,Reference,0.8131742773990112,0.519466862121206
1257,Reference,1.2843001666856249,0.7461964864263138
1258,Reference,0.9688270293955112,0.5558517473354101
1259,Reference,1.1334606890559054,0.5096312866880197
1260,Reference,1.0158394427005777,0.6097483505705981
1261,Reference,0.8764411511207187,0.3564938120720029
1262,Reference,0.901764708124953,0.4777746260471076
1263,Reference,1.424200314690164,0.9745150533571234
1264,Reference,1.474012388469831,0.612571941773794
1265,Reference,1.4389685058840946,0.8458859975890505
1266,Reference,1.454959679274895,0.6562954092189983
1267,Reference,1.0945336459916717,0.4909351400836641
1268,Reference,1.0195798642188372,0.4295204564928383
1269,Reference,0.6835877695236731,0.3225423611171791
1270,Reference,1.3289603663089415,0.7096237266652565
1271,Reference,0.8913523460299678,0.4367597305045905
1272,Reference,0.6062479662244149,0.2981799194481453
1273,Reference,0.5733584523706259,0.2960836474529245
1274,Reference,1.00808356917487,0.6562459118886892
1275,Reference,0.7503810644817017,0.3106680496919196
1276,Reference,1.194952104720835,0.5622748973760281
1277,Reference,1.0947422544215375,0.370771340425911
1278,Reference,0.5130393412484562,0.2031820003915392
1279,Reference,1.2341233617870184,0.5714407871305269
1280,Reference,1.0273950911395349,0.6767910739037148
1281,Reference,1.0510328899905508,0.4145358668309598
1282,Reference,0.980940060181212,0.672924217973403
1283,Reference,0.6795603045494292,0.2437300996483102
1284,Reference,1.0884249765814895,0.7408672367005238
1285,Reference,0.8554475828189982,0.3455516554008753
1286,Reference,0.5083983786587274,0.2254443437463038
1287,Reference,0.7387412456529454,0.4240477540690506
1288,Reference,1.1071209640868296,0.5858300337375226
1289,Reference,0.5696606149650796,0.2431669763750434
1290,Reference,0.5548811599342912,0.4001695361986392
1291,Reference,1.1461208941505308,0.3594650173318214
1292,Reference,0.8480575904778351,0.6130785824684892
1293,Reference,0.5198999430371698,0.2619311457977957
1294,Reference,0.5440702285674633,0.2747312770942614
1295,Reference,1.3411785469989348,0.7595876712541241
1296,Reference,1.4826812235856297,0.6342374515229068
1297,Reference,1.2873721448338582,0.587557088072785
1298,Reference,1.4984164491513776,0.5974967688496804
1299,Reference,1.40509480098742,0.5000023278156078
1300,Reference,1.3185270077631177,0.7843615302231512
1301,Reference,1.2896918149625785,0.4915369871490895
1302,Reference,1.102011188559311,0.7275897990074753
1303,Reference,1.1289529852241813,0.4273285547549648
1304,Reference,0.9203246158539212,0.3633898228478855
1305,Reference,1.2077406691376191,0.6654290401325085
1306,Reference,1.0193993590739492,0.5114649538342348
1307,Reference,0.8471924693063169,0.383821580048675
1308,Reference,1.4675788181335898,0.6155037619849253
1309,Reference,1.0544483868295194,0.6475812925126405
1310,Reference,1.1633334623126514,0.7999133401237088
1311,Reference,1.389043967892876,0.6230240927938979
1312,Reference,1.1034809020467071,0.5697351395163963
1313,Reference,0.8685920367536524,0.4002957018789317
1314,Reference,1.1978816853505467,0.5067301382856186
1315,Reference,0.6393633020153681,0.4124748512258733
1316,Reference,0.681178328990223,0.3238701168789859
1317,Reference,0.7674436700779417,0.3431352753522603
1318,Reference,0.8491970826256734,0.3299974162861687
1319,Reference,0.9394131526235312,0.4673817020532169
1320,Reference,1.0466307229846543,0.4658003216141111
1321,Reference,1.085795382573019,0.5342026556633073
1322,Reference,1.16209305576238,0.5238468921015027
1323,Reference,1.4414512085968272,0.7395256441273546
1324,Reference,1.3423840574500097,0.7775382243851254
1325,Reference,1.4559204149114957,0.6561699120136808
1326,Reference,1.0618983320078252,0.6730362504886784
1327,Reference,0.6508013521398286,0.3377890654902842
1328,Reference,0.8263159753905537,0.4965710341909499
1329,Reference,1.492038587092411,0.7620022780544247
1330,Reference,1.1828246754811498,0.4683207557298345
1331,Reference,1.1614412381357595,0.5319814893350667
1332,Reference,1.2261104365763509,0.8202143102151354
1333,Reference,1.0677829220362467,0.4794356317557913
1334,Reference,0.9256206075061376,0.6035850677046426
1335,Reference,1.0425308369887103,0.5476249485231364
1336,Reference,1.275457566311391,0.7854671589237796
1337,Reference,0.7325216800404932,0.4109540393669491
1338,Reference,0.676581947108104,0.3714936615480582
1339,Reference,1.033331722777806,0.6676118630020795
1340,Reference,0.8580142086540435,0.5900732883244757
1341,Reference,0.5684673859516394,0.3901069528846008
1342,Reference,0.6622507967316864,0.2432557466118226
1343,Reference,1.3429463771775794,0.7406112595132299
1344,Reference,1.1087345944532094,0.7195593058439158
1345,Reference,1.1778035719449491,0.5215568056812856
1346,Reference,1.2574928609964786,0.6373264672958641
1347,Reference,0.668886523346438,0.3307950291789154
1348,Reference,0.5739919317716635,0.3729489982575416
1349,Reference,0.6843652451086119,0.2944419711431862
1350,Reference,1.058543969234821,0.5061699990883568
1351,Reference,0.9803739746185808,0.5967723956389648
1352,Reference,0.6446440942837146,0.2829234350137994
1353,Reference,0.6174546413198183,0.3332937772562871
1354,Reference,0.9945289980334808,0.6164431044476828
1355,Reference,1.1081366350262714,0.4810840926362942
1356,Reference,1.2491678640001866,0.533984368202681
1357,Reference,0.593185451951258,0.2204710683586626
1358,Reference,1.2694201332367123,0.7397805292684723
1359,Reference,1.2791622755799834,0.6284010999187615
1360,Reference,1.493655911504316,0.6941355551061577
1361,Reference,1.487211995448101,0.6909408554577254
1362,Reference,0.7402717216380794,0.5116086629187038
1363,Reference,1.4504727633321093,0.6184321825664796
1364,Reference,0.5899185856248277,0.2983855353810369
1365,Reference,0.7977359597063893,0.4406942171795407
1366,Reference,1.1756594491237653,0.4480114124599907
1367,Reference,0.5104834188368379,0.3609109994988202
1368,Reference,1.3556326761268704,0.8759895372616029
1369,Reference,1.3573212966502135,0.4990770286862869
1370,Reference,0.6479857131108464,0.2190798743527509
1371,Reference,1.2723474381101765,0.5472806972860411
1372,Reference,1.3082866932016497,0.7669150604690174
1373,Reference,0.5390331012529777,0.2804237749800933
1374,Reference,0.664022987973345,0.2303176465635132
1375,Reference,0.984734658264082,0.5056619984750768
1376,Reference,1.286346261236238,0.6009116992783134
1377,Reference,0.8847658335453914,0.5060990686265541
1378,Reference,1.010544145305717,0.627463069583797
1379,Reference,1.1500318583042994,0.645594574162601
1380,Reference,0.8253711992490571,0.2803436908136945
1381,Reference,1.0006833528260095,0.6381269355885024
1382,Reference,1.345209745719215,0.5822963545477648
1383,Reference,1.2771001475468329,0.5197397484563879
1384,Reference,1.49018843184326,0.629739987289426
1385,Reference,1.2609847344946692,0.5361549631439431
1386,Reference,0.723832080939669,0.4865635870780238
1387,Reference,0.6200475258445565,0.333637887670271
1388,Reference,1.1217234715134126,0.5464143726059234
1389,Reference,0.5825319426401127,0.2098917202684731
1390,Reference,1.4069445139730068,0.6760098006245698
1391,Reference,0.6022897386940916,0.2768002464230576
1392,Reference,0.5151062829118989,0.235916280034047
1393,Reference,1.3655679644797625,0.533052711925265
1394,Reference,1.145709065897826,0.5198534695386314
1395,Reference,1.2556515781412023,0.594091599026001
1396,Reference,0.9126806211768366,0.3741885188096532
1397,Reference,0.8749735022472516,0.3910532549793686
1398,Reference,1.2209754834455435,0.7993444812590553
1399,Reference,1.2995251709180031,0.7504519060511967
1400,Reference,0.727906356713616,0.4347178641479274
1401,Reference,1.4104257213527274,0.6683771221277368
1402,Reference,1.2108001825744212,0.7015640601074011
1403,Reference,1.2068034016220222,0.4754403319886648
1404,Reference,0.9989274886280424,0.475215423302771
1405,Reference,1.3512212771822956,0.833301024472263
1406,Reference,0.9370666907439574,0.3914453176605619
1407,Reference,1.01807012003083,0.6432591072055232
1408,Reference,0.988453393703299,0.4044749955709221
1409,Reference,0.6626235510206755,0.2678146562926713
1410,Reference,1.2060779534261945,0.6124561346310031
1411,Reference,1.1282195796026562,0.6630145390165296
1412,Reference,0.9206221927683113,0.6239103874885217
1413,Reference,1.4316785769073297,0.9753862790130086
1414,Reference,0.8075393662293624,0.3711311822771463
1415,Reference,0.667626088957771,0.2651006829193107
1416,Reference,1.1215578421224626,0.5926977206542006
1417,Reference,1.0390699900361835,0.5106369109155793
1418,Reference,0.8524911007853451,0.412598182992042
1419,Reference,1.4002756748190306,0.8325417024357193
1420,Reference,0.902408455282482,0.4020861501554549
1421,Reference,1.3811734702342668,0.6613413058348812
1422,Reference,0.5470361815473699,0.220332123886827
1423,Reference,1.0706310945104862,0.5768119294592395
1424,Reference,1.1268074208093777,0.5867675440211144
1425,Reference,0.5720090062793504,0.2595626292589301
1426,Reference,0.8558286581363095,0.387631209889328
1427,Reference,1.021079582876476,0.4917830281187036
1428,Reference,1.1566511451448256,0.6110647761812373
1429,Reference,0.9472844752536004,0.3710853467630528
1430,Reference,0.8148276835467145,0.5077814551622595
1431,Reference,0.6343577835394729,0.3028855318328354
1432,Reference,0.5557919335011049,0.274220013523589
1433,Reference,1.3692384986465518,0.8331040416295252
1434,Reference,1.1227303060706753,0.6390542186135519
1435,Reference,0.7988315175648105,0.3453650821257028
1436,Reference,1.2053037589294888,0.6076059311061783
1437,Reference,1.0586249171673443,0.4467671313958306
1438,Reference,1.2318113908651989,0.6256524834182215
1439,Reference,0.6277688071835478,0.3377848241224583
1440,Reference,1.0644746282996749,0.4295047933329812
1441,Reference,0.8245729762869162,0.4619800203332715
1442,Reference,1.3976765810752507,1.0217915174906125
1443,Reference,0.739126750284077,0.2788891417101737
1444,Reference,0.5519171361550974,0.2918354594708532
1445,Reference,0.641801211993881,0.3278473110949065
1446,Reference,0.9834999365845044,0.4564067073032447
1447,Reference,0.8113951967500318,0.505151893550277
1448,Reference,1.1677125252043572,0.4842699069040463
1449,Reference,0.871839860815525,0.3926486042140666
1450,Reference,0.9929165512695148,0.4396492578823512
1451,Reference,0.7859511558673509,0.3925859901242248
1452,Reference,0.8842215475282211,0.4259063611738867
1453,Reference,1.0315181307381585,0.6158175047604999
1454,Reference,1.122337103343661,0.4928083783748747
1455,Reference,1.2543539595311357,0.6891368188258156
1456,Reference,0.7228920835891213,0.3272561741732502
1457,Reference,0.6167554058678922,0.3517799766828773
1458,Reference,1.4946371917748444,0.7073496217468005
1459,Reference,0.9062288897530218,0.3766911132163315
1460,Reference,0.6282664022769755,0.2817318577647469
1461,Reference,0.5118050373165236,0.317575029659487
1462,Reference,0.9852222056704214,0.3838335419757825
1463,Reference,1.1451887806195842,0.5162146761038429
1464,Reference,0.5393796279439842,0.405541363806492
1465,Reference,0.5446717035194198,0.3358437787651809
1466,Reference,1.301508937947132,0.605312231694441
1467,Reference,1.20300716612297,0.5912658383145128
1468,Reference,0.6305871310653504,0.236144312475659
1469,Reference,1.3878026673457513,0.6149190720632731
1470,Reference,0.78795570628338,0.388105127652544
1471,Reference,1.221940428455952,0.711226241536778
1472,Reference,1.096444568039668,0.4755900275769846
1473,Reference,0.6694192316480743,0.2689298433955187
1474,Reference,0.9410625645425832,0.4950303890236682
1475,Reference,1.2948844542411018,0.4662004896050149
1476,Reference,0.5541794785542632,0.3289342667549562
1477,Reference,0.8710789781553024,0.3936718013716387
1478,Reference,1.3533187200056482,0.8878114566371664
1479,Reference,0.7493591110749629,0.3645208660622288
1480,Reference,1.395746177553295,0.524793503548949
1481,Reference,0.6074951628479273,0.2195754074163396
1482,Reference,0.9311369238802988,0.6050417122349643
1483,Reference,0.9729120607963226,0.3983059634620645
1484,Reference,0.6405566028241543,0.3826271556044602
1485,Reference,1.1476968001764882,0.613502084911218
1486,Reference,0.9387210558917908,0.4772965118299197
1487,Reference,0.7957642170502115,0.3587881503940338
1488,Reference,1.3223601130698044,0.757407061340075
1489,Reference,0.9561016084692088,0.4663902813727532
1490,Reference,0.9357214308482772,0.4540404527891724
1491,Reference,1.3109700955759598,0.7457709317762067
1492,Reference,1.37326646115865,0.6729966037714377
1493,Reference,1.3526732867812568,0.7346400690334605
1494,Reference,0.7945003552804066,0.3734088184450854
1495,Reference,0.6929522954419007,0.3294975954268864
1496,Reference,0.756187864387462,0.312448339042632
1497,Reference,1.1591493404456474,0.7846715974131371
1498,Reference,0.7100949867502928,0.3801978156760413
1499,Reference,1.1253540694060304,0.5123977495756264
1500,Reference,1.1945307107653191,0.7977682298392494
1501,Reference,1.310489086921702,0.5099669585414688
1502,Reference,0.9718898169263248,0.401511909417124
1503,Reference,1.1296014121338869,0.5002482867302689
1504,Reference,0.8672056746606528,0.5138055583408487
1505,Reference,1.1920104004390728,0.68823972839904
1506,Reference,1.1279103156174402,0.6456546962125174
1507,Reference,1.2117458380784836,0.592462257974617
1508,Reference,1.2358348771786694,0.5895410314470411
1509,Reference,1.4621748398785706,0.6049062193122268
1510,Reference,1.3033478438872417,0.7816006213275557
1511,Reference,0.5865720834386511,0.4216513520019234
1512,Reference,1.3929794103221538,0.5406297103639162
1513,Reference,0.5961855192769236,0.3214326146167749
1514,Reference,1.2629670410124223,0.8093607064287767
1515,Reference,0.5383260583239307,0.3243788688446969
1516,Reference,1.257905920287936,0.5013379637072575
1517,Reference,1.319004352365321,0.7655710576510728
1518,Reference,0.6045913263939194,0.3282646193575331
1519,Reference,0.9328627821637968,0.5956293658086054
1520,Reference,1.1549850779177655,0.4695136395070705
1521,Reference,0.6797589583432996,0.4236101236392642
1522,Reference,0.5872820194543917,0.3113373588628647
1523,Reference,1.3983149385461364,0.6712247740958333
1524,Reference,1.413095691156017,0.5920410236021496
1525,Reference,0.587547101673501,0.4341760896633673
1526,Reference,1.2931002501080016,0.5275941411466505
1527,Reference,0.7800231083164756,0.4109916598112306
1528,Reference,1.4458963878169917,0.880829998046238
1529,Reference,1.4582904739812486,0.7871370385216778
1530,Reference,1.14292269699269,0.5834315753465944
1531,Reference,0.8532461725082539,0.2809885304420945
1532,Reference,0.9903895911174692,0.4886259183337813
1533,Reference,0.6015135491812162,0.2305896928963235
1534,Reference,1.2727153402456148,0.6158422983312732
1535,Reference,1.4682427004219143,0.729829317568857
1536,Reference,1.2905827003827182,0.5511011843632048
1537,Reference,1.1114232980077796,0.4567313864312154
1538,Reference,1.0059147672426385,0.6163780055006782
1539,Reference,1.1932334476321964,0.7468518873761667
1540,Reference,0.7247124125233386,0.3214309243708868
1541,Reference,1.1171312766951194,0.5804076589581371
1542,Reference,1.2190552186847912,0.508140719991161
1543,Reference,1.3939424077517293,0.8150179745172181
1544,Reference,1.041603179890802,0.4764163361956974
1545,Reference,1.4633741204406072,0.9970355280303522
1546,Reference,0.5412421968115998,0.3128203167893204
1547,Reference,0.6469634842066277,0.3096071719891569
1548,Reference,1.0654069228933156,0.4779348078909606
1549,Reference,0.9643753309243812,0.5189255876604761
1550,Reference,1.3697950727063972,0.8938179181285477
1551,Reference,1.0298288484931786,0.4154688954604637
1552,Reference,0.8283554346067618,0.3627426681451808
1553,Reference,0.6529417944842542,0.2458011832663587
1554,Reference,1.0735217417454308,0.6937836399140025
1555,Reference,1.324125794255934,0.9006654652689292
1556,Reference,1.1744887071556394,0.4593006839382809
1557,Reference,0.8917853669981346,0.5494871151781098
1558,Reference,0.7679921909418125,0.3680568477631993
1559,Reference,1.2830463210066974,0.585184184218349
1560,Reference,1.4011104313200646,0.900821142550825
1561,Reference,1.1076858932393567,0.514769881950798
1562,Reference,0.5020234640565298,0.2293773275807815
1563,Reference,0.8485260207556969,0.3810703611368424
1564,Reference,0.5430408292486208,0.3727323687923842
1565,Reference,0.9298996379291632,0.6319535095919804
1566,Reference,1.1249183657016244,0.6204186536303951
1567,Reference,1.429210392469428,0.5578289558371239
1568,Reference,0.649483798149509,0.2964269191227657
1569,Reference,0.6731342958290423,0.2469821621390764
1570,Reference,1.1865477197202186,0.7594032507389556
1571,Reference,1.183528127257054,0.5813549236227971
1572,Reference,0.8440753467098412,0.3826178839292709
1573,Reference,1.3027420058812245,0.7890893357132711
1574,Reference,1.3353898655924326,0.5493730257061742
1575,Reference,0.6537606042691886,0.4147314343814656
1576,Reference,1.3172408229494224,0.8535929608083848
1577,Reference,0.6562261186498621,0.2786921730676468
1578,Reference,0.7453697978658075,0.3176910606916223
1579,Reference,1.2396897867095342,0.6806891862042335
1580,Reference,0.725293124845654,0.3737841701393947
1581,Reference,1.4497138741119708,0.8367093729672206
1582,Reference,0.800343810162679,0.4238960309035064
1583,Reference,0.9171338950202672,0.3867950821429318
1584,Reference,0.9513861784178352,0.4628611774925986
1585,Reference,0.5730654738781604,0.3566743816684052
1586,Reference,0.990198299602316,0.5145000427397264
1587,Reference,1.24574569011309,0.7619568339034828
1588,Reference,1.4563381177735135,0.8324737534079247
1589,Reference,1.166753873288597,0.4902570981442977
1590,Reference,0.863724983272128,0.5032260651367721
1591,Reference,0.7716755444463947,0.469780956934585
1592,Reference,1.270219273268312,0.5230970563164021
1593,Reference,0.9892063609382072,0.4309610480122359
1594,Reference,0.6920373729149119,0.3082190483909954
1595,Reference,1.2519290449250555,0.62417634332202
1596,Reference,0.595580738841677,0.3154865096726311
1597,Reference,1.0741331118007509,0.4690387661684383
1598,Reference,1.011056016271204,0.4491820657411125
1599,Reference,0.8875009273910418,0.3313307238488221
1600,Reference,1.2524723667125437,0.4462602964746764
1601,Reference,0.9586272685217764,0.3741408103069261
1602,Reference,0.5833989649762439,0.2071052358094292
1603,Reference,1.1119307006282146,0.6180150366155601
1604,Reference,1.2335310897132137,0.7611969604972018
1605,Reference,0.9925785630171716,0.4604174106927985
1606,Reference,1.186277478563543,0.4648920171888449
1607,Reference,0.5896827000714897,0.3281411201567579
1608,Reference,0.930422546319246,0.4682336519181405
1609,Reference,0.5072125677093307,0.347254570204548
1610,Reference,0.7831482298095365,0.4609966478349605
1611,Reference,0.7586000210060209,0.421094447735399
1612,Reference,0.8799605548107209,0.3699746907551713
1613,Reference,1.0519701006983622,0.4659994196295685
1614,Reference,0.9530529661808808,0.4661206144165959
1615,Reference,0.5716412351429037,0.2249693564338954
1616,Reference,1.207368088646097,0.7084865175515205
1617,Reference,0.9752098229779772,0.4825455509860035
1618,Reference,1.409214623119985,0.629880462501049
1619,Reference,1.0988403121564216,0.3721712261588337
1620,Reference,0.911964567657409,0.532928178818139
1621,Reference,1.2269422014997942,0.5039381110144205
1622,Reference,0.5396880189933783,0.297546238238759
1623,Reference,0.9433679254306466,0.5098919093512109
1624,Reference,0.8456899318838177,0.3893155731389441
1625,Reference,0.807712245787757,0.5194056814802508
1626,Reference,1.0823729917130671,0.3977885899302862
1627,Reference,1.3507104036156805,0.5334898844244833
1628,Reference,1.1389816891534157,0.4089067701645916
1629,Reference,0.9449181110171238,0.5804061390829673
1630,Reference,1.3630996275867884,0.8515319359614466
1631,Reference,1.2705750827539664,0.7879954245466934
1632,Reference,1.3503250648597516,0.7000817722513801
1633,Reference,0.7979816341972086,0.2965717797130693
1634,Reference,0.7784497832114028,0.4528662400399668
1635,Reference,0.5052764812367888,0.2147803577093263
1636,Reference,1.003053157601957,0.444411186594067
1637,Reference,0.8389632105757399,0.3278362450990784
1638,Reference,0.9610265331825946,0.5313390515069472
1639,Reference,1.47295404838272,0.6012723794998749
1640,Reference,1.2088393380691826,0.3828995622195776
1641,Reference,0.6521827671252046,0.3388361662037837
1642,Reference,0.7537398171081402,0.2570746561517936
1643,Reference,0.8976882224118204,0.6175040139182926
1644,Reference,1.4385898248826297,0.6785507526738996
1645,Reference,0.557894435614954,0.3959217671030188
1646,Reference,1.18415491906911,0.5785788749799963
1647,Reference,0.6525122387813912,0.3288417381489878
1648,Reference,1.377166991410973,0.6245757522449082
1649,Reference,0.7902891322743659,0.3574485273817203
1650,Reference,1.4398921566291447,0.8943017171010297
1651,Reference,1.1315340416915012,0.4356592289567373
1652,Reference,1.1807188109918076,0.5578396636608289
1653,Reference,1.3902429393705942,0.677463746324662
1654,Reference,1.0200587092642128,0.4839571227406765
1655,Reference,1.2032743935141927,0.8265574281637385
1656,Reference,1.3604574204433564,0.5656512950657344
1657,Reference,1.139965009409894,0.617757101022292
1658,Reference,1.4819972737553355,0.4789484095109344
1659,Reference,1.2430225862083908,0.7395913301262169
1660,Reference,1.4072542234954208,0.7232506375606391
1661,Reference,1.0923167631508792,0.5597549759433775
1662,Reference,0.9828360183727648,0.4273231205240364
1663,Reference,0.9996713570052022,0.4008251848959787
1664,Reference,0.7898073514518615,0.5036477297753663
1665,Reference,1.136070050791654,0.6823831593277134
1666,Reference,0.6936620061833885,0.3784267559406942
1667,Reference,0.7788683148554767,0.3534415101007866
1668,Reference,1.307043831150979,0.529718074983947
1669,Reference,0.6723687162338758,0.3762237151460823
1670,Reference,1.0910340228693487,0.502496964845804
1671,Reference,1.4411224620237602,0.6551285269934368
1672,Reference,1.354722979660761,0.6586598527303238
1673,Reference,0.8340756453130346,0.3494270534416799
1674,Reference,0.8230021417868953,0.400804490085008
1675,Reference,1.1939460557104364,0.4721175794990984
1676,Reference,1.484312768468837,0.626610258298598
1677,Reference,0.9972879187295468,0.647285189037305
1678,Reference,0.7039373051251654,0.3470550731645261
1679,Reference,1.4254401709099067,0.9155269470751364
1680,Reference,1.2259194900737698,0.7534710413353025
1681,Reference,0.7620963517197064,0.2979275413635207
1682,Reference,0.6051116024653506,0.3085688866845615
1683,Reference,0.9954922999871952,0.358235765427203
1684,Reference,1.4553526453037684,0.6419199763863332
1685,Reference,1.3243293841457504,0.7509699877390688
1686,Reference,0.5500687528948224,0.258323663111959
1687,Reference,0.8884712033796138,0.451336566074616
1688,Reference,1.1752004456203695,0.7156978429260192
1689,Reference,1.1474424576627715,0.7397751160355028
1690,Reference,1.285445559380058,0.6941585046758831
1691,Reference,1.3236386603782506,0.6977878168305125
1692,Reference,0.7433796191942894,0.4878497854387973
1693,Reference,1.1914342527455228,0.6728419768664367
1694,Reference,0.7631952576497977,0.354089687502821
1695,Reference,0.5617476844708879,0.3057614752458306
1696,Reference,0.8679058351197171,0.3174170797359181
1697,Reference,1.075055216707155,0.4604485736388426
1698,Reference,0.955890413241672,0.3606875905043907
1699,Reference,1.1533582761365655,0.3724287226059886
1700,Reference,0.6695740858932924,0.2660404618221648
1701,Reference,1.173094037442581,0.669865849254279
1702,Reference,1.389863426562992,0.8017606382942972
1703,Reference,0.5317006244403614,0.2402336256662067
1704,Reference,1.2416822203830358,0.5910526913145588
1705,Reference,0.9535814261079164,0.4778534947657959
1706,Reference,1.422754268422421,0.5164582332665333
1707,Reference,1.044212906489109,0.4645828861871734
1708,Reference,0.6203813699921711,0.2707356549147732
1709,Reference,1.485408761983311,0.768494486485082
1710,Reference,1.005004115014732,0.4713344615324217
1711,Reference,0.8489233851801473,0.4470157362385549
1712,Reference,1.4118369712460963,0.6277094903228146
1713,Reference,0.7793248804560865,0.3171066948196426
1714,Reference,1.1799310849359848,0.5327028761525128
1715,Reference,0.7864278910662785,0.4052800480760652
1716,Reference,0.915998869432472,0.5700529998177188
1717,Reference,1.4569292514113306,0.5355333143929499
1718,Reference,0.7359119484280648,0.4067289321531149
1719,Reference,0.5525847753220958,0.2610748185251168
1720,Reference,1.3475170820609794,0.9382621732573
1721,Reference,0.6821546403645331,0.297562496137445
1722,Reference,1.3468525392974868,0.4922908149020344
1723,Reference,1.2664004501996635,0.6401699777592427
1724,Reference,0.8226052270280111,0.383087961690407
1725,Reference,0.9401871895975896,0.4551212874763308
1726,Reference,1.4445013116596224,0.9567935848620266
1727,Reference,1.4341082645143093,0.9779365021295234
1728,Reference,0.8160236921228553,0.5376917351354393
1729,Reference,0.8384877988767443,0.4504335848005922
1730,Reference,1.1482461330056284,0.3543928300471108
1731,Reference,0.5274107571661463,0.2252246256948282
1732,Reference,1.4913685292651109,0.7026990572044838
1733,Reference,1.0599982030216577,0.4700628337389076
1734,Reference,1.2409761472531298,0.4465957078613627
1735,Reference,1.4402695873909404,0.6062631641983813
1736,Reference,1.1542598425992976,0.5501640771900611
1737,Reference,1.2487973209660614,0.4803061243367921
1738,Reference,1.2990488620590717,0.5323584588235803
1739,Reference,1.299841771377214,0.7715325481941306
1740,Reference,0.5253472556335651,0.2493280249106035
1741,Reference,1.2860034025556852,0.715016103956458
1742,Reference,0.7331895635119929,0.2566652304186476
1743,Reference,1.404716667656164,0.6266460901383368
1744,Reference,1.0225484847372657,0.4507879762966951
1745,Reference,1.0870601412445828,0.469575817816164
1746,Reference,0.7410326227514248,0.3488318858591341
1747,Reference,1.0248909732774942,0.492416871042181
1748,Reference,1.3331274435748417,0.579514681667618
1749,Reference,0.6414139049645233,0.2824576470451845
1750,Reference,0.5172733438634717,0.3208078360329764
1751,Reference,1.077701886412131,0.6261557312592458
1752,Reference,0.6716689877341061,0.4217243249443356
1753,Reference,0.6219537742599957,0.3098686429630604
1754,Reference,0.9031216890650768,0.3341667490786122
1755,Reference,1.436983993296927,0.8745864084565369
1756,Reference,0.5905789041140501,0.4164486627869763
1757,Reference,0.8238253930684876,0.3623663075010128
1758,Reference,0.8949943657552709,0.3301184783614701
1759,Reference,0.6958491672487161,0.3725671388535119
1760,Reference,0.5603474294205663,0.317213896338032
1761,Reference,1.1681412213486746,0.7821068728886473
1762,Reference,1.374057159390097,0.7698654289348497
1763,Reference,1.3174948355549276,0.9090512980554591
1764,Reference,0.5656271150399353,0.2280450010471852
1765,Reference,1.2521502411986432,0.6384284080169067
1766,Reference,0.7694685956662974,0.3460054063360402
1767,Reference,1.0663489861106517,0.4238996081152208
1768,Reference,0.6836450593212601,0.32482067907101
1769,Reference,1.487680246964224,0.5679993702924975
1770,Reference,0.61893934584931,0.2625100465617365
1771,Reference,1.3947571092689697,0.4869243256820112
1772,Reference,1.4492562872285772,0.5768769780538747
1773,Reference,1.3356081176682983,0.7285772823182413
1774,Reference,1.261549932762923,0.5637695536629366
1775,Reference,1.3718573687133846,0.8960739071887076
1776,Reference,1.1492091823113006,0.4462380773318699
1777,Reference,1.014305691725148,0.5529887452380393
1778,Reference,1.027963336374166,0.4013179123574701
1779,Reference,0.992031012683053,0.5970980769017586
1780,Reference,1.4231432376798925,0.4954673342760429
1781,Reference,1.2687338699781257,0.7241452418781478
1782,Reference,1.212067565918852,0.5560251218608414
1783,Reference,0.5015832460801529,0.1974393453538461
1784,Reference,1.127154776683279,0.3741516933000923
1785,Reference,0.7471475470774651,0.2907277063895748
1786,Reference,1.1846209212381833,0.5939774485152043
1787,Reference,1.4575333047207937,0.8268822617628473
1788,Reference,1.3602563658780369,0.6400029565375434
1789,Reference,0.5836280561394875,0.1997769081020308
1790,Reference,1.2563071660405507,0.7166024826632764
1791,Reference,1.2005846699728702,0.4829194165595396
1792,Reference,1.2876058614099195,0.7139758602019697
1793,Reference,1.02214647613864,0.4894729558891413
1794,Reference,1.092073108123447,0.5051203687246328
1795,Reference,1.478755336272055,0.6011920834503854
1796,Reference,0.6941018508085659,0.2532325930778043
1797,Reference,0.8089836933977088,0.3443356873069589
1798,Reference,0.7475901668754099,0.4315503900410391
1799,Reference,1.4349576396969623,0.762377923086774
1800,Reference,0.6741839579942629,0.2808254400419159
1801,Reference,1.1935717830015204,0.6601091411207562
1802,Reference,1.0505086291441017,0.5181122097234407
1803,Reference,1.437350444880959,0.533530575588955
1804,Reference,1.114966592738864,0.6534278294954561
1805,Reference,0.637432756119241,0.2181307182488367
1806,Reference,0.744481577863567,0.325417652280656
1807,Reference,0.840025884723478,0.5041330672340365
1808,Reference,0.7917356647646028,0.3896442110639668
1809,Reference,0.6162821028134747,0.4031790577418022
1810,Reference,1.4328959390920035,0.6358467062846813
1811,Reference,1.4469561992582716,0.6733206406557173
1812,Reference,1.08188398356041,0.7454844197246615
1813,Reference,0.7590368226265505,0.3737848754120563
1814,Reference,0.973456870286832,0.3430419973877647
1815,Reference,0.8420558995417868,0.5362921416358688
1816,Reference,0.9866124659628824,0.4934616546955794
1817,Reference,1.236405584617957,0.7771475171064424
1818,Reference,0.5212095869395108,0.2221467785325543
1819,Reference,0.9492298836845852,0.4015284993295864
1820,Reference,1.3757962145658773,0.7460145710976747
1821,Reference,1.4507696527766218,0.6791638983328596
1822,Reference,1.3113733087510406,0.7989515345325628
1823,Reference,1.3648199698986592,0.6829712767205365
1824,Reference,0.8870319904559929,0.4657650697407121
1825,Reference,1.2279685109124352,0.5809820444185334
1826,Reference,0.5331910267946407,0.2053671017939393
1827,Reference,0.6323674847196472,0.2769376414911662
1828,Reference,1.0657377258579357,0.6612546357686426
1829,Reference,1.3116975363796124,0.8498130425450654
1830,Reference,1.4380838582854958,0.5726938334175031
1831,Reference,1.2632171841029305,0.7509841408108429
1832,Reference,1.0876437918649111,0.6450790939911144
1833,Reference,0.7080446586614234,0.3393570537293158
1834,Reference,1.461897096263928,0.7086289143772007
1835,Reference,0.9595014325520902,0.6019946522270203
1836,Reference,0.5380187844653188,0.225874184018167
1837,Reference,1.1393972099869654,0.70374497052957
1838,Reference,0.5918453153604089,0.3676230836653431
1839,Reference,1.1998091662203267,0.6200288330079218
1840,Reference,0.7339351155276224,0.4589115843373861
1841,Reference,0.5970303237870208,0.2534073527859988
1842,Reference,0.7087598188383907,0.375149295512962
1843,Reference,1.0860583047111962,0.559689041551735
1844,Reference,1.035899649101347,0.5403185303190554
1845,Reference,1.265098268510262,0.4884434459478513
1846,Reference,0.7668283303588845,0.4147307559354942
1847,Reference,1.3500473975844658,0.6105884387350216
1848,Reference,0.7191228965007115,0.2993691774455485
1849,Reference,1.378580312264285,0.852704064462614
1850,Reference,0.62474613821967,0.400061975047933
1851,Reference,1.0955909164242428,0.5907628226044466
1852,Reference,0.9282040751400036,0.4246254130191431
1853,Reference,1.2090367888499949,0.5614525944251199
1854,Reference,1.307933798223207,0.5819893601554469
1855,Reference,1.1685059910141429,0.7078153909228462
1856,Reference,0.7042642476949761,0.3116139275349638
1857,Reference,0.6951374592876904,0.3981353323166843
1858,Reference,1.215634144989494,0.6231848013019174
1859,Reference,1.1892981038217458,0.4725635513945008
1860,Reference,1.1344495988911367,0.4531064333336587
1861,Reference,0.519237146919983,0.3705971351047239
1862,Reference,0.724232266712205,0.3461314106597726
1863,Reference,0.9507685606575113,0.3609109128659824
1864,Reference,0.8100435812105864,0.3338734237085106
1865,Reference,1.4608935023809697,0.8950946724250173
1866,Reference,0.9950951041091578,0.5270733102171761
1867,Reference,1.2097283273907709,0.8258416973328053
1868,Reference,0.8164958158379452,0.3806801996879372
1869,Reference,0.6116560363905609,0.2839892504301105
1870,Reference,0.5533143630410852,0.3241395422804345
1871,Reference,1.2273254929586546,0.6233718705301214
1872,Reference,1.4688844825649912,0.6495254750393826
1873,Reference,0.8142565584938917,0.5567987681224622
1874,Reference,1.1160798310786475,0.4859328881479712
1875,Reference,1.237012943175943,0.595800907196562
1876,Reference,0.9239911672605436,0.4542436210939655
1877,Reference,1.4424563466369371,0.7139540374845552
1878,Reference,1.1882129767829288,0.44012684252057
1879,Reference,1.3284452719201276,0.6267865912655424
1880,Reference,0.5255306262675169,0.3608935302789149
1881,Reference,0.8693528694501534,0.3716326682367494
1882,Reference,1.0760984052755065,0.6026628091756407
1883,Reference,1.080590410205398,0.6027607455041277
1884,Reference,1.3166483372238171,0.6527547797173128
1885,Reference,0.7422239365385876,0.2537432313322654
1886,Reference,1.4334068253707275,0.6260548358783211
1887,Reference,0.530596751780433,0.1887965854151083
1888,Reference,1.084232079090416,0.4347019643416416
1889,Reference,1.4723558282564793,0.550923677926761
1890,Reference,1.4769698107620388,0.8802723130831112
1891,Reference,1.480712753796483,0.6459753225631033
1892,Reference,1.1898139645030192,0.5732770307132995
1893,Reference,1.1852900503902335,0.5325596521823002
1894,Reference,0.5035275390262032,0.2114676994774527
1895,Reference,1.196591275600034,0.6352438733513992
1896,Reference,1.4035201569319375,0.6843636264681976
1897,Reference,0.7806369067217367,0.4933429525092379
1898,Reference,0.5591782872776785,0.2453380218923015
1899,Reference,1.2499866986224275,0.6361572984205708
1900,Reference,0.6901285421571595,0.4180372137816164
1901,Reference,0.593406734621909,0.3091718616777115
1902,Reference,1.4187555591046008,0.8894481683146296
1903,Reference,0.5503033659154427,0.2067936957561755
1904,Reference,0.6993787994984254,0.2509340420321351
1905,Reference,0.9607574951791376,0.5393076164051678
1906,Reference,1.0014625591810715,0.623175374153135
1907,Reference,1.4158686024536982,0.762306704520114
1908,Reference,0.7654688045243252,0.3087802680275828
1909,Reference,1.259591593118514,0.6452321649241526
1910,Reference,1.185666751362731,0.6969811495647349
1911,Reference,1.1039926819790895,0.4889298064161522
1912,Reference,1.1791736036690936,0.5242802151146577
1913,Reference,0.7914902667127404,0.3400694765307506
1914,Reference,1.0894572382170322,0.4716879122154012
1915,Reference,0.8046578819971864,0.4027890780504179
1916,Reference,0.7689279401527394,0.2978276263290667
1917,Reference,0.6503136034229988,0.3857232592234254
1918,Reference,1.2058328326523533,0.7591140047377536
1919,Reference,1.3726892754119673,0.6945650967014387
1920,Reference,0.570454394343145,0.2889419922844567
1921,Reference,0.6223956163409783,0.2505247597254794
1922,Reference,1.1555716674980954,0.7655808268549293
1923,Reference,0.5366302826059806,0.2404059240100977
1924,Reference,0.5187640404773355,0.3053426907843217
1925,Reference,1.2626501583510543,0.5274385134022452
1926,Reference,1.2382733016513745,0.6083499292228112
1927,Reference,0.8202374454424795,0.4575638328968239
1928,Reference,1.0116034806737688,0.4629438447932585
1929,Reference,0.9220430012058268,0.6398186974370788
1930,Reference,1.013679380292761,0.4576753129705082
1931,Reference,1.4351514590076009,0.5842647417105269
1932,Reference,1.1340426568177957,0.7233424289123178
1933,Reference,0.6782393942831282,0.31362342889296
1934,Reference,1.334106553522329,0.6647137973329222
1935,Reference,0.6665494013623565,0.3525604695324134
1936,Reference,0.9149909092112364,0.3818848430657837
1937,Reference,0.5039789871597027,0.2249425367996664
1938,Reference,1.1573611027336603,0.63122709325134
1939,Reference,1.0293404861915816,0.4908103167876305
1940,Reference,0.8755016819197177,0.4182036585326187
1941,Reference,1.2534870600347292,0.5311055894163843
1942,Reference,1.0539387069570272,0.7007433233727767
1943,Reference,1.2352232861504229,0.5279133999765833
1944,Reference,0.9700006100117494,0.4483065074312549
1945,Reference,0.6487425991816075,0.3027173560591265
1946,Reference,0.6215165018232939,0.2634691509538385
1947,Reference,1.2956932705513666,0.6576284489916446
1948,Reference,0.5556206798442282,0.3435697918437341
1949,Reference,1.383403871620796,0.8523695110002905
1950,Reference,0.7460827045889806,0.3945096170319004
1951,Reference,0.974056832890296,0.5561477903699199
1952,Reference,0.6112913070185005,0.2961606821457678
1953,Reference,1.2766629067313513,0.5901006724436257
1954,Reference,1.348639400063406,0.5985519665309198
1955,Reference,0.6513097561416035,0.3565615699573499
1956,Reference,1.306441060020319,0.5211045607433817
1957,Reference,0.7364738894731555,0.3923333990271587
1958,Reference,1.4922836493426397,0.575241557704274
1959,Reference,1.4477339530901894,0.60207458928096
1960,Reference,1.0633033634808151,0.4466568134031092
1961,Reference,0.6587521130734053,0.4325734222661452
1962,Reference,1.1094677599820817,0.6191737311405348
1963,Reference,1.0868820977339144,0.681269806506279
1964,Reference,1.3987896643771802,0.7393553505378776
1965,Reference,1.4537504334987916,0.5515213194444755
1966,Reference,0.857274530359094,0.3790935227767278
1967,Reference,0.5372297025860129,0.317950811189263
1968,Reference,0.7759690248425443,0.4603297944630782
1969,Reference,0.5361894178514468,0.2643034534311042
1970,Reference,0.6422685774503147,0.4294854448279324
1971,Reference,1.1365995518584442,0.4316695841340134
1972,Reference,1.2677935755191507,0.7068037336887869
1973,Reference,0.909891835618547,0.4650543093870141
1974,Reference,0.6830970929376203,0.3318314905157393
1975,Reference,0.9115209625799148,0.3889326517320199
1976,Reference,0.9963055594836004,0.3387095803268209
1977,Reference,0.5879995244971217,0.2989414116663909
1978,Reference,0.7881716313833851,0.3505789467112663
1979,Reference,0.8435639759687128,0.4948726755844035
1980,Reference,0.9344730141746672,0.414630365660642
1981,Reference,0.5544501519841634,0.3507470028008796
1982,Reference,0.5682165889785237,0.3037193772351187
1983,Reference,0.5295397962490702,0.2573604537464433
1984,Reference,1.1519444824327063,0.5918454533117767
1985,Reference,1.2283767047152852,0.6922174134222843
1986,Reference,0.7603251549344667,0.326503965164342
1987,Reference,0.5126289825563187,0.2011625147188098
1988,Reference,1.1422318047096622,0.5970250893704758
1989,Reference,0.5702362589298178,0.2020009570608145
1990,Reference,0.5202174643483385,0.3314004807019515
1991,Reference,0.8158638571559012,0.3678276482152327
1992,Reference,0.8796551481875812,0.3829842626012905
1993,Reference,0.919428748214166,0.6314046348671383
1994,Reference,1.0146984438167093,0.5006006568907253
1995,Reference,0.755625492675513,0.5224903608246336
1996,Reference,1.0037081020756928,0.4596737078308308
1997,Reference,1.1962786494043374,0.5838464819494931
1998,Reference,0.6302475661787241,0.2391969190368854
1999,Reference,0.960315690856396,0.3823319101509952
2000,Reference,0.6004016550540204,0.2877699703031098
2001,Reference,0.6977827305336738,0.4374273422608326
2002,Reference,1.2509000499973095,0.5426643068197023
2003,Reference,0.7034725840774643,0.2865327555471353
2004,Reference,0.6139272552952791,0.3972512267301553
2005,Reference,1.279461613914016,0.5858636343824344
2006,Reference,0.6982847002559638,0.2881082714965117
2007,Reference,0.731288104199684,0.3342710149530816
2008,Reference,0.922858787711614,0.3321676418727648
2009,Reference,1.436349473035221,0.9394722512629698
2010,Reference,0.5809603628513963,0.28863713820067
2011,Reference,1.3621731159258297,0.7371455997189997
2012,Reference,1.4055585963283457,0.7124934002461174
2013,Reference,0.9524921314673304,0.510161633602479
2014,Reference,1.2476963099885767,0.6909670160125359
2015,Reference,0.5437839337938155,0.2088428146105272
2016,Reference,0.6998549972926806,0.3690005747802658
2017,Reference,0.647532405816482,0.2789107454139241
2018,Reference,1.2814546416627643,0.7557485820307193
2019,Reference,1.2983014038842513,0.7102391302150863
2020,Reference,0.565370228184114,0.3189130300162688
2021,Reference,1.2454572457182131,0.8499300541955961
2022,Reference,1.3346701218106765,0.5371664258696995
2023,Reference,0.8220387345661435,0.350081067656987
2024,Reference,1.2759136819836898,0.5095089883354831
2025,Reference,0.9140972016389216,0.3900549782715856
2026,Reference,0.7995740319125177,0.4461262433686386
2027,Reference,0.7267308128479154,0.3631041256915779
2028,Reference,1.0552931963650765,0.6423859779052776
2029,Reference,1.030332567729779,0.6694891482920582
2030,Reference,0.9504788925277412,0.5032147617195335
2031,Reference,0.8127199181140825,0.3710376074117079
2032,Reference,0.9369620089894604,0.413114711828527
2033,Reference,1.1594169078018193,0.7198018284735781
2034,Reference,0.6364212471204712,0.2669956092536409
2035,Reference,1.2212842342491044,0.7099834612818654
2036,Reference,1.294053921824443,0.6722719652553195
2037,Reference,0.56145106586882,0.2397120711679861
2038,Reference,0.9453750682814924,0.4503706679851404
2039,Reference,1.222618209342622,0.5249042940340587
2040,Reference,1.4141693161308289,0.5517912048671576
2041,Reference,1.0458689697814916,0.4701386124940114
2042,Reference,1.3090954710470737,0.5090434935992789
2043,Reference,0.5638113759453511,0.2469435670853172
2044,Reference,0.5892943179816619,0.3424851949918945
2045,Reference,1.1174233564123173,0.4858987552939879
2046,Reference,0.8070328589920528,0.4948782087621168
2047,Reference,1.0093238144057095,0.4326757084701427
2048,Reference,1.0756375790180952,0.4220998180305031
1,High,1.2474932319881862,0.731597430000761
2,High,0.9758148680795384,0.6335083760099707
3,High,0.9984860692690948,0.3932931579767
4,High,1.1256342630085403,0.4063403715933873
5,High,0.7127337115397584,0.3254856027388584
6,High,1.4990735785215938,0.7580667925296609
7,High,1.3442218235291716,0.6418765347323614
8,High,1.0348026115843667,0.6545882163605228
9,High,0.7874279254732466,0.427659037347766
10,High,0.6810760734772741,0.3122119759976556
11,High,1.486171731746431,0.6986841392157714
12,High,0.9976172827236424,0.6191076896921857
13,High,0.6911894310729345,0.3518235672732501
14,High,0.7079866746820151,0.3440305616505057
15,High,1.3383263977260562,0.7048782343633349
16,High,1.26021821307592,0.7816651902812168
17,High,0.8032978371116517,0.2779001948028039
18,High,1.1505178028418266,0.4557521516929625
19,High,0.8124633641033454,0.4221725087036816
20,High,1.3882771280752313,0.6221726618097421
21,High,0.7257633179487044,0.4733466085421867
22,High,0.8354530726261726,0.2028192174585825
23,High,1.2432605413253586,0.6955832945419758
24,High,1.3707192292263275,0.5797651490777156
25,High,0.7283452709192215,0.3324329732096771
26,High,1.3088610463545458,0.7348813414822501
27,High,0.898944933779144,0.5131673593344033
28,High,1.2969263268271716,0.5368440154789482
29,High,1.2928767979775593,0.8030712121773149
30,High,1.1062857764969949,0.6354987830678738
31,High,1.00017063120998,0.3716352016782949
32,High,1.4129358132321106,0.818212583879955
33,High,0.902141859895382,0.4865452476350356
34,High,1.197747116898321,0.6426489023639022
35,High,1.0249131520051633,0.5462141298686731
36,High,0.7397967679778781,0.2875966060591253
37,High,1.123966707505942,0.556799204171412
38,High,1.2732437951855218,0.7202615285814318
39,High,0.8094432036959085,0.3770874031638556
40,High,1.3138059648448706,0.8528074524669762
41,High,0.8936330354896241,0.4170554499797987
42,High,0.7615147443377668,0.3015546387395105
43,High,0.5564957159799832,0.3117516492112955
44,High,1.0730121924329836,0.6267822046805804
45,High,1.051317229841326,0.529799794363484
46,High,0.5170012699668884,0.2461560288475297
47,High,1.3971055326819788,0.9180258002900246
48,High,1.3390073106792453,0.5779638398852001
49,High,1.143886704712738,0.6614465020732752
50,High,1.275014261484543,0.5129987700739775
51,High,1.048725181068463,0.3802595529926478
52,High,0.5766745066217188,0.3425277545383309
53,High,1.2015011471163466,0.513539750394088
54,High,0.8691139401673659,0.375772567034808
55,High,0.5402786387353103,0.1970698888060802
56,High,0.8903310056617073,0.4545058375250761
57,High,1.1903436830483043,0.7067489964218368
58,High,1.3053612061764013,0.5506925336726454
59,High,1.343585710975866,0.5859541697650883
60,High,1.2171375907889006,0.6203174759596379
61,High,0.6236849607633603,0.369864756324155
62,High,1.0325286159535811,0.4549955820543943
63,High,1.2660957039713474,0.4425301059999356
64,High,1.3253161299487162,0.5769799449135178
65,High,0.8504410434202936,0.4375081801769767
66,High,1.396859847984548,0.5793491825385928
67,High,1.03840252852377,0.471002753886566
68,High,0.5048361269368329,0.2882917223618904
69,High,0.6972214522429218,0.397025616873158
70,High,0.8666174967110669,0.3753594942442504
71,High,1.385935140269997,0.5415035384759932
72,High,0.8310248682250225,0.5596536404788566
73,High,1.1603685932439471,0.7268275416536483
74,High,1.337819725892886,0.6663846667382813
75,High,1.412147309148711,0.7571518089660287
76,High,0.7063867446329402,0.2383680045953298
77,High,0.9550540952399568,0.4112789501472775
78,High,1.1673912016298342,0.5739303495764148
79,High,0.5859736354239833,0.2141273819573399
80,High,0.6571153427947121,0.4284695669576024
81,High,0.7551700698149406,0.3478989185181333
82,High,1.3311588707211337,0.7485898785214715
83,High,1.0291724945587415,0.4607646872148052
84,High,0.9868633550250698,0.4126292045438617
85,High,0.6186386160488906,0.3096319110703547
86,High,0.7706662794962855,0.3792215422244425
87,High,0.849857522087629,0.5279825942651541
88,High,1.0723492885461243,0.6031903185651544
89,High,0.8459822048846779,0.4075450038270389
90,High,1.4338535672433843,0.81451018718775
91,High,1.3589623402390965,0.6709832543571395
92,High,1.1327480649226374,0.4713145828387581
93,High,1.400435856630192,0.8411171234630217
94,High,1.162335342670876,0.5131395768600271
95,High,0.8741128124748997,0.4033866289704804
96,High,0.6709882735628683,0.3206653668827925
97,High,0.8547503641226284,0.5345899923253796
98,High,1.4433058378651662,0.7169280636509114
99,High,1.3446843108657935,0.5452403342155066
100,High,0.7138287614441134,0.3277956737040242
101,High,0.8766334567560761,0.3362171002064329
102,High,1.2291828423764235,0.8070676223351825
103,High,1.4450367321467803,0.7806655802070566
104,High,1.4852989345855576,0.583797238310737
105,High,1.4759100791657287,0.724958951357138
106,High,0.6442047775378932,0.2947900364015581
107,High,0.6700754286101008,0.2120315245250879
108,High,0.5976985543509543,0.4079876370775608
109,High,1.0264875889275915,0.7185275825469546
110,High,1.1022175863564234,0.5024713278540673
111,High,0.9227318155121988,0.4102368200846484
112,High,0.6095384811473213,0.1887708026606667
113,High,1.181227499305486,0.4635308754515534
114,High,0.7010244667596667,0.3000156730002672
115,High,0.7467778379995798,0.4647383914240919
116,High,1.3580410724745469,0.6564480578106213
117,High,1.1701512560706364,0.5587681798127448
118,High,1.3403166025782536,0.6731959687867999
119,High,0.961936683539911,0.4870666458628676
120,High,0.7144103295221937,0.3085237258055855
121,High,0.8995311900357326,0.4949124043412212
122,High,1.498955224925934,0.696715547479613
123,High,1.321215568481973,0.5258294726832986
124,High,1.1647204208433315,0.5212864269344095
125,High,0.8403462583227002,0.5432057084808122
126,High,1.4956725781638798,0.697330069794873
127,High,1.3454863942168296,0.7542917140023206
128,High,0.6603912600549009,0.4259323135224662
129,High,0.9289769660469638,0.4637495460295469
130,High,1.2103130444153938,0.680236687988284
131,High,1.3179901241321343,0.9251521815211275
132,High,0.8016296876690738,0.3325935283345274
133,High,1.1545872915266786,0.5227140969742692
134,High,0.8427431153835707,0.3429374128822218
135,High,0.6387930649416562,0.2788771824404392
136,High,0.5357567641767521,0.3379422302997952
137,High,0.8808064299965972,0.333778995580694
138,High,0.8843021041167346,0.4956428911209087
139,High,1.3229483556473172,0.6102620938022341
140,High,0.7808393477603806,0.4475598305665329
141,High,0.7532431279330825,0.3405118037430341
142,High,1.461235657609438,0.5586682669112406
143,High,0.604295701293872,0.3939276709876651
144,High,0.7729746850847341,0.3897569157438028
145,High,0.8529397650790762,0.449728942242956
146,High,0.7092380272659179,0.4999175355701197
147,High,1.4813680710342902,0.6904920825884773
148,High,1.326175391983602,0.8032557573700956
149,High,1.4973156780772252,0.8870301890025587
150,High,0.717144553601909,0.2755442361143565
151,High,1.0257062897261204,0.6157868053174269
152,High,0.7110658933248263,0.4910139406771492
153,High,1.0993060899607348,0.692498104989042
154,High,1.2885554853035197,0.5631921328995588
155,High,1.137772164970738,0.5414967166358622
156,High,0.6760196689991779,0.3940822436708018
157,High,1.4237681225737862,0.6071340632389735
158,High,0.6579659568637832,0.399615575840194
159,High,1.424384566081966,0.869761693223154
160,High,0.5028879733869459,0.2472244771182659
161,High,0.7752390676263693,0.4354300178794119
162,High,1.2952067408498245,0.5640317987152201
163,High,0.6887703105803507,0.2823039737570738
164,High,0.5691266554215614,0.2668908604448603
165,High,0.8609602189870345,0.3812540614226307
166,High,1.2747037729110589,0.6476400660700676
167,High,0.5589543825358783,0.2435352694000201
168,High,0.6298757575874346,0.2710578656666911
169,High,0.529176011631794,0.3163651987481799
170,High,1.3954028680823374,0.6836762645359897
171,High,1.1053957799641494,0.7196952111161892
172,High,0.7626274448948652,0.525819104461263
173,High,0.5205161751684837,0.2971207728711746
174,High,1.387364107728975,0.6989797195387553
175,High,0.8614693015873714,0.5119346031628709
176,High,1.0567990864202463,0.402295980552168
177,High,0.5625896174016838,0.2205210356703588
178,High,1.1307582774056606,0.4969756567733867
179,High,0.9567126036574948,0.3759318857852847
180,High,0.8177345404820902,0.2938841165478223
181,High,0.8349035725715339,0.3080409504812209
182,High,1.0565464596331884,0.5564229840728814
183,High,1.2682366523151547,0.6287898866382733
184,High,0.7594155978259693,0.4620909416217955
185,High,1.4274248021702125,0.6184714354689049
186,High,0.5409850310785563,0.3545685136873331
187,High,0.846478566222314,0.3821505316546307
188,High,0.6380296989112191,0.296125441918825
189,High,0.6658191131902003,0.3208388571569145
190,High,1.2775750590298087,0.8765689589700685
191,High,1.1466001209678396,0.5556052304962833
192,High,0.9745101817961506,0.3987771792411365
193,High,1.0769938097487546,0.4672879925750237
194,High,1.2441962306061316,0.5578442215494306
195,High,1.0351748877118785,0.3997012534153015
196,High,0.5496881042413834,0.2649261529699558
197,High,0.8381874545428782,0.415635064988848
198,High,0.5264411859992519,0.3723191906626368
199,High,1.411128430263772,0.8630459447833516
200,High,1.2916131141176208,0.5901956317499639
201,High,1.0902252361483993,0.458391249482645
202,High,1.0474943879058756,0.4953740886083295
203,High,1.0447852890987748,0.4930557905045987
204,High,1.4574868829469607,0.6849626176012862
205,High,1.418185297170504,0.912296413605162
206,High,0.7164624899609904,0.3347883484123599
207,High,1.288894898424783,0.5129956281926837
208,High,0.7852639953127684,0.3460569525798718
209,High,0.7316233193333862,0.4265017227700554
210,High,0.7924153223181534,0.3747881117619087
211,High,0.5235076962979951,0.257854682913468
212,High,1.1740045845195448,0.5649747651717689
213,High,1.1242042936547776,0.5883887847172815
214,High,1.1723279585269837,0.6425216388372803
215,High,1.4885878058388196,0.7986115975245696
216,High,0.6955496947074404,0.3323006865716422
217,High,0.8021680502361803,0.5702349373061963
218,High,1.421844264000489,0.9861177441691495
219,High,0.943949354959606,0.3584970997881811
220,High,0.6989797462811278,0.3087148544824529
221,High,1.213845216029566,0.6923747856972398
222,High,0.6615389806629091,0.2846033049375762
223,High,0.638583023477461,0.4516056606857432
224,High,0.5081088714465378,0.2163990790266865
225,High,1.1352806962553244,0.5526050399664939
226,High,1.4734016897601705,0.7047353666632858
227,High,1.1180733729691403,0.3643914890637418
228,High,1.2040991290536582,0.5494558981091444
229,High,1.1874099233710416,0.5448957222360775
230,High,0.8569001614254432,0.5653805486026329
231,High,1.0974980971403068,0.4839039685787156
232,High,0.5662569223439485,0.2889804754626226
233,High,0.8602758127569412,0.3841669162879313
234,High,0.783283035647595,0.2922059147576021
235,High,0.5886575005740107,0.2280179705341254
236,High,0.8374741666178072,0.4420205535226245
237,High,1.03805091338038,0.6244026620814225
238,High,0.5259977714227787,0.1947864653951931
239,High,0.955115366198474,0.4462300899629667
240,High,1.3870339172032091,0.5487506471894221
241,High,0.7941612211659763,0.2640309059108716
242,High,0.9712240012266364,0.4647077511032051
243,High,1.4207190021769538,0.6680955776666764
244,High,0.6643733252818597,0.404320486711363
245,High,1.3466071083925066,0.7322221634513397
246,High,1.408795430047233,0.8716486580986214
247,High,1.1152662717072044,0.6738487134928022
248,High,1.0311944467955665,0.4753396062853028
249,High,1.238568553121992,0.8322363583583581
250,High,0.6463112362176454,0.3005666486191245
251,High,0.6126215606441769,0.2996137881495713
252,High,0.8585631639966163,0.4834678761100264
253,High,1.1384569243728393,0.5145925845663868
254,High,1.0826521825600652,0.4686861593054914
255,High,0.719642135745987,0.3161331400483576
256,High,1.2870292130232337,0.8291773792017239
257,High,1.1302310118017118,0.4959117560486135
258,High,1.0671882400907178,0.6019171476165752
259,High,0.726497135850119,0.4444467864748702
260,High,1.026254584222806,0.5109849891012601
261,High,0.5839927250076584,0.2683143297113588
262,High,0.9466851052674404,0.4989969018219113
263,High,0.7824544960071678,0.3434632395392256
264,High,1.1029046508523122,0.7111100816428007
265,High,0.6647836666687853,0.3364307242687232
266,High,1.315901883158413,0.7238435102409113
267,High,1.4653082529451402,0.7845212614342643
268,High,1.0916488164066385,0.5336380932594977
269,High,1.074609524105055,0.4188294699008139
270,High,1.1141823119118883,0.6299240611753447
271,High,0.7117049313697286,0.4380130966054878
272,High,0.9346290656902012,0.4319713562424425
273,High,0.5797128443531085,0.3361320113661321
274,High,1.1970037825849118,0.5811577018601071
275,High,0.7578723525568697,0.496688526021444
276,High,0.6744337858807867,0.3219451426384765
277,High,0.6550142598680287,0.3173885376250638
278,High,1.3823625264795427,0.8086108430140087
279,High,0.5914592283908952,0.2917181701518601
280,High,0.6967253407056937,0.2743795727242784
281,High,0.98739942704719,0.3219586946532331
282,High,1.1905288181573328,0.6609725785557998
283,High,1.1200195353594435,0.6151261424017349
284,High,0.6400302940691085,0.2852078010503547
285,High,0.8516235818723146,0.3694320382756757
286,High,0.5181980333963321,0.2064640828689619
287,High,0.789066723781785,0.4224188359938949
288,High,1.3218492037637468,0.5947160915929999
289,High,0.7069562232703025,0.3046057801660495
290,High,1.172393458464975,0.6073250896801881
291,High,0.7505126830265982,0.3881859873221529
292,High,0.8590299443038598,0.387085934507489
293,High,1.1287692811063563,0.6202265575134334
294,High,1.3588476255226285,0.6561423347330759
295,High,0.8773039090376655,0.5077596701694489
296,High,1.3635783915001125,0.6726435381141584
297,High,0.713040771520465,0.4539951594010745
298,High,1.3781302894232377,0.4660026148781355
299,High,1.2820691603180898,0.6668594888766535
300,High,0.6208184892008457,0.4288555785007446
301,High,1.1055321397360744,0.5199388532601859
302,High,0.6806411107666591,0.2895414146052033
303,High,0.7175350097540533,0.269083177010053
304,High,1.2652059780204723,0.5603844712381942
305,High,0.9182113958909984,0.3799916143692528
306,High,1.489666532905352,0.7129471001651666
307,High,0.8855507683161956,0.4553445196099801
308,High,1.4454002426492774,0.5802696686434388
309,High,0.7025730045117066,0.267609774760615
310,High,0.8970351181179324,0.3992818738067996
311,High,0.7307028907956425,0.3892681145934915
312,High,0.8108789976505908,0.341361617867399
313,High,0.5995686164527018,0.3487814297585316
314,High,1.088123026104645,0.5191090995324146
315,High,0.752643661629667,0.284728691027766
316,High,1.2592766405766969,0.7628950502377592
317,High,1.220114374324404,0.4902861695695719
318,High,0.797056691597223,0.3204566092644967
319,High,0.6270166605991372,0.2848236983669494
320,High,0.8699505317329224,0.4351872679890647
321,High,1.077602193373375,0.4659801270440056
322,High,0.925286444365878,0.5981184125065226
323,High,1.4753792878320875,0.6598940654369443
324,High,1.3249782589482555,0.5429255546524985
325,High,0.87371245030804,0.5464020493602675
326,High,1.0904929527311262,0.4927780931066934
327,High,1.0236690906202446,0.6158823865993384
328,High,1.4529379358008605,0.6246042852868356
329,High,1.367768701747,0.5450424499369433
330,High,1.481812713934005,0.7181155066118805
331,High,0.6258472068319554,0.4056116563400209
332,High,1.333606516185637,0.8427706025938448
333,High,0.775472391221238,0.474330267647403
334,High,0.9104559005706938,0.4352513232961001
335,High,0.8363151480718243,0.3637954368746676
336,High,1.1332129198732468,0.6066122904042004
337,High,1.1510658612337892,0.7461671867222037
338,High,1.0494601193536883,0.5643057082538974
339,High,0.5144999734407696,0.2742988945573898
340,High,0.5064121675917713,0.1869606480591379
341,High,1.1987989425870151,0.5463884389314018
342,High,0.9705649376268256,0.4060683062455439
343,High,0.5962685611609505,0.272824826788451
344,High,0.8001523167549993,0.3562925020774159
345,High,0.9405965248358684,0.4176720306705022
346,High,0.7155919307959259,0.3255856200092211
347,High,0.8625239979835528,0.3610474870462781
348,High,0.6546133801679905,0.3196305536444015
349,High,1.3992146319578065,0.6140519819586956
350,High,1.2158336018867542,0.7169236115072408
351,High,1.1822615431193495,0.5831255471951806
352,High,1.471497755794379,0.9255797024631818
353,High,0.5777714186726376,0.2164786583715319
354,High,0.8298422305630205,0.3584565587576094
355,High,1.171377548203551,0.5456805193406495
356,High,1.4066824704950776,0.6004388086721235
357,High,1.031740114528245,0.4352017630627358
358,High,1.2286401968856069,0.5167174186367163
359,High,1.0700048933000592,0.4424160432864141
360,High,0.5007585820492184,0.3283957672637072
361,High,0.7887496837151102,0.4712618875958441
362,High,0.885813706215655,0.2844015218293307
363,High,1.1601316839930438,0.6206723381310013
364,High,0.5032663696696831,0.2682242659449656
365,High,0.8052780302436359,0.3640604677437906
366,High,1.4360308059916649,0.5453058072279191
367,High,1.0969999788169136,0.586655239231689
368,High,1.163880400462301,0.7163213890642339
369,High,1.482956063529531,0.6161167868062876
370,High,0.5710352015716146,0.2364974851782904
371,High,1.3764599192119236,0.6568953876697634
372,High,1.079529684982428,0.3484162897609622
373,High,0.6854355963544103,0.2773306057875757
374,High,1.368866202249246,0.8295086343324556
375,High,0.6650942512469364,0.305093785898066
376,High,0.9536921029015272,0.5089358613204382
377,High,0.86284707548649,0.4688595193438374
378,High,0.9339021618436236,0.6604584461310594
379,High,1.490281550150344,0.5582872125884535
380,High,1.1784045936439915,0.6861777982485648
381,High,0.6563447590863846,0.2358475790318195
382,High,0.7274852151184932,0.4652778656001572
383,High,0.8754003030913917,0.5129301701581568
384,High,1.3319042564086492,0.5751325107177792
385,High,1.1985658825226704,0.508360707196104
386,High,0.5725536871167589,0.2543355772257669
387,High,0.7004088746602848,0.4905662616920239
388,High,0.967310047571456,0.5005959758275367
389,High,1.1795572272913857,0.6207053398177607
390,High,1.3143195557148202,0.5268728598971393
391,High,1.4261723841406808,0.5854695779923418
392,High,0.905532062972218,0.527031150602113
393,High,0.9678168149771902,0.5473665296414367
394,High,0.8315097451159057,0.3694866295132328
395,High,1.0934093114604737,0.5075936244412134
396,High,1.4669308479901146,0.7466452094299569
397,High,0.8451302400754012,0.4111782159085209
398,High,1.3418936875095189,0.5439282146218716
399,High,0.8980411939296513,0.5336285870114921
400,High,1.1262992603848545,0.6711467653503007
401,High,0.7695463720930795,0.4977508120401097
402,High,0.7419808889059626,0.4888369576666207
403,High,0.8291292166104898,0.4854043790784459
404,High,0.9776746612667676,0.6098371260082445
405,High,0.6609580080066924,0.3681034643918224
406,High,0.8368431073157867,0.4711450889831354
407,High,1.2326523063634984,0.5439362289964009
408,High,0.9294936377722728,0.4499353186471211
409,High,1.0042057218031195,0.565486215261501
410,High,0.7638783647340994,0.5705113298834732
411,High,0.9235013087097064,0.4538781410017378
412,High,0.8115385637006478,0.3111449460167108
413,High,1.200792590878177,0.673039919754288
414,High,0.6039585168423284,0.377265085791997
415,High,0.5464226519570445,0.2924500983534983
416,High,0.5339366759427991,0.197265849140134
417,High,0.7223131298796995,0.2684670165168512
418,High,0.6181311350497247,0.2307428984048485
419,High,0.728798472843043,0.393480739108881
420,High,0.944580455402533,0.433897339969576
421,High,1.4175455222445037,0.6263404964012835
422,High,1.1001371218321976,0.607309982563109
423,High,0.7838711700027376,0.3810768157797781
424,High,1.1820148858333202,0.6717098165453734
425,High,1.1112644873329058,0.6849078568900211
426,High,1.0536773792996406,0.4735728012078226
427,High,1.4480830837163865,0.8739215251196981
428,High,1.3384887313458609,0.6842878476145273
429,High,0.7449753175907347,0.3496867251564026
430,High,0.9643196114027864,0.431394026425707
431,High,1.2305838520150256,0.5890072952080345
432,High,0.7497518928859896,0.252600352566219
433,High,1.283667415940522,0.502580152722814
434,High,1.264197574940616,0.7988427031090453
435,High,1.277861969829701,0.5827047114576942
436,High,1.16954338770375,0.4879214641963614
437,High,0.7234682258250189,0.5347399640159267
438,High,0.5631828558481482,0.2362087823921186
439,High,0.6556570800627982,0.4054793121352702
440,High,1.1877101390341551,0.6484722651858021
441,High,0.5075233461819896,0.3385837756269438
442,High,0.7929644416467989,0.2797235812207219
443,High,0.907611917330125,0.4861625608065623
444,High,1.1761397896339651,0.4883095541420914
445,High,1.2965413616194312,0.6281645026447791
446,High,0.8710968162031603,0.3869879237687357
447,High,1.271203547595535,0.511175418865335
448,High,0.5850750738056436,0.2133662398109841
449,High,1.0928898017447222,0.547887410284261
450,High,0.6470918273581179,0.2536589778188229
451,High,1.451638014036564,1.030965183176363
452,High,1.3666235381349592,0.7152475304967396
453,High,0.6136778339828619,0.3369915758974926
454,High,1.0687544457438256,0.4632460019795985
455,High,1.0126363010228103,0.5822156912333725
456,High,0.7565794873409962,0.3186692160264641
457,High,0.7431291771186811,0.3821514508179575
458,High,0.6869284012694167,0.3408096590513096
459,High,0.6705814318054407,0.3128079364712164
460,High,0.5244883715643358,0.3136801595229173
461,High,1.0233949187299474,0.3854040686797404
462,High,0.8955817260732122,0.5147196360368298
463,High,1.0942159549589223,0.5968004939996518
464,High,0.5114204148175584,0.1924760876604274
465,High,0.5607679799380179,0.3988106647694209
466,High,1.120915245942833,0.6359052170830068
467,High,1.384751055307338,0.5132099320796328
468,High,1.273940551344575,0.5237550808165707
469,High,0.6068553345242926,0.4293447801697141
470,High,0.5299877003534627,0.2536095026266594
471,High,0.5675917993231792,0.3158364594900718
472,High,0.8542186557667577,0.3752658155819901
473,High,1.152611094621581,0.7793143848067814
474,High,1.4441651921384846,0.8036085186843707
475,High,0.6873812602435537,0.4576837342647479
476,High,1.2049706056298275,0.4491600859903855
477,High,0.8864295877403048,0.3335832900333244
478,High,1.165375668931647,0.5642904178045569
479,High,1.4771357187242824,0.5296238476241086
480,High,1.2319518072779458,0.4884742766572287
481,High,0.7630944015461014,0.3713604149299669
482,High,0.5474889036476542,0.2131069054768382
483,High,1.4525487481309027,0.5931642374514468
484,High,0.5224610192159539,0.2436461191639551
485,High,1.2530242149977,0.9434813042629742
486,High,1.3850087752336888,0.6797444404044484
487,High,1.1840379224141273,0.5028608620925752
488,High,1.380712851610873,0.6652423686326756
489,High,1.141931219279537,0.5311626984293838
490,High,0.6290151495962542,0.3521133030636818
491,High,1.0074868308744933,0.7281406040646345
492,High,1.2129302705785188,0.5753103354143434
493,High,1.2193914530561625,0.7339583214842378
494,High,1.1135951964812567,0.6912617113935084
495,High,0.6905807822092034,0.3334105553711382
496,High,0.575015564714679,0.2440898578680901
497,High,1.3396864530979535,0.5956561863308849
498,High,1.0800933123818823,0.4890758761082878
499,High,0.5848184396245686,0.2761319474557098
500,High,1.2466683334773394,0.4351708651041832
501,High,0.5784287677763494,0.3021089556654459
502,High,1.4324038270355397,0.8250606172699122
503,High,1.3914593039220535,0.5660373645154664
504,High,0.9259024838053856,0.5144154268684389
505,High,0.7012307915328343,0.2939420222702509
506,High,1.3739121977592617,0.6491731241387129
507,High,1.2235610200927771,0.5511217665524271
508,High,1.303772767396567,0.5209887821917647
509,High,0.7186782976567975,0.4477288696469657
510,High,1.0242499148038235,0.4949467707757264
511,High,0.5333464348595658,0.2800478275520888
512,High,0.8214811799630272,0.3539459362154744
513,High,0.8327878484431719,0.4055515035478123
514,High,0.5484745154002068,0.2089278712170532
515,High,1.2985137629162695,0.5011036096561554
516,High,1.3626843374075588,0.8838150133624652
517,High,0.5010668702574586,0.2264449264443158
518,High,1.4282708274163274,0.7789050699281006
519,High,1.0527724498162687,0.5637938506309155
520,High,1.2806530834024814,0.5045337855165428
521,High,1.3560060549161426,0.6196298133944964
522,High,0.5644027145692644,0.2344538169943035
523,High,1.1567784664857883,0.4059655680239871
524,High,0.8606395267663915,0.5105737105289023
525,High,1.223640445741764,0.7693663779461133
526,High,0.8789450151187501,0.3753140223294835
527,High,1.4790543418506328,1.0130609766093244
528,High,0.9331617287217108,0.4412796975684614
529,High,1.057409074817741,0.5314549665289974
530,High,1.361007286066653,0.8680077470397123
531,High,1.491010257026076,0.6283793636377766
532,High,0.5240641732712196,0.2020330023888732
533,High,0.8620694608151549,0.3657856313087322
534,High,1.4421103542149225,0.8329643923413528
535,High,1.017333455262755,0.6029463237041597
536,High,0.5673102998153079,0.1888029944121356
537,High,1.4377612074084505,0.5697942796040394
538,High,0.5947808326285872,0.4076842847704967
539,High,0.8893867203046041,0.4872818417205593
540,High,1.4483287797288216,0.7050578497246249
541,High,1.1040797559166924,0.6251151482574784
542,High,1.0272467626451809,0.4715893933327777
543,High,0.7050456864672915,0.2909917767896033
544,High,0.9013285661795276,0.5590479518970284
545,High,0.7722359183941476,0.4330359358722546
546,High,1.325957128736276,0.7574619366465072
547,High,1.2022688436488669,0.6621396008995504
548,High,0.7844885828260497,0.3563487531362952
549,High,1.0627848907404336,0.4921201447399284
550,High,0.6034250243925716,0.3475434207717356
551,High,0.7728018183898299,0.3733378411754842
552,High,0.7817494314553589,0.3370679461123984
553,High,1.2513002897599577,0.5492477952805359
554,High,0.5480211531668626,0.1727246279860566
555,High,0.9430427917488836,0.4304149662589509
556,High,0.6431485771282477,0.3770418803353266
557,High,1.1443230737570982,0.7051034168263897
558,High,0.9784440943214476,0.3888383809325049
559,High,1.233194733212981,0.6282509341034341
560,High,1.052434961921285,0.362543677640744
561,High,1.4604174223638529,0.6877797534745156
562,High,0.8649664220250914,0.4208467378267784
563,High,0.6862279337838234,0.3364101363875704
564,High,0.5002456562410903,0.1908851645699378
565,High,0.9543490968418598,0.4102715886275234
566,High,0.770440022836725,0.3734067702005958
567,High,1.1733864301308703,0.6598755106851826
568,High,0.8369839146668132,0.2959484894819866
569,High,0.8538521489016548,0.3264723857373468
570,High,1.2181563011953844,0.4866392454303394
571,High,0.701940775474876,0.2604055844638537
572,High,0.6228440005227678,0.1961993190683948
573,High,1.14951048054302,0.5440475890863894
574,High,1.2449438315524817,0.5085614026441618
575,High,0.5223502104131809,0.2955618076323389
576,High,1.4799313614746676,1.076083633121499
577,High,0.859439584243309,0.3141460601850383
578,High,0.6452380792434647,0.3405019420061492
579,High,1.493210848631927,0.6810022156520148
580,High,0.9839804755112692,0.4013217758709686
581,High,1.1804938899897488,0.5427786263310566
582,High,1.4699061657196455,0.5136608086074119
583,High,0.9634976682038846,0.5754281322913926
584,High,1.4779659252833928,0.7459061276052381
585,High,0.5816274816961124,0.3155349669384932
586,High,0.545645333986887,0.3050134866788809
587,High,1.4404767438448105,0.8315445290171226
588,High,0.970707128628195,0.6563039643060193
589,High,0.8562301833261325,0.3612639087862916
590,High,1.443711555154955,0.6592020435495414
591,High,0.5158362479143748,0.2367940130362456
592,High,0.734555450177166,0.3263703275832128
593,High,1.002143442145019,0.5584858917855371
594,High,0.6515808461371156,0.3757085666492301
595,High,1.2465181045689022,0.7225257672950818
596,High,0.981083592225531,0.3601651619821382
597,High,0.6150235133375885,0.2350716157762065
598,High,1.476381184470282,0.6840635560961914
599,High,1.2569656105790243,0.7564730790252128
600,High,1.1530319862043248,0.4668550761077341
601,High,1.4635318408056253,0.5165530403689615
602,High,0.6542063323763498,0.2705791904158516
603,High,1.336729444951037,0.8543848613956015
604,High,0.6059253275915011,0.3371970892241194
605,High,1.211009869303675,0.4876716820563445
606,High,0.531072856618045,0.2359002885577155
607,High,1.25032716075297,0.4819579836463106
608,High,1.3614724109177525,0.8154013319229989
609,High,1.2389329535726656,0.4952779794331547
610,High,1.4193979310094471,0.7662120381429816
611,High,1.078977710229251,0.4557749807654829
612,High,0.6368622358871205,0.3129018673366346
613,High,1.3047275107532084,0.7492071567290566
614,High,1.4666475888841837,0.7408597792795888
615,High,0.965869713105451,0.502755108212412
616,High,0.7770178015529109,0.3911972195220841
617,High,1.3702277207823406,0.876618444994989
618,High,1.1913063236789094,0.6820862478194982
619,High,0.8207191297855927,0.4750748377514924
620,High,1.407894230101956,0.4964670591333942
621,High,0.6408591583056729,0.3291110988941526
622,High,0.7055819957196996,0.4476863328294342
623,High,0.7710512365989857,0.304358078063089
624,High,1.3483472831183925,0.4786048551060702
625,High,1.4174786732522386,0.5405456511126516
626,High,0.5152862639534699,0.3266886384810377
627,High,1.3579090997820362,0.7610507474382189
628,High,0.8137752636271849,0.5033558234765962
629,High,1.4149280288762287,0.5171977753070252
630,High,1.1630436831532591,0.8372434709283709
631,High,0.6573438377254952,0.3053114638517797
632,High,1.4532705066085398,0.9098427757717502
633,High,1.396014993318359,0.5789295316732392
634,High,1.4844612961197998,0.6046471598327514
635,High,0.6585084417486053,0.4057397078647753
636,High,1.242566482373043,0.4743592413911983
637,High,0.8828671489230111,0.5837197667554364
638,High,1.302623437626954,0.5083070538615431
639,High,1.4264586556831484,0.6783988452226168
640,High,1.0852167339815848,0.5120482442955279
641,High,1.2084621331144527,0.5281459232178349
642,High,1.2480862320611656,0.4382476705086162
643,High,1.34605435141992,0.7191971508258206
644,High,1.390628699392483,0.531719748897217
645,High,0.9138687902520712,0.4568689208086169
646,High,0.9069390235626166,0.4238565132383201
647,High,1.4543590090958376,0.6735883391304753
648,High,1.3481414271009162,0.6143680569236096
649,High,0.8511722342489532,0.3211833552173004
650,High,0.863998606295572,0.3899521052831218
651,High,0.7659939553915326,0.3061895987349246
652,High,0.6915451153604004,0.3748864577007893
653,High,0.8837021146041731,0.317560673829405
654,High,1.4169169406222144,0.8086657572422382
655,High,1.4519097480377776,0.7327449685102181
656,High,0.9878355812680414,0.685355534349398
657,High,0.5753151331703232,0.2555637169497942
658,High,0.6336781524845899,0.3046153034848089
659,High,1.2921949054153647,0.4254509124606187
660,High,0.894415119886972,0.3372789961709017
661,High,1.4979939327165996,0.6390947050726794
662,High,1.3002997984573597,0.543973172897438
663,High,0.7296560912264761,0.2758328871498321
664,High,1.084739619376124,0.4342722122828206
665,High,0.7569416936440541,0.4005767853374848
666,High,1.4867406187725896,0.785646478347104
667,High,0.6617808890520982,0.417099658146185
668,High,1.2421842492739126,0.5929721159344581
669,High,1.3768936232555535,0.6383002429463147
670,High,0.918513921840416,0.3769893873139835
671,High,0.9796368322943496,0.583743614324618
672,High,0.5421864744934268,0.2036225537260776
673,High,1.0837533407851745,0.594680047408076
674,High,0.8267023277448948,0.3930394339902321
675,High,1.032930393284848,0.4913139280886582
676,High,1.0607148583124677,0.7213390482909574
677,High,0.7095267444144748,0.3247165856878311
678,High,1.166329057098906,0.4647861702865867
679,High,0.6087048348310978,0.3130028453150331
680,High,0.7413064321743528,0.5077727754343897
681,High,1.2914938065821784,0.9385227673958808
682,High,0.969569184409538,0.4735924176471684
683,High,0.5177237739395508,0.3402139091656622
684,High,0.9724481931567052,0.541929681976896
685,High,1.425021459392172,1.0518772050108112
686,High,1.148592937265267,0.7275222712326723
687,High,1.278689559021959,0.8396858223139816
688,High,1.005376010066084,0.4556006972612749
689,High,1.0432463409446604,0.5447359664053124
690,High,0.516331465308348,0.308252325671674
691,High,0.5270228702241263,0.2232850536905672
692,High,1.4313153118285142,0.7290995891830505
693,High,0.8257483502790297,0.2615203387370286
694,High,1.422349559286857,0.5591943320697368
695,High,0.8731781163663874,0.3862855465703489
696,High,0.9063792762673326,0.4162929728209832
697,High,1.0190155471602913,0.4874521247112682
698,High,0.8782727214670155,0.3421351946909752
699,High,0.6093080278312639,0.3859808423397339
700,High,0.7293942075249615,0.3840451829198983
701,High,1.35230422347349,0.6370746503758795
702,High,0.790942358438161,0.3202642033527141
703,High,0.8083467593075131,0.2794222396204162
704,High,1.2936568669332231,0.470460063941303
705,High,0.942356207855182,0.5971774000783228
706,High,1.042342790573021,0.5977891613834032
707,High,0.9762413784133452,0.6814085766428946
708,High,0.5941964119231151,0.260497411209954
709,High,0.6351631205703872,0.3024314335978175
710,High,0.872896114639424,0.545783135315645
711,High,1.332431099057259,0.4829516203008381
712,High,1.267340370786557,0.6733721499280279
713,High,0.5284155290690753,0.1621316305795552
714,High,1.0386183238716329,0.7013152743477207
715,High,1.332691135122296,0.646969738249723
716,High,1.230025667887956,0.6827174013307058
717,High,0.9485987068803406,0.4425799797882064
718,High,1.119612725006987,0.6478026907667243
719,High,0.8408488446605638,0.2816713217170132
720,High,0.8658280301276493,0.5066006969156973
721,High,0.6260244604671197,0.1971874295864388
722,High,0.5622071880276905,0.3024934064971987
723,High,1.1769325300359592,0.6665682156548627
724,High,0.6316845834561533,0.2261986068684081
725,High,0.8445551801502957,0.4040302409961711
726,High,1.3279826695216386,0.5666411082250562
727,High,0.5508982751869731,0.3302878291629199
728,High,0.7573501263807663,0.3006316675388731
729,High,1.1189033517813316,0.4243938011637596
730,High,1.4308152849854303,0.4905990416796584
731,High,1.161008077623834,0.4291369545197767
732,High,1.3269031659582078,0.5009259352811597
733,High,1.1885907721857825,0.7389818824518102
734,High,1.0471221004201543,0.4451131056007114
735,High,0.7869051826100876,0.3466693598062775
736,High,0.8172679749141305,0.4364732564322935
737,High,0.5998505100970095,0.168937505438226
738,High,1.4491902059199635,0.7440943574351877
739,High,0.8814190815798308,0.4194646589676978
740,High,0.8272568726407832,0.360297850489701
741,High,0.7337742711977187,0.38930131668792
742,High,0.936312239575254,0.42751776767264
743,High,0.610057087827436,0.2611187869390505
744,High,1.3295805097214983,0.5518313605622751
745,High,0.8048638906292387,0.4643258838392938
746,High,1.4836297962091376,1.077436958052289
747,High,1.2019818704229737,0.5341996475190314
748,High,0.5581942839999738,0.2310791187071785
749,High,0.9570745600765492,0.4121300710174296
750,High,0.938121416318238,0.3336990443854901
751,High,0.927077868397455,0.3546696303766907
752,High,0.904788329070377,0.4338048989712888
753,High,1.118489424673552,0.5724913306845565
754,High,0.8278273412467899,0.4496069319970104
755,High,0.5923006226959655,0.2248382300218168
756,High,1.3854534642690792,0.5454621861875779
757,High,0.9912473471178792,0.5240604844986905
758,High,0.9274536452274704,0.3948868455028318
759,High,0.9750855888301138,0.5245411750468634
760,High,1.1124581438259402,0.5769374841642048
761,High,1.4694190994459753,0.7890019856668289
762,High,1.0101351909678078,0.4211505986711898
763,High,0.5107970025135509,0.1789829615689093
764,High,0.9940305119026948,0.386515053343814
765,High,1.1584811409784657,0.4419342098993866
766,High,1.416320702776274,0.5817256024655961
767,High,1.0339566724428968,0.4449192664152548
768,High,1.3642599921105136,0.7560773122183377
769,High,1.3073155338852809,0.529277785679966
770,High,1.1232195269970493,0.484425437994318
771,High,1.4654113501113946,0.694754571277258
772,High,0.7774098921505632,0.3075834476575707
773,High,1.140612099621313,0.7094734202849793
774,High,1.378995738314773,0.6780666640483162
775,High,1.0164134265483238,0.7164460258016305
776,High,0.7356102549412982,0.3795016787982916
777,High,0.6894572290167749,0.3230312773406254
778,High,1.0045661825579857,0.5647470118307609
779,High,1.2399711288041295,0.575367395296638
780,High,1.0960638979953965,0.5788695144270548
781,High,1.312080550866515,0.5997525742734382
782,High,1.2567606259447208,0.6321467255519195
783,High,1.4643538252756731,0.8315168109159004
784,High,0.9663278855136164,0.4511829793639208
785,High,1.2206390682313937,0.4581526104799849
786,High,0.9415864724543792,0.3843633205734278
787,High,0.7985918020417551,0.3127382053328418
788,High,0.6104047966325192,0.4126794794957078
789,High,1.4644523423435976,0.684656469809056
790,High,0.8315747249845091,0.4747859566538892
791,High,1.0591132050292418,0.4729634855405322
792,High,1.214460981251082,0.4939382935237404
793,High,0.8104744405405492,0.4910604912461451
794,High,1.4686092678697131,0.485036136254493
795,High,1.0091037544120214,0.5337933350724455
796,High,0.71413564105662,0.2823135233299112
797,High,1.057762440467311,0.7559805292386272
798,High,1.1446332175021143,0.3950884586923564
799,High,0.6748738891087898,0.2645269379987596
800,High,0.8927088420764535,0.5950747196535957
801,High,1.0679654474524716,0.5463822822119511
802,High,0.9321999878071489,0.4277217881877675
803,High,0.721005478717254,0.4154086776192258
804,High,0.9832280486943562,0.4142380706058333
805,High,0.9579551837758143,0.4020987095842798
806,High,1.4594847160771396,0.6334856347533844
807,High,1.2230556537848942,0.4954219457415973
808,High,1.4942121344095844,0.6620981776266177
809,High,0.7849033495287545,0.4075481509200216
810,High,1.377514298287846,0.66444689310363
811,High,0.865701131687391,0.536961935946195
812,High,1.1092009499307394,0.4386591201921987
813,High,1.2176525040630977,0.7395231064345325
814,High,0.6877648763178879,0.2963020750255367
815,High,1.366840888311806,0.6009617323770868
816,High,1.4212354158496885,0.8658837252029912
817,High,0.5514174225193185,0.2856660418603454
818,High,1.0642227858880902,0.5005881049428353
819,High,0.6662939795087602,0.2985800014624189
820,High,0.8236495076099193,0.3450213583506851
821,High,0.8429316206150311,0.3676547319360921
822,High,0.989475859517122,0.573055586458878
823,High,0.668142277144495,0.2844410584754371
824,High,1.414053300719555,0.6682255922097369
825,High,0.9655992946704576,0.4209569895999152
826,High,1.471021592021446,0.7228981113357946
827,High,0.5351727005393763,0.2423497890490296
828,High,1.1348202991562484,0.65303403405143
829,High,1.176543315784485,0.6368829815856856
830,High,0.7378069223362907,0.4630877305861531
831,High,1.0120048526831855,0.5344536017016424
832,High,0.8880350811693597,0.4339234631561481
833,High,1.2311209664459604,0.7068632662044791
834,High,0.5451489223076195,0.207896739271586
835,High,1.0478743169562912,0.546357591293301
836,High,1.3493133021434731,0.8404511380437043
837,High,1.2253606682544524,0.7072285916838013
838,High,1.2139089543300452,0.5780965477148641
839,High,0.8964289104801592,0.4981161993867005
840,High,1.099980181043452,0.3772876510172906
841,High,0.6027064181449149,0.2368894790288749
842,High,1.3794205322468696,0.9712335525743184
843,High,0.8189095772869085,0.3385371344997807
844,High,0.7438029254537352,0.4828026821804627
845,High,1.405887273128437,1.028437114924742
846,High,1.3273319687768876,0.4697377246361895
847,High,1.0459534193089053,0.5601285546649564
848,High,0.9632103490695852,0.705898509703843
849,High,1.4287166756826268,0.5044851205779963
850,High,0.9164805401722008,0.3495163603541513
851,High,0.8467095916038492,0.404856951435562
852,High,1.2440294725379386,0.4984572332796375
853,High,1.3207381342662434,0.6133919369822678
854,High,1.0067068459065704,0.4296659610167239
855,High,0.7350807409466339,0.3119794433950602
856,High,1.0603284400247133,0.4667248072547636
857,High,0.7815257976730734,0.4324077944142317
858,High,1.1408484499606086,0.7069856895249984
859,High,0.5973011859582247,0.309256274988968
860,High,1.3536528695062349,0.6766972556896178
861,High,0.7539568392745503,0.3633282721523585
862,High,0.904685222686521,0.5601500911716784
863,High,1.235866355924481,0.6338675244493572
864,High,0.5982401432921756,0.1966092166466921
865,High,0.7301154413044563,0.3478518419814094
866,High,0.8900248601548608,0.5342404212697431
867,High,0.6436007035303595,0.2956777629334368
868,High,0.6284190053078286,0.3329483874344348
869,High,0.5813133635753442,0.3010007626724302
870,High,1.4115247245195004,0.772506871840875
871,High,0.9966743074046572,0.4819409729714152
872,High,1.3125494781184566,0.4526789140846148
873,High,0.8819299398841243,0.5189022778164798
874,High,0.7960031704965322,0.3973450681688248
875,High,0.541747022919894,0.3343162222718234
876,High,1.3061134637114016,0.6635447061415789
877,High,1.38925003015424,0.7648789125640008
878,High,1.0714783469327158,0.5481922723526651
879,High,0.8153552613373469,0.3119027083980796
880,High,1.3416044014000574,0.6872686099075622
881,High,1.0284393727763217,0.4628842918350955
882,High,0.6458352971334593,0.2455814399974869
883,High,1.0782049687581077,0.7288672342997558
884,High,1.037302026507998,0.4729589762407613
885,High,1.2184101465776067,0.5017879823989517
886,High,0.8065220850718735,0.3579336772547137
887,High,1.3867175919073145,0.7059129718942785
888,High,1.0408909741037726,0.4206955339957261
889,High,1.039562577061695,0.6295678338162531
890,High,1.3020941768045082,0.7136539889455662
891,High,1.0405180976614468,0.5984863781454806
892,High,0.5139520228269086,0.2770012141621478
893,High,1.2840408148013285,0.5470432373698202
894,High,0.96837668809861,0.4470955875118818
895,High,0.961700888044466,0.4193406270445194
896,High,1.020776119263979,0.3188409938002721
897,High,0.7151627943975712,0.257238965039626
898,High,0.6818328199836753,0.3980143434494323
899,High,0.8668587756491712,0.5607807005106196
900,High,0.5281360232445728,0.3036520588053832
901,High,1.132224803559137,0.6830029212267021
902,High,1.0217606061048945,0.4441885125797
903,High,1.1993556251453026,0.7614944346625805
904,High,1.489151438552336,1.0531957350136452
905,High,0.7487207997192258,0.3134437265838841
906,High,0.5821302573970788,0.2836308919172836
907,High,0.5098061645352504,0.156606087606562
908,High,1.392025659679752,0.5283483601577927
909,High,0.8576944905688811,0.4227595665108623
910,High,0.9211651586675028,0.560561118481786
911,High,0.711963587121817,0.3609821554088981
912,High,0.5596374190553349,0.2366879820678065
913,High,1.2128377375421264,0.6295790462875175
914,High,1.4154948389404989,0.709533599469296
915,High,1.2551411045582976,0.7315088345373653
916,High,1.1581933344877442,0.6207776761047654
917,High,1.254796192537566,0.5417291281019345
918,High,0.7465409713139214,0.2838870005153922
919,High,0.649036817737624,0.2596951511511776
920,High,1.1202885854758555,0.4433055757562556
921,High,0.6737002029707491,0.2677722398041027
922,High,1.136934749032127,0.6089932384473826
923,High,0.9094173197928948,0.5215684324718239
924,High,0.8395251548031607,0.3302925050441487
925,High,1.1643611418207391,0.4965352706057615
926,High,0.9768690221467772,0.4546037806175604
927,High,1.137466092670663,0.7273181595131604
928,High,0.8323168361206443,0.4831775466432901
929,High,0.6232486770230837,0.3600876006478941
930,High,1.3943269461416663,0.614556249313992
931,High,1.458793250149574,0.5847641139592952
932,High,0.8984601200656088,0.3340132477817974
933,High,1.3841607478405171,0.5359744100275918
934,High,0.9774952280393876,0.5748287993266388
935,High,1.3752400497396016,0.7676195203164582
936,High,1.3148111348848808,0.639644706001306
937,High,1.1414227164875317,0.6779935186945636
938,High,1.3817229523907493,0.5686697713995414
939,High,0.9933685287150922,0.337548587540418
940,High,1.1557649627198463,0.5747553456868815
941,High,0.9396123884736604,0.4076240816343812
942,High,0.8787719153878069,0.3961504728278271
943,High,1.3550339891249918,0.516544197879071
944,High,1.4784970235922816,0.6492416659438476
945,High,1.0176988236649986,0.5562832071061905
946,High,0.5061508186104177,0.2385065768991765
947,High,0.5855926830374667,0.1899790291469187
948,High,1.3660000680094688,0.8097219709516992
949,High,0.6633237108040358,0.3627098287897041
950,High,0.95169673392544,0.4262918055942037
951,High,1.459306373756303,0.6324957918255762
952,High,0.6893498753373366,0.4683029048518108
953,High,1.296290573963286,0.8555964019376177
954,High,1.4882444734083573,0.6876490873202386
955,High,1.16586263242225,0.6187389310001237
956,High,0.9246550945672072,0.5991806586980459
957,High,1.0811162278168829,0.69120259544475
958,High,0.7741864220711939,0.3183936118884389
959,High,0.5668160776081432,0.2923387264544246
960,High,0.7967254099209029,0.3174710524381581
961,High,0.5791761991002139,0.2414573104391095
962,High,0.7028893856932876,0.4866975914375615
963,High,0.7197459015549317,0.2923667223227824
964,High,0.6595143737436588,0.356058860687078
965,High,0.6774856545618546,0.2749796970329754
966,High,0.5460175123047472,0.2907416746327271
967,High,1.401621178116871,0.8239064989228098
968,High,0.6121549590234232,0.3013406500929676
969,High,0.8193858720690803,0.5742163367434188
970,High,0.5645313197327431,0.3824922352715489
971,High,1.393402956096573,0.5731147560334335
972,High,1.3360149179587832,0.6299341525396756
973,High,1.351806120753496,0.8099290837962769
974,High,1.0711418046205798,0.684124843168064
975,High,1.1008253111645652,0.5234160047333205
976,High,1.4277690296967562,0.7568130093345076
977,High,1.0796277320003884,0.5042865668754644
978,High,1.0622679010538656,0.5127747423873501
979,High,0.9584189664178502,0.4413380085043172
980,High,1.2638031061825314,0.4968871422665586
981,High,0.6882684595124505,0.280689335159181
982,High,1.3544401856568378,0.5770401994504226
983,High,0.6857764313762365,0.3209886933466919
984,High,0.5344299942270103,0.2015510802929441
985,High,1.3008759776951566,0.536272729172282
986,High,0.5428930832688768,0.1695983349227887
987,High,1.1100689335462757,0.5019191914653618
988,High,0.8179184836140676,0.3744732525761378
989,High,1.055026428338111,0.7208387861619343
990,High,0.6007174665505493,0.3106740997664232
991,High,0.7684260296983402,0.2501366218772745
992,High,1.4029262680859036,0.67879540555559
993,High,0.577324994902674,0.2666972550577995
994,High,0.7641637708057711,0.5086010176495819
995,High,1.0985804909814472,0.6077479593008803
996,High,1.419598206405893,0.5373857426650517
997,High,1.309826754795869,0.6236250965238952
998,High,0.7051535962867049,0.2357869899140112
999,High,0.9088242821538568,0.3663302884255941
1000,High,0.9177591981645062,0.381986248208797
1001,High,1.4704110001508868,0.6302455616507814
1002,High,1.0720293351603338,0.4754240004157424
1003,High,0.921800492488486,0.5275665558275477
1004,High,0.8212867304201841,0.5338486064546544
1005,High,1.1513885056098698,0.5528163693767567
1006,High,0.9787778762174272,0.6700813201402411
1007,High,0.5760913956077256,0.2447081706473142
1008,High,0.7074910591505345,0.4560946291137071
1009,High,1.2241519675362036,0.5834862786813773
1010,High,0.6318816587884147,0.2655301113583022
1011,High,0.9790764482520888,0.5694174902240121
1012,High,0.6926593329384745,0.3492013635225817
1013,High,0.6596974442834656,0.3887015212310842
1014,High,0.5216082198882614,0.2626070077370244
1015,High,0.635867509772994,0.1930767414636847
1016,High,1.402135479848143,0.7441823218273669
1017,High,0.7377146714220402,0.34849112038345
1018,High,1.106512867980331,0.6266183185862673
1019,High,0.7205852605059793,0.3413876682532475
1020,High,0.6753360919484889,0.2568739383625384
1021,High,0.8186527463910129,0.3418853131001711
1022,High,1.1706336521771972,0.4172887211408209
1023,High,1.3370103887706386,0.7130607762816226
1024,High,1.1956383115703364,0.6247069005223835
1025,High,0.8332669764556582,0.3448820902492926
1026,High,1.4203606770626602,0.8375297282647978
1027,High,0.5320251582572038,0.2676734787287387
1028,High,1.3921251683452878,0.8305787562267426
1029,High,0.7665230909763695,0.3373415119251035
1030,High,1.1926564297578337,0.6160698937822531
1031,High,0.8029543659621665,0.5095613441052222
1032,High,0.8416162165005728,0.443240799029752
1033,High,0.5350262156653933,0.3361517715548174
1034,High,1.4027772568871697,0.7488451719557219
1035,High,0.7368524371285885,0.3313871364254481
1036,High,0.9815769128942292,0.6263878553784679
1037,High,1.281158270751782,0.4975872848572464
1038,High,0.9286775314531368,0.5336091391872486
1039,High,0.6266863515522024,0.2250607808728304
1040,High,0.6073698228012024,0.3337246916804801
1041,High,0.96267659953846,0.5208749356394407
1042,High,0.9593021670439692,0.4436800581873115
1043,High,0.6788977103335304,0.2933196604578043
1044,High,1.330046941067911,0.6232273779223902
1045,High,1.216465728034131,0.4948625143706238
1046,High,0.7517324283771805,0.2628564691756807
1047,High,0.7651033986403686,0.4416076706606162
1048,High,1.4953473818850296,0.6899639415642014
1049,High,0.721470401945722,0.3147913977153465
1050,High,0.8910514850906996,0.3888568247250035
1051,High,1.4964336413855055,0.5567991200297513
1052,High,0.8931237752649238,0.6063091451291172
1053,High,0.9108486946523264,0.3824415333589286
1054,High,1.4039572048390765,0.7315213574140671
1055,High,1.1145352557146628,0.4805573353117438
1056,High,1.2667790370275944,0.4872685296687962
1057,High,0.8011531503936156,0.5019765544219581
1058,High,0.5134675071765608,0.3263644263035203
1059,High,1.35977690136742,0.7745816382704902
1060,High,0.8506414098527643,0.4193443998017727
1061,High,1.2346341046594675,0.6366960225425942
1062,High,1.0979961726165053,0.5601732213680606
1063,High,0.7107273613061141,0.525487247410382
1064,High,0.5786632107473615,0.2482370407360505
1065,High,0.6973575124667021,0.3814500824198319
1066,High,1.3686398838629628,0.6526349696090392
1067,High,1.3154287396133972,0.6751542953992811
1068,High,1.474543358813969,0.6273483494047412
1069,High,1.0690717177654765,0.4648758468608065
1070,High,1.007032834125976,0.5407219639686218
1071,High,0.935082933619808,0.4666265163296543
1072,High,0.8952630938162914,0.3371127153994777
1073,High,1.101415588442486,0.5725934620235194
1074,High,1.3994692991746052,0.6942545180609585
1075,High,1.3638999392997828,0.6966813617280536
1076,High,1.3307895638399825,0.8044588997305482
1077,High,0.9472185851490073,0.4119565045678399
1078,High,0.9125077729257176,0.4638139359645805
1079,High,1.4966244778754567,0.7261686545556785
1080,High,0.5575158223339118,0.2622868333427774
1081,High,1.382953437068623,0.7996950125948388
1082,High,1.430172476008655,0.7364977390395211
1083,High,1.2850057915450428,0.7948497774547434
1084,High,1.224705574140707,0.4265318980122288
1085,High,0.7764186075877197,0.4391425468367345
1086,High,1.0153910508126582,0.6493066766360585
1087,High,1.2801277744860506,0.4494955068931716
1088,High,1.3044094180618635,0.8241286060915911
1089,High,1.1431390490485565,0.4974037084102463
1090,High,1.215178739091268,0.543623294894445
1091,High,0.5567706217229584,0.2302696284108059
1092,High,1.061059046529146,0.6369810094341233
1093,High,1.313472167427128,0.5937652612231972
1094,High,0.6144352873800726,0.4168771204612369
1095,High,1.1166990811718307,0.4195467004452382
1096,High,0.7737942002784867,0.3525206733542205
1097,High,0.5326692457279023,0.2102078628214023
1098,High,0.5744654369679159,0.2375562535315012
1099,High,0.985898763349213,0.4977057475789905
1100,High,0.9006868071931329,0.6344315419954825
1101,High,0.8303355528784531,0.308450710058878
1102,High,1.0018663820903717,0.4864076018056806
1103,High,1.0362122008836492,0.6090506246501235
1104,High,1.4466619424183853,0.6278877937730414
1105,High,0.913418532095472,0.3985268741989216
1106,High,1.408439772402819,0.7477363915707258
1107,High,0.8338724330898095,0.3577925433526516
1108,High,0.624195390579661,0.3789697068349298
1109,High,0.667067435301239,0.340837444759984
1110,High,0.9267009645465196,0.3888646076161421
1111,High,1.4101398923691804,0.7766936263387834
1112,High,1.4661934466926585,0.8143078147508618
1113,High,0.915486412695622,0.4067486562470037
1114,High,0.9037520407713155,0.3471939811128024
1115,High,0.635502425495162,0.3533770925439299
1116,High,1.066474038937768,0.6238257975630717
1117,High,0.8701380437608187,0.3734357478720085
1118,High,1.471903224552258,0.6898942844539278
1119,High,0.8642707572355759,0.3780744242248843
1120,High,1.374556741414407,0.9104393997417332
1121,High,0.509359884173432,0.1698801413296635
1122,High,0.9000884571148867,0.5678317932359391
1123,High,1.2978053554972813,0.6807175976561695
1124,High,0.6848741557606441,0.2284546604705113
1125,High,0.6310474989144265,0.3884907008998652
1126,High,0.5803700914183343,0.2213796790745092
1127,High,1.204461908140055,0.472408294247117
1128,High,1.3565206394331033,0.5456631707869093
1129,High,0.7611493015646532,0.5233241327023705
1130,High,0.6254735663050499,0.3137513147522881
1131,High,1.169141951011373,0.7272118589728791
1132,High,0.793672471713859,0.4856460540322445
1133,High,0.7484910210822455,0.4637384518675986
1134,High,1.076264250562212,0.6228189420305057
1135,High,0.8286530812017194,0.3963493188468803
1136,High,1.3302374355050033,0.6004902298915056
1137,High,1.3802178429190688,0.6020943112247892
1138,High,0.6128925235813877,0.2674730998611707
1139,High,0.98205496508752,0.5453625691221333
1140,High,1.262152340981619,0.5076213705389421
1141,High,0.642966098294396,0.3741206951849207
1142,High,0.7599697196245458,0.4855714131237505
1143,High,1.2901142191139956,0.7154365116985844
1144,High,1.0128390857967902,0.5738297258474603
1145,High,1.237520344365454,0.574413782064596
1146,High,0.6329758161232478,0.3129987608527571
1147,High,0.9428444475251876,0.4721573872657529
1148,High,1.2824969154140748,0.6766501903322109
1149,High,1.1104430634325049,0.6621628682330254
1150,High,0.5054979393309842,0.3287681852034509
1151,High,1.0410262355469455,0.4027227691864112
1152,High,0.7544728974399592,0.4123964392453132
1153,High,1.4267919557779796,0.5380021476695731
1154,High,0.7219529568169831,0.3234655960794441
1155,High,1.3818590391711472,0.5957528765408426
1156,High,0.8351161275237223,0.3226985826875221
1157,High,0.7512399313177058,0.4206817520019825
1158,High,0.8038130694580219,0.482802490091899
1159,High,0.6161870654638961,0.4083787239782026
1160,High,0.8722584350079983,0.3370663104281277
1161,High,1.3403425591725604,0.6722407843776637
1162,High,0.9490801963971368,0.4405895369523591
1163,High,0.9652930274231324,0.3802157743759835
1164,High,0.8924108191976938,0.3492932341494352
1165,High,1.0085229288270383,0.675349495769126
1166,High,0.6945930067114285,0.3795552757316116
1167,High,1.171771169699185,0.6777007039601415
1168,High,1.0490429418353524,0.4848919078074942
1169,High,0.882606252766824,0.3888625908169203
1170,High,1.1048159238454098,0.5865326576514178
1171,High,1.2735384248297583,0.7417112683586708
1172,High,0.6340151226956522,0.3140414097347417
1173,High,1.4749621837899725,0.5891525115261942
1174,High,0.802290337917305,0.3641970667197398
1175,High,0.5911461908848302,0.2192198666026925
1176,High,0.7160449740895447,0.3227744438683331
1177,High,1.112807835240282,0.8207684945496112
1178,High,1.3161268188956188,0.6534132929137968
1179,High,1.049842308679278,0.6989135313297794
1180,High,0.5987404547784112,0.2526628687434424
1181,High,0.5089390513368405,0.2054409775755168
1182,High,1.0559053427803404,0.5628834159558238
1183,High,1.2583731900809545,0.4924779348804691
1184,High,1.0342861546016553,0.4610052363815384
1185,High,1.2717264188520006,0.4825081425966857
1186,High,1.3196221027620982,0.6005919875655223
1187,High,0.9077866093123448,0.6103828561883233
1188,High,0.8778920361726663,0.3884836192682925
1189,High,0.8810284939473223,0.3996351391755155
1190,High,0.79528300207399,0.399614492483181
1191,High,1.13123282288704,0.4695761178134887
1192,High,0.7523280293819553,0.2899176149540565
1193,High,1.4800473277088673,0.5875451583839038
1194,High,1.002744193389045,0.428856086904176
1195,High,0.8965927425086011,0.4709976628946322
1196,High,1.0452468073161822,0.4059097916179723
1197,High,1.0368687314105631,0.6711718045248602
1198,High,1.320281536400292,0.5252067231851356
1199,High,0.8887835601938179,0.3296422080730536
1200,High,0.5233341046929912,0.2106464020403073
1201,High,0.7747989916556218,0.3338134170508411
1202,High,0.9195167781822418,0.3742083333068606
1203,High,1.4303891975515266,0.8577785890154814
1204,High,0.6780978033212735,0.3581835258649946
1205,High,1.3672483551727996,0.6554305914827552
1206,High,0.9958266768273484,0.4532541080484122
1207,High,0.6769427228709346,0.4276811485163989
1208,High,1.013387939869649,0.4650057538320311
1209,High,1.269680990963652,0.5116309999985447
1210,High,0.7782476582177533,0.467010141248906
1211,High,0.9670448810039296,0.4062676707536923
1212,High,1.3714280224406146,0.633135548396865
1213,High,0.8058335344310219,0.2994795144139957
1214,High,1.2295098170880143,0.7670122219653166
1215,High,0.6194236319172838,0.355710414509744
1216,High,1.0889118583587418,0.4427155623838956
1217,High,0.990943281598964,0.5232250474986415
1218,High,0.5527387290879711,0.2113977486995217
1219,High,0.6722494376165806,0.3928868218542547
1220,High,0.9481742906485612,0.3160787529495934
1221,High,0.7932541902899846,0.3341193842688028
1222,High,0.98553708701124,0.449334725939579
1223,High,1.372394387855837,0.6266042277221828
1224,High,1.063871647379927,0.3987767345982149
1225,High,0.5765429450377232,0.3153156190008417
1226,High,0.937792761485952,0.4274678154450697
1227,High,1.2406739469612766,0.6619413824285374
1228,High,1.0695257063638737,0.4608173999494624
1229,High,1.4926801980927378,0.862458350180475
1230,High,0.999348677668797,0.6115310052311145
1231,High,0.5943452109428129,0.2812500336072503
1232,High,0.9083908272039845,0.5005528421967824
1233,High,0.7397267561989687,0.3591200104904644
1234,High,1.1775625283327886,0.6796887328542596
1235,High,1.043629912686104,0.4353107573800656
1236,High,0.6017438110978528,0.2823676278204203
1237,High,1.0831740073548108,0.5595085162754572
1238,High,0.9316572028264366,0.673256600021702
1239,High,0.824761268118761,0.3686234890830633
1240,High,0.9501066134742142,0.4131701604333102
1241,High,1.4625590642851731,0.7162800937134648
1242,High,1.289240849928747,0.7388398022291653
1243,High,0.9315619647493332,0.4412617450566927
1244,High,0.9038561027216464,0.3050487246696605
1245,High,0.6080996096589688,0.3021626867699964
1246,High,1.321751878485671,0.6896440374694777
1247,High,0.7179350951882056,0.4514441137591944
1248,High,0.9460005934189432,0.4676601308227361
1249,High,1.0169942454023184,0.3990265722838302
1250,High,0.916849030609412,0.4747002107048956
1251,High,0.6155076603746296,0.2794955399638397
1252,High,0.7320326447745931,0.317156762062865
1253,High,1.4998755232707743,0.6458211474272701
1254,High,0.549225078027505,0.2225671106467359
1255,High,1.260353052806233,0.4578761574981485
1256,High,0.8131742773990112,0.5187939786444531
1257,High,1.2843001666856249,0.745006545662477
1258,High,0.9688270293955112,0.5552559515278404
1259,High,1.1334606890559054,0.5089452325608761
1260,High,1.0158394427005777,0.6090436845173883
1261,High,0.8764411511207187,0.35625388413996
1262,High,0.901764708124953,0.4770856075364662
1263,High,1.424200314690164,0.973970545271584
1264,High,1.474012388469831,0.6124260503833625
1265,High,1.4389685058840946,0.8453723190041273
1266,High,1.454959679274895,0.6562462677075729
1267,High,1.0945336459916717,0.4904719850942314
1268,High,1.0195798642188372,0.4289266602205543
1269,High,0.6835877695236731,0.3221890534855944
1270,High,1.3289603663089415,0.7086653573929169
1271,High,0.8913523460299678,0.4359437113991475
1272,High,0.6062479662244149,0.2980566490078402
1273,High,0.5733584523706259,0.2952525457067239
1274,High,1.00808356917487,0.6560331873213983
1275,High,0.7503810644817017,0.3087339499514456
1276,High,1.194952104720835,0.5611401369743163
1277,High,1.0947422544215375,0.3696018135983365
1278,High,0.5130393412484562,0.2026989404275063
1279,High,1.2341233617870184,0.5709491369555906
1280,High,1.0273950911395349,0.6766405578814414
1281,High,1.0510328899905508,0.4137649351633996
1282,High,0.980940060181212,0.672464111966562
1283,High,0.6795603045494292,0.2426746441015552
1284,High,1.0884249765814895,0.7399923152252086
1285,High,0.8554475828189982,0.3452234121570683
1286,High,0.5083983786587274,0.2232379451109025
1287,High,0.7387412456529454,0.4231662120350705
1288,High,1.1071209640868296,0.5852418319868349
1289,High,0.5696606149650796,0.2428688304292094
1290,High,0.5548811599342912,0.399538469168867
1291,High,1.1461208941505308,0.3590615955817071
1292,High,0.8480575904778351,0.6125420475397334
1293,High,0.5198999430371698,0.2615297487638699
1294,High,0.5440702285674633,0.2742228043445962
1295,High,1.3411785469989348,0.7591235940436007
1296,High,1.4826812235856297,0.6337665440505589
1297,High,1.2873721448338582,0.5866048761247669
1298,High,1.4984164491513776,0.5967674874164857
1299,High,1.40509480098742,0.4985808705616961
1300,High,1.3185270077631177,0.7841779462112015
1301,High,1.2896918149625785,0.4911326867204337
1302,High,1.102011188559311,0.7267015132583197
1303,High,1.1289529852241813,0.4264347697860557
1304,High,0.9203246158539212,0.3627070247645392
1305,High,1.2077406691376191,0.6644481362794323
1306,High,1.0193993590739492,0.5111264695655109
1307,High,0.8471924693063169,0.3816825013917224
1308,High,1.4675788181335898,0.6150405074373566
1309,High,1.0544483868295194,0.6467900590477598
1310,High,1.1633334623126514,0.7994593969395112
1311,High,1.389043967892876,0.6222257708026291
1312,High,1.1034809020467071,0.5686800903661435
1313,High,0.8685920367536524,0.399037580318577
1314,High,1.1978816853505467,0.5061933900358042
1315,High,0.6393633020153681,0.4120360673783239
1316,High,0.681178328990223,0.3231135307697172
1317,High,0.7674436700779417,0.3399937273750169
1318,High,0.8491970826256734,0.3293926954585444
1319,High,0.9394131526235312,0.4666225900101466
1320,High,1.0466307229846543,0.4652961324271984
1321,High,1.085795382573019,0.5339928088413899
1322,High,1.16209305576238,0.5236266546610295
1323,High,1.4414512085968272,0.7393154765171204
1324,High,1.3423840574500097,0.7769389053165412
1325,High,1.4559204149114957,0.6560343201594776
1326,High,1.0618983320078252,0.6727038273258188
1327,High,0.6508013521398286,0.3374602902252235
1328,High,0.8263159753905537,0.4961063316378329
1329,High,1.492038587092411,0.7610680712689231
1330,High,1.1828246754811498,0.4680592531483256
1331,High,1.1614412381357595,0.5315827483938733
1332,High,1.2261104365763509,0.8195875478497214
1333,High,1.0677829220362467,0.4791624516390698
1334,High,0.9256206075061376,0.603301452722178
1335,High,1.0425308369887103,0.5469139604981876
1336,High,1.275457566311391,0.7846773869635797
1337,High,0.7325216800404932,0.4106971931578158
1338,High,0.676581947108104,0.3706643705419949
1339,High,1.033331722777806,0.6671164122807056
1340,High,0.8580142086540435,0.5897475786513979
1341,High,0.5684673859516394,0.3890600576633076
1342,High,0.6622507967316864,0.2428812774596593
1343,High,1.3429463771775794,0.7382741215999005
1344,High,1.1087345944532094,0.7192843499916535
1345,High,1.1778035719449491,0.5206190343389494
1346,High,1.2574928609964786,0.6367981133420102
1347,High,0.668886523346438,0.3303319512078815
1348,High,0.5739919317716635,0.3726455135808706
1349,High,0.6843652451086119,0.2940903825407446
1350,High,1.058543969234821,0.5058424377715767
1351,High,0.9803739746185808,0.5957649081590404
1352,High,0.6446440942837146,0.2815766968056294
1353,High,0.6174546413198183,0.3330117465024429
1354,High,0.9945289980334808,0.6155402170617066
1355,High,1.1081366350262714,0.4808906707451967
1356,High,1.2491678640001866,0.5327743629300699
1357,High,0.593185451951258,0.2193028334234839
1358,High,1.2694201332367123,0.7375806747268143
1359,High,1.2791622755799834,0.6277182791119458
1360,High,1.493655911504316,0.6928031721208896
1361,High,1.487211995448101,0.6904712336160088
1362,High,0.7402717216380794,0.5112753762062425
1363,High,1.4504727633321093,0.6179929511821456
1364,High,0.5899185856248277,0.2981904531009078
1365,High,0.7977359597063893,0.4391805037688243
1366,High,1.1756594491237653,0.447233910600417
1367,High,0.5104834188368379,0.3601303214698745
1368,High,1.3556326761268704,0.875481517692208
1369,High,1.3573212966502135,0.4987186756539472
1370,High,0.6479857131108464,0.2180387981954794
1371,High,1.2723474381101765,0.5470179190692903
1372,High,1.3082866932016497,0.7665204594798354
1373,High,0.5390331012529777,0.2796081836674347
1374,High,0.664022987973345,0.2293132439440341
1375,High,0.984734658264082,0.5051403973440074
1376,High,1.286346261236238,0.6000520591011593
1377,High,0.8847658335453914,0.5055269570825658
1378,High,1.010544145305717,0.6270272127477057
1379,High,1.1500318583042994,0.6447360510353235
1380,High,0.8253711992490571,0.2798827400596408
1381,High,1.0006833528260095,0.637801081344449
1382,High,1.345209745719215,0.5816072714771252
1383,High,1.2771001475468329,0.5176415084668662
1384,High,1.49018843184326,0.6294412902832818
1385,High,1.2609847344946692,0.5355971009468306
1386,High,0.723832080939669,0.4857664717463592
1387,High,0.6200475258445565,0.3326615770853252
1388,High,1.1217234715134126,0.5461160647396355
1389,High,0.5825319426401127,0.208928263926353
1390,High,1.4069445139730068,0.6755648370250782
1391,High,0.6022897386940916,0.2762363480193457
1392,High,0.5151062829118989,0.2355791563023146
1393,High,1.3655679644797625,0.5321003689507648
1394,High,1.145709065897826,0.5192034767563882
1395,High,1.2556515781412023,0.5937974583014665
1396,High,0.9126806211768366,0.3724060265371918
1397,High,0.8749735022472516,0.3902372503629436
1398,High,1.2209754834455435,0.7983849576941111
1399,High,1.2995251709180031,0.748869236029762
1400,High,0.727906356713616,0.4335488338705318
1401,High,1.4104257213527274,0.6678421166505473
1402,High,1.2108001825744212,0.7012607684020367
1403,High,1.2068034016220222,0.474989863782298
1404,High,0.9989274886280424,0.4743167322975949
1405,High,1.3512212771822956,0.8330364142753695
1406,High,0.9370666907439574,0.3903248415269615
1407,High,1.01807012003083,0.6429358887942698
1408,High,0.988453393703299,0.4036403005006974
1409,High,0.6626235510206755,0.2673890665073557
1410,High,1.2060779534261945,0.6118288641827405
1411,High,1.1282195796026562,0.6626985013242432
1412,High,0.9206221927683113,0.6223974644535843
1413,High,1.4316785769073297,0.9750801629642468
1414,High,0.8075393662293624,0.3705429251898664
1415,High,0.667626088957771,0.2646997832021114
1416,High,1.1215578421224626,0.5891340500008653
1417,High,1.0390699900361835,0.5104326747854202
1418,High,0.8524911007853451,0.4116898761286904
1419,High,1.4002756748190306,0.8320538263121193
1420,High,0.902408455282482,0.4018010985907096
1421,High,1.3811734702342668,0.6596531151797365
1422,High,0.5470361815473699,0.219932514661064
1423,High,1.0706310945104862,0.5762989361580395
1424,High,1.1268074208093777,0.5855231991318703
1425,High,0.5720090062793504,0.2587334922577184
1426,High,0.8558286581363095,0.3870740750489929
1427,High,1.021079582876476,0.4911935566949665
1428,High,1.1566511451448256,0.6107627385416379
1429,High,0.9472844752536004,0.3702079247768992
1430,High,0.8148276835467145,0.5062438726697565
1431,High,0.6343577835394729,0.3023935483282116
1432,High,0.5557919335011049,0.2736569344490789
1433,High,1.3692384986465518,0.829745430359992
1434,High,1.1227303060706753,0.6387219802272028
1435,High,0.7988315175648105,0.3444857959473211
1436,High,1.2053037589294888,0.6068480652950257
1437,High,1.0586249171673443,0.4456998615753065
1438,High,1.2318113908651989,0.6252147773946461
1439,High,0.6277688071835478,0.3374935795395899
1440,High,1.0644746282996749,0.4286131066183287
1441,High,0.8245729762869162,0.4607965320849274
1442,High,1.3976765810752507,1.021048334242039
1443,High,0.739126750284077,0.2774563394174905
1444,High,0.5519171361550974,0.2915023645395322
1445,High,0.641801211993881,0.3275967487811471
1446,High,0.9834999365845044,0.4561804953106474
1447,High,0.8113951967500318,0.5046373919184219
1448,High,1.1677125252043572,0.4833658321515344
1449,High,0.871839860815525,0.3918315854847876
1450,High,0.9929165512695148,0.4389600951659389
1451,High,0.7859511558673509,0.3917961470613917
1452,High,0.8842215475282211,0.4255654050376449
1453,High,1.0315181307381585,0.6148348736823408
1454,High,1.122337103343661,0.4922008865959668
1455,High,1.2543539595311357,0.6887163829684653
1456,High,0.7228920835891213,0.3261867740838298
1457,High,0.6167554058678922,0.3517008745214198
1458,High,1.4946371917748444,0.7071687706497443
1459,High,0.9062288897530218,0.376156776154751
1460,High,0.6282664022769755,0.2813344344314501
1461,High,0.5118050373165236,0.317351622658883
1462,High,0.9852222056704214,0.3834980570012121
1463,High,1.1451887806195842,0.5156006101537542
1464,High,0.5393796279439842,0.4051100239368566
1465,High,0.5446717035194198,0.3354916001394983
1466,High,1.301508937947132,0.6049324386077615
1467,High,1.20300716612297,0.5905610193349986
1468,High,0.6305871310653504,0.2355227063578553
1469,High,1.3878026673457513,0.6142197953344066
1470,High,0.78795570628338,0.3877777663041826
1471,High,1.221940428455952,0.7106754026532656
1472,High,1.096444568039668,0.47467765587011
1473,High,0.6694192316480743,0.268309188086036
1474,High,0.9410625645425832,0.4929111766826537
1475,High,1.2948844542411018,0.4651422665712346
1476,High,0.5541794785542632,0.3283366223334028
1477,High,0.8710789781553024,0.3923025707654943
1478,High,1.3533187200056482,0.8874977943389126
1479,High,0.7493591110749629,0.3640871545137614
1480,High,1.395746177553295,0.5243747109514914
1481,High,0.6074951628479273,0.2188544055400427
1482,High,0.9311369238802988,0.604457336924284
1483,High,0.9729120607963226,0.3958532568059212
1484,High,0.6405566028241543,0.3820776131491712
1485,High,1.1476968001764882,0.6127318293792143
1486,High,0.9387210558917908,0.4764231397670926
1487,High,0.7957642170502115,0.3584786688070949
1488,High,1.3223601130698044,0.7563401103626006
1489,High,0.9561016084692088,0.464782570168964
1490,High,0.9357214308482772,0.453721757904816
1491,High,1.3109700955759598,0.7451588933776065
1492,High,1.37326646115865,0.672891069704022
1493,High,1.3526732867812568,0.7342908845449188
1494,High,0.7945003552804066,0.373238786122009
1495,High,0.6929522954419007,0.3281504655947458
1496,High,0.756187864387462,0.3121074035524884
1497,High,1.1591493404456474,0.7841201759940191
1498,High,0.7100949867502928,0.3792541882260138
1499,High,1.1253540694060304,0.5114286992661619
1500,High,1.1945307107653191,0.7975053923028668
1501,High,1.310489086921702,0.5089681837232973
1502,High,0.9718898169263248,0.400678663545662
1503,High,1.1296014121338869,0.4991987277899881
1504,High,0.8672056746606528,0.5133288087159542
1505,High,1.1920104004390728,0.6875523255057203
1506,High,1.1279103156174402,0.6447184669365811
1507,High,1.2117458380784836,0.5918633500052692
1508,High,1.2358348771786694,0.5880209695549183
1509,High,1.4621748398785706,0.6047825633898185
1510,High,1.3033478438872417,0.7812054576513958
1511,High,0.5865720834386511,0.4212936189814442
1512,High,1.3929794103221538,0.5402738021028171
1513,High,0.5961855192769236,0.3209591918611352
1514,High,1.2629670410124223,0.8089068567071251
1515,High,0.5383260583239307,0.3233226057436056
1516,High,1.257905920287936,0.5009736456887879
1517,High,1.319004352365321,0.762600002232972
1518,High,0.6045913263939194,0.3277505125937168
1519,High,0.9328627821637968,0.5952520427156571
1520,High,1.1549850779177655,0.4678700493195009
1521,High,0.6797589583432996,0.4226595663576091
1522,High,0.5872820194543917,0.3108739954755108
1523,High,1.3983149385461364,0.6703039480649551
1524,High,1.413095691156017,0.5916762787926899
1525,High,0.587547101673501,0.4334726786967167
1526,High,1.2931002501080016,0.5262988267144522
1527,High,0.7800231083164756,0.4107724072377436
1528,High,1.4458963878169917,0.8802853356168612
1529,High,1.4582904739812486,0.786401318681385
1530,High,1.14292269699269,0.5819040984174677
1531,High,0.8532461725082539,0.2801510821390636
1532,High,0.9903895911174692,0.487910148777928
1533,High,0.6015135491812162,0.2295693663090858
1534,High,1.2727153402456148,0.6148983063279019
1535,High,1.4682427004219143,0.7293433455052707
1536,High,1.2905827003827182,0.5505074757239186
1537,High,1.1114232980077796,0.4563353184982901
1538,High,1.0059147672426385,0.6153908035562381
1539,High,1.1932334476321964,0.7464369885744446
1540,High,0.7247124125233386,0.3192714498216844
1541,High,1.1171312766951194,0.5800636383156075
1542,High,1.2190552186847912,0.5070539933416001
1543,High,1.3939424077517293,0.814713369615049
1544,High,1.041603179890802,0.4761041251746718
1545,High,1.4633741204406072,0.9968940219211504
1546,High,0.5412421968115998,0.3122145524194764
1547,High,0.6469634842066277,0.3094934905678101
1548,High,1.0654069228933156,0.4773169372279966
1549,High,0.9643753309243812,0.5180108232462288
1550,High,1.3697950727063972,0.8933667723106851
1551,High,1.0298288484931786,0.4149636299574268
1552,High,0.8283554346067618,0.3623076721099707
1553,High,0.6529417944842542,0.245063279024329
1554,High,1.0735217417454308,0.6928988322461436
1555,High,1.324125794255934,0.9002542273034067
1556,High,1.1744887071556394,0.4583876662718893
1557,High,0.8917853669981346,0.5481200249586351
1558,High,0.7679921909418125,0.3673325324948138
1559,High,1.2830463210066974,0.5837755212308906
1560,High,1.4011104313200646,0.9006671859939388
1561,High,1.1076858932393567,0.5145329940394561
1562,High,0.5020234640565298,0.2292033864746052
1563,High,0.8485260207556969,0.3807753638812272
1564,High,0.5430408292486208,0.3722713195577398
1565,High,0.9298996379291632,0.6315817149793759
1566,High,1.1249183657016244,0.619728921647166
1567,High,1.429210392469428,0.5553220870918665
1568,High,0.649483798149509,0.2954301132014194
1569,High,0.6731342958290423,0.246198165257347
1570,High,1.1865477197202186,0.7586438674438369
1571,High,1.183528127257054,0.5810973525726979
1572,High,0.8440753467098412,0.3821588561791884
1573,High,1.3027420058812245,0.7881018562486304
1574,High,1.3353898655924326,0.5486087779449917
1575,High,0.6537606042691886,0.4134080040032586
1576,High,1.3172408229494224,0.8531462734691502
1577,High,0.6562261186498621,0.2780126744974964
1578,High,0.7453697978658075,0.3172248195643448
1579,High,1.2396897867095342,0.6795307776595365
1580,High,0.725293124845654,0.3733063282119175
1581,High,1.4497138741119708,0.8365894766886868
1582,High,0.800343810162679,0.4236685425773032
1583,High,0.9171338950202672,0.3864760029527474
1584,High,0.9513861784178352,0.4622700413828511
1585,High,0.5730654738781604,0.3564918826548151
1586,High,0.990198299602316,0.5134921302353774
1587,High,1.24574569011309,0.7612029144816574
1588,High,1.4563381177735135,0.8317101854557336
1589,High,1.166753873288597,0.4899139636675897
1590,High,0.863724983272128,0.502075692688976
1591,High,0.7716755444463947,0.4680839777778658
1592,High,1.270219273268312,0.5222157760717465
1593,High,0.9892063609382072,0.4291548618398622
1594,High,0.6920373729149119,0.307552649792882
1595,High,1.2519290449250555,0.6227916669380988
1596,High,0.595580738841677,0.315328545547942
1597,High,1.0741331118007509,0.4680926657224944
1598,High,1.011056016271204,0.4487811159292931
1599,High,0.8875009273910418,0.3305149615263616
1600,High,1.2524723667125437,0.4455099459080003
1601,High,0.9586272685217764,0.3737007915683037
1602,High,0.5833989649762439,0.2064552718783083
1603,High,1.1119307006282146,0.6166768641291469
1604,High,1.2335310897132137,0.7607017071020863
1605,High,0.9925785630171716,0.459522742812382
1606,High,1.186277478563543,0.4636645513507744
1607,High,0.5896827000714897,0.3275143173011088
1608,High,0.930422546319246,0.4678932431664862
1609,High,0.5072125677093307,0.3469328152085396
1610,High,0.7831482298095365,0.4608409690249289
1611,High,0.7586000210060209,0.4206431911912176
1612,High,0.8799605548107209,0.3696646507789083
1613,High,1.0519701006983622,0.4650027858292276
1614,High,0.9530529661808808,0.4657527405559278
1615,High,0.5716412351429037,0.2243539947991735
1616,High,1.207368088646097,0.7072512895965417
1617,High,0.9752098229779772,0.4822589057523743
1618,High,1.409214623119985,0.6283798994115415
1619,High,1.0988403121564216,0.3715102743470524
1620,High,0.911964567657409,0.5321564520682784
1621,High,1.2269422014997942,0.5024867890260367
1622,High,0.5396880189933783,0.296812648566032
1623,High,0.9433679254306466,0.5092054634445731
1624,High,0.8456899318838177,0.3878463173967503
1625,High,0.807712245787757,0.519042547302206
1626,High,1.0823729917130671,0.3974879733722218
1627,High,1.3507104036156805,0.5332915221145953
1628,High,1.1389816891534157,0.4079644560914346
1629,High,0.9449181110171238,0.5789262408835611
1630,High,1.3630996275867884,0.8505102498746169
1631,High,1.2705750827539664,0.7874073254825475
1632,High,1.3503250648597516,0.6989528201482784
1633,High,0.7979816341972086,0.2957755206539616
1634,High,0.7784497832114028,0.4510515079074224
1635,High,0.5052764812367888,0.2144863717528942
1636,High,1.003053157601957,0.4437130461757164
1637,High,0.8389632105757399,0.326213681636041
1638,High,0.9610265331825946,0.5309223427769183
1639,High,1.47295404838272,0.6008397981099733
1640,High,1.2088393380691826,0.3821469988662898
1641,High,0.6521827671252046,0.3386539597979023
1642,High,0.7537398171081402,0.2566108261607169
1643,High,0.8976882224118204,0.6167571845806776
1644,High,1.4385898248826297,0.6783387318049421
1645,High,0.557894435614954,0.394656415360302
1646,High,1.18415491906911,0.5776589217555994
1647,High,0.6525122387813912,0.3275766800599058
1648,High,1.377166991410973,0.6233698279200155
1649,High,0.7902891322743659,0.3562993087411996
1650,High,1.4398921566291447,0.8936737799077719
1651,High,1.1315340416915012,0.4337812651811248
1652,High,1.1807188109918076,0.5567162633133478
1653,High,1.3902429393705942,0.6770002712095362
1654,High,1.0200587092642128,0.4808015567397774
1655,High,1.2032743935141927,0.8258032446647974
1656,High,1.3604574204433564,0.5632118409894247
1657,High,1.139965009409894,0.6166358525624815
1658,High,1.4819972737553355,0.4769373739328131
1659,High,1.2430225862083908,0.7391328774141641
1660,High,1.4072542234954208,0.7223657031917128
1661,High,1.0923167631508792,0.5593220677816646
1662,High,0.9828360183727648,0.4264668421766373
1663,High,0.9996713570052022,0.4006052592938971
1664,High,0.7898073514518615,0.5034211173343124
1665,High,1.136070050791654,0.680954328897343
1666,High,0.6936620061833885,0.3778639886195165
1667,High,0.7788683148554767,0.3527657350030537
1668,High,1.307043831150979,0.5288541351357168
1669,High,0.6723687162338758,0.3745054053377643
1670,High,1.0910340228693487,0.5021485194652371
1671,High,1.4411224620237602,0.6547514367858156
1672,High,1.354722979660761,0.6581082130894487
1673,High,0.8340756453130346,0.3491602429399663
1674,High,0.8230021417868953,0.4004607753482077
1675,High,1.1939460557104364,0.468110456757401
1676,High,1.484312768468837,0.6265177695382107
1677,High,0.9972879187295468,0.646512785255851
1678,High,0.7039373051251654,0.3467060998717741
1679,High,1.4254401709099067,0.914943737384931
1680,High,1.2259194900737698,0.7521881151093908
1681,High,0.7620963517197064,0.2973348661391028
1682,High,0.6051116024653506,0.3082291611990655
1683,High,0.9954922999871952,0.3573893134413097
1684,High,1.4553526453037684,0.6411555022529996
1685,High,1.3243293841457504,0.7502654912645426
1686,High,0.5500687528948224,0.2580439104954948
1687,High,0.8884712033796138,0.4507098502070619
1688,High,1.1752004456203695,0.7153767378331253
1689,High,1.1474424576627715,0.7388602378192957
1690,High,1.285445559380058,0.6937037748860746
1691,High,1.3236386603782506,0.6972599480033637
1692,High,0.7433796191942894,0.4874631043832949
1693,High,1.1914342527455228,0.6715069721096967
1694,High,0.7631952576497977,0.3538519014397465
1695,High,0.5617476844708879,0.3056340802386117
1696,High,0.8679058351197171,0.3163371459131667
1697,High,1.075055216707155,0.4597159197184197
1698,High,0.955890413241672,0.3604443372030133
1699,High,1.1533582761365655,0.3720533254044369
1700,High,0.6695740858932924,0.2651992096743356
1701,High,1.173094037442581,0.6689969531438464
1702,High,1.389863426562992,0.8002277132237339
1703,High,0.5317006244403614,0.2396832503408035
1704,High,1.2416822203830358,0.5900147097569572
1705,High,0.9535814261079164,0.4776418922154448
1706,High,1.422754268422421,0.5157117357618688
1707,High,1.044212906489109,0.464336530132357
1708,High,0.6203813699921711,0.2701463606134737
1709,High,1.485408761983311,0.767622297756219
1710,High,1.005004115014732,0.4709137462973842
1711,High,0.8489233851801473,0.446699751699839
1712,High,1.4118369712460963,0.6274436461250019
1713,High,0.7793248804560865,0.3160681225558193
1714,High,1.1799310849359848,0.5317682764526381
1715,High,0.7864278910662785,0.4039877141935193
1716,High,0.915998869432472,0.5693043533867694
1717,High,1.4569292514113306,0.5347676845865976
1718,High,0.7359119484280648,0.4064986574953195
1719,High,0.5525847753220958,0.2603337189383197
1720,High,1.3475170820609794,0.938037130903183
1721,High,0.6821546403645331,0.2972764526284024
1722,High,1.3468525392974868,0.4905404485450617
1723,High,1.2664004501996635,0.6393063984691167
1724,High,0.8226052270280111,0.3825664023829134
1725,High,0.9401871895975896,0.4548407999761821
1726,High,1.4445013116596224,0.9565656732306992
1727,High,1.4341082645143093,0.9765358915782656
1728,High,0.8160236921228553,0.5367822275449896
1729,High,0.8384877988767443,0.4494736792861715
1730,High,1.1482461330056284,0.3526741435943634
1731,High,0.5274107571661463,0.2243354761749287
1732,High,1.4913685292651109,0.7022466342286435
1733,High,1.0599982030216577,0.4688903145555372
1734,High,1.2409761472531298,0.4460486077775698
1735,High,1.4402695873909404,0.6050578743840305
1736,High,1.1542598425992976,0.5493891330145715
1737,High,1.2487973209660614,0.4795628594929439
1738,High,1.2990488620590717,0.5308683233750742
1739,High,1.299841771377214,0.7707246742756126
1740,High,0.5253472556335651,0.2486228040558558
1741,High,1.2860034025556852,0.7144455430411938
1742,High,0.7331895635119929,0.2564630780980224
1743,High,1.404716667656164,0.6263848039981355
1744,High,1.0225484847372657,0.4505728946912768
1745,High,1.0870601412445828,0.4686924547284832
1746,High,0.7410326227514248,0.3476252193393634
1747,High,1.0248909732774942,0.4916038756753664
1748,High,1.3331274435748417,0.5788162458630381
1749,High,0.6414139049645233,0.2815658971344561
1750,High,0.5172733438634717,0.3205188711721334
1751,High,1.077701886412131,0.6256613439608003
1752,High,0.6716689877341061,0.420659552509008
1753,High,0.6219537742599957,0.3080637631737062
1754,High,0.9031216890650768,0.3306449726609841
1755,High,1.436983993296927,0.8737199176855768
1756,High,0.5905789041140501,0.4151381867442296
1757,High,0.8238253930684876,0.3602143607182313
1758,High,0.8949943657552709,0.3281960998253979
1759,High,0.6958491672487161,0.3716482567815973
1760,High,0.5603474294205663,0.3170706937822416
1761,High,1.1681412213486746,0.7815850998680673
1762,High,1.374057159390097,0.7677256248829849
1763,High,1.3174948355549276,0.9084387410751732
1764,High,0.5656271150399353,0.227318620320517
1765,High,1.2521502411986432,0.6376071546420832
1766,High,0.7694685956662974,0.3451971337457706
1767,High,1.0663489861106517,0.4228967910037795
1768,High,0.6836450593212601,0.3243385715897915
1769,High,1.487680246964224,0.567386926000637
1770,High,0.61893934584931,0.2621186029271598
1771,High,1.3947571092689697,0.485674311506969
1772,High,1.4492562872285772,0.5758884024449031
1773,High,1.3356081176682983,0.7278385867359134
1774,High,1.261549932762923,0.5634280659226221
1775,High,1.3718573687133846,0.8958893187220269
1776,High,1.1492091823113006,0.4460131531443636
1777,High,1.014305691725148,0.5524503425674965
1778,High,1.027963336374166,0.4008405047427317
1779,High,0.992031012683053,0.5967145030982692
1780,High,1.4231432376798925,0.4949297440186484
1781,High,1.2687338699781257,0.7233693177932707
1782,High,1.212067565918852,0.5547644268225156
1783,High,0.5015832460801529,0.1963196377414782
1784,High,1.127154776683279,0.3726083519901593
1785,High,0.7471475470774651,0.2898671564220905
1786,High,1.1846209212381833,0.5936173470475836
1787,High,1.4575333047207937,0.8263810200652699
1788,High,1.3602563658780369,0.639311480023494
1789,High,0.5836280561394875,0.1973275139122279
1790,High,1.2563071660405507,0.7153817236282833
1791,High,1.2005846699728702,0.4820065451481099
1792,High,1.2876058614099195,0.7131660377618232
1793,High,1.02214647613864,0.4883826700797016
1794,High,1.092073108123447,0.5039578424705127
1795,High,1.478755336272055,0.6003005369431236
1796,High,0.6941018508085659,0.2530768107848971
1797,High,0.8089836933977088,0.3434563628442504
1798,High,0.7475901668754099,0.4311489742231487
1799,High,1.4349576396969623,0.7615278908355947
1800,High,0.6741839579942629,0.2798933908065777
1801,High,1.1935717830015204,0.6600109988954728
1802,High,1.0505086291441017,0.5171328285425147
1803,High,1.437350444880959,0.5327733483670016
1804,High,1.114966592738864,0.6528709639125623
1805,High,0.637432756119241,0.2145791865371578
1806,High,0.744481577863567,0.3247867197404872
1807,High,0.840025884723478,0.5037478027586673
1808,High,0.7917356647646028,0.3887387552066883
1809,High,0.6162821028134747,0.4025639414651394
1810,High,1.4328959390920035,0.6356070673476353
1811,High,1.4469561992582716,0.6730698432276938
1812,High,1.08188398356041,0.7447447204289546
1813,High,0.7590368226265505,0.3732996551197942
1814,High,0.973456870286832,0.3424367369163548
1815,High,0.8420558995417868,0.5347542360802748
1816,High,0.9866124659628824,0.4928972048053879
1817,High,1.236405584617957,0.7762397415254156
1818,High,0.5212095869395108,0.2211962570453138
1819,High,0.9492298836845852,0.400143051058464
1820,High,1.3757962145658773,0.7445807799143154
1821,High,1.4507696527766218,0.6780191941075202
1822,High,1.3113733087510406,0.7986581609465873
1823,High,1.3648199698986592,0.6827570132181933
1824,High,0.8870319904559929,0.4655011680515741
1825,High,1.2279685109124352,0.5792989836257192
1826,High,0.5331910267946407,0.2049894303118655
1827,High,0.6323674847196472,0.2767383568865966
1828,High,1.0657377258579357,0.6607764796818856
1829,High,1.3116975363796124,0.8484426537267211
1830,High,1.4380838582854958,0.5720683513693103
1831,High,1.2632171841029305,0.7506117567825328
1832,High,1.0876437918649111,0.6442460497770526
1833,High,0.7080446586614234,0.3387252609222457
1834,High,1.461897096263928,0.707420501040886
1835,High,0.9595014325520902,0.6015723188079249
1836,High,0.5380187844653188,0.2245196528452453
1837,High,1.1393972099869654,0.7030715196722781
1838,High,0.5918453153604089,0.3674583662668951
1839,High,1.1998091662203267,0.6189022518243235
1840,High,0.7339351155276224,0.4584667061030671
1841,High,0.5970303237870208,0.252712156572457
1842,High,0.7087598188383907,0.3750273127994674
1843,High,1.0860583047111962,0.5591511703082119
1844,High,1.035899649101347,0.5394258359119561
1845,High,1.265098268510262,0.4880655252587758
1846,High,0.7668283303588845,0.4143373992346895
1847,High,1.3500473975844658,0.6099578631910134
1848,High,0.7191228965007115,0.2992023738321165
1849,High,1.378580312264285,0.8521360163116185
1850,High,0.62474613821967,0.3979761407312878
1851,High,1.0955909164242428,0.5893693359483194
1852,High,0.9282040751400036,0.4238741254868614
1853,High,1.2090367888499949,0.5610341166922552
1854,High,1.307933798223207,0.5813309498799981
1855,High,1.1685059910141429,0.706524185925204
1856,High,0.7042642476949761,0.311191610437973
1857,High,0.6951374592876904,0.3970236960744273
1858,High,1.215634144989494,0.6226231964933646
1859,High,1.1892981038217458,0.4717058918008519
1860,High,1.1344495988911367,0.4525195954102514
1861,High,0.519237146919983,0.3701070187726287
1862,High,0.724232266712205,0.344934123434129
1863,High,0.9507685606575113,0.3603405217729403
1864,High,0.8100435812105864,0.3335277574157587
1865,High,1.4608935023809697,0.8946544151544913
1866,High,0.9950951041091578,0.5268183565629982
1867,High,1.2097283273907709,0.8251561104268035
1868,High,0.8164958158379452,0.3801012580233944
1869,High,0.6116560363905609,0.2826266234988424
1870,High,0.5533143630410852,0.3238865394633876
1871,High,1.2273254929586546,0.6226590082458188
1872,High,1.4688844825649912,0.6484555362891058
1873,High,0.8142565584938917,0.556549744984622
1874,High,1.1160798310786475,0.4851029683674284
1875,High,1.237012943175943,0.594901080555033
1876,High,0.9239911672605436,0.4541348164328838
1877,High,1.4424563466369371,0.7136255362203769
1878,High,1.1882129767829288,0.4398180809534295
1879,High,1.3284452719201276,0.6264679057584601
1880,High,0.5255306262675169,0.3590490278919489
1881,High,0.8693528694501534,0.3704981181685767
1882,High,1.0760984052755065,0.6020967349103756
1883,High,1.080590410205398,0.6023924929733226
1884,High,1.3166483372238171,0.652125924584567
1885,High,0.7422239365385876,0.2533253232027874
1886,High,1.4334068253707275,0.625855763154334
1887,High,0.530596751780433,0.188189966374658
1888,High,1.084232079090416,0.4344102391190887
1889,High,1.4723558282564793,0.5485309268238581
1890,High,1.4769698107620388,0.8794403324658333
1891,High,1.480712753796483,0.645218002629548
1892,High,1.1898139645030192,0.5728917362789048
1893,High,1.1852900503902335,0.5285263170649586
1894,High,0.5035275390262032,0.2104034025984802
1895,High,1.196591275600034,0.6346507875135501
1896,High,1.4035201569319375,0.6820012463091558
1897,High,0.7806369067217367,0.4925608429570616
1898,High,0.5591782872776785,0.2451955545193627
1899,High,1.2499866986224275,0.6355783890368372
1900,High,0.6901285421571595,0.4167357582302884
1901,High,0.593406734621909,0.308653657263676
1902,High,1.4187555591046008,0.8885635105007168
1903,High,0.5503033659154427,0.2061346791227336
1904,High,0.6993787994984254,0.2504900418991624
1905,High,0.9607574951791376,0.5382604081397062
1906,High,1.0014625591810715,0.622427275102126
1907,High,1.4158686024536982,0.7612259736098963
1908,High,0.7654688045243252,0.3080057831971388
1909,High,1.259591593118514,0.6448435176260858
1910,High,1.185666751362731,0.6962515053423175
1911,High,1.1039926819790895,0.4885345079615746
1912,High,1.1791736036690936,0.5236700058763546
1913,High,0.7914902667127404,0.3392735999158489
1914,High,1.0894572382170322,0.4712464352554946
1915,High,0.8046578819971864,0.4021021708648078
1916,High,0.7689279401527394,0.2973057761562714
1917,High,0.6503136034229988,0.385176792449954
1918,High,1.2058328326523533,0.7586476423507804
1919,High,1.3726892754119673,0.6941242981163924
1920,High,0.570454394343145,0.2887424014545487
1921,High,0.6223956163409783,0.2498116654910163
1922,High,1.1555716674980954,0.7646493624370976
1923,High,0.5366302826059806,0.2394245135533381
1924,High,0.5187640404773355,0.3050163518157518
1925,High,1.2626501583510543,0.5268555573434952
1926,High,1.2382733016513745,0.6075131984411826
1927,High,0.8202374454424795,0.4565710847680435
1928,High,1.0116034806737688,0.462636202197956
1929,High,0.9220430012058268,0.6388107131544416
1930,High,1.013679380292761,0.4572739640807839
1931,High,1.4351514590076009,0.5838032701512788
1932,High,1.1340426568177957,0.7232381938549537
1933,High,0.6782393942831282,0.3130946269930206
1934,High,1.334106553522329,0.6645800739052845
1935,High,0.6665494013623565,0.3520912072828963
1936,High,0.9149909092112364,0.3812026297122273
1937,High,0.5039789871597027,0.224236676072266
1938,High,1.1573611027336603,0.6304126670697769
1939,High,1.0293404861915816,0.4893193905523816
1940,High,0.8755016819197177,0.4180125746452177
1941,High,1.2534870600347292,0.530452353462195
1942,High,1.0539387069570272,0.7001199607901185
1943,High,1.2352232861504229,0.5272713744277979
1944,High,0.9700006100117494,0.4461360525269668
1945,High,0.6487425991816075,0.3019927760552079
1946,High,0.6215165018232939,0.263301591137342
1947,High,1.2956932705513666,0.6561129420784795
1948,High,0.5556206798442282,0.3432063893070776
1949,High,1.383403871620796,0.851414285817981
1950,High,0.7460827045889806,0.3941482998962442
1951,High,0.974056832890296,0.5557098604270436
1952,High,0.6112913070185005,0.2952203520310732
1953,High,1.2766629067313513,0.5893428364194477
1954,High,1.348639400063406,0.5973319461809581
1955,High,0.6513097561416035,0.3560713079609598
1956,High,1.306441060020319,0.5178828331052614
1957,High,0.7364738894731555,0.391380228340779
1958,High,1.4922836493426397,0.5739759321577367
1959,High,1.4477339530901894,0.601360664175175
1960,High,1.0633033634808151,0.4457973666685149
1961,High,0.6587521130734053,0.4320498385845184
1962,High,1.1094677599820817,0.6176524576868587
1963,High,1.0868820977339144,0.6804419247787621
1964,High,1.3987896643771802,0.7384048391595996
1965,High,1.4537504334987916,0.5510969778320316
1966,High,0.857274530359094,0.3787181417062157
1967,High,0.5372297025860129,0.3171728056654217
1968,High,0.7759690248425443,0.4597282575914079
1969,High,0.5361894178514468,0.2636545682770261
1970,High,0.6422685774503147,0.4288709340898151
1971,High,1.1365995518584442,0.431038641601333
1972,High,1.2677935755191507,0.7058253460512134
1973,High,0.909891835618547,0.4630027058596795
1974,High,0.6830970929376203,0.3314800340617623
1975,High,0.9115209625799148,0.38855566441962
1976,High,0.9963055594836004,0.3376667137370219
1977,High,0.5879995244971217,0.2985925705447343
1978,High,0.7881716313833851,0.350371214898324
1979,High,0.8435639759687128,0.4924682750588545
1980,High,0.9344730141746672,0.4141481459597855
1981,High,0.5544501519841634,0.3499415063529767
1982,High,0.5682165889785237,0.3023157578899571
1983,High,0.5295397962490702,0.2570124357007728
1984,High,1.1519444824327063,0.5912689299366747
1985,High,1.2283767047152852,0.6920252010345394
1986,High,0.7603251549344667,0.3251448998755037
1987,High,0.5126289825563187,0.2007982778929076
1988,High,1.1422318047096622,0.5964716509292032
1989,High,0.5702362589298178,0.2010765612927052
1990,High,0.5202174643483385,0.3307585543524141
1991,High,0.8158638571559012,0.3676921939284483
1992,High,0.8796551481875812,0.3820238869267029
1993,High,0.919428748214166,0.6311484187924634
1994,High,1.0146984438167093,0.5003440203151825
1995,High,0.755625492675513,0.5221870298696274
1996,High,1.0037081020756928,0.4586802590565497
1997,High,1.1962786494043374,0.5826510968988714
1998,High,0.6302475661787241,0.2382664679524566
1999,High,0.960315690856396,0.381847408005278
2000,High,0.6004016550540204,0.2876635289182871
2001,High,0.6977827305336738,0.4367161708590288
2002,High,1.2509000499973095,0.5420354282973818
2003,High,0.7034725840774643,0.2860999854023873
2004,High,0.6139272552952791,0.3963934650154925
2005,High,1.279461613914016,0.5852028773087596
2006,High,0.6982847002559638,0.2871338578349309
2007,High,0.731288104199684,0.333674856249651
2008,High,0.922858787711614,0.3314353090787136
2009,High,1.436349473035221,0.9390534987238368
2010,High,0.5809603628513963,0.2881571304315429
2011,High,1.3621731159258297,0.7364188500778255
2012,High,1.4055585963283457,0.7116834181542089
2013,High,0.9524921314673304,0.5097404121940059
2014,High,1.2476963099885767,0.6902530174200621
2015,High,0.5437839337938155,0.2075204586582231
2016,High,0.6998549972926806,0.368566050005235
2017,High,0.647532405816482,0.2784532037787954
2018,High,1.2814546416627643,0.7551087309648779
2019,High,1.2983014038842513,0.7095309667614913
2020,High,0.565370228184114,0.3186326486253392
2021,High,1.2454572457182131,0.8494839642142438
2022,High,1.3346701218106765,0.5365899984067681
2023,High,0.8220387345661435,0.3496163000605676
2024,High,1.2759136819836898,0.508589789699812
2025,High,0.9140972016389216,0.3896519307064707
2026,High,0.7995740319125177,0.4456164765202004
2027,High,0.7267308128479154,0.3627855419829515
2028,High,1.0552931963650765,0.6421042913365227
2029,High,1.030332567729779,0.6693183107106648
2030,High,0.9504788925277412,0.5026921346475319
2031,High,0.8127199181140825,0.3704894831463576
2032,High,0.9369620089894604,0.4123841804742909
2033,High,1.1594169078018193,0.7192312586372793
2034,High,0.6364212471204712,0.2667317999560197
2035,High,1.2212842342491044,0.7088681442941578
2036,High,1.294053921824443,0.6715002193304116
2037,High,0.56145106586882,0.237840062516625
2038,High,0.9453750682814924,0.4493283294303722
2039,High,1.222618209342622,0.5241877896160361
2040,High,1.4141693161308289,0.5510143323894141
2041,High,1.0458689697814916,0.4683366268257458
2042,High,1.3090954710470737,0.5079747620735731
2043,High,0.5638113759453511,0.2459843578433904
2044,High,0.5892943179816619,0.3423636379266881
2045,High,1.1174233564123173,0.4844141394096226
2046,High,0.8070328589920528,0.4939370926507109
2047,High,1.0093238144057095,0.4321239264330927
2048,High,1.0756375790180952,0.421420321342822
