sample_id,Screened,Procurement,Combined
1,0.7318339665165325,0.8468000405677856,1.57843414645086
2,0.6340140481104157,0.8558233443148708,1.490345940513592
3,0.3934951898286343,0.9579480910664415,1.3509759141193172
4,0.4074273660609151,1.1608736908755475,1.5706713697182408
5,0.32595268066314276,0.9679660931071723,1.2942122831964795
6,0.7586827725329641,0.9830760356810089,1.7428475522102786
7,0.6441127384299392,1.0008816482257856,1.6512763279594367
8,0.6551648853333063,0.9361233194242402,1.5920537333124827
9,0.4289237330927165,0.8942427143923624,1.3263257085849602
10,0.313377568108578,0.8735636136653042,1.1895928493065284
11,0.699656778282403,1.1853412962643262,1.886981601824644
12,0.6194734250930765,0.8673857952067152,1.487044694427098
13,0.3520746622364115,0.886783054113387,1.2386480879219803
14,0.3445765249290247,1.0346559105877091,1.379734301054988
15,0.7063297633342671,0.835606056144826,1.5457102545935442
16,0.7820642151851018,0.8194349616816794,1.6018581792922646
17,0.2783757367991768,1.0394948560674493,1.3182739051678851
18,0.4560335537591982,0.9520844381800799,1.4081116040347155
19,0.4230087169746639,0.8133714006970365,1.238165512121455
20,0.6226193472306818,0.988946075754285,1.6119753782733568
21,0.4738728716476288,0.8432947571057525,1.3178300514066876
22,0.20675642015428508,0.8535558674528687,1.072143319011694
23,0.6961911583252203,1.0138841467795032,1.7108331021030239
24,0.5798814554226794,0.9136961205323786,1.4929930554228008
25,0.3327044158803645,0.9684897974512339,1.301127388980234
26,0.7361326346718045,1.004488794473076,1.743523082280916
27,0.513408455650648,0.8673004056308145,1.380565638123997
28,0.5372099839626401,0.9958757634295665,1.5334930041590553
29,0.8034332011312983,0.8301910885094799,1.6338718275339659
30,0.6360000790427165,0.9468785660605192,1.583304459520619
31,0.37270608182574705,0.8876008624516487,1.2625237123215527
32,0.818332152051795,0.8723434941216226,1.6901202757007923
33,0.48702456788214477,0.8895699422718479,1.3770707489807563
34,0.6435269087379254,1.1025879572364659,1.7477737734207608
35,0.5475235830141685,0.9983744948182078,1.5487625534662897
36,0.2879175566806893,0.9380720142632271,1.2259512479968322
37,0.5574262854102159,1.0578416861162765,1.6162123649136788
38,0.7205350734791836,0.8650915690699605,1.5854156973821887
39,0.378481111860161,0.8924899592432567,1.2746119532529505
40,0.8536949970922763,0.8682754951334175,1.723687087952129
41,0.4175374056368497,1.014819808597636,1.4326905849901692
42,0.3025261152590275,0.9863630230056017,1.2909496404585212
43,0.31266305166573716,1.0128458864021255,1.3273267379306475
44,0.627409037217916,0.8700235776704801,1.4984630829080032
45,0.5302954344258524,0.9333721094060081,1.4644406199222146
46,0.2466783651801734,0.9604889819122704,1.207946606521169
47,0.9186372020267868,0.9296428821695599,1.8490808079534133
48,0.5784914046004417,0.9996972829444815,1.5787718862992364
49,0.6617321174363155,0.8835887126017639,1.5450115176358423
50,0.5150256671643376,0.99696413782398,1.5178154581908387
51,0.38125005010932256,1.160458460470636,1.5439262195600278
52,0.34291171641778817,0.8167362131532911,1.1599411631623653
53,0.5153873171103243,0.9096279143124235,1.4299903745684617
54,0.37624562705930487,0.9717489924250486,1.3486031612213623
55,0.1978836640814876,1.0052992566957393,1.204757862736031
56,0.45459767042528654,0.8781403319829906,1.332190173409714
57,0.7071727496223446,0.8848199589057089,1.5921200967891878
58,0.5509845346945212,0.8678932638473214,1.4186840894594468
59,0.586452064681481,0.9962043406732732,1.5832056161653298
60,0.620675306914876,0.9110400563893251,1.5316802612567244
61,0.37111632304782916,1.0405549314262075,1.4145968336797239
62,0.4555054656363211,0.9489542286220001,1.405222706970278
63,0.4431361548233781,0.9611318190339375,1.4051812213181165
64,0.5782016813753046,0.9740532730928209,1.5549795129175408
65,0.4379985460315794,0.9815627165308456,1.4201019604270897
66,0.5799180597941529,0.9227391114852708,1.5034976700413267
67,0.47202345147158553,0.9262056778544547,1.4006600968699559
68,0.28923719300873785,0.985490109030323,1.2767549685538668
69,0.3979237901014798,0.99343582335554,1.3928950764605688
70,0.3765936190019161,0.8506288591876228,1.2303457409898186
71,0.5416482938768752,0.8596795497734036,1.400816779552457
72,0.560361420573841,0.7998419919124728,1.3614344004601548
73,0.7274053089281551,0.8184017799624428,1.5465306986382785
74,0.6672583864219916,1.0524506315495188,1.7213052560228164
75,0.7582355895468851,0.9852753462427728,1.7457715527412887
76,0.2396382457108004,1.0065951156121997,1.2493268516227758
77,0.4117162642467349,0.9419566924966887,1.3541361861113899
78,0.5749006656910751,0.8557859520340827,1.4328184138181541
79,0.21693363794307885,0.9191414476824633,1.1442701458795455
80,0.42969577083053423,0.8992335759718202,1.3318574492955406
81,0.3489106169356333,0.9267279426650461,1.277978988920836
82,0.7488425480999581,0.8900332405197986,1.6388134049069834
83,0.46151321411105073,0.9493712290240097,1.4123053471337954
84,0.4128852092504758,0.9478637421275806,1.3603356939641458
85,0.31055172847206336,0.8627083855160365,1.1751099075775642
86,0.37942917324733116,0.8652019874628039,1.2444474415500792
87,0.5288398981429765,0.8342570162712946,1.365008525283983
88,0.6040998693836457,1.0803700828866454,1.6863022629768096
89,0.40852655410567706,1.0905930008490117,1.5014163330181987
90,0.8148481004901953,0.9145851630090931,1.7295421009708036
91,0.6713475336484436,0.9752124206724204,1.6465754034428386
92,0.47178982306013495,0.9936387137017562,1.465743838629436
93,0.8418766790306051,0.9305665807468699,1.773643594570359
94,0.5137289384355199,0.9230003541352403,1.437811789132553
95,0.4058706821464,1.0785565881254513,1.4915426954352995
96,0.321410969569051,1.0302561037174556,1.3529612788008833
97,0.5359231019696011,0.8476592125752092,1.3868332190989605
98,0.7173252601079554,0.8878247986126837,1.6054085748919107
99,0.5457474154603688,1.0035133452019096,1.5496753172447058
100,0.32838587617997206,1.0094791452472975,1.338823465693494
101,0.33707667041304035,1.0879726752789907,1.426580709273182
102,0.8098560605069736,0.837293531391424,1.6552652148351399
103,0.7816148244377246,1.1238821354300796,1.9074618208047127
104,0.5841814229060276,0.9021724478822222,1.4866405025055371
105,0.7253789438402549,0.9309695962055571,1.6567646505798734
106,0.2972507578053225,1.0722667916678503,1.3765408166551794
107,0.21299316182629724,0.987840357116113,1.2031147544001612
108,0.4090780952575699,0.8083968159695161,1.2200648789421251
109,0.7201093207890779,0.9691433796956375,1.6931370144381788
110,0.5031013978771597,1.0262237500797085,1.5303571300322858
111,0.4112467207198165,1.0383709046096925,1.4521073133760467
112,0.19002541722866795,1.0554681180277328,1.2487692223117293
113,0.464084456619986,1.071409926938884,1.536268074136899
114,0.30082769902139006,0.9370075122047368,1.239462222713719
115,0.4653169104526427,0.779329414070375,1.2457211509275936
116,0.656899665890279,1.0327867224123253,1.6900670990170426
117,0.559358495826487,0.8483710485034806,1.4086374301251823
118,0.6733905287113657,0.9082453784267699,1.5810911168211987
119,0.48724264992651456,0.895079906074443,1.3817903265890408
120,0.3105030807629916,0.863146052778788,1.1788641483827291
121,0.4952749173956761,0.8685657650013496,1.3638499464672833
122,0.6969878455725791,0.962413069042654,1.6591642173844718
123,0.52636047231465,1.0107573410056858,1.537877632010833
124,0.5224545472041484,0.8513371771833391,1.3765632895226645
125,0.5439871192239139,1.0106676509174974,1.555873840964722
126,0.6980730096861976,1.065713493688989,1.7649557279342645
127,0.7549467245720223,0.8719599222427803,1.62812442816616
128,0.42772290913423205,1.028519093844622,1.460359700001959
129,0.46419051676311085,0.9882760184350019,1.4528202431099828
130,0.6809506073322211,0.9328861013872114,1.6149604164951228
131,0.9258936099989796,0.7682697198798962,1.6957518193786427
132,0.33269387995845534,0.8879390925019521,1.219966303249258
133,0.5231534261428408,0.9936838959369396,1.5172954596949495
134,0.3436330795287006,1.0648708410592604,1.4098200659804618
135,0.2794539206287183,1.0153463928815043,1.2955400694899595
136,0.33859830921525713,0.8789396561976659,1.218646112240151
137,0.3347160307602337,1.0780168330596425,1.41465046153467
138,0.4958332803866199,0.8847151554849546,1.380033275889332
139,0.6106038694762788,0.9735080584366784,1.584348295829443
140,0.4479979821645941,0.9793150158998856,1.4277872382487686
141,0.3410718386234777,0.9206038646906123,1.2623554948992393
142,0.5591777921012948,1.03792881280026,1.5976219062456636
143,0.3944810117452775,0.8580236907399481,1.252974662315431
144,0.39039161890938345,1.0305309821730475,1.4218595168748465
145,0.450859374825086,0.9190589518551064,1.372610003206205
146,0.5005808641308533,0.8967336285566461,1.3982116743584925
147,0.6913606951086706,1.1247133163248293,1.8178694021448791
148,0.8035174636272586,0.8966705951563085,1.699938807603985
149,0.8875640481070661,0.8439256827381882,1.732181075963382
150,0.2762774508517296,1.0303540143706584,1.3077790876824338
151,0.6171614144267181,0.8893016158167626,1.5099002761732407
152,0.49142080101215413,0.8354741732376851,1.3272478371358716
153,0.6926812487615166,0.8315941001110758,1.5239747384811437
154,0.5655564267408693,0.9951815755554492,1.5674273926600648
155,0.5419620359834454,0.8420444615834839,1.3845471472637456
156,0.39481596091778925,0.9314198527221222,1.3277140525095916
157,0.6074911956404918,0.8705498729463841,1.4782433963194563
158,0.40059370657673554,0.8291571775096571,1.2320744475059016
159,0.8711998950583961,1.0386024373301268,1.9129042884211174
160,0.2477407662167792,0.9077122927341819,1.1561205649119302
161,0.43578213350075146,0.8353462322129843,1.2712731342262344
162,0.5651966030458908,0.8928649434843408,1.4606786758351689
163,0.28306795388274253,0.8805132810628251,1.1651061579656243
164,0.26823907779102996,0.8977708168976122,1.1693252612322667
165,0.38171789611391915,1.0461907972122404,1.4283947277995566
166,0.6480060404960426,0.9159689834443583,1.5639128698113183
167,0.24444692217333852,0.8781376314954414,1.1244391882801423
168,0.2716137992890424,0.9256094930116632,1.1979980131070036
169,0.31706203182579884,0.8759389157221307,1.1939820123423743
170,0.6842200016927649,1.0038374621677804,1.6888760649205636
171,0.7198952630434832,0.7275009978806395,1.4470225354502588
172,0.5273104359827556,0.9116756551702707,1.4428462396169124
173,0.2975965943916421,0.803865636637596,1.1019810670902217
174,0.6995110106738451,0.8734298535132439,1.5736170052971943
175,0.513075366371325,0.7264697796153285,1.2422947617953355
176,0.4032256882282468,1.2058941410123225,1.6108234697247639
177,0.22101008398581712,1.0678349931718856,1.28917699859457
178,0.4980479847554591,1.0538394804245286,1.5543796647523607
179,0.3760706177281392,0.9081562969356227,1.283456698895769
180,0.29423398775212206,0.9845730033341411,1.2789794930442966
181,0.3086415969569387,0.9200291597484522,1.2296655873688138
182,0.5573467818544486,0.9525476873546381,1.5116924205034081
183,0.6292131933780638,0.9749161707727296,1.6043203408027296
184,0.4623945675014056,0.840873846857491,1.303286250623131
185,0.6192695418494054,1.1482691407707222,1.7689615725194443
186,0.35470728396178686,0.8256160841776818,1.1797982930627526
187,0.38239015930877684,0.9166048801391398,1.2987955999705747
188,0.29652478800259985,0.8584683182742481,1.1552134642986545
189,0.3214260615526783,0.8433778097872633,1.165786232198478
190,0.8772120417368399,0.8517015021579653,1.7298635708407062
191,0.5559394373414364,0.9334579873666229,1.489384671907061
192,0.39999755197047193,0.9500829037282301,1.352873377268054
193,0.46811296318009,1.0114881597730516,1.4813587832735067
194,0.5580295648504716,0.8934162628106179,1.4508414181864993
195,0.4003597769803946,1.057258339207408,1.4586662475843326
196,0.2650799321097068,0.8833747619830206,1.1477511867504333
197,0.41629517148540174,0.8792624211882298,1.2968277088220077
198,0.37283907923687565,0.8154806552826912,1.1889010056603624
199,0.8638246594918542,0.8235430861786028,1.689014571042577
200,0.5915457368728596,0.8616667164123442,1.4565442096717618
201,0.45882256201407756,0.9756652137365194,1.4350092994758654
202,0.49606287870456356,0.9755266407117347,1.4726846481483165
203,0.4936255175401101,1.0131567557193932,1.5075898284047895
204,0.6856164410129821,0.9395297439506862,1.626337127688572
205,0.912716579003586,0.8450762218410546,1.7581526741804794
206,0.33509136494112823,0.9410440867227621,1.2760244032054047
207,0.5137733619120297,1.1367940792853375,1.651980266582413
208,0.3464696745878584,0.8746398685226424,1.221527618506002
209,0.427202289737707,0.8530357897201526,1.281437525415896
210,0.3750229606556985,0.9533825976792443,1.328232242195135
211,0.2587726352410158,0.9939908137248068,1.2547450569631948
212,0.5664772553272854,0.9621391838088584,1.5325022880754489
213,0.5885863649055807,0.9399446662938971,1.528196561090141
214,0.6431071237481802,0.9623663672340399,1.60657248712738
215,0.7996818675601958,0.8580672277556118,1.6603641319654514
216,0.3334684878327536,1.1579666921517742,1.4942129354067077
217,0.5708271609553179,0.8122087375665643,1.3840114968015769
218,0.9866490230510863,0.8474311229864213,1.8347217231325033
219,0.36060334710520436,0.920888514143968,1.2872797992732146
220,0.30918699249103554,1.0980907733666356,1.4079078017462194
221,0.6927730434382511,0.7850179248245297,1.4781432718311294
222,0.28586310277793103,0.8959500983630804,1.184716768593347
223,0.4523207936941702,0.8807235936602211,1.3340207433743956
224,0.2167863669716894,0.9512669027997909,1.1680888464463486
225,0.5532536111373929,0.9678623923771426,1.522004038810934
226,0.7063801497093181,0.8545841006794035,1.565366591397236
227,0.36459789190302416,0.9598053346032174,1.3240095951012592
228,0.551723879111961,0.8213507667636293,1.3794301322243996
229,0.5454085284514605,0.8685588324080413,1.414527972994236
230,0.5662554637132757,0.8593061151760537,1.427584475278934
231,0.48469977929924823,0.9191021500097776,1.4053402486831317
232,0.2894113276433359,0.9305353040221149,1.2201941901958406
233,0.3847601202883908,1.0567936238083249,1.442384640553314
234,0.2943729112538449,1.1961040285627718,1.4963103707106313
235,0.23012736378557008,0.9693530588518016,1.20529286282882
236,0.44265056781627266,1.0114276138236846,1.4547572618308635
237,0.6250396979395703,0.8752241064064918,1.501128450918614
238,0.19545437532467957,1.0693186795964813,1.2659372277034926
239,0.4468505043926285,1.0645898182264233,1.512225306802904
240,0.549094894833928,1.030711248713402,1.5798642227596815
241,0.26547740416177135,0.8568061551120323,1.1260313162632656
242,0.4661971774315532,1.0290543523627775,1.4989660151594961
243,0.6706335020608662,0.8641936138344875,1.542130832956687
244,0.40456302988328474,0.8056402495589055,1.2098205217281404
245,0.7327660070695003,0.9279389686735868,1.6614840210945232
246,0.8721100742931469,0.8319088933130274,1.7044700908546417
247,0.6741992632840947,0.8168536545016423,1.4910869840335153
248,0.4761930616280665,0.9157832930378618,1.3934875561036648
249,0.8331711379945261,0.8737198477844288,1.7089902653290494
250,0.30131959162759614,1.0304520620569733,1.333182352092841
251,0.3000933255266105,0.9950213224504765,1.2953862511888588
252,0.48436803667199513,0.7942382861677828,1.2804526975108814
253,0.5155807038878919,1.0794545445390469,1.5971106078245043
254,0.46909954245811036,0.9784342087109081,1.447652795082277
255,0.31641750438283367,0.9686607469296433,1.2849319361252114
256,0.8296443778658045,0.9004313256990599,1.7303352668816387
257,0.49617673272243223,0.9494314949952667,1.4452413688192252
258,0.6026217469951973,0.8280711536328482,1.4320742607623487
259,0.44507055761499714,0.9666056622558017,1.4125347817335125
260,0.5125799153330632,1.1760520347901746,1.6924918323344542
261,0.2688659969131635,1.0338491602195958,1.3035445564535095
262,0.5000252478105836,1.1582324398147534,1.6602840371764813
263,0.34389939581740236,0.8816423232417847,1.2259937354233514
264,0.7117927795027583,0.8611273610579246,1.5739580215400366
265,0.3372256409566816,0.9504256092374206,1.2891039237992317
266,0.7243587656883221,0.9062469371975794,1.6310737962355972
267,0.785945102161719,0.8244951361673429,1.6139457766087162
268,0.5339658469847848,0.9499215701993222,1.4839745186623787
269,0.4195105157414929,0.8541913775445238,1.2746059404130676
270,0.6307280059647979,0.7775738818939004,1.410119025611607
271,0.43869712652822557,0.9319667546612322,1.3715289559860082
272,0.43233769757016205,0.9652641473568622,1.3978927484712074
273,0.3370808688044491,1.1041481963947675,1.4431844431156833
274,0.5822643557956724,0.9941926807890553,1.579096041521879
275,0.4971612441327551,0.7850316601487037,1.2827202019357742
276,0.3241670265037868,1.0632300315344878,1.393551399383206
277,0.3179166089301404,1.0140016850775666,1.3324231175753596
278,0.8089684440744236,0.8678724165601466,1.6769351159835821
279,0.29201739831556495,0.8806502481146055,1.172588874455279
280,0.2754003572173076,1.0611070605845043,1.3389248707776673
281,0.3246184503283729,0.9782164092333119,1.310523909638377
282,0.6615503197161132,0.9366842868127492,1.59896527646616
283,0.6177021510079754,0.9030462470090015,1.52833096777006
284,0.2857767653260339,0.8936558069889458,1.1800642895682785
285,0.36989208518088645,0.9344682277801439,1.3047240869997552
286,0.2084568324096523,1.236044555704538,1.4500090045313385
287,0.42275008136796544,0.9138692515170277,1.3367703872325762
288,0.5949233674800354,0.9494039807513559,1.5437617039044085
289,0.3057066167128113,0.990509491938063,1.298941795522481
290,0.6081197697073009,0.8140737371763578,1.4239961414489244
291,0.38929630255844927,1.102483313199933,1.494057613694359
292,0.38766452592073364,1.0358985418039452,1.4244121706425403
293,0.6205629817582974,0.8499876400301929,1.4706165956474564
294,0.6565547518078176,0.9230477831706736,1.5799125294968377
295,0.5082572325696475,0.9229310438934419,1.431608325977038
296,0.6729125144108536,0.8954209655740186,1.5682982491826607
297,0.45440400594428354,0.9311064515955962,1.3855535142448048
298,0.466433340648436,0.9679702625347772,1.4346963157919248
299,0.6683332601256211,0.9166815897875011,1.5888791886545448
300,0.4292938384940044,0.8285011138675031,1.2582824298978608
301,0.5200700270862626,0.9260286225552932,1.4452830563035945
302,0.29077054182990736,1.0557170015286488,1.3494701833502276
303,0.26976745949568226,0.8944562629029207,1.1653527527474878
304,0.5608970240803046,0.9159473110825758,1.477307674657382
305,0.3816305332731318,0.869806512444967,1.2556640911276133
306,0.7137025026746073,0.9664842289567019,1.6814267004100287
307,0.45569945437739534,0.9329721420726003,1.3886481740131558
308,0.580564455933839,0.9545915320247218,1.5349600939727992
309,0.2684793531233183,1.0770278907684414,1.3472376802465078
310,0.3999118529025054,1.033312714985982,1.4341870037830944
311,0.39043015285832894,1.1410170565358655,1.5338704450960279
312,0.34160877612738005,0.9058706807007724,1.2473695009427388
313,0.34998279616811345,0.965352736095312,1.317574857953666
314,0.5193276294999549,0.858189331588207,1.377063670532877
315,0.2856700209819465,0.8616726277684066,1.1491077982126257
316,0.7638452630593378,0.966391431037863,1.732344533441264
317,0.4907382507011846,0.9670381387784772,1.4580179627822645
318,0.32333688663729987,0.8609282760477512,1.1920811102655549
319,0.28515575928537373,0.9299036983789435,1.215026308556304
320,0.43583200631809405,0.820545535669396,1.2576438411233113
321,0.46730762690665983,0.9635755097286989,1.4342998995122969
322,0.598659412456513,0.8199092937999524,1.4190634164161509
323,0.6605735053495607,1.0984817831953961,1.760259987688059
324,0.5443033453444741,0.9802336078155207,1.5282269274355826
325,0.5470550914090637,0.93382036819402,1.481792931827215
326,0.49304504546178407,0.9701385103114433,1.4631540734510509
327,0.6166215204632124,1.0702137361254387,1.6878651511329963
328,0.6260928835155539,1.216202266585185,1.8457154756013665
329,0.5452799812837554,0.9437581343636907,1.4888140700706742
330,0.7183644214149609,0.8919097504845581,1.6099523449534132
331,0.40602741313674784,0.8365036403263986,1.2428630012329833
332,0.8433329159497021,0.8701884249088891,1.7141997473114259
333,0.47479012607949755,0.840126877499813,1.3154616602228515
334,0.4358078207572049,1.032239974595484,1.468629324626022
335,0.3646266805919609,0.9374543054832287,1.3038281156717204
336,0.6074195930151944,0.8281857392500029,1.4370792818356364
337,0.7470558761320234,0.9410043578526768,1.6897311826945582
338,0.5652720294323501,0.9587969845582336,1.5262119514648305
339,0.27486807174408767,0.9264414807270853,1.2022205366434662
340,0.1877365868878833,1.1153421119776254,1.3043787601718435
341,0.5464877226497151,0.882640366642093,1.4283292513762547
342,0.40653080759538796,0.9873231329424215,1.3942994240581328
343,0.2735672158289617,0.8752074755176835,1.1499198474301906
344,0.3567715842120549,0.8458946263155553,1.2032095382250318
345,0.4178808096879294,0.8811876733189052,1.2987408394667597
346,0.32598818196520085,0.9997217974935495,1.3259196041431949
347,0.3642892641425419,0.8915259774829565,1.265286931959409
348,0.3205670003728329,0.9045966262851834,1.227346470722864
349,0.6144861344112797,1.0193692463699477,1.6340142051944042
350,0.7184804783001368,0.9373861101122998,1.6598753611500996
351,0.583655142936891,0.876275436228525,1.4606946716726412
352,0.9260300065649574,0.8536320513803162,1.7799586692894138
353,0.21667604232731108,0.937041350755841,1.153128286143982
354,0.35877857847800954,0.91737040364265,1.276344040180632
355,0.546047103877612,0.9851277225494925,1.5314210787588394
356,0.6007202587412763,0.9031817393692734,1.5036165720440522
357,0.435967016412917,1.1715973175427052,1.6089636946049097
358,0.5180002443860161,0.9452515314736161,1.4663403752396675
359,0.44292597975506,0.9505187391745125,1.394106538077466
360,0.3299457032044799,0.7496656624053486,1.0835946928101094
361,0.471910317622104,0.8560096276024183,1.3288686529872678
362,0.2854180949991161,1.1030062235081317,1.3908195118027535
363,0.6234717264123617,1.0536809840950383,1.6851588833810638
364,0.2684572836602541,0.8705486722114415,1.1387723062878194
365,0.36514825646588633,0.8562558975089658,1.223893584047417
366,0.546018926418995,0.9290101994516533,1.4762334424638794
367,0.5869465028424088,0.9012153231690405,1.4880176915793157
368,0.7178049427487139,0.8117420309048953,1.533533243128261
369,0.616278276997619,0.9259882531940775,1.5416448966180383
370,0.23673109198919917,0.9565951854829464,1.1928338515255632
371,0.6570875425251046,0.9081016482318631,1.5645808911821462
372,0.3496028547578405,0.879395615894893,1.2318163544944767
373,0.2778925892620805,0.9249635622415155,1.2034677699095653
374,0.8297974677072659,0.8865618632879944,1.7163542928019524
375,0.305741756384009,0.9771609442067302,1.2840945057206383
376,0.5106722765265488,1.1734066038189468,1.6883476651491094
377,0.4693222346700736,0.9856531474516856,1.4553184809370663
378,0.6612781916677619,0.827926662019081,1.49086898846204
379,0.5588858790114557,0.8594263645387201,1.419071545302458
380,0.6866022012794843,0.8978183036782212,1.584664268512583
381,0.2371058170841991,1.0878359729195637,1.3280207127681223
382,0.46739246476914786,0.9395659037884059,1.4126050053299224
383,0.513102679091844,0.8721344463316427,1.3848877961698065
384,0.5770675929851166,1.1214430978246384,1.7040638438338362
385,0.5088349916519377,0.9848873292632163,1.4943277354423685
386,0.2547732521656485,0.928253959051311,1.1834513678571597
387,0.4916949288615058,0.7857587700522259,1.2800329442354723
388,0.5013069720571792,1.036995093292063,1.5396626786978658
389,0.6209294768076319,0.9333197145795111,1.5538336629019511
390,0.5279096881830156,1.2511479523063542,1.781075052834936
391,0.5864881691651078,0.8536018874917488,1.4423343812970018
392,0.527967532031056,0.9309511464448121,1.4610172180455692
393,0.5479998741335947,0.9025775909993285,1.4517665358560237
394,0.3709811643677625,0.9816039300457788,1.3565793368932404
395,0.5088997859855766,0.8581019166675077,1.3702768832133074
396,0.7469188072441852,0.9238764575406009,1.6704342391900298
397,0.41223101355112135,0.920218390394723,1.334766830947018
398,0.5458674591108803,1.081315684033683,1.6326166803064694
399,0.5342162901955447,0.9447839474545816,1.4796085200584628
400,0.671448033072565,0.8225177404426205,1.493767611133208
401,0.4981571275731085,0.9133636429521346,1.4117953235355998
402,0.490494804510746,0.8749606644514358,1.3696607433850687
403,0.48682277844748967,0.8947978287046823,1.3853854061198234
404,0.6101332148856073,0.7809031778719486,1.391095343096623
405,0.36855499858376106,0.7737412678556055,1.142785038538534
406,0.47156990254455877,0.8813984427878125,1.3533720071836655
407,0.5455161089247298,1.197822470202624,1.7473311308675221
408,0.45033821589223066,1.002009436071532,1.452649048440236
409,0.5659950718780209,0.9352741311184758,1.5019019669070417
410,0.571698560533477,0.7693971472288439,1.3440798580788424
411,0.4541899652718797,0.9479311797624774,1.4021099626643974
412,0.31214022530829055,0.9098013289392952,1.2240869056855601
413,0.6735388659887178,0.8517418207329683,1.5258974291139964
414,0.3781260386276628,0.8418789481839113,1.221902903856197
415,0.2928623169196598,0.8798242719358811,1.1730638110967035
416,0.19761118616636253,0.9919960218241073,1.1897247539768507
417,0.2689315576976199,0.9518248596229526,1.2213114114341792
418,0.23197946830391913,0.9994921771381016,1.2344663329761545
419,0.39376640389674833,0.7975301025831172,1.1910724553118612
420,0.4345317380826117,0.9334030766638364,1.3690353328214684
421,0.6267500394023671,0.8768359694464749,1.5038406111192018
422,0.6075308934614583,0.8050164016956387,1.4123877623912335
423,0.38139676689040414,0.9356258425724562,1.316985919290687
424,0.6727710680156065,1.0334880537652538,1.7082095365770016
425,0.6854979201375215,0.9648599459376044,1.6512222986255978
426,0.47435680762691845,1.1234787556370094,1.599062748981325
427,0.8741903555469719,0.875696147324561,1.7496538396901542
428,0.685951028330237,0.9713780103222405,1.6618295424728018
429,0.35024026556327925,1.009677800443761,1.3605478573404781
430,0.43184966880201614,0.9537551384432277,1.3860527568556904
431,0.590662098523481,1.0036446050012415,1.5986393334037245
432,0.2527926904257569,0.9442487919097715,1.1964355525558474
433,0.503023756870391,0.8960639048932677,1.3995981609252794
434,0.800516319014065,1.0855190192841064,1.8896214051365803
435,0.5828847251075757,0.8852246920107945,1.467493842518337
436,0.4884938798823697,0.9208171777430465,1.410083836205942
437,0.5349481017322546,0.8040092340789329,1.3385704173833375
438,0.23702191388738214,0.9969598439758585,1.2355259600197215
439,0.4060883909063975,0.8097844339415232,1.217023360824733
440,0.6495458061189225,0.8458433046252054,1.4977845535773184
441,0.3387028942787609,0.769307198786997,1.1075772582944694
442,0.2801379411605964,0.950125243328614,1.230631612125812
443,0.4866077216584017,0.890129308486749,1.37701818567146
444,0.4889809868925994,1.0640426729145531,1.553948451073424
445,0.6289154002985669,0.8357578357162794,1.466131701734156
446,0.3874816719658085,1.0454531300934349,1.4335161540484194
447,0.5116069702640687,0.8484359449987267,1.3601950178784108
448,0.21394759597882995,0.9980023525837716,1.21286878748014
449,0.5480356191146853,0.8879586176742436,1.4352803600948931
450,0.2541436851078629,0.9505148890440367,1.205010612263095
451,1.0312982746562511,0.8053301903956935,1.8365994797600536
452,0.7162656783154517,1.0076159972379486,1.7259653175336496
453,0.3374853739377386,1.0297836874458497,1.3678052608614806
454,0.4644374148458468,1.1831108397142742,1.6502522185148933
455,0.5828268984454184,0.8758229185845607,1.4594620437696193
456,0.3192955522049985,1.0083250672226498,1.3287553679125566
457,0.38316728627548,0.8725427612392949,1.2578115728857497
458,0.3412845258989847,1.0007751553901088,1.3426475359302046
459,0.3130797516589183,0.9337728030081607,1.2467874617406807
460,0.3141891578917111,0.820821988475771,1.1357054273631917
461,0.38616205626084366,0.996394194188511,1.383886780545744
462,0.515391610150786,0.9082375016249244,1.4248330855239573
463,0.5970154293905239,0.8548489059192406,1.4516296625033647
464,0.1935267695342091,0.9511600276566945,1.147115764199988
465,0.39895743309403997,0.7828082071735878,1.1812341310321912
466,0.6369671150552989,0.9211763851772758,1.5606619009432876
467,0.5136210610980214,1.0360005270992048,1.549882780388188
468,0.5238455507995354,0.9182711404754258,1.4412864997875232
469,0.4294626882837278,0.7737611650744185,1.20263745493844
470,0.25398362769593774,1.0051775973626178,1.2591035703967322
471,0.3162032961616177,0.8727730103535976,1.188930355071065
472,0.37589787618483683,1.0086511907534188,1.3856893271579551
473,0.7799922560838297,0.722177911908517,1.5035173271785993
474,0.804035746149026,0.8466350426849942,1.6509398992224362
475,0.45789689967577374,0.8414783612259953,1.2992169644808484
476,0.44957610919846047,0.859296820086783,1.3092049728056736
477,0.3339144489121182,0.9862174922250162,1.3203264070662186
478,0.564526311768148,0.9118280293100867,1.476049765387188
479,0.5301683050519017,0.9003374808119844,1.4313966714681357
480,0.48940625082130396,1.0334300130272425,1.524709030421164
481,0.3731378434740833,0.8310865483559127,1.2089121782751207
482,0.21408645207400667,1.1919285381773683,1.4081049948064965
483,0.5935668921785293,1.048484457341985,1.64225860576272
484,0.24434395524077956,0.9021951430256223,1.1477365200091754
485,0.9438079942998172,0.8170033501363605,1.760767692468221
486,0.6801195322515241,0.9519611876224445,1.6320785853245638
487,0.5043477699352934,0.9859548066937975,1.4940638349615654
488,0.6665646806794427,0.8706939412919326,1.5404549985918123
489,0.5314669718335097,0.9707514272088531,1.5022272229197569
490,0.3527564919523911,0.9549027309679943,1.3086921370533204
491,0.7287199868877536,0.8448912846950805,1.574699209268175
492,0.5756770936871192,0.9318042101086803,1.5075441244742365
493,0.7341772855717608,0.8298560150389989,1.5637556218934634
494,0.6916405709715576,0.7806139248511386,1.4724296722365153
495,0.3340475112905992,1.0350842565531622,1.3700727957207803
496,0.2442741437009417,0.900796469539948,1.144641466723506
497,0.5971126565577123,1.172103956734233,1.7730743936728715
498,0.48982752455718526,0.859952776877563,1.351325927763483
499,0.27738869020506485,0.8872507485005556,1.1678974479655864
500,0.435479072378925,0.9704327799740753,1.405896857797103
501,0.3027724915095149,0.9149833057363352,1.21882667614004
502,0.8254356405111878,0.9140444487413504,1.7397287220132966
503,0.5663217437206356,0.9721889878260299,1.538196362799681
504,0.5147833405987399,0.8646004222602812,1.379501102509579
505,0.29510502694955676,0.9416227532789634,1.2396078184029875
506,0.6500916783922719,1.0662025203223209,1.7182202901265526
507,0.5520505710483405,0.9259648185688434,1.4798103107150382
508,0.5221541537340926,1.2710738188223871,1.795948238870679
509,0.44849875176311116,0.7758655849197424,1.2259599840581359
510,0.4953019121521294,0.8363552903728504,1.3317465876930328
511,0.28051114550472533,1.0274951523896334,1.3082028948026903
512,0.35443871475137456,1.0509626688916782,1.40607000438591
513,0.4064541170549205,0.920701258545364,1.3292264339399935
514,0.20955099622886664,1.1288908223943253,1.3395452299481256
515,0.5031044675861267,1.0152651248278346,1.5236416531995332
516,0.8854823238905283,1.0133857750637105,1.9028326057152185
517,0.22716858075911261,1.0946155477390533,1.3230333675049977
518,0.7801273177869348,1.099832396275474,1.8827081261506748
519,0.5644269782567051,0.9413721055659181,1.506759456757166
520,0.5058206571431043,0.9211789243874335,1.4301957485544392
521,0.6200130416390124,0.9367271803889992,1.5568691200803215
522,0.235721724443259,1.042061021052838,1.28079444962178
523,0.4070430401861671,1.092148838686711,1.5016944253616913
524,0.5109522339313628,0.8829616221226928,1.394126400195944
525,0.7696482706839447,0.7966161509608867,1.5661449311078286
526,0.376321185923679,0.8470519911417398,1.2257912465500027
527,1.0133405395706632,0.817306116614759,1.8304372968495102
528,0.4433847862668472,0.9294227306765777,1.3786024953845128
529,0.532276087822197,1.0668883644353855,1.6004782703451923
530,0.8684117470465367,0.8567366135554835,1.7254295710816905
531,0.6285745599989383,0.9506795049569519,1.5786384848983346
532,0.20289999340049292,1.0470456020836814,1.251730911490565
533,0.3668856061437893,0.9399442202154589,1.3093447418598387
534,0.8334273275095256,0.866155122133307,1.6999269133130213
535,0.6036791992723352,0.8084515082875612,1.4136655363557225
536,0.1915453991289553,0.910046451572704,1.109657866225433
537,0.570529959274495,1.0065446442246753,1.5784889668061766
538,0.40794204598331874,0.8393670685789729,1.2470513139807622
539,0.48861986053810824,0.9283821220807909,1.420177394362696
540,0.7053927115271819,0.95197067714588,1.6573443279649354
541,0.6253987430125676,0.9296688492603238,1.5549898369450403
542,0.47298704340343534,0.8737383818777005,1.3500476400563173
543,0.2913881331634798,0.8517145736353555,1.1434965997094224
544,0.5600515594791489,0.838807281210336,1.401105705613901
545,0.4338593837188114,0.8942102769465095,1.3297948798236803
546,0.7595955218534982,0.8350121884020041,1.6005146862715378
547,0.6626143668508888,0.855506514381446,1.5185104914574055
548,0.35668302713248323,0.9036474040563363,1.2602971658152597
549,0.49300255283912975,0.9847765362617906,1.4796936960963762
550,0.34789332833319264,0.8756801637674627,1.2236695631953154
551,0.3735542073391116,0.8812545369863827,1.2544815934630833
552,0.3373226124436073,0.9645122102690635,1.3016224570488006
553,0.5503801972509166,1.2492079982637563,1.8019937686777325
554,0.17425703557545447,0.9930365236998071,1.1712164056007097
555,0.4308135466443588,0.9283545776566058,1.359415260690227
556,0.3774054255685755,0.876179039504656,1.2535740296179938
557,0.7054406075301642,0.9061151878438807,1.6115781983935307
558,0.3891636004283896,0.9682550666376599,1.3574573524249516
559,0.6293612344833832,0.9538124627111841,1.5856876853792414
560,0.3627102191438496,0.9191924818490023,1.281498693401666
561,0.6882064755488386,0.886582620064857,1.575101936721623
562,0.42104941147412944,0.9237221771744828,1.3444761296911878
563,0.3366727270964489,0.9818713690784904,1.3184186315329498
564,0.19126186209944152,1.0281933168099506,1.2196340983406095
565,0.410486251082105,0.9257759530936482,1.3358094385264252
566,0.37401532499956147,0.9621709654342538,1.3372363983414388
567,0.660787203427617,0.921159365722886,1.5839570827715193
568,0.2969874799627519,0.8971067748298225,1.1963917085074343
569,0.3267884234109317,0.9697183190213181,1.2964126501973183
570,0.48705541261317364,0.8688505629860543,1.3560823805973712
571,0.2607554042661704,0.9613734768438036,1.2222713941206536
572,0.19707857597559197,0.925228933574413,1.1240521176537293
573,0.5445659638796627,0.9862007060480948,1.531231018961691
574,0.5086727060469514,0.885190178505951,1.3931191013334825
575,0.2960242655010461,0.8660458855987798,1.1623409743108013
576,1.0764830998108437,0.8143901958446804,1.891096455345206
577,0.3152755605820303,0.9442407324510569,1.2619862259340238
578,0.3409802246919682,0.97639704518987,1.3176225655552969
579,0.6819725258330465,1.06746310292408,1.7510850306944405
580,0.40192189995173067,0.8833858110065478,1.2862996031554985
581,0.5432221971393005,0.9484217313679437,1.4921233763504347
582,0.5147543440468496,1.0243185052471802,1.5415487536929078
583,0.5758315654314998,0.8902120192529139,1.4664448018529157
584,0.7468320545304721,1.035199648232478,1.7838337982063592
585,0.3158786241813374,0.8322262070074515,1.1482389559502764
586,0.30648626773579224,0.8079578184105145,1.1181629047662582
587,0.8329550507870636,0.9677776575835821,1.8041092209459748
588,0.6570474156873161,0.7903301218798191,1.4488191038122693
589,0.36206649878069186,1.1377870444222467,1.5012257077305051
590,0.6594361820627626,0.9496634167239648,1.6089520386965432
591,0.23737636030358544,0.9636408777734147,1.2019214902630537
592,0.32711301266005677,1.0095969979268062,1.3382589797685185
593,0.5589282642646367,0.8221238235228583,1.381424041656473
594,0.37728471977083444,0.8621515850733061,1.2435013996082418
595,0.7231289919592001,0.9095645836885637,1.6336374151847224
596,0.36114429974568907,0.9264403464797724,1.2895012697153518
597,0.23552470249514812,0.9425169887618949,1.1782959370008967
598,0.6843728641922269,0.8873168704961216,1.571731745299303
599,0.7573257330576695,1.0202688274242746,1.779140100285474
600,0.4692248241780703,0.9909938601648918,1.4667280316389792
601,0.5167288604968121,0.9492147752569622,1.4656798804159052
602,0.2712721514436467,0.8764504337188868,1.148874544093843
603,0.8557279172552228,0.983933812508468,1.8425550748592912
604,0.3378737580369844,0.8937956657292219,1.2329312830244135
605,0.48805649708725696,1.0096377751386711,1.4979172813020938
606,0.23659387211515082,0.8460924698039562,1.083939901181182
607,0.48243730071769164,1.0009453550517975,1.483707382857503
608,0.8158322658662485,0.9394867787688383,1.7557595793775533
609,0.49545089048307034,0.9424190324784689,1.4374599038840756
610,0.7666658919113161,0.9799645545943179,1.7469664827922884
611,0.45714222642428126,1.2644736842791104,1.724961379599577
612,0.3135948298137592,0.875859876012484,1.190695204060141
613,0.7500741079372233,0.9319867184839978,1.6838859555975603
614,0.7414183629454953,1.0022937549384778,1.7444773573796795
615,0.5031941684581369,0.8811918632499669,1.3848489086439884
616,0.3921978976435341,0.8177845139473732,1.2123199318082314
617,0.8773583852346007,0.9550026617629612,1.8336012328193476
618,0.6825787580407763,0.8147797401471593,1.4980632780907825
619,0.47539608171223335,0.8235192249054819,1.2988721944413015
620,0.49746160237366155,0.9565508466123163,1.4560379919652462
621,0.3291882443351781,0.8450622250644457,1.1733424489139637
622,0.4478248328748293,0.803690154830548,1.2508379501124978
623,0.30504035532526075,0.9007617321659254,1.2069771755273848
624,0.47902016256398383,0.905754019504144,1.3852105749856776
625,0.5428965331139608,0.8760216803841985,1.4255310480100576
626,0.3271759793924076,0.9917819735943141,1.3193893020957361
627,0.7613898593622821,0.8093136713480078,1.570846450361472
628,0.5040790212698738,0.9785052113569606,1.4836603382667306
629,0.518148178147527,0.9097874742514449,1.4300183951054777
630,0.8380183936539538,0.8554497961274024,1.6948314320261488
631,0.30596184461465015,0.9438910637451485,1.2508442038600052
632,0.9103531339762867,0.897773847553708,1.8085947597739391
633,0.5793469900386725,0.9789885361976047,1.5584635017044377
634,0.6052075502697534,0.9565859696206758,1.562459007293512
635,0.4061162171597914,0.8946752205767794,1.3011545716989517
636,0.4750416458324338,0.9690820740088526,1.4452531367943493
637,0.5849333246174382,0.9518312083224743,1.539610632398123
638,0.5088566026756354,0.9705813949666293,1.480003152914577
639,0.6789536146561943,1.077560069929234,1.7569707870406575
640,0.5125422825769306,0.9234035748550582,1.4364847063417585
641,0.5287881622770811,1.0655401190673075,1.5952538128052964
642,0.4398261426395891,0.961880351073944,1.4059401742315742
643,0.7202747599669266,1.0475032625221417,1.7700366288696472
644,0.5324837262748048,0.9820265303940232,1.5159283349777866
645,0.4570775690191482,0.9016835223855395,1.3585138730873894
646,0.42425171865369293,0.9272020161650119,1.3518471803512568
647,0.6743098829580418,0.9552520394394008,1.630682797036883
648,0.6149909151246646,1.1112697854710234,1.7270459438558845
649,0.3217039814182314,0.9509896068115111,1.2733855804519933
650,0.39019517909687806,0.9188150820464713,1.3086714485032758
651,0.30731564252759824,1.0904418225920551,1.4003220755571206
652,0.3754561437030617,0.9091543922770882,1.2855280623325385
653,0.31769945186129434,0.9339970457226485,1.2510643054786001
654,0.8095374382016587,0.8069955597565297,1.6183330735962898
655,0.7333501687723611,1.0064838131870033,1.7407859875369809
656,0.6859534901837065,0.850203774497416,1.5372132103700409
657,0.2559149580095905,0.9829402735850223,1.238848518689366
658,0.30515072839993707,1.0007098808413062,1.3063720562774819
659,0.42614612645157024,0.9959005746480472,1.4233587966336216
660,0.3376204372942908,0.9647382664002677,1.302464638303114
661,0.6403499484451629,1.0119488602928755,1.6553345843706353
662,0.5446521072921513,0.879125706402391,1.42506445469688
663,0.2780370559348029,0.8762231282244883,1.160632483006573
664,0.4358592724292123,1.0192262112357042,1.4594265810838465
665,0.400797813541125,0.8434575086853542,1.243823482555527
666,0.7860380140818961,0.8839755124963062,1.6700755514017942
667,0.4177087286815606,0.7620419482007463,1.1806926852250825
668,0.5947030726750882,1.1486951919176818,1.7475603606040835
669,0.6385474331242591,0.9218858074256815,1.560006058186218
670,0.3792650877593644,0.9323989330513314,1.3183110902381827
671,0.5843542807883608,0.9859192872678335,1.571044835256842
672,0.2041835710126314,0.9379832211402146,1.1430405021518588
673,0.5957724731571119,1.0668310586031993,1.6647539111825012
674,0.39336437826031556,0.8689695365809698,1.2621836237263508
675,0.49234413319406656,0.8653551947930254,1.359915172494297
676,0.7217374405708341,0.8470935629975997,1.5690989131579585
677,0.32591747364568846,1.0932936092397298,1.4221072524451444
678,0.4652968630038714,1.0800842932488592,1.5457520859457503
679,0.3134471656933471,0.9432044099130295,1.257003492153558
680,0.5081892976335354,0.8334804480971059,1.3419645920003092
681,0.9391620828301654,0.9017833650648583,1.8416666763064313
682,0.4756122673736627,1.1925943986831697,1.6736558245706021
683,0.34094120536683903,0.7917241868870022,1.1340073252645482
684,0.5425150429683043,1.0034624203777298,1.546545372648069
685,1.053901413735332,0.7833616527082938,1.8427175535612434
686,0.7294531447402335,0.8485517870364276,1.5832672283080171
687,0.8412243787307148,0.9328783130864622,1.7778958527140958
688,0.4561306118668256,1.0116496093317693,1.468224642636443
689,0.5452108092560337,0.9507754242335977,1.4963114453913988
690,0.3088357924763585,0.9826230065250101,1.292201368776169
691,0.2241375245613284,1.1548096768159937,1.380832910898775
692,0.7298077199170052,0.8440861374400868,1.574985159106447
693,0.2647780815460976,0.8750338867835623,1.1493216437757496
694,0.561723288378289,0.9745115054234788,1.543588609437606
695,0.38646458344829426,0.9182553423453825,1.3041839446439383
696,0.4167764665265139,0.8590109622165158,1.2764176987257656
697,0.48765286935068275,0.9609995473866064,1.4481238619502932
698,0.34290077215898407,1.1001078069593504,1.4441708388772199
699,0.3871488056030117,1.1216389809704381,1.511170269010421
700,0.38508589439665997,1.1172122623740748,1.5041894945722234
701,0.6381567101091434,1.142872295038572,1.7833330727653305
702,0.32176644696555456,0.8837378153461657,1.2093288625889542
703,0.27983806735651484,0.9942114308387815,1.274324674598219
704,0.47074581549310324,0.9627414716470213,1.4333965930047157
705,0.5980024645116373,0.7923001724411165,1.3920474122475213
706,0.5981249438870861,0.8567131968306256,1.4547809581419813
707,0.6817797512335915,0.8368023674423029,1.5187802719514565
708,0.26111372355814666,0.8579227210182268,1.1198391483056156
709,0.3026857918716743,0.8936033171589912,1.196092590525744
710,0.5468973245431101,0.9795298586071937,1.5291404679304321
711,0.48416616329906503,0.9021272755515497,1.3891816006494082
712,0.6740166039865017,1.0090585888028727,1.6838739587741003
713,0.16290281551941632,0.9237072963370494,1.0881599771329924
714,0.7024997018271222,0.8486484589663092,1.5541068787542258
715,0.6482037196098673,0.8649776079610945,1.5160854316855534
716,0.6835238629990386,0.8470847408033677,1.532356118447808
717,0.4432093616965602,1.0014352076746746,1.4455416386436752
718,0.6484257730295013,0.7950393637170379,1.444641065754027
719,0.2827642951133029,0.8808578034154806,1.1660607609006917
720,0.5075068291310174,0.98107332292048,1.4901173600616744
721,0.19827658671542636,1.0339200808580458,1.2345181023884315
722,0.3025988932707335,0.8635272169112511,1.1654505173022685
723,0.6679074282268829,0.9259268251328763,1.597154153719714
724,0.22660707421245263,0.9423002370610831,1.1690130722821834
725,0.4046362728967807,0.9647752081345118,1.370503920055171
726,0.5671282501044033,0.9623009636046618,1.5298730277252304
727,0.33080926910231767,0.9346464875505518,1.2658922951825105
728,0.30087599759644235,0.950596652254518,1.2512266389724473
729,0.42496250212070663,1.0832506052573763,1.5088747996506697
730,0.49099014778151684,1.0238469784094377,1.5152667930235708
731,0.43017140099480855,0.8887349208030884,1.3212474828733605
732,0.5016790437603191,0.972168296406636,1.475073776778018
733,0.7406712927978418,1.0616232092056208,1.8066213894580017
734,0.44654536501887776,1.3080535490990002,1.7582443040847835
735,0.3472212136095578,0.970108934217528,1.318054533498092
736,0.43723274175987115,0.887922104491139,1.326444707764935
737,0.1715833636619557,0.8595898310143362,1.038913781581087
738,0.7448759711558921,0.9564851997108974,1.7029440933620634
739,0.41984606869360164,0.9219888243313648,1.3419010982863995
740,0.36263332005743365,0.9424957283273443,1.3115668776377234
741,0.3896651324086662,0.9502902495082921,1.3401552692322127
742,0.4302775327411723,1.0090923870221644,1.4474870532969817
743,0.26172090657092895,1.0173201732092352,1.2800810308254071
744,0.5523794109831641,0.9158141230346075,1.4688360568927408
745,0.4654572501836469,0.8047580445600317,1.273090422413901
746,1.0790769804891625,0.9181936748028079,2.001653630762604
747,0.534685944343849,0.9073971787896085,1.4426372141377186
748,0.23167841121913568,1.0803982185873977,1.3130309283962873
749,0.41286902683641813,0.9243416159445417,1.338637241669332
750,0.33529165544648265,1.0061575557585627,1.3454477994811995
751,0.354912566805325,0.9426628222665983,1.2972921462081857
752,0.43439343404509145,1.0674364976215145,1.5026561592335241
753,0.5728963046029776,0.9042401356526568,1.4773601853728024
754,0.4500477420724991,0.9437026243649029,1.3941290120155543
755,0.22789913134746342,1.1521815445721657,1.3888636430950498
756,0.5459339105625389,0.92962713969834,1.4759505592494833
757,0.5248042238323904,1.1057033696776841,1.631794662247401
758,0.39542536044574916,0.9201040057547587,1.3162728785448436
759,0.525296874953213,0.9232029363406014,1.4499527085269364
760,0.5773561636277975,0.8660526575057474,1.4435857956176363
761,0.7895889589143508,0.87361166907354,1.6640819114566625
762,0.42162939122083287,0.9184575288883963,1.3405578745884128
763,0.17945900621144872,0.9166330655198927,1.0967118778217397
764,0.3869128740506227,0.9860885675857247,1.3733139595581108
765,0.4427791176076141,0.8430032978994859,1.2873092466416125
766,0.5820258327133985,0.9780324741348068,1.5599610297576163
767,0.4455104241449561,0.8844863376213254,1.3309428591595207
768,0.7570558526249442,0.7923641789797671,1.551588208228452
769,0.5296777615292427,1.0211930600843857,1.5512291291609301
770,0.485671276907496,1.0381635001819376,1.5267628768902597
771,0.6952102031970355,1.0400751425707,1.735603692877362
772,0.30890042963214626,1.1835080944625034,1.4957014030565077
773,0.7130727446655101,0.8990318448985875,1.6229988199655025
774,0.6786112105185396,0.9916546868796701,1.67091851851265
775,0.7172910747050736,0.9115582143443959,1.6303086977338808
776,0.3804566395316087,0.8643941166257321,1.2468566623915294
777,0.32355543911083373,0.9044611525927948,1.2286737933513052
778,0.565442230561132,1.017492949940646,1.583963127420688
779,0.5763733003161207,0.8970623569078384,1.4754831705613043
780,0.5795551310264102,0.8751154990826109,1.4559560870878414
781,0.6005923747735835,0.9814243881593825,1.5836339067781466
782,0.6326812833272726,0.8449530182707576,1.478303398302515
783,0.8323249620681281,0.9435869140464774,1.77717926931237
784,0.4529190404046375,0.878517532678373,1.3359909286279077
785,0.45835969136757626,0.9574394249910796,1.4156012624388552
786,0.38492914229624375,0.9051344006525923,1.2909085286053141
787,0.31363659861128923,0.9860671038219593,1.301506664722531
788,0.41291709591729386,0.8220443290559061,1.2346404014113759
789,0.6853636706062787,1.118678675022153,1.8053322939631329
790,0.4753777372622494,0.7787777489896541,1.2551199362920045
791,0.4744293282162886,0.9928545042153729,1.471067108825821
792,0.4947519302848207,0.9145785926611296,1.4108644461713453
793,0.4916080794379525,0.9068691536698879,1.3991263287283289
794,0.4859255964637299,0.9448755156438438,1.4325213980716
795,0.5342842255130478,0.9908472106154704,1.5254344557818769
796,0.28279711540387353,1.0043364908550103,1.2875636443363803
797,0.7565428618353138,0.8579922140791183,1.6153847560156578
798,0.39545893939168764,0.9745944476757558,1.3703413205142283
799,0.2650518541475222,0.957669339316432,1.2232738913078762
800,0.5966412148438991,0.8785656420910328,1.4794016485824812
801,0.5466030018362744,0.9416402040239973,1.4880258228771481
802,0.4280444431481101,0.9608000710716311,1.3889371069185188
803,0.4157615718751657,0.9212206363925617,1.3369544434019218
804,0.4147866190291438,1.042186026771759,1.4576050857574216
805,0.40417520008240615,0.8897103935676682,1.2995647533869885
806,0.6341404914740423,0.8590883874926618,1.494409143812419
807,0.49559861565532515,0.9185928539274926,1.4137467654469589
808,0.6627437330417223,1.0988189184281367,1.7625013619885408
809,0.40960012007514024,0.8543876364977621,1.2696632565415769
810,0.6656937685930018,1.109456064107846,1.7780190305276022
811,0.5392435509026541,0.9067188599115639,1.4524465852206987
812,0.43982286128991177,0.9769874236457099,1.4195488590929273
813,0.7405082620219474,0.8485304919606307,1.5911147139265296
814,0.29671053053643703,0.8792812903401881,1.1764417688220021
815,0.6018240258484582,1.1405731210132615,1.7438480820497944
816,0.8672130858111871,1.0684856432803542,1.938426736817263
817,0.28583786123463284,0.8885230505796144,1.173937040474513
818,0.501819957339535,1.1336597396902306,1.6380694420475947
819,0.29976150931238976,1.2071054843105102,1.5092549503842747
820,0.34541536704719533,1.027880459471703,1.3735303503189797
821,0.36912366757365334,0.9486244552177538,1.321752052725742
822,0.5745381763629922,1.100880280437238,1.6787644286955157
823,0.2849605697362989,0.957271671711375,1.2426987210757972
824,0.6699154897726771,0.9771379395729554,1.6516260899253155
825,0.4214573239771937,1.0379287710480725,1.4599734263812962
826,0.7238270183613054,0.8367217525689057,1.5626153016939668
827,0.24294227050165773,1.0599748081762783,1.303588332953332
828,0.654237683604137,0.8679372265547585,1.5251367688089204
829,0.6374654218213607,0.9044239428562832,1.5427608704477365
830,0.46341448311800093,0.8173929926423114,1.28080979555682
831,0.5355794223607688,0.8204711478337572,1.358857142452763
832,0.4341707356281148,0.903481984747657,1.337402297658926
833,0.7074627736555641,0.8224184090468327,1.5308656788756423
834,0.20823347310111728,0.951407605587768,1.1595194983599164
835,0.5468861019947582,0.9446711367005207,1.4919545211674006
836,0.8418431948877299,1.068211533145643,1.9130494845055352
837,0.7082814730196674,1.074563187129769,1.7848969683683578
838,0.579092781469825,1.1554053569493021,1.736479420883299
839,0.4990865591405651,1.0108935816206497,1.5118242639785535
840,0.37747253894001176,0.9352909351196175,1.3121434950334745
841,0.23787506028163818,0.9087044861506968,1.1487108050482036
842,0.971640772355272,0.8242248464060822,1.795989695820225
843,0.33930454129232857,1.127599732345466,1.468405688994018
844,0.4834225321168333,0.942427386465468,1.4265604655700344
845,1.029463050552522,0.8830449017536921,1.914363488515221
846,0.47040619450444865,0.9657121478502688,1.437068877260316
847,0.5608871955660959,1.0358551763990107,1.5979551004234764
848,0.7071576673503159,0.7269834554222427,1.4374476509127163
849,0.5051867808452783,0.9111968107737027,1.417747286851764
850,0.35019974852635727,1.0795698745248075,1.4307579210164292
851,0.4051750134194094,0.9464026459855148,1.351381018946924
852,0.49897685417498394,1.0552726239650525,1.5546781057724104
853,0.6147293537329546,0.941066550545699,1.5591663274368557
854,0.4298848769929009,0.933732079523125,1.3633250829603583
855,0.3126168906376847,0.9297294468830941,1.2435325128973886
856,0.46710232121813533,0.9954179068210323,1.4628459964262106
857,0.43486319079968894,0.9408360326752074,1.3825724656132792
858,0.7083120702684766,0.9348115120864833,1.6463979629589005
859,0.30965647592378076,0.9017842035250467,1.2117604594264506
860,0.6769747683313341,0.9429838831910615,1.6199351583299801
861,0.36354169561170835,0.9295684804789701,1.2928708080741202
862,0.5605214376926,0.8553662494324215,1.4159580746736395
863,0.6342108965835251,0.9549314354653973,1.589258861690439
864,0.19858336464274373,0.8673930808747699,1.0712679508995961
865,0.3483718681636816,0.9996711649414536,1.3485460201850685
866,0.5344737060446647,0.8514075873045215,1.3855243281363414
867,0.29602121282327687,1.000894392207023,1.2969933616363036
868,0.3337638235294875,1.0872113830901569,1.422211461246711
869,0.30180517333207035,0.8605337972816898,1.1639235373279604
870,0.7730329596767547,0.9544231214340186,1.727956846799998
871,0.48265090822988554,0.9991975232429411,1.4832630796452548
872,0.45319466271938325,0.998071411266281,1.4521615736586
873,0.5206718099142336,0.8152617264486679,1.3406739440356006
874,0.39775083900785546,0.8954049412547178,1.2933977549814557
875,0.3357976254721535,0.857147947812372,1.1968533237094192
876,0.6645216976538819,1.0877688761029987,1.754197148120781
877,0.7655593429155658,0.9140889572058484,1.680651445176295
878,0.5503521848623052,1.2530234230993358,1.8093787960213348
879,0.3123499768641551,0.9241108713269313,1.2369558010461645
880,0.6881278854868498,0.8506689361348805,1.540616786992942
881,0.46446533065963536,1.0428030440471616,1.511255746428759
882,0.2461053523315968,1.0576689312200926,1.3045165556079255
883,0.7300267076726499,0.7658915779309297,1.4988836248716098
884,0.47332172553861085,0.9677613194122614,1.4411795966043996
885,0.5022520080171091,0.9934490797215858,1.496235657430475
886,0.3584102339019921,1.0223258095413783,1.3811145095791275
887,0.7061896233467166,0.9160081471558215,1.6219897546205004
888,0.42145265376697694,0.9569265412360295,1.3797491118186684
889,0.6311230886606012,0.7781879553250803,1.413392681248851
890,0.7144431309581023,0.8644794329706116,1.580594049650017
891,0.5989471268925541,0.8652023048246633,1.4645329975204788
892,0.27754200426257114,0.8749240861314718,1.1532873363206733
893,0.5478647112096411,1.1048024001466814,1.6541809113915065
894,0.44813430448267866,0.8439674784107467,1.2945842654590507
895,0.419727535399673,0.9905011455358306,1.4102463182485394
896,0.3205010795356529,0.9870448667236005,1.3118575894293727
897,0.258050112417628,0.8852424024083518,1.1448573508126216
898,0.39842155490902087,0.9102816849546684,1.3088093125830085
899,0.5616953827771738,0.9915755899983623,1.555144011286174
900,0.3039960859279205,0.8494765530621109,1.153441034749747
901,0.6840057232223984,0.8325014498740444,1.5188153899986645
902,0.4447691090805108,1.0277193483989606,1.473452022964267
903,0.7622839243758364,0.780681579748304,1.5445690601207076
904,1.0533681644552644,0.7799956273700843,1.8328125919811384
905,0.31435463804745467,0.9704978270452713,1.2868943312340875
906,0.28398812615662195,0.91765399194351,1.2017110393575834
907,0.16191854506457304,0.9485799774267392,1.126908484747723
908,0.5319178829390836,0.919914486570022,1.4627178409618438
909,0.4246382752590563,0.9784152979440961,1.4083584463872114
910,0.5615382994488556,0.8289511286404974,1.392519833893303
911,0.36126233746622916,0.9705784158955097,1.3317461118930822
912,0.2371600095065105,0.9690852297115313,1.2067365100614538
913,0.6304361485772034,0.8685619403497071,1.500824344523778
914,0.709942770739687,1.0094495038376863,1.7195681866213306
915,0.7342519140043606,1.0604778756592879,1.8024753497702335
916,0.6211926752052364,0.9560713826010812,1.5773232480481596
917,0.5422006441309861,1.0271698582802316,1.5697849972095526
918,0.2850094096683691,1.2310829825852778,1.5181627889449913
919,0.26012245810127865,0.8886671278399092,1.149134704651651
920,0.4439044842282982,1.0193939796061215,1.464221904262942
921,0.26871933283113236,0.9448747772637702,1.2156428528245513
922,0.609781247072192,0.902345907456322,1.5135634201760553
923,0.5221068009478103,0.8368048454229324,1.3595804916868985
924,0.3316031492226088,0.8980801179088118,1.2328673516748339
925,0.49808920980188987,0.96618272021162,1.468157204026454
926,0.45566009290347154,1.0384226035037472,1.496279943992164
927,0.728291529954987,0.9469125763933732,1.677442289779222
928,0.4844697865964491,1.0599295075562338,1.54741434742985
929,0.36085960510913395,0.8776137603864314,1.2398654846105828
930,0.6147270831081499,0.9258047562034193,1.5399656541362674
931,0.5850113961580661,0.9338056871983156,1.5184012753999099
932,0.33515457296672935,1.165324377974109,1.50309673511547
933,0.5366257126139402,1.036986934126105,1.574776050754238
934,0.5761628166881252,0.8326729806896509,1.4122238498639206
935,0.7680015025220825,0.918467160738885,1.6867116917224223
936,0.63994023534012,0.9476429218736087,1.5874327412481364
937,0.6783043916338016,0.8715017871033979,1.549589497760067
938,0.569540772108752,0.9662795275598626,1.5377395268265275
939,0.338625113497784,0.9283954641955035,1.269539047937208
940,0.5769310959513803,0.8392025406719057,1.4220978437521694
941,0.4085522943295956,1.1235577570182613,1.5339807674697568
942,0.3974479766818888,1.1119812007723482,1.512700948324266
943,0.5170389997344529,0.9810328764541225,1.4986429911703567
944,0.6504722392329114,0.9714385703268817,1.6247187112329584
945,0.5567252446256674,0.9049948668793633,1.4620523095626652
946,0.23886842823425525,0.9482210354986194,1.1873210341245652
947,0.19134319400058786,1.081375806474071,1.2761582150880777
948,0.810018499324741,0.8582439241801012,1.6682637045080924
949,0.36344777321438215,1.0593101007735797,1.4239339875348875
950,0.43031458181799564,1.0047311640603027,1.4470465171497153
951,0.6332492055960586,0.8987414218467222,1.5334444407633612
952,0.46894335557954037,0.8949175865832757,1.3648892217514117
953,0.8563834351672313,0.8996443133053162,1.7575332337550833
954,0.6888078138652105,0.8705396045346987,1.5618681014134381
955,0.619484999900763,0.85678222152616,1.4777534867005926
956,0.5994062937762976,0.7999336102657111,1.3991321751463346
957,0.6916617598625976,0.8861263424808783,1.5781527022041217
958,0.3184927135529989,0.8986870384319303,1.2162863296207505
959,0.29394763517627354,0.807866411431597,1.1059337757416685
960,0.3178440487180936,0.9606559092813143,1.2784369965346585
961,0.24345342127913483,1.1196817627379119,1.3683597916317822
962,0.48719691485067074,0.8726048439443588,1.3602803470365785
963,0.29272063732188514,0.9188010538940432,1.2114459663306576
964,0.3566988948142509,0.8883437594082437,1.2458732848586322
965,0.27554645283704104,0.972960250814225,1.249527113645172
966,0.2912436167046266,0.8925935516792407,1.184241953700024
967,0.8254638916036754,1.046311029651406,1.8756866638020426
968,0.3035480485820088,0.9362118950744431,1.2457470577710197
969,0.5743411881993978,0.7660597465274748,1.3398840848388147
970,0.3831015636641695,0.7818138312408607,1.1660801731773844
971,0.5733240799306003,0.9425105207242837,1.5155093768094474
972,0.6302687125576796,1.0076332605088396,1.6379702934813594
973,0.8106529842383452,0.8804871721147549,1.6926533899027731
974,0.6844357769754197,0.8151823018146587,1.4997843700176503
975,0.5236878707108019,0.9478701460975572,1.4712161385750875
976,0.7573339475843994,0.8707516300311937,1.628940644659437
977,0.5046586244612428,1.0138521319569946,1.5185332786313381
978,0.5137816150247261,1.051745414869643,1.5677066709616412
979,0.4423975576185768,0.8365253349921886,1.2812579630743102
980,0.4982646352156763,1.1933439865672,1.6950094270209632
981,0.28164405627638445,1.144167877572734,1.427637793280205
982,0.5773764577296845,0.9594400637775777,1.537096266552922
983,0.32141827107383847,0.9393476802460654,1.2610518682389085
984,0.20197216356033465,1.0211785407004434,1.2232829143680988
985,0.5363520597010307,0.9052530276037629,1.4407280505510158
986,0.17105938287534883,1.010233628529928,1.1848206988278065
987,0.5023105413994529,1.0295533549390967,1.5319952370982435
988,0.3756911523236681,0.8908459624829916,1.2696745079127751
989,0.7220979208851617,0.8982111786038871,1.623302568149569
990,0.3109535113363364,0.9662198004823281,1.276902108616902
991,0.25060930733689446,0.9208915765690264,1.172082754737886
992,0.6789903584304398,0.8868391035439203,1.5654832175820417
993,0.2670400036831211,0.9427330445175315,1.2096687447331291
994,0.5090999679710535,0.8822572845553651,1.3919216386963456
995,0.6085175259923119,0.9919804006969599,1.601714164584493
996,0.5378185028026223,0.9196786219673783,1.4576827710635456
997,0.6239101912678962,0.9605674908200541,1.5841391214931804
998,0.23594621570460106,0.9147584759760861,1.150140646486662
999,0.36709688549040465,1.184221578201921,1.5527690722470808
1000,0.38257478594171346,0.9156948641068112,1.2989327914845532
1001,0.630895033485487,0.9664168011843373,1.5983594144413757
1002,0.47642599067657443,0.9491823643923567,1.427874014958789
1003,0.5286405486959751,0.7801398710339242,1.3113605903059238
1004,0.5343712379948045,0.8981732316731126,1.4331446183865353
1005,0.5531047697123626,0.948893366981153,1.501885815029766
1006,0.6706175235742364,0.8876335728141527,1.55869948774982
1007,0.24548332985418853,1.0153834721304662,1.2625227099108898
1008,0.4578250625304605,0.7682830889854984,1.2307044729394079
1009,0.5837961336756621,0.9325215434452616,1.5161080427910605
1010,0.2658072112526497,0.9728530050866198,1.2386428220287868
1011,0.5699739645338866,0.9250182513192016,1.4956466238277386
1012,0.34988058013960455,0.9311892293547643,1.2822895860987202
1013,0.3890995592173496,0.9391788906481437,1.3284644749097652
1014,0.26294546918725814,0.784771226999716,1.047831988684436
1015,0.19386150773355126,0.9226661145768951,1.118075276487975
1016,0.7460381704061092,0.7694939606244589,1.5207175354043443
1017,0.34864169990684957,0.9272322105334752,1.2754328923508638
1018,0.6275936092504395,0.809903265326426,1.4397645150967264
1019,0.3417706187281837,0.8946255807289774,1.2367441861072734
1020,0.2574571105422194,0.901803864489203,1.1601879261729806
1021,0.342544934460868,0.9547832207353864,1.298465369106907
1022,0.4184055592452296,1.0918919658731312,1.513027648228018
1023,0.7134866622777594,0.9513242299919966,1.6650456742492992
1024,0.6252029995700781,0.9321751668874327,1.557763424909112
1025,0.34520794952273093,0.9220796826299207,1.2674644906058887
1026,0.8388195870441564,0.885888602160378,1.7279542166870954
1027,0.2681273476776127,0.8717258317355601,1.1402757813970439
1028,0.8320237265586172,0.9707224295557637,1.8063665713978025
1029,0.3390523406314543,1.056906479300899,1.4004114434426356
1030,0.6165127393854846,0.993937899775446,1.6105662455488385
1031,0.5102896640972148,0.9202017859211651,1.4318156320865825
1032,0.44381318242682255,0.9561397024865954,1.4005518516077728
1033,0.33665184038482465,0.8898863307633391,1.2269463580586333
1034,0.7494240475280378,0.8773282809836758,1.6275585732527134
1035,0.33161505133742253,0.9661152443787842,1.2973059199199852
1036,0.6278717433199859,0.9360038750981232,1.5676104989475022
1037,0.4981696177080437,1.0792983633158997,1.5782899713011318
1038,0.5340737739278012,0.8258692060874324,1.3602629575459986
1039,0.22589767841950703,1.1133396051144686,1.3410777270228706
1040,0.3341893907782634,1.0124922317917608,1.3471231959736372
1041,0.521772499163049,0.8502875827076366,1.3739774176844293
1042,0.44410450754990904,0.9048887251237971,1.3492764283576548
1043,0.29509704839760786,0.8903615793490331,1.1902186456582342
1044,0.6240329207781059,0.9405880553136257,1.5662718891512668
1045,0.4956780070248499,1.1044238612710586,1.6016654972172404
1046,0.2646886936113262,0.9683528851597885,1.237984226429461
1047,0.4420488239343854,0.8172705356697776,1.2596483587341964
1048,0.6907570949863242,1.0590111914311393,1.7512586704020663
1049,0.3156302237056252,0.9134553575877931,1.2307763231846849
1050,0.3896602161979601,1.0124916019021484,1.4037523272466288
1051,0.5571008939275544,0.9891778084911493,1.5461271453008152
1052,0.6067860800217773,0.8734701148532906,1.4807113373075111
1053,0.38275248137547635,0.8985006061278327,1.2813054663927872
1054,0.7318805943278903,0.9679639863178835,1.699965078167807
1055,0.48099532123656275,1.0229049741546845,1.5043134428506448
1056,0.4877641130611323,1.0697336660699648,1.5580012511831427
1057,0.5021588754665203,0.8098223045281685,1.311497831694311
1058,0.3279463846517814,0.9860515984662968,1.317974788475432
1059,0.7749570765907094,0.9099740437440857,1.685039237478719
1060,0.42005321313151,1.1047762162933594,1.5259192568455973
1061,0.6370412303220832,0.9412480856558432,1.5782972278155682
1062,0.5607234514195198,0.915562404531002,1.4771721876250865
1063,0.5260807612769156,0.8168705213340104,1.3437898427362711
1064,0.24959241124525278,1.2068852078813848,1.459736621212727
1065,0.3819931510660197,0.9097147750748888,1.292441398081543
1066,0.6532199100048075,1.0458465867798452,1.6998017444058888
1067,0.676559938957638,1.074886460175719,1.755009775506437
1068,0.6278079997690043,0.893950957590647,1.5221304761881242
1069,0.4659878388471128,1.0949408664142197,1.5634333180835114
1070,0.5416009081371698,1.0194452651746104,1.562576610630714
1071,0.4676271464224726,1.171148240443415,1.6406797310061023
1072,0.3378916701740309,1.0249213857581765,1.364254871104329
1073,0.5730492351370344,1.0140725796999988,1.5875839641609275
1074,0.6947954201127544,0.930248420369594,1.625891266309793
1075,0.6983361486735191,0.8056107297100823,1.5083820065958093
1076,0.804865736440803,0.8960292678582391,1.701108888052545
1077,0.41259244291275365,0.9534738236816196,1.3672786574144027
1078,0.46755846588717986,0.820588570098181,1.2997222986467278
1079,0.7264760603058704,0.9827653489470549,1.709175400259852
1080,0.26279165648509917,0.8589374653473953,1.1225164638758827
1081,0.8000618084050473,0.8346481861305222,1.6348377408215242
1082,0.7376053492556167,1.0010091198917621,1.741312279691897
1083,0.7954333282825417,0.9278069820528287,1.7242056276890594
1084,0.42752956692457644,1.001549026963616,1.4315778325636046
1085,0.44008632764150946,1.0261300163624583,1.4678963943000412
1086,0.6502903359039465,0.966998529239433,1.61910904774777
1087,0.4502560455496507,0.985498491120353,1.4371639723673866
1088,0.8242924742393427,0.8498463313324294,1.673679889077647
1089,0.4981919160314021,0.8998967463789569,1.3995666236077398
1090,0.5451643741303371,1.047998955914693,1.5972342300613178
1091,0.23063151511071922,0.9698136673674895,1.2006626890067622
1092,0.6381363021851314,1.0869649512409438,1.7273152576874935
1093,0.5942189155619815,0.9994600289777793,1.5941324147058396
1094,0.41761035302151583,0.7334050122237699,1.152567039662813
1095,0.4199514808826308,0.9997709256442278,1.4198115603299613
1096,0.3529814235062645,0.8732194461472744,1.22659585604503
1097,0.21068289250488803,0.9325877450826638,1.1438789531139406
1098,0.23827529944437487,0.970664868580009,1.210361180814651
1099,0.49853667046376415,0.9886054573434535,1.4886632625079557
1100,0.6346543323003573,0.7835676651396142,1.418040756086242
1101,0.3101751803123065,0.887079903586482,1.2016782857871178
1102,0.48738376438561204,1.0773020639544768,1.5667979140692267
1103,0.6092157690806204,0.8853699043956169,1.4942501639219188
1104,0.6281996661859353,0.9516150312720271,1.5799612268274785
1105,0.4001314129401976,1.0449246601445736,1.4490566178674698
1106,0.7481811235884805,0.8361347503746828,1.584829224906514
1107,0.35894513186205046,0.8354763348471934,1.1972293862313705
1108,0.3808656937791355,0.8591307367139649,1.2450706532344782
1109,0.3413423239123148,0.9822829442876326,1.3240238871355103
1110,0.38893840557629034,0.8848456035383236,1.273068842364033
1111,0.7776097151629813,0.8386599931264129,1.6182056549475305
1112,0.8148656106757528,0.8196914595341411,1.6354984833554624
1113,0.407238737969422,0.9065182198516908,1.314223512666345
1114,0.34774655630921814,1.0392976409120038,1.3878654522684926
1115,0.35379695101138964,0.7971451258660167,1.151448062491994
1116,0.6249993525478459,0.9078925397928117,1.5355286202012053
1117,0.376696634656966,0.9340734304744274,1.3204435037837357
1118,0.6913633794032279,0.9877595861670301,1.6828638949194925
1119,0.37859365272825585,0.8452747498460909,1.224570159363921
1120,0.9107175484797665,0.808730909882712,1.7193600574524623
1121,0.17171038272961425,0.9534184627325359,1.1300887648365823
1122,0.5697469976956882,1.1344091192206776,1.708828897127944
1123,0.6812990040097731,0.88794743980921,1.5702542729047337
1124,0.2293055735636571,1.1704487923825369,1.4013611611267436
1125,0.3890341089476905,0.8698536599593254,1.2597058011929647
1126,0.2222756895623874,1.046156181392874,1.2702803725552272
1127,0.4734852757331538,1.0203034490007212,1.4963298305768973
1128,0.5462627900308661,1.0450401334264967,1.5922347059307072
1129,0.5241463184028845,0.9779779469257903,1.5036124423300805
1130,0.31446853242808004,0.9597070756313144,1.2754196197276215
1131,0.7277148116767194,0.8634031882935744,1.5918901162089298
1132,0.48625915910703554,0.8811832384750744,1.3686368830157676
1133,0.4644148526378302,0.8350183652555074,1.3005019874580341
1134,0.6231827212016015,0.8976655838822865,1.5209807969822293
1135,0.3966178600038148,0.8951932422759725,1.2917798377728644
1136,0.6014795150972816,0.79213026759831,1.395762247705008
1137,0.6022980882623585,0.8985283625737424,1.5003689500756394
1138,0.26816255972425296,0.9163943296651311,1.1855661009387433
1139,0.5462541522012714,0.9162486750674219,1.464350727960877
1140,0.5096246310287,0.9084325477976307,1.423289561963017
1141,0.3754010104115153,0.8595219438102006,1.2380450278392843
1142,0.48628855921711533,0.9148966459742098,1.4023240633526513
1143,0.7155273995242766,0.8700887551405998,1.5849853523154565
1144,0.5747802086635687,1.1444119577584786,1.7208092432354078
1145,0.5752895538445699,0.8895392826215698,1.4668171728666692
1146,0.3145883842466972,1.0069336432610498,1.325581012014304
1147,0.4730832182836906,0.9751490792303201,1.4500212277582705
1148,0.6768464330661601,0.8633833315545587,1.5398680859523637
1149,0.6628594076874919,0.9042258301870731,1.5684008826994926
1150,0.32943192285062395,0.9592584816651808,1.2895347702773847
1151,0.4039002606766786,1.2068995301700483,1.613543662993763
1152,0.41351558607718175,1.0165479652288383,1.4325253771428237
1153,0.5382056845164414,0.8727697158724794,1.4105656953017558
1154,0.3240552805535657,1.1060373104487269,1.4308978446277933
1155,0.5969891245062087,1.0950424336988789,1.6951597368771871
1156,0.3232633976627497,0.9082786726696668,1.2323071091548456
1157,0.4208605228415365,0.8789503815556543,1.2993092489138292
1158,0.4836366442794855,0.9714826175168554,1.4566043425856492
1159,0.4088974997611672,0.8620084862283051,1.2717120041332848
1160,0.33786658180364526,0.9869272042058341,1.3263242400460342
1161,0.6725341850064979,0.983502622991594,1.6557856739198797
1162,0.44145773362414786,1.0773615624030697,1.5203977955438575
1163,0.3808690174699194,0.881230562586957,1.2630881951554045
1164,0.3495422472710885,0.9135726307647332,1.2628625753695033
1165,0.6755170843198073,0.8174887981830352,1.4926686136266056
1166,0.3798787539270947,0.9611637658453063,1.3411284538951591
1167,0.679049590222121,0.7855176763399498,1.4680310122766826
1168,0.48560587378352693,1.0225978339389457,1.5091435022442283
1169,0.38968467585100797,0.9289751685634968,1.32032862577568
1170,0.5884612477058795,1.0902727257577993,1.6840339619160432
1171,0.7420540144230188,0.8846964040113932,1.6266880209383174
1172,0.3147711065501255,0.8445673369915312,1.1607238624554697
1173,0.5895504507829799,1.0148512380110049,1.604444795401065
1174,0.36510833983730606,0.8606528233750765,1.2276163366866655
1175,0.21975269826129562,1.075499495378054,1.2959517154966775
1176,0.32330814093529625,1.0770772376722562,1.4009970651104169
1177,0.8211200926624542,0.7829826338123098,1.6042293487006702
1178,0.6539366102533677,0.9453141404372047,1.599785898488804
1179,0.699855716150239,0.9272734587718929,1.629157918989037
1180,0.25314079866107875,0.9957046699548613,1.2494155564734726
1181,0.20585631909777646,0.9605050483527968,1.1665997471388216
1182,0.5640507144815103,0.906718464567831,1.4736055351880282
1183,0.49331127573385913,1.0978358082330288,1.5928503737889486
1184,0.4615920263740918,0.8953361257239436,1.3577816987515234
1185,0.4827881267634666,0.9136238608678866,1.396370106924408
1186,0.6013856954854191,1.0788891009273556,1.6820113563953356
1187,0.6108136233713424,0.8546014344094885,1.4657895523625797
1188,0.38875655863017755,0.9212911389460032,1.309964461628418
1189,0.39994567946808957,0.906515493117638,1.3064365867903263
1190,0.40057759068322696,0.8863719267945385,1.2890067198915034
1191,0.47011828033923564,1.1019078137517653,1.5726735738624313
1192,0.2914652137221623,1.187705442893801,1.4830127321490778
1193,0.5879783677982999,0.904048332028367,1.4923889592487
1194,0.4290297646164021,0.9378899205773905,1.3663271575224343
1195,0.47144641526999465,0.965848690090624,1.437816579999918
1196,0.40667134228854707,0.9776822295932277,1.385605463542106
1197,0.6714446069538411,0.8535670235036434,1.5248885213906362
1198,0.5255710958920474,0.8854588115813442,1.4111897112728258
1199,0.33031607974973554,0.921665411007524,1.2529647882227337
1200,0.2115048986814756,1.0198356624543266,1.2329067398356912
1201,0.3341510257867313,0.8620790963401035,1.196092414149632
1202,0.3753363110061656,1.0005304130077946,1.378609709737809
1203,0.8580777847206775,0.9355910441245499,1.793469104997456
1204,0.3591287637892364,0.8899525400822199,1.2512159517636192
1205,0.6558587952376058,0.977246257916903,1.633576524033117
1206,0.4538524345713739,1.0947794030274025,1.5495441473456566
1207,0.42812634209163036,0.9245076611500309,1.353090531069057
1208,0.46552479757967546,1.063213343720264,1.5293551275005086
1209,0.5123127733644992,0.9517172252768518,1.465351093414057
1210,0.46753785208863974,0.8461259889952686,1.3145566796440988
1211,0.4066682302500908,1.0524133096811,1.4593676597974508
1212,0.6337236892104556,0.928623258731804,1.5631154512831955
1213,0.3000199990705781,1.0020410272353573,1.3028016378934524
1214,0.7679123305947257,0.9056055829073699,1.6751444081247655
1215,0.35637196391266457,0.8257560952978622,1.1832317111572905
1216,0.44335285641051314,1.0243046663128297,1.4687021722323266
1217,0.5238568537526334,0.9284131961966438,1.453336211023199
1218,0.21182638876252113,1.0159300042765445,1.2280992776054944
1219,0.39330787808340517,0.9399836892463753,1.3335107536516517
1220,0.31731456434195593,0.8465770583661154,1.1666869098624773
1221,0.33495053342747383,0.9321659925202965,1.2688347741281163
1222,0.4500818729016629,1.0701127333590819,1.5213577506341807
1223,0.6280352088330687,0.9156097173223401,1.5472897089233442
1224,0.3996401570881858,1.0598750719485963,1.4610824041705257
1225,0.3166764634328203,0.8694394628517585,1.1894283701457198
1226,0.42894587337706014,1.0513739412149192,1.4838797673561714
1227,0.6629809123495249,0.8918232283603515,1.55715999071883
1228,0.46093415209182353,0.8876667123341946,1.3477802122343405
1229,0.8627638811841223,0.9053350832185743,1.7678804689082028
1230,0.6121435564074886,0.946295757965359,1.559083551256947
1231,0.28186505122824457,0.9550604951521962,1.2379741969041476
1232,0.50169086511373,1.2314609904589844,1.7354540335003605
1233,0.3598201540043249,0.9366819522330161,1.2976838907379715
1234,0.67992774483983,0.914123374323367,1.59368784347717
1235,0.43587091216434715,0.8773585702635955,1.3139732386485292
1236,0.2835657548847266,0.8915078967716283,1.177790002087022
1237,0.5603677519544874,1.0582387742457229,1.620313762527573
1238,0.6754282720128799,0.8830330160666904,1.5645939168121004
1239,0.37132717918136393,1.0655466774326428,1.4444813528745613
1240,0.4138633269302687,0.917187822460761,1.332112737359509
1241,0.7168285707342363,1.006455013519215,1.723770403045961
1242,0.7425393996089156,0.8015721655401649,1.555295354892536
1243,0.4424187135736162,0.9986983870962263,1.4439199215380114
1244,0.305231892780057,0.9375314479624492,1.2421336089645294
1245,0.30268831153438214,1.0176502484363112,1.3208203741830857
1246,0.6909187392513019,1.011119262449526,1.7049455456486982
1247,0.4523630277755899,0.9211455417348162,1.3754687265187044
1248,0.4683756117885878,0.8827243760387518,1.3523375160472426
1249,0.3999614943585499,1.0654295433253935,1.4675184175278986
1250,0.4752331008157,0.896657296593574,1.3726889815873164
1251,0.2797015700288412,0.8621082251940564,1.1413665167221083
1252,0.3175714357842878,0.8754384259445374,1.1931284648022853
1253,0.6497432452433856,0.9418834179183051,1.6034945925669604
1254,0.22301922152404785,0.9903277753192157,1.2135925548727187
1255,0.4586419130672965,0.9340614167866619,1.3942483650408661
1256,0.519466862121206,0.8319848662241611,1.3526143630061682
1257,0.7461964864263138,0.7648604039751206,1.5140462614716341
1258,0.5558517473354101,0.9382366049426878,1.494908145908468
1259,0.5096312866880197,1.060394217348346,1.5710481649943517
1260,0.6097483505705981,0.8015003855892218,1.4124783804341519
1261,0.3564938120720029,0.9342238687297026,1.290363484205507
1262,0.47777462604710763,1.0728501548086484,1.5516386937313484
1263,0.9745150533571234,0.9042769662988235,1.8793100689618996
1264,0.612571941773794,0.8744000881908391,1.4864136239676924
1265,0.8458859975890505,0.8675881466080568,1.7139521780861742
1266,0.6562954092189983,0.8843579409488598,1.539786396511559
1267,0.4909351400836641,0.9070588825317998,1.3984518524158034
1268,0.4295204564928383,1.0202435488930064,1.4507514723450754
1269,0.32254236111717915,0.9939965444197227,1.3164537064569757
1270,0.7096237266652565,0.8422994281533818,1.5542177123228385
1271,0.4367597305045905,0.9822286159287614,1.420798536277431
1272,0.29817991944814537,0.8869424809874431,1.1844535340319595
1273,0.2960836474529245,1.0446032699463927,1.3422354575238842
1274,0.6562459118886892,0.7569786601688833,1.4129609009673203
1275,0.31066804969191963,0.9160571163368161,1.2320832743123518
1276,0.5622748973760281,0.9370966383207247,1.5021121215085032
1277,0.370771340425911,1.1723396767915943,1.5459903762746805
1278,0.20318200039153922,1.035788974391373,1.239426172408045
1279,0.5714407871305269,0.9353321282527247,1.5073290403035173
1280,0.6767910739037148,0.8381300724769574,1.5143362615551155
1281,0.4145358668309598,0.9676088691956721,1.3837222428275169
1282,0.672924217973403,0.873346417159155,1.5466007263726027
1283,0.24373009964831027,1.1161302263134374,1.362370884107392
1284,0.7408672367005238,0.7337743658698628,1.4764894416447447
1285,0.3455516554008753,0.925997730050355,1.2713937154507136
1286,0.22544434374630384,1.0422058213835257,1.27391103030034
1287,0.4240477540690506,0.8911787835320553,1.3171843169467508
1288,0.5858300337375226,0.9608823838700573,1.5473535487503227
1289,0.24316697637504348,0.8968183821962654,1.1397264781793837
1290,0.40016953619863926,0.916358304910041,1.3172204408711607
1291,0.35946501733182146,1.041543352301595,1.401205719512113
1292,0.6130785824684892,0.8666937435131672,1.4802556528266706
1293,0.26193114579779575,0.9078464720665949,1.1701070223187813
1294,0.2747312770942614,0.9171749378152327,1.192427530014001
1295,0.7595876712541241,0.8589801529281829,1.6190707716714883
1296,0.6342374515229068,0.9589142203411853,1.593701351515307
1297,0.587557088072785,0.917749076294541,1.5075414884464635
1298,0.5974967688496804,0.9453439260288974,1.5441213650592402
1299,0.5000023278156078,1.304920875148099,1.8081164800846352
1300,0.7843615302231512,0.8139482595156835,1.59813418417329
1301,0.49153698714908955,0.922105971126129,1.41383183634116
1302,0.7275897990074753,0.799415967503478,1.5288229215458955
1303,0.4273285547549648,1.0509761056370337,1.480188262427447
1304,0.36338982284788557,1.0625150477841387,1.426879301091958
1305,0.6654290401325085,0.9608139122459534,1.628046842744837
1306,0.5114649538342348,0.902411326371805,1.413839874813462
1307,0.38382158004867506,1.0378900047539048,1.4277738671324869
1308,0.6155037619849253,0.9949371213865987,1.610911860049086
1309,0.6475812925126405,0.80616421671985,1.4553961940535913
1310,0.7999133401237088,0.8916000441830931,1.6918588243917725
1311,0.6230240927938979,0.8834148370428352,1.5079638089343632
1312,0.5697351395163963,1.0025498108664692,1.5746160157024747
1313,0.4002957018789317,0.920765642187547,1.3241059213732456
1314,0.5067301382856186,0.8851339777849461,1.3923869615525888
1315,0.41247485122587335,0.8444262139275978,1.2573629619553017
1316,0.3238701168789859,0.9268956712098202,1.2522791076343367
1317,0.3431352753522603,1.0923151404016807,1.4447423213207031
1318,0.32999741628616874,0.9106667006187834,1.2414275756264104
1319,0.46738170205321694,0.8753447802086214,1.3442525288981102
1320,0.4658003216141111,0.9861896701763015,1.4526155797101694
1321,0.5342026556633073,0.9031437774248019,1.4369927054740685
1322,0.5238468921015027,0.9232883813986064,1.4467930271981118
1323,0.7395256441273546,0.8206502829063567,1.5597763467820158
1324,0.7775382243851254,0.993691399433061,1.7720789717180594
1325,0.6561699120136808,0.9048898102277008,1.560509663365096
1326,0.6730362504886784,0.8827252721286953,1.555615263808619
1327,0.3377890654902842,0.9295747810256145,1.267173709176177
1328,0.49657103419094994,0.8476598242872626,1.344766205111796
1329,0.7620022780544247,1.0313479021626932,1.7950834545078322
1330,0.46832075572983456,0.9915872703684556,1.4597270306605594
1331,0.5319814893350667,1.0007953265742628,1.5330428081564804
1332,0.8202143102151354,0.7511156074492078,1.5724428957845475
1333,0.4794356317557913,0.9409292475511251,1.4201959925827197
1334,0.6035850677046426,0.8490999351197956,1.4525117068718743
1335,0.5476249485231364,0.9837978116609634,1.5325172031494674
1336,0.7854671589237796,0.9653869588984776,1.751991367191664
1337,0.4109540393669491,0.7586048455771603,1.1694425532405361
1338,0.3714936615480582,0.8588439216266721,1.2319611906171701
1339,0.6676118630020795,0.8986240766302416,1.5665125149661776
1340,0.5900732883244757,0.8248033466210956,1.415078204146397
1341,0.39010695288460084,0.8789156994576715,1.2714104385856615
1342,0.2432557466118226,0.9994481741568251,1.2430020911987967
1343,0.7406112595132299,1.0514191284984378,1.7985267406307628
1344,0.7195593058439158,0.754742024034698,1.4741015822481813
1345,0.5215568056812856,0.9886586748684039,1.5121758783446921
1346,0.6373264672958641,0.9248498908115863,1.5628182005423241
1347,0.33079502917891546,0.8880252444339192,1.219364873929969
1348,0.3729489982575416,0.87061513415766,1.243586805373937
1349,0.29444197114318627,1.027960995845902,1.3223771568060343
1350,0.5061699990883568,1.001721631460029,1.5078711413101047
1351,0.5967723956389648,1.0395952842298612,1.6382044846667867
1352,0.28292343501379946,1.0208234151416349,1.307247481245902
1353,0.33329377725628717,0.9558981091769994,1.2890012871144094
1354,0.6164431044476828,0.9753025070945824,1.5934526551480985
1355,0.48108409263629426,0.9167802976532897,1.397390714067484
1356,0.533984368202681,0.9302976532620875,1.4671712479089223
1357,0.2204710683586626,0.8576746266155482,1.0807691324728168
1358,0.7397805292684723,0.8032776421856909,1.549159099923287
1359,0.6284010999187615,0.9554884250563589,1.5850947359514151
1360,0.6941355551061577,1.1307995719770787,1.8281640529071836
1361,0.6909408554577254,0.8992753475883433,1.5907420227205193
1362,0.5116086629187038,0.8763108293470054,1.3879713845691413
1363,0.6184321825664796,1.016033745145748,1.6349695902863317
1364,0.29838553538103696,0.9224580385226702,1.2205971037689025
1365,0.4406942171795407,0.9783104581062787,1.4227816057001377
1366,0.44801141245999077,1.089384054542407,1.5388028158856457
1367,0.3609109994988202,0.7754406807439054,1.1378314592960308
1368,0.8759895372616029,0.9238898335013346,1.800401575092252
1369,0.4990770286862869,0.9944005620620118,1.4935103024627097
1370,0.2190798743527509,1.1415267621182892,1.3629353962112845
1371,0.5472806972860411,0.9576700821883009,1.504659425621142
1372,0.7669150604690174,0.9653929850120448,1.7324698044378977
1373,0.2804237749800933,1.0825793085356707,1.3643215482103344
1374,0.23031764656351328,1.0826320222739696,1.3151788574546686
1375,0.5056619984750768,1.0405691370492747,1.546744584062452
1376,0.6009116992783134,1.007517183436093,1.6102678824410788
1377,0.5060990686265541,0.792636958293059,1.2997361620029153
1378,0.627463069583797,0.8105673020981499,1.4385713589798144
1379,0.645594574162601,0.8514037436255961,1.4989606569799037
1380,0.2803436908136945,1.0074237053764747,1.2883154692161582
1381,0.6381269355885024,0.8341584218935196,1.472429906898455
1382,0.5822963545477648,1.0361354721766958,1.6197004465536367
1383,0.5197397484563879,0.9841291525089275,1.509618869290648
1384,0.629739987289426,0.9644876493068608,1.5940532588911793
1385,0.5361549631439431,0.9883894992173339,1.5253069791537257
1386,0.48656358707802383,0.9302870073715326,1.4183719296283215
1387,0.333637887670271,0.9790673226353235,1.3149183149072385
1388,0.5464143726059234,0.9157343181455673,1.4620529572383134
1389,0.20989172026847314,1.1368014137293656,1.3487843112035875
1390,0.6760098006245698,1.0151903172568097,1.691648347437038
1391,0.27680024642305767,0.9742191878046853,1.2517889742380035
1392,0.23591628003404708,0.962499168266298,1.1982861350537917
1393,0.533052711925265,0.8606995193926963,1.3957243676224493
1394,0.5198534695386314,1.0828783724512476,1.6036895147324088
1395,0.594091599026001,0.9262142865774621,1.520231981509724
1396,0.3741885188096532,0.9908755595228911,1.3699122938449477
1397,0.3910532549793686,0.9199499964739317,1.3128500667486804
1398,0.7993444812590553,0.9327311419490059,1.7342056207442624
1399,0.7504519060511967,0.8030227096634377,1.557601380092592
1400,0.43471786414792746,0.9119673129885513,1.3495026339343639
1401,0.6683771221277368,0.8664925454260981,1.5356927577320931
1402,0.7015640601074011,0.8882985347871397,1.589918457671402
1403,0.47544033198866487,1.0327457152250048,1.5086098806415862
1404,0.475215423302771,1.053153955689865,1.5302094202125716
1405,0.833301024472263,0.795248600594249,1.628305806634529
1406,0.3914453176605619,1.030473679745839,1.4246119772870145
1407,0.6432591072055232,0.8902451028377385,1.5335436633694428
1408,0.40447499557092215,1.0991789973900836,1.5054233401059491
1409,0.2678146562926713,0.9956890165182486,1.26387821328467
1410,0.6124561346310031,0.927117555589021,1.54059993054274
1411,0.6630145390165296,0.8621699386609549,1.5251098022449128
1412,0.6239103874885217,0.7389991308727275,1.3669789272395008
1413,0.9753862790130086,0.8163686993334238,1.7918761277435067
1414,0.37113118227714637,1.1037088969864257,1.4755291489160314
1415,0.26510068291931077,0.961482708317213,1.2268723473786949
1416,0.5926977206542006,0.873886946007417,1.4773538859079594
1417,0.5106369109155793,0.8935086218291985,1.4039435376541007
1418,0.412598182992042,0.9545042555692902,1.368638391128954
1419,0.8325417024357193,0.893873681624882,1.7269310492033583
1420,0.4020861501554549,0.9509487032235029,1.3527312202603525
1421,0.6613413058348812,1.2798506273458798,1.945311980928281
1422,0.220332123886827,0.86830170668728,1.0887948249373416
1423,0.5768119294592395,1.0122690909093564,1.5897326069887185
1424,0.5867675440211144,0.9043528499436349,1.493991961136473
1425,0.25956262925893014,1.1232183255860306,1.3844184007919935
1426,0.387631209889328,0.9706124148240249,1.3592003652858224
1427,0.49178302811870367,0.8357392265247796,1.328337972076838
1428,0.6110647761812373,0.9053497877696088,1.5163091640036441
1429,0.3710853467630528,0.8998087003436126,1.2726011334483616
1430,0.5077814551622595,0.9862386541756081,1.4977737619012004
1431,0.3028855318328354,0.9985395209552692,1.301947038751905
1432,0.27422001352358905,0.966906657652288,1.2418732444528686
1433,0.8331040416295252,0.845298874758015,1.6884008908005228
1434,0.6390542186135519,0.890195343630964,1.5293376419608364
1435,0.3453650821257028,0.8542124808487017,1.2015054846165825
1436,0.6076059311061783,1.0374694702071423,1.6463857974545988
1437,0.4467671313958306,1.0444924087504717,1.493677583709399
1438,0.6256524834182215,0.9280697521992352,1.5539519670168005
1439,0.33778482412245836,0.9659892529381509,1.3035804958051713
1440,0.4295047933329812,0.9461146455594474,1.377467224854172
1441,0.46198002033327157,1.1286696712848396,1.5931365405488833
1442,1.0217915174906125,0.8938705567379657,1.9168832253559174
1443,0.27888914171017376,0.9189218812014346,1.201261530700755
1444,0.2918354594708532,0.8717477753182266,1.16368929880894
1445,0.3278473110949065,0.8808833359692017,1.2084541743078958
1446,0.45640670730324473,0.9049158044584118,1.3609947081076967
1447,0.505151893550277,0.8458567121238048,1.351672669319285
1448,0.48426990690404637,1.0498014835866059,1.5360179900514481
1449,0.39264860421406667,1.1250817123673258,1.5190343672546263
1450,0.4396492578823512,0.8624743620908362,1.3032025812387644
1451,0.3925859901242248,0.8650316431847358,1.259043390501752
1452,0.4259063611738867,0.9133479613644653,1.339255341861886
1453,0.6158175047604999,0.9936311946791534,1.6111810887378226
1454,0.4928083783748747,0.9021735267658357,1.395824822426846
1455,0.6891368188258156,0.9550492968356252,1.6444608372473652
1456,0.32725617417325026,1.0178440390846575,1.3476334917682706
1457,0.3517799766828773,0.7974250962665934,1.148599400686166
1458,0.7073496217468005,0.9411739126798011,1.648250786148111
1459,0.37669111321633153,1.018711168791036,1.3963498411628308
1460,0.28173185776474696,0.8540479142589916,1.1361103379888107
1461,0.31757502965948703,0.7820609814195478,1.099576629101854
1462,0.38383354197578257,0.9760364070083369,1.3600391806215057
1463,0.5162146761038429,0.8964640059891451,1.413693612294452
1464,0.405541363806492,0.8320312856836907,1.2378205053507045
1465,0.3358437787651809,0.8737822943933651,1.2098344742493552
1466,0.605312231694441,0.947333876999167,1.5527962803492699
1467,0.5912658383145128,1.0090703326956714,1.6016924063601579
1468,0.23614431247565904,1.1187417667416497,1.355734078216841
1469,0.6149190720632731,0.9132878799089212,1.5293769854135633
1470,0.388105127652544,0.9473388000730836,1.3354329554227533
1471,0.711226241536778,0.9802441269830524,1.6920945606868543
1472,0.47559002757698465,0.9011066364213605,1.3786018580757116
1473,0.26892984339551873,0.8978562268770744,1.1677046464489038
1474,0.49503038902366825,1.0599130002790247,1.5608337215020498
1475,0.4662004896050149,0.9348319849250544,1.4035298598310533
1476,0.3289342667549562,0.8422728983060992,1.1720061403574178
1477,0.3936718013716387,1.0313245808168716,1.4282134289480553
1478,0.8878114566371664,0.8393456054805313,1.7271526834853717
1479,0.3645208660622288,0.8563993816067992,1.2214843275041645
1480,0.524793503548949,1.03570298243217,1.560786842572071
1481,0.21957540741633963,1.0754743910649829,1.2963908727965325
1482,0.6050417122349643,0.878312588874806,1.4840283528629215
1483,0.3983059634620645,1.0792573247879602,1.4847131559051263
1484,0.38262715560446026,0.8522165119812115,1.2354969273012202
1485,0.613502084911218,0.9729217176954421,1.5879276787524645
1486,0.4772965118299197,0.9780848665592003,1.4571220638919158
1487,0.3587881503940338,0.9955654540125636,1.3543223657003836
1488,0.757407061340075,0.9347430455588039,1.6945467807462933
1489,0.4663902813727532,0.8615940598369036,1.3321311505873297
1490,0.4540404527891724,0.9821309316885305,1.436027824863416
1491,0.7457709317762067,0.9443601597654805,1.6910830738594882
1492,0.6729966037714377,0.8933366825639837,1.5655800798931097
1493,0.7346400690334605,0.8922877153049171,1.6270623553931216
1494,0.37340881844508544,0.8955833071481791,1.26833680177252
1495,0.3294975954268864,0.9879014617677058,1.3209399312050465
1496,0.31244833904263203,1.0215685935171877,1.3341859968519572
1497,0.7846715974131371,0.9092383840757066,1.6947684814570039
1498,0.3801978156760413,1.093392635008243,1.475290918373652
1499,0.5123977495756264,0.9641466089762787,1.4785387051082495
1500,0.7977682298392494,0.8334306423891746,1.6309122334864128
1501,0.5099669585414688,1.002063448822767,1.5144128042051932
1502,0.401511909417124,0.9125900769201536,1.315775126898771
1503,0.5002482867302689,1.1067439650758786,1.609164793089903
1504,0.5138055583408487,0.8270339711277188,1.341413098744212
1505,0.68823972839904,0.9146887490851014,1.6039824318775544
1506,0.6456546962125174,0.8063611772778216,1.4540335110094418
1507,0.592462257974617,1.0692182235466987,1.662469626194735
1508,0.5895410314470411,1.0206114727499624,1.6139642464166428
1509,0.6049062193122268,0.9294850392901566,1.5338336319650239
1510,0.7816006213275557,0.8355498012753344,1.617311603092503
1511,0.4216513520019234,0.8041172392793001,1.225702978374656
1512,0.5406297103639162,0.8857577857815926,1.4265557469215224
1513,0.32143261461677497,0.8529207852626541,1.1749267116340505
1514,0.8093607064287767,0.8454846630173165,1.6551828774522903
1515,0.3243788688446969,0.8925231845425188,1.2193100400696935
1516,0.5013379637072575,0.9231821128362014,1.4247336047259296
1517,0.7655710576510728,0.8948681303727426,1.6693431095630729
1518,0.32826461935753315,0.9859101031512054,1.3148894400651514
1519,0.5956293658086054,0.7870575063316778,1.3828265376642008
1520,0.4695136395070705,0.8921661143049846,1.3660074890083536
1521,0.4236101236392642,0.9185567305212032,1.3443173583917059
1522,0.31133735886286473,0.9724016222584595,1.2839896906586077
1523,0.6712247740958333,0.9761761904689621,1.6493377544047547
1524,0.5920410236021496,1.0217040917461162,1.613869286042032
1525,0.4341760896633673,0.884248901314109,1.3195044691603925
1526,0.5275941411466505,0.8981342228967293,1.4291014586566888
1527,0.41099165981123065,0.888470289773494,1.2991885863995947
1528,0.880829998046238,0.878746766794336,1.7601919692999957
1529,0.7871370385216778,1.0040221464792296,1.792353251845725
1530,0.5834315753465944,1.1424517400587177,1.7298084982117246
1531,0.2809885304420945,1.1707024583727161,1.4533225806346053
1532,0.48862591833378133,1.1198018878558713,1.609492028842169
1533,0.23058969289632358,0.9370868498282832,1.1697961358605582
1534,0.6158422983312732,0.9477825775245776,1.5657134986912382
1535,0.729829317568857,0.9569726797038101,1.6874081309859577
1536,0.5511011843632048,1.0403915256952985,1.592221472543045
1537,0.45673138643121547,0.9264007005116781,1.3833454234384561
1538,0.6163780055006782,0.8718969485182981,1.4903302701242325
1539,0.7468518873761667,0.9666154326285863,1.713750255321827
1540,0.32143092437088683,0.86676760332778,1.1941983592650445
1541,0.5804076589581371,0.8922563758250845,1.4726762310353365
1542,0.508140719991161,1.0250065092513267,1.5354788676917224
1543,0.8150179745172181,0.8610014041161378,1.6760917796763977
1544,0.47641633619569745,0.9422482034378561,1.418512339895969
1545,0.9970355280303522,0.7746443679670278,1.7710670628734704
1546,0.31282031678932043,0.9757676706341272,1.2893575967270507
1547,0.3096071719891569,0.9103443343723896,1.2192287124214403
1548,0.47793480789096066,1.0424800035218595,1.5214096545362708
1549,0.5189255876604761,1.087172740904549,1.6077607430925696
1550,0.8938179181285477,0.9023913893155395,1.796424227729915
1551,0.4154688954604637,1.0100680975449166,1.425964012775495
1552,0.36274266814518086,1.0045995160757215,1.3677111562744741
1553,0.2458011832663587,1.0005523328339692,1.2477842557165388
1554,0.6937836399140025,0.9513606432163613,1.6468719568252368
1555,0.9006654652689292,0.8474368684354658,1.7483140310479541
1556,0.45930068393828094,0.8688298763495226,1.3299292502753275
1557,0.5494871151781098,0.9050654987717195,1.4578896701822543
1558,0.36805684776319936,1.0040710537454132,1.3736140850687875
1559,0.585184184218349,0.9961928061696312,1.5849303614892989
1560,0.900821142550825,0.8107339510924589,1.7109479701808539
1561,0.514769881950798,0.9356136420511945,1.4499426120076748
1562,0.22937732758078155,0.896499491522107,1.1253994310582733
1563,0.38107036113684245,0.9587587676033138,1.3396354560343653
1564,0.37273236879238425,0.8643783675526961,1.2374097051985729
1565,0.6319535095919804,0.8866086265944375,1.518794493108473
1566,0.6204186536303951,0.8348615863993132,1.4566110423522929
1567,0.5578289558371239,0.9678223872742819,1.5326964782906174
1568,0.29642691912276575,0.8513678850574706,1.1498673322878687
1569,0.24698216213907642,0.9999779856419053,1.2484877895922608
1570,0.7594032507389556,0.8299470202223063,1.590676660146869
1571,0.5813549236227971,0.8941290575174321,1.4752933136989839
1572,0.3826178839292709,0.9907161299026086,1.3736131204034407
1573,0.7890893357132711,0.8992699469674506,1.6905102618250112
1574,0.5493730257061742,0.9330276867521121,1.4838575587068732
1575,0.41473143438146565,0.7735638693614533,1.191684882474334
1576,0.8535929608083848,0.8507627162515803,1.7048077225443876
1577,0.2786921730676468,1.046981796020198,1.3270481679235218
1578,0.31769106069162234,0.9663834072974424,1.2843676101552788
1579,0.6806891862042335,0.8608702282473502,1.5442775689386394
1580,0.3737841701393947,0.8841189249714532,1.2583105210789682
1581,0.8367093729672206,0.8757481886796654,1.711868095341913
1582,0.42389603090350647,0.8827041670431157,1.3061971444951155
1583,0.3867950821429318,0.9512085805548693,1.3379579654766829
1584,0.4628611774925986,0.9429001681585021,1.4064717467363153
1585,0.35667438166840526,0.7888102662360268,1.1451273108023656
1586,0.5145000427397264,0.908096527795422,1.424686724905655
1587,0.7619568339034828,0.8310530280636641,1.5944729444730967
1588,0.8324737534079247,0.8118869109729587,1.6460042781003779
1589,0.49025709814429774,1.0266023401425741,1.5168300838598299
1590,0.5032260651367721,0.9163225416702403,1.4221387352088044
1591,0.469780956934585,0.9193567210817406,1.3935084834653964
1592,0.5230970563164021,0.9324133413143159,1.457449296901828
1593,0.4309610480122359,0.9379211934514302,1.3738032243313683
1594,0.30821904839099545,0.9997676665793804,1.3092931930919676
1595,0.62417634332202,0.9408406412333363,1.5684615026412843
1596,0.31548650967263114,0.8629075849960017,1.1777053959316106
1597,0.4690387661684383,1.0165622640069927,1.4878038629893524
1598,0.4491820657411125,1.0079836796029866,1.4572295587141326
1599,0.3313307238488221,0.9314553217191417,1.2645031541067198
1600,0.44626029647467647,0.857368805237698,1.304846522988214
1601,0.37414081030692614,0.9235045691559378,1.2979612873318374
1602,0.2071052358094292,1.1069151411934222,1.3150366203481738
1603,0.6180150366155601,1.1331103927382173,1.7541864552429445
1604,0.7611969604972018,0.8319113029366036,1.5937345695727458
1605,0.4604174106927985,0.9561019347545141,1.4183335507406554
1606,0.4648920171888449,1.3344593651315932,1.8022309477075282
1607,0.3281411201567579,0.8693161603883155,1.1984595328396708
1608,0.4682336519181405,0.976585961965398,1.4449966829045877
1609,0.347254570204548,0.8314859010734921,1.1788312918180424
1610,0.4609966478349605,0.8802403127920684,1.3407242598451887
1611,0.42109444773539906,0.8497242074893165,1.2713437748288214
1612,0.3699746907551713,0.990853075197812,1.3606764844680797
1613,0.4659994196295685,1.2022061479319746,1.6701333218018988
1614,0.4661206144165959,0.8829594414447399,1.349068191919315
1615,0.22496935643389548,1.067550682589122,1.2933753926458706
1616,0.7084865175515205,0.9959475999246195,1.7075224322450566
1617,0.4825455509860035,0.9343138783806069,1.4167258938291951
1618,0.629880462501049,0.9154427668456577,1.5492214522189869
1619,0.3721712261588337,1.1518563548771752,1.5252391757106736
1620,0.532928178818139,0.9757432906370269,1.509935815158201
1621,0.5039381110144205,0.9227431956645802,1.4304349125804094
1622,0.29754623823875903,0.7549188273474456,1.0537918831423667
1623,0.5098919093512109,0.9031915759995002,1.4142587580927568
1624,0.38931557313894416,0.8497717114018286,1.2429252509259925
1625,0.5194056814802508,0.849539495378437,1.3692361441801921
1626,0.3977885899302862,0.9984057176080938,1.3960522706050256
1627,0.5334898844244833,0.9320445486908397,1.4653039675508666
1628,0.40890677016459165,0.8642283430580022,1.275082668684405
1629,0.5804061390829673,1.0346328275146703,1.6187109189796018
1630,0.8515319359614466,1.0527939310795773,1.906307418539967
1631,0.7879954245466934,0.8308949676545012,1.61959885910818
1632,0.7000817722513801,0.9730095820181788,1.6755228785359861
1633,0.29657177971306936,1.0701901460147951,1.3681218102929904
1634,0.4528662400399668,0.7846422631994017,1.2424441744279733
1635,0.21478035770932635,0.9463082529022984,1.1611242164435538
1636,0.444411186594067,1.0749080602348755,1.520348124686734
1637,0.3278362450990784,1.0876027228246414,1.419654212380074
1638,0.5313390515069472,0.9689401953864945,1.5004818759224463
1639,0.6012723794998749,0.9635205759879426,1.5653362505734236
1640,0.38289956221957766,0.9770890847600242,1.36137427122285
1641,0.33883616620378376,0.9411706965710067,1.2794396876940084
1642,0.2570746561517936,0.9787396300795592,1.2360922193047301
1643,0.6175040139182926,0.7264843929976053,1.3454545996174687
1644,0.6785507526738996,0.9207607168739855,1.5990298243817591
1645,0.39592176710301885,0.9570855815924872,1.3557634043915172
1646,0.5785788749799963,1.2064599674196756,1.7866745818051584
1647,0.32884173814898787,0.8562980729774878,1.1882700843800151
1648,0.6245757522449082,1.069943889390828,1.6974946437126022
1649,0.3574485273817203,0.919963478753175,1.2801565832181652
1650,0.8943017171010297,0.8457602935227726,1.7411722067191135
1651,0.43565922895673737,1.2866409988439358,1.7273266422896967
1652,0.5578396636608289,1.0288040898936401,1.5891499363177104
1653,0.677463746324662,0.9025931466299966,1.5803977250547518
1654,0.4839571227406765,0.9121428029300773,1.4053384197836465
1655,0.8265574281637385,0.8704817557976128,1.6982151222944708
1656,0.5656512950657344,0.8633829447271921,1.4360734822518424
1657,0.617757101022292,0.9628100622918936,1.5832218504336169
1658,0.4789484095109344,0.9846101111501611,1.4689962513359092
1659,0.7395913301262169,0.881409276467835,1.6213869273029502
1660,0.7232506375606391,1.0583839877154162,1.7833540387794358
1661,0.5597549759433775,0.9648838220730198,1.5251260429107845
1662,0.4273231205240364,1.1261490583730165,1.5552374846688082
1663,0.40082518489597874,0.9560908578830691,1.3565157832507282
1664,0.5036477297753663,0.8049679358288273,1.3082530765376816
1665,0.6823831593277134,0.8310291947667423,1.517195526728358
1666,0.3784267559406942,0.9676356218191273,1.3468078465101314
1667,0.3534415101007866,0.8776623746187511,1.2320773457873173
1668,0.529718074983947,1.0258071060202951,1.5573814571385753
1669,0.3762237151460823,0.8328791804325633,1.2137175160614717
1670,0.502496964845804,0.8368097982549756,1.3395313345173037
1671,0.6551285269934368,0.9401096788410825,1.5955044697628438
1672,0.6586598527303238,0.9356237266141676,1.595063385170846
1673,0.3494270534416799,0.9582176258223427,1.3074877316843754
1674,0.40080449008500807,0.9374084302231296,1.3381091689958566
1675,0.4721175794990984,1.012354496196366,1.4965900866567097
1676,0.626610258298598,0.9090752196372449,1.5347605345198474
1677,0.647285189037305,0.8594018269490249,1.5082004452641513
1678,0.3470550731645261,0.958794530238464,1.30576498857247
1679,0.9155269470751364,0.909161674951406,1.8254199788171945
1680,0.7534710413353025,0.9792259124212421,1.735767491218155
1681,0.29792754136352073,1.0910363942511836,1.3899719037159173
1682,0.3085688866845615,0.9706777008632272,1.2792946508707033
1683,0.35823576542720303,1.07633998466072,1.4364845538243216
1684,0.6419199763863332,1.0366127405264791,1.6800466368643185
1685,0.7509699877390688,0.8282188289400239,1.5806111777568077
1686,0.258323663111959,0.9457434825714941,1.2038074249030473
1687,0.45133656607461603,0.9967240651641589,1.4491766777960322
1688,0.7156978429260192,0.8580545188955995,1.573576291306523
1689,0.7397751160355028,0.8460759898950556,1.5880121241724368
1690,0.6941585046758831,0.8570460650796861,1.5517525205609246
1691,0.6977878168305125,0.971215929987153,1.669401485082119
1692,0.4878497854387973,0.8336242151434305,1.321783638929105
1693,0.6728419768664367,0.8499472510270039,1.525989619032913
1694,0.354089687502821,0.9536640015190017,1.3074318761552277
1695,0.30576147524583064,0.8775754003610885,1.1827546165826206
1696,0.31741707973591815,1.1865277643798606,1.5063379699378672
1697,0.4604485736388426,0.8406794121121095,1.3025322543553273
1698,0.3606875905043907,0.951823054180231,1.3122677481765876
1699,0.3724287226059886,1.0028759857907374,1.3754819565148182
1700,0.2660404618221648,0.8999231706731337,1.167559832657659
1701,0.669865849254279,1.0171156243607413,1.6886484849523242
1702,0.8017606382942972,0.8599455390818775,1.6657880757603891
1703,0.24023362566620676,0.9737386546519815,1.2145934182265918
1704,0.5910526913145588,1.0321693758380661,1.6252715793863075
1705,0.47785349476579597,0.930680515288401,1.4079818558304424
1706,0.5164582332665333,1.0097340631675706,1.527691450354311
1707,0.46458288618717347,0.9448137327342891,1.4089815294677805
1708,0.27073565491477325,0.9799851394487504,1.2517446268066266
1709,0.768494486485082,0.8952711915363807,1.6657559228050616
1710,0.47133446153242176,0.9486117221961337,1.4203111454608148
1711,0.44701573623855495,0.8721378721153883,1.3190078083599275
1712,0.6277094903228146,0.9225668424127349,1.5503481468689415
1713,0.3171066948196426,1.1859194811096287,1.505474224159265
1714,0.5327028761525128,0.9331794516480727,1.4680515848062043
1715,0.4052800480760652,1.03481116010434,1.4433416880736019
1716,0.5700529998177188,0.7260097137763495,1.297662822181195
1717,0.5355333143929499,0.9311102144924774,1.4681598926605375
1718,0.4067289321531149,0.8355611770732452,1.2421542830886665
1719,0.2610748185251168,1.0034198294351881,1.265661700851858
1720,0.9382621732573,0.8195412603138266,1.7574877960648223
1721,0.297562496137445,0.9359480199023977,1.233586246748743
1722,0.4922908149020344,0.9496076173050056,1.4464117732127448
1723,0.6401699777592427,1.065039102856204,1.7069485241343045
1724,0.38308796169040704,0.8903405405870757,1.2740711709813226
1725,0.45512128747633085,0.9030053233258712,1.3579473232713042
1726,0.9567935848620266,0.8019900997479965,1.758619411016042
1727,0.9779365021295234,0.8195423318884423,1.8011582952282197
1728,0.5376917351354393,0.8394239290203132,1.3792063679315305
1729,0.45043358480059226,0.7904362896158261,1.2429175154223486
1730,0.35439283004711086,1.0843656004676703,1.4434870857727446
1731,0.22522462569482826,0.8782334845247419,1.1052570292530817
1732,0.7026990572044838,0.9199804056918595,1.622959369156959
1733,0.47006283373890767,0.8762300989352383,1.3492476522762757
1734,0.4465957078613627,0.8801419507889818,1.3276302747201782
1735,0.6062631641983813,1.0080418594084222,1.6172216951989782
1736,0.5501640771900611,0.9141804856365638,1.4657543203401815
1737,0.4803061243367921,1.069810691854272,1.5514806549301312
1738,0.5323584588235803,0.900218044644518,1.4365449636752317
1739,0.7715325481941306,0.9783218594462255,1.751168345094328
1740,0.24932802491060357,1.053142409097866,1.3037421003692273
1741,0.715016103956458,0.9234932442166439,1.6393931108847966
1742,0.25666523041864764,0.945411606987534,1.2015046770228892
1743,0.6266460901383368,0.8274905107169559,1.4537885306265963
1744,0.4507879762966951,0.9109669109904246,1.36154456035446
1745,0.469575817816164,0.999725834060726,1.4711837674444013
1746,0.34883188585913416,0.9663599168799806,1.3181186727338599
1747,0.492416871042181,0.9554854988113277,1.449580287289649
1748,0.579514681667618,0.9774163342680282,1.5579820402971052
1749,0.2824576470451845,0.9470352491130498,1.2313041537614282
1750,0.32080783603297647,0.8211177231205724,1.141775716302206
1751,0.6261557312592458,0.8900255551837972,1.5166913245357279
1752,0.42172432494433565,0.8379784523118019,1.2622582828248596
1753,0.3098686429630604,1.007940213559749,1.3226114470838226
1754,0.3341667490786122,1.0587079509437984,1.4035667423310443
1755,0.8745864084565369,1.015398164080949,1.8915758700027254
1756,0.41644866278697634,0.9489219944238414,1.3682477195445983
1757,0.36236630750101284,0.8886342119444848,1.2568480479965842
1758,0.3301184783614701,0.9678711056851483,1.3031492316586508
1759,0.3725671388535119,0.8061393535047543,1.180722187070792
1760,0.317213896338032,0.8732277168715328,1.1898069170310777
1761,0.7821068728886473,0.8660809024054856,1.648583667641617
1762,0.7698654289348497,1.1393543329412807,1.9150604056708573
1763,0.9090512980554593,0.9228595011508105,1.8325898799820663
1764,0.22804500104718528,0.838271717290425,1.0675021623198617
1765,0.6384284080169067,0.99035198565673,1.6303360974294634
1766,0.34600540633604027,0.9438059010099522,1.2914642284149238
1767,0.42389960811522087,1.0133956276914944,1.439607757005362
1768,0.32482067907101,0.8829144612794195,1.208370968880672
1769,0.5679993702924975,0.8946500287868702,1.4634994332969598
1770,0.2625100465617365,1.031243717247449,1.2939042561633656
1771,0.48692432568201127,1.1064594237504934,1.596229736995781
1772,0.5768769780538747,1.155091428534817,1.7343498587151913
1773,0.7285772823182413,0.8283910834259842,1.55823963286322
1774,0.5637695536629366,1.0065595606110378,1.5703890286229125
1775,0.8960739071887076,0.8235522138218982,1.719278624596626
1776,0.44623807733186993,0.9048357488532304,1.3506885800295692
1777,0.5529887452380393,0.9117531827083383,1.4654370637915548
1778,0.40131791235747016,0.9582460386862266,1.3600478329236836
1779,0.5970980769017586,0.7698368561420068,1.3672143897302647
1780,0.49546733427604295,1.0511016216047722,1.547391429734418
1781,0.7241452418781478,0.9198291163928332,1.6454988598158735
1782,0.5560251218608414,1.1633979878671425,1.7226716282947052
1783,0.1974393453538461,0.9636855250610772,1.1637893705500666
1784,0.37415169330009235,1.174454224158346,1.5526078655523392
1785,0.2907277063895748,1.1534828534268513,1.4459912949484846
1786,0.5939774485152043,0.9263473066330619,1.5202947881380169
1787,0.8268822617628473,0.9296207406196686,1.756924150080522
1788,0.6400029565375434,1.0895819186992526,1.7307718930458975
1789,0.19977690810203086,0.9379012376327793,1.14477457922996
1790,0.7166024826632764,0.8550293391002128,1.57465378889637
1791,0.4829194165595396,0.9592721113988745,1.444027940101833
1792,0.7139758602019697,1.0016059137421678,1.7170914103688517
1793,0.4894729558891413,1.0757248309399472,1.5676535025727105
1794,0.5051203687246328,0.9705359048386413,1.4782108380777856
1795,0.6011920834503854,1.0235412654131864,1.626682609782975
1796,0.2532325930778043,0.9456557919968205,1.198290604679059
1797,0.34433568730695896,1.0989711725034823,1.4451480162313786
1798,0.4315503900410391,0.8774105002835171,1.3092490598098294
1799,0.762377923086774,1.1139631655507287,1.8779221516833218
1800,0.2808254400419159,1.118336048166661,1.4009762228847507
1801,0.6601091411207562,0.8690596461665194,1.52843545838671
1802,0.5181122097234407,1.0586013919512283,1.5786157043355473
1803,0.533530575588955,1.09039044895664,1.6254984835917838
1804,0.6534278294954561,0.7176322765129299,1.3718912896714954
1805,0.21813071824883679,1.0254602345744814,1.2543998042311202
1806,0.325417652280656,0.9912371203157448,1.317551379770883
1807,0.5041330672340365,0.8550195745136477,1.3591732660222533
1808,0.38964421106396685,0.8904181657019876,1.2818560551905307
1809,0.4031790577418022,0.7607730299688384,1.1649004357206394
1810,0.6358467062846813,0.9556540026743079,1.5913521624156175
1811,0.6733206406557173,0.9212484507944083,1.5944537396332663
1812,0.7454844197246615,0.9701948664547189,1.7166799851972172
1813,0.3737848754120563,0.9957902984802018,1.3701411072469156
1814,0.34304199738776475,0.9497472923246733,1.2936625478000465
1815,0.5362921416358688,0.8668447079279389,1.4070757478006755
1816,0.49346165469557945,0.9290306249483109,1.4231277319948958
1817,0.7771475171064424,0.7958027616581944,1.5748943391720331
1818,0.22214677853255438,0.9675291220273365,1.191933713642264
1819,0.40152849932958645,1.2900205526813693,1.6948808001081517
1820,0.7460145710976747,0.9259672623205688,1.6754803882713531
1821,0.6791638983328596,1.059484836585014,1.7414949879841402
1822,0.7989515345325628,0.8671095578850725,1.6659600558166403
1823,0.6829712767205365,0.9142747625416376,1.5969325251297875
1824,0.4657650697407121,0.8948381042346654,1.3606095840124084
1825,0.5809820444185334,1.0115218572024247,1.5971547062962799
1826,0.20536710179393936,0.9292190189018861,1.134588172763987
1827,0.2769376414911662,0.9318037653524129,1.208152853383453
1828,0.6612546357686426,0.8368125601614054,1.4987122014942855
1829,0.8498130425450654,0.7980119365826965,1.651307007167901
1830,0.5726938334175031,1.0377425334894497,1.6114459545118365
1831,0.7509841408108429,0.8699348416171517,1.620974214278661
1832,0.6450790939911144,0.9500525725647151,1.5968088644779215
1833,0.3393570537293158,0.8628666383918571,1.2033162102344193
1834,0.7086289143772007,1.1512263374972775,1.862489008696656
1835,0.6019946522270203,0.8171201091018219,1.4195253158046484
1836,0.22587418401816706,1.0914217260871055,1.3204420533416155
1837,0.70374497052957,0.8326042958106825,1.5374826910606032
1838,0.36762308366534313,0.8298331654521505,1.1969715395188132
1839,0.6200288330079218,0.9005802598183976,1.523128093478448
1840,0.4589115843373861,0.8263196797681474,1.2855413455463065
1841,0.2534073527859988,1.1218635853312833,1.3765231922809846
1842,0.37514929551296206,0.898451475389507,1.2728822601812197
1843,0.559689041551735,0.9322378690421544,1.4923257040641857
1844,0.5403185303190554,0.9638857297414773,1.5060335209123963
1845,0.4884434459478513,0.9725430756227667,1.4609867382242925
1846,0.41473075593549424,0.9835331182077027,1.39847401917568
1847,0.6105884387350216,0.858554164785275,1.4702447598726422
1848,0.2993691774455485,0.8597139088758965,1.1585754691147727
1849,0.852704064462614,0.876409275649678,1.7299232756903677
1850,0.40006197504793306,0.7975219916225456,1.2036008198020625
1851,0.5907628226044466,0.9292032722079284,1.5234186897109083
1852,0.42462541301914314,0.997525901666549,1.4234986855569218
1853,0.5614525944251199,0.9607876329155403,1.522745726506443
1854,0.5819893601554469,0.8983889710970487,1.4815733429898046
1855,0.7078153909228462,0.926718738905862,1.6375786670644459
1856,0.31161392753496386,0.9059836033318902,1.217751192704661
1857,0.3981353323166843,0.8313813032683299,1.232129697127128
1858,0.6231848013019174,0.9467618448149153,1.5706467280541432
1859,0.4725635513945008,1.0560579454888597,1.5301799318887959
1860,0.45310643333365874,1.0904815054457515,1.544399005657482
1861,0.3705971351047239,0.8474074588338283,1.2186706772802296
1862,0.3461314106597726,1.0243440354315965,1.373315243465676
1863,0.3609109128659824,1.0530758444149697,1.4147004647840404
1864,0.3338734237085106,0.9882628555217963,1.3219973009252044
1865,0.8950946724250173,0.9014691276882445,1.7969731820620325
1866,0.5270733102171761,0.8335127866740919,1.3604387293841285
1867,0.8258416973328053,0.7659522262651137,1.5932256333734927
1868,0.3806801996879372,1.029281866441437,1.410761645825815
1869,0.2839892504301105,1.0108932578001912,1.2983944531098501
1870,0.3241395422804345,0.8870768965562306,1.210982313574604
1871,0.6233718705301214,0.8078281582116063,1.4326005527781547
1872,0.6495254750393826,1.1802146400380167,1.8322333971322422
1873,0.5567987681224622,0.8142073390792461,1.3706548117302901
1874,0.4859328881479712,0.8548683506243435,1.3424277425913829
1875,0.595800907196562,0.856771110827836,1.4544874147962048
1876,0.45424362109396554,0.9035128776315133,1.3570008970293799
1877,0.7139540374845552,0.9079303297835963,1.6217177121537816
1878,0.44012684252057,0.970407497336609,1.4105439251218428
1879,0.6267865912655424,0.9165434683461342,1.5433242048216442
1880,0.3608935302789149,0.7778769678464386,1.1437494655835607
1881,0.37163266823674945,1.104898675811782,1.4791522778724087
1882,0.6026628091756407,0.8753851771772787,1.4789448556835367
1883,0.6027607455041277,0.9043958201619802,1.5072897129545453
1884,0.6527547797173128,1.0092227362737987,1.662890357724919
1885,0.2537432313322654,0.9973486287413209,1.2512077055495965
1886,0.6260548358783211,0.9339560855690507,1.5595804670766853
1887,0.18879658541510835,0.8858451829345384,1.0755438496110834
1888,0.43470196434164166,0.9931480186071298,1.4278995569696065
1889,0.550923677926761,1.2199086815807192,1.7775513630355988
1890,0.8802723130831112,0.9499255648018448,1.831525764449367
1891,0.6459753225631033,1.1161239826192428,1.7634288975635855
1892,0.5732770307132995,0.9250544886368601,1.4986685610920318
1893,0.5325596521823002,0.8357804115949392,1.3805951158057468
1894,0.2114676994774527,1.123987217095987,1.337938064215077
1895,0.6352438733513992,0.9825174659411431,1.6186510871417426
1896,0.6843636264681976,1.0775537183802015,1.7684373627771208
1897,0.4933429525092379,0.8969155167525997,1.39137271235208
1898,0.24533802189230158,0.8712589701682418,1.1159762016425603
1899,0.6361572984205708,0.8891957608335161,1.5263783947519158
1900,0.4180372137816164,0.8891345993339144,1.310207629481397
1901,0.3091718616777115,0.8698598592391562,1.1796922810244084
1902,0.8894481683146296,0.829317002216527,1.7205551691660617
1903,0.20679369575617557,1.101568811937529,1.3094434246726792
1904,0.2509340420321351,0.8488038183178617,1.1001289442786515
1905,0.5393076164051678,1.0040208497359657,1.545519139553278
1906,0.623175374153135,0.9771666346024972,1.6017865276653822
1907,0.762306704520114,1.0082296899359449,1.7731514221138411
1908,0.30878026802758285,0.9328704445040614,1.2430312028619
1909,0.6452321649241526,0.8516182486521302,1.497067132104064
1910,0.6969811495647349,0.9996656846393819,1.697752749192702
1911,0.48892980641615225,0.9574355245056552,1.4467840801411143
1912,0.5242802151146577,1.0114617489811053,1.5365784824974753
1913,0.3400694765307506,0.9972807162825745,1.3387204842453428
1914,0.4716879122154012,0.9988073229872754,1.4707050340741148
1915,0.40278907805041797,1.0601198661621822,1.4639399639060997
1916,0.2978276263290667,0.9198277305520861,1.2182670590263172
1917,0.38572325922342543,0.8920475179349694,1.2786381114867282
1918,0.7591140047377536,0.8428340450360707,1.6022735443641523
1919,0.6945650967014387,0.8925526192601723,1.5874758460273313
1920,0.2889419922844567,0.8088245398280094,1.0975443673043586
1921,0.2505247597254794,0.8897841376952158,1.1417280284892541
1922,0.7655808268549293,0.7950952691198125,1.5626530535528076
1923,0.24040592401009775,0.9044430572398383,1.14698296277556
1924,0.30534269078432175,0.8037571766135798,1.1090274102095208
1925,0.5274385134022452,1.092444241405147,1.6204224527236732
1926,0.6083499292228112,0.8943947632971998,1.5042362089320278
1927,0.4575638328968239,0.9106077254469938,1.3704590061066284
1928,0.46294384479325856,0.9460070453122569,1.4088494589417309
1929,0.6398186974370788,1.02179015045634,1.6632929719824148
1930,0.45767531297050823,1.0076051469869753,1.4654308269071379
1931,0.5842647417105269,1.0274516287722975,1.61223217004094
1932,0.7233424289123178,0.8101840124254238,1.5327315778354347
1933,0.31362342889296,0.9398357708866811,1.2541782980825502
1934,0.6647137973329222,0.8452344156619205,1.509400474055596
1935,0.3525604695324134,0.8954703800048875,1.2483433929491383
1936,0.38188484306578374,0.9608658067441525,1.343950887343631
1937,0.22494253679966647,1.036117470235105,1.2621903660323426
1938,0.63122709325134,0.9282076429504258,1.5611165891348264
1939,0.49081031678763054,0.9403672691771447,1.434871735290372
1940,0.41820365853261876,0.934045241471793,1.351693954306839
1941,0.5311055894163843,0.9657006162724997,1.4978749482749691
1942,0.7007433233727767,0.8072616005947992,1.5089987311273774
1943,0.5279133999765833,0.9754920568834535,1.5045937252518229
1944,0.4483065074312549,0.8789760694594264,1.3331009331886747
1945,0.30271735605912653,1.0243145678161483,1.3282867801828644
1946,0.2634691509538385,0.9340682324966991,1.197153676168476
1947,0.6576284489916446,0.8980533962515693,1.559705618003676
1948,0.34356979184373415,0.8867551132656786,1.2306610366475397
1949,0.8523695110002905,0.969325540811667,1.8237321967313562
1950,0.39450961703190046,0.992085587063265,1.3864943965628242
1951,0.5561477903699199,0.8575326916191983,1.4140207819829982
1952,0.29616068214576785,1.0468878947757148,1.3448620860107283
1953,0.5901006724436257,0.9645038117175204,1.5560099357146413
1954,0.5985519665309198,0.9357741085039635,1.537330785521604
1955,0.3565615699573499,0.9644295546154353,1.3215934472731021
1956,0.5211045607433817,0.8551546540227406,1.3857755693464497
1957,0.3923333990271587,0.8241190103430327,1.2185293970940876
1958,0.575241557704274,1.0443404949134418,1.6227653697670519
1959,0.60207458928096,1.0472124054915781,1.6507080823560187
1960,0.44665681340310925,0.9393874276479721,1.38760840798858
1961,0.43257342226614526,0.8821504456832514,1.3151264018489002
1962,0.6191737311405348,0.853907948837815,1.4772327995023744
1963,0.681269806506279,0.9405268154118289,1.6231421561925856
1964,0.7393553505378776,0.9698844504435584,1.7113917489716357
1965,0.5515213194444755,0.9448063560191002,1.4964859217789552
1966,0.3790935227767278,0.9172390142130951,1.2967007184790518
1967,0.31795081118926305,0.8164931664180273,1.13587979668565
1968,0.4603297944630782,0.8353049146390674,1.2966886970522609
1969,0.2643034534311042,0.946017442369822,1.2113276339183585
1970,0.4294854448279324,0.9141824783463335,1.3443962433569538
1971,0.43166958413401346,0.9040290317072532,1.3365871938937062
1972,0.7068037336887869,1.1181450494654257,1.8266694768378073
1973,0.4650543093870141,0.9878539181289199,1.4585813950506008
1974,0.33183149051573935,0.9392647751844194,1.2713131572303453
1975,0.38893265173201996,0.9452050677498747,1.3344663511890857
1976,0.33870958032682097,0.9967770755740659,1.3378705231495402
1977,0.2989414116663909,0.9147770785511753,1.213902474052766
1978,0.3505789467112663,0.9629887512268027,1.313274891932224
1979,0.4948726755844035,1.1084828211763522,1.6091529450630588
1980,0.41463036566064204,0.8570208377139892,1.2723140229235241
1981,0.35074700280087967,0.8715627975044171,1.2238921254035162
1982,0.30371937723511877,0.850324753906655,1.1576427403810712
1983,0.25736045374644334,0.9634264154231431,1.2209852433348374
1984,0.5918454533117767,0.9619146592877996,1.5546314526460066
1985,0.6922174134222843,0.8728534465719235,1.5646723141067014
1986,0.326503965164342,1.0922099946931496,1.4219494964321129
1987,0.20116251471880986,0.9778624660221418,1.1792683000584283
1988,0.5970250893704758,0.9206642044823639,1.5182812702254864
1989,0.20200095706081456,0.9662068823952197,1.1700152985663053
1990,0.3314004807019515,0.8544260818371825,1.18707118189797
1991,0.3678276482152327,0.9348415684966227,1.3021517488910561
1992,0.3829842626012905,1.0274750189975919,1.4126236160384877
1993,0.6314046348671383,0.8008960917356802,1.4320056343492809
1994,0.5006006568907253,0.8860524864261379,1.3864171049296914
1995,0.5224903608246336,0.7990990365384789,1.3214865912300695
1996,0.45967370783083084,0.892723271318232,1.354735802346724
1997,0.5838464819494931,0.8670426733644234,1.4537081606924147
1998,0.23919691903688545,1.0566215641609418,1.297898653549872
1999,0.3823319101509952,1.0245391387382838,1.407311245024104
2000,0.2877699703031098,0.8889549423546015,1.1759194860113382
2001,0.4374273422608326,0.7765024846279545,1.2153206124486786
2002,0.5426643068197023,1.0552999614106398,1.5989440593038466
2003,0.2865327555471353,1.0210572940736355,1.3078876135377229
2004,0.39725122673015534,1.0113063854559954,1.4100444702503623
2005,0.5858636343824344,0.9009870515073573,1.4877960785362774
2006,0.28810827149651175,0.9213111835836258,1.2116250754687314
2007,0.33427101495308165,1.0614255030344921,1.3965743556812171
2008,0.3321676418727648,1.0561693864848962,1.3894907127890264
2009,0.9394722512629698,0.8416584820236608,1.7814314594490952
2010,0.28863713820067005,0.9373811570476889,1.2263573892982294
2011,0.7371455997189997,0.905395181704435,1.643704814128256
2012,0.7124934002461174,0.9771643038438924,1.6912570468826118
2013,0.510161633602479,0.9813061217680428,1.4916304999642307
2014,0.6909670160125359,0.9494502523506156,1.6416383997468529
2015,0.20884281461052723,0.911313751394836,1.1232915827055834
2016,0.3690005747802658,0.927518064983218,1.29685742549605
2017,0.27891074541392413,0.9454313257472649,1.2249873696367786
2018,0.7557485820307193,0.786630818824591,1.543440779564989
2019,0.7102391302150863,0.9137967231618092,1.6254491722720843
2020,0.3189130300162688,0.8715298844789601,1.19032704765133
2021,0.8499300541955961,0.8225699047932267,1.6727508088985985
2022,0.5371664258696995,1.1040489059192993,1.6419555654676543
2023,0.350081067656987,1.0377452361222126,1.3880386224159764
2024,0.5095089883354831,0.8640123989511892,1.375743244668712
2025,0.39005497827158564,0.9237568921195631,1.3140651455210914
2026,0.4461262433686386,0.8943124174308252,1.3411901620094824
2027,0.3631041256915779,0.9184990542627389,1.2816378463727176
2028,0.6423859779052776,0.8200460109575971,1.4623317339584219
2029,0.6694891482920582,0.8672849857562994,1.5363332405656536
2030,0.5032147617195335,0.9411824284181165,1.4451171817439104
2031,0.3710376074117079,1.015400615298617,1.3871371520225537
2032,0.413114711828527,0.9449946841119754,1.3592524180770766
2033,0.7198018284735781,0.8417364851434002,1.562340590704693
2034,0.26699560925364096,0.9347280444315729,1.2014845772115024
2035,0.7099834612818654,0.9034711587822386,1.6161087915868961
2036,0.6722719652553195,1.0269100781586076,1.700315244055119
2037,0.2397120711679861,0.977806531907504,1.2226067777629908
2038,0.45037066798514047,0.8788920350860394,1.3316282174531864
2039,0.5249042940340587,0.8571311469167142,1.3834247074627797
2040,0.5517912048671576,1.1405269527977282,1.6937838887981371
2041,0.47013861249401145,0.9321142760149286,1.4069846467749016
2042,0.5090434935992789,1.049481215220041,1.5612056263281886
2043,0.24694356708531728,1.0042397813608943,1.2531720347697188
2044,0.34248519499189456,0.8701530337975001,1.2118586403441896
2045,0.48589875529398796,0.8853033132047585,1.375229694442183
2046,0.49487820876211686,0.7175681778062852,1.2145900838588233
2047,0.4326757084701427,0.9866351029645841,1.4202018662846712
2048,0.4220998180305031,1.0934335839135372,1.516634358769025
