sample_id,scenario,displaced_ef_multiplier,screening_gain_gt
1,Low,1.2474932319881862,2.6522094155868814
2,Low,0.9758148680795384,2.3167272018826566
3,Low,0.9984860692690948,1.4499029614491974
4,Low,1.1256342630085403,1.5084114948400114
5,Low,0.7127337115397584,1.2110993751071817
6,Low,1.4990735785215938,2.7690682028198665
7,Low,1.3442218235291716,2.3560288960560456
8,Low,1.0348026115843667,2.379345071541124
9,Low,0.7874279254732466,1.5839341745286788
10,Low,0.6810760734772741,1.1601793251713417
11,Low,1.486171731746431,2.5512004927375926
12,Low,0.9976172827236424,2.2694690551186767
13,Low,0.6911894310729345,1.3072050218870004
14,Low,0.7079866746820151,1.2780258069877917
15,Low,1.3383263977260562,2.57499456067616
16,Low,1.26021821307592,2.8488514185699785
17,Low,0.8032978371116517,1.0452429791163453
18,Low,1.1505178028418266,1.6807345526981976
19,Low,0.8124633641033454,1.5641754713467577
20,Low,1.3882771280752313,2.2742488547993247
21,Low,0.7257633179487044,1.7379543870595882
22,Low,0.8354530726261726,0.81532796694475
23,Low,1.2432605413253586,2.528908099142228
24,Low,1.3707192292263275,2.1651975735337317
25,Low,0.7283452709192215,1.252113726183616
26,Low,1.3088610463545458,2.677915615940236
27,Low,0.898944933779144,1.8842723866927003
28,Low,1.2969263268271716,1.9765476853022221
29,Low,1.2928767979775593,2.9234510322015126
30,Low,1.1062857764969949,2.3326588390096674
31,Low,1.00017063120998,1.3910935088363345
32,Low,1.4129358132321106,2.9723438670366136
33,Low,0.902141859895382,1.7847978594448222
34,Low,1.197747116898321,2.339306440644819
35,Low,1.0249131520051633,1.995712271101226
36,Low,0.7397967679778781,1.078151244806861
37,Low,1.123966707505942,2.034341114758263
38,Low,1.2732437951855218,2.6231421351423307
39,Low,0.8094432036959085,1.394660508785769
40,Low,1.3138059648448706,3.104799678085186
41,Low,0.8936330354896241,1.5520643737862088
42,Low,0.7615147443377668,1.1232171636454709
43,Low,0.5564957159799832,1.1578911063354482
44,Low,1.0730121924329836,2.276209390239245
45,Low,1.051317229841326,1.9373541444919198
46,Low,0.5170012699668884,0.9421706831639334
47,Low,1.3971055326819788,3.3279547068261195
48,Low,1.3390073106792453,2.1172364870361235
49,Low,1.143886704712738,2.416858491797086
50,Low,1.275014261484543,1.9000331865376268
51,Low,1.048725181068463,1.422632883068971
52,Low,0.5766745066217188,1.2678229886720587
53,Low,1.2015011471163466,1.892760568036735
54,Low,0.8691139401673659,1.3971891109536898
55,Low,0.5402786387353103,0.7655132921969354
56,Low,0.8903310056617073,1.6790967148449738
57,Low,1.1903436830483043,2.555148362505804
58,Low,1.3053612061764013,2.0185251326174836
59,Low,1.343585710975866,2.168446547444816
60,Low,1.2171375907889006,2.2626344162831202
61,Low,0.6236849607633603,1.3687975807233599
62,Low,1.0325286159535811,1.6826728123946992
63,Low,1.2660957039713474,1.6430286902221667
64,Low,1.3253161299487162,2.1174109446774025
65,Low,0.8504410434202936,1.5931424478107417
66,Low,1.396859847984548,2.1218152615853114
67,Low,1.03840252852377,1.7335539480577182
68,Low,0.5048361269368329,1.0819467144238644
69,Low,0.6972214522429218,1.4572460845301194
70,Low,0.8666174967110669,1.396589877440661
71,Low,1.385935140269997,1.9870447420729107
72,Low,0.8310248682250225,2.047511603872209
73,Low,1.1603685932439471,2.653057472727042
74,Low,1.337819725892886,2.4302254848752796
75,Low,1.412147309148711,2.741161963051269
76,Low,0.7063867446329402,0.9136385023821347
77,Low,0.9550540952399568,1.5148364231751614
78,Low,1.1673912016298342,2.1110776208990103
79,Low,0.5859736354239833,0.8528620606872508
80,Low,0.6571153427947121,1.567526143060654
81,Low,0.7551700698149406,1.294752215099308
82,Low,1.3311588707211337,2.727881298386933
83,Low,1.0291724945587415,1.7154932632198552
84,Low,0.9868633550250698,1.5282824461462141
85,Low,0.6186386160488906,1.1704145818621825
86,Low,0.7706662794962855,1.3945164356123811
87,Low,0.849857522087629,1.9333997478954927
88,Low,1.0723492885461243,2.201739140980038
89,Low,0.8459822048846779,1.5175223724610944
90,Low,1.4338535672433843,2.946814843826189
91,Low,1.3589623402390965,2.450511613711541
92,Low,1.1327480649226374,1.7371191562760089
93,Low,1.400435856630192,3.0392814093160325
94,Low,1.162335342670876,1.8936069465134153
95,Low,0.8741128124748997,1.5100288451124868
96,Low,0.6709882735628683,1.1818400682085368
97,Low,0.8547503641226284,1.9554198721710492
98,Low,1.4433058378651662,2.6027619423754516
99,Low,1.3446843108657935,2.00023610551753
100,Low,0.7138287614441134,1.2125462470323711
101,Low,0.8766334567560761,1.251014234637843
102,Low,1.2291828423764235,2.9613839317412385
103,Low,1.4450367321467803,2.824776108323107
104,Low,1.4852989345855576,2.1317714928969025
105,Low,1.4759100791657287,2.651420061979053
106,Low,0.6442047775378932,1.10468334054314
107,Low,0.6700754286101008,0.8253399622631576
108,Low,0.5976985543509543,1.5046706174845639
109,Low,1.0264875889275915,2.6103725747713327
110,Low,1.1022175863564234,1.8582699429446166
111,Low,0.9227318155121988,1.5370449529227912
112,Low,0.6095384811473213,0.7265831253454103
113,Low,1.181227499305486,1.715234732913018
114,Low,0.7010244667596667,1.1348920411044858
115,Low,0.7467778379995798,1.6985650338983476
116,Low,1.3580410724745469,2.4059784491006013
117,Low,1.1701512560706364,2.0474486703031403
118,Low,1.3403166025782536,2.4645762754691134
119,Low,0.961936683539911,1.7983231067659062
120,Low,0.7144103295221937,1.1888191532261487
121,Low,0.8995311900357326,1.815667939438896
122,Low,1.498955224925934,2.539339618370846
123,Low,1.321215568481973,1.9330056884995486
124,Low,1.1647204208433315,1.9294260874328444
125,Low,0.8403462583227002,1.9850815191192055
126,Low,1.4956725781638798,2.5634447225498747
127,Low,1.3454863942168296,2.748825337367151
128,Low,0.6603912600549009,1.5541750114619148
129,Low,0.9289769660469638,1.716682479895951
130,Low,1.2103130444153938,2.48796063451276
131,Low,1.3179901241321343,3.358692563413342
132,Low,0.8016296876690738,1.2517934943436444
133,Low,1.1545872915266786,1.9216527259848704
134,Low,0.8427431153835707,1.3038374388778848
135,Low,0.6387930649416562,1.0499672918017708
136,Low,0.5357567641767521,1.2538484110745856
137,Low,0.8808064299965972,1.234009456238617
138,Low,0.8843021041167346,1.8232914574034567
139,Low,1.3229483556473172,2.2509918127784374
140,Low,0.7808393477603806,1.6472346152816044
141,Low,0.7532431279330825,1.2693796426451485
142,Low,1.461235657609438,2.054754515908499
143,Low,0.604295701293872,1.4504135393547344
144,Low,0.7729746850847341,1.4401463538394594
145,Low,0.8529397650790762,1.6501610881166187
146,Low,0.7092380272659179,1.822464997077418
147,Low,1.4813680710342902,2.528513144138742
148,Low,1.326175391983602,2.9223915818282222
149,Low,1.4973156780772252,3.2028605659194227
150,Low,0.717144553601909,1.048095558547729
151,Low,1.0257062897261204,2.2516938854973603
152,Low,0.7110658933248263,1.7941362562184509
153,Low,1.0993060899607348,2.5225166532786005
154,Low,1.2885554853035197,2.0913383824952376
155,Low,1.137772164970738,1.9736559286960471
156,Low,0.6760196689991779,1.4574137887914702
157,Low,1.4237681225737862,2.2411279262265964
158,Low,0.6579659568637832,1.494101206057671
159,Low,1.424384566081966,3.1541855216654824
160,Low,0.5028879733869459,0.9216622081906287
161,Low,0.7752390676263693,1.6101976538850309
162,Low,1.2952067408498245,2.08777039107828
163,Low,0.6887703105803507,1.0513968526247837
164,Low,0.5691266554215614,1.0189593852115095
165,Low,0.8609602189870345,1.4151364782833014
166,Low,1.2747037729110589,2.364625923518986
167,Low,0.5589543825358783,0.922274478163871
168,Low,0.6298757575874346,1.0220303638042552
169,Low,0.529176011631794,1.171686674139032
170,Low,1.3954028680823374,2.506756098888374
171,Low,1.1053957799641494,2.5998222612373496
172,Low,0.7626274448948652,1.9214741306248868
173,Low,0.5205161751684837,1.0962913069846536
174,Low,1.387364107728975,2.552031215300417
175,Low,0.8614693015873714,1.8800161402420343
176,Low,1.0567990864202463,1.4997592000733206
177,Low,0.5625896174016838,0.8389842994535819
178,Low,1.1307582774056606,1.827490513663733
179,Low,0.9567126036574948,1.4170276900411949
180,Low,0.8177345404820902,1.0985255531512976
181,Low,0.8349035725715339,1.1535714105470163
182,Low,1.0565464596331884,2.046917725625221
183,Low,1.2682366523151547,2.2922847144080976
184,Low,0.7594155978259693,1.691865785321582
185,Low,1.4274248021702125,2.2640964814901423
186,Low,0.5409850310785563,1.3213821882134837
187,Low,0.846478566222314,1.455780794975098
188,Low,0.6380296989112191,1.0983476426637537
189,Low,0.6658191131902003,1.213476005411863
190,Low,1.2775750590298087,3.183626713955448
191,Low,1.1466001209678396,2.0198138832750914
192,Low,0.9745101817961506,1.5031264877823816
193,Low,1.0769938097487546,1.735850199002087
194,Low,1.2441962306061316,2.036326356225757
195,Low,1.0351748877118785,1.4986392479927275
196,Low,0.5496881042413834,0.9962174272985607
197,Low,0.8381874545428782,1.5443177050016814
198,Low,0.5264411859992519,1.353098935949248
199,Low,1.411128430263772,3.129627823191356
200,Low,1.2916131141176208,2.1681931497149094
201,Low,1.0902252361483993,1.6910775016500992
202,Low,1.0474943879058756,1.8263234758738776
203,Low,1.0447852890987748,1.8172223860024417
204,Low,1.4574868829469607,2.5042815107325964
205,Low,1.418185297170504,3.299468706021912
206,Low,0.7164624899609904,1.2441388652172236
207,Low,1.288894898424783,1.889319665819201
208,Low,0.7852639953127684,1.2869423303497882
209,Low,0.7316233193333862,1.5605320271477012
210,Low,0.7924153223181534,1.4122768589524455
211,Low,0.5235076962979951,0.964915122795837
212,Low,1.1740045845195448,2.0901488933509
213,Low,1.1242042936547776,2.1627440086487013
214,Low,1.1723279585269837,2.356981324040305
215,Low,1.4885878058388196,2.9090623642142077
216,Low,0.6955496947074404,1.243150780249266
217,Low,0.8021680502361803,2.0759353892489827
218,Low,1.421844264000489,3.572113689941716
219,Low,0.943949354959606,1.3464098954597503
220,Low,0.6989797462811278,1.157979459258705
221,Low,1.213845216029566,2.512652792673123
222,Low,0.6615389806629091,1.0811719068169552
223,Low,0.638583023477461,1.6481788294842374
224,Low,0.5081088714465378,0.8312246241917229
225,Low,1.1352806962553244,2.016473615307376
226,Low,1.4734016897601705,2.5784024359518867
227,Low,1.1180733729691403,1.3477693048546229
228,Low,1.2040991290536582,2.026845785696892
229,Low,1.1874099233710416,2.007752819112781
230,Low,0.8569001614254432,2.064975731898272
231,Low,1.0974980971403068,1.7789456597222681
232,Low,0.5662569223439485,1.0664379216954671
233,Low,0.8602758127569412,1.4356523293119494
234,Low,0.783283035647595,1.112540092239108
235,Low,0.5886575005740107,0.8706718076718083
236,Low,0.8374741666178072,1.6310106030788063
237,Low,1.03805091338038,2.2733295877614097
238,Low,0.5259977714227787,0.7418113181450963
239,Low,0.955115366198474,1.641705282470383
240,Low,1.3870339172032091,2.024207900689788
241,Low,0.7941612211659763,1.0168431764713333
242,Low,0.9712240012266364,1.7101750712879635
243,Low,1.4207190021769538,2.458947192944862
244,Low,0.6643733252818597,1.4795846054477195
245,Low,1.3466071083925066,2.6672186986947395
246,Low,1.408795430047233,3.166372303893411
247,Low,1.1152662717072044,2.4379719515779215
248,Low,1.0311944467955665,1.7558436753185305
249,Low,1.238568553121992,3.005484793359699
250,Low,0.6463112362176454,1.12783620238649
251,Low,0.6126215606441769,1.1316825042496461
252,Low,0.8585631639966163,1.7717800419393797
253,Low,1.1384569243728393,1.8820919443142259
254,Low,1.0826521825600652,1.7371779586804763
255,Low,0.719642135745987,1.1875645590315855
256,Low,1.2870292130232337,3.0177157976395677
257,Low,1.1302310118017118,1.8314824517809
258,Low,1.0671882400907178,2.2099878403949162
259,Low,0.726497135850119,1.6380338958100324
260,Low,1.026254584222806,1.869609581916606
261,Low,0.5839927250076584,1.0180732948137887
262,Low,0.9466851052674404,1.8440887600750955
263,Low,0.7824544960071678,1.3024603365212926
264,Low,1.1029046508523122,2.571402056587317
265,Low,0.6647836666687853,1.2545494292673567
266,Low,1.315901883158413,2.6219997437643343
267,Low,1.4653082529451402,2.8804541404795145
268,Low,1.0916488164066385,1.9553235688036494
269,Low,1.074609524105055,1.5628838334599209
270,Low,1.1141823119118883,2.3161676950647774
271,Low,0.7117049313697286,1.595383867652643
272,Low,0.9346290656902012,1.6014605594967648
273,Low,0.5797128443531085,1.2588478858180565
274,Low,1.1970037825849118,2.1257958786575273
275,Low,0.7578723525568697,1.8229986244871839
276,Low,0.6744337858807867,1.215773112065989
277,Low,0.6550142598680287,1.1874162150389864
278,Low,1.3823625264795427,2.926178062302796
279,Low,0.5914592283908952,1.091776686282195
280,Low,0.6967253407056937,1.0368008476220538
281,Low,0.98739942704719,1.2060148771166084
282,Low,1.1905288181573328,2.431898141374859
283,Low,1.1200195353594435,2.26878129196038
284,Low,0.6400302940691085,1.0754656597884988
285,Low,0.8516235818723146,1.3828340546511768
286,Low,0.5181980333963321,0.7906584188834955
287,Low,0.789066723781785,1.5558055243270061
288,Low,1.3218492037637468,2.1808433767036632
289,Low,0.7069562232703025,1.1496928176988064
290,Low,1.172393458464975,2.2098214571799133
291,Low,0.7505126830265982,1.4285715770598415
292,Low,0.8590299443038598,1.4344123539872413
293,Low,1.1287692811063563,2.266759410612579
294,Low,1.3588476255226285,2.3887786892235994
295,Low,0.8773039090376655,1.8721258117299442
296,Low,1.3635783915001125,2.455877578277679
297,Low,0.713040771520465,1.6606611457892484
298,Low,1.3781302894232377,1.7229453725468176
299,Low,1.2820691603180898,2.432896499443146
300,Low,0.6208184892008457,1.5674768861233304
301,Low,1.1055321397360744,1.9096042081694833
302,Low,0.6806411107666591,1.0702769734764885
303,Low,0.7175350097540533,1.01926102311198
304,Low,1.2652059780204723,2.046044044233497
305,Low,0.9182113958909984,1.4180059485153649
306,Low,1.489666532905352,2.6007915031473345
307,Low,0.8855507683161956,1.6717233168787402
308,Low,1.4454002426492774,2.130866115942567
309,Low,0.7025730045117066,1.0164240080792482
310,Low,0.8970351181179324,1.4679407453847446
311,Low,0.7307028907956425,1.4355292774066797
312,Low,0.8108789976505908,1.2712135277088805
313,Low,0.5995686164527018,1.276089662053181
314,Low,1.088123026104645,1.897168062109401
315,Low,0.752643661629667,1.0824874673675993
316,Low,1.2592766405766969,2.7707063176919746
317,Low,1.220114374324404,1.8139233027941515
318,Low,0.797056691597223,1.2141466071269704
319,Low,0.6270166605991372,1.0796306899703367
320,Low,0.8699505317329224,1.5993183862760247
321,Low,1.077602193373375,1.73136665096456
322,Low,0.925286444365878,2.1706628590032153
323,Low,1.4753792878320875,2.4134318774120516
324,Low,1.3249782589482555,2.004129806086425
325,Low,0.87371245030804,2.010751781237772
326,Low,1.0904929527311262,1.8251173916875274
327,Low,1.0236690906202446,2.2601364637393004
328,Low,1.4529379358008605,2.2804753278607848
329,Low,1.367768701747,1.9920575820733148
330,Low,1.481812713934005,2.6144614501792205
331,Low,0.6258472068319554,1.4878299939319959
332,Low,1.333606516185637,3.0471282848564556
333,Low,0.775472391221238,1.7456183092245396
334,Low,0.9104559005706938,1.602324357840459
335,Low,0.8363151480718243,1.3561253508569067
336,Low,1.1332129198732468,2.227878470455792
337,Low,1.1510658612337892,2.7068747426054784
338,Low,1.0494601193536883,2.067144680823816
339,Low,0.5144999734407696,1.0278766921512954
340,Low,0.5064121675917713,0.7127471673043715
341,Low,1.1987989425870151,1.9961249587191503
342,Low,0.9705649376268256,1.4982945961116911
343,Low,0.5962685611609505,1.0381824708278273
344,Low,0.8001523167549993,1.3400617203205627
345,Low,0.9405965248358684,1.5534613358125142
346,Low,0.7155919307959259,1.2178031988390998
347,Low,0.8625239979835528,1.3789994095967728
348,Low,0.6546133801679905,1.2044465723413467
349,Low,1.3992146319578065,2.2426364013925166
350,Low,1.2158336018867542,2.6183249734589396
351,Low,1.1822615431193495,2.1436720632054147
352,Low,1.471497755794379,3.3571400535502676
353,Low,0.5777714186726376,0.8359403006355208
354,Low,0.8298422305630205,1.3433351997962006
355,Low,1.171377548203551,1.9868065327299007
356,Low,1.4066824704950776,2.195661326995193
357,Low,1.031740114528245,1.608590263597776
358,Low,1.2286401968856069,1.9149943992261882
359,Low,1.0700048933000592,1.6442595237465838
360,Low,0.5007585820492184,1.219260922908326
361,Low,0.7887496837151102,1.7468751647161582
362,Low,0.885813706215655,1.0711878039620544
363,Low,1.1601316839930438,2.2919352830442676
364,Low,0.5032663696696831,0.9916262565853664
365,Low,0.8052780302436359,1.3814624901265091
366,Low,1.4360308059916649,2.0010511888786624
367,Low,1.0969999788169136,2.1609613168679545
368,Low,1.163880400462301,2.615512665596981
369,Low,1.482956063529531,2.2644015024583553
370,Low,0.5710352015716146,0.8943530310222876
371,Low,1.3764599192119236,2.390621462085875
372,Low,1.079529684982428,1.2968850996050634
373,Low,0.6854355963544103,1.0396661886183765
374,Low,1.368866202249246,3.02316021796193
375,Low,0.6650942512469364,1.1444664740971717
376,Low,0.9536921029015272,1.870333554713568
377,Low,0.86284707548649,1.7252309042445688
378,Low,0.9339021618436236,2.3945404826625207
379,Low,1.490281550150344,2.0521233985997185
380,Low,1.1784045936439915,2.497000814348354
381,Low,0.6563447590863846,0.9218970905578487
382,Low,0.7274852151184932,1.7181464336214987
383,Low,0.8754003030913917,1.8741311944938275
384,Low,1.3319042564086492,2.1253251206584878
385,Low,1.1985658825226704,1.8521160923542084
386,Low,0.5725536871167589,0.9617335265852098
387,Low,0.7004088746602848,1.804273673473503
388,Low,0.967310047571456,1.8417497519348416
389,Low,1.1795572272913857,2.2635439497723553
390,Low,1.3143195557148202,1.9434862573354224
391,Low,1.4261723841406808,2.1493313606992643
392,Low,0.905532062972218,1.9357862750743067
393,Low,0.9678168149771902,2.008414315178726
394,Low,0.8315097451159057,1.3734713670691931
395,Low,1.0934093114604737,1.885471298017464
396,Low,1.4669308479901146,2.7192638625403163
397,Low,0.8451302400754012,1.5089879932886419
398,Low,1.3418936875095189,2.0161525828948186
399,Low,0.8980411939296513,1.9529840229895257
400,Low,1.1262992603848545,2.446724298692118
401,Low,0.7695463720930795,1.8280532376283958
402,Low,0.7419808889059626,1.8073429344437244
403,Low,0.8291292166104898,1.7832204157702307
404,Low,0.9776746612667676,2.2285115286042014
405,Low,0.6609580080066924,1.3587310806318627
406,Low,0.8368431073157867,1.7362532938405906
407,Low,1.2326523063634984,2.003671432370993
408,Low,0.9294936377722728,1.6512225923235917
409,Low,1.0042057218031195,2.0765036596966127
410,Low,0.7638783647340994,2.089894647917916
411,Low,0.9235013087097064,1.6651403725099385
412,Low,0.8115385637006478,1.164592711172979
413,Low,1.200792590878177,2.457213836023996
414,Low,0.6039585168423284,1.3844861220233682
415,Low,0.5464226519570445,1.088379349469534
416,Low,0.5339366759427991,0.7615458579066612
417,Low,0.7223131298796995,1.0063175118664702
418,Low,0.6181311350497247,0.893415649527693
419,Low,0.728798472843043,1.4491047381908757
420,Low,0.944580455402533,1.5979390715071276
421,Low,1.4175455222445037,2.2874576746661717
422,Low,1.1001371218321976,2.199247904188553
423,Low,0.7838711700027376,1.415172606838503
424,Low,1.1820148858333202,2.4408653503104034
425,Low,1.1112644873329058,2.5080954048368937
426,Low,1.0536773792996406,1.748115260749401
427,Low,1.4480830837163865,3.1674911470757365
428,Low,1.3384887313458609,2.499280743760707
429,Low,0.7449753175907347,1.2984620609974442
430,Low,0.9643196114027864,1.5855618474852022
431,Low,1.2305838520150256,2.168527055144949
432,Low,0.7497518928859896,0.9615060860394244
433,Low,1.283667415940522,1.84688145058729
434,Low,1.264197574940616,2.9014307780481374
435,Low,1.277861969829701,2.1494771069358762
436,Low,1.16954338770375,1.7904400138153136
437,Low,0.7234682258250189,1.9608850887017866
438,Low,0.5631828558481482,0.8930953859953874
439,Low,0.6556570800627982,1.474498943882395
440,Low,1.1877101390341551,2.375116376745794
441,Low,0.5075233461819896,1.2654367671412388
442,Low,0.7929644416467989,1.0695248275162115
443,Low,0.907611917330125,1.7833116185786366
444,Low,1.1761397896339651,1.7879177035281941
445,Low,1.2965413616194312,2.2975145290076
446,Low,0.8710968162031603,1.4328533421820637
447,Low,1.271203547595535,1.8882676853109217
448,Low,0.5850750738056436,0.8267573355469615
449,Low,1.0928898017447222,2.0040090436165485
450,Low,0.6470918273581179,0.9697805744892456
451,Low,1.451638014036564,3.729338125981144
452,Low,1.3666235381349592,2.6107050284866062
453,Low,0.6136778339828619,1.2566358107358653
454,Low,1.0687544457438256,1.7005170072260256
455,Low,1.0126363010228103,2.13785101512417
456,Low,0.7565794873409962,1.1986951369129386
457,Low,0.7431291771186811,1.4274359450881278
458,Low,0.6869284012694167,1.2637306686911458
459,Low,0.6705814318054407,1.184142196846679
460,Low,0.5244883715643358,1.1643190519091036
461,Low,1.0233949187299474,1.4257387805353758
462,Low,0.8955817260732122,1.8862949939946816
463,Low,1.0942159549589223,2.1901436504252842
464,Low,0.5114204148175584,0.7458083140880198
465,Low,0.5607679799380179,1.4603846436939065
466,Low,1.120915245942833,2.3174554734162314
467,Low,1.384751055307338,1.8872996307250958
468,Low,1.273940551344575,1.9172412971950337
469,Low,0.6068553345242926,1.5767912601632617
470,Low,0.5299877003534627,0.9595215642392247
471,Low,0.5675917993231792,1.1665650965859342
472,Low,0.8542186557667577,1.408047749194509
473,Low,1.152611094621581,2.8332713229400355
474,Low,1.4441651921384846,2.9047824910935276
475,Low,0.6873812602435537,1.6740796344680007
476,Low,1.2049706056298275,1.674621596902739
477,Low,0.8864295877403048,1.2450403153361336
478,Low,1.165375668931647,2.0619394036702374
479,Low,1.4771357187242824,1.9393303049656083
480,Low,1.2319518072779458,1.8008546307566462
481,Low,0.7630944015461014,1.3950365703919445
482,Low,0.5474889036476542,0.8211075395504643
483,Low,1.4525487481309027,2.1610038407243906
484,Low,0.5224610192159539,0.9225291831480682
485,Low,1.2530242149977,3.4105075859631597
486,Low,1.3850087752336888,2.4902407786262444
487,Low,1.1840379224141273,1.8638654470695712
488,Low,1.380712851610873,2.453703679527166
489,Low,1.141931219279537,1.9447309213738748
490,Low,0.6290151495962542,1.3057906611061796
491,Low,1.0074868308744933,2.6634740996771598
492,Low,1.2129302705785188,2.103632026265359
493,Low,1.2193914530561625,2.645534593388433
494,Low,1.1135951964812567,2.5263725494430247
495,Low,0.6905807822092034,1.2496519384640408
496,Low,0.575015564714679,0.9177375125328631
497,Low,1.3396864530979535,2.173667166291139
498,Low,1.0800933123818823,1.8166575981746007
499,Low,0.5848184396245686,1.0583671288367
500,Low,1.2466683334773394,1.6164287585919581
501,Low,0.5784287677763494,1.1186679867872513
502,Low,1.4324038270355397,2.9921762430701904
503,Low,1.3914593039220535,2.086531152683861
504,Low,0.9259024838053856,1.8975656054168297
505,Low,0.7012307915328343,1.10650338694213
506,Low,1.3739121977592617,2.3720108971996723
507,Low,1.2235610200927771,2.044250655778768
508,Low,1.303772767396567,1.9088743463177593
509,Low,0.7186782976567975,1.6545592947058907
510,Low,1.0242499148038235,1.8063550618931572
511,Low,0.5333464348595658,1.0597872718455292
512,Low,0.8214811799630272,1.3322774453762491
513,Low,0.8327878484431719,1.5090357205975877
514,Low,0.5484745154002068,0.8044049123530534
515,Low,1.2985137629162695,1.8469320898006742
516,Low,1.3626843374075588,3.2071092341262215
517,Low,0.5010668702574586,0.8456530230608159
518,Low,1.4282708274163274,2.816570974272409
519,Low,1.0527724498162687,2.0611845611751534
520,Low,1.2806530834024814,1.85925341384835
521,Low,1.3560060549161426,2.25724315400673
522,Low,0.5644027145692644,0.8944358082220312
523,Low,1.1567784664857883,1.499387501747833
524,Low,0.8606395267663915,1.881456866197837
525,Low,1.223640445741764,2.7843308869174876
526,Low,0.8789450151187501,1.4002062981612795
527,Low,1.4790543418506328,3.6601687833874337
528,Low,0.9331617287217108,1.6458446938806617
529,Low,1.057409074817741,1.9467093200252066
530,Low,1.361007286066653,3.140205983177651
531,Low,1.491010257026076,2.3095230509757556
532,Low,0.5240641732712196,0.7841315290743012
533,Low,0.8620694608151549,1.3667382548131641
534,Low,1.4421103542149225,3.0291095826653986
535,Low,1.017333455262755,2.210734029010027
536,Low,0.5673102998153079,0.762040910064357
537,Low,1.4377612074084505,2.0988586356696004
538,Low,0.5947808326285872,1.5097255996038257
539,Low,0.8893867203046041,1.7907753301776097
540,Low,1.4483287797288216,2.58115194648758
541,Low,1.1040797559166924,2.269101762891154
542,Low,1.0272467626451809,1.7519987678734026
543,Low,0.7050456864672915,1.0885039312777636
544,Low,0.9013285661795276,2.040986212446498
545,Low,0.7722359183941476,1.5982192999357423
546,Low,1.325957128736276,2.7576581281100374
547,Low,1.2022688436488669,2.431947472344106
548,Low,0.7844885828260497,1.3077107767888805
549,Low,1.0627848907404336,1.78796033530962
550,Low,0.6034250243925716,1.2751114071982954
551,Low,0.7728018183898299,1.3824702316824613
552,Low,0.7817494314553589,1.2529147069488218
553,Low,1.2513002897599577,2.002753241673176
554,Low,0.5480211531668626,0.6715710911089943
555,Low,0.9430427917488836,1.5889598977863102
556,Low,0.6431485771282477,1.3959857277781254
557,Low,1.1443230737570982,2.5844989505829545
558,Low,0.9784440943214476,1.4451623352595178
559,Low,1.233194733212981,2.3036494938675247
560,Low,1.052434961921285,1.348215804467067
561,Low,1.4604174223638529,2.501334422851812
562,Low,0.8649664220250914,1.5511435652911487
563,Low,0.6862279337838234,1.2699331794017752
564,Low,0.5002456562410903,0.744644048967551
565,Low,0.9543490968418598,1.5212758352774145
566,Low,0.770440022836725,1.3784939319040532
567,Low,1.1733864301308703,2.393556208461405
568,Low,0.8369839146668132,1.1200975786708796
569,Low,0.8538521489016548,1.2127038061256243
570,Low,1.2181563011953844,1.813867746363968
571,Low,0.701940775474876,0.9806288073178564
572,Low,0.6228440005227678,0.7649911142415746
573,Low,1.14951048054302,1.999909490915357
574,Low,1.2449438315524817,1.8707884449643046
575,Low,0.5223502104131809,1.10384557448603
576,Low,1.4799313614746676,3.899454358026304
577,Low,0.859439584243309,1.196234260563756
578,Low,0.6452380792434647,1.2537100747443475
579,Low,1.493210848631927,2.4722104325340553
580,Low,0.9839804755112692,1.4879105053710475
581,Low,1.1804938899897488,1.9986264799720033
582,Low,1.4699061657196455,1.8982669771956466
583,Low,0.9634976682038846,2.104860348836354
584,Low,1.4779659252833928,2.7020485520555866
585,Low,0.5816274816961124,1.1860690503769504
586,Low,0.545645333986887,1.1482108880606177
587,Low,1.4404767438448105,3.0192661026230496
588,Low,0.970707128628195,2.399079758929261
589,Low,0.8562301833261325,1.3437593240813968
590,Low,1.443711555154955,2.42854300744402
591,Low,0.5158362479143748,0.9121678046170203
592,Low,0.734555450177166,1.22211720046122
593,Low,1.002143442145019,2.023982569257811
594,Low,0.6515808461371156,1.4026627715643087
595,Low,1.2465181045689022,2.6449638482295796
596,Low,0.981083592225531,1.3423467964858844
597,Low,0.6150235133375885,0.8898254215186476
598,Low,1.476381184470282,2.5047855322677606
599,Low,1.2569656105790243,2.7649831642354457
600,Low,1.1530319862043248,1.737145877167805
601,Low,1.4635318408056253,1.9031406217194018
602,Low,0.6542063323763498,1.0315736234527293
603,Low,1.336729444951037,3.1045567842975856
604,Low,0.6059253275915011,1.2569825456572232
605,Low,1.211009869303675,1.8021197307192693
606,Low,0.531072856618045,0.9138051135659602
607,Low,1.25032716075297,1.7822796988389626
608,Low,1.3614724109177525,2.958474362888637
609,Low,1.2389329535726656,1.8203681958224962
610,Low,1.4193979310094471,2.7863997782563956
611,Low,1.078977710229251,1.698510432056267
612,Low,0.6368622358871205,1.174703935847596
613,Low,1.3047275107532084,2.7251799076387613
614,Low,1.4666475888841837,2.692727999103198
615,Low,0.965869713105451,1.8438943542989392
616,Low,0.7770178015529109,1.440658190857782
617,Low,1.3702277207823406,3.1630747593715114
618,Low,1.1913063236789094,2.471277912539975
619,Low,0.8207191297855927,1.7438869858710575
620,Low,1.407894230101956,1.8315369360104512
621,Low,0.6408591583056729,1.2166122429665904
622,Low,0.7055819957196996,1.646824556798343
623,Low,0.7710512365989857,1.1524274402468961
624,Low,1.3483472831183925,1.7728055522311479
625,Low,1.4174786732522386,2.019417320661958
626,Low,0.5152862639534699,1.2159265222360034
627,Low,1.3579090997820362,2.787281481492485
628,Low,0.8137752636271849,1.833319159055975
629,Low,1.4149280288762287,1.9114921440348667
630,Low,1.1630436831532591,3.0305917506069875
631,Low,0.6573438377254952,1.1432548063548182
632,Low,1.4532705066085398,3.298245669261064
633,Low,1.396014993318359,2.118966136661612
634,Low,1.4844612961197998,2.2136033821572028
635,Low,0.6585084417486053,1.498543083762982
636,Low,1.242566482373043,1.7583367795643028
637,Low,0.8828671489230111,2.1279348017007322
638,Low,1.302623437626954,1.8592595449991052
639,Low,1.4264586556831484,2.4927975804194773
640,Low,1.0852167339815848,1.896062263763099
641,Low,1.2084621331144527,1.9198364582362046
642,Low,1.2480862320611656,1.6245916190465834
643,Low,1.34605435141992,2.635206836285576
644,Low,1.390628699392483,1.95673888910639
645,Low,0.9138687902520712,1.6895046918858156
646,Low,0.9069390235626166,1.564814790548752
647,Low,1.4543590090958376,2.4479174900511964
648,Low,1.3481414271009162,2.235940992980204
649,Low,0.8511722342489532,1.1950376107169944
650,Low,0.863998606295572,1.449158266462561
651,Low,0.7659939553915326,1.1486597192059733
652,Low,0.6915451153604004,1.372567217162441
653,Low,0.8837021146041731,1.1846244204591159
654,Low,1.4169169406222144,2.9541856401624784
655,Low,1.4519097480377776,2.6697478022886685
656,Low,0.9878355812680414,2.5052514266987203
657,Low,0.5753151331703232,0.9705807530185311
658,Low,0.6336781524845899,1.1404481337823569
659,Low,1.2921949054153647,1.5705845906650069
660,Low,0.894415119886972,1.2441005985063072
661,Low,1.4979939327165996,2.3354708956304364
662,Low,1.3002997984573597,2.002495372217396
663,Low,0.7296560912264761,1.0622336437142081
664,Low,1.084739619376124,1.6156414861237849
665,Low,0.7569416936440541,1.4829178103826024
666,Low,1.4867406187725896,2.8509080175582966
667,Low,0.6617808890520982,1.5525816509835266
668,Low,1.2421842492739126,2.163902940819085
669,Low,1.3768936232555535,2.3321017553808474
670,Low,0.918513921840416,1.4117063811475745
671,Low,0.9796368322943496,2.137676835458123
672,Low,0.5421864744934268,0.7888457608853336
673,Low,1.0837533407851745,2.16488368339904
674,Low,0.8267023277448948,1.4541281514051931
675,Low,1.032930393284848,1.8205676648745595
676,Low,1.0607148583124677,2.636346264401922
677,Low,0.7095267444144748,1.2040739542572254
678,Low,1.166329057098906,1.71982883892575
679,Low,0.6087048348310978,1.1617599405472134
680,Low,0.7413064321743528,1.8642700338933196
681,Low,1.2914938065821784,3.394252651595025
682,Low,0.969569184409538,1.7267889465437065
683,Low,0.5177237739395508,1.2552636005893234
684,Low,0.9724481931567052,1.9810550377061844
685,Low,1.425021459392172,3.8140581275304157
686,Low,1.148592937265267,2.667440282068739
687,Low,1.278689559021959,3.0539301967143047
688,Low,1.005376010066084,1.6743035128961026
689,Low,1.0432463409446604,1.9980906676056946
690,Low,0.516331465308348,1.1455517253411571
691,Low,0.5270228702241263,0.8552231155745424
692,Low,1.4313153118285142,2.6797796289080793
693,Low,0.8257483502790297,1.0167710377029024
694,Low,1.422349559286857,2.0578637569330454
695,Low,0.8731781163663874,1.4332811467930782
696,Low,0.9063792762673326,1.5522979245817297
697,Low,1.0190155471602913,1.797418009076722
698,Low,0.8782727214670155,1.2707015586074988
699,Low,0.6093080278312639,1.4293587623431634
700,Low,0.7293942075249615,1.4117346642923394
701,Low,1.35230422347349,2.318201662788198
702,Low,0.790942358438161,1.2053326488193647
703,Low,0.8083467593075131,1.0506620263124944
704,Low,1.2936568669332231,1.7319506124161848
705,Low,0.942356207855182,2.1730630504851405
706,Low,1.042342790573021,2.1934873552757495
707,Low,0.9762413784133452,2.4757429375442825
708,Low,0.5941964119231151,0.9949485008742087
709,Low,0.6351631205703872,1.1255244518679959
710,Low,0.872896114639424,2.0018688738500288
711,Low,1.332431099057259,1.797841888371991
712,Low,1.267340370786557,2.4521220981387017
713,Low,0.5284155290690753,0.6437644890173111
714,Low,1.0386183238716329,2.5487829868605303
715,Low,1.332691135122296,2.3776543157276393
716,Low,1.230025667887956,2.4933563677763004
717,Low,0.9485987068803406,1.6399353307727438
718,Low,1.119612725006987,2.3472950887523183
719,Low,0.8408488446605638,1.0631980861294394
720,Low,0.8658280301276493,1.8575887162551794
721,Low,0.6260244604671197,0.7560498031832346
722,Low,0.5622071880276905,1.1214031038864718
723,Low,1.1769325300359592,2.420440076069468
724,Low,0.6316845834561533,0.8622430016658527
725,Low,0.8445551801502957,1.4965906069051584
726,Low,1.3279826695216386,2.0683835748925077
727,Low,0.5508982751869731,1.2195553596471314
728,Low,0.7573501263807663,1.1476791669885813
729,Low,1.1189033517813316,1.5708866302182187
730,Low,1.4308152849854303,1.7929249743666986
731,Low,1.161008077623834,1.598054027648125
732,Low,1.3269031659582078,1.8294196361519681
733,Low,1.1885907721857825,2.692442497524297
734,Low,1.0471221004201543,1.663089855476457
735,Low,0.7869051826100876,1.2903485792065723
736,Low,0.8172679749141305,1.6119538400629594
737,Low,0.5998505100970095,0.6743103873482283
738,Low,1.4491902059199635,2.7044852919343896
739,Low,0.8814190815798308,1.531197224938822
740,Low,0.8272568726407832,1.3345797185887065
741,Low,0.7337742711977187,1.4571473820086922
742,Low,0.936312239575254,1.594003117426297
743,Low,0.610057087827436,0.9942520706546745
744,Low,1.3295805097214983,2.014039390723738
745,Low,0.8048638906292387,1.698142590130118
746,Low,1.4836297962091376,3.88797113530174
747,Low,1.2019818704229737,1.9469525987937857
748,Low,0.5581942839999738,0.884695586154514
749,Low,0.9570745600765492,1.5483661275386496
750,Low,0.938121416318238,1.253430574725968
751,Low,0.927077868397455,1.3122103515617027
752,Low,0.904788329070377,1.6051865008298307
753,Low,1.118489424673552,2.0845169603672673
754,Low,0.8278273412467899,1.664478316631687
755,Low,0.5923006226959655,0.8700306234665902
756,Low,1.3854534642690792,2.0085710187254335
757,Low,0.9912473471178792,1.926885529018037
758,Low,0.9274536452274704,1.472166114094243
759,Low,0.9750855888301138,1.9085388213606933
760,Low,1.1124581438259402,2.0982499992091306
761,Low,1.4694190994459753,2.8851662414002845
762,Low,1.0101351909678078,1.5507568868111932
763,Low,0.5107970025135509,0.6975686554572427
764,Low,0.9940305119026948,1.4381751095034616
765,Low,1.1584811409784657,1.6377653943703052
766,Low,1.416320702776274,2.1307039114843036
767,Low,1.0339566724428968,1.6603331494517306
768,Low,1.3642599921105136,2.748342077381608
769,Low,1.3073155338852809,1.939849362647223
770,Low,1.1232195269970493,1.7863580398318675
771,Low,1.4654113501113946,2.556512527837583
772,Low,0.7774098921505632,1.143127176307118
773,Low,1.140612099621313,2.6141227240152602
774,Low,1.378995738314773,2.4855732463745994
775,Low,1.0164134265483238,2.601844651063942
776,Low,0.7356102549412982,1.4150251489076524
777,Low,0.6894572290167749,1.2096876358547348
778,Low,1.0045661825579857,2.0585252855534577
779,Low,1.2399711288041295,2.1085462358598193
780,Low,1.0960638979953965,2.124657640788726
781,Low,1.312080550866515,2.185577636437401
782,Low,1.2567606259447208,2.3089404243026905
783,Low,1.4643538252756731,2.992343600688571
784,Low,0.9663278855136164,1.6825538249601664
785,Low,1.2206390682313937,1.7001852200950083
786,Low,0.9415864724543792,1.4381264411661263
787,Low,0.7985918020417551,1.1819301000986897
788,Low,0.6104047966325192,1.5210145836433924
789,Low,1.4644523423435976,2.4979762518300106
790,Low,0.8315747249845091,1.7293350319379357
791,Low,1.0591132050292418,1.751994881708029
792,Low,1.214460981251082,1.837201824769636
793,Low,0.8104744405405492,1.79323980256585
794,Low,1.4686092678697131,1.775474455786565
795,Low,1.0091037544120214,1.961585677294309
796,Low,0.71413564105662,1.0697530910799316
797,Low,1.057762440467311,2.7558982830073546
798,Low,1.1446332175021143,1.458168320815176
799,Low,0.6748738891087898,0.9873675909089386
800,Low,0.8927088420764535,2.186151147897178
801,Low,1.0679654474524716,2.0154304412593405
802,Low,0.9321999878071489,1.579148499659766
803,Low,0.721005478717254,1.5326179842390673
804,Low,0.9832280486943562,1.5351764509677324
805,Low,0.9579551837758143,1.5109953933678995
806,Low,1.4594847160771396,2.3336050998548643
807,Low,1.2230556537848942,1.8307670122524087
808,Low,1.4942121344095844,2.415904073632973
809,Low,0.7849033495287545,1.5054979996091902
810,Low,1.377514298287846,2.4330438110863355
811,Low,0.865701131687391,1.9671893096082158
812,Low,1.1092009499307394,1.6185956247926612
813,Low,1.2176525040630977,2.696462407223649
814,Low,0.6877648763178879,1.0983161706961582
815,Low,1.366840888311806,2.211153961518164
816,Low,1.4212354158496885,3.1215368295291057
817,Low,0.5514174225193185,1.0812618628052277
818,Low,1.0642227858880902,1.835123874551229
819,Low,0.6662939795087602,1.1336460678324514
820,Low,0.8236495076099193,1.2945076096228831
821,Low,0.8429316206150311,1.3685519838205877
822,Low,0.989475859517122,2.092294545217129
823,Low,0.668142277144495,1.06297219026834
824,Low,1.414053300719555,2.432600422098119
825,Low,0.9655992946704576,1.5529337669187626
826,Low,1.471021592021446,2.6331131567798423
827,Low,0.5351727005393763,0.9241467648407813
828,Low,1.1348202991562484,2.404171815212237
829,Low,1.176543315784485,2.3262836105147926
830,Low,0.7378069223362907,1.70737160156321
831,Low,1.0120048526831855,1.973856873437981
832,Low,0.8880350811693597,1.6114994193186973
833,Low,1.2311209664459604,2.570021733285543
834,Low,0.5451489223076195,0.7930685551786496
835,Low,1.0478743169562912,1.9965233065741046
836,Low,1.3493133021434731,3.056218064699209
837,Low,1.2253606682544524,2.569613103630246
838,Low,1.2139089543300452,2.1215129650171036
839,Low,0.8964289104801592,1.8174253270388192
840,Low,1.099980181043452,1.4031152091925705
841,Low,0.6027064181449149,0.9053651536330456
842,Low,1.3794205322468696,3.5199924820595925
843,Low,0.8189095772869085,1.268440238461423
844,Low,0.7438029254537352,1.7691947767244187
845,Low,1.405887273128437,3.710149259285913
846,Low,1.3273319687768876,1.7263711737295324
847,Low,1.0459534193089053,2.0522546107713993
848,Low,0.9632103490695852,2.5751924254461045
849,Low,1.4287166756826268,1.857486672031726
850,Low,0.9164805401722008,1.2978899129395387
851,Low,0.8467095916038492,1.492205469208173
852,Low,1.2440294725379386,1.8460871101272716
853,Low,1.3207381342662434,2.236239985544117
854,Low,1.0067068459065704,1.5792904997135935
855,Low,0.7350807409466339,1.1830489071341432
856,Low,1.0603284400247133,1.7278981707879808
857,Low,0.7815257976730734,1.5709008588592184
858,Low,1.1408484499606086,2.5688536098234778
859,Low,0.5973011859582247,1.1528994157768935
860,Low,1.3536528695062349,2.4714232919834274
861,Low,0.7539568392745503,1.3466120096775782
862,Low,0.904685222686521,2.0450383877648335
863,Low,1.235866355924481,2.3163195009021393
864,Low,0.5982401432921756,0.7771499665664265
865,Low,0.7301154413044563,1.296539857778484
866,Low,0.8900248601548608,1.9679763396425614
867,Low,0.6436007035303595,1.1034928745289037
868,Low,0.6284190053078286,1.2337015395271536
869,Low,0.5813133635753442,1.132770274268914
870,Low,1.4115247245195004,2.820810388353266
871,Low,0.9966743074046572,1.7714755779712448
872,Low,1.3125494781184566,1.680474324150012
873,Low,0.8819299398841243,1.915109314561164
874,Low,0.7960031704965322,1.4529258739413748
875,Low,0.541747022919894,1.2328532314699245
876,Low,1.3061134637114016,2.4320564107203637
877,Low,1.38925003015424,2.785600471464633
878,Low,1.0714783469327158,1.9936641613335837
879,Low,0.8153552613373469,1.1669792249987267
880,Low,1.3416044014000574,2.495619249018162
881,Low,1.0284393727763217,1.7021130589284041
882,Low,0.6458352971334593,0.9217593606534642
883,Low,1.0782049687581077,2.6454265139462905
884,Low,1.037302026507998,1.7291113808836513
885,Low,1.2184101465776067,1.845884022397982
886,Low,0.8065220850718735,1.3261919425501674
887,Low,1.3867175919073145,2.5770343825700195
888,Low,1.0408909741037726,1.5578475942918786
889,Low,1.039562577061695,2.2882405873768334
890,Low,1.3020941768045082,2.616851424205052
891,Low,1.0405180976614468,2.173519641982793
892,Low,0.5139520228269086,1.0316016748673178
893,Low,1.2840408148013285,2.00128821689097
894,Low,0.96837668809861,1.6713667585891727
895,Low,0.961700888044466,1.5510481528624283
896,Low,1.020776119263979,1.202775278321397
897,Low,0.7151627943975712,0.9819932987056106
898,Low,0.6818328199836753,1.4624262461364097
899,Low,0.8668587756491712,2.0510535309378923
900,Low,0.5281360232445728,1.1396390009008073
901,Low,1.132224803559137,2.507740883167159
902,Low,1.0217606061048945,1.6359674765904302
903,Low,1.1993556251453026,2.7779635377750083
904,Low,1.489151438552336,3.815884495423518
905,Low,0.7487207997192258,1.186907896890844
906,Low,0.5821302573970788,1.0666066395300504
907,Low,0.5098061645352504,0.6504567335572204
908,Low,1.392025659679752,1.9774362932416523
909,Low,0.8576944905688811,1.5890133243183513
910,Low,0.9211651586675028,2.04237163797481
911,Low,0.711963587121817,1.356467722563238
912,Low,0.5596374190553349,0.9059520348584655
913,Low,1.2128377375421264,2.311907699656942
914,Low,1.4154948389404989,2.5921905806713
915,Low,1.2551411045582976,2.6603745679660165
916,Low,1.1581933344877442,2.267624762647557
917,Low,1.254796192537566,1.9858048072755707
918,Low,0.7465409713139214,1.0519586053887124
919,Low,0.649036817737624,0.9848613744660604
920,Low,1.1202885854758555,1.6399452802704175
921,Low,0.6737002029707491,1.0133149879656784
922,Low,1.136934749032127,2.220546640505731
923,Low,0.9094173197928948,1.914077099164274
924,Low,0.8395251548031607,1.2416708617953844
925,Low,1.1643611418207391,1.8316850519726273
926,Low,0.9768690221467772,1.672697079619212
927,Low,1.137466092670663,2.6631502288458364
928,Low,0.8323168361206443,1.7626399004381028
929,Low,0.6232486770230837,1.329042158302201
930,Low,1.3943269461416663,2.2568510809458786
931,Low,1.458793250149574,2.150293045902046
932,Low,0.8984601200656088,1.2566357276535243
933,Low,1.3841607478405171,1.9721937203047872
934,Low,0.9774952280393876,2.086017831266517
935,Low,1.3752400497396016,2.795351302584578
936,Low,1.3148111348848808,2.3437924951232816
937,Low,1.1414227164875317,2.45825801872779
938,Low,1.3817229523907493,2.090885569140795
939,Low,0.9933685287150922,1.2620122325055547
940,Low,1.1557649627198463,2.128416932854094
941,Low,0.9396123884736604,1.49413093440765
942,Low,0.8787719153878069,1.4726469504893345
943,Low,1.3550339891249918,1.9039511652775758
944,Low,1.4784970235922816,2.3809667987684833
945,Low,1.0176988236649986,2.0346522932230613
946,Low,0.5061508186104177,0.9031278353513343
947,Low,0.5855926830374667,0.7358652112231461
948,Low,1.3660000680094688,2.938774264067149
949,Low,0.6633237108040358,1.33980470042588
950,Low,0.95169673392544,1.591533131162663
951,Low,1.459306373756303,2.3095802585321934
952,Low,0.6893498753373366,1.7101095727716
953,Low,1.296290573963286,3.1170384298971214
954,Low,1.4882444734083573,2.5257124001207956
955,Low,1.16586263242225,2.251619998897894
956,Low,0.9246550945672072,2.194950570449109
957,Low,1.0811162278168829,2.502590708372523
958,Low,0.7741864220711939,1.198431391455678
959,Low,0.5668160776081432,1.0840843474203083
960,Low,0.7967254099209029,1.180893656792776
961,Low,0.5791761991002139,0.9109510929896949
962,Low,0.7028893856932876,1.7710968087663161
963,Low,0.7197459015549317,1.0995245870407686
964,Low,0.6595143737436588,1.3002283414678288
965,Low,0.6774856545618546,1.0348333995347758
966,Low,0.5460175123047472,1.072481692485134
967,Low,1.401621178116871,3.0018642869843575
968,Low,0.6121549590234232,1.1440071570202548
969,Low,0.8193858720690803,2.09803029656247
970,Low,0.5645313197327431,1.4022442560434811
971,Low,1.393402956096573,2.0940449805369497
972,Low,1.3360149179587832,2.3090964558988816
973,Low,1.351806120753496,2.9371299515668454
974,Low,1.0711418046205798,2.4836266377736393
975,Low,1.1008253111645652,1.9217287614495433
976,Low,1.4277690296967562,2.753196723913746
977,Low,1.0796277320003884,1.8629918737648836
978,Low,1.0622679010538656,1.892385652454962
979,Low,0.9584189664178502,1.6420997207524977
980,Low,1.2638031061825314,1.8360620304382849
981,Low,0.6882684595124505,1.045562290243467
982,Low,1.3544401856568378,2.114609769532862
983,Low,0.6857764313762365,1.201368323096652
984,Low,0.5344299942270103,0.7794651315454004
985,Low,1.3008759776951566,1.9773084494590876
986,Low,0.5428930832688768,0.6567288433423961
987,Low,1.1100689335462757,1.844295657744496
988,Low,0.8179184836140676,1.3970224915544662
989,Low,1.055026428338111,2.625775387524868
990,Low,0.6007174665505493,1.1610629048814474
991,Low,0.7684260296983402,0.9512172561550685
992,Low,1.4029262680859036,2.488700421809156
993,Low,0.577324994902674,1.0107259542034157
994,Low,0.7641637708057711,1.8545145248870796
995,Low,1.0985804909814472,2.2126612669295582
996,Low,1.419598206405893,1.965425188412837
997,Low,1.309826754795869,2.2790120425698746
998,Low,0.7051535962867049,0.8943813834323286
999,Low,0.9088242821538568,1.3491107164618583
1000,Low,0.9177591981645062,1.4274565782440405
1001,Low,1.4704110001508868,2.3062118398383973
1002,Low,1.0720293351603338,1.7610365331539128
1003,Low,0.921800492488486,1.941873455534278
1004,Low,0.8212867304201841,1.965012937483138
1005,Low,1.1513885056098698,2.0418571126196525
1006,Low,0.9787778762174272,2.446405034157465
1007,Low,0.5760913956077256,0.913365493634867
1008,Low,0.7074910591505345,1.683512364898661
1009,Low,1.2241519675362036,2.142791424623951
1010,Low,0.6318816587884147,1.0086405384651371
1011,Low,0.9790764482520888,2.0777036015343384
1012,Low,0.6926593329384745,1.2995769372583794
1013,Low,0.6596974442834656,1.4256912523179963
1014,Low,0.5216082198882614,0.9789180128359334
1015,Low,0.635867509772994,0.7480403709119017
1016,Low,1.402135479848143,2.708104138272347
1017,Low,0.7377146714220402,1.2969890010727525
1018,Low,1.106512867980331,2.2810833832752593
1019,Low,0.7205852605059793,1.271691445243647
1020,Low,0.6753360919484889,0.9732070728065523
1021,Low,0.8186527463910129,1.288179850722976
1022,Low,1.1706336521771972,1.5468205604276122
1023,Low,1.3370103887706386,2.5992383194105315
1024,Low,1.1956383115703364,2.2706486992817645
1025,Low,0.8332669764556582,1.294224234855001
1026,Low,1.4203606770626602,3.051682482804864
1027,Low,0.5320251582572038,1.0089040346908789
1028,Low,1.3921251683452878,3.012324591296334
1029,Low,0.7665230909763695,1.2754787894037847
1030,Low,1.1926564297578337,2.264232454115813
1031,Low,0.8029543659621665,1.876859865734204
1032,Low,0.8416162165005728,1.626481163513624
1033,Low,0.5350262156653933,1.2309906187215702
1034,Low,1.4027772568871697,2.7166736869194352
1035,Low,0.7368524371285885,1.2423521703756535
1036,Low,0.9815769128942292,2.2867609038124925
1037,Low,1.281158270751782,1.8216398785814505
1038,Low,0.9286775314531368,1.9783807261067352
1039,Low,0.6266863515522024,0.8541308908513194
1040,Low,0.6073698228012024,1.2449126716456007
1041,Low,0.96267659953846,1.908987258004288
1042,Low,0.9593021670439692,1.6256401949643902
1043,Low,0.6788977103335304,1.104135496613246
1044,Low,1.330046941067911,2.2657032070274425
1045,Low,1.216465728034131,1.8165228449250037
1046,Low,0.7517324283771805,1.005294353419771
1047,Low,0.7651033986403686,1.607229892807858
1048,Low,1.4953473818850296,2.5015246647396907
1049,Low,0.721470401945722,1.1786984914338277
1050,Low,0.8910514850906996,1.4287738706406685
1051,Low,1.4964336413855055,2.039245133150075
1052,Low,0.8931237752649238,2.2150904685694996
1053,Low,0.9108486946523264,1.4243011381081558
1054,Low,1.4039572048390765,2.6691305900360334
1055,Low,1.1145352557146628,1.7715542696318636
1056,Low,1.2667790370275944,1.799491649989335
1057,Low,0.8011531503936156,1.851991048991124
1058,Low,0.5134675071765608,1.2104327946851754
1059,Low,1.35977690136742,2.8193976910660155
1060,Low,0.8506414098527643,1.54448691918995
1061,Low,1.2346341046594675,2.3191945301571195
1062,Low,1.0979961726165053,2.057123865119266
1063,Low,0.7107273613061141,1.9220414902942196
1064,Low,0.5786632107473615,0.9254647128524489
1065,Low,0.6973575124667021,1.411307167348113
1066,Low,1.3686398838629628,2.382774326902947
1067,Low,1.3154287396133972,2.4753732710156413
1068,Low,1.474543358813969,2.282100108345091
1069,Low,1.0690717177654765,1.6983902959297694
1070,Low,1.007032834125976,1.9843407403961635
1071,Low,0.935082933619808,1.7253436902916803
1072,Low,0.8952630938162914,1.250711913668411
1073,Low,1.101415588442486,2.086904854156572
1074,Low,1.3994692991746052,2.5382420185941754
1075,Low,1.3638999392997828,2.5509195887934624
1076,Low,1.3307895638399825,2.9245991253380623
1077,Low,0.9472185851490073,1.54304063459886
1078,Low,0.9125077729257176,1.7442139080238377
1079,Low,1.4966244778754567,2.6529669401497387
1080,Low,0.5575158223339118,1.005366212131868
1081,Low,1.382953437068623,2.898809322737179
1082,Low,1.430172476008655,2.6908929930279726
1083,Low,1.2850057915450428,2.883599788470832
1084,Low,1.224705574140707,1.5814628857662356
1085,Low,0.7764186075877197,1.6017972253549715
1086,Low,1.0153910508126582,2.369658180639391
1087,Low,1.2801277744860506,1.655909287832543
1088,Low,1.3044094180618635,2.993983581136149
1089,Low,1.1431390490485565,1.824610082801982
1090,Low,1.215178739091268,2.003032377488182
1091,Low,0.5567706217229584,0.8793069982427575
1092,Low,1.061059046529146,2.3304763286487855
1093,Low,1.313472167427128,2.1625464279651396
1094,Low,0.6144352873800726,1.5295181693325688
1095,Low,1.1166990811718307,1.552816323579961
1096,Low,0.7737942002784867,1.3179942863061243
1097,Low,0.5326692457279023,0.8025110535086384
1098,Low,0.5744654369679159,0.9188842903434882
1099,Low,0.985898763349213,1.821665001882394
1100,Low,0.9006868071931329,2.302047254716541
1101,Low,0.8303355528784531,1.1806250465361998
1102,Low,1.0018663820903717,1.7617937918715967
1103,Low,1.0362122008836492,2.2419387183078783
1104,Low,1.4466619424183853,2.292045239611994
1105,Low,0.913418532095472,1.4873243336755024
1106,Low,1.408439772402819,2.7233728111115596
1107,Low,0.8338724330898095,1.3321724172715221
1108,Low,0.624195390579661,1.4088628562988674
1109,Low,0.667067435301239,1.2776801931457769
1110,Low,0.9267009645465196,1.4332157190291284
1111,Low,1.4101398923691804,2.824921137528335
1112,Low,1.4661934466926585,2.9557259394155437
1113,Low,0.915486412695622,1.5042717388645883
1114,Low,0.9037520407713155,1.3113355857993483
1115,Low,0.635502425495162,1.3111115880389121
1116,Low,1.066474038937768,2.282686089333197
1117,Low,0.8701380437608187,1.4011327006713827
1118,Low,1.471903224552258,2.5259410846362442
1119,Low,0.8642707572355759,1.4235506253168992
1120,Low,1.374556741414407,3.2997024384593203
1121,Low,0.509359884173432,0.6704321200656018
1122,Low,0.9000884571148867,2.0626672317039123
1123,Low,1.2978053554972813,2.4631210620888027
1124,Low,0.6848741557606441,0.881222820613818
1125,Low,0.6310474989144265,1.4325237370765294
1126,Low,0.5803700914183343,0.8311014112052462
1127,Low,1.204461908140055,1.753391492847399
1128,Low,1.3565206394331033,1.9975710996443041
1129,Low,0.7611493015646532,1.9139503362545298
1130,Low,0.6254735663050499,1.173614548470951
1131,Low,1.169141951011373,2.648247863758769
1132,Low,0.793672471713859,1.776118129955023
1133,Low,0.7484910210822455,1.686202820250159
1134,Low,1.076264250562212,2.291559821203151
1135,Low,0.8286530812017194,1.4777163133906726
1136,Low,1.3302374355050033,2.1973043058643213
1137,Low,1.3802178429190688,2.2112781425331605
1138,Low,0.6128925235813877,1.0150931369213438
1139,Low,0.98205496508752,1.99967185054102
1140,Low,1.262152340981619,1.8978424150160436
1141,Low,0.642966098294396,1.3756047015211763
1142,Low,0.7599697196245458,1.779266909534968
1143,Low,1.2901142191139956,2.617487012179325
1144,Low,1.0128390857967902,2.10855865028158
1145,Low,1.237520344365454,2.1113820371083705
1146,Low,0.6329758161232478,1.1759114443668537
1147,Low,0.9428444475251876,1.733393727162209
1148,Low,1.2824969154140748,2.46019058277912
1149,Low,1.1104430634325049,2.4193684261278037
1150,Low,0.5054979393309842,1.2091217532687963
1151,Low,1.0410262355469455,1.5028305736741956
1152,Low,0.7544728974399592,1.50909721831772
1153,Low,1.4267919557779796,1.9768308819977705
1154,Low,0.7219529568169831,1.2014481013972471
1155,Low,1.3818590391711472,2.1782080224212876
1156,Low,0.8351161275237223,1.2469462437782397
1157,Low,0.7512399313177058,1.5535059857772708
1158,Low,0.8038130694580219,1.7675433553379776
1159,Low,0.6161870654638961,1.5056082632645271
1160,Low,0.8722584350079983,1.2647976224160828
1161,Low,1.3403425591725604,2.4534651808852743
1162,Low,0.9490801963971368,1.6188428535588315
1163,Low,0.9652930274231324,1.42491147004327
1164,Low,0.8924108191976938,1.3042215708014169
1165,Low,1.0085229288270383,2.4634777483129255
1166,Low,0.6945930067114285,1.4233953166164994
1167,Low,1.171771169699185,2.46122557501765
1168,Low,1.0490429418353524,1.77840470059094
1169,Low,0.882606252766824,1.4412091659073596
1170,Low,1.1048159238454098,2.1359915013678688
1171,Low,1.2735384248297583,2.701896965919815
1172,Low,0.6340151226956522,1.1920154014877369
1173,Low,1.4749621837899725,2.1767227342422615
1174,Low,0.802290337917305,1.3599887111839877
1175,Low,0.5911461908848302,0.8397249740458541
1176,Low,0.7160449740895447,1.2045457369884218
1177,Low,1.112807835240282,2.9688322073524773
1178,Low,1.3161268188956188,2.3936349341274905
1179,Low,1.049842308679278,2.5532582924898435
1180,Low,0.5987404547784112,0.9583004068133896
1181,Low,0.5089390513368405,0.7905716751901579
1182,Low,1.0559053427803404,2.0549964354209465
1183,Low,1.2583731900809545,1.8090503955115906
1184,Low,1.0342861546016553,1.6956496101738452
1185,Low,1.2717264188520006,1.7829957183872551
1186,Low,1.3196221027620982,2.2050352189828573
1187,Low,0.9077866093123448,2.2351969963107337
1188,Low,0.8778920361726663,1.4443993088755391
1189,Low,0.8810284939473223,1.4853412455900141
1190,Low,0.79528300207399,1.4708666394646173
1191,Low,1.13123282288704,1.7351685269154729
1192,Low,0.7523280293819553,1.078844423634287
1193,Low,1.4800473277088673,2.1574974810467182
1194,Low,1.002744193389045,1.6181242601707666
1195,Low,0.8965927425086011,1.7434309501944085
1196,Low,1.0452468073161822,1.5161415806731924
1197,Low,1.0368687314105631,2.457965736470996
1198,Low,1.320281536400292,1.9393718287105912
1199,Low,0.8887835601938179,1.2295646306789507
1200,Low,0.5233341046929912,0.7959946171795771
1201,Low,0.7747989916556218,1.2494804675504767
1202,Low,0.9195167781822418,1.3987417589626858
1203,Low,1.4303891975515266,3.117641343500196
1204,Low,0.6780978033212735,1.333504697302132
1205,Low,1.3672483551727996,2.387234679073586
1206,Low,0.9958266768273484,1.691774116316239
1207,Low,0.6769427228709346,1.5716151847694917
1208,Low,1.013387939869649,1.7080810330409406
1209,Low,1.269680990963652,1.882898377419977
1210,Low,0.7782476582177533,1.7097306054569401
1211,Low,0.9670448810039296,1.5089500119834298
1212,Low,1.3714280224406146,2.335205596993603
1213,Low,0.8058335344310219,1.1292817094380396
1214,Low,1.2295098170880143,2.8000226672654804
1215,Low,0.6194236319172838,1.3419093772499195
1216,Low,1.0889118583587418,1.6385963782315969
1217,Low,0.990943281598964,1.9297773054406804
1218,Low,0.5527387290879711,0.8175611483121052
1219,Low,0.6722494376165806,1.462547974114301
1220,Low,0.9481742906485612,1.219052837534413
1221,Low,0.7932541902899846,1.262322046049782
1222,Low,0.98553708701124,1.6578381618193134
1223,Low,1.372394387855837,2.2922037086611198
1224,Low,1.063871647379927,1.4845131192867456
1225,Low,0.5765429450377232,1.1771977871496873
1226,Low,0.937792761485952,1.572362387167452
1227,Low,1.2406739469612766,2.4172411354805803
1228,Low,1.0695257063638737,1.6930705894333187
1229,Low,1.4926801980927378,3.1324438549506795
1230,Low,0.999348677668797,2.2255562752914813
1231,Low,0.5943452109428129,1.0473229833115099
1232,Low,0.9083908272039845,1.8438743181901316
1233,Low,0.7397267561989687,1.3498525408100335
1234,Low,1.1775625283327886,2.4837043243447
1235,Low,1.043629912686104,1.6159266745764853
1236,Low,0.6017438110978528,1.082531829598473
1237,Low,1.0831740073548108,2.05107078180761
1238,Low,0.9316572028264366,2.4666800523073533
1239,Low,0.824761268118761,1.3790277267992295
1240,Low,0.9501066134742142,1.523285341768272
1241,Low,1.4625590642851731,2.606116813009706
1242,Low,1.289240849928747,2.7204952627785417
1243,Low,0.9315619647493332,1.6430538553344007
1244,Low,0.9038561027216464,1.151073578769548
1245,Low,0.6080996096589688,1.121812319939572
1246,Low,1.321751878485671,2.5055863293833767
1247,Low,0.7179350951882056,1.6454814943276403
1248,Low,0.9460005934189432,1.7193182116196652
1249,Low,1.0169942454023184,1.4858577984373724
1250,Low,0.916849030609412,1.763211732757739
1251,Low,0.6155076603746296,1.053542464512347
1252,Low,0.7320326447745931,1.1919306205293907
1253,Low,1.4998755232707743,2.3964285947237443
1254,Low,0.549225078027505,0.844923623512507
1255,Low,1.260353052806233,1.6824466729728158
1256,Low,0.8131742773990112,1.9012209097908652
1257,Low,1.2843001666856249,2.708043649844953
1258,Low,0.9688270293955112,2.019998619675988
1259,Low,1.1334606890559054,1.8675483700510824
1260,Low,1.0158394427005777,2.2291429417253994
1261,Low,0.8764411511207187,1.3175242146525434
1262,Low,0.901764708124953,1.7593652555053865
1263,Low,1.424200314690164,3.538102636468267
1264,Low,1.474012388469831,2.2795684707453034
1265,Low,1.4389685058840946,3.0737357610220783
1266,Low,1.454959679274895,2.397317033949804
1267,Low,1.0945336459916717,1.804264840468221
1268,Low,1.0195798642188372,1.5978803571901778
1269,Low,0.6835877695236731,1.2059003392118157
1270,Low,1.3289603663089415,2.567173501227515
1271,Low,0.8913523460299678,1.6029901660835435
1272,Low,0.6062479662244149,1.1283394617625788
1273,Low,0.5733584523706259,1.1004418516780632
1274,Low,1.00808356917487,2.3805914478454753
1275,Low,0.7503810644817017,1.1759412958614632
1276,Low,1.194952104720835,2.061024728437374
1277,Low,1.0947422544215375,1.3733461031213778
1278,Low,0.5130393412484562,0.7707366210811024
1279,Low,1.2341233617870184,2.0869166968349333
1280,Low,1.0273950911395349,2.46555029065928
1281,Low,1.0510328899905508,1.532450542871949
1282,Low,0.980940060181212,2.443809865216238
1283,Low,0.6795603045494292,0.9215198121560526
1284,Low,1.0884249765814895,2.7016081867001134
1285,Low,0.8554475828189982,1.2820093846116905
1286,Low,0.5083983786587274,0.8681722779859484
1287,Low,0.7387412456529454,1.5662010106980162
1288,Low,1.1071209640868296,2.1392740578023677
1289,Low,0.5696606149650796,0.9276537401860026
1290,Low,0.5548811599342912,1.4722342935385413
1291,Low,1.1461208941505308,1.3447772384925756
1292,Low,0.8480575904778351,2.237573419326239
1293,Low,0.5198999430371698,0.9780567649637391
1294,Low,0.5440702285674633,1.0242127794196847
1295,Low,1.3411785469989348,2.7673870266108764
1296,Low,1.4826812235856297,2.3099347195703075
1297,Low,1.2873721448338582,2.176069462566133
1298,Low,1.4984164491513776,2.1871895198249263
1299,Low,1.40509480098742,1.8309197354726763
1300,Low,1.3185270077631177,2.848913639470055
1301,Low,1.2896918149625785,1.805633987016833
1302,Low,1.102011188559311,2.655813505655601
1303,Low,1.1289529852241813,1.5882030128946383
1304,Low,0.9203246158539212,1.357860477146133
1305,Low,1.2077406691376191,2.412477584091647
1306,Low,1.0193993590739492,1.8736987964184522
1307,Low,0.8471924693063169,1.4297728952519435
1308,Low,1.4675788181335898,2.248521823594757
1309,Low,1.0544483868295194,2.368965613308518
1310,Low,1.1633334623126514,2.9147102448901734
1311,Low,1.389043967892876,2.278388503197448
1312,Low,1.1034809020467071,2.088435144528603
1313,Low,0.8685920367536524,1.479552098530803
1314,Low,1.1978816853505467,1.862693099908853
1315,Low,0.6393633020153681,1.5017261341018084
1316,Low,0.681178328990223,1.1990870578164845
1317,Low,0.7674436700779417,1.2712523266873248
1318,Low,0.8491970826256734,1.2503468736283025
1319,Low,0.9394131526235312,1.729776557964982
1320,Low,1.0466307229846543,1.703626497925967
1321,Low,1.085795382573019,1.9774979456185804
1322,Low,1.16209305576238,1.9280777443664903
1323,Low,1.4414512085968272,2.6875975751487147
1324,Low,1.3423840574500097,2.8241020844478584
1325,Low,1.4559204149114957,2.3893398443991174
1326,Low,1.0618983320078252,2.451596673968311
1327,Low,0.6508013521398286,1.2501386726193147
1328,Low,0.8263159753905537,1.816298640473832
1329,Low,1.492038587092411,2.757412096495642
1330,Low,1.1828246754811498,1.7205445898050016
1331,Low,1.1614412381357595,1.9403143161775915
1332,Low,1.2261104365763509,2.982252973495804
1333,Low,1.0677829220362467,1.7700217239358125
1334,Low,0.9256206075061376,2.2046720105552993
1335,Low,1.0425308369887103,2.0116105494066687
1336,Low,1.275457566311391,2.8447850248967086
1337,Low,0.7325216800404932,1.5069399827773893
1338,Low,0.676581947108104,1.3843855287632678
1339,Low,1.033331722777806,2.425581906507034
1340,Low,0.8580142086540435,2.1505098809714696
1341,Low,0.5684673859516394,1.4395993840220882
1342,Low,0.6622507967316864,0.9302190146613789
1343,Low,1.3429463771775794,2.702714158425792
1344,Low,1.1087345944532094,2.6159015841603264
1345,Low,1.1778035719449491,1.917057189309574
1346,Low,1.2574928609964786,2.3090849397085833
1347,Low,0.668886523346438,1.2240520858243187
1348,Low,0.5739919317716635,1.3708757260733293
1349,Low,0.6843652451086119,1.1079217827908892
1350,Low,1.058543969234821,1.8742573602328747
1351,Low,0.9803739746185808,2.1810728459766295
1352,Low,0.6446440942837146,1.084518128541113
1353,Low,0.6174546413198183,1.2348708510851765
1354,Low,0.9945289980334808,2.2527115069033385
1355,Low,1.1081366350262714,1.7841189694662063
1356,Low,1.2491678640001866,1.9457133703465814
1357,Low,0.593185451951258,0.8623984404793639
1358,Low,1.2694201332367123,2.6908626642822213
1359,Low,1.2791622755799834,2.287390522373258
1360,Low,1.493655911504316,2.529108654599341
1361,Low,1.487211995448101,2.5271029724955127
1362,Low,0.7402717216380794,1.873215459448474
1363,Low,1.4504727633321093,2.261729560000717
1364,Low,0.5899185856248277,1.114018515207448
1365,Low,0.7977359597063893,1.6054096712160515
1366,Low,1.1756594491237653,1.6556541677066718
1367,Low,0.5104834188368379,1.3332755698728462
1368,Low,1.3556326761268704,3.172286936722827
1369,Low,1.3573212966502135,1.8386909761693175
1370,Low,0.6479857131108464,0.8254830344001434
1371,Low,1.2723474381101765,2.005959850346926
1372,Low,1.3082866932016497,2.80404820359594
1373,Low,0.5390331012529777,1.0352080811286584
1374,Low,0.664022987973345,0.8772460943425138
1375,Low,0.984734658264082,1.8608805634891468
1376,Low,1.286346261236238,2.20588359948232
1377,Low,0.8847658335453914,1.8511023837564267
1378,Low,1.010544145305717,2.287977153905416
1379,Low,1.1500318583042994,2.364206727316102
1380,Low,0.8253711992490571,1.0510763087621555
1381,Low,1.0006833528260095,2.3251882560876
1382,Low,1.345209745719215,2.135467227318827
1383,Low,1.2771001475468329,1.921974224070027
1384,Low,1.49018843184326,2.3026940664647526
1385,Low,1.2609847344946692,1.9790550427145917
1386,Low,0.723832080939669,1.7707455248937123
1387,Low,0.6200475258445565,1.2400750014759794
1388,Low,1.1217234715134126,2.0174319726724548
1389,Low,0.5825319426401127,0.7944160889614835
1390,Low,1.4069445139730068,2.4770214762167484
1391,Low,0.6022897386940916,1.0236581481859872
1392,Low,0.5151062829118989,0.8974720943680907
1393,Low,1.3655679644797625,1.9548141826125942
1394,Low,1.145709065897826,1.899967568920232
1395,Low,1.2556515781412023,2.1739697896107657
1396,Low,0.9126806211768366,1.402714836933896
1397,Low,0.8749735022472516,1.4326198332484879
1398,Low,1.2209754834455435,2.8925087507031435
1399,Low,1.2995251709180031,2.7332398841820265
1400,Low,0.727906356713616,1.5827979671013281
1401,Low,1.4104257213527274,2.453816285727683
1402,Low,1.2108001825744212,2.552637058804393
1403,Low,1.2068034016220222,1.7459348351865884
1404,Low,0.9989274886280424,1.738791259483179
1405,Low,1.3512212771822956,3.008129671790556
1406,Low,0.9370666907439574,1.433159212788084
1407,Low,1.01807012003083,2.3641985428781425
1408,Low,0.988453393703299,1.4999486274690454
1409,Low,0.6626235510206755,1.0004865135239136
1410,Low,1.2060779534261945,2.228882376682961
1411,Low,1.1282195796026562,2.404148768843541
1412,Low,0.9206221927683113,2.27302133383742
1413,Low,1.4316785769073297,3.535601771840902
1414,Low,0.8075393662293624,1.3791870001973336
1415,Low,0.667626088957771,1.0028744847501656
1416,Low,1.1215578421224626,2.178608510946816
1417,Low,1.0390699900361835,1.8708260194078576
1418,Low,0.8524911007853451,1.5095001143421385
1419,Low,1.4002756748190306,3.0110271881619894
1420,Low,0.902408455282482,1.4824151654404787
1421,Low,1.3811734702342668,2.4064803518467244
1422,Low,0.5470361815473699,0.8429842624185753
1423,Low,1.0706310945104862,2.1204476293508208
1424,Low,1.1268074208093777,2.152749016774578
1425,Low,0.5720090062793504,0.9892882218416759
1426,Low,0.8558286581363095,1.4283233556717647
1427,Low,1.021079582876476,1.818344017090098
1428,Low,1.1566511451448256,2.231813372899481
1429,Low,0.9472844752536004,1.372192881852925
1430,Low,0.8148276835467145,1.8591188445437865
1431,Low,0.6343577835394729,1.1260361823494023
1432,Low,0.5557919335011049,1.0261061521582278
1433,Low,1.3692384986465518,3.045122710834903
1434,Low,1.1227303060706753,2.330982641269756
1435,Low,0.7988315175648105,1.3027014318542172
1436,Low,1.2053037589294888,2.222174081525637
1437,Low,1.0586249171673443,1.6557888464993198
1438,Low,1.2318113908651989,2.280575307390933
1439,Low,0.6277688071835478,1.27132020117687
1440,Low,1.0644746282996749,1.6044815995400086
1441,Low,0.8245729762869162,1.6908263564308612
1442,Low,1.3976765810752507,3.6920509399906507
1443,Low,0.739126750284077,1.061043166845245
1444,Low,0.5519171361550974,1.0907494113902558
1445,Low,0.641801211993881,1.2262195629394839
1446,Low,0.9834999365845044,1.6865272010373076
1447,Low,0.8113951967500318,1.8367564048832605
1448,Low,1.1677125252043572,1.7781715130544598
1449,Low,0.871839860815525,1.440260447082025
1450,Low,0.9929165512695148,1.6265248054449444
1451,Low,0.7859511558673509,1.4594738596004362
1452,Low,0.8842215475282211,1.578765327985792
1453,Low,1.0315181307381585,2.2402266046301236
1454,Low,1.122337103343661,1.8212951810988187
1455,Low,1.2543539595311357,2.529282232758348
1456,Low,0.7228920835891213,1.2380324979857278
1457,Low,0.6167554058678922,1.2981916353612917
1458,Low,1.4946371917748444,2.5792124957243203
1459,Low,0.9062288897530218,1.3818379923386601
1460,Low,0.6282664022769755,1.0699335248931092
1461,Low,0.5118050373165236,1.1615262131208297
1462,Low,0.9852222056704214,1.4571863746987006
1463,Low,1.1451887806195842,1.905608817107023
1464,Low,0.5393796279439842,1.4800982827398386
1465,Low,0.5446717035194198,1.2414085754631188
1466,Low,1.301508937947132,2.2003757072400276
1467,Low,1.20300716612297,2.1733750750231735
1468,Low,0.6305871310653504,0.8998972746206881
1469,Low,1.3878026673457513,2.2655616718199667
1470,Low,0.78795570628338,1.417678835874959
1471,Low,1.221940428455952,2.599084603903023
1472,Low,1.096444568039668,1.7474680991921616
1473,Low,0.6694192316480743,1.0037378463994955
1474,Low,0.9410625645425832,1.8186266343627153
1475,Low,1.2948844542411018,1.7238372617932498
1476,Low,0.5541794785542632,1.1993427276734678
1477,Low,0.8710789781553024,1.4518141101194217
1478,Low,1.3533187200056482,3.223145134617056
1479,Low,0.7493591110749629,1.3587156691022173
1480,Low,1.395746177553295,1.939764372259205
1481,Low,0.6074951628479273,0.8310480784309604
1482,Low,0.9311369238802988,2.202766517420642
1483,Low,0.9729120607963226,1.468495285826826
1484,Low,0.6405566028241543,1.3983121572919686
1485,Low,1.1476968001764882,2.2366335803852593
1486,Low,0.9387210558917908,1.7561818630267396
1487,Low,0.7957642170502115,1.3388473041700664
1488,Low,1.3223601130698044,2.752411977431194
1489,Low,0.9561016084692088,1.731498164893594
1490,Low,0.9357214308482772,1.6675733477772212
1491,Low,1.3109700955759598,2.7186366886579805
1492,Low,1.37326646115865,2.455780464728079
1493,Low,1.3526732867812568,2.674738311219045
1494,Low,0.7945003552804066,1.386133994127853
1495,Low,0.6929522954419007,1.236003032844792
1496,Low,0.756187864387462,1.1662612470885492
1497,Low,1.1591493404456474,2.8463177917286657
1498,Low,0.7100949867502928,1.392990738520119
1499,Low,1.1253540694060304,1.8575950379535868
1500,Low,1.1945307107653191,2.8948715432973557
1501,Low,1.310489086921702,1.8773758069715
1502,Low,0.9718898169263248,1.492528173001844
1503,Low,1.1296014121338869,1.8365995252876672
1504,Low,0.8672056746606528,1.882782376405217
1505,Low,1.1920104004390728,2.4983901954066425
1506,Low,1.1279103156174402,2.3772177670897037
1507,Low,1.2117458380784836,2.1567715221822965
1508,Low,1.2358348771786694,2.1638941233629225
1509,Low,1.4621748398785706,2.216925181486218
1510,Low,1.3033478438872417,2.8338309804841657
1511,Low,0.5865720834386511,1.5491311530609124
1512,Low,1.3929794103221538,1.9794591728296496
1513,Low,0.5961855192769236,1.18855846354829
1514,Low,1.2629670410124223,2.941628884563471
1515,Low,0.5383260583239307,1.2008477365212684
1516,Low,1.257905920287936,1.85847042320934
1517,Low,1.319004352365321,2.796410167888638
1518,Low,0.6045913263939194,1.209578533611868
1519,Low,0.9328627821637968,2.1805842574560614
1520,Low,1.1549850779177655,1.7876361427914844
1521,Low,0.6797589583432996,1.5561147843796377
1522,Low,0.5872820194543917,1.1622277206884917
1523,Low,1.3983149385461364,2.449415381544455
1524,Low,1.413095691156017,2.1589404081624792
1525,Low,0.587547101673501,1.5764041724211921
1526,Low,1.2931002501080016,1.9413097502270773
1527,Low,0.7800231083164756,1.5212186974828796
1528,Low,1.4458963878169917,3.1872322653163963
1529,Low,1.4582904739812486,2.856156356860822
1530,Low,1.14292269699269,2.146981652270938
1531,Low,0.8532461725082539,1.049190817576502
1532,Low,0.9903895911174692,1.8021372759356211
1533,Low,0.6015135491812162,0.8955141423184507
1534,Low,1.2727153402456148,2.255399941965422
1535,Low,1.4682427004219143,2.6526436363781585
1536,Low,1.2905827003827182,2.013112530605383
1537,Low,1.1114232980077796,1.678439909509251
1538,Low,1.0059147672426385,2.2429711445846863
1539,Low,1.1932334476321964,2.715882817406836
1540,Low,0.7247124125233386,1.2143947451844284
1541,Low,1.1171312766951194,2.1153629791007944
1542,Low,1.2190552186847912,1.879337685352965
1543,Low,1.3939424077517293,2.946824292459297
1544,Low,1.041603179890802,1.7517361014954673
1545,Low,1.4633741204406072,3.615915448645268
1546,Low,0.5412421968115998,1.1554334999735758
1547,Low,0.6469634842066277,1.1647060233607078
1548,Low,1.0654069228933156,1.751961506573295
1549,Low,0.9643753309243812,1.8965400909458197
1550,Low,1.3697950727063972,3.2324712905962087
1551,Low,1.0298288484931786,1.5450975020039195
1552,Low,0.8283554346067618,1.3466028055373727
1553,Low,0.6529417944842542,0.940585013992095
1554,Low,1.0735217417454308,2.5310570996332586
1555,Low,1.324125794255934,3.2704920330938307
1556,Low,1.1744887071556394,1.7081717272518802
1557,Low,0.8917853669981346,2.0156105712058405
1558,Low,0.7679921909418125,1.3632871681240317
1559,Low,1.2830463210066974,2.153734269932201
1560,Low,1.4011104313200646,3.275740322047824
1561,Low,1.1076858932393567,1.8961627892321786
1562,Low,0.5020234640565298,0.8736663159966902
1563,Low,0.8485260207556969,1.4084850578243149
1564,Low,0.5430408292486208,1.3695645582541829
1565,Low,0.9298996379291632,2.3056501189527836
1566,Low,1.1249183657016244,2.2692416213518953
1567,Low,1.429210392469428,2.0597396834551915
1568,Low,0.649483798149509,1.1281746086012063
1569,Low,0.6731342958290423,0.9462938330250239
1570,Low,1.1865477197202186,2.738521812385599
1571,Low,1.183528127257054,2.1340431212896647
1572,Low,0.8440753467098412,1.4080048113237567
1573,Low,1.3027420058812245,2.8607920760770327
1574,Low,1.3353898655924326,2.0121283009567463
1575,Low,0.6537606042691886,1.52870793725058
1576,Low,1.3172408229494224,3.0909668986390386
1577,Low,0.6562261186498621,1.0567215268729626
1578,Low,0.7453697978658075,1.188713273768272
1579,Low,1.2396897867095342,2.4847919722613057
1580,Low,0.725293124845654,1.364536937077169
1581,Low,1.4497138741119708,3.031846958705785
1582,Low,0.800343810162679,1.5576370632788326
1583,Low,0.9171338950202672,1.4425684528552836
1584,Low,0.9513861784178352,1.708945638916333
1585,Low,0.5730654738781604,1.3070685784796936
1586,Low,0.990198299602316,1.899733006607562
1587,Low,1.24574569011309,2.7526112743841793
1588,Low,1.4563381177735135,3.047557542497998
1589,Low,1.166753873288597,1.8126386713642546
1590,Low,0.863724983272128,1.8503318994489888
1591,Low,0.7716755444463947,1.7320896192311324
1592,Low,1.270219273268312,1.9121707824560161
1593,Low,0.9892063609382072,1.5929227328240074
1594,Low,0.6920373729149119,1.1550554682237149
1595,Low,1.2519290449250555,2.270761775170385
1596,Low,0.595580738841677,1.1860964876943427
1597,Low,1.0741331118007509,1.743915078793549
1598,Low,1.011056016271204,1.6552408836690375
1599,Low,0.8875009273910418,1.2308308223312991
1600,Low,1.2524723667125437,1.6415654261490715
1601,Low,0.9586272685217764,1.3889218881754317
1602,Low,0.5833989649762439,0.799671026027422
1603,Low,1.1119307006282146,2.265963784946166
1604,Low,1.2335310897132137,2.745439504825626
1605,Low,0.9925785630171716,1.688953114384816
1606,Low,1.186277478563543,1.6965363516855092
1607,Low,0.5896827000714897,1.2160812661319156
1608,Low,0.930422546319246,1.7500640165141306
1609,Low,0.5072125677093307,1.2893536725250172
1610,Low,0.7831482298095365,1.709525209982516
1611,Low,0.7586000210060209,1.5480283129614776
1612,Low,0.8799605548107209,1.36813923321359
1613,Low,1.0519701006983622,1.7110896255138073
1614,Low,0.9530529661808808,1.7163956080276392
1615,Low,0.5716412351429037,0.8519507824051296
1616,Low,1.207368088646097,2.5705265698079387
1617,Low,0.9752098229779772,1.7711611915652696
1618,Low,1.409214623119985,2.308095011662118
1619,Low,1.0988403121564216,1.3773567300689464
1620,Low,0.911964567657409,1.9580883243214942
1621,Low,1.2269422014997942,1.8592990923793593
1622,Low,0.5396880189933783,1.1042473820421748
1623,Low,0.9433679254306466,1.8773996879341297
1624,Low,0.8456899318838177,1.4501163082840165
1625,Low,0.807712245787757,1.9103876983943877
1626,Low,1.0823729917130671,1.4601302866515695
1627,Low,1.3507104036156805,1.9618602626062511
1628,Low,1.1389816891534157,1.5212421903435782
1629,Low,0.9449181110171238,2.1073191729537797
1630,Low,1.3630996275867884,3.100963710903727
1631,Low,1.2705750827539664,2.8503834497448537
1632,Low,1.3503250648597516,2.5456416477247217
1633,Low,0.7979816341972086,1.0999525025804502
1634,Low,0.7784497832114028,1.6662229396409742
1635,Low,0.5052764812367888,0.8225350459625851
1636,Low,1.003053157601957,1.6464375641043176
1637,Low,0.8389632105757399,1.2162632408765646
1638,Low,0.9610265331825946,1.9572368090217651
1639,Low,1.47295404838272,2.210275222900762
1640,Low,1.2088393380691826,1.4251825146699844
1641,Low,0.6521827671252046,1.2627563301821212
1642,Low,0.7537398171081402,0.9788952753184219
1643,Low,0.8976882224118204,2.254734697524981
1644,Low,1.4385898248826297,2.4812328936078245
1645,Low,0.557894435614954,1.4411975951311575
1646,Low,1.18415491906911,2.1181820452126487
1647,Low,0.6525122387813912,1.2292299347728033
1648,Low,1.377166991410973,2.2779901697027043
1649,Low,0.7902891322743659,1.3366725607887204
1650,Low,1.4398921566291447,3.238054139597466
1651,Low,1.1315340416915012,1.606338823875987
1652,Low,1.1807188109918076,2.0384514672719973
1653,Low,1.3902429393705942,2.4739201993950957
1654,Low,1.0200587092642128,1.8017772902472302
1655,Low,1.2032743935141927,3.001684645212549
1656,Low,1.3604574204433564,2.0866514729712264
1657,Low,1.139965009409894,2.255983917348587
1658,Low,1.4819972737553355,1.7722783207097876
1659,Low,1.2430225862083908,2.675913576518326
1660,Low,1.4072542234954208,2.6392514152971387
1661,Low,1.0923167631508792,2.0532512231151827
1662,Low,0.9828360183727648,1.5616093138611191
1663,Low,0.9996713570052022,1.495809954218032
1664,Low,0.7898073514518615,1.8400380011929798
1665,Low,1.136070050791654,2.4811639930075273
1666,Low,0.6936620061833885,1.4068705980657867
1667,Low,0.7788683148554767,1.321358505509437
1668,Low,1.307043831150979,1.9285488475772041
1669,Low,0.6723687162338758,1.3791396459518808
1670,Low,1.0910340228693487,1.8634015714829246
1671,Low,1.4411224620237602,2.42029816439252
1672,Low,1.354722979660761,2.397454174292804
1673,Low,0.8340756453130346,1.3119081893008442
1674,Low,0.8230021417868953,1.482959789399004
1675,Low,1.1939460557104364,1.7555403902298963
1676,Low,1.484312768468837,2.3020707896959465
1677,Low,0.9972879187295468,2.3530455706591624
1678,Low,0.7039373051251654,1.2894215697787388
1679,Low,1.4254401709099067,3.3227806083299924
1680,Low,1.2259194900737698,2.7357551929522685
1681,Low,0.7620963517197064,1.1128908234052375
1682,Low,0.6051116024653506,1.1443668339292898
1683,Low,0.9954922999871952,1.335124665207367
1684,Low,1.4553526453037684,2.3245609877735944
1685,Low,1.3243293841457504,2.7337223363416996
1686,Low,0.5500687528948224,0.9719268398498748
1687,Low,0.8884712033796138,1.6498177869670627
1688,Low,1.1752004456203695,2.5907994938431216
1689,Low,1.1474424576627715,2.6839724028801157
1690,Low,1.285445559380058,2.5083659420726434
1691,Low,1.3236386603782506,2.5375459455319174
1692,Low,0.7433796191942894,1.7793720723419426
1693,Low,1.1914342527455228,2.4479481930988527
1694,Low,0.7631952576497977,1.3183959680628519
1695,Low,0.5617476844708879,1.1451970424352922
1696,Low,0.8679058351197171,1.1829528179454343
1697,Low,1.075055216707155,1.6960765614963265
1698,Low,0.955890413241672,1.3356081302155403
1699,Low,1.1533582761365655,1.388334674102417
1700,Low,0.6695740858932924,0.9959388814916394
1701,Low,1.173094037442581,2.4425408573341088
1702,Low,1.389863426562992,2.8947420572089584
1703,Low,0.5317006244403614,0.8920375639260492
1704,Low,1.2416822203830358,2.1446551489077876
1705,Low,0.9535814261079164,1.7693785708940055
1706,Low,1.422754268422421,1.894136308980734
1707,Low,1.044212906489109,1.7173105565487532
1708,Low,0.6203813699921711,1.0239947282202664
1709,Low,1.485408761983311,2.790735950728447
1710,Low,1.005004115014732,1.7325857714729267
1711,Low,0.8489233851801473,1.6413545961627989
1712,Low,1.4118369712460963,2.2942395467241994
1713,Low,0.7793248804560865,1.1962687752666668
1714,Low,1.1799310849359848,1.976717338122711
1715,Low,0.7864278910662785,1.4861278913914546
1716,Low,0.915998869432472,2.085916443042251
1717,Low,1.4569292514113306,1.9591652280428917
1718,Low,0.7359119484280648,1.5013023057711763
1719,Low,0.5525847753220958,0.9720877477149621
1720,Low,1.3475170820609794,3.3963134884602653
1721,Low,0.6821546403645331,1.1235375389024185
1722,Low,1.3468525392974868,1.8291863256359733
1723,Low,1.2664004501996635,2.3347342695896174
1724,Low,0.8226052270280111,1.4242854911590115
1725,Low,0.9401871895975896,1.673798514259218
1726,Low,1.4445013116596224,3.4527505831288465
1727,Low,1.4341082645143093,3.5379762505696704
1728,Low,0.8160236921228553,1.9797043711099036
1729,Low,0.8384877988767443,1.657856448324992
1730,Low,1.1482461330056284,1.3211563180271426
1731,Low,0.5274107571661463,0.8690103727226735
1732,Low,1.4913685292651109,2.555008526146807
1733,Low,1.0599982030216577,1.7304588599544104
1734,Low,1.2409761472531298,1.6532260008958133
1735,Low,1.4402695873909404,2.218690314632312
1736,Low,1.1542598425992976,2.002203350731719
1737,Low,1.2487973209660614,1.7708065577043328
1738,Low,1.2990488620590717,1.9842626428303731
1739,Low,1.299841771377214,2.7889342950306
1740,Low,0.5253472556335651,0.9320835709153101
1741,Low,1.2860034025556852,2.609233650476199
1742,Low,0.7331895635119929,0.9700291396918388
1743,Low,1.404716667656164,2.288658090023148
1744,Low,1.0225484847372657,1.6668904617934288
1745,Low,1.0870601412445828,1.7211866727745786
1746,Low,0.7410326227514248,1.3029939578217054
1747,Low,1.0248909732774942,1.808971041552752
1748,Low,1.3331274435748417,2.137313316578812
1749,Low,0.6414139049645233,1.0550573052603198
1750,Low,0.5172733438634717,1.1890772088811445
1751,Low,1.077701886412131,2.2905318028579273
1752,Low,0.6716689877341061,1.5463426652825376
1753,Low,0.6219537742599957,1.145830664119437
1754,Low,0.9031216890650768,1.2675678015383056
1755,Low,1.436983993296927,3.1681574738611857
1756,Low,0.5905789041140501,1.5218182318810705
1757,Low,0.8238253930684876,1.3415469262060071
1758,Low,0.8949943657552709,1.2450394122741741
1759,Low,0.6958491672487161,1.3725544319584273
1760,Low,0.5603474294205663,1.1769031374034498
1761,Low,1.1681412213486746,2.84478319585871
1762,Low,1.374057159390097,2.8062120905687635
1763,Low,1.3174948355549276,3.3042232770694397
1764,Low,0.5656271150399353,0.8677853177242696
1765,Low,1.2521502411986432,2.35190936063654
1766,Low,0.7694685956662974,1.284925340179207
1767,Low,1.0663489861106517,1.555422179078107
1768,Low,0.6836450593212601,1.2043846583021462
1769,Low,1.487680246964224,2.084405079863515
1770,Low,0.61893934584931,0.9941761186015263
1771,Low,1.3947571092689697,1.7739759864074927
1772,Low,1.4492562872285772,2.119451512609075
1773,Low,1.3356081176682983,2.6613126128541325
1774,Low,1.261549932762923,2.072439489544891
1775,Low,1.3718573687133846,3.2515612630263604
1776,Low,1.1492091823113006,1.6500485999189465
1777,Low,1.014305691725148,2.030766558390937
1778,Low,1.027963336374166,1.497100926122215
1779,Low,0.992031012683053,2.171635372969945
1780,Low,1.4231432376798925,1.8039149317077232
1781,Low,1.2687338699781257,2.6074516618610346
1782,Low,1.212067565918852,2.0234700169323645
1783,Low,0.5015832460801529,0.7496614469513574
1784,Low,1.127154776683279,1.3826917613947032
1785,Low,0.7471475470774651,1.0906846485054373
1786,Low,1.1846209212381833,2.1655411479506768
1787,Low,1.4575333047207937,3.008027385943251
1788,Low,1.3602563658780369,2.325624215364954
1789,Low,0.5836280561394875,0.7746903466718322
1790,Low,1.2563071660405507,2.618158232760962
1791,Low,1.2005846699728702,1.764112465939263
1792,Low,1.2876058614099195,2.595164880953945
1793,Low,1.02214647613864,1.8147496821330549
1794,Low,1.092073108123447,1.863581304347818
1795,Low,1.478755336272055,2.1939990853831404
1796,Low,0.6941018508085659,0.9629221756154536
1797,Low,0.8089836933977088,1.2689006640134863
1798,Low,0.7475901668754099,1.5772040822380688
1799,Low,1.4349576396969623,2.7776327926870437
1800,Low,0.6741839579942629,1.0489385087702061
1801,Low,1.1935717830015204,2.4054269847029843
1802,Low,1.0505086291441017,1.88660955561474
1803,Low,1.437350444880959,1.9640258722507866
1804,Low,1.114966592738864,2.3780239240486623
1805,Low,0.637432756119241,0.833726454868021
1806,Low,0.744481577863567,1.2229194518406459
1807,Low,0.840025884723478,1.8388671506641998
1808,Low,0.7917356647646028,1.4576417876043593
1809,Low,0.6162821028134747,1.4781284223400064
1810,Low,1.4328959390920035,2.3195929645025473
1811,Low,1.4469561992582716,2.463403773072244
1812,Low,1.08188398356041,2.7217355214508103
1813,Low,0.7590368226265505,1.3920348770586486
1814,Low,0.973456870286832,1.2911813183274745
1815,Low,0.8420558995417868,1.9435989731136516
1816,Low,0.9866124659628824,1.8208070694406047
1817,Low,1.236405584617957,2.8307685341432176
1818,Low,0.5212095869395108,0.8355620600108828
1819,Low,0.9492298836845852,1.495716865937041
1820,Low,1.3757962145658773,2.7288591081504165
1821,Low,1.4507696527766218,2.4839652020059617
1822,Low,1.3113733087510406,2.902479882209633
1823,Low,1.3648199698986592,2.4963947135052535
1824,Low,0.8870319904559929,1.7078324435101848
1825,Low,1.2279685109124352,2.1338940152483445
1826,Low,0.5331910267946407,0.7885905763422727
1827,Low,0.6323674847196472,1.0470305375227227
1828,Low,1.0657377258579357,2.42127735487054
1829,Low,1.3116975363796124,3.0759722538409164
1830,Low,1.4380838582854958,2.0935218962058144
1831,Low,1.2632171841029305,2.7312543725842033
1832,Low,1.0876437918649111,2.3529869533252423
1833,Low,0.7080446586614234,1.2725749354547062
1834,Low,1.461897096263928,2.572978259128405
1835,Low,0.9595014325520902,2.1924948606613697
1836,Low,0.5380187844653188,0.8496193491878401
1837,Low,1.1393972099869654,2.5420108723302803
1838,Low,0.5918453153604089,1.3523559453942156
1839,Low,1.1998091662203267,2.280538614094482
1840,Low,0.7339351155276224,1.682303400023116
1841,Low,0.5970303237870208,0.9589286263696231
1842,Low,0.7087598188383907,1.3957184857054514
1843,Low,1.0860583047111962,2.038405220986249
1844,Low,1.035899649101347,1.9730432177541815
1845,Low,1.265098268510262,1.797689022180819
1846,Low,0.7668283303588845,1.5431448549276823
1847,Low,1.3500473975844658,2.242224525398612
1848,Low,0.7191228965007115,1.1181768432221233
1849,Low,1.378580312264285,3.090578767480679
1850,Low,0.62474613821967,1.4769040937604814
1851,Low,1.0955909164242428,2.1660197251958238
1852,Low,0.9282040751400036,1.5793383469616984
1853,Low,1.2090367888499949,2.046574158281942
1854,Low,1.307933798223207,2.1508348897752256
1855,Low,1.1685059910141429,2.5634123476488497
1856,Low,0.7042642476949761,1.158647271445787
1857,Low,0.6951374592876904,1.4664079117692381
1858,Low,1.215634144989494,2.293797130647093
1859,Low,1.1892981038217458,1.729192039838182
1860,Low,1.1344495988911367,1.680968531269258
1861,Low,0.519237146919983,1.3510129435467064
1862,Low,0.724232266712205,1.290149155568784
1863,Low,0.9507685606575113,1.3391108444014392
1864,Low,0.8100435812105864,1.2427881934130909
1865,Low,1.4608935023809697,3.2360673320669946
1866,Low,0.9950951041091578,1.9251327247620225
1867,Low,1.2097283273907709,3.0038345600782748
1868,Low,0.8164958158379452,1.4098716397133444
1869,Low,0.6116560363905609,1.0672773053904834
1870,Low,0.5533143630410852,1.2190895488684532
1871,Low,1.2273254929586546,2.266817461415883
1872,Low,1.4688844825649912,2.352819627385358
1873,Low,0.8142565584938917,2.0385658658474597
1874,Low,1.1160798310786475,1.7872639790064966
1875,Low,1.237012943175943,2.1997872028162107
1876,Low,0.9239911672605436,1.6724117502330245
1877,Low,1.4424563466369371,2.5888154104567604
1878,Low,1.1882129767829288,1.6187773869549176
1879,Low,1.3284452719201276,2.2777487878627625
1880,Low,0.5255306262675169,1.3408667214334855
1881,Low,0.8693528694501534,1.381578130044673
1882,Low,1.0760984052755065,2.193072078142265
1883,Low,1.080590410205398,2.2066312380739816
1884,Low,1.3166483372238171,2.3831341745462424
1885,Low,0.7422239365385876,0.9602406331522104
1886,Low,1.4334068253707275,2.281174312126396
1887,Low,0.530596751780433,0.7287246626723132
1888,Low,1.084232079090416,1.602092530460915
1889,Low,1.4723558282564793,2.010410546422875
1890,Low,1.4769698107620388,3.1829767760330867
1891,Low,1.480712753796483,2.3648898393528555
1892,Low,1.1898139645030192,2.086750319056435
1893,Low,1.1852900503902335,1.9729767945729009
1894,Low,0.5035275390262032,0.8014427957260395
1895,Low,1.196591275600034,2.3228053837905662
1896,Low,1.4035201569319375,2.502214402660485
1897,Low,0.7806369067217367,1.7973075747962923
1898,Low,0.5591782872776785,0.9238920384718519
1899,Low,1.2499866986224275,2.3178492170529665
1900,Low,0.6901285421571595,1.5370218863713419
1901,Low,0.593406734621909,1.1357089406361496
1902,Low,1.4187555591046008,3.216406626559916
1903,Low,0.5503033659154427,0.791588848823686
1904,Low,0.6993787994984254,0.9603322342330216
1905,Low,0.9607574951791376,1.9607033778222132
1906,Low,1.0014625591810715,2.2671193545266846
1907,Low,1.4158686024536982,2.766353325307122
1908,Low,0.7654688045243252,1.194932335861445
1909,Low,1.259591593118514,2.3535892971070496
1910,Low,1.185666751362731,2.5286796079733023
1911,Low,1.1039926819790895,1.8056717360521475
1912,Low,1.1791736036690936,1.9264444329105999
1913,Low,0.7914902667127404,1.2802267231310438
1914,Low,1.0894572382170322,1.7476171877172249
1915,Low,0.8046578819971864,1.500998591593472
1916,Low,0.7689279401527394,1.1126035737723896
1917,Low,0.6503136034229988,1.4093990085553045
1918,Low,1.2058328326523533,2.7589324148949004
1919,Low,1.3726892754119673,2.5341057753518896
1920,Low,0.570454394343145,1.0795451667338014
1921,Low,0.6223956163409783,0.9434501884538413
1922,Low,1.1555716674980954,2.7861996849373583
1923,Low,0.5366302826059806,0.9167750395302541
1924,Low,0.5187640404773355,1.1371656088468285
1925,Low,1.2626501583510543,1.9353193179736223
1926,Low,1.2382733016513745,2.2440751113498862
1927,Low,0.8202374454424795,1.694136618487093
1928,Low,1.0116034806737688,1.695891970667418
1929,Low,0.9220430012058268,2.3210783316609422
1930,Low,1.013679380292761,1.6964423328559661
1931,Low,1.4351514590076009,2.144782598939315
1932,Low,1.1340426568177957,2.6393301366487236
1933,Low,0.6782393942831282,1.1866624347043384
1934,Low,1.334106553522329,2.4287055238014545
1935,Low,0.6665494013623565,1.3192038711422356
1936,Low,0.9149909092112364,1.4123977466038369
1937,Low,0.5039789871597027,0.8424164904598435
1938,Low,1.1573611027336603,2.305059869905193
1939,Low,1.0293404861915816,1.8078637190876918
1940,Low,0.8755016819197177,1.5415935476892457
1941,Low,1.2534870600347292,1.9594694710399523
1942,Low,1.0539387069570272,2.5667212207703187
1943,Low,1.2352232861504229,1.9340190203488845
1944,Low,0.9700006100117494,1.659580728262199
1945,Low,0.6487425991816075,1.1266059244806144
1946,Low,0.6215165018232939,0.994077003259143
1947,Low,1.2956932705513666,2.4048956745678396
1948,Low,0.5556206798442282,1.2754182057948
1949,Low,1.383403871620796,3.0882994333748286
1950,Low,0.7460827045889806,1.4719855404389577
1951,Low,0.974056832890296,2.045547415456028
1952,Low,0.6112913070185005,1.1095873849925297
1953,Low,1.2766629067313513,2.165404347671455
1954,Low,1.348639400063406,2.2017286015969404
1955,Low,0.6513097561416035,1.313083743244995
1956,Low,1.306441060020319,1.9280886609166572
1957,Low,0.7364738894731555,1.4575839034633447
1958,Low,1.4922836493426397,2.0979186411447017
1959,Low,1.4477339530901894,2.1934947339359923
1960,Low,1.0633033634808151,1.6595223061335673
1961,Low,0.6587521130734053,1.588361107703598
1962,Low,1.1094677599820817,2.2765485840631356
1963,Low,1.0868820977339144,2.4709732573561496
1964,Low,1.3987896643771802,2.692008961666531
1965,Low,1.4537504334987916,2.016847158019374
1966,Low,0.857274530359094,1.4145711081180323
1967,Low,0.5372297025860129,1.185619456437891
1968,Low,0.7759690248425443,1.6957877612946106
1969,Low,0.5361894178514468,1.0053111075733483
1970,Low,0.6422685774503147,1.5792325656607886
1971,Low,1.1365995518584442,1.59063035778793
1972,Low,1.2677935755191507,2.5737112010059775
1973,Low,0.909891835618547,1.6983304888688764
1974,Low,0.6830970929376203,1.2465159668255552
1975,Low,0.9115209625799148,1.443828310652819
1976,Low,0.9963055594836004,1.250875220038175
1977,Low,0.5879995244971217,1.1271496718638403
1978,Low,0.7881716313833851,1.3055615202301922
1979,Low,0.8435639759687128,1.8054373710998561
1980,Low,0.9344730141746672,1.5491407244625037
1981,Low,0.5544501519841634,1.2780464267590688
1982,Low,0.5682165889785237,1.143092961729998
1983,Low,0.5295397962490702,0.9665664236273379
1984,Low,1.1519444824327063,2.1766538149048387
1985,Low,1.2283767047152852,2.524356684142802
1986,Low,0.7603251549344667,1.2115361145936419
1987,Low,0.5126289825563187,0.7704751955448224
1988,Low,1.1422318047096622,2.1996399311042865
1989,Low,0.5702362589298178,0.7707992376621178
1990,Low,0.5202174643483385,1.2125360352605128
1991,Low,0.8158638571559012,1.3628619437551635
1992,Low,0.8796551481875812,1.4303519309169914
1993,Low,0.919428748214166,2.3078852405031114
1994,Low,1.0146984438167093,1.8368360435847677
1995,Low,0.755625492675513,1.9114907720400254
1996,Low,1.0037081020756928,1.7084096275312106
1997,Low,1.1962786494043374,2.158893009796813
1998,Low,0.6302475661787241,0.889223065275182
1999,Low,0.960315690856396,1.4057387691851702
2000,Low,0.6004016550540204,1.0903043662763636
2001,Low,0.6977827305336738,1.5905080401077498
2002,Low,1.2509000499973095,1.9906522494327135
2003,Low,0.7034725840774643,1.088473596713797
2004,Low,0.6139272552952791,1.4460000901310153
2005,Low,1.279461613914016,2.156027441334743
2006,Low,0.6982847002559638,1.0830342965280977
2007,Low,0.731288104199684,1.2499255361059198
2008,Low,0.922858787711614,1.2366782625260697
2009,Low,1.436349473035221,3.4015164157242452
2010,Low,0.5809603628513963,1.075356184536929
2011,Low,1.3621731159258297,2.695184426735665
2012,Low,1.4055585963283457,2.6012671915430303
2013,Low,0.9524921314673304,1.8689492476987368
2014,Low,1.2476963099885767,2.503958350362339
2015,Low,0.5437839337938155,0.8048752651261921
2016,Low,0.6998549972926806,1.3540157730278395
2017,Low,0.647532405816482,1.0416060791395267
2018,Low,1.2814546416627643,2.7628317843267354
2019,Low,1.2983014038842513,2.5893637817447797
2020,Low,0.565370228184114,1.1827816684944992
2021,Low,1.2454572457182131,3.089835205016783
2022,Low,1.3346701218106765,1.9853467227851098
2023,Low,0.8220387345661435,1.3107784941331388
2024,Low,1.2759136819836898,1.8921618368549673
2025,Low,0.9140972016389216,1.4534900543167808
2026,Low,0.7995740319125177,1.6495347463109198
2027,Low,0.7267308128479154,1.3248769167123484
2028,Low,1.0552931963650765,2.3261060148527974
2029,Low,1.030332567729779,2.4437168101074604
2030,Low,0.9504788925277412,1.8409607157770012
2031,Low,0.8127199181140825,1.3829581035257235
2032,Low,0.9369620089894604,1.526225859411646
2033,Low,1.1594169078018193,2.6004347549472158
2034,Low,0.6364212471204712,1.006191875687449
2035,Low,1.2212842342491044,2.5728574911236564
2036,Low,1.294053921824443,2.458192642793321
2037,Low,0.56145106586882,0.9046661029086067
2038,Low,0.9453750682814924,1.6766444577807675
2039,Low,1.222618209342622,1.9320745200000857
2040,Low,1.4141693161308289,2.027496946513139
2041,Low,1.0458689697814916,1.7432969119029735
2042,Low,1.3090954710470737,1.859502552772696
2043,Low,0.5638113759453511,0.9306373099480858
2044,Low,0.5892943179816619,1.2863615036647431
2045,Low,1.1174233564123173,1.8171152370693164
2046,Low,0.8070328589920528,1.8068669509536903
2047,Low,1.0093238144057095,1.5918350205725247
2048,Low,1.0756375790180952,1.5605948490295845
1,Reference,1.2474932319881862,2.6516090415243667
2,Reference,0.9758148680795384,2.3145683589224433
3,Reference,0.9984860692690948,1.4500371669583316
4,Reference,1.1256342630085403,1.5027340334530663
5,Reference,0.7127337115397584,1.2095489266805046
6,Reference,1.4990735785215938,2.7662685929620494
7,Reference,1.3442218235291716,2.3403705123330383
8,Reference,1.0348026115843667,2.3770441343820607
9,Reference,0.7874279254732466,1.5760451009151026
10,Reference,0.6810760734772741,1.1532835260322472
11,Reference,1.486171731746431,2.5464611520698526
12,Reference,0.9976172827236424,2.2681943362336767
13,Reference,0.6911894310729345,1.3068344069639934
14,Reference,0.7079866746820151,1.2759812133830337
15,Reference,1.3383263977260562,2.5645104163172334
16,Reference,1.26021821307592,2.847206188524808
17,Reference,0.8032978371116517,1.0437509607711348
18,Reference,1.1505178028418266,1.6804858740064361
19,Reference,0.8124633641033454,1.5593408989826045
20,Reference,1.3882771280752313,2.2725542725868877
21,Reference,0.7257633179487044,1.7358172602257298
22,Reference,0.8354530726261726,0.7842656374021075
23,Reference,1.2432605413253586,2.5264424682503233
24,Reference,1.3707192292263275,2.1657903194865042
25,Reference,0.7283452709192215,1.252017744835996
26,Reference,1.3088610463545458,2.6712542670648673
27,Reference,0.898944933779144,1.8837762010087715
28,Reference,1.2969263268271716,1.975634197633937
29,Reference,1.2928767979775593,2.9219914234819413
30,Reference,1.1062857764969949,2.330786517441709
31,Reference,1.00017063120998,1.3843065685944893
32,Reference,1.4129358132321106,2.9725874253344955
33,Reference,0.902141859895382,1.7828614470306121
34,Reference,1.197747116898321,2.3349626993231425
35,Reference,1.0249131520051633,1.9888005376287197
36,Reference,0.7397967679778781,1.0772962276926634
37,Reference,1.123966707505942,2.0317017254613035
38,Reference,1.2732437951855218,2.6224513524508097
39,Reference,0.8094432036959085,1.3849716070348208
40,Reference,1.3138059648448706,3.1004293811632806
41,Reference,0.8936330354896241,1.5504305271235594
42,Reference,0.7615147443377668,1.1179466476823876
43,Reference,0.5564957159799832,1.153298087477289
44,Reference,1.0730121924329836,2.273215593540698
45,Reference,1.051317229841326,1.935272514941829
46,Reference,0.5170012699668884,0.9400897213517752
47,Reference,1.3971055326819788,3.32538523546728
48,Reference,1.3390073106792453,2.1153001918767416
49,Reference,1.143886704712738,2.416285202528414
50,Reference,1.275014261484543,1.8863864905786016
51,Reference,1.048725181068463,1.4177046831773055
52,Reference,0.5766745066217188,1.266580252374446
53,Reference,1.2015011471163466,1.8793732229002842
54,Reference,0.8691139401673659,1.3956864292469078
55,Reference,0.5402786387353103,0.761476468004112
56,Reference,0.8903310056617073,1.6798693472866972
57,Reference,1.1903436830483043,2.553716130255708
58,Reference,1.3053612061764013,2.0178082201522614
59,Reference,1.343585710975866,2.166555371922371
60,Reference,1.2171375907889006,2.2616342581716253
61,Reference,0.6236849607633603,1.3625460400734681
62,Reference,1.0325286159535811,1.6807361350644214
63,Reference,1.2660957039713474,1.6403631922633224
64,Reference,1.3253161299487162,2.1100717950502457
65,Reference,0.8504410434202936,1.5910322631151672
66,Reference,1.396859847984548,2.1192134707168435
67,Reference,1.03840252852377,1.7275156516606387
68,Reference,0.5048361269368329,1.077223878526695
69,Reference,0.6972214522429218,1.453233499058065
70,Reference,0.8666174967110669,1.3882105207115671
71,Reference,1.385935140269997,1.9872290960498162
72,Reference,0.8310248682250225,2.0436535477333138
73,Reference,1.1603685932439471,2.6497973823490923
74,Reference,1.337819725892886,2.425993860114289
75,Reference,1.412147309148711,2.735504843562211
76,Reference,0.7063867446329402,0.9060333736629396
77,Reference,0.9550540952399568,1.5131329361249612
78,Reference,1.1673912016298342,2.1043109678633414
79,Reference,0.5859736354239833,0.8315460812148991
80,Reference,0.6571153427947121,1.5608804297945937
81,Reference,0.7551700698149406,1.2888266289483568
82,Reference,1.3311588707211337,2.727179620141868
83,Reference,1.0291724945587415,1.711913972091338
84,Reference,0.9868633550250698,1.5281825436476808
85,Reference,0.6186386160488906,1.1644342794458211
86,Reference,0.7706662794962855,1.3940878093969786
87,Reference,0.849857522087629,1.9278081026270257
88,Reference,1.0723492885461243,2.197084852717566
89,Reference,0.8459822048846779,1.512403745826532
90,Reference,1.4338535672433843,2.9457948128904548
91,Reference,1.3589623402390965,2.449495761891953
92,Reference,1.1327480649226374,1.735746779625444
93,Reference,1.400435856630192,3.0359189840783074
94,Reference,1.162335342670876,1.8908430957937696
95,Reference,0.8741128124748997,1.4932694643353486
96,Reference,0.6709882735628683,1.1783529764989353
97,Reference,0.8547503641226284,1.9474178494592138
98,Reference,1.4433058378651662,2.601402763257809
99,Reference,1.3446843108657935,1.9986315787237459
100,Reference,0.7138287614441134,1.2099951681279393
101,Reference,0.8766334567560761,1.2469639275453162
102,Reference,1.2291828423764235,2.941030189823266
103,Reference,1.4450367321467803,2.8199052116935093
104,Reference,1.4852989345855576,2.130323240638873
105,Reference,1.4759100791657287,2.6498533556057
106,Reference,0.6442047775378932,1.088723950363402
107,Reference,0.6700754286101008,0.8203939300905034
108,Reference,0.5976985543509543,1.4981259002352019
109,Reference,1.0264875889275915,2.601773669374836
110,Reference,1.1022175863564234,1.85544724318774
111,Reference,0.9227318155121988,1.531981233232294
112,Reference,0.6095384811473213,0.7191879217538606
113,Reference,1.181227499305486,1.7131885749779627
114,Reference,0.7010244667596667,1.1304381101772378
115,Reference,0.7467778379995798,1.6956523729637354
116,Reference,1.3580410724745469,2.4045310200366856
117,Reference,1.1701512560706364,2.043791192173728
118,Reference,1.3403166025782536,2.4646987090653596
119,Reference,0.961936683539911,1.7984995622524593
120,Reference,0.7144103295221937,1.1739746812888114
121,Reference,0.8995311900357326,1.8145677834007756
122,Reference,1.498955224925934,2.5389057279587206
123,Reference,1.321215568481973,1.9309967144534852
124,Reference,1.1647204208433315,1.921207078690415
125,Reference,0.8403462583227002,1.9815277650005783
126,Reference,1.4956725781638798,2.5601865613748487
127,Reference,1.3454863942168296,2.745798437232139
128,Reference,0.6603912600549009,1.5445291855877983
129,Reference,0.9289769660469638,1.7153004493089696
130,Reference,1.2103130444153938,2.4846992124443545
131,Reference,1.3179901241321343,3.3547817086578675
132,Reference,0.8016296876690738,1.2528659832563989
133,Reference,1.1545872915266786,1.9202480199710834
134,Reference,0.8427431153835707,1.3010425330933586
135,Reference,0.6387930649416562,1.0477672814314616
136,Reference,0.5357567641767521,1.250843701874608
137,Reference,0.8808064299965972,1.2293199550291547
138,Reference,0.8843021041167346,1.8232957500377864
139,Reference,1.3229483556473172,2.250079511271352
140,Reference,0.7808393477603806,1.6457209721013015
141,Reference,0.7532431279330825,1.266970641749566
142,Reference,1.461235657609438,2.0529926077774547
143,Reference,0.604295701293872,1.4482385991553173
144,Reference,0.7729746850847341,1.4374343169347625
145,Reference,0.8529397650790762,1.6438290173958308
146,Reference,0.7092380272659179,1.81962585155307
147,Reference,1.4813680710342902,2.5243901683361543
148,Reference,1.326175391983602,2.9219789887483785
149,Reference,1.4973156780772252,3.200461846158987
150,Reference,0.717144553601909,1.0448859982099563
151,Reference,1.0257062897261204,2.243495971475994
152,Reference,0.7110658933248263,1.7928713862433057
153,Reference,1.0993060899607348,2.5222904197124194
154,Reference,1.2885554853035197,2.0746824126533454
155,Reference,1.137772164970738,1.971795757578306
156,Reference,0.6760196689991779,1.453739447946191
157,Reference,1.4237681225737862,2.239784378991601
158,Reference,0.6579659568637832,1.4883423305912018
159,Reference,1.424384566081966,3.1465632191022337
160,Reference,0.5028879733869459,0.9194863445333183
161,Reference,0.7752390676263693,1.6085878386431247
162,Reference,1.2952067408498245,2.0800796665370456
163,Reference,0.6887703105803507,1.0469554108809902
164,Reference,0.5691266554215614,1.0096647162284356
165,Reference,0.8609602189870345,1.413484451246461
166,Reference,1.2747037729110589,2.3635353014849727
167,Reference,0.5589543825358783,0.916444822184701
168,Reference,0.6298757575874346,1.019490112452118
169,Reference,0.529176011631794,1.1686081333241418
170,Reference,1.3954028680823374,2.504578780363289
171,Reference,1.1053957799641494,2.5992542220063086
172,Reference,0.7626274448948652,1.9134324235597262
173,Reference,0.5205161751684837,1.0941991942607814
174,Reference,1.387364107728975,2.549490511737176
175,Reference,0.8614693015873714,1.8717455717680451
176,Reference,1.0567990864202463,1.495263080355933
177,Reference,0.5625896174016838,0.837654171929028
178,Reference,1.1307582774056606,1.8216823130664608
179,Reference,0.9567126036574948,1.4178682724909066
180,Reference,0.8177345404820902,1.09780946432074
181,Reference,0.8349035725715339,1.1506555377418408
182,Reference,1.0565464596331884,2.042128062654669
183,Reference,1.2682366523151547,2.2910464249159617
184,Reference,0.7594155978259693,1.6908279566859648
185,Reference,1.4274248021702125,2.2604454754606422
186,Reference,0.5409850310785563,1.3216006614904714
187,Reference,0.846478566222314,1.4558060549386056
188,Reference,0.6380296989112191,1.096844825181627
189,Reference,0.6658191131902003,1.2100830558230768
190,Reference,1.2775750590298087,3.1806039173737872
191,Reference,1.1466001209678396,2.0188628574793768
192,Reference,0.9745101817961506,1.4954923873686283
193,Reference,1.0769938097487546,1.7319763165467918
194,Reference,1.2441962306061316,2.0365208836315674
195,Reference,1.0351748877118785,1.4959420085450645
196,Reference,0.5496881042413834,0.996510807324718
197,Reference,0.8381874545428782,1.5404142306623285
198,Reference,0.5264411859992519,1.3508257134267438
199,Reference,1.411128430263772,3.1254420489690915
200,Reference,1.2916131141176208,2.1588189302092218
201,Reference,1.0902252361483993,1.6898870543032274
202,Reference,1.0474943879058756,1.8231665768374228
203,Reference,1.0447852890987748,1.814726384730136
204,Reference,1.4574868829469607,2.501151343441677
205,Reference,1.418185297170504,3.297726476608773
206,Reference,0.7164624899609904,1.2434123751328912
207,Reference,1.288894898424783,1.8857925691213921
208,Reference,0.7852639953127684,1.2849619803435957
209,Reference,0.7316233193333862,1.55728824740995
210,Reference,0.7924153223181534,1.4122428211594524
211,Reference,0.5235076962979951,0.9601732422799714
212,Reference,1.1740045845195448,2.0803155788253207
213,Reference,1.1242042936547776,2.1625891449587016
214,Reference,1.1723279585269837,2.3547676051585853
215,Reference,1.4885878058388196,2.901368300964748
216,Reference,0.6955496947074404,1.2367317848955608
217,Reference,0.8021680502361803,2.073246272753181
218,Reference,1.421844264000489,3.569766301033866
219,Reference,0.943949354959606,1.331103011374502
220,Reference,0.6989797462811278,1.1567176945356081
221,Reference,1.213845216029566,2.5110354765782006
222,Reference,0.6615389806629091,1.0726886527555877
223,Reference,0.638583023477461,1.6449124463356526
224,Reference,0.5081088714465378,0.8302935778629532
225,Reference,1.1352806962553244,2.0136457997422923
226,Reference,1.4734016897601705,2.566515928433091
227,Reference,1.1180733729691403,1.3481991114852576
228,Reference,1.2040991290536582,2.0098818391334845
229,Reference,1.1874099233710416,2.0051064489830424
230,Reference,0.8569001614254432,2.060495011442768
231,Reference,1.0974980971403068,1.7746084904243133
232,Reference,0.5662569223439485,1.0649423003746605
233,Reference,0.8602758127569412,1.43356089729253
234,Reference,0.783283035647595,1.0993433833106323
235,Reference,0.5886575005740107,0.8563793214901168
236,Reference,0.8374741666178072,1.6285236556163483
237,Reference,1.03805091338038,2.2703977420376162
238,Reference,0.5259977714227787,0.7386803630254555
239,Reference,0.955115366198474,1.6392206775932152
240,Reference,1.3870339172032091,2.0235916770251947
241,Reference,0.7941612211659763,1.006500162104949
242,Reference,0.9712240012266364,1.7018646342829271
243,Reference,1.4207190021769538,2.439860611789598
244,Reference,0.6643733252818597,1.479172180708737
245,Reference,1.3466071083925066,2.66495339914394
246,Reference,1.408795430047233,3.164427757309028
247,Reference,1.1152662717072044,2.4368186772351095
248,Reference,1.0311944467955665,1.751020198186069
249,Reference,1.238568553121992,3.0006439465541064
250,Reference,0.6463112362176454,1.1243550351337461
251,Reference,0.6126215606441769,1.1299344340202353
252,Reference,0.8585631639966163,1.7652866377105454
253,Reference,1.1384569243728393,1.8772744702139903
254,Reference,1.0826521825600652,1.7360654151406152
255,Reference,0.719642135745987,1.1872414654366565
256,Reference,1.2870292130232337,3.015926833863176
257,Reference,1.1302310118017118,1.8315229830348727
258,Reference,1.0671882400907178,2.205547735719051
259,Reference,0.726497135850119,1.635357193266465
260,Reference,1.026254584222806,1.8608409100426684
261,Reference,0.5839927250076584,1.016150127381941
262,Reference,0.9466851052674404,1.8388211265514798
263,Reference,0.7824544960071678,1.3004172589063359
264,Reference,1.1029046508523122,2.5682609821857767
265,Reference,0.6647836666687853,1.250698295501671
266,Reference,1.315901883158413,2.6198694347667555
267,Reference,1.4653082529451402,2.8702252770743684
268,Reference,1.0916488164066385,1.9547049147775653
269,Reference,1.074609524105055,1.5591074766794009
270,Reference,1.1141823119118883,2.31038317647824
271,Reference,0.7117049313697286,1.5924792068770515
272,Reference,0.9346290656902012,1.6004776020270697
273,Reference,0.5797128443531085,1.2545092866626035
274,Reference,1.1970037825849118,2.119569154079727
275,Reference,0.7578723525568697,1.8210845570496161
276,Reference,0.6744337858807867,1.2017242613574197
277,Reference,0.6550142598680287,1.1854119430081838
278,Reference,1.3823625264795427,2.9249932503015543
279,Reference,0.5914592283908952,1.091021445474297
280,Reference,0.6967253407056937,1.0314424594815108
281,Reference,0.98739942704719,1.187033581057264
282,Reference,1.1905288181573328,2.4294684127943924
283,Reference,1.1200195353594435,2.2498316262743003
284,Reference,0.6400302940691085,1.0727372846610166
285,Reference,0.8516235818723146,1.381323005152396
286,Reference,0.5181980333963321,0.7788964940022112
287,Reference,0.789066723781785,1.5550066399023592
288,Reference,1.3218492037637468,2.1810334603727597
289,Reference,0.7069562232703025,1.143191096494057
290,Reference,1.172393458464975,2.205388797527803
291,Reference,0.7505126830265982,1.4232540612227922
292,Reference,0.8590299443038598,1.4318450377277756
293,Reference,1.1287692811063563,2.265459898929194
294,Reference,1.3588476255226285,2.3872821372987545
295,Reference,0.8773039090376655,1.8702068565101087
296,Reference,1.3635783915001125,2.4554972653424443
297,Reference,0.713040771520465,1.6593519889659945
298,Reference,1.3781302894232377,1.7216546214273336
299,Reference,1.2820691603180898,2.42312386653731
300,Reference,0.6208184892008457,1.5656451527539517
301,Reference,1.1055321397360744,1.9103204093599686
302,Reference,0.6806411107666591,1.0634341117001398
303,Reference,0.7175350097540533,1.015602198898904
304,Reference,1.2652059780204723,2.0440251410614536
305,Reference,0.9182113958909984,1.4057706731668844
306,Reference,1.489666532905352,2.597285623630441
307,Reference,0.8855507683161956,1.670780430724605
308,Reference,1.4454002426492774,2.1304112738121006
309,Reference,0.7025730045117066,1.0124303257560356
310,Reference,0.8970351181179324,1.4649608462904595
311,Reference,0.7307028907956425,1.4297018057957231
312,Reference,0.8108789976505908,1.2707836132660972
313,Reference,0.5995686164527018,1.2703370085134367
314,Reference,1.088123026104645,1.8969035284397222
315,Reference,0.752643661629667,1.0765464485133123
316,Reference,1.2592766405766969,2.7658639115006025
317,Reference,1.220114374324404,1.8125563136402718
318,Reference,0.797056691597223,1.192168380956538
319,Reference,0.6270166605991372,1.0790378961926876
320,Reference,0.8699505317329224,1.595648384225015
321,Reference,1.077602193373375,1.722926182872044
322,Reference,0.925286444365878,2.1684212393258093
323,Reference,1.4753792878320875,2.4104185592245244
324,Reference,1.3249782589482555,1.9961227635224077
325,Reference,0.87371245030804,2.008024339470836
326,Reference,1.0904929527311262,1.8249905662140833
327,Reference,1.0236690906202446,2.2570917873305802
328,Reference,1.4529379358008605,2.272391318018535
329,Reference,1.367768701747,1.991945261760577
330,Reference,1.481812713934005,2.614129241317144
331,Reference,0.6258472068319554,1.4861469472370317
332,Reference,1.333606516185637,3.044709233889108
333,Reference,0.775472391221238,1.743466623734193
334,Reference,0.9104559005706938,1.6000947360512399
335,Reference,0.8363151480718243,1.351483732631472
336,Reference,1.1332129198732468,2.2226416824378816
337,Reference,1.1510658612337892,2.702544925044023
338,Reference,1.0494601193536883,2.061941288859316
339,Reference,0.5144999734407696,1.0252190685349234
340,Reference,0.5064121675917713,0.7091852800534646
341,Reference,1.1987989425870151,1.9967584012514408
342,Reference,0.9705649376268256,1.4964867277636316
343,Reference,0.5962685611609505,1.0339271974313178
344,Reference,0.8001523167549993,1.3376079809078973
345,Reference,0.9405965248358684,1.5534653832041627
346,Reference,0.7155919307959259,1.216961098123086
347,Reference,0.8625239979835528,1.3536767274002344
348,Reference,0.6546133801679905,1.1987819403882654
349,Reference,1.3992146319578065,2.2413109036569523
350,Reference,1.2158336018867542,2.609439554601394
351,Reference,1.1822615431193495,2.141049362261427
352,Reference,1.471497755794379,3.3555256353129153
353,Reference,0.5777714186726376,0.8364627000304985
354,Reference,0.8298422305630205,1.3425719979581245
355,Reference,1.171377548203551,1.9854205790202286
356,Reference,1.4066824704950776,2.195362221056456
357,Reference,1.031740114528245,1.6049649448731955
358,Reference,1.2286401968856069,1.906802435564714
359,Reference,1.0700048933000592,1.6421658851253724
360,Reference,0.5007585820492184,1.2084504534121692
361,Reference,0.7887496837151102,1.7437765794541633
362,Reference,0.885813706215655,1.0659050441701368
363,Reference,1.1601316839930438,2.272909261583564
364,Reference,0.5032663696696831,0.9911149571077793
365,Reference,0.8052780302436359,1.3738280380562955
366,Reference,1.4360308059916649,1.9973396764253692
367,Reference,1.0969999788169136,2.160342132467605
368,Reference,1.163880400462301,2.6052823496585233
369,Reference,1.482956063529531,2.2651516168636334
370,Reference,0.5710352015716146,0.8943321449537365
371,Reference,1.3764599192119236,2.390720284871918
372,Reference,1.079529684982428,1.2887370518117436
373,Reference,0.6854355963544103,1.0372960061575824
374,Reference,1.368866202249246,3.0223088264812077
375,Reference,0.6650942512469364,1.1413706509113055
376,Reference,0.9536921029015272,1.8607629247721036
377,Reference,0.86284707548649,1.7236150142037445
378,Reference,0.9339021618436236,2.3906200837090523
379,Reference,1.490281550150344,2.048848335133158
380,Reference,1.1784045936439915,2.495429860192928
381,Reference,0.6563447590863846,0.9147997110273565
382,Reference,0.7274852151184932,1.7061109383131168
383,Reference,0.8754003030913917,1.8739458183177362
384,Reference,1.3319042564086492,2.113501808888657
385,Reference,1.1985658825226704,1.850076260194001
386,Reference,0.5725536871167589,0.9600689189102738
387,Reference,0.7004088746602848,1.7979545121706337
388,Reference,0.967310047571456,1.8384764417299095
389,Reference,1.1795572272913857,2.2635145859499914
390,Reference,1.3143195557148202,1.93827136321066
391,Reference,1.4261723841406808,2.142251882846935
392,Reference,0.905532062972218,1.931006167522824
393,Reference,0.9678168149771902,2.0055661335473047
394,Reference,0.8315097451159057,1.3643099192617498
395,Reference,1.0934093114604737,1.8761521721241223
396,Reference,1.4669308479901146,2.7188778799951194
397,Reference,0.8451302400754012,1.5028791318153267
398,Reference,1.3418936875095189,2.0039969364087113
399,Reference,0.8980411939296513,1.9505964658171564
400,Reference,1.1262992603848545,2.445516072744823
401,Reference,0.7695463720930795,1.8269121308084948
402,Reference,0.7419808889059626,1.797080802158959
403,Reference,0.8291292166104898,1.7739683020730723
404,Reference,0.9776746612667676,2.2276510222230854
405,Reference,0.6609580080066924,1.3562189372109685
406,Reference,0.8368431073157867,1.7346553423596447
407,Reference,1.2326523063634984,1.9946348518535189
408,Reference,0.9294936377722728,1.6500715633934817
409,Reference,1.0042057218031195,2.074531895450903
410,Reference,0.7638783647340994,2.082898552180282
411,Reference,0.9235013087097064,1.6643922571420973
412,Reference,0.8115385637006478,1.1586303335805965
413,Reference,1.200792590878177,2.455198731032411
414,Reference,0.6039585168423284,1.3799368468853075
415,Reference,0.5464226519570445,1.0867151922887714
416,Reference,0.5339366759427991,0.7608128004151595
417,Reference,0.7223131298796995,1.0047217357288005
418,Reference,0.6181311350497247,0.8860321042088621
419,Reference,0.728798472843043,1.4479042243825546
420,Reference,0.944580455402533,1.595110026335142
421,Reference,1.4175455222445037,2.2859000853391365
422,Reference,1.1001371218321976,2.198639323056952
423,Reference,0.7838711700027376,1.4142757343625263
424,Reference,1.1820148858333202,2.43624928749216
425,Reference,1.1112644873329058,2.5056197915888987
426,Reference,1.0536773792996406,1.7445858511238157
427,Reference,1.4480830837163865,3.1669661606290447
428,Reference,1.3384887313458609,2.4882394097313494
429,Reference,0.7449753175907347,1.2963502484093965
430,Reference,0.9643196114027864,1.5839787466594117
431,Reference,1.2305838520150256,2.1581741321979564
432,Reference,0.7497518928859896,0.9620365676297276
433,Reference,1.283667415940522,1.8449972793053888
434,Reference,1.264197574940616,2.8929869324250035
435,Reference,1.277861969829701,2.1497528088544016
436,Reference,1.16954338770375,1.7877906552876794
437,Reference,0.7234682258250189,1.960673479259242
438,Reference,0.5631828558481482,0.8890868134505538
439,Reference,0.6556570800627982,1.4712236050836864
440,Reference,1.1877101390341551,2.368508725384217
441,Reference,0.5075233461819896,1.2656379419391683
442,Reference,0.7929644416467989,1.06851398601966
443,Reference,0.907611917330125,1.7816590450005378
444,Reference,1.1761397896339651,1.785167722624422
445,Reference,1.2965413616194312,2.2927546482024894
446,Reference,0.8710968162031603,1.431082001970701
447,Reference,1.271203547595535,1.8864731551477831
448,Reference,0.5850750738056436,0.8245805905221637
449,Reference,1.0928898017447222,2.004311025081975
450,Reference,0.6470918273581179,0.9682063950548319
451,Reference,1.451638014036564,3.7282442928054422
452,Reference,1.3666235381349592,2.605570374383973
453,Reference,0.6136778339828619,1.254837388072616
454,Reference,1.0687544457438256,1.694228873487745
455,Reference,1.0126363010228103,2.135026449997511
456,Reference,0.7565794873409962,1.1958404687743283
457,Reference,0.7431291771186811,1.42092380191405
458,Reference,0.6869284012694167,1.2618634193214149
459,Reference,0.6705814318054407,1.183845547299022
460,Reference,0.5244883715643358,1.1610436866818787
461,Reference,1.0233949187299474,1.422150963062748
462,Reference,0.8955817260732122,1.8830504192652597
463,Reference,1.0942159549589223,2.1897257522277016
464,Reference,0.5114204148175584,0.7395815404886115
465,Reference,0.5607679799380179,1.4603648898863355
466,Reference,1.120915245942833,2.311590331557042
467,Reference,1.384751055307338,1.8859467073189649
468,Reference,1.273940551344575,1.9182860092353025
469,Reference,0.6068553345242926,1.5769900654440079
470,Reference,0.5299877003534627,0.9587948966093656
471,Reference,0.5675917993231792,1.1655645474937515
472,Reference,0.8542186557667577,1.405416946619198
473,Reference,1.152611094621581,2.828488970953842
474,Reference,1.4441651921384846,2.9031820523408953
475,Reference,0.6873812602435537,1.67357802321564
476,Reference,1.2049706056298275,1.6729439559108386
477,Reference,0.8864295877403048,1.2443560625945977
478,Reference,1.165375668931647,2.0616649682090866
479,Reference,1.4771357187242824,1.936440140329836
480,Reference,1.2319518072779458,1.7961263771561562
481,Reference,0.7630944015461014,1.3814780708520615
482,Reference,0.5474889036476542,0.8160656646519051
483,Reference,1.4525487481309027,2.1598311572801947
484,Reference,0.5224610192159539,0.9187560742606564
485,Reference,1.2530242149977,3.4095905335304337
486,Reference,1.3850087752336888,2.4893387000012694
487,Reference,1.1840379224141273,1.8545084238069904
488,Reference,1.380712851610873,2.444208049708905
489,Reference,1.141931219279537,1.9441369701580982
490,Reference,0.6290151495962542,1.3027574277807332
491,Reference,1.0074868308744933,2.6607180129686725
492,Reference,1.2129302705785188,2.1027242160194675
493,Reference,1.2193914530561625,2.6450878208319324
494,Reference,1.1135951964812567,2.5241301543673984
495,Reference,0.6905807822092034,1.2468966167308935
496,Reference,0.575015564714679,0.9179782181361489
497,Reference,1.3396864530979535,2.1652342289473836
498,Reference,1.0800933123818823,1.8116961945291337
499,Reference,0.5848184396245686,1.0500144999174026
500,Reference,1.2466683334773394,1.6160415632719207
501,Reference,0.5784287677763494,1.1154958849039787
502,Reference,1.4324038270355397,2.9908941745858044
503,Reference,1.3914593039220535,2.0862397976661953
504,Reference,0.9259024838053856,1.8962202062224947
505,Reference,0.7012307915328343,1.0989385458517802
506,Reference,1.3739121977592617,2.3674028311695565
507,Reference,1.2235610200927771,2.0388710792029627
508,Reference,1.303772767396567,1.902633729921675
509,Reference,0.7186782976567975,1.6492515342614098
510,Reference,1.0242499148038235,1.8051265891117652
511,Reference,0.5333464348595658,1.0584038503660054
512,Reference,0.8214811799630272,1.3307470673814734
513,Reference,0.8327878484431719,1.503419955017442
514,Reference,0.5484745154002068,0.8019515860976831
515,Reference,1.2985137629162695,1.8333340127207833
516,Reference,1.3626843374075588,3.19847687853121
517,Reference,0.5010668702574586,0.8422511083489894
518,Reference,1.4282708274163274,2.8100219013870884
519,Reference,1.0527724498162687,2.058242544045001
520,Reference,1.2806530834024814,1.8506986284351683
521,Reference,1.3560060549161426,2.256049994306977
522,Reference,0.5644027145692644,0.8874158809421395
523,Reference,1.1567784664857883,1.493632663364309
524,Reference,0.8606395267663915,1.8800545152684833
525,Reference,1.223640445741764,2.7835891668313053
526,Reference,0.8789450151187501,1.3938812469744164
527,Reference,1.4790543418506328,3.6595543165886966
528,Reference,0.9331617287217108,1.6311386570385764
529,Reference,1.057409074817741,1.9427693526551195
530,Reference,1.361007286066653,3.138647610341536
531,Reference,1.491010257026076,2.3099491331898747
532,Reference,0.5240641732712196,0.780131875262942
533,Reference,0.8620694608151549,1.3600911937545561
534,Reference,1.4421103542149225,3.027311348443476
535,Reference,1.017333455262755,2.2071509001638674
536,Reference,0.5673102998153079,0.7409879567579623
537,Reference,1.4377612074084505,2.09535981197628
538,Reference,0.5947808326285872,1.5091791275414792
539,Reference,0.8893867203046041,1.7832931412161486
540,Reference,1.4483287797288216,2.5802916352648424
541,Reference,1.1040797559166924,2.26833751715796
542,Reference,1.0272467626451809,1.7423568106771512
543,Reference,0.7050456864672915,1.0864219388763416
544,Reference,0.9013285661795276,2.0356916353114087
545,Reference,0.7722359183941476,1.5938421078207199
546,Reference,1.325957128736276,2.7442513426352804
547,Reference,1.2022688436488669,2.4300352560048424
548,Reference,0.7844885828260497,1.3066970683965025
549,Reference,1.0627848907404336,1.783367765304817
550,Reference,0.6034250243925716,1.2738646782639904
551,Reference,0.7728018183898299,1.3823600317511193
552,Reference,0.7817494314553589,1.2526304189913233
553,Reference,1.2513002897599577,1.996859069187451
554,Reference,0.5480211531668626,0.6619366191840612
555,Reference,0.9430427917488836,1.5877163146628916
556,Reference,0.6431485771282477,1.3948715240420526
557,Reference,1.1443230737570982,2.5835939254202316
558,Reference,0.9784440943214476,1.4445725359430597
559,Reference,1.233194733212981,2.297365723061475
560,Reference,1.052434961921285,1.3485935868086685
561,Reference,1.4604174223638529,2.499737148444879
562,Reference,0.8649664220250914,1.5508682626186712
563,Reference,0.6862279337838234,1.2698905019560698
564,Reference,0.5002456562410903,0.7439160845728132
565,Reference,0.9543490968418598,1.521374650640837
566,Reference,0.770440022836725,1.3758069832423487
567,Reference,1.1733864301308703,2.388761347178445
568,Reference,0.8369839146668132,1.1135898505046242
569,Reference,0.8538521489016548,1.212197766602948
570,Reference,1.2181563011953844,1.8122722620506835
571,Reference,0.701940775474876,0.9799639542220042
572,Reference,0.6228440005227678,0.7600561794221363
573,Reference,1.14951048054302,1.997903782577751
574,Reference,1.2449438315524817,1.8714968242655203
575,Reference,0.5223502104131809,1.1021162914018419
576,Reference,1.4799313614746676,3.897947798746088
577,Reference,0.859439584243309,1.1893298324975987
578,Reference,0.6452380792434647,1.2521065044322626
579,Reference,1.493210848631927,2.467714652936152
580,Reference,0.9839804755112692,1.4844607267194547
581,Reference,1.1804938899897488,1.9970392754112964
582,Reference,1.4699061657196455,1.8922824412541814
583,Reference,0.9634976682038846,2.1033871304715603
584,Reference,1.4779659252833928,2.6976450127634735
585,Reference,0.5816274816961124,1.1846253878385298
586,Reference,0.545645333986887,1.137098276159314
587,Reference,1.4404767438448105,3.0119037895241263
588,Reference,0.970707128628195,2.395344371486644
589,Reference,0.8562301833261325,1.3400255033920843
590,Reference,1.443711555154955,2.4283952676636176
591,Reference,0.5158362479143748,0.9097004102243282
592,Reference,0.734555450177166,1.2186308763780787
593,Reference,1.002143442145019,2.022234821719863
594,Reference,0.6515808461371156,1.3917701074944802
595,Reference,1.2465181045689022,2.64231867764002
596,Reference,0.981083592225531,1.3366252666066174
597,Reference,0.6150235133375885,0.8883353504705411
598,Reference,1.476381184470282,2.504025836464379
599,Reference,1.2569656105790243,2.760857864885267
600,Reference,1.1530319862043248,1.7205300083023616
601,Reference,1.4635318408056253,1.9034194705355105
602,Reference,0.6542063323763498,1.0275894787011737
603,Reference,1.336729444951037,3.097575460672715
604,Reference,0.6059253275915011,1.2533791605295264
605,Reference,1.211009869303675,1.8011077044424297
606,Reference,0.531072856618045,0.9092750322874679
607,Reference,1.25032716075297,1.7809431846764312
608,Reference,1.3614724109177525,2.956731348797973
609,Reference,1.2389329535726656,1.8207023402950142
610,Reference,1.4193979310094471,2.7848933658381583
611,Reference,1.078977710229251,1.6913525801703315
612,Reference,0.6368622358871205,1.1710379323081384
613,Reference,1.3047275107532084,2.720533524828923
614,Reference,1.4666475888841837,2.6904277378604746
615,Reference,0.965869713105451,1.8422018050220856
616,Reference,0.7770178015529109,1.4340105612993952
617,Reference,1.3702277207823406,3.1594521683295795
618,Reference,1.1913063236789094,2.468414746513801
619,Reference,0.8207191297855927,1.742887868922594
620,Reference,1.407894230101956,1.8259160990791514
621,Reference,0.6408591583056729,1.2172873876547143
622,Reference,0.7055819957196996,1.6470078004966737
623,Reference,0.7710512365989857,1.1487708164255537
624,Reference,1.3483472831183925,1.7713551020909506
625,Reference,1.4174786732522386,2.00155730116704
626,Reference,0.5152862639534699,1.2140960411726596
627,Reference,1.3579090997820362,2.7857434755518966
628,Reference,0.8137752636271849,1.8300764799561762
629,Reference,1.4149280288762287,1.9057091712778202
630,Reference,1.1630436831532591,3.0269904765715694
631,Reference,0.6573438377254952,1.1403540120719171
632,Reference,1.4532705066085398,3.2962139864843323
633,Reference,1.396014993318359,2.117992570611591
634,Reference,1.4844612961197998,2.211375859516295
635,Reference,0.6585084417486053,1.4969653147281932
636,Reference,1.242566482373043,1.7551411078736834
637,Reference,0.8828671489230111,2.121374511237846
638,Reference,1.302623437626954,1.8571082643439496
639,Reference,1.4264586556831484,2.490735699552701
640,Reference,1.0852167339815848,1.8941675691770996
641,Reference,1.2084621331144527,1.9169448720616202
642,Reference,1.2480862320611656,1.6138287591878964
643,Reference,1.34605435141992,2.629632598807973
644,Reference,1.390628699392483,1.9531897261175715
645,Reference,0.9138687902520712,1.689547368847002
646,Reference,0.9069390235626166,1.5635478524538655
647,Reference,1.4543590090958376,2.444581312889156
648,Reference,1.3481414271009162,2.2333803195189574
649,Reference,0.8511722342489532,1.1930048675170255
650,Reference,0.863998606295572,1.4490472412227575
651,Reference,0.7659939553915326,1.1426908299537928
652,Reference,0.6915451153604004,1.370001352720351
653,Reference,0.8837021146041731,1.1852961486225055
654,Reference,1.4169169406222144,2.9483724519475913
655,Reference,1.4519097480377776,2.6669085580076057
656,Reference,0.9878355812680414,2.5025907848630595
657,Reference,0.5753151331703232,0.9697086221791764
658,Reference,0.6336781524845899,1.1383206694175456
659,Reference,1.2921949054153647,1.5673717552837587
660,Reference,0.894415119886972,1.2432327125612659
661,Reference,1.4979939327165996,2.328469295878037
662,Reference,1.3002997984573597,1.9985887852545972
663,Reference,0.7296560912264761,1.0452924936240535
664,Reference,1.084739619376124,1.6056230132826173
665,Reference,0.7569416936440541,1.482716064107521
666,Reference,1.4867406187725896,2.849653333736171
667,Reference,0.6617808890520982,1.5486065185217583
668,Reference,1.2421842492739126,2.154517955142893
669,Reference,1.3768936232555535,2.331909167462072
670,Reference,0.918513921840416,1.3946664793595502
671,Reference,0.9796368322943496,2.1349674998242563
672,Reference,0.5421864744934268,0.7863918279425519
673,Reference,1.0837533407851745,2.159336364952651
674,Reference,0.8267023277448948,1.4532182231976947
675,Reference,1.032930393284848,1.8135841582577825
676,Reference,1.0607148583124677,2.6348646441255568
677,Reference,0.7095267444144748,1.1977702314387173
678,Reference,1.166329057098906,1.7181049065326448
679,Reference,0.6087048348310978,1.160080831835785
680,Reference,0.7413064321743528,1.8627872522300777
681,Reference,1.2914938065821784,3.391660331809078
682,Reference,0.969569184409538,1.7150020262538135
683,Reference,0.5177237739395508,1.2516889726498377
684,Reference,0.9724481931567052,1.9787440189271308
685,Reference,1.425021459392172,3.800415445243601
686,Reference,1.148592937265267,2.6545206442241494
687,Reference,1.278689559021959,3.0450117010106794
688,Reference,1.005376010066084,1.672330836374769
689,Reference,1.0432463409446604,1.9965023472479118
690,Reference,0.516331465308348,1.1432849805933145
691,Reference,0.5270228702241263,0.8514886472865548
692,Reference,1.4313153118285142,2.675426633006424
693,Reference,0.8257483502790297,0.9913551162971501
694,Reference,1.422349559286857,2.0390636952777754
695,Reference,0.8731781163663874,1.4336878648473714
696,Reference,0.9063792762673326,1.549640663512946
697,Reference,1.0190155471602913,1.7976810176956235
698,Reference,0.8782727214670155,1.2671953228231487
699,Reference,0.6093080278312639,1.4235015692925046
700,Reference,0.7293942075249615,1.406759102263237
701,Reference,1.35230422347349,2.3124574233739708
702,Reference,0.790942358438161,1.1947015118605506
703,Reference,0.8083467593075131,1.0494730153065106
704,Reference,1.2936568669332231,1.7315777634361922
705,Reference,0.942356207855182,2.1676673008838065
706,Reference,1.042342790573021,2.1925498922245623
707,Reference,0.9762413784133452,2.474493775647929
708,Reference,0.5941964119231151,0.9913927516356154
709,Reference,0.6351631205703872,1.1250188406633583
710,Reference,0.872896114639424,1.9959584243742512
711,Reference,1.332431099057259,1.789734244532454
712,Reference,1.267340370786557,2.449390980061878
713,Reference,0.5284155290690753,0.6394228960488118
714,Reference,1.0386183238716329,2.5426170830796053
715,Reference,1.332691135122296,2.3692164229164803
716,Reference,1.230025667887956,2.487889457308725
717,Reference,0.9485987068803406,1.6372764619146523
718,Reference,1.119612725006987,2.343081451954106
719,Reference,0.8408488446605638,1.0559346817195348
720,Reference,0.8658280301276493,1.853117820257637
721,Reference,0.6260244604671197,0.7502428257097513
722,Reference,0.5622071880276905,1.1217724516881162
723,Reference,1.1769325300359592,2.412844131724327
724,Reference,0.6316845834561533,0.8611464659496768
725,Reference,0.8445551801502957,1.4939969371155897
726,Reference,1.3279826695216386,2.066533406730713
727,Reference,0.5508982751869731,1.2175153957865419
728,Reference,0.7573501263807663,1.1478027538520337
729,Reference,1.1189033517813316,1.568691480650223
730,Reference,1.4308152849854303,1.7915346115583333
731,Reference,1.161008077623834,1.5915764189707815
732,Reference,1.3269031659582078,1.8259070694110306
733,Reference,1.1885907721857825,2.683407765676023
734,Reference,1.0471221004201543,1.655406565465242
735,Reference,0.7869051826100876,1.2881145777164917
736,Reference,0.8172679749141305,1.6083227827490418
737,Reference,0.5998505100970095,0.6537720731192067
738,Reference,1.4491902059199635,2.700362952853297
739,Reference,0.8814190815798308,1.5299893315740931
740,Reference,0.8272568726407832,1.3189421394817344
741,Reference,0.7337742711977187,1.4562897938298818
742,Reference,0.936312239575254,1.5741617526487914
743,Reference,0.610057087827436,0.9918033858527018
744,Reference,1.3295805097214983,2.011598695147825
745,Reference,0.8048638906292387,1.6903265156163627
746,Reference,1.4836297962091376,3.8785905349218126
747,Reference,1.2019818704229737,1.9449662493047981
748,Reference,0.5581942839999738,0.8820171735130451
749,Reference,0.9570745600765492,1.5445135128438707
750,Reference,0.938121416318238,1.2434580181778472
751,Reference,0.927077868397455,1.3121175842118333
752,Reference,0.904788329070377,1.6029562641354786
753,Reference,1.118489424673552,2.0830294341386093
754,Reference,0.8278273412467899,1.6628648160527462
755,Reference,0.5923006226959655,0.849281974757865
756,Reference,1.3854534642690792,2.0070316706951843
757,Reference,0.9912473471178792,1.9233554137183404
758,Reference,0.9274536452274704,1.46980936334392
759,Reference,0.9750855888301138,1.9046482020543039
760,Reference,1.1124581438259402,2.096836704015061
761,Reference,1.4694190994459753,2.882580199428517
762,Reference,1.0101351909678078,1.5488773315673612
763,Reference,0.5107970025135509,0.6958307356473554
764,Reference,0.9940305119026948,1.4370675173914194
765,Reference,1.1584811409784657,1.6322378457455358
766,Reference,1.416320702776274,2.1303810686408013
767,Reference,1.0339566724428968,1.6571783664329018
768,Reference,1.3642599921105136,2.741864104829432
769,Reference,1.3073155338852809,1.9386030828043346
770,Reference,1.1232195269970493,1.7792194427695307
771,Reference,1.4654113501113946,2.55508151043756
772,Reference,0.7774098921505632,1.1356670282890349
773,Reference,1.140612099621313,2.589225707316274
774,Reference,1.378995738314773,2.4834288296759013
775,Reference,1.0164134265483238,2.5979084015009732
776,Reference,0.7356102549412982,1.4088529597124406
777,Reference,0.6894572290167749,1.207411360329516
778,Reference,1.0045661825579857,2.055315317308711
779,Reference,1.2399711288041295,2.1023953611149153
780,Reference,1.0960638979953965,2.120780360699513
781,Reference,1.312080550866515,2.1813202971963648
782,Reference,1.2567606259447208,2.305881373639423
783,Reference,1.4643538252756731,2.988486676975157
784,Reference,0.9663278855136164,1.6700560858866567
785,Reference,1.2206390682313937,1.7003316713075378
786,Reference,0.9415864724543792,1.435311374214841
787,Reference,0.7985918020417551,1.1771899970797008
788,Reference,0.6104047966325192,1.5205721083892598
789,Reference,1.4644523423435976,2.4946181007045993
790,Reference,0.8315747249845091,1.7265246382906128
791,Reference,1.0591132050292418,1.7431179843721338
792,Reference,1.214460981251082,1.832593185893657
793,Reference,0.8104744405405492,1.7910637238932168
794,Reference,1.4686092678697131,1.7705409257520444
795,Reference,1.0091037544120214,1.9598526646966974
796,Reference,0.71413564105662,1.068236118085018
797,Reference,1.057762440467311,2.753539539973275
798,Reference,1.1446332175021143,1.4573624936211758
799,Reference,0.6748738891087898,0.9854163201593238
800,Reference,0.8927088420764535,2.1767702436403766
801,Reference,1.0679654474524716,2.0151535984791025
802,Reference,0.9321999878071489,1.578298236881892
803,Reference,0.721005478717254,1.531555487437494
804,Reference,0.9832280486943562,1.5331099382785425
805,Reference,0.9579551837758143,1.4954621467045612
806,Reference,1.4594847160771396,2.3300436576262626
807,Reference,1.2230556537848942,1.8311219967913814
808,Reference,1.4942121344095844,2.4133067849752052
809,Reference,0.7849033495287545,1.491751930116635
810,Reference,1.377514298287846,2.4263666996591837
811,Reference,0.865701131687391,1.9529017887888926
812,Reference,1.1092009499307394,1.6120164095956966
813,Reference,1.2176525040630977,2.6911331593285155
814,Reference,0.6877648763178879,1.0966141572344767
815,Reference,1.366840888311806,2.207068218367766
816,Reference,1.4212354158496885,3.1151440029039748
817,Reference,0.5514174225193185,1.0813297872861654
818,Reference,1.0642227858880902,1.828725691139823
819,Reference,0.6662939795087602,1.1275702253714641
820,Reference,0.8236495076099193,1.2935850264389543
821,Reference,0.8429316206150311,1.3585749049699274
822,Reference,0.989475859517122,2.084484843430232
823,Reference,0.668142277144495,1.0611254023385612
824,Reference,1.414053300719555,2.4225573052771665
825,Reference,0.9655992946704576,1.550986851412958
826,Reference,1.471021592021446,2.6272206889540968
827,Reference,0.5351727005393763,0.9219521118059326
828,Reference,1.1348202991562484,2.396212255846308
829,Reference,1.176543315784485,2.3236776792637386
830,Reference,0.7378069223362907,1.7062820471016948
831,Reference,1.0120048526831855,1.9654599097139567
832,Reference,0.8880350811693597,1.611195004803605
833,Reference,1.2311209664459604,2.5662679835784985
834,Reference,0.5451489223076195,0.7925354272791623
835,Reference,1.0478743169562912,1.994490928602815
836,Reference,1.3493133021434731,3.0494606813540486
837,Reference,1.2253606682544524,2.564260544574239
838,Reference,1.2139089543300452,2.1164882815429706
839,Reference,0.8964289104801592,1.8127407709493184
840,Reference,1.099980181043452,1.4035471013218057
841,Reference,0.6027064181449149,0.8992680334251091
842,Reference,1.3794205322468696,3.5185467133258044
843,Reference,0.8189095772869085,1.265017790874353
844,Reference,0.7438029254537352,1.7666126978759564
845,Reference,1.405887273128437,3.7049621381119664
846,Reference,1.3273319687768876,1.7234246094877932
847,Reference,1.0459534193089053,2.048815979039233
848,Reference,0.9632103490695852,2.5657367292256907
849,Reference,1.4287166756826268,1.8535611516314106
850,Reference,0.9164805401722008,1.2950303126597333
851,Reference,0.8467095916038492,1.4916106908528235
852,Reference,1.2440294725379386,1.8441922525905028
853,Reference,1.3207381342662434,2.227876838248477
854,Reference,1.0067068459065704,1.5792537853851059
855,Reference,0.7350807409466339,1.1799359448405298
856,Reference,1.0603284400247133,1.7269159183702385
857,Reference,0.7815257976730734,1.5565552073860545
858,Reference,1.1408484499606086,2.5613947410236193
859,Reference,0.5973011859582247,1.151543829782689
860,Reference,1.3536528695062349,2.470829380847448
861,Reference,0.7539568392745503,1.3466332589555279
862,Reference,0.904685222686521,2.0438101299725986
863,Reference,1.235866355924481,2.315359139139062
864,Reference,0.5982401432921756,0.7623585589917568
865,Reference,0.7301154413044563,1.2945381744871582
866,Reference,0.8900248601548608,1.9676631924758823
867,Reference,0.6436007035303595,1.1028372867434726
868,Reference,0.6284190053078286,1.2300197501987569
869,Reference,0.5813133635753442,1.1278004034513387
870,Reference,1.4115247245195004,2.818780858247621
871,Reference,0.9966743074046572,1.767853744673289
872,Reference,1.3125494781184566,1.678679701578119
873,Reference,0.8819299398841243,1.901513928115918
874,Reference,0.7960031704965322,1.4513961067413348
875,Reference,0.541747022919894,1.2245071151579765
876,Reference,1.3061134637114016,2.4271363733766407
877,Reference,1.38925003015424,2.7824047706492507
878,Reference,1.0714783469327158,1.9807583468702035
879,Reference,0.8153552613373469,1.1654312586680575
880,Reference,1.3416044014000574,2.4914153339495897
881,Reference,1.0284393727763217,1.693034353093978
882,Reference,0.6458352971334593,0.9195570168531688
883,Reference,1.0782049687581077,2.6376266398545454
884,Reference,1.037302026507998,1.7280416579985598
885,Reference,1.2184101465776067,1.8440308231732132
886,Reference,0.8065220850718735,1.3244336480795411
887,Reference,1.3867175919073145,2.5764676901309826
888,Reference,1.0408909741037726,1.554113703624111
889,Reference,1.039562577061695,2.278491088285037
890,Reference,1.3020941768045082,2.6124057144629234
891,Reference,1.0405180976614468,2.1717098917538635
892,Reference,0.5139520228269086,1.0291008483979311
893,Reference,1.2840408148013285,1.9974631356988084
894,Reference,0.96837668809861,1.664185385089084
895,Reference,0.961700888044466,1.5500656201027923
896,Reference,1.020776119263979,1.1918532975402627
897,Reference,0.7151627943975712,0.97728451520085
898,Reference,0.6818328199836753,1.4610340985670547
899,Reference,0.8668587756491712,2.0467628098588335
900,Reference,0.5281360232445728,1.1385801600440644
901,Reference,1.132224803559137,2.501033790463211
902,Reference,1.0217606061048945,1.6333114407795932
903,Reference,1.1993556251453026,2.7725298235515226
904,Reference,1.489151438552336,3.815810695357669
905,Reference,0.7487207997192258,1.181959448369021
906,Reference,0.5821302573970788,1.0656264510139835
907,Reference,0.5098061645352504,0.6086145928245834
908,Reference,1.392025659679752,1.9493915607775705
909,Reference,0.8576944905688811,1.5767293660055586
910,Reference,0.9211651586675028,2.037581616542738
911,Reference,0.711963587121817,1.356024932708479
912,Reference,0.5596374190553349,0.9043747158585163
913,Reference,1.2128377375421264,2.3066358813992736
914,Reference,1.4154948389404989,2.5907959577514674
915,Reference,1.2551411045582976,2.6446797497438723
916,Reference,1.1581933344877442,2.2662806630994083
917,Reference,1.254796192537566,1.984226119068154
918,Reference,0.7465409713139214,1.0470145937075443
919,Reference,0.649036817737624,0.9832338681024559
920,Reference,1.1202885854758555,1.6376222569352308
921,Reference,0.6737002029707491,1.0080355391991844
922,Reference,1.136934749032127,2.216492796122992
923,Reference,0.9094173197928948,1.911084034738522
924,Reference,0.8395251548031607,1.232726658386234
925,Reference,1.1643611418207391,1.8217874602805324
926,Reference,0.9768690221467772,1.6671330110158067
927,Reference,1.137466092670663,2.6583660787874805
928,Reference,0.8323168361206443,1.7558853397833047
929,Reference,0.6232486770230837,1.325614775605409
930,Reference,1.3943269461416663,2.2572769291166423
931,Reference,1.458793250149574,2.1503470586288245
932,Reference,0.8984601200656088,1.2506169410389418
933,Reference,1.3841607478405171,1.9692774486598665
934,Reference,0.9774952280393876,2.078503051674275
935,Reference,1.3752400497396016,2.79425239855415
936,Reference,1.3148111348848808,2.343325037933738
937,Reference,1.1414227164875317,2.4574427375399637
938,Reference,1.3817229523907493,2.0864995379311324
939,Reference,0.9933685287150922,1.255230033229644
940,Reference,1.1557649627198463,2.111661843207969
941,Reference,0.9396123884736604,1.4893268561035526
942,Reference,0.8787719153878069,1.465313686847935
943,Reference,1.3550339891249918,1.9023237464176788
944,Reference,1.4784970235922816,2.373619613710062
945,Reference,1.0176988236649986,2.0329148041392813
946,Reference,0.5061508186104177,0.9019555535750285
947,Reference,0.5855926830374667,0.7282041188372972
948,Reference,1.3660000680094688,2.9377877855242076
949,Reference,0.6633237108040358,1.3369046091401557
950,Reference,0.95169673392544,1.5627828486290838
951,Reference,1.459306373756303,2.3054346605924536
952,Reference,0.6893498753373366,1.7075328187905683
953,Reference,1.296290573963286,3.113075640934028
954,Reference,1.4882444734083573,2.517989291217532
955,Reference,1.16586263242225,2.2472010695873195
956,Reference,0.9246550945672072,2.194613753613652
957,Reference,1.0811162278168829,2.500926362179726
958,Reference,0.7741864220711939,1.1994015008586345
959,Reference,0.5668160776081432,1.0731381533396558
960,Reference,0.7967254099209029,1.179833904582324
961,Reference,0.5791761991002139,0.8994781491601032
962,Reference,0.7028893856932876,1.769113611025233
963,Reference,0.7197459015549317,1.0988189442519456
964,Reference,0.6595143737436588,1.297397593704865
965,Reference,0.6774856545618546,1.0323928474202688
966,Reference,0.5460175123047472,1.070468456438789
967,Reference,1.401621178116871,2.9936231778705746
968,Reference,0.6121549590234232,1.1286259521799664
969,Reference,0.8193858720690803,2.098171803234365
970,Reference,0.5645313197327431,1.3991686790673654
971,Reference,1.393402956096573,2.0941478843762553
972,Reference,1.3360149179587832,2.308576242528275
973,Reference,1.351806120753496,2.9336550803183172
974,Reference,1.0711418046205798,2.4825095199329326
975,Reference,1.1008253111645652,1.921484460143276
976,Reference,1.4277690296967562,2.7508972600070365
977,Reference,1.0796277320003884,1.8620119985428545
978,Reference,1.0622679010538656,1.887189352391644
979,Reference,0.9584189664178502,1.6345637844851382
980,Reference,1.2638031061825314,1.8286542358166287
981,Reference,0.6882684595124505,1.0409131853505897
982,Reference,1.3544401856568378,2.113790184701074
983,Reference,0.6857764313762365,1.2000335063870082
984,Reference,0.5344299942270103,0.7782284159956703
985,Reference,1.3008759776951566,1.978290487373286
986,Reference,0.5428930832688768,0.647645384773945
987,Reference,1.1100689335462757,1.8432133929353824
988,Reference,0.8179184836140676,1.3890680865324754
989,Reference,1.055026428338111,2.618968043801843
990,Reference,0.6007174665505493,1.1606378656236984
991,Reference,0.7684260296983402,0.949395240462362
992,Reference,1.4029262680859036,2.4885489352260066
993,Reference,0.577324994902674,1.0100161575951425
994,Reference,0.7641637708057711,1.8524268956122114
995,Reference,1.0985804909814472,2.209105573132504
996,Reference,1.419598206405893,1.9641135724282321
997,Reference,1.309826754795869,2.2786996122611924
998,Reference,0.7051535962867049,0.8948772521098718
999,Reference,0.9088242821538568,1.3455386135188334
1000,Reference,0.9177591981645062,1.4248159602277113
1001,Reference,1.4704110001508868,2.303187839637175
1002,Reference,1.0720293351603338,1.7551461728124593
1003,Reference,0.921800492488486,1.9340033874587732
1004,Reference,0.8212867304201841,1.96279612583956
1005,Reference,1.1513885056098698,2.0413287368364053
1006,Reference,0.9787778762174272,2.4442352169713644
1007,Reference,0.5760913956077256,0.9092069503264959
1008,Reference,0.7074910591505345,1.6700726465674052
1009,Reference,1.2241519675362036,2.1422951512210915
1010,Reference,0.6318816587884147,1.00850034931198
1011,Reference,0.9790764482520888,2.0754118131601587
1012,Reference,0.6926593329384745,1.2962363001917652
1013,Reference,0.6596974442834656,1.4244216658309128
1014,Reference,0.5216082198882614,0.977652372207384
1015,Reference,0.635867509772994,0.7437731720214877
1016,Reference,1.402135479848143,2.6939803332205656
1017,Reference,0.7377146714220402,1.2975435476256365
1018,Reference,1.106512867980331,2.274579712626476
1019,Reference,0.7205852605059793,1.2702419075392228
1020,Reference,0.6753360919484889,0.9702509960103463
1021,Reference,0.8186527463910129,1.2851885307472486
1022,Reference,1.1706336521771972,1.54084356344341
1023,Reference,1.3370103887706386,2.5977751302754655
1024,Reference,1.1956383115703364,2.268689076653402
1025,Reference,0.8332669764556582,1.293566497558075
1026,Reference,1.4203606770626602,3.0433377696610364
1027,Reference,0.5320251582572038,1.0069659679218432
1028,Reference,1.3921251683452878,3.004263183524529
1029,Reference,0.7665230909763695,1.2653218252580487
1030,Reference,1.1926564297578337,2.2628773992736626
1031,Reference,0.8029543659621665,1.873604749813481
1032,Reference,0.8416162165005728,1.6240593945041866
1033,Reference,0.5350262156653933,1.229016354632499
1034,Reference,1.4027772568871697,2.7137942027439266
1035,Reference,0.7368524371285885,1.2426850191131606
1036,Reference,0.9815769128942292,2.278986778706681
1037,Reference,1.281158270751782,1.8193115077339854
1038,Reference,0.9286775314531368,1.97578848857151
1039,Reference,0.6266863515522024,0.8498133409024824
1040,Reference,0.6073698228012024,1.2431316149776706
1041,Reference,0.96267659953846,1.9044426836711068
1042,Reference,0.9593021670439692,1.6240318023825324
1043,Reference,0.6788977103335304,1.0924700609692977
1044,Reference,1.330046941067911,2.26158619778964
1045,Reference,1.216465728034131,1.8126896815194442
1046,Reference,0.7517324283771805,0.9928426217480322
1047,Reference,0.7651033986403686,1.6054237950229293
1048,Reference,1.4953473818850296,2.497676850514935
1049,Reference,0.721470401945722,1.174022523409107
1050,Reference,0.8910514850906996,1.424774781991232
1051,Reference,1.4964336413855055,2.0387300396593986
1052,Reference,0.8931237752649238,2.213057813458718
1053,Reference,0.9108486946523264,1.423608717432316
1054,Reference,1.4039572048390765,2.6680230315749327
1055,Reference,1.1145352557146628,1.7699938161274247
1056,Reference,1.2667790370275944,1.797828278954512
1057,Reference,0.8011531503936156,1.851816390283716
1058,Reference,0.5134675071765608,1.2020070654428778
1059,Reference,1.35977690136742,2.8182155614692164
1060,Reference,0.8506414098527643,1.5413290794338437
1061,Reference,1.2346341046594675,2.3181878470010133
1062,Reference,1.0979961726165053,2.0545511004505244
1063,Reference,0.7107273613061141,1.9194776612994673
1064,Reference,0.5786632107473615,0.9180713614292095
1065,Reference,0.6973575124667021,1.409125979330753
1066,Reference,1.3686398838629628,2.380435540342148
1067,Reference,1.3154287396133972,2.467448225479856
1068,Reference,1.474543358813969,2.28022029898014
1069,Reference,1.0690717177654765,1.6923125892161863
1070,Reference,1.007032834125976,1.9800387600146792
1071,Reference,0.935082933619808,1.7203189604039437
1072,Reference,0.8952630938162914,1.2470364001124636
1073,Reference,1.101415588442486,2.0852868159525144
1074,Reference,1.3994692991746052,2.5357420064051013
1075,Reference,1.3638999392997828,2.5393200899230663
1076,Reference,1.3307895638399825,2.9231915781186473
1077,Reference,0.9472185851490073,1.5402369487410894
1078,Reference,0.9125077729257176,1.7150299209828006
1079,Reference,1.4966244778754567,2.6522936482363804
1080,Reference,0.5575158223339118,1.0027876671834548
1081,Reference,1.382953437068623,2.897509302649766
1082,Reference,1.430172476008655,2.6848532918472756
1083,Reference,1.2850057915450428,2.8808264269737833
1084,Reference,1.224705574140707,1.5762401945894595
1085,Reference,0.7764186075877197,1.5973986277068946
1086,Reference,1.0153910508126582,2.3648252267921634
1087,Reference,1.2801277744860506,1.6522409721194578
1088,Reference,1.3044094180618635,2.994052887255691
1089,Reference,1.1431390490485565,1.8201365211726568
1090,Reference,1.215178739091268,1.9936039414243965
1091,Reference,0.5567706217229584,0.8783250562070393
1092,Reference,1.061059046529146,2.3248597906779196
1093,Reference,1.313472167427128,2.1606981043093754
1094,Reference,0.6144352873800726,1.5244542657165496
1095,Reference,1.1166990811718307,1.5518846557430876
1096,Reference,0.7737942002784867,1.31603041018667
1097,Reference,0.5326692457279023,0.8006053274897837
1098,Reference,0.5744654369679159,0.9155262357856699
1099,Reference,0.985898763349213,1.8175561700525407
1100,Reference,0.9006868071931329,2.3015054940790236
1101,Reference,0.8303355528784531,1.168214901088433
1102,Reference,1.0018663820903717,1.7564849819899564
1103,Reference,1.0362122008836492,2.242155647201301
1104,Reference,1.4466619424183853,2.2911889937722805
1105,Reference,0.913418532095472,1.4774646607621378
1106,Reference,1.408439772402819,2.7211242268695486
1107,Reference,0.8338724330898095,1.3246847179245336
1108,Reference,0.624195390579661,1.3957630889594483
1109,Reference,0.667067435301239,1.2757964952954808
1110,Reference,0.9267009645465196,1.4339481644183536
1111,Reference,1.4101398923691804,2.8188221283604236
1112,Reference,1.4661934466926585,2.9531900383963716
1113,Reference,0.915486412695622,1.5022083281323546
1114,Reference,0.9037520407713155,1.3093986937622972
1115,Reference,0.635502425495162,1.308646644630194
1116,Reference,1.066474038937768,2.276297332671305
1117,Reference,0.8701380437608187,1.3764910891332818
1118,Reference,1.471903224552258,2.5170890959395393
1119,Reference,0.8642707572355759,1.4207472929660199
1120,Reference,1.374556741414407,3.2988705353128864
1121,Reference,0.509359884173432,0.6577585765204432
1122,Reference,0.9000884571148867,2.052053816025051
1123,Reference,1.2978053554972813,2.460363864789443
1124,Reference,0.6848741557606441,0.877232955945118
1125,Reference,0.6310474989144265,1.4301553962394635
1126,Reference,0.5803700914183343,0.8265129754020997
1127,Reference,1.204461908140055,1.7477072619658287
1128,Reference,1.3565206394331033,1.995015893573978
1129,Reference,0.7611493015646532,1.910206926762882
1130,Reference,0.6254735663050499,1.1700441646472655
1131,Reference,1.169141951011373,2.646097614352499
1132,Reference,0.793672471713859,1.7729874261465
1133,Reference,0.7484910210822455,1.682879061692816
1134,Reference,1.076264250562212,2.2905660758271438
1135,Reference,0.8286530812017194,1.4771704282673923
1136,Reference,1.3302374355050033,2.1900741201472584
1137,Reference,1.3802178429190688,2.211669454074439
1138,Reference,0.6128925235813877,1.011651299383331
1139,Reference,0.98205496508752,1.9946979609769357
1140,Reference,1.262152340981619,1.8835806248106337
1141,Reference,0.642966098294396,1.368469124942095
1142,Reference,0.7599697196245458,1.7759615311482264
1143,Reference,1.2901142191139956,2.618053483750458
1144,Reference,1.0128390857967902,2.1040022106596297
1145,Reference,1.237520344365454,2.105868713476312
1146,Reference,0.6329758161232478,1.1665816958881905
1147,Reference,0.9428444475251876,1.728629128589489
1148,Reference,1.2824969154140748,2.4601677452046005
1149,Reference,1.1104430634325049,2.416043554639998
1150,Reference,0.5054979393309842,1.2063482781429826
1151,Reference,1.0410262355469455,1.4964633163003072
1152,Reference,0.7544728974399592,1.503032852677599
1153,Reference,1.4267919557779796,1.9768713421360502
1154,Reference,0.7219529568169831,1.199030293062222
1155,Reference,1.3818590391711472,2.1711314061870155
1156,Reference,0.8351161275237223,1.2443624938423383
1157,Reference,0.7512399313177058,1.5535420272524902
1158,Reference,0.8038130694580219,1.7635120825844837
1159,Reference,0.6161870654638961,1.5033774215755216
1160,Reference,0.8722584350079983,1.260928948385093
1161,Reference,1.3403425591725604,2.453015323100388
1162,Reference,0.9490801963971368,1.6146376648858336
1163,Reference,0.9652930274231324,1.4213361743808264
1164,Reference,0.8924108191976938,1.304105907599478
1165,Reference,1.0085229288270383,2.4632598704466346
1166,Reference,0.6945930067114285,1.42267670264809
1167,Reference,1.171771169699185,2.4517086334955707
1168,Reference,1.0490429418353524,1.7752231965531706
1169,Reference,0.882606252766824,1.436825483608736
1170,Reference,1.1048159238454098,2.1245098013217216
1171,Reference,1.2735384248297583,2.7010161182408012
1172,Reference,0.6340151226956522,1.187311855489476
1173,Reference,1.4749621837899725,2.175705850891248
1174,Reference,0.802290337917305,1.3540115523290766
1175,Reference,0.5911461908848302,0.8376619525664779
1176,Reference,0.7160449740895447,1.2028602090993417
1177,Reference,1.112807835240282,2.96748256547923
1178,Reference,1.3161268188956188,2.3916197409735247
1179,Reference,1.049842308679278,2.5485120472354197
1180,Reference,0.5987404547784112,0.9566394111784575
1181,Reference,0.5089390513368405,0.7894170784156422
1182,Reference,1.0559053427803404,2.04857745197657
1183,Reference,1.2583731900809545,1.8048962337587824
1184,Reference,1.0342861546016553,1.6925646952421403
1185,Reference,1.2717264188520006,1.7827587433109926
1186,Reference,1.3196221027620982,2.201653047179306
1187,Reference,0.9077866093123448,2.2335812941200714
1188,Reference,0.8778920361726663,1.4441662687072778
1189,Reference,0.8810284939473223,1.4848449038081881
1190,Reference,0.79528300207399,1.4652880310547047
1191,Reference,1.13123282288704,1.7331703132944085
1192,Reference,0.7523280293819553,1.0700558001479905
1193,Reference,1.4800473277088673,2.155879232148962
1194,Reference,1.002744193389045,1.6186635185372467
1195,Reference,0.8965927425086011,1.7416514338387827
1196,Reference,1.0452468073161822,1.5125576477817404
1197,Reference,1.0368687314105631,2.457456271984398
1198,Reference,1.320281536400292,1.9380648111774548
1199,Reference,0.8887835601938179,1.2263658161047104
1200,Reference,0.5233341046929912,0.7916892713875718
1201,Reference,0.7747989916556218,1.2483984433422322
1202,Reference,0.9195167781822418,1.3922202290672274
1203,Reference,1.4303891975515266,3.1169815165212356
1204,Reference,0.6780978033212735,1.3279853908503796
1205,Reference,1.3672483551727996,2.3857701761673127
1206,Reference,0.9958266768273484,1.6895744370063568
1207,Reference,0.6769427228709346,1.5700162711662031
1208,Reference,1.013387939869649,1.7060584925615672
1209,Reference,1.269680990963652,1.8794568921917119
1210,Reference,0.7782476582177533,1.7068165649116054
1211,Reference,0.9670448810039296,1.5081121415953902
1212,Reference,1.3714280224406146,2.3326356927504577
1213,Reference,0.8058335344310219,1.127375981508557
1214,Reference,1.2295098170880143,2.79575376918298
1215,Reference,0.6194236319172838,1.3378018807551513
1216,Reference,1.0889118583587418,1.6356416102354672
1217,Reference,0.990943281598964,1.926966774517311
1218,Reference,0.5527387290879711,0.8161906464650386
1219,Reference,0.6722494376165806,1.4613542139503082
1220,Reference,0.9481742906485612,1.2104670861762585
1221,Reference,0.7932541902899846,1.2577086071621437
1222,Reference,0.98553708701124,1.6548178641516813
1223,Reference,1.372394387855837,2.282673205910484
1224,Reference,1.063871647379927,1.4804042585462724
1225,Reference,0.5765429450377232,1.1677972837496853
1226,Reference,0.937792761485952,1.56390969061691
1227,Reference,1.2406739469612766,2.411435343315887
1228,Reference,1.0695257063638737,1.6937430297280969
1229,Reference,1.4926801980927378,3.131790641966546
1230,Reference,0.999348677668797,2.2230068527602356
1231,Reference,0.5943452109428129,1.0445621368291782
1232,Reference,0.9083908272039845,1.8382479085989445
1233,Reference,0.7397267561989687,1.3463752852418551
1234,Reference,1.1775625283327886,2.483446252481542
1235,Reference,1.043629912686104,1.6132169270233092
1236,Reference,0.6017438110978528,1.0745110579075288
1237,Reference,1.0831740073548108,2.046955336810967
1238,Reference,0.9316572028264366,2.4529406539581515
1239,Reference,0.824761268118761,1.3612429161940938
1240,Reference,0.9501066134742142,1.5199948421288312
1241,Reference,1.4625590642851731,2.603972034066558
1242,Reference,1.289240849928747,2.691240088561358
1243,Reference,0.9315619647493332,1.6367787461509806
1244,Reference,0.9038561027216464,1.1515908231679859
1245,Reference,0.6080996096589688,1.1198250683970699
1246,Reference,1.321751878485671,2.4985322373562155
1247,Reference,0.7179350951882056,1.6404609677767894
1248,Reference,0.9460005934189432,1.715777421644347
1249,Reference,1.0169942454023184,1.4809476167797015
1250,Reference,0.916849030609412,1.7608153245303413
1251,Reference,0.6155076603746296,1.0535171660091365
1252,Reference,0.7320326447745931,1.1903631641485433
1253,Reference,1.4998755232707743,2.3660611464286774
1254,Reference,0.549225078027505,0.8436151176380555
1255,Reference,1.260353052806233,1.6783470174159163
1256,Reference,0.8131742773990112,1.8978448814378481
1257,Reference,1.2843001666856249,2.700038063845284
1258,Reference,0.9688270293955112,2.0175604273903645
1259,Reference,1.1334606890559054,1.8645575952256195
1260,Reference,1.0158394427005777,2.2250459636507998
1261,Reference,0.8764411511207187,1.317466919784394
1262,Reference,0.901764708124953,1.7563345088305482
1263,Reference,1.424200314690164,3.536072649252503
1264,Reference,1.474012388469831,2.280070664486871
1265,Reference,1.4389685058840946,3.071420130823384
1266,Reference,1.454959679274895,2.398399632730886
1267,Reference,1.0945336459916717,1.802483233012623
1268,Reference,1.0195798642188372,1.5954992256656553
1269,Reference,0.6835877695236731,1.2051359119493767
1270,Reference,1.3289603663089415,2.56102869133737
1271,Reference,0.8913523460299678,1.598795290234854
1272,Reference,0.6062479662244149,1.1289657656695695
1273,Reference,0.5733584523706259,1.096439125945878
1274,Reference,1.00808356917487,2.3800713335664483
1275,Reference,0.7503810644817017,1.1618008890414515
1276,Reference,1.194952104720835,2.053878322628904
1277,Reference,1.0947422544215375,1.3668542991507522
1278,Reference,0.5130393412484562,0.7691825983858678
1279,Reference,1.2341233617870184,2.0849918156810787
1280,Reference,1.0273950911395349,2.465725038092316
1281,Reference,1.0510328899905508,1.528353773436045
1282,Reference,0.980940060181212,2.442082195478676
1283,Reference,0.6795603045494292,0.9160428327481789
1284,Reference,1.0884249765814895,2.6955130714837594
1285,Reference,0.8554475828189982,1.2815379281716588
1286,Reference,0.5083983786587274,0.853253284791684
1287,Reference,0.7387412456529454,1.561388108373599
1288,Reference,1.1071209640868296,2.136823933771055
1289,Reference,0.5696606149650796,0.9272025215115427
1290,Reference,0.5548811599342912,1.4698377719743618
1291,Reference,1.1461208941505308,1.3438535027673097
1292,Reference,0.8480575904778351,2.235593286418336
1293,Reference,0.5198999430371698,0.9765825168704865
1294,Reference,0.5440702285674633,1.0221690612986407
1295,Reference,1.3411785469989348,2.7655109606328097
1296,Reference,1.4826812235856297,2.308189606253876
1297,Reference,1.2873721448338582,2.1703138598926444
1298,Reference,1.4984164491513776,2.183596244130996
1299,Reference,1.40509480098742,1.8233218501701742
1300,Reference,1.3185270077631177,2.8485154489815585
1301,Reference,1.2896918149625785,1.804477438672123
1302,Reference,1.102011188559311,2.6497696341579626
1303,Reference,1.1289529852241813,1.5837072815336555
1304,Reference,0.9203246158539212,1.3550084215463016
1305,Reference,1.2077406691376191,2.4077659464406054
1306,Reference,1.0193993590739492,1.8727081563633021
1307,Reference,0.8471924693063169,1.4153339025356502
1308,Reference,1.4675788181335898,2.2471312168081994
1309,Reference,1.0544483868295194,2.3638701938069744
1310,Reference,1.1633334623126514,2.9131212510250037
1311,Reference,1.389043967892876,2.273621093329041
1312,Reference,1.1034809020467071,2.082932786077734
1313,Reference,0.8685920367536524,1.471343538884959
1314,Reference,1.1978816853505467,1.860184656119543
1315,Reference,0.6393633020153681,1.4999487016109256
1316,Reference,0.681178328990223,1.1949046292947827
1317,Reference,0.7674436700779417,1.2498679564910375
1318,Reference,0.8491970826256734,1.247646227671872
1319,Reference,0.9394131526235312,1.7249010778205758
1320,Reference,1.0466307229846543,1.7017602689941214
1321,Reference,1.085795382573019,1.9777012360121802
1322,Reference,1.16209305576238,1.9281501689996219
1323,Reference,1.4414512085968272,2.687268123297997
1324,Reference,1.3423840574500097,2.821420457377755
1325,Reference,1.4559204149114957,2.3896908600138005
1326,Reference,1.0618983320078252,2.4507015266574967
1327,Reference,0.6508013521398286,1.2493761991871395
1328,Reference,0.8263159753905537,1.8144778960002128
1329,Reference,1.492038587092411,2.752848930186829
1330,Reference,1.1828246754811498,1.720310574678166
1331,Reference,1.1614412381357595,1.9390692480853176
1332,Reference,1.2261104365763509,2.978687675645091
1333,Reference,1.0677829220362467,1.769536988370433
1334,Reference,0.9256206075061376,2.2039104061507544
1335,Reference,1.0425308369887103,2.008369834688679
1336,Reference,1.275457566311391,2.8413741709343867
1337,Reference,0.7325216800404932,1.5059893945714506
1338,Reference,0.676581947108104,1.3790494332335541
1339,Reference,1.033331722777806,2.423784631073204
1340,Reference,0.8580142086540435,2.149555655446264
1341,Reference,0.5684673859516394,1.4338377255343957
1342,Reference,0.6622507967316864,0.9294336920802024
1343,Reference,1.3429463771775794,2.68837665168148
1344,Reference,1.1087345944532094,2.6151818607455795
1345,Reference,1.1778035719449491,1.912040170406243
1346,Reference,1.2574928609964786,2.3068894276760403
1347,Reference,0.668886523346438,1.222002170787711
1348,Reference,0.5739919317716635,1.3699331663350662
1349,Reference,0.6843652451086119,1.107393406605354
1350,Reference,1.058543969234821,1.8734776244511266
1351,Reference,0.9803739746185808,2.176351566283941
1352,Reference,0.6446440942837146,1.076641063282949
1353,Reference,0.6174546413198183,1.2343241296052199
1354,Reference,0.9945289980334808,2.248808390235723
1355,Reference,1.1081366350262714,1.7845810516991918
1356,Reference,1.2491678640001866,1.9377666821031312
1357,Reference,0.593185451951258,0.8544944374823729
1358,Reference,1.2694201332367123,2.6745884428058417
1359,Reference,1.2791622755799834,2.2841763441180802
1360,Reference,1.493655911504316,2.521870567519528
1361,Reference,1.487211995448101,2.52514194306184
1362,Reference,0.7402717216380794,1.872167628298243
1363,Reference,1.4504727633321093,2.260009611477088
1364,Reference,0.5899185856248277,1.11390714552374
1365,Reference,0.7977359597063893,1.596853708635905
1366,Reference,1.1756594491237653,1.6519964603818238
1367,Reference,0.5104834188368379,1.3292307155825611
1368,Reference,1.3556326761268704,3.1703444573130355
1369,Reference,1.3573212966502135,1.8380155726777616
1370,Reference,0.6479857131108464,0.8201336580284142
1371,Reference,1.2723474381101765,2.0055768559575995
1372,Reference,1.3082866932016497,2.80284918749922
1373,Reference,0.5390331012529777,1.0313457327871305
1374,Reference,0.664022987973345,0.8718549579601138
1375,Reference,0.984734658264082,1.8590285762118413
1376,Reference,1.286346261236238,2.2014989418526767
1377,Reference,0.8847658335453914,1.8479718875180282
1378,Reference,1.010544145305717,2.285623798246334
1379,Reference,1.1500318583042994,2.358769055239179
1380,Reference,0.8253711992490571,1.0496119509089752
1381,Reference,1.0006833528260095,2.3240232393048217
1382,Reference,1.345209745719215,2.132511383448005
1383,Reference,1.2771001475468329,1.9076445648773301
1384,Reference,1.49018843184326,2.302355411953556
1385,Reference,1.2609847344946692,1.9768472203822114
1386,Reference,0.723832080939669,1.7668920634640841
1387,Reference,0.6200475258445565,1.2347108286308313
1388,Reference,1.1217234715134126,2.0168141503052794
1389,Reference,0.5825319426401127,0.7896433865844763
1390,Reference,1.4069445139730068,2.4754637232455963
1391,Reference,0.6022897386940916,1.0210740019807787
1392,Reference,0.5151062829118989,0.8970279047324041
1393,Reference,1.3655679644797625,1.9485311469646547
1394,Reference,1.145709065897826,1.8971229410073818
1395,Reference,1.2556515781412023,2.1732438609506772
1396,Reference,0.9126806211768366,1.3911096418306528
1397,Reference,0.8749735022472516,1.4282555851766077
1398,Reference,1.2209754834455435,2.887394313840659
1399,Reference,1.2995251709180031,2.7227759489536396
1400,Reference,0.727906356713616,1.576244200958115
1401,Reference,1.4104257213527274,2.450761892446394
1402,Reference,1.2108001825744212,2.551862369559956
1403,Reference,1.2068034016220222,1.7445638780750699
1404,Reference,0.9989274886280424,1.7343871556693387
1405,Reference,1.3512212771822956,3.0074876294085016
1406,Reference,0.9370666907439574,1.427023008307458
1407,Reference,1.01807012003083,2.3633002942358416
1408,Reference,0.988453393703299,1.4960790380659148
1409,Reference,0.6626235510206755,0.999113831440976
1410,Reference,1.2060779534261945,2.2262239649419087
1411,Reference,1.1282195796026562,2.4032481387570783
1412,Reference,0.9206221927683113,2.261226956353454
1413,Reference,1.4316785769073297,3.534523293116166
1414,Reference,0.8075393662293624,1.3769350889322212
1415,Reference,0.667626088957771,1.0015059316089534
1416,Reference,1.1215578421224626,2.1524752348236404
1417,Reference,1.0390699900361835,1.8708845338145466
1418,Reference,0.8524911007853451,1.5051982731146438
1419,Reference,1.4002756748190306,3.0089576423706035
1420,Reference,0.902408455282482,1.4820836544196965
1421,Reference,1.3811734702342668,2.396924242700223
1422,Reference,0.5470361815473699,0.8413297719306776
1423,Reference,1.0706310945104862,2.1186763052789246
1424,Reference,1.1268074208093777,2.144999356574587
1425,Reference,0.5720090062793504,0.985170348881681
1426,Reference,0.8558286581363095,1.4258960695719836
1427,Reference,1.021079582876476,1.8147918681081165
1428,Reference,1.1566511451448256,2.230953798283437
1429,Reference,0.9472844752536004,1.3669615851194408
1430,Reference,0.8148276835467145,1.8503103987981433
1431,Reference,0.6343577835394729,1.1242724104080253
1432,Reference,0.5557919335011049,1.023867118943528
1433,Reference,1.3692384986465518,3.0214254256113975
1434,Reference,1.1227303060706753,2.3299779350704455
1435,Reference,0.7988315175648105,1.296918558878339
1436,Reference,1.2053037589294888,2.2187094212537204
1437,Reference,1.0586249171673443,1.6501170330430455
1438,Reference,1.2318113908651989,2.279077480388338
1439,Reference,0.6277688071835478,1.2709643477259362
1440,Reference,1.0644746282996749,1.5996149441618854
1441,Reference,0.8245729762869162,1.6847686671775222
1442,Reference,1.3976765810752507,3.6885220000987715
1443,Reference,0.739126750284077,1.0513672382534338
1444,Reference,0.5519171361550974,1.0895917032821103
1445,Reference,0.641801211993881,1.2258673724893185
1446,Reference,0.9834999365845044,1.686673965759141
1447,Reference,0.8113951967500318,1.8344839495585887
1448,Reference,1.1677125252043572,1.7735419277298092
1449,Reference,0.871839860815525,1.4365305545974536
1450,Reference,0.9929165512695148,1.6225963402964538
1451,Reference,0.7859511558673509,1.4547787201099425
1452,Reference,0.8842215475282211,1.577848539710267
1453,Reference,1.0315181307381585,2.2355439319538277
1454,Reference,1.122337103343661,1.8183866989358535
1455,Reference,1.2543539595311357,2.5279611948543135
1456,Reference,0.7228920835891213,1.232421805192466
1457,Reference,0.6167554058678922,1.298578307896534
1458,Reference,1.4946371917748444,2.57936610768445
1459,Reference,0.9062288897530218,1.379329797038487
1460,Reference,0.6282664022769755,1.0682658463049393
1461,Reference,0.5118050373165236,1.1607657646650225
1462,Reference,0.9852222056704214,1.4563854325267869
1463,Reference,1.1451887806195842,1.9025548442527054
1464,Reference,0.5393796279439842,1.4785249668477363
1465,Reference,0.5446717035194198,1.2401767193329079
1466,Reference,1.301508937947132,2.1990354949086566
1467,Reference,1.20300716612297,2.170408829767794
1468,Reference,0.6305871310653504,0.8973969378099866
1469,Reference,1.3878026673457513,2.2620264846532194
1470,Reference,0.78795570628338,1.416738044271355
1471,Reference,1.221940428455952,2.5970810414141994
1472,Reference,1.096444568039668,1.7419061463690042
1473,Reference,0.6694192316480743,1.0005899173304016
1474,Reference,0.9410625645425832,1.8057089439794538
1475,Reference,1.2948844542411018,1.717556868449563
1476,Reference,0.5541794785542632,1.1966233876066212
1477,Reference,0.8710789781553024,1.444186638327892
1478,Reference,1.3533187200056482,3.22219506337251
1479,Reference,0.7493591110749629,1.3565059489395068
1480,Reference,1.395746177553295,1.9388123800340225
1481,Reference,0.6074951628479273,0.8279451337655637
1482,Reference,0.9311369238802988,2.200217058253685
1483,Reference,0.9729120607963226,1.451713784382207
1484,Reference,0.6405566028241543,1.3960469854359303
1485,Reference,1.1476968001764882,2.232896118197772
1486,Reference,0.9387210558917908,1.7518943316073177
1487,Reference,0.7957642170502115,1.3384434521242738
1488,Reference,1.3223601130698044,2.7467500999642596
1489,Reference,0.9561016084692088,1.7197957857777055
1490,Reference,0.9357214308482772,1.6668670010577387
1491,Reference,1.3109700955759598,2.71596344119817
1492,Reference,1.37326646115865,2.456435416877426
1493,Reference,1.3526732867812568,2.6736984875370666
1494,Reference,0.7945003552804066,1.386534330442828
1495,Reference,0.6929522954419007,1.2273627118319297
1496,Reference,0.756187864387462,1.1653637757728532
1497,Reference,1.1591493404456474,2.8437574632820457
1498,Reference,0.7100949867502928,1.3884072393812943
1499,Reference,1.1253540694060304,1.8526806359429457
1500,Reference,1.1945307107653191,2.894278076347348
1501,Reference,1.310489086921702,1.8716106067955423
1502,Reference,0.9718898169263248,1.4877297918182109
1503,Reference,1.1296014121338869,1.831297452634331
1504,Reference,0.8672056746606528,1.8806666602395552
1505,Reference,1.1920104004390728,2.4952362426167554
1506,Reference,1.1279103156174402,2.370772775088966
1507,Reference,1.2117458380784836,2.154210152307698
1508,Reference,1.2358348771786694,2.154867424787085
1509,Reference,1.4621748398785706,2.2176714279490852
1510,Reference,1.3033478438872417,2.8324264744449863
1511,Reference,0.5865720834386511,1.548038468040474
1512,Reference,1.3929794103221538,1.9781810177683923
1513,Reference,0.5961855192769236,1.1865177517621746
1514,Reference,1.2629670410124223,2.9399843431201873
1515,Reference,0.5383260583239307,1.195451298539247
1516,Reference,1.257905920287936,1.8576941573197416
1517,Reference,1.319004352365321,2.774163398924401
1518,Reference,0.6045913263939194,1.207311351625492
1519,Reference,0.9328627821637968,2.1791615692973636
1520,Reference,1.1549850779177655,1.776241040545031
1521,Reference,0.6797589583432996,1.5514177213311484
1522,Reference,0.5872820194543917,1.1606064117994919
1523,Reference,1.3983149385461364,2.4445544261507877
1524,Reference,1.413095691156017,2.157978304638746
1525,Reference,0.587547101673501,1.5733189356071335
1526,Reference,1.2931002501080016,1.9328499457220119
1527,Reference,0.7800231083164756,1.5210043512812845
1528,Reference,1.4458963878169917,3.184869932079806
1529,Reference,1.4582904739812486,2.853052644026789
1530,Reference,1.14292269699269,2.1384529367139464
1531,Reference,0.8532461725082539,1.0453943223564366
1532,Reference,0.9903895911174692,1.7989942113963906
1533,Reference,0.6015135491812162,0.889428773356645
1534,Reference,1.2727153402456148,2.2500617613790297
1535,Reference,1.4682427004219143,2.6505992551653748
1536,Reference,1.2905827003827182,2.010691618480962
1537,Reference,1.1114232980077796,1.6771328432672448
1538,Reference,1.0059147672426385,2.2379115450733025
1539,Reference,1.1932334476321964,2.7145808754023193
1540,Reference,0.7247124125233386,1.1979843239717596
1541,Reference,1.1171312766951194,2.114411823005554
1542,Reference,1.2190552186847912,1.8733992576213012
1543,Reference,1.3939424077517293,2.945930453182399
1544,Reference,1.041603179890802,1.7513362494576654
1545,Reference,1.4633741204406072,3.6159768895190325
1546,Reference,0.5412421968115998,1.1529376378137641
1547,Reference,0.6469634842066277,1.1652700184687106
1548,Reference,1.0654069228933156,1.74959070396973
1549,Reference,0.9643753309243812,1.8923126651532414
1550,Reference,1.3697950727063972,3.2308570182163123
1551,Reference,1.0298288484931786,1.5433603909765665
1552,Reference,0.8283554346067618,1.3452039214448916
1553,Reference,0.6529417944842542,0.93695014796916
1554,Reference,1.0735217417454308,2.526675083517759
1555,Reference,1.324125794255934,3.2690008114529974
1556,Reference,1.1744887071556394,1.702380696856011
1557,Reference,0.8917853669981346,2.00709931783976
1558,Reference,0.7679921909418125,1.359660586900013
1559,Reference,1.2830463210066974,2.1450083584587105
1560,Reference,1.4011104313200646,3.2758531798739057
1561,Reference,1.1076858932393567,1.8961887051679298
1562,Reference,0.5020234640565298,0.873740049026793
1563,Reference,0.8485260207556969,1.407911535548358
1564,Reference,0.5430408292486208,1.3679228583596412
1565,Reference,0.9298996379291632,2.304344190221883
1566,Reference,1.1249183657016244,2.2651675939506504
1567,Reference,1.429210392469428,2.0415173745730044
1568,Reference,0.649483798149509,1.121384660047994
1569,Reference,0.6731342958290423,0.942439686957492
1570,Reference,1.1865477197202186,2.735040449051951
1571,Reference,1.183528127257054,2.1337247345715156
1572,Reference,0.8440753467098412,1.4063801735965598
1573,Reference,1.3027420058812245,2.855549786674473
1574,Reference,1.3353898655924326,2.0079316533028475
1575,Reference,0.6537606042691886,1.5190860089547158
1576,Reference,1.3172408229494224,3.089038359236554
1577,Reference,0.6562261186498621,1.0535758815353233
1578,Reference,0.7453697978658075,1.1872548620940577
1579,Reference,1.2396897867095342,2.47679123404221
1580,Reference,0.725293124845654,1.3626779580345811
1581,Reference,1.4497138741119708,3.0322604493146628
1582,Reference,0.800343810162679,1.5573965224121906
1583,Reference,0.9171338950202672,1.442155967925423
1584,Reference,0.9513861784178352,1.7065318331421793
1585,Reference,0.5730654738781604,1.3068151955923426
1586,Reference,0.990198299602316,1.8937717865465515
1587,Reference,1.24574569011309,2.7488143088641976
1588,Reference,1.4563381177735135,3.042180624140741
1589,Reference,1.166753873288597,1.8122006313395929
1590,Reference,0.863724983272128,1.8434788269207871
1591,Reference,0.7716755444463947,1.7218275772266907
1592,Reference,1.270219273268312,1.9070352554009844
1593,Reference,0.9892063609382072,1.5805835276987352
1594,Reference,0.6920373729149119,1.151907005832399
1595,Reference,1.2519290449250555,2.262409814166219
1596,Reference,0.595580738841677,1.1864490776863548
1597,Reference,1.0741331118007509,1.73866697395394
1598,Reference,1.011056016271204,1.654252764132309
1599,Reference,0.8875009273910418,1.226145888240545
1600,Reference,1.2524723667125437,1.636926789106738
1601,Reference,0.9586272685217764,1.387549881686347
1602,Reference,0.5833989649762439,0.797015287266948
1603,Reference,1.1119307006282146,2.258653651350258
1604,Reference,1.2335310897132137,2.7433152176120217
1605,Reference,0.9925785630171716,1.6841908791663087
1606,Reference,1.186277478563543,1.6898459730530675
1607,Reference,0.5896827000714897,1.2130614902795074
1608,Reference,0.930422546319246,1.7493719589886751
1609,Reference,0.5072125677093307,1.28817078869983
1610,Reference,0.7831482298095365,1.7099165477559524
1611,Reference,0.7586000210060209,1.5457625589471462
1612,Reference,0.8799605548107209,1.3677430006867581
1613,Reference,1.0519701006983622,1.7060231085167743
1614,Reference,0.9530529661808808,1.7152733731730763
1615,Reference,0.5716412351429037,0.8494348137198067
1616,Reference,1.207368088646097,2.5641085458634194
1617,Reference,0.9752098229779772,1.7706140153610335
1618,Reference,1.409214623119985,2.297872923557833
1619,Reference,1.0988403121564216,1.3746500795116674
1620,Reference,0.911964567657409,1.9544255078129282
1621,Reference,1.2269422014997942,1.8493074280678172
1622,Reference,0.5396880189933783,1.0993207085351955
1623,Reference,0.9433679254306466,1.8740235906236364
1624,Reference,0.8456899318838177,1.439128743941815
1625,Reference,0.807712245787757,1.9092906589958858
1626,Reference,1.0823729917130671,1.4596193552042536
1627,Reference,1.3507104036156805,1.962110412295587
1628,Reference,1.1389816891534157,1.5149750929702677
1629,Reference,0.9449181110171238,2.099362477522746
1630,Reference,1.3630996275867884,3.0960894334978093
1631,Reference,1.2705750827539664,2.847755556620669
1632,Reference,1.3503250648597516,2.5398593611381983
1633,Reference,0.7979816341972086,1.0962442523342162
1634,Reference,0.7784497832114028,1.6541069503348638
1635,Reference,0.5052764812367888,0.8221813240001019
1636,Reference,1.003053157601957,1.6434577452433956
1637,Reference,0.8389632105757399,1.2066054207780184
1638,Reference,0.9610265331825946,1.955917649610413
1639,Reference,1.47295404838272,2.2088969257315227
1640,Reference,1.2088393380691826,1.42161319322949
1641,Reference,0.6521827671252046,1.2630344382152003
1642,Reference,0.7537398171081402,0.977607776638795
1643,Reference,0.8976882224118204,2.2498088171739425
1644,Reference,1.4385898248826297,2.4813819809518094
1645,Reference,0.557894435614954,1.4344957039772268
1646,Reference,1.18415491906911,2.1137934225940427
1647,Reference,0.6525122387813912,1.220019523469496
1648,Reference,1.377166991410973,2.271230569035424
1649,Reference,0.7902891322743659,1.329204936576815
1650,Reference,1.4398921566291447,3.23507987158618
1651,Reference,1.1315340416915012,1.5951795541601541
1652,Reference,1.1807188109918076,2.0324816259810206
1653,Reference,1.3902429393705942,2.472180618985078
1654,Reference,1.0200587092642128,1.7780177933388472
1655,Reference,1.2032743935141927,2.998328191853602
1656,Reference,1.3604574204433564,2.067749959808239
1657,Reference,1.139965009409894,2.24999938783877
1658,Reference,1.4819972737553355,1.7585132571428375
1659,Reference,1.2430225862083908,2.674216793919925
1660,Reference,1.4072542234954208,2.634808464763637
1661,Reference,1.0923167631508792,2.051956257494126
1662,Reference,0.9828360183727648,1.5572504531356586
1663,Reference,0.9996713570052022,1.4960184213648233
1664,Reference,0.7898073514518615,1.839693741006272
1665,Reference,1.136070050791654,2.4722873141381285
1666,Reference,0.6936620061833885,1.404545126594634
1667,Reference,0.7788683148554767,1.317599492902481
1668,Reference,1.307043831150979,1.9240339105140407
1669,Reference,0.6723687162338758,1.3685861460778526
1670,Reference,1.0910340228693487,1.8618104521959822
1671,Reference,1.4411224620237602,2.419366506810917
1672,Reference,1.354722979660761,2.3950818583276003
1673,Reference,0.8340756453130346,1.3119145194920279
1674,Reference,0.8230021417868953,1.4822765224450478
1675,Reference,1.1939460557104364,1.725123121357072
1676,Reference,1.484312768468837,2.3031603474621107
1677,Reference,0.9972879187295468,2.3491973733439977
1678,Reference,0.7039373051251654,1.2888034298517184
1679,Reference,1.4254401709099067,3.320472786385011
1680,Reference,1.2259194900737698,2.7286508853767657
1681,Reference,0.7620963517197064,1.1105124276616252
1682,Reference,0.6051116024653506,1.143359088300116
1683,Reference,0.9954922999871952,1.330831431058968
1684,Reference,1.4553526453037684,2.3208202370008024
1685,Reference,1.3243293841457504,2.7297796299889967
1686,Reference,0.5500687528948224,0.9714954936286802
1687,Reference,0.8884712033796138,1.646948004034499
1688,Reference,1.1752004456203695,2.58992412648432
1689,Reference,1.1474424576627715,2.679080286070416
1690,Reference,1.285445559380058,2.5063948648007823
1691,Reference,1.3236386603782506,2.5355021845530246
1692,Reference,0.7433796191942894,1.7778169498816396
1693,Reference,1.1914342527455228,2.4405335973036273
1694,Reference,0.7631952576497977,1.3183451569217581
1695,Reference,0.5617476844708879,1.1456667413210369
1696,Reference,0.8679058351197171,1.1775163470903252
1697,Reference,1.075055216707155,1.691152603440571
1698,Reference,0.955890413241672,1.3354753690175656
1699,Reference,1.1533582761365655,1.387465339693314
1700,Reference,0.6695740858932924,0.9910866672995837
1701,Reference,1.173094037442581,2.4382171476929244
1702,Reference,1.389863426562992,2.8844716517356517
1703,Reference,0.5317006244403614,0.8897257310115236
1704,Reference,1.2416822203830358,2.139405125788798
1705,Reference,0.9535814261079164,1.769484739713107
1706,Reference,1.422754268422421,1.8905513173488941
1707,Reference,1.044212906489109,1.7174003886687075
1708,Reference,0.6203813699921711,1.0213565707366072
1709,Reference,1.485408761983311,2.7851146863206253
1710,Reference,1.005004115014732,1.7312038339361067
1711,Reference,0.8489233851801473,1.6404706788920862
1712,Reference,1.4118369712460963,2.293967457176606
1713,Reference,0.7793248804560865,1.1911067482944233
1714,Reference,1.1799310849359848,1.9715682286783078
1715,Reference,0.7864278910662785,1.4787411078857176
1716,Reference,0.915998869432472,2.080395744146017
1717,Reference,1.4569292514113306,1.9549329518697078
1718,Reference,0.7359119484280648,1.500912823891639
1719,Reference,0.5525847753220958,0.9689314182837201
1720,Reference,1.3475170820609794,3.395928629381274
1721,Reference,0.6821546403645331,1.1231224908993411
1722,Reference,1.3468525392974868,1.817132615726834
1723,Reference,1.2664004501996635,2.3304418320547597
1724,Reference,0.8226052270280111,1.4218132189757142
1725,Reference,0.9401871895975896,1.6731588552229795
1726,Reference,1.4445013116596224,3.4521805012914797
1727,Reference,1.4341082645143093,3.529115717239165
1728,Reference,0.8160236921228553,1.974876936581154
1729,Reference,0.8384877988767443,1.651498478933675
1730,Reference,1.1482461330056284,1.310574674458607
1731,Reference,0.5274107571661463,0.8634804414183321
1732,Reference,1.4913685292651109,2.553373946396462
1733,Reference,1.0599982030216577,1.7221668563857548
1734,Reference,1.2409761472531298,1.650752393351297
1735,Reference,1.4402695873909404,2.2115166919214033
1736,Reference,1.1542598425992976,1.9983772832538875
1737,Reference,1.2487973209660614,1.7675237392613923
1738,Reference,1.2990488620590717,1.974162420015304
1739,Reference,1.299841771377214,2.785139107170963
1740,Reference,0.5253472556335651,0.9286360737326582
1741,Reference,1.2860034025556852,2.606732250823839
1742,Reference,0.7331895635119929,0.9704473379299792
1743,Reference,1.404716667656164,2.2878348859046866
1744,Reference,1.0225484847372657,1.6667440147015782
1745,Reference,1.0870601412445828,1.7165174579555043
1746,Reference,0.7410326227514248,1.2962646015617167
1747,Reference,1.0248909732774942,1.8049236924312737
1748,Reference,1.3331274435748417,2.1342608991928955
1749,Reference,0.6414139049645233,1.0502389667820395
1750,Reference,0.5172733438634717,1.1883086051425238
1751,Reference,1.077701886412131,2.2885180990827507
1752,Reference,0.6716689877341061,1.5398254114197982
1753,Reference,0.6219537742599957,1.135115045468794
1754,Reference,0.9031216890650768,1.2413438461227528
1755,Reference,1.436983993296927,3.164167229161734
1756,Reference,0.5905789041140501,1.5146860792616366
1757,Reference,0.8238253930684876,1.326422440093154
1758,Reference,0.8949943657552709,1.2318774242691646
1759,Reference,0.6958491672487161,1.3660619510616385
1760,Reference,0.5603474294205663,1.1771453331823807
1761,Reference,1.1681412213486746,2.8427555371015387
1762,Reference,1.374057159390097,2.7943110131830764
1763,Reference,1.3174948355549276,3.301815720604452
1764,Reference,0.5656271150399353,0.8630665920639338
1765,Reference,1.2521502411986432,2.347962279524637
1766,Reference,0.7694685956662974,1.280554705185608
1767,Reference,1.0663489861106517,1.5501681469826778
1768,Reference,0.6836450593212601,1.2022706901927762
1769,Reference,1.487680246964224,2.0814174644619357
1770,Reference,0.61893934584931,0.9932460424993153
1771,Reference,1.3947571092689697,1.7671252601075622
1772,Reference,1.4492562872285772,2.1144808578312393
1773,Reference,1.3356081176682983,2.6566270992052807
1774,Reference,1.261549932762923,2.071569479794462
1775,Reference,1.3718573687133846,3.251455143875205
1776,Reference,1.1492091823113006,1.6501958061362387
1777,Reference,1.014305691725148,2.0284459614303785
1778,Reference,1.027963336374166,1.495500378747579
1779,Reference,0.992031012683053,2.1697318158507386
1780,Reference,1.4231432376798925,1.8016721117614765
1781,Reference,1.2687338699781257,2.603407656483
1782,Reference,1.212067565918852,2.0162074895373934
1783,Reference,0.5015832460801529,0.7431084976658511
1784,Reference,1.127154776683279,1.3737623623615036
1785,Reference,0.7471475470774651,1.086471192283767
1786,Reference,1.1846209212381833,2.164593270869247
1787,Reference,1.4575333047207937,3.0061920517967735
1788,Reference,1.3602563658780369,2.322487382656604
1789,Reference,0.5836280561394875,0.7563921089566605
1790,Reference,1.2563071660405507,2.6104651036892363
1791,Reference,1.2005846699728702,1.7592677581523049
1792,Reference,1.2876058614099195,2.5910788560745175
1793,Reference,1.02214647613864,1.8092270867124967
1794,Reference,1.092073108123447,1.856943566708864
1795,Reference,1.478755336272055,2.1894338104306
1796,Reference,0.6941018508085659,0.9636437052903091
1797,Reference,0.8089836933977088,1.2643088531398732
1798,Reference,0.7475901668754099,1.575685373063635
1799,Reference,1.4349576396969623,2.773648607001462
1800,Reference,0.6741839579942629,1.0443681894022276
1801,Reference,1.1935717830015204,2.405971314853076
1802,Reference,1.0505086291441017,1.8816536666924577
1803,Reference,1.437350444880959,1.9605828313438565
1804,Reference,1.114966592738864,2.374355752757282
1805,Reference,0.637432756119241,0.8069145740866048
1806,Reference,0.744481577863567,1.2203723866348852
1807,Reference,0.840025884723478,1.8376057069908853
1808,Reference,0.7917356647646028,1.4523716643437297
1809,Reference,0.6162821028134747,1.4743702067748359
1810,Reference,1.4328959390920035,2.3192761254960885
1811,Reference,1.4469561992582716,2.4629257572453156
1812,Reference,1.08188398356041,2.7184115466794623
1813,Reference,0.7590368226265505,1.3904067680823005
1814,Reference,0.973456870286832,1.2885377757512444
1815,Reference,0.8420558995417868,1.9349768260425293
1816,Reference,0.9866124659628824,1.8185551137423914
1817,Reference,1.236405584617957,2.8243617495443942
1818,Reference,0.5212095869395108,0.8300896100787014
1819,Reference,0.9492298836845852,1.4881206091616477
1820,Reference,1.3757962145658773,2.7194147309490404
1821,Reference,1.4507696527766218,2.478033135704152
1822,Reference,1.3113733087510406,2.9018336514481717
1823,Reference,1.3648199698986592,2.4961299773500656
1824,Reference,0.8870319904559929,1.7070802132552103
1825,Reference,1.2279685109124352,2.1227669542693093
1826,Reference,0.5331910267946407,0.7877378271586615
1827,Reference,0.6323674847196472,1.0472219804584952
1828,Reference,1.0657377258579357,2.418619813589274
1829,Reference,1.3116975363796124,3.0670321559512956
1830,Reference,1.4380838582854958,2.0908265932152403
1831,Reference,1.2632171841029305,2.73001305757586
1832,Reference,1.0876437918649111,2.348977006580128
1833,Reference,0.7080446586614234,1.2691271219977835
1834,Reference,1.461897096263928,2.5665980118415064
1835,Reference,0.9595014325520902,2.1907025360302015
1836,Reference,0.5380187844653188,0.8421965543397967
1837,Reference,1.1393972099869654,2.5385546422294567
1838,Reference,0.5918453153604089,1.352325740861616
1839,Reference,1.1998091662203267,2.2736930019751185
1840,Reference,0.7339351155276224,1.6802226801627
1841,Reference,0.5970303237870208,0.9557195257360256
1842,Reference,0.7087598188383907,1.3962143879526039
1843,Reference,1.0860583047111962,2.0363809088286757
1844,Reference,1.035899649101347,1.9683899839736512
1845,Reference,1.265098268510262,1.7968956579525042
1846,Reference,0.7668283303588845,1.54197579158145
1847,Reference,1.3500473975844658,2.23849802044397
1848,Reference,0.7191228965007115,1.1182880688961134
1849,Reference,1.378580312264285,3.0880942185457343
1850,Reference,0.62474613821967,1.4609353117426949
1851,Reference,1.0955909164242428,2.1575199422428284
1852,Reference,0.9282040751400036,1.5759273441798314
1853,Reference,1.2090367888499949,2.0449243754058415
1854,Reference,1.307933798223207,2.147612900493783
1855,Reference,1.1685059910141429,2.556572916538812
1856,Reference,0.7042642476949761,1.1572701727570163
1857,Reference,0.6951374592876904,1.4591341286254504
1858,Reference,1.215634144989494,2.29146639162866
1859,Reference,1.1892981038217458,1.7250964116694405
1860,Reference,1.1344495988911367,1.6786606995487432
1861,Reference,0.519237146919983,1.3486978130176794
1862,Reference,0.724232266712205,1.2836936592878985
1863,Reference,0.9507685606575113,1.3369629009139103
1864,Reference,0.8100435812105864,1.2420658311811081
1865,Reference,1.4608935023809697,3.2345280935938376
1866,Reference,0.9950951041091578,1.9246661351539558
1867,Reference,1.2097283273907709,2.9993292148689363
1868,Reference,0.8164958158379452,1.4074205733449432
1869,Reference,0.6116560363905609,1.0588669125924
1870,Reference,0.5533143630410852,1.2186693454106816
1871,Reference,1.2273254929586546,2.261966182877501
1872,Reference,1.4688844825649912,2.3470309091714796
1873,Reference,0.8142565584938917,2.038069880202471
1874,Reference,1.1160798310786475,1.7816721571963967
1875,Reference,1.237012943175943,2.1941792021237063
1876,Reference,0.9239911672605436,1.6731101139227889
1877,Reference,1.4424563466369371,2.58800329868167
1878,Reference,1.1882129767829288,1.6183450635491425
1879,Reference,1.3284452719201276,2.277046235913531
1880,Reference,0.5255306262675169,1.3286505098444437
1881,Reference,0.8693528694501534,1.375524367256709
1882,Reference,1.0760984052755065,2.1905254224134296
1883,Reference,1.080590410205398,2.20546772393827
1884,Reference,1.3166483372238171,2.380522862714841
1885,Reference,0.7422239365385876,0.9591133725201857
1886,Reference,1.4334068253707275,2.2812637138978857
1887,Reference,0.530596751780433,0.725661029674388
1888,Reference,1.084232079090416,1.601340602090282
1889,Reference,1.4723558282564793,1.9951555421845342
1890,Reference,1.4769698107620388,3.1793491670035507
1891,Reference,1.480712753796483,2.361489688058697
1892,Reference,1.1898139645030192,2.0852683552030413
1893,Reference,1.1852900503902335,1.940809900207185
1894,Reference,0.5035275390262032,0.7957145711059503
1895,Reference,1.196591275600034,2.32052516409793
1896,Reference,1.4035201569319375,2.486530527441843
1897,Reference,0.7806369067217367,1.7937080150967972
1898,Reference,0.5591782872776785,0.9242690511320717
1899,Reference,1.2499866986224275,2.3154875328959292
1900,Reference,0.6901285421571595,1.5297219500066035
1901,Reference,0.593406734621909,1.133403782711234
1902,Reference,1.4187555591046008,3.2119069801754563
1903,Reference,0.5503033659154427,0.7889239675800752
1904,Reference,0.6993787994984254,0.9583950372541672
1905,Reference,0.9607574951791376,1.9551430270030323
1906,Reference,1.0014625591810715,2.263460772090184
1907,Reference,1.4158686024536982,2.7605625708478243
1908,Reference,0.7654688045243252,1.1908666896346674
1909,Reference,1.259591593118514,2.3518922574749155
1910,Reference,1.185666751362731,2.52534837116265
1911,Reference,1.1039926819790895,1.8046458650544537
1912,Reference,1.1791736036690936,1.923886674330248
1913,Reference,0.7914902667127404,1.2765409683357518
1914,Reference,1.0894572382170322,1.7464446222740975
1915,Reference,0.8046578819971864,1.498025127493655
1916,Reference,0.7689279401527394,1.11045227374116
1917,Reference,0.6503136034229988,1.4067931168483128
1918,Reference,1.2058328326523533,2.757106573285242
1919,Reference,1.3726892754119673,2.532364559356367
1920,Reference,0.570454394343145,1.0792745071357643
1921,Reference,0.6223956163409783,0.939440449814466
1922,Reference,1.1555716674980954,2.7804691695760795
1923,Reference,0.5366302826059806,0.9105644768342422
1924,Reference,0.5187640404773355,1.1359594650371605
1925,Reference,1.2626501583510543,1.9330980830229265
1926,Reference,1.2382733016513745,2.2392772055608816
1927,Reference,0.8202374454424795,1.689071108145768
1928,Reference,1.0116034806737688,1.6952366469735693
1929,Reference,0.9220430012058268,2.316413925624019
1930,Reference,1.013679380292761,1.6954270108326313
1931,Reference,1.4351514590076009,2.143498046804197
1932,Reference,1.1340426568177957,2.6397388480175152
1933,Reference,0.6782393942831282,1.1845138458970652
1934,Reference,1.334106553522329,2.429024909900633
1935,Reference,0.6665494013623565,1.317390071441089
1936,Reference,0.9149909092112364,1.409085579065895
1937,Reference,0.5039789871597027,0.8392585893177191
1938,Reference,1.1573611027336603,2.3009236981080363
1939,Reference,1.0293404861915816,1.798550452384731
1940,Reference,0.8755016819197177,1.5417663162479585
1941,Reference,1.2534870600347292,1.9563972092150834
1942,Reference,1.0539387069570272,2.5627496388744646
1943,Reference,1.2352232861504229,1.9308573279520544
1944,Reference,0.9700006100117494,1.643211187894508
1945,Reference,0.6487425991816075,1.1233047152388451
1946,Reference,0.6215165018232939,0.9945723078091611
1947,Reference,1.2956932705513666,2.3940735842839587
1948,Reference,0.5556206798442282,1.2740631792994677
1949,Reference,1.383403871620796,3.083245830639015
1950,Reference,0.7460827045889806,1.4711589007932986
1951,Reference,0.974056832890296,2.0436227118413086
1952,Reference,0.6112913070185005,1.1048934544748903
1953,Reference,1.2766629067313513,2.161744654097319
1954,Reference,1.348639400063406,2.1937363279946
1955,Reference,0.6513097561416035,1.3110628064846068
1956,Reference,1.306441060020319,1.9028003939139495
1957,Reference,0.7364738894731555,1.4511320768067364
1958,Reference,1.4922836493426397,2.090749495815004
1959,Reference,1.4477339530901894,2.190313669676982
1960,Reference,1.0633033634808151,1.6549191844241449
1961,Reference,0.6587521130734053,1.5863564100260632
1962,Reference,1.1094677599820817,2.2657801007500495
1963,Reference,1.0868820977339144,2.467153898618676
1964,Reference,1.3987896643771802,2.6868855392657736
1965,Reference,1.4537504334987916,2.015699396570895
1966,Reference,0.857274530359094,1.4137796189864318
1967,Reference,0.5372297025860129,1.1810498758332386
1968,Reference,0.7759690248425443,1.692519533573389
1969,Reference,0.5361894178514468,1.0023582661452153
1970,Reference,0.6422685774503147,1.5766594763037034
1971,Reference,1.1365995518584442,1.587478718880952
1972,Reference,1.2677935755191507,2.569034568976278
1973,Reference,0.909891835618547,1.6851909893999277
1974,Reference,0.6830970929376203,1.2454590026293246
1975,Reference,0.9115209625799148,1.4429926829103792
1976,Reference,0.9963055594836004,1.2451691444243025
1977,Reference,0.5879995244971217,1.1261228993359396
1978,Reference,0.7881716313833851,1.305616678958046
1979,Reference,0.8435639759687128,1.792613513912599
1980,Reference,0.9344730141746672,1.5464043723205165
1981,Reference,0.5544501519841634,1.2739989347656362
1982,Reference,0.5682165889785237,1.1330666034415344
1983,Reference,0.5295397962490702,0.9656949635534424
1984,Reference,1.1519444824327063,2.1743525368555225
1985,Reference,1.2283767047152852,2.5241490685928056
1986,Reference,0.7603251549344667,1.2041361171405
1987,Reference,0.5126289825563187,0.7693554990214437
1988,Reference,1.1422318047096622,2.1974087859809543
1989,Reference,0.5702362589298178,0.76581511084132
1990,Reference,0.5202174643483385,1.2093586921850843
1991,Reference,0.8158638571559012,1.363434032075304
1992,Reference,0.8796551481875812,1.4255084288924067
1993,Reference,0.919428748214166,2.307461829643799
1994,Reference,1.0146984438167093,1.8364942528622095
1995,Reference,0.755625492675513,1.9105428580975001
1996,Reference,1.0037081020756928,1.7020470301770274
1997,Reference,1.1962786494043374,2.1507427210452192
1998,Reference,0.6302475661787241,0.8842842019911608
1999,Reference,0.960315690856396,1.4039523849512392
2000,Reference,0.6004016550540204,1.091255474390607
2001,Reference,0.6977827305336738,1.5864198522305557
2002,Reference,1.2509000499973095,1.98794560174494
2003,Reference,0.7034725840774643,1.0871379853591776
2004,Reference,0.6139272552952791,1.4420617967062341
2005,Reference,1.279461613914016,2.1526068009659127
2006,Reference,0.6982847002559638,1.0770031125848476
2007,Reference,0.731288104199684,1.2474286206435679
2008,Reference,0.922858787711614,1.2335005787864404
2009,Reference,1.436349473035221,3.399937852345033
2010,Reference,0.5809603628513963,1.0736104419732726
2011,Reference,1.3621731159258297,2.6916401398459584
2012,Reference,1.4055585963283457,2.5974353353679334
2013,Reference,0.9524921314673304,1.8677068275556508
2014,Reference,1.2476963099885767,2.5008710731814006
2015,Reference,0.5437839337938155,0.7959877185371838
2016,Reference,0.6998549972926806,1.3524190144161352
2017,Reference,0.647532405816482,1.0398387249974945
2018,Reference,1.2814546416627643,2.758662723588543
2019,Reference,1.2983014038842513,2.5857428266105416
2020,Reference,0.565370228184114,1.1820701015794057
2021,Reference,1.2454572457182131,3.088116747623218
2022,Reference,1.3346701218106765,1.983141776894115
2023,Reference,0.8220387345661435,1.3093396924873844
2024,Reference,1.2759136819836898,1.886308682935848
2025,Reference,0.9140972016389216,1.4522758114580583
2026,Reference,0.7995740319125177,1.6472997813639054
2027,Reference,0.7267308128479154,1.3238164197270237
2028,Reference,1.0552931963650765,2.3253198639224024
2029,Reference,1.030332567729779,2.443666813960604
2030,Reference,0.9504788925277412,1.8389010283347602
2031,Reference,0.8127199181140825,1.380856563710239
2032,Reference,0.9369620089894604,1.5227153491809489
2033,Reference,1.1594169078018193,2.5980023226295827
2034,Reference,0.6364212471204712,1.0058220047897102
2035,Reference,1.2212842342491044,2.5669903987335374
2036,Reference,1.294053921824443,2.454695640177164
2037,Reference,0.56145106586882,0.8928529057772714
2038,Reference,0.9453750682814924,1.6696284881162597
2039,Reference,1.222618209342622,1.92757485411677
2040,Reference,1.4141693161308289,2.023686740909767
2041,Reference,1.0458689697814916,1.730953919769135
2042,Reference,1.3090954710470737,1.8535279696116191
2043,Reference,0.5638113759453511,0.9256152814161851
2044,Reference,0.5892943179816619,1.2869105888406125
2045,Reference,1.1174233564123173,1.8069258730711368
2046,Reference,0.8070328589920528,1.800093614315145
2047,Reference,1.0093238144057095,1.5894170976292799
2048,Reference,1.0756375790180952,1.557571697751861
1,High,1.2474932319881862,2.6508581750074853
2,High,0.9758148680795384,2.3128085714810425
3,High,0.9984860692690948,1.4495364699527897
4,High,1.1256342630085403,1.4988355036924474
5,High,0.7127337115397584,1.2080329963641958
6,High,1.4990735785215938,2.7641239332116783
7,High,1.3442218235291716,2.332184523178924
8,High,1.0348026115843667,2.375014431539597
9,High,0.7874279254732466,1.5715141925045515
10,High,0.6810760734772741,1.149130903879822
11,High,1.486171731746431,2.542943971313761
12,High,0.9976172827236424,2.2669772774862764
13,High,0.6911894310729345,1.3061246597143992
14,High,0.7079866746820151,1.2741884406553154
15,High,1.3383263977260562,2.5592869664007196
16,High,1.26021821307592,2.845871424049818
17,High,0.8032978371116517,1.0422137095848711
18,High,1.1505178028418266,1.6797270081295324
19,High,0.8124633641033454,1.556411064800777
20,High,1.3882771280752313,2.271063224627639
21,High,0.7257633179487044,1.7339712223504904
22,High,0.8354530726261726,0.7698010114007694
23,High,1.2432605413253586,2.524312492466848
24,High,1.3707192292263275,2.165610560895402
25,High,0.7283452709192215,1.251333929698255
26,High,1.3088610463545458,2.6666758413915943
27,High,0.898944933779144,1.8830668027989503
28,High,1.2969263268271716,1.9745156947971765
29,High,1.2928767979775593,2.9207852497157205
30,High,1.1062857764969949,2.3290941945803354
31,High,1.00017063120998,1.3806104717343857
32,High,1.4129358132321106,2.9723276739930213
33,High,0.902141859895382,1.7812532682806932
34,High,1.197747116898321,2.3317843413448713
35,High,1.0249131520051633,1.9840089449616727
36,High,0.7397967679778781,1.0762965312210042
37,High,1.123966707505942,2.0295190860282304
38,High,1.2732437951855218,2.6215977412171725
39,High,0.8094432036959085,1.37996128075482
40,High,1.3138059648448706,3.097240096493124
41,High,0.8936330354896241,1.5488343637744748
42,High,0.7615147443377668,1.1145204454387496
43,High,0.5564957159799832,1.1500421505154534
44,High,1.0730121924329836,2.2710451366848616
45,High,1.051317229841326,1.9336360068558491
46,High,0.5170012699668884,0.9383594542953837
47,High,1.3971055326819788,3.3232911618251535
48,High,1.3390073106792453,2.113566334302405
49,High,1.143886704712738,2.4154110023705897
50,High,1.275014261484543,1.8791192751499182
51,High,1.048725181068463,1.4141587510019633
52,High,0.5766745066217188,1.265287209587619
53,High,1.2015011471163466,1.872625324865993
54,High,0.8691139401673659,1.3942226035211363
55,High,0.5402786387353103,0.7586542237019032
56,High,0.8903310056617073,1.6798154855347605
57,High,1.1903436830483043,2.552326365446177
58,High,1.3053612061764013,2.0170260932698483
59,High,1.343585710975866,2.1648853982678844
60,High,1.2171375907889006,2.2604975741438835
61,High,0.6236849607633603,1.3579628729526405
62,High,1.0325286159535811,1.6790792049627896
63,High,1.2660957039713474,1.6383224794432465
64,High,1.3253161299487162,2.105720110431207
65,High,0.8504410434202936,1.589316921614774
66,High,1.396859847984548,2.117340259630339
67,High,1.03840252852377,1.7239699932814148
68,High,0.5048361269368329,1.0738847278189212
69,High,0.6972214522429218,1.4501171578825733
70,High,0.8666174967110669,1.3838529589792756
71,High,1.385935140269997,1.9869509559216993
72,High,0.8310248682250225,2.041230402702766
73,High,1.1603685932439471,2.6478685921587015
74,High,1.337819725892886,2.422909655664597
75,High,1.412147309148711,2.7315456947632555
76,High,0.7063867446329402,0.9014961895847087
77,High,0.9550540952399568,1.5116695013280008
78,High,1.1673912016298342,2.100937587261143
79,High,0.5859736354239833,0.8213134625634488
80,High,0.6571153427947121,1.55642304215705
81,High,0.7551700698149406,1.2853166930662994
82,High,1.3311588707211337,2.726387149210126
83,High,1.0291724945587415,1.7093995894278464
84,High,0.9868633550250698,1.52750070920942
85,High,0.6186386160488906,1.1612550672844577
86,High,0.7706662794962855,1.3934580201866638
87,High,0.849857522087629,1.924852122327735
88,High,1.0723492885461243,2.193830563892618
89,High,0.8459822048846779,1.508904651645544
90,High,1.4338535672433843,2.944694359327542
91,High,1.3589623402390965,2.4483212064209994
92,High,1.1327480649226374,1.7342722953538612
93,High,1.400435856630192,3.0331425574607636
94,High,1.162335342670876,1.888924626669933
95,High,0.8741128124748997,1.4840893631342524
96,High,0.6709882735628683,1.1757047917668473
97,High,0.8547503641226284,1.942498386196192
98,High,1.4433058378651662,2.6001474630451185
99,High,1.3446843108657935,1.997018409003303
100,High,0.7138287614441134,1.2080099342215718
101,High,0.8766334567560761,1.2439357073639812
102,High,1.2291828423764235,2.930715518579717
103,High,1.4450367321467803,2.8163983523423184
104,High,1.4852989345855576,2.129141804617788
105,High,1.4759100791657287,2.6484478791250012
106,High,0.6442047775378932,1.0795535900331146
107,High,0.6700754286101008,0.8171273273102386
108,High,0.5976985543509543,1.4942083218016364
109,High,1.0264875889275915,2.5959640176291146
110,High,1.1022175863564234,1.8532906827484226
111,High,0.9227318155121988,1.5284785212129322
112,High,0.6095384811473213,0.7145881573730897
113,High,1.181227499305486,1.7113750024327885
114,High,0.7010244667596667,1.1275820540181485
115,High,0.7467778379995798,1.6937249713708553
116,High,1.3580410724745469,2.4030528490356744
117,High,1.1701512560706364,2.041851939895878
118,High,1.3403166025782536,2.4642246961458767
119,High,0.961936683539911,1.7981028444870049
120,High,0.7144103295221937,1.166850439168769
121,High,0.8995311900357326,1.8134511883762485
122,High,1.498955224925934,2.5381080524296493
123,High,1.321215568481973,1.9292443727915014
124,High,1.1647204208433315,1.917167493051167
125,High,0.8403462583227002,1.9788009148114014
126,High,1.4956725781638798,2.557668540106775
127,High,1.3454863942168296,2.7435863959488955
128,High,0.6603912600549009,1.5378847542208973
129,High,0.9289769660469638,1.713909908877497
130,High,1.2103130444153938,2.4822278693605426
131,High,1.3179901241321343,3.352157737054
132,High,0.8016296876690738,1.2528463533988585
133,High,1.1545872915266786,1.9188353662642328
134,High,0.8427431153835707,1.2987220579650653
135,High,0.6387930649416562,1.0458645956377524
136,High,0.5357567641767521,1.2485128226422972
137,High,0.8808064299965972,1.226064692146096
138,High,0.8843021041167346,1.8228092467902997
139,High,1.3229483556473172,2.248991663470477
140,High,0.7808393477603806,1.644309759570092
141,High,0.7532431279330825,1.2651716244721243
142,High,1.461235657609438,2.0513663305186327
143,High,0.604295701293872,1.4463431324883302
144,High,0.7729746850847341,1.4352678543636799
145,High,0.8529397650790762,1.6397398350800927
146,High,0.7092380272659179,1.8172123070511077
147,High,1.4813680710342902,2.521348215415742
148,High,1.326175391983602,2.92119616561304
149,High,1.4973156780772252,3.1986499097842227
150,High,0.717144553601909,1.0423880670224293
151,High,1.0257062897261204,2.2385292385406217
152,High,0.7110658933248263,1.7915301819360963
153,High,1.0993060899607348,2.5217775477923823
154,High,1.2885554853035197,2.0660075362578993
155,High,1.137772164970738,1.9702755537862515
156,High,0.6760196689991779,1.451175403131927
157,High,1.4237681225737862,2.238750321277621
158,High,0.6579659568637832,1.4848788532721144
159,High,1.424384566081966,3.1413194309839696
160,High,0.5028879733869459,0.9177212841493336
161,High,0.7752390676263693,1.6074937829985956
162,High,1.2952067408498245,2.076034034229153
163,High,0.6887703105803507,1.04430044804149
164,High,0.5691266554215614,1.0048685670138084
165,High,0.8609602189870345,1.411963566262017
166,High,1.2747037729110589,2.3623530623888485
167,High,0.5589543825358783,0.9132988605014845
168,High,0.6298757575874346,1.0176881733263272
169,High,0.529176011631794,1.1661298230996522
170,High,1.3954028680823374,2.502751317105435
171,High,1.1053957799641494,2.598706955597933
172,High,0.7626274448948652,1.9079459069526195
173,High,0.5205161751684837,1.0925917048690508
174,High,1.387364107728975,2.54771027968566
175,High,0.8614693015873714,1.8676971846484207
176,High,1.0567990864202463,1.4919760161893691
177,High,0.5625896174016838,0.83616944282792
178,High,1.1307582774056606,1.8178406703111563
179,High,0.9567126036574948,1.4176730338631387
180,High,0.8177345404820902,1.0967812342264907
181,High,0.8349035725715339,1.1486327877659974
182,High,1.0565464596331884,2.0388787535566024
183,High,1.2682366523151547,2.2897485657956054
184,High,0.7594155978259693,1.689834797718703
185,High,1.4274248021702125,2.257706631999241
186,High,0.5409850310785563,1.321314904937985
187,High,0.846478566222314,1.4552195996938266
188,High,0.6380296989112191,1.0955249702651813
189,High,0.6658191131902003,1.2082080924662648
190,High,1.2775750590298087,3.1783796143570555
191,High,1.1466001209678396,2.0178072901079673
192,High,0.9745101817961506,1.491223068880096
193,High,1.0769938097487546,1.7291233878804775
194,High,1.2441962306061316,2.0360816077143085
195,High,1.0351748877118785,1.4937512128738177
196,High,0.5496881042413834,0.9961693171358057
197,High,0.8381874545428782,1.538162082960902
198,High,0.5264411859992519,1.3489592612750911
199,High,1.411128430263772,3.1226534912096895
200,High,1.2916131141176208,2.154035586570558
201,High,1.0902252361483993,1.6885589759776138
202,High,1.0474943879058756,1.8207828758997238
203,High,1.0447852890987748,1.8127428255240972
204,High,1.4574868829469607,2.4989272005805816
205,High,1.418185297170504,3.2962728590763675
206,High,0.7164624899609904,1.2424554229665574
207,High,1.288894898424783,1.8830755261192564
208,High,0.7852639953127684,1.2836926657507348
209,High,0.7316233193333862,1.5547296033007427
210,High,0.7924153223181534,1.4116397257514919
211,High,0.5235076962979951,0.9568749604836526
212,High,1.1740045845195448,2.0749598220597107
213,High,1.1242042936547776,2.1620239315735574
214,High,1.1723279585269837,2.3528792410233024
215,High,1.4885878058388196,2.897621575283722
216,High,0.6955496947074404,1.2324282857874067
217,High,0.8021680502361803,2.071165468797517
218,High,1.421844264000489,3.567853487752757
219,High,0.943949354959606,1.323452771767407
220,High,0.6989797462811278,1.155239368257881
221,High,1.213845216029566,2.509750183643945
222,High,0.6615389806629091,1.068269489431465
223,High,0.638583023477461,1.6423716164974422
224,High,0.5081088714465378,0.8291324469231611
225,High,1.1352806962553244,2.0114406941376473
226,High,1.4734016897601705,2.560604028392305
227,High,1.1180733729691403,1.3477537520591838
228,High,1.2040991290536582,2.0016397403782094
229,High,1.1874099233710416,2.003484696727341
230,High,0.8569001614254432,2.0573105057893315
231,High,1.0974980971403068,1.7719230791251022
232,High,0.5662569223439485,1.0634959229833072
233,High,0.8602758127569412,1.4316885221171987
234,High,0.783283035647595,1.0913502478895865
235,High,0.5886575005740107,0.8486021607811978
236,High,0.8374741666178072,1.62640903256964
237,High,1.03805091338038,2.2680749794238437
238,High,0.5259977714227787,0.736330093493148
239,High,0.955115366198474,1.6371340038251958
240,High,1.3870339172032091,2.0225793464731936
241,High,0.7941612211659763,1.0014465266350356
242,High,0.9712240012266364,1.6964022324396808
243,High,1.4207190021769538,2.430642907072297
244,High,0.6643733252818597,1.4784257506214615
245,High,1.3466071083925066,2.6631376761060324
246,High,1.408795430047233,3.1628902817218147
247,High,1.1152662717072044,2.435660272243524
248,High,1.0311944467955665,1.7480966655751757
249,High,1.238568553121992,2.9971811707916913
250,High,0.6463112362176454,1.1217021910633918
251,High,0.6126215606441769,1.1283402033892855
252,High,0.8585631639966163,1.7621493579703014
253,High,1.1384569243728393,1.8737340597956376
254,High,1.0826521825600652,1.7347738955908767
255,High,0.719642135745987,1.186449078206472
256,High,1.2870292130232337,3.01432028216621
257,High,1.1302310118017118,1.8308462382197064
258,High,1.0671882400907178,2.2031013989949315
259,High,0.726497135850119,1.6331285873165058
260,High,1.026254584222806,1.8549434692052813
261,High,0.5839927250076584,1.0143382444467477
262,High,0.9466851052674404,1.8351157968238283
263,High,0.7824544960071678,1.2990337840056014
264,High,1.1029046508523122,2.565730995054423
265,High,0.6647836666687853,1.2479471261197332
266,High,1.315901883158413,2.6181065547054487
267,High,1.4653082529451402,2.86518221711664
268,High,1.0916488164066385,1.9537463185691593
269,High,1.074609524105055,1.556923536681218
270,High,1.1141823119118883,2.3076175267437122
271,High,0.7117049313697286,1.590035389631275
272,High,0.9346290656902012,1.5993649130929626
273,High,0.5797128443531085,1.2511275236897887
274,High,1.1970037825849118,2.1155538952798594
275,High,0.7578723525568697,1.8194823419303106
276,High,0.6744337858807867,1.1935576094401057
277,High,0.6550142598680287,1.183652351954919
278,High,1.3823625264795427,2.9237787429541697
279,High,0.5914592283908952,1.0901228801124248
280,High,0.6967253407056937,1.0277965729656984
281,High,0.98739942704719,1.1772331453818126
282,High,1.1905288181573328,2.4275071515104827
283,High,1.1200195353594435,2.240335924039556
284,High,0.6400302940691085,1.0709166591464694
285,High,0.8516235818723146,1.3799083371624974
286,High,0.5181980333963321,0.7714918390630849
287,High,0.789066723781785,1.554005169427434
288,High,1.3218492037637468,2.1805321480435964
289,High,0.7069562232703025,1.1392423845091386
290,High,1.172393458464975,2.2025472203878422
291,High,0.7505126830265982,1.4193252121780588
292,High,0.8590299443038598,1.4298374739971962
293,High,1.1287692811063563,2.2644347311242825
294,High,1.3588476255226285,2.385918644130882
295,High,0.8773039090376655,1.8685637251794134
296,High,1.3635783915001125,2.454788650383236
297,High,0.713040771520465,1.6579981505000916
298,High,1.3781302894232377,1.7203022010654934
299,High,1.2820691603180898,2.4178086175715237
300,High,0.6208184892008457,1.5641218916090551
301,High,1.1055321397360744,1.9101241071198416
302,High,0.6806411107666591,1.0588439171783577
303,High,0.7175350097540533,1.013338066271075
304,High,1.2652059780204723,2.0423360101142123
305,High,0.9182113958909984,1.3998662644647268
306,High,1.489666532905352,2.5947047341835656
307,High,0.8855507683161956,1.66967505823375
308,High,1.4454002426492774,2.1295464278158676
309,High,0.7025730045117066,1.009489154663349
310,High,0.8970351181179324,1.4627362893416986
311,High,0.7307028907956425,1.4255116001871215
312,High,0.8108789976505908,1.2700717764880665
313,High,0.5995686164527018,1.2659377536951624
314,High,1.088123026104645,1.896280788491893
315,High,0.752643661629667,1.0733836272398776
316,High,1.2592766405766969,2.7623156884215803
317,High,1.220114374324404,1.8111353472384053
318,High,0.797056691597223,1.1816584451883472
319,High,0.6270166605991372,1.078106280481137
320,High,0.8699505317329224,1.5933540107369097
321,High,1.077602193373375,1.7181490378457909
322,High,0.925286444365878,2.1665424440195835
323,High,1.4753792878320875,2.4080727573833087
324,High,1.3249782589482555,1.99124386728667
325,High,0.87371245030804,2.005816974289175
326,High,1.0904929527311262,1.8243003072007866
327,High,1.0236690906202446,2.2546503559751727
328,High,1.4529379358008605,2.266980762261383
329,High,1.367768701747,1.9913285612881282
330,High,1.481812713934005,2.613438347204635
331,High,0.6258472068319554,1.484696356220347
332,High,1.333606516185637,3.042793135838849
333,High,0.775472391221238,1.741912713681259
334,High,0.9104559005706938,1.5982293650857073
335,High,0.8363151480718243,1.3486226026791428
336,High,1.1332129198732468,2.2198805596976143
337,High,1.1510658612337892,2.6993383109044373
338,High,1.0494601193536883,2.0584582081512792
339,High,0.5144999734407696,1.0232070112499656
340,High,0.5064121675917713,0.7064643985564736
341,High,1.1987989425870151,1.9966452899033555
342,High,0.9705649376268256,1.4949330056097665
343,High,0.5962685611609505,1.0314629991403663
344,High,0.8001523167549993,1.3361631944489858
345,High,0.9405965248358684,1.552985707603483
346,High,0.7155919307959259,1.215784805739517
347,High,0.8625239979835528,1.341858443304453
348,High,0.6546133801679905,1.1954786051384474
349,High,1.3992146319578065,2.2399188431180193
350,High,1.2158336018867542,2.6037468392351286
351,High,1.1822615431193495,2.139351603539069
352,High,1.471497755794379,3.3540163751630416
353,High,0.5777714186726376,0.8360637748127893
354,High,0.8298422305630205,1.3416250812047466
355,High,1.171377548203551,1.984159396341667
356,High,1.4066824704950776,2.1946148852912017
357,High,1.031740114528245,1.60225358392438
358,High,1.2286401968856069,1.9022660135058942
359,High,1.0700048933000592,1.6404704038847555
360,High,0.5007585820492184,1.20278913477474
361,High,0.7887496837151102,1.7415496917791273
362,High,0.885813706215655,1.0623097715722452
363,High,1.1601316839930438,2.2625379220005044
364,High,0.5032663696696831,0.9903777283018549
365,High,0.8052780302436359,1.3700677878885372
366,High,1.4360308059916649,1.9949249669412268
367,High,1.0969999788169136,2.1594699160074384
368,High,1.163880400462301,2.599924959271192
369,High,1.482956063529531,2.264891814618764
370,High,0.5710352015716146,0.8937287296895917
371,High,1.3764599192119236,2.3902414696191556
372,High,1.079529684982428,1.284620698369551
373,High,0.6854355963544103,1.0354745955609062
374,High,1.368866202249246,3.021411282947838
375,High,0.6650942512469364,1.1390492562897805
376,High,0.9536921029015272,1.8542334730975654
377,High,0.86284707548649,1.722114604826217
378,High,0.9339021618436236,2.387673647558529
379,High,1.490281550150344,2.046927971948506
380,High,1.1784045936439915,2.4940014094786704
381,High,0.6563447590863846,0.9102251961445482
382,High,0.7274852151184932,1.698220685236052
383,High,0.8754003030913917,1.8734688478001829
384,High,1.3319042564086492,2.1065160330356747
385,High,1.1985658825226704,1.8483988245015581
386,High,0.5725536871167589,0.9585922585205466
387,High,0.7004088746602848,1.7938620996624053
388,High,0.967310047571456,1.8359860850797531
389,High,1.1795572272913857,2.2629348220778382
390,High,1.3143195557148202,1.9345948005953915
391,High,1.4261723841406808,2.138727219253539
392,High,0.905532062972218,1.9277047596055468
393,High,0.9678168149771902,2.0033764639673137
394,High,0.8315097451159057,1.358847836442095
395,High,1.0934093114604737,1.8715526660467248
396,High,1.4669308479901146,2.7180978762006873
397,High,0.8451302400754012,1.4990434303761546
398,High,1.3418936875095189,1.9968821529918586
399,High,0.8980411939296513,1.9485276061481613
400,High,1.1262992603848545,2.4446634777488754
401,High,0.7695463720930795,1.8255801882799432
402,High,0.7419808889059626,1.7909999229455593
403,High,0.8291292166104898,1.7686771669672652
404,High,0.9776746612667676,2.2267553425193682
405,High,0.6609580080066924,1.3547265908800128
406,High,0.8368431073157867,1.7332400965322137
407,High,1.2326523063634984,1.9888195054881521
408,High,0.9294936377722728,1.64879175761034
409,High,1.0042057218031195,2.072832674869673
410,High,0.7638783647340994,2.0786332079925387
411,High,0.9235013087097064,1.6634366239208873
412,High,0.8115385637006478,1.1552299829150883
413,High,1.200792590878177,2.45352596487983
414,High,0.6039585168423284,1.3768003888204348
415,High,0.5464226519570445,1.0853447290474918
416,High,0.5339366759427991,0.7597867686871709
417,High,0.7223131298796995,1.0032410150884417
418,High,0.6181311350497247,0.8816130530432105
419,High,0.728798472843043,1.4470875227167497
420,High,0.944580455402533,1.5929075235550414
421,High,1.4175455222445037,2.284660964473076
422,High,1.1001371218321976,2.1979527685293476
423,High,0.7838711700027376,1.4132568747991954
424,High,1.1820148858333202,2.4326150513083604
425,High,1.1112644873329058,2.5035522040284945
426,High,1.0536773792996406,1.7418390825823877
427,High,1.4480830837163865,3.1661674709161787
428,High,1.3384887313458609,2.4821192848388023
429,High,0.7449753175907347,1.2944966334620958
430,High,0.9643196114027864,1.582522600146163
431,High,1.2305838520150256,2.152078579400481
432,High,0.7497518928859896,0.9616430675998089
433,High,1.283667415940522,1.8436313806183193
434,High,1.264197574940616,2.886767664877482
435,High,1.277861969829701,2.1493592380736715
436,High,1.16954338770375,1.7858679110896816
437,High,0.7234682258250189,1.9600835568427044
438,High,0.5631828558481482,0.8862462183734579
439,High,0.6556570800627982,1.4690244061722595
440,High,1.1877101390341551,2.3647009685319205
441,High,0.5075233461819896,1.2653984564439398
442,High,0.7929644416467989,1.0672899197396433
443,High,0.907611917330125,1.7801339121740938
444,High,1.1761397896339651,1.782888050567692
445,High,1.2965413616194312,2.2902265461349174
446,High,0.8710968162031603,1.4294342929034585
447,High,1.271203547595535,1.8852303476128611
448,High,0.5850750738056436,0.8227011101428197
449,High,1.0928898017447222,2.003988384088828
450,High,0.6470918273581179,0.9666783557854401
451,High,1.451638014036564,3.727179996552138
452,High,1.3666235381349592,2.601898935174461
453,High,0.6136778339828619,1.253176427600394
454,High,1.0687544457438256,1.6899600488880537
455,High,1.0126363010228103,2.1329662635335183
456,High,0.7565794873409962,1.1936808689726846
457,High,0.7431291771186811,1.4174030549350363
458,High,0.6869284012694167,1.2602963622629701
459,High,0.6705814318054407,1.1831049141202996
460,High,0.5244883715643358,1.1593633522316935
461,High,1.0233949187299474,1.4195019717516573
462,High,0.8955817260732122,1.880685411202748
463,High,1.0942159549589223,2.1890797401150905
464,High,0.5114204148175584,0.7359358159476841
465,High,0.5607679799380179,1.4600074883587624
466,High,1.120915245942833,2.3077446829215944
467,High,1.384751055307338,1.8845878052942027
468,High,1.273940551344575,1.918264081012424
469,High,0.6068553345242926,1.576718464221571
470,High,0.5299877003534627,0.957727989656167
471,High,0.5675917993231792,1.1644423815512752
472,High,0.8542186557667577,1.4032965706027625
473,High,1.152611094621581,2.8261344108854587
474,High,1.4441651921384846,2.901725175229757
475,High,0.6873812602435537,1.6729111238016543
476,High,1.2049706056298275,1.6717679815218958
477,High,0.8864295877403048,1.2433826294096235
478,High,1.165375668931647,2.061017980262662
479,High,1.4771357187242824,1.9346233915050703
480,High,1.2319518072779458,1.7928468874648473
481,High,0.7630944015461014,1.3751079261233912
482,High,0.5474889036476542,0.8125852830074685
483,High,1.4525487481309027,2.158542772074668
484,High,0.5224610192159539,0.9163666804110449
485,High,1.2530242149977,3.4085226157439195
486,High,1.3850087752336888,2.4882017913172803
487,High,1.1840379224141273,1.8491750971613925
488,High,1.380712851610873,2.4394844008573955
489,High,1.141931219279537,1.943248600806342
490,High,0.6290151495962542,1.3004876581005789
491,High,1.0074868308744933,2.6586829152964384
492,High,1.2129302705785188,2.1016222554588353
493,High,1.2193914530561625,2.6443993742653333
494,High,1.1135951964812567,2.5229486128570784
495,High,0.6905807822092034,1.2446608523409992
496,High,0.575015564714679,0.9175663818036703
497,High,1.3396864530979535,2.1597964429155354
498,High,1.0800933123818823,1.8091613483326654
499,High,0.5848184396245686,1.0456771622545133
500,High,1.2466683334773394,1.6151686068032092
501,High,0.5784287677763494,1.1131964380120891
502,High,1.4324038270355397,2.9896239590634934
503,High,1.3914593039220535,2.0854363637877498
504,High,0.9259024838053856,1.895127728404475
505,High,0.7012307915328343,1.0947741134480893
506,High,1.3739121977592617,2.3641594056290955
507,High,1.2235610200927771,2.035687123291126
508,High,1.303772767396567,1.8983440661339301
509,High,0.7186782976567975,1.6466016478023846
510,High,1.0242499148038235,1.803970167645403
511,High,0.5333464348595658,1.056970312032952
512,High,0.8214811799630272,1.3291884523902482
513,High,0.8327878484431719,1.5002708584259778
514,High,0.5484745154002068,0.7998608770400466
515,High,1.2985137629162695,1.8260522265872368
516,High,1.3626843374075588,3.192305282348883
517,High,0.5010668702574586,0.839692717745276
518,High,1.4282708274163274,2.805449532522573
519,High,1.0527724498162687,2.0559901570366463
520,High,1.2806530834024814,1.846118913069759
521,High,1.3560060549161426,2.2548434297300872
522,High,0.5644027145692644,0.8828932560357501
523,High,1.1567784664857883,1.4897603313266714
524,High,0.8606395267663915,1.8787844797104611
525,High,1.223640445741764,2.782723994810553
526,High,0.8789450151187501,1.3904047848642236
527,High,1.4790543418506328,3.658692542545566
528,High,0.9331617287217108,1.6234381521692427
529,High,1.057409074817741,1.9398381061008791
530,High,1.361007286066653,3.1372191511545964
531,High,1.491010257026076,2.3095239121571183
532,High,0.5240641732712196,0.7771460475740959
533,High,0.8620694608151549,1.356293881026808
534,High,1.4421103542149225,3.025789443857718
535,High,1.017333455262755,2.204606612325307
536,High,0.5673102998153079,0.7310293842222535
537,High,1.4377612074084505,2.0928211520418927
538,High,0.5947808326285872,1.508393197657199
539,High,0.8893867203046041,1.7784830076944758
540,High,1.4483287797288216,2.579250933911169
541,High,1.1040797559166924,2.2674356196793184
542,High,1.0272467626451809,1.7374098691032316
543,High,0.7050456864672915,1.0852248641445073
544,High,0.9013285661795276,2.032020703087923
545,High,0.7722359183941476,1.5909722044161825
546,High,1.325957128736276,2.7363725825512404
547,High,1.2022688436488669,2.428500031790236
548,High,0.7844885828260497,1.3056046091732938
549,High,1.0627848907404336,1.7801614372373535
550,High,0.6034250243925716,1.272713284563693
551,High,0.7728018183898299,1.381788827755905
552,High,0.7817494314553589,1.251919250937874
553,High,1.2513002897599577,1.9927059986023323
554,High,0.5480211531668626,0.6564346831659833
555,High,0.9430427917488836,1.5864866606127208
556,High,0.6431485771282477,1.393751529771606
557,High,1.1443230737570982,2.582578165832203
558,High,0.9784440943214476,1.443618097493136
559,High,1.233194733212981,2.293423997622696
560,High,1.052434961921285,1.3482465265906853
561,High,1.4604174223638529,2.4984279614158
562,High,0.8649664220250914,1.5502734992237919
563,High,0.6862279337838234,1.2692163157683183
564,High,0.5002456562410903,0.7427992246561601
565,High,0.9543490968418598,1.5208393845910564
566,High,0.770440022836725,1.373731076622974
567,High,1.1733864301308703,2.3854953080857086
568,High,0.8369839146668132,1.1099614619056766
569,High,0.8538521489016548,1.2112973780367753
570,High,1.2181563011953844,1.811051665571128
571,High,0.701940775474876,0.9789489439106198
572,High,0.6228440005227678,0.7570770128899333
573,High,1.14951048054302,1.9961846547718096
574,High,1.2449438315524817,1.8713591234004383
575,High,0.5223502104131809,1.100590294490388
576,High,1.4799313614746676,3.896624997377586
577,High,0.859439584243309,1.1853991610445291
578,High,0.6452380792434647,1.2505322441864095
579,High,1.493210848631927,2.4641841727370206
580,High,0.9839804755112692,1.482468002213352
581,High,1.1804938899897488,1.9956131144380578
582,High,1.4699061657196455,1.8884585019452231
583,High,0.9634976682038846,2.102075399054854
584,High,1.4779659252833928,2.694317684865993
585,High,0.5816274816961124,1.1835992564793045
586,High,0.545645333986887,1.131841658224964
587,High,1.4404767438448105,3.0066405979385706
588,High,0.970707128628195,2.3927377146221005
589,High,0.8562301833261325,1.3372095133685065
590,High,1.443711555154955,2.427755718451934
591,High,0.5158362479143748,0.9077204293166083
592,High,0.734555450177166,1.2160857535725
593,High,1.002143442145019,2.0206919777092196
594,High,0.6515808461371156,1.3860813107132586
595,High,1.2465181045689022,2.6402611802664353
596,High,0.981083592225531,1.3332121411685094
597,High,0.6150235133375885,0.8868885197820937
598,High,1.476381184470282,2.5031543091903075
599,High,1.2569656105790243,2.7578261822578582
600,High,1.1530319862043248,1.7118582148058294
601,High,1.4635318408056253,1.9030254422026331
602,High,0.6542063323763498,1.0252858403436562
603,High,1.336729444951037,3.092642121665932
604,High,0.6059253275915011,1.2510370174459524
605,High,1.211009869303675,1.7998971785244464
606,High,0.531072856618045,0.9069604992228939
607,High,1.25032716075297,1.7794927873439974
608,High,1.3614724109177525,2.955262832438194
609,High,1.2389329535726656,1.820314583999874
610,High,1.4193979310094471,2.7834124713627375
611,High,1.078977710229251,1.6864457139242006
612,High,0.6368622358871205,1.1687197528178146
613,High,1.3047275107532084,2.7174265441093155
614,High,1.4666475888841837,2.688465924356734
615,High,0.965869713105451,1.8407827239747974
616,High,0.7770178015529109,1.4303761996962052
617,High,1.3702277207823406,3.1567085863357818
618,High,1.1913063236789094,2.466744431665802
619,High,0.8207191297855927,1.741850867429065
620,High,1.407894230101956,1.82247187489088
621,High,0.6408591583056729,1.2172258029877696
622,High,0.7055819957196996,1.6466942374404567
623,High,0.7710512365989857,1.1465062720380743
624,High,1.3483472831183925,1.7701016882579808
625,High,1.4174786732522386,1.993106850159748
626,High,0.5152862639534699,1.2124153906178776
627,High,1.3579090997820362,2.7847876145582973
628,High,0.8137752636271849,1.8274423357182883
629,High,1.4149280288762287,1.9024201832491343
630,High,1.1630436831532591,3.024183744424306
631,High,0.6573438377254952,1.1382043364939705
632,High,1.4532705066085398,3.2944347004268764
633,High,1.396014993318359,2.1167401075982752
634,High,1.4844612961197998,2.209535693281026
635,High,0.6585084417486053,1.495671300675312
636,High,1.242566482373043,1.7527961344866725
637,High,0.8828671489230111,2.1169041562461217
638,High,1.302623437626954,1.855265360131142
639,High,1.4264586556831484,2.4888748575219637
640,High,1.0852167339815848,1.8925511906241468
641,High,1.2084621331144527,1.9146817786256207
642,High,1.2480862320611656,1.6081039270800375
643,High,1.34605435141992,2.625782112574697
644,High,1.390628699392483,1.9506342091145683
645,High,0.9138687902520712,1.6890440860013882
646,High,0.9069390235626166,1.5622605856108294
647,High,1.4543590090958376,2.4421257421338396
648,High,1.3481414271009162,2.2312501307455648
649,High,0.8511722342489532,1.191296920534505
650,High,0.863998606295572,1.448411086018119
651,High,0.7659939553915326,1.1386854493105076
652,High,0.6915451153604004,1.3680167653423894
653,High,0.8837021146041731,1.1850648968311148
654,High,1.4169169406222144,2.945338340762646
655,High,1.4519097480377776,2.664783781706717
656,High,0.9878355812680414,2.5005317993540785
657,High,0.5753151331703232,0.9686349996341441
658,High,0.6336781524845899,1.1365133305845703
659,High,1.2921949054153647,1.5650084510680315
660,High,0.894415119886972,1.2421775374767634
661,High,1.4979939327165996,2.3239411119472777
662,High,1.3002997984573597,1.9963692551029055
663,High,0.7296560912264761,1.0373285605608444
664,High,1.084739619376124,1.5999342061271946
665,High,0.7569416936440541,1.4821397337551758
666,High,1.4867406187725896,2.848410786226111
667,High,0.6617808890520982,1.5465733943640174
668,High,1.2421842492739126,2.148142514439641
669,High,1.3768936232555535,2.331250272668129
670,High,0.918513921840416,1.3862975579912344
671,High,0.9796368322943496,2.1328282582461924
672,High,0.5421864744934268,0.7845464977758283
673,High,1.0837533407851745,2.15545551184411
674,High,0.8267023277448948,1.4522857130841658
675,High,1.032930393284848,1.8100127611937609
676,High,1.0607148583124677,2.633560879820166
677,High,0.7095267444144748,1.1934118016016058
678,High,1.166329057098906,1.7164212817982474
679,High,0.6087048348310978,1.1586041345467564
680,High,0.7413064321743528,1.8614248600274692
681,High,1.2914938065821784,3.389380961412826
682,High,0.969569184409538,1.7074261805834823
683,High,0.5177237739395508,1.249110840869939
684,High,0.9724481931567052,1.9767851873601359
685,High,1.425021459392172,3.792967040397258
686,High,1.148592937265267,2.6474807245304532
687,High,1.278689559021959,3.0393742646056694
688,High,1.005376010066084,1.6705598178678542
689,High,1.0432463409446604,1.9949852782748252
690,High,0.516331465308348,1.1412675320278396
691,High,0.5270228702241263,0.8485229536398045
692,High,1.4313153118285142,2.673113643991883
693,High,0.8257483502790297,0.9794564064863707
694,High,1.422349559286857,2.0297775402213745
695,High,0.8731781163663874,1.4333140483257623
696,High,0.9063792762673326,1.5481068320029934
697,High,1.0190155471602913,1.797206278583161
698,High,0.8782727214670155,1.2645450274037913
699,High,0.6093080278312639,1.4192141631967132
700,High,0.7293942075249615,1.4029823150481207
701,High,1.35230422347349,2.308482977692094
702,High,0.790942358438161,1.189328355745701
703,High,0.8083467593075131,1.0481871198982233
704,High,1.2936568669332231,1.7307604672273555
705,High,0.942356207855182,2.164750038511599
706,High,1.042342790573021,2.191510194021461
707,High,0.9762413784133452,2.4732855825955653
708,High,0.5941964119231151,0.9893973957557662
709,High,0.6351631205703872,1.1242662822371656
710,High,0.872896114639424,1.991982182478722
711,High,1.332431099057259,1.785441405691273
712,High,1.267340370786557,2.4471263292081744
713,High,0.5284155290690753,0.6368080462102501
714,High,1.0386183238716329,2.5382519944838293
715,High,1.332691135122296,2.3648726620599376
716,High,1.230025667887956,2.4850697408690223
717,High,0.9485987068803406,1.6351743780632262
718,High,1.119612725006987,2.340914114014822
719,High,0.8408488446605638,1.0521317747546348
720,High,0.8658280301276493,1.8498564611340385
721,High,0.6260244604671197,0.7463831328366055
722,High,0.5622071880276905,1.1215701869617405
723,High,1.1769325300359592,2.4079544740670116
724,High,0.6316845834561533,0.8598948192105134
725,High,0.8445551801502957,1.4919139433169306
726,High,1.3279826695216386,2.0648733944093607
727,High,0.5508982751869731,1.2157084120970012
728,High,0.7573501263807663,1.1472046888647256
729,High,1.1189033517813316,1.5667632931393385
730,High,1.4308152849854303,1.7902105649712041
731,High,1.161008077623834,1.587986185215442
732,High,1.3269031659582078,1.8232925083650429
733,High,1.1885907721857825,2.6770635395824627
734,High,1.0471221004201543,1.6502252921283258
735,High,0.7869051826100876,1.2862817574722811
736,High,0.8172679749141305,1.6056249857815956
737,High,0.5998505100970095,0.6441256346327222
738,High,1.4491902059199635,2.697582631364483
739,High,0.8814190815798308,1.5287645908193852
740,High,0.8272568726407832,1.3103445689995752
741,High,0.7337742711977187,1.455189590207695
742,High,0.936312239575254,1.563942002889462
743,High,0.610057087827436,0.9897877259207668
744,High,1.3295805097214983,2.009827136647459
745,High,0.8048638906292387,1.68622603873294
746,High,1.4836297962091376,3.872410050289858
747,High,1.2019818704229737,1.9432992101586564
748,High,0.5581942839999738,0.8799436493727342
749,High,0.9570745600765492,1.5420453942967072
750,High,0.938121416318238,1.2377521728454397
751,High,0.927077868397455,1.3114800253926617
752,High,0.904788329070377,1.6009972234278464
753,High,1.118489424673552,2.081681388530569
754,High,0.8278273412467899,1.6614287348239714
755,High,0.5923006226959655,0.8379074054448274
756,High,1.3854534642690792,2.005565831373474
757,High,0.9912473471178792,1.9206894872042994
758,High,0.9274536452274704,1.4680117087058306
759,High,0.9750855888301138,1.9018797400305516
760,High,1.1124581438259402,2.0954638953707416
761,High,1.4694190994459753,2.880636442303782
762,High,1.0101351909678078,1.54735291523955
763,High,0.5107970025135509,0.6943821811820534
764,High,0.9940305119026948,1.4358197058824445
765,High,1.1584811409784657,1.629401156679279
766,High,1.416320702776274,2.1295592057497856
767,High,1.0339566724428968,1.6552601779166167
768,High,1.3642599921105136,2.738383422267674
769,High,1.3073155338852809,1.9373016692262013
770,High,1.1232195269970493,1.7747933320315497
771,High,1.4654113501113946,2.5536292428359957
772,High,0.7774098921505632,1.1308517402231786
773,High,1.140612099621313,2.575860677005494
774,High,1.378995738314773,2.4815713098823267
775,High,1.0164134265483238,2.594906314092711
776,High,0.7356102549412982,1.405546942910341
777,High,0.6894572290167749,1.2057479416794905
778,High,1.0045661825579857,2.0528200882531706
779,High,1.2399711288041295,2.0989076048764446
780,High,1.0960638979953965,2.1184580444471806
781,High,1.312080550866515,2.1783542113904275
782,High,1.2567606259447208,2.3041315233636794
783,High,1.4643538252756731,2.985525111980394
784,High,0.9663278855136164,1.6637866489604392
785,High,1.2206390682313937,1.6998166637728218
786,High,0.9415864724543792,1.433469694120376
787,High,0.7985918020417551,1.1740757756415476
788,High,0.6104047966325192,1.5198725923238499
789,High,1.4644523423435976,2.492118863720407
790,High,0.8315747249845091,1.7244633706446706
791,High,1.0591132050292418,1.7377902579672195
792,High,1.214460981251082,1.829836434124232
793,High,0.8104744405405492,1.789148738750768
794,High,1.4686092678697131,1.7674501982044006
795,High,1.0091037544120214,1.9582015657315708
796,High,0.71413564105662,1.0666905460313387
797,High,1.057762440467311,2.7516545846870457
798,High,1.1446332175021143,1.4562625912905958
799,High,0.6748738891087898,0.9837115794506772
800,High,0.8927088420764535,2.1710397848536047
801,High,1.0679654474524716,2.0145182752813895
802,High,0.9321999878071489,1.5773028417934114
803,High,0.721005478717254,1.5303967695547485
804,High,0.9832280486943562,1.5312945652346883
805,High,0.9579551837758143,1.4878974311197979
806,High,1.4594847160771396,2.328000194172361
807,High,1.2230556537848942,1.830740566431004
808,High,1.4942121344095844,2.4111323552650674
809,High,0.7849033495287545,1.4841996488394145
810,High,1.377514298287846,2.4218417346446586
811,High,0.865701131687391,1.9444186393906904
812,High,1.1092009499307394,1.6078017977991266
813,High,1.2176525040630977,2.6876178850197476
814,High,0.6877648763178879,1.0952526006366767
815,High,1.366840888311806,2.2040206228107024
816,High,1.4212354158496885,3.1101955308735114
817,High,0.5514174225193185,1.0809042261222999
818,High,1.0642227858880902,1.824160112744778
819,High,0.6662939795087602,1.1233354719771214
820,High,0.8236495076099193,1.2923814865662706
821,High,0.8429316206150311,1.3532729697908152
822,High,0.989475859517122,2.0788251485605826
823,High,0.668142277144495,1.0594620317924708
824,High,1.414053300719555,2.416380349559077
825,High,0.9655992946704576,1.5492916106609016
826,High,1.471021592021446,2.6239344368181605
827,High,0.5351727005393763,0.9199846228897393
828,High,1.1348202991562484,2.39191439034461
829,High,1.176543315784485,2.3217249478827
830,High,0.7378069223362907,1.705243811646568
831,High,1.0120048526831855,1.9614727129223297
832,High,0.8880350811693597,1.6104997268138348
833,High,1.2311209664459604,2.564291492828488
834,High,0.5451489223076195,0.7915574795019005
835,High,1.0478743169562912,1.992705709491787
836,High,1.3493133021434731,3.0444915793615905
837,High,1.2253606682544524,2.560429902973965
838,High,1.2139089543300452,2.1128987844590768
839,High,0.8964289104801592,1.8091950488973083
840,High,1.099980181043452,1.403146017846879
841,High,0.6027064181449149,0.8958671923151655
842,High,1.3794205322468696,3.5172313097601204
843,High,0.8189095772869085,1.2623528928435874
844,High,0.7438029254537352,1.7644090272256534
845,High,1.405887273128437,3.701095510259478
846,High,1.3273319687768876,1.7211585259868798
847,High,1.0459534193089053,2.0461436087392855
848,High,0.9632103490695852,2.5611944098442336
849,High,1.4287166756826268,1.851198976168348
850,High,0.9164805401722008,1.2927123144685169
851,High,0.8467095916038492,1.490658694210083
852,High,1.2440294725379386,1.8424925791057234
853,High,1.3207381342662434,2.2229744532786384
854,High,1.0067068459065704,1.5786836211865634
855,High,0.7350807409466339,1.1777890615674949
856,High,1.0603284400247133,1.7257548510924607
857,High,0.7815257976730734,1.5472889474502978
858,High,1.1408484499606086,2.55648437673581
859,High,0.5973011859582247,1.1502496683917158
860,High,1.3536528695062349,2.470015804945959
861,High,0.7539568392745503,1.3460991176333792
862,High,0.904685222686521,2.0426341788352715
863,High,1.235866355924481,2.3143031838936707
864,High,0.5982401432921756,0.7553062525512537
865,High,0.7301154413044563,1.2928202244632203
866,High,0.8900248601548608,1.9670418427494667
867,High,0.6436007035303595,1.1018363945387364
868,High,0.6284190053078286,1.2270945057227536
869,High,0.5813133635753442,1.1250173727614978
870,High,1.4115247245195004,2.817059998910878
871,High,0.9966743074046572,1.7652385810038993
872,High,1.3125494781184566,1.6770603016973666
873,High,0.8819299398841243,1.895091693354047
874,High,0.7960031704965322,1.4499986915482808
875,High,0.541747022919894,1.219019057742102
876,High,1.3061134637114016,2.4236559091832532
877,High,1.38925003015424,2.7800536958613122
878,High,1.0714783469327158,1.9725036583540714
879,High,0.8153552613373469,1.1640498052197756
880,High,1.3416044014000574,2.4883960996258736
881,High,1.0284393727763217,1.687225727739488
882,High,0.6458352971334593,0.9177682535188403
883,High,1.0782049687581077,2.6334110757294553
884,High,1.037302026507998,1.7269163908361662
885,High,1.2184101465776067,1.84246197480293
886,High,0.8065220850718735,1.3228339888542706
887,High,1.3867175919073145,2.575635699733013
888,High,1.0408909741037726,1.5514854644424716
889,High,1.039562577061695,2.2727807008818246
890,High,1.3020941768045082,2.609647104581043
891,High,1.0405180976614468,2.170099600858265
892,High,0.5139520228269086,1.027188777134043
893,High,1.2840408148013285,1.994583233441432
894,High,0.96837668809861,1.6606379856644935
895,High,0.961700888044466,1.5488715980715568
896,High,1.020776119263979,1.1859279556507616
897,High,0.7151627943975712,0.9745884574770258
898,High,0.6818328199836753,1.4596657095334749
899,High,0.8668587756491712,2.043529417029646
900,High,0.5281360232445728,1.1374979079267646
901,High,1.132224803559137,2.4976175971350045
902,High,1.0217606061048945,1.6312913423191588
903,High,1.1993556251453026,2.769771501650723
904,High,1.489151438552336,3.8153407268604838
905,High,0.7487207997192258,1.178790023872999
906,High,0.5821302573970788,1.0645123729732475
907,High,0.5098061645352504,0.5887180475519287
908,High,1.392025659679752,1.9363276435220627
909,High,0.8576944905688811,1.569950023724175
910,High,0.9211651586675028,2.0340801728141855
911,High,0.711963587121817,1.3552086702762836
912,High,0.5596374190553349,0.902829643948202
913,High,1.2128377375421264,2.3036530714102526
914,High,1.4154948389404989,2.5894251913323814
915,High,1.2551411045582976,2.6342792065989187
916,High,1.1581933344877442,2.264901736383081
917,High,1.254796192537566,1.9826868312752737
918,High,0.7465409713139214,1.0431696040754446
919,High,0.649036817737624,0.98191793550928
920,High,1.1202885854758555,1.6356695511408859
921,High,0.6737002029707491,1.0047085622620955
922,High,1.136934749032127,2.21370590853347
923,High,0.9094173197928948,1.9092844017769863
924,High,0.8395251548031607,1.2280772930188704
925,High,1.1643611418207391,1.8161892383002112
926,High,0.9768690221467772,1.6633269367863477
927,High,1.137466092670663,2.6549901669349367
928,High,0.8323168361206443,1.7511873710521684
929,High,0.6232486770230837,1.322885217354738
930,High,1.3943269461416663,2.2569268962101035
931,High,1.458793250149574,2.149717145824127
932,High,0.8984601200656088,1.2465093888912122
933,High,1.3841607478405171,1.967029129051582
934,High,0.9774952280393876,2.073587721621351
935,High,1.3752400497396016,2.7930685346285316
936,High,1.3148111348848808,2.3424960746922636
937,High,1.1414227164875317,2.456455833845368
938,High,1.3817229523907493,2.0834821333668003
939,High,0.9933685287150922,1.2514520448346502
940,High,1.1557649627198463,2.103809068160004
941,High,0.9396123884736604,1.4860062431829064
942,High,0.8787719153878069,1.4605452368660181
943,High,1.3550339891249918,1.9007603007035812
944,High,1.4784970235922816,2.3693155460363187
945,High,1.0176988236649986,2.031414851966872
946,High,0.5061508186104177,0.9007775666130371
947,High,0.5855926830374667,0.7232947075450831
948,High,1.3660000680094688,2.936824377578162
949,High,0.6633237108040358,1.3343221035946513
950,High,0.95169673392544,1.547807604985863
951,High,1.459306373756303,2.30286414652835
952,High,0.6893498753373366,1.7053311023924351
953,High,1.296290573963286,3.110281241625273
954,High,1.4882444734083573,2.513959910882221
955,High,1.16586263242225,2.2445798825527987
956,High,0.9246550945672072,2.193988089961124
957,High,1.0811162278168829,2.4993230299295277
958,High,0.7741864220711939,1.1993459550585115
959,High,0.5668160776081432,1.067263593964391
960,High,0.7967254099209029,1.1786407819194338
961,High,0.5791761991002139,0.8922260211807966
962,High,0.7028893856932876,1.7673783003305914
963,High,0.7197459015549317,1.0977932147793013
964,High,0.6595143737436588,1.2950929409354899
965,High,0.6774856545618546,1.0304828481006894
966,High,0.5460175123047472,1.0687480901840658
967,High,1.401621178116871,2.987852469281677
968,High,0.6121549590234232,1.120557289474334
969,High,0.8193858720690803,2.0978923426424103
970,High,0.5645313197327431,1.3969577168290002
971,High,1.393402956096573,2.0936250023727325
972,High,1.3360149179587832,2.3076174845786
973,High,1.351806120753496,2.931148893098282
974,High,1.0711418046205798,2.4815138565488866
975,High,1.1008253111645652,1.9207424569243159
976,High,1.4277690296967562,2.7490666277898725
977,High,1.0796277320003884,1.8608613984499698
978,High,1.0622679010538656,1.8835820248798
979,High,0.9584189664178502,1.6308630991324122
980,High,1.2638031061825314,1.8237319192411405
981,High,0.6882684595124505,1.0375056810860315
982,High,1.3544401856568378,2.1127924713704545
983,High,0.6857764313762365,1.1986859834264578
984,High,0.5344299942270103,0.7768738608948489
985,High,1.3008759776951566,1.9782752593647075
986,High,0.5428930832688768,0.6423941762638172
987,High,1.1100689335462757,1.8419703247155752
988,High,0.8179184836140676,1.3847602282184823
989,High,1.055026428338111,2.6143999850437183
990,High,0.6007174665505493,1.1598040127814926
991,High,0.7684260296983402,0.9479077397657925
992,High,1.4029262680859036,2.488033863350779
993,High,0.577324994902674,1.0090018063068449
994,High,0.7641637708057711,1.8506503286854894
995,High,1.0985804909814472,2.206310383064718
996,High,1.419598206405893,1.9627923102943612
997,High,1.309826754795869,2.277920023217831
998,High,0.7051535962867049,0.8945765266815471
999,High,0.9088242821538568,1.342800870018138
1000,High,0.9177591981645062,1.4228969362911101
1001,High,1.4704110001508868,2.3009261429238563
1002,High,1.0720293351603338,1.7516336000300612
1003,High,0.921800492488486,1.930267285067032
1004,High,0.8212867304201841,1.9609519001927112
1005,High,1.1513885056098698,2.0404896494273146
1006,High,0.9787778762174272,2.442410572786116
1007,High,0.5760913956077256,0.9063620313914633
1008,High,0.7074910591505345,1.6638308748462833
1009,High,1.2241519675362036,2.1414006782724755
1010,High,0.6318816587884147,1.0077715459356291
1011,High,0.9790764482520888,2.073479151040985
1012,High,0.6926593329384745,1.2938547301500734
1013,High,0.6596974442834656,1.4231113469875751
1014,High,0.5216082198882614,0.9765756049064649
1015,High,0.635867509772994,0.7411178504913174
1016,High,1.402135479848143,2.6872747366189316
1017,High,0.7377146714220402,1.2972924284303176
1018,High,1.106512867980331,2.271091367811138
1019,High,0.7205852605059793,1.268991078418587
1020,High,0.6753360919484889,0.9683529271876523
1021,High,0.8186527463910129,1.2830082928720827
1022,High,1.1706336521771972,1.536843984476235
1023,High,1.3370103887706386,2.5963429212511926
1024,High,1.1956383115703364,2.2669347350337574
1025,High,0.8332669764556582,1.2926369574053354
1026,High,1.4203606770626602,3.0386552775916016
1027,High,0.5320251582572038,1.0055475759809127
1028,High,1.3921251683452878,2.9989254678977773
1029,High,0.7665230909763695,1.2590812118654924
1030,High,1.1926564297578337,2.2614497072080724
1031,High,0.8029543659621665,1.8710102461208322
1032,High,0.8416162165005728,1.6221128668044216
1033,High,0.5350262156653933,1.22729308234792
1034,High,1.4027772568871697,2.711817041935447
1035,High,0.7368524371285885,1.24217801199638
1036,High,0.9815769128942292,2.2734478198634633
1037,High,1.281158270751782,1.8173744788478814
1038,High,0.9286775314531368,1.9743500797667366
1039,High,0.6266863515522024,0.8468223450629253
1040,High,0.6073698228012024,1.241590302142761
1041,High,0.96267659953846,1.9012669740675108
1042,High,0.9593021670439692,1.6225746680920636
1043,High,0.6788977103335304,1.0860119359986342
1044,High,1.330046941067911,2.258694924176865
1045,High,1.216465728034131,1.809872215262729
1046,High,0.7517324283771805,0.9861943966338274
1047,High,0.7651033986403686,1.6039042502737573
1048,High,1.4953473818850296,2.4948257057008334
1049,High,0.721470401945722,1.17113366858149
1050,High,0.8910514850906996,1.4219019835198594
1051,High,1.4964336413855055,2.0378229677631907
1052,High,0.8931237752649238,2.21139593510496
1053,High,0.9108486946523264,1.4227159184744593
1054,High,1.4039572048390765,2.666885793326003
1055,High,1.1145352557146628,1.7685602073648568
1056,High,1.2667790370275944,1.7962354036355492
1057,High,0.8011531503936156,1.8513664752678949
1058,High,0.5134675071765608,1.1961152371277919
1059,High,1.35977690136742,2.817005179870023
1060,High,0.8506414098527643,1.5388522219590115
1061,High,1.2346341046594675,2.317097382125368
1062,High,1.0979961726165053,2.0526736952900677
1063,High,0.7107273613061141,1.9173606937102647
1064,High,0.5786632107473615,0.9130418137172995
1065,High,0.6973575124667021,1.4072730613509847
1066,High,1.3686398838629628,2.3784896535246105
1067,High,1.3154287396133972,2.4623293930680035
1068,High,1.474543358813969,2.278792297591437
1069,High,1.0690717177654765,1.6882115993290085
1070,High,1.007032834125976,1.9768605083129387
1071,High,0.935082933619808,1.7166957100686489
1072,High,0.8952630938162914,1.2443482344544066
1073,High,1.101415588442486,2.0837621348596684
1074,High,1.3994692991746052,2.5338343169478463
1075,High,1.3638999392997828,2.5332985490537965
1076,High,1.3307895638399825,2.9218514026874516
1077,High,0.9472185851490073,1.5381722929015424
1078,High,0.9125077729257176,1.7011439347268862
1079,High,1.4966244778754567,2.651360187544725
1080,High,0.5575158223339118,1.0012658037436601
1081,High,1.382953437068623,2.8962442379482525
1082,High,1.430172476008655,2.6809104733702753
1083,High,1.2850057915450428,2.8787432922750753
1084,High,1.224705574140707,1.572810270189109
1085,High,0.7764186075877197,1.594093814967934
1086,High,1.0153910508126582,2.3612642433422195
1087,High,1.2801277744860506,1.6496012760405705
1088,High,1.3044094180618635,2.9936466904345025
1089,High,1.1431390490485565,1.8174863569983586
1090,High,1.215178739091268,1.9879812160138641
1091,High,0.5567706217229584,0.877218804250905
1092,High,1.061059046529146,2.3206589793482237
1093,High,1.313472167427128,2.159131632496667
1094,High,0.6144352873800726,1.5218745690872666
1095,High,1.1166990811718307,1.5506565295705457
1096,High,0.7737942002784867,1.3146618586694103
1097,High,0.5326692457279023,0.7990877944939427
1098,High,0.5744654369679159,0.9131149979663782
1099,High,0.985898763349213,1.8145759700941966
1100,High,0.9006868071931329,2.300795543728796
1101,High,0.8303355528784531,1.1621136663440836
1102,High,1.0018663820903717,1.7528669194014697
1103,High,1.0362122008836492,2.24177455773696
1104,High,1.4466619424183853,2.290211264704766
1105,High,0.913418532095472,1.4716347741680806
1106,High,1.408439772402819,2.719652204993281
1107,High,0.8338724330898095,1.320638201587201
1108,High,0.624195390579661,1.38886085349246
1109,High,0.667067435301239,1.2741048864860645
1110,High,0.9267009645465196,1.4339090532351833
1111,High,1.4101398923691804,2.815627365862298
1112,High,1.4661934466926585,2.9512831859238133
1113,High,0.915486412695622,1.5006340596972052
1114,High,0.9037520407713155,1.3076025347196918
1115,High,0.635502425495162,1.307266496659203
1116,High,1.066474038937768,2.2720501239432878
1117,High,0.8701380437608187,1.3644542560102693
1118,High,1.471903224552258,2.511788990590915
1119,High,0.8642707572355759,1.4191534339526797
1120,High,1.374556741414407,3.2979621765834395
1121,High,0.509359884173432,0.6511476380236303
1122,High,0.9000884571148867,2.044708536962972
1123,High,1.2978053554972813,2.4582733868292763
1124,High,0.6848741557606441,0.8742719931586542
1125,High,0.6310474989144265,1.428344828242139
1126,High,0.5803700914183343,0.8233326212544583
1127,High,1.204461908140055,1.7439168508553564
1128,High,1.3565206394331033,1.9929571867585025
1129,High,0.7611493015646532,1.907326098816327
1130,High,0.6254735663050499,1.1674966861088976
1131,High,1.169141951011373,2.644341318817723
1132,High,0.793672471713859,1.7707912031473256
1133,High,0.7484910210822455,1.6803676286446318
1134,High,1.076264250562212,2.2894738434005717
1135,High,0.8286530812017194,1.4763896856531815
1136,High,1.3302374355050033,2.1866289430271735
1137,High,1.3802178429190688,2.211250390784528
1138,High,0.6128925235813877,1.0093502222231336
1139,High,0.98205496508752,1.9915585045223878
1140,High,1.262152340981619,1.8763478384455539
1141,High,0.642966098294396,1.3637876132995146
1142,High,0.7599697196245458,1.7734078621073053
1143,High,1.2901142191139956,2.617940287364746
1144,High,1.0128390857967902,2.100589639297823
1145,High,1.237520344365454,2.102890454948323
1146,High,0.6329758161232478,1.160745941063226
1147,High,0.9428444475251876,1.725339482497759
1148,High,1.2824969154140748,2.4596832069036765
1149,High,1.1104430634325049,2.413630491762305
1150,High,0.5054979393309842,1.203989428210285
1151,High,1.0410262355469455,1.4922132678150675
1152,High,0.7544728974399592,1.4988924748768966
1153,High,1.4267919557779796,1.9764220917601847
1154,High,0.7219529568169831,1.196998304589819
1155,High,1.3818590391711472,2.166634279481144
1156,High,0.8351161275237223,1.2425335207585633
1157,High,0.7512399313177058,1.553103591687936
1158,High,0.8038130694580219,1.7604912579493401
1159,High,0.6161870654638961,1.501641351783519
1160,High,0.8722584350079983,1.258186827512823
1161,High,1.3403425591725604,2.4521552599131127
1162,High,0.9490801963971368,1.6115288425926124
1163,High,0.9652930274231324,1.4191927567672096
1164,High,0.8924108191976938,1.303467504227271
1165,High,1.0085229288270383,2.4627760917890527
1166,High,0.6945930067114285,1.421707010258757
1167,High,1.171771169699185,2.4468655313233967
1168,High,1.0490429418353524,1.7727245320997724
1169,High,0.882606252766824,1.43398192214935
1170,High,1.1048159238454098,2.117361298171488
1171,High,1.2735384248297583,2.6999937609432294
1172,High,0.6340151226956522,1.1848894100219667
1173,High,1.4749621837899725,2.1744691102116036
1174,High,0.802290337917305,1.3508520368917942
1175,High,0.5911461908848302,0.8358873344407591
1176,High,0.7160449740895447,1.2011690862715412
1177,High,1.112807835240282,2.966287751340616
1178,High,1.3161268188956188,2.3898879124303676
1179,High,1.049842308679278,2.5450570500199774
1180,High,0.5987404547784112,0.9550825657786923
1181,High,0.5089390513368405,0.7881416229051155
1182,High,1.0559053427803404,2.044402517596936
1183,High,1.2583731900809545,1.8019367797406574
1184,High,1.0342861546016553,1.6906280291080975
1185,High,1.2717264188520006,1.782028925851975
1186,High,1.3196221027620982,2.1989979896418106
1187,High,0.9077866093123448,2.232152347492999
1188,High,0.8778920361726663,1.44345646125511
1189,High,0.8810284939473223,1.4839938053350394
1190,High,0.79528300207399,1.4618909633591102
1191,High,1.13123282288704,1.7313622294908413
1192,High,0.7523280293819553,1.0643383542624463
1193,High,1.4800473277088673,2.154523741620892
1194,High,1.002744193389045,1.6183323471315916
1195,High,0.8965927425086011,1.7401137150526296
1196,High,1.0452468073161822,1.509950357229485
1197,High,1.0368687314105631,2.4566302647207436
1198,High,1.320281536400292,1.9369858243011038
1199,High,0.8887835601938179,1.2241226309607995
1200,High,0.5233341046929912,0.7886338204310732
1201,High,0.7747989916556218,1.2474608252710837
1202,High,0.9195167781822418,1.388261421867206
1203,High,1.4303891975515266,3.1160764520479347
1204,High,0.6780978033212735,1.3245986510751777
1205,High,1.3672483551727996,2.3843967723068715
1206,High,0.9958266768273484,1.6875836052062567
1207,High,0.6769427228709346,1.5684898794450817
1208,High,1.013387939869649,1.70427960120999
1209,High,1.269680990963652,1.8771282851793956
1210,High,0.7782476582177533,1.7050032677391016
1211,High,0.9670448810039296,1.5069105834478833
1212,High,1.3714280224406146,2.3307242497925102
1213,High,0.8058335344310219,1.1256453883734991
1214,High,1.2295098170880143,2.7925594272767142
1215,High,0.6194236319172838,1.3356371310938044
1216,High,1.0889118583587418,1.6334377537644187
1217,High,0.990943281598964,1.924777441019316
1218,High,0.5527387290879711,0.8148384729753104
1219,High,0.6722494376165806,1.4600381169602343
1220,High,0.9481742906485612,1.206187592181763
1221,High,0.7932541902899846,1.2548530761847019
1222,High,0.98553708701124,1.652338708540185
1223,High,1.372394387855837,2.277540163362815
1224,High,1.063871647379927,1.477401847741774
1225,High,0.5765429450377232,1.162934174227587
1226,High,0.937792761485952,1.5584853299778132
1227,High,1.2406739469612766,2.4077510281066736
1228,High,1.0695257063638737,1.6935791293963263
1229,High,1.4926801980927378,3.1309019044238653
1230,High,0.999348677668797,2.2209098790131776
1231,High,0.5943452109428129,1.0424779598856304
1232,High,0.9083908272039845,1.8341260304703582
1233,High,0.7397267561989687,1.343997603790477
1234,High,1.1775625283327886,2.4827762990292825
1235,High,1.043629912686104,1.611474442894746
1236,High,0.6017438110978528,1.07032531160079
1237,High,1.0831740073548108,2.043897677141544
1238,High,0.9316572028264366,2.4449125141786396
1239,High,0.824761268118761,1.3512153436285743
1240,High,0.9501066134742142,1.517657378453933
1241,High,1.4625590642851731,2.602133292621673
1242,High,1.289240849928747,2.6775826942708676
1243,High,0.9315619647493332,1.6326636319786303
1244,High,0.9038561027216464,1.1512065834384302
1245,High,0.6080996096589688,1.1180490349009276
1246,High,1.321751878485671,2.49387934662235
1247,High,0.7179350951882056,1.637004782109372
1248,High,0.9460005934189432,1.7132976151129355
1249,High,1.0169942454023184,1.4775953790368916
1250,High,0.916849030609412,1.7591135803359492
1251,High,0.6155076603746296,1.0530889068134712
1252,High,0.7320326447745931,1.1890878742946
1253,High,1.4998755232707743,2.351563050896857
1254,High,0.549225078027505,0.8422157380419044
1255,High,1.260353052806233,1.6757259877584687
1256,High,0.8131742773990112,1.89549291057088
1257,High,1.2843001666856249,2.6957030939433224
1258,High,0.9688270293955112,2.015499398081616
1259,High,1.1334606890559054,1.8622407258709757
1260,High,1.0158394427005777,2.222658070664579
1261,High,0.8764411511207187,1.3168427810246044
1262,High,0.901764708124953,1.7538906820978752
1263,High,1.424200314690164,3.5342096495722046
1264,High,1.474012388469831,2.2798429838650236
1265,High,1.4389685058840946,3.06972408567367
1266,High,1.454959679274895,2.398501834252002
1267,High,1.0945336459916717,1.8009929934096789
1268,High,1.0195798642188372,1.59348722943799
1269,High,0.6835877695236731,1.2040616693730115
1270,High,1.3289603663089415,2.557557423283839
1271,High,0.8913523460299678,1.5958200441420445
1272,High,0.6062479662244149,1.128786564466651
1273,High,0.5733584523706259,1.093482721674647
1274,High,1.00808356917487,2.379387958341269
1275,High,0.7503810644817017,1.1547837757662052
1276,High,1.194952104720835,2.0497720618522948
1277,High,1.0947422544215375,1.362569360929875
1278,High,0.5130393412484562,0.7676718444125967
1279,High,1.2341233617870184,2.0833429088688433
1280,High,1.0273950911395349,2.465386254276197
1281,High,1.0510328899905508,1.5256505580107387
1282,High,0.980940060181212,2.440475634474282
1283,High,0.6795603045494292,0.9122648130917881
1284,High,1.0884249765814895,2.6924109738511817
1285,High,0.8554475828189982,1.2806156155577568
1286,High,0.5083983786587274,0.8450789056413868
1287,High,0.7387412456529454,1.5583071026576505
1288,High,1.1071209640868296,2.134804727610245
1289,High,0.5696606149650796,0.9263886183855483
1290,High,0.5548811599342912,1.4676152292400673
1291,High,1.1461208941505308,1.3426277961013824
1292,High,0.8480575904778351,2.2338241060401742
1293,High,0.5198999430371698,0.9752570021009461
1294,High,0.5440702285674633,1.0204691225908604
1295,High,1.3411785469989348,2.7639968727059454
1296,High,1.4826812235856297,2.3066625415168005
1297,High,1.2873721448338582,2.1670401873457763
1298,High,1.4984164491513776,2.1810634778662035
1299,High,1.40509480098742,1.8181166446643715
1300,High,1.3185270077631177,2.8479461153367964
1301,High,1.2896918149625785,1.803236273370004
1302,High,1.102011188559311,2.646685888040736
1303,High,1.1289529852241813,1.5805795807141862
1304,High,0.9203246158539212,1.3526815918339992
1305,High,1.2077406691376191,2.404155295687346
1306,High,1.0193993590739492,1.8716141925900018
1307,High,0.8471924693063169,1.4074207207582958
1308,High,1.4675788181335898,2.245700244797476
1309,High,1.0544483868295194,2.3610732491795403
1310,High,1.1633334623126514,2.911631512282483
1311,High,1.389043967892876,2.270937939004071
1312,High,1.1034809020467071,2.079137176656076
1313,High,0.8685920367536524,1.4668741534848593
1314,High,1.1978816853505467,1.8584755507326918
1315,High,0.6393633020153681,1.4983817815802425
1316,High,0.681178328990223,1.1922255760942448
1317,High,0.7674436700779417,1.2381348891410724
1318,High,0.8491970826256734,1.2457329727101651
1319,High,0.9394131526235312,1.722274296650511
1320,High,1.0466307229846543,1.7000910629855923
1321,High,1.085795382573019,1.9772283148530931
1322,High,1.16209305576238,1.9276138370543663
1323,High,1.4414512085968272,2.6866672588865015
1324,High,1.3423840574500097,2.8192761547641823
1325,High,1.4559204149114957,2.389408706088048
1326,High,1.0618983320078252,2.449668777297802
1327,High,0.6508013521398286,1.2483671642497285
1328,High,0.8263159753905537,1.8129433262575532
1329,High,1.492038587092411,2.749484845669045
1330,High,1.1828246754811498,1.7195878226928158
1331,High,1.1614412381357595,1.9377987970490693
1332,High,1.2261104365763509,2.976522905370814
1333,High,1.0677829220362467,1.7687317014565451
1334,High,0.9256206075061376,2.2030036992429842
1335,High,1.0425308369887103,2.0059370746510723
1336,High,1.275457566311391,2.838539479838559
1337,High,0.7325216800404932,1.5052024805592765
1338,High,0.676581947108104,1.3762001432568667
1339,High,1.033331722777806,2.422096790470434
1340,High,0.8580142086540435,2.148550894460797
1341,High,0.5684673859516394,1.4300004959733599
1342,High,0.6622507967316864,0.9283431633307728
1343,High,1.3429463771775794,2.6796352087518045
1344,High,1.1087345944532094,2.614313288431717
1345,High,1.1778035719449491,1.9087826906561105
1346,High,1.2574928609964786,2.305051309472873
1347,High,0.668886523346438,1.2204131749461382
1348,High,0.5739919317716635,1.368906580378578
1349,High,0.6843652451086119,1.106387407936225
1350,High,1.058543969234821,1.8724585140654995
1351,High,0.9803739746185808,2.172759516443108
1352,High,0.6446440942837146,1.0718479212069312
1353,High,0.6174546413198183,1.233470935100435
1354,High,0.9945289980334808,2.245699069996249
1355,High,1.1081366350262714,1.7841899740890454
1356,High,1.2491678640001866,1.93340669166723
1357,High,0.593185451951258,0.8504940602749933
1358,High,1.2694201332367123,2.6665540259348717
1359,High,1.2791622755799834,2.2818101074696955
1360,High,1.493655911504316,2.5169949697237968
1361,High,1.487211995448101,2.5236305519314186
1362,High,0.7402717216380794,1.8710514578110633
1363,High,1.4504727633321093,2.2585058438644126
1364,High,0.5899185856248277,1.1133788231718782
1365,High,0.7977359597063893,1.5912387399649788
1366,High,1.1756594491237653,1.649253212006215
1367,High,0.5104834188368379,1.326477569661911
1368,High,1.3556326761268704,3.1686204393445223
1369,High,1.3573212966502135,1.8369624263653606
1370,High,0.6479857131108464,0.8164062766208104
1371,High,1.2723474381101765,2.0048026445369658
1372,High,1.3082866932016497,2.8015520150456865
1373,High,0.5390331012529777,1.0284297833545253
1374,High,0.664022987973345,0.868223804880607
1375,High,0.984734658264082,1.8572992407305264
1376,High,1.286346261236238,2.1984699082434247
1377,High,0.8847658335453914,1.8459665036698993
1378,High,1.010544145305717,2.2842068567070726
1379,High,1.1500318583042994,2.355732904652399
1380,High,0.8253711992490571,1.0481501644225588
1381,High,1.0006833528260095,2.3229316586251656
1382,High,1.345209745719215,2.1301676775838985
1383,High,1.2771001475468329,1.900042560684085
1384,High,1.49018843184326,2.3015298140008014
1385,High,1.2609847344946692,1.9749871982498632
1386,High,0.723832080939669,1.76398777359735
1387,High,0.6200475258445565,1.2311625461067237
1388,High,1.1217234715134126,2.015932674541986
1389,High,0.5825319426401127,0.7862209916692251
1390,High,1.4069445139730068,2.47398010826808
1391,High,0.6022897386940916,1.0190578646980484
1392,High,0.5151062829118989,0.8960778505463196
1393,High,1.3655679644797625,1.9452215167723352
1394,High,1.145709065897826,1.894873888984847
1395,High,1.2556515781412023,2.172352583384992
1396,High,0.9126806211768366,1.3846871290789693
1397,High,0.8749735022472516,1.4253164267808458
1398,High,1.2209754834455435,2.8838663550875054
1399,High,1.2995251709180031,2.7170745784045636
1400,High,0.727906356713616,1.5719144844270971
1401,High,1.4104257213527274,2.4490593916607963
1402,High,1.2108001825744212,2.5509448592731445
1403,High,1.2068034016220222,1.7431178878971707
1404,High,0.9989274886280424,1.7311806059427681
1405,High,1.3512212771822956,3.006696280348109
1406,High,0.9370666907439574,1.4229498276209966
1407,High,1.01807012003083,2.3623024304543208
1408,High,0.988453393703299,1.493165476069592
1409,High,0.6626235510206755,0.9977354465720545
1410,High,1.2060779534261945,2.224067746414562
1411,High,1.1282195796026562,2.4022277524979785
1412,High,0.9206221927683113,2.2557152621044025
1413,High,1.4316785769073297,3.533528888083481
1414,High,0.8075393662293624,1.374946317644941
1415,High,0.667626088957771,1.0001871108745917
1416,High,1.1215578421224626,2.1392264993442183
1417,High,1.0390699900361835,1.8703708432648511
1418,High,0.8524911007853451,1.501930285177771
1419,High,1.4002756748190306,3.0072686121290815
1420,High,0.902408455282482,1.481300435902071
1421,High,1.3811734702342668,2.390673761630538
1422,High,0.5470361815473699,0.8401130432345312
1423,High,1.0706310945104862,2.1170074646151136
1424,High,1.1268074208093777,2.140584672591686
1425,High,0.5720090062793504,0.9822346442495764
1426,High,0.8558286581363095,1.4240043075889233
1427,High,1.021079582876476,1.8128311145641902
1428,High,1.1566511451448256,2.229959311264878
1429,High,0.9472844752536004,1.3639627352989123
1430,High,0.8148276835467145,1.8446397074155243
1431,High,0.6343577835394729,1.1226852850202462
1432,High,0.5557919335011049,1.021978160955051
1433,High,1.3692384986465518,3.008815559543507
1434,High,1.1227303060706753,2.328914263796591
1435,High,0.7988315175648105,1.2939840673985827
1436,High,1.2053037589294888,2.216013167009791
1437,High,1.0586249171673443,1.6463401580230226
1438,High,1.2318113908651989,2.277689644591831
1439,High,0.6277688071835478,1.2701329651130848
1440,High,1.0644746282996749,1.596578554685081
1441,High,0.8245729762869162,1.6804364880882758
1442,High,1.3976765810752507,3.6858064555491126
1443,High,0.739126750284077,1.0463098355990823
1444,High,0.5519171361550974,1.0884915010248761
1445,High,0.641801211993881,1.2251875459099395
1446,High,0.9834999365845044,1.6861591453530735
1447,High,0.8113951967500318,1.8326093646060144
1448,High,1.1677125252043572,1.7703341355386897
1449,High,0.871839860815525,1.4337201817919834
1450,High,0.9929165512695148,1.6202929810191549
1451,High,0.7859511558673509,1.4520887221531495
1452,High,0.8842215475282211,1.5767954285816401
1453,High,1.0315181307381585,2.2319410672049145
1454,High,1.122337103343661,1.8164037174196181
1455,High,1.2543539595311357,2.526601391178872
1456,High,0.7228920835891213,1.2286644592563292
1457,High,0.6167554058678922,1.2984586116760894
1458,High,1.4946371917748444,2.578947759880208
1459,High,0.9062288897530218,1.3774211755441073
1460,High,0.6282664022769755,1.067143654509394
1461,High,0.5118050373165236,1.1600179545392209
1462,High,0.9852222056704214,1.455336745279503
1463,High,1.1451887806195842,1.9005717893617486
1464,High,0.5393796279439842,1.4770174564467666
1465,High,0.5446717035194198,1.2389780632825378
1466,High,1.301508937947132,2.197776355940661
1467,High,1.20300716612297,2.168029277832858
1468,High,0.6305871310653504,0.8953185164053004
1469,High,1.3878026673457513,2.2596904837570264
1470,High,0.78795570628338,1.4156825191438855
1471,High,1.221940428455952,2.5952421034134403
1472,High,1.096444568039668,1.7387387107768149
1473,High,0.6694192316480743,0.9984742876966024
1474,High,0.9410625645425832,1.7978270346224434
1475,High,1.2948844542411018,1.7138706891804532
1476,High,0.5541794785542632,1.1944690875832862
1477,High,0.8710789781553024,1.4392128134208733
1478,High,1.3533187200056482,3.221166694611668
1479,High,0.7493591110749629,1.3551847451609333
1480,High,1.395746177553295,1.9375762659790752
1481,High,0.6074951628479273,0.8254638067310438
1482,High,0.9311369238802988,2.1981528338321823
1483,High,0.9729120607963226,1.44260886434963
1484,High,0.6405566028241543,1.3941839980379527
1485,High,1.1476968001764882,2.2301276939573427
1486,High,0.9387210558917908,1.7487989369812595
1487,High,0.7957642170502115,1.337568191827657
1488,High,1.3223601130698044,2.7429326141361514
1489,High,0.9561016084692088,1.7140733013462466
1490,High,0.9357214308482772,1.6658871453427082
1491,High,1.3109700955759598,2.713859665553784
1492,High,1.37326646115865,2.4562954546784397
1493,High,1.3526732867812568,2.6725783757577943
1494,High,0.7945003552804066,1.3861861076073794
1495,High,0.6929522954419007,1.222491223482713
1496,High,0.756187864387462,1.1642781913963844
1497,High,1.1591493404456474,2.841741940926738
1498,High,0.7100949867502928,1.3849709463680924
1499,High,1.1253540694060304,1.8491426474802637
1500,High,1.1945307107653191,2.893447072045916
1501,High,1.310489086921702,1.8680485843502908
1502,High,0.9718898169263248,1.4848925831054771
1503,High,1.1296014121338869,1.8276042121824645
1504,High,0.8672056746606528,1.8790274795574646
1505,High,1.1920104004390728,2.4928809265658742
1506,High,1.1279103156174402,2.367513472973357
1507,High,1.2117458380784836,2.1521472276012332
1508,High,1.2358348771786694,2.1493728192409662
1509,High,1.4621748398785706,2.217499766448256
1510,High,1.3033478438872417,2.8311209880592116
1511,High,0.5865720834386511,1.5468633886009258
1512,High,1.3929794103221538,1.9771179429707075
1513,High,0.5961855192769236,1.1849098930289799
1514,High,1.2629670410124223,2.9385114645805857
1515,High,0.5383260583239307,1.191627113618317
1516,High,1.257905920287936,1.856659647358839
1517,High,1.319004352365321,2.763197842045372
1518,High,0.6045913263939194,1.205514215782138
1519,High,0.9328627821637968,2.1779478817315407
1520,High,1.1549850779177655,1.7703995850815062
1521,High,0.6797589583432996,1.5480639079481264
1522,High,0.5872820194543917,1.159054086189741
1523,High,1.3983149385461364,2.4412540873281046
1524,High,1.413095691156017,2.1568389158535695
1525,High,0.587547101673501,1.5707283088887465
1526,High,1.2931002501080016,1.9283492459226466
1527,High,0.7800231083164756,1.5204129184288817
1528,High,1.4458963878169917,3.1829771009192314
1529,High,1.4582904739812486,2.850453427784103
1530,High,1.14292269699269,2.1327461112448844
1531,High,0.8532461725082539,1.0424541187341987
1532,High,0.9903895911174692,1.796496989982728
1533,High,0.6015135491812162,0.8859143080594656
1534,High,1.2727153402456148,2.2467214302857457
1535,High,1.4682427004219143,2.648930276927217
1536,High,1.2905827003827182,2.0086795409716274
1537,High,1.1114232980077796,1.6758529102626198
1538,High,1.0059147672426385,2.234377228900442
1539,High,1.1932334476321964,2.713207507469079
1540,High,0.7247124125233386,1.1902288274100243
1541,High,1.1171312766951194,2.11334762816594
1542,High,1.2190552186847912,1.8695999487901247
1543,High,1.3939424077517293,2.94500596002473
1544,High,1.041603179890802,1.7504691777433834
1545,High,1.4633741204406072,3.615619146593275
1546,High,0.5412421968115998,1.1508090075698405
1547,High,0.6469634842066277,1.1650908031375806
1548,High,1.0654069228933156,1.747562808052237
1549,High,0.9643753309243812,1.8889873509251345
1550,High,1.3697950727063972,3.229343910864202
1551,High,1.0298288484931786,1.5417076377067502
1552,High,0.8283554346067618,1.3437874405072279
1553,High,0.6529417944842542,0.9343784399906561
1554,High,1.0735217417454308,2.5235344366118824
1555,High,1.324125794255934,3.267656584741758
1556,High,1.1744887071556394,1.699328750276166
1557,High,0.8917853669981346,2.0021171459057427
1558,High,0.7679921909418125,1.3570742806199405
1559,High,1.2830463210066974,2.1399537874258385
1560,High,1.4011104313200646,3.275487622580613
1561,High,1.1076858932393567,1.8955793486668995
1562,High,0.5020234640565298,0.8733090902736151
1563,High,0.8485260207556969,1.4070272039878589
1564,High,0.5430408292486208,1.3663623198410306
1565,High,0.9298996379291632,2.303053573544986
1566,High,1.1249183657016244,2.262874293048739
1567,High,1.429210392469428,2.032421808750371
1568,High,0.649483798149509,1.1179517530338572
1569,High,0.6731342958290423,0.9397281302290814
1570,High,1.1865477197202186,2.7323831319432372
1571,High,1.183528127257054,2.1330274009065278
1572,High,0.8440753467098412,1.4048572446127707
1573,High,1.3027420058812245,2.8519786918785712
1574,High,1.3353898655924326,2.0053053886872476
1575,High,0.6537606042691886,1.514325495488471
1576,High,1.3172408229494224,3.0874533340886217
1577,High,0.6562261186498621,1.05117072711694
1578,High,0.7453697978658075,1.1857910202948858
1579,High,1.2396897867095342,2.472706759792601
1580,High,0.725293124845654,1.3610150849209006
1581,High,1.4497138741119708,3.0320451460566744
1582,High,0.800343810162679,1.5567534933067861
1583,High,0.9171338950202672,1.4412548288128093
1584,High,0.9513861784178352,1.7045636792834529
1585,High,0.5730654738781604,1.3062935245072964
1586,High,0.990198299602316,1.8902381752736375
1587,High,1.24574569011309,2.7460138799012555
1588,High,1.4563381177735135,3.0395711532435428
1589,High,1.166753873288597,1.811222681985356
1590,High,0.863724983272128,1.8394180409769092
1591,High,0.7716755444463947,1.7156675378734292
1592,High,1.270219273268312,1.9039386013697452
1593,High,0.9892063609382072,1.5741083268879095
1594,High,0.6920373729149119,1.1496141231420225
1595,High,1.2519290449250555,2.257403242580338
1596,High,0.595580738841677,1.186152459718997
1597,High,1.0741331118007509,1.7352636202008256
1598,High,1.011056016271204,1.6530063183863177
1599,High,0.8875009273910418,1.2232990759424283
1600,High,1.2524723667125437,1.6344329938816031
1601,High,0.9586272685217764,1.386211338294899
1602,High,0.5833989649762439,0.794795833821194
1603,High,1.1119307006282146,2.253702807411372
1604,High,1.2335310897132137,2.741594616173444
1605,High,0.9925785630171716,1.6810015702145193
1606,High,1.186277478563543,1.6853365757344818
1607,High,0.5896827000714897,1.2109083281272746
1608,High,0.930422546319246,1.748339337988753
1609,High,0.5072125677093307,1.2871060835361234
1610,High,0.7831482298095365,1.7096133198021448
1611,High,0.7586000210060209,1.5442613750541412
1612,High,0.8799605548107209,1.3668678320228267
1613,High,1.0519701006983622,1.702422785180815
1614,High,0.9530529661808808,1.7140906858209348
1615,High,0.5716412351429037,0.8473906395896371
1616,High,1.207368088646097,2.559615758774484
1617,High,0.9752098229779772,1.769759032953658
1618,High,1.409214623119985,2.292442746085584
1619,High,1.0988403121564216,1.3723879069514808
1620,High,0.911964567657409,1.9516871446705437
1621,High,1.2269422014997942,1.8441564783430806
1622,High,0.5396880189933783,1.0967729049664428
1623,High,0.9433679254306466,1.8716307336284501
1624,High,0.8456899318838177,1.4339099539868414
1625,High,0.807712245787757,1.9082028313201107
1626,High,1.0823729917130671,1.4587297190766009
1627,High,1.3507104036156805,1.9616566829918298
1628,High,1.1389816891534157,1.5117652317601156
1629,High,0.9449181110171238,2.0939861392385666
1630,High,1.3630996275867884,3.092338573723765
1631,High,1.2705750827539664,2.8457266618334245
1632,High,1.3503250648597516,2.5357918201382432
1633,High,0.7979816341972086,1.0934985792062548
1634,High,0.7784497832114028,1.6474401331942374
1635,High,0.5052764812367888,0.8213662771501156
1636,High,1.003053157601957,1.6410657895608551
1637,High,0.8389632105757399,1.2006365036921594
1638,High,0.9610265331825946,1.9545923910636986
1639,High,1.47295404838272,2.207514823646079
1640,High,1.2088393380691826,1.4190524801198947
1641,High,0.6521827671252046,1.2626305941408944
1642,High,0.7537398171081402,0.9761792833138365
1643,High,0.8976882224118204,2.247208432648762
1644,High,1.4385898248826297,2.4808820605162225
1645,High,0.557894435614954,1.4298156106319126
1646,High,1.18415491906911,2.110523227811086
1647,High,0.6525122387813912,1.2155533525846778
1648,High,1.377166991410973,2.266853601711688
1649,High,0.7902891322743659,1.3251363343280431
1650,High,1.4398921566291447,3.232856752660922
1651,High,1.1315340416915012,1.5882113067399217
1652,High,1.1807188109918076,2.028461862625278
1653,High,1.3902429393705942,2.4707244185268564
1654,High,1.0200587092642128,1.7663992343373849
1655,High,1.2032743935141927,2.9956575519298383
1656,High,1.3604574204433564,2.058876873057841
1657,High,1.139965009409894,2.245945657269047
1658,High,1.4819972737553355,1.7512047087720362
1659,High,1.2430225862083908,2.6726967464926474
1660,High,1.4072542234954208,2.631644087306526
1661,High,1.0923167631508792,2.050556905073435
1662,High,0.9828360183727648,1.5541599159626784
1663,High,0.9996713570052022,1.495480328635857
1664,High,0.7898073514518615,1.8390587226999031
1665,High,1.136070050791654,2.467037256762765
1666,High,0.6936620061833885,1.4026364857486726
1667,High,0.7788683148554767,1.3153955260787669
1668,High,1.307043831150979,1.9208918263064305
1669,High,0.6723687162338758,1.36227474048669
1670,High,1.0910340228693487,1.860828766776848
1671,High,1.4411224620237602,2.4182470921664816
1672,High,1.354722979660761,2.393236766573409
1673,High,0.8340756453130346,1.3112354421212586
1674,High,0.8230021417868953,1.4812757755383927
1675,High,1.1939460557104364,1.7103158150053304
1676,High,1.484312768468837,2.303142354404912
1677,High,0.9972879187295468,2.3464084856652363
1678,High,0.7039373051251654,1.2878133313189437
1679,High,1.4254401709099067,3.3185155147919545
1680,High,1.2259194900737698,2.7240184876168314
1681,High,0.7620963517197064,1.1085213672628527
1682,High,0.6051116024653506,1.1422632462250775
1683,High,0.9954922999871952,1.3278137547209639
1684,High,1.4553526453037684,2.3181201352195018
1685,High,1.3243293841457504,2.72728825077607
1686,High,0.5500687528948224,0.9707029048369229
1687,High,0.8884712033796138,1.6447063931550403
1688,High,1.1752004456203695,2.58889550897716
1689,High,1.1474424576627715,2.675778520377989
1690,High,1.285445559380058,2.504801584531563
1691,High,1.3236386603782506,2.5337031244082056
1692,High,0.7433796191942894,1.776461393522112
1693,High,1.1914342527455228,2.4356601429969658
1694,High,0.7631952576497977,1.3177457984877563
1695,High,0.5617476844708879,1.1454472269199485
1696,High,0.8679058351197171,1.1736796920502144
1697,High,1.075055216707155,1.6886894948125786
1698,High,0.955890413241672,1.3348206338846609
1699,High,1.1533582761365655,1.3863497828974758
1700,High,0.6695740858932924,0.9882317543291421
1701,High,1.173094037442581,2.435160342075733
1702,High,1.389863426562992,2.8787584205147425
1703,High,0.5317006244403614,0.88779759321136
1704,High,1.2416822203830358,2.135648986482636
1705,High,0.9535814261079164,1.7689501456550687
1706,High,1.422754268422421,1.8879273490730668
1707,High,1.044212906489109,1.7167879516652107
1708,High,0.6203813699921711,1.019330224441191
1709,High,1.485408761983311,2.7820208667923367
1710,High,1.005004115014732,1.7298571418730688
1711,High,0.8489233851801473,1.6395000674289832
1712,High,1.4118369712460963,2.2932608302564716
1713,High,0.7793248804560865,1.1874270457535019
1714,High,1.1799310849359848,1.9684366276393064
1715,High,0.7864278910662785,1.4739837262021993
1716,High,0.915998869432472,2.0777922936614885
1717,High,1.4569292514113306,1.9522945422082216
1718,High,0.7359119484280648,1.5002820748124321
1719,High,0.5525847753220958,0.966423048577397
1720,High,1.3475170820609794,3.395284866294986
1721,High,0.6821546403645331,1.1223284035247545
1722,High,1.3468525392974868,1.8108736651783914
1723,High,1.2664004501996635,2.327344695180585
1724,High,0.8226052270280111,1.4201239183338785
1725,High,0.9401871895975896,1.6722898483502036
1726,High,1.4445013116596224,3.4514531598530596
1727,High,1.4341082645143093,3.524019367600573
1728,High,0.8160236921228553,1.971663243490184
1729,High,0.8384877988767443,1.648092309648348
1730,High,1.1482461330056284,1.3043191076666005
1731,High,0.5274107571661463,0.8604623402493381
1732,High,1.4913685292651109,2.5518657099596567
1733,High,1.0599982030216577,1.7180536726519335
1734,High,1.2409761472531298,1.6490893763913732
1735,High,1.4402695873909404,2.2071320138918793
1736,High,1.1542598425992976,1.995629411345604
1737,High,1.2487973209660614,1.765013824027065
1738,High,1.2990488620590717,1.9689511965732294
1739,High,1.299841771377214,2.7822081880812846
1740,High,0.5253472556335651,0.9261224110469577
1741,High,1.2860034025556852,2.6048024108382606
1742,High,0.7331895635119929,0.9699984981606491
1743,High,1.404716667656164,2.287145427899077
1744,High,1.0225484847372657,1.666181965391786
1745,High,1.0870601412445828,1.7133881519950336
1746,High,0.7410326227514248,1.292003103072176
1747,High,1.0248909732774942,1.8021050000969865
1748,High,1.3331274435748417,2.131925113585851
1749,High,0.6414139049645233,1.047129083394715
1750,High,0.5172733438634717,1.1873629880969858
1751,High,1.077701886412131,2.286855388635715
1752,High,0.6716689877341061,1.536013851532637
1753,High,0.6219537742599957,1.1284597405815333
1754,High,0.9031216890650768,1.2280571230877726
1755,High,1.436983993296927,3.1610818556812887
1756,High,0.5905789041140501,1.50978359085493
1757,High,0.8238253930684876,1.318488234937739
1758,High,0.8949943657552709,1.2249481186264148
1759,High,0.6958491672487161,1.3628648325025665
1760,High,0.5603474294205663,1.1768180602517546
1761,High,1.1681412213486746,2.8409840263428805
1762,High,1.374057159390097,2.7863801853043526
1763,High,1.3174948355549276,3.2996720932308676
1764,High,0.5656271150399353,0.8606546296708011
1765,High,1.2521502411986432,2.3451380891786755
1766,High,0.7694685956662974,1.277736834976814
1767,High,1.0663489861106517,1.5465921074340656
1768,High,0.6836450593212601,1.20063531280843
1769,High,1.487680246964224,2.079445817720483
1770,High,0.61893934584931,0.9920554029543922
1771,High,1.3947571092689697,1.7626511375145952
1772,High,1.4492562872285772,2.110959331455504
1773,High,1.3356081176682983,2.654138409610624
1774,High,1.261549932762923,2.070500113378074
1775,High,1.3718573687133846,3.250965506234394
1776,High,1.1492091823113006,1.6496644952692776
1777,High,1.014305691725148,2.026634758551552
1778,High,1.027963336374166,1.4939923845074574
1779,High,0.992031012683053,2.1684780867073528
1780,High,1.4231432376798925,1.7998276085641294
1781,High,1.2687338699781257,2.600599621928268
1782,High,1.212067565918852,2.0115125983446234
1783,High,0.5015832460801529,0.739083380065388
1784,High,1.127154776683279,1.3681217822963916
1785,High,0.7471475470774651,1.0834510267184498
1786,High,1.1846209212381833,2.1635092484779364
1787,High,1.4575333047207937,3.004566167491703
1788,High,1.3602563658780369,2.320043222604639
1789,High,0.5836280561394875,0.7473982700064425
1790,High,1.2563071660405507,2.6061231118275714
1791,High,1.2005846699728702,1.756019666927429
1792,High,1.2876058614099195,2.5880940622839432
1793,High,1.02214647613864,1.8053339089371008
1794,High,1.092073108123447,1.8527793623522086
1795,High,1.478755336272055,2.186207975180878
1796,High,0.6941018508085659,0.963391709605574
1797,High,0.8089836933977088,1.2611135604441017
1798,High,0.7475901668754099,1.5743561894033746
1799,High,1.4349576396969623,2.770656830571056
1800,High,0.6741839579942629,1.0410161830304219
1801,High,1.1935717830015204,2.4058451822966873
1802,High,1.0505086291441017,1.8780794465481279
1803,High,1.437350444880959,1.9579660043270621
1804,High,1.114966592738864,2.372504444895881
1805,High,0.637432756119241,0.793721735286713
1806,High,0.744481577863567,1.218289874263526
1807,High,0.840025884723478,1.8362936054025738
1808,High,0.7917356647646028,1.4492735301689024
1809,High,0.6162821028134747,1.472273122921024
1810,High,1.4328959390920035,2.318593316555422
1811,High,1.4469561992582716,2.462198811975256
1812,High,1.08188398356041,2.715774817798149
1813,High,0.7590368226265505,1.3888318513278364
1814,High,0.973456870286832,1.2865445719582596
1815,High,0.8420558995417868,1.9292580738865297
1816,High,0.9866124659628824,1.8166992431962967
1817,High,1.236405584617957,2.8212151883201813
1818,High,0.5212095869395108,0.8266964744728043
1819,High,0.9492298836845852,1.4831303911035008
1820,High,1.3757962145658773,2.7142989474601222
1821,High,1.4507696527766218,2.473998505085504
1822,High,1.3113733087510406,2.900948460392101
1823,High,1.3648199698986592,2.4955087587568414
1824,High,0.8870319904559929,1.7062531251012842
1825,High,1.2279685109124352,2.116566682065894
1826,High,0.5331910267946407,0.7866176612787932
1827,High,0.6323674847196472,1.0467367964098386
1828,High,1.0657377258579357,2.4170398488261924
1829,High,1.3116975363796124,3.06205624176539
1830,High,1.4380838582854958,2.0886330966889233
1831,High,1.2632171841029305,2.7288380093322218
1832,High,1.0876437918649111,2.3460144640131233
1833,High,0.7080446586614234,1.2670728554050896
1834,High,1.461897096263928,2.5621170204425425
1835,High,0.9595014325520902,2.189225530001181
1836,High,0.5380187844653188,0.8372678211380062
1837,High,1.1393972099869654,2.5361795076137525
1838,High,0.5918453153604089,1.3518762607561285
1839,High,1.1998091662203267,2.2696783077151252
1840,High,0.7339351155276224,1.6788228052269716
1841,High,0.5970303237870208,0.953264039274341
1842,High,0.7087598188383907,1.3959981049519996
1843,High,1.0860583047111962,2.0345205876155745
1844,High,1.035899649101347,1.9651624205815494
1845,High,1.265098268510262,1.7957882268997025
1846,High,0.7668283303588845,1.540719536075926
1847,High,1.3500473975844658,2.2364210156605537
1848,High,0.7191228965007115,1.1179106644926975
1849,High,1.378580312264285,3.0860575303893256
1850,High,0.62474613821967,1.4532472037023396
1851,High,1.0955909164242428,2.1524377840055706
1852,High,0.9282040751400036,1.5733888491695325
1853,High,1.2090367888499949,2.0435225996712205
1854,High,1.307933798223207,2.1454986177552087
1855,High,1.1685059910141429,2.551817406234221
1856,High,0.7042642476949761,1.155944866734579
1857,High,0.6951374592876904,1.4551089189227966
1858,High,1.215634144989494,2.2895928431909596
1859,High,1.1892981038217458,1.722143287857719
1860,High,1.1344495988911367,1.6766908256123259
1861,High,0.519237146919983,1.3469349335924434
1862,High,0.724232266712205,1.2793999233255349
1863,High,0.9507685606575113,1.3350298330415313
1864,High,0.8100435812105864,1.2410118655875664
1865,High,1.4608935023809697,3.2330519389758194
1866,High,0.9950951041091578,1.9239414920570255
1867,High,1.2097283273907709,2.9969322383478527
1868,High,0.8164958158379452,1.405417318086002
1869,High,0.6116560363905609,1.053880555343902
1870,High,0.5533143630410852,1.2179580005306363
1871,High,1.2273254929586546,2.2595046953162807
1872,High,1.4688844825649912,2.3430689923935972
1873,High,0.8142565584938917,2.03730450940742
1874,High,1.1160798310786475,1.7788291790325985
1875,High,1.237012943175943,2.1911056115763614
1876,High,0.9239911672605436,1.6729662871077835
1877,High,1.4424563466369371,2.5869754706500743
1878,High,1.1882129767829288,1.617466113771549
1879,High,1.3284452719201276,2.276092600679206
1880,High,0.5255306262675169,1.321860210616336
1881,High,0.8693528694501534,1.3714396335702546
1882,High,1.0760984052755065,2.188604139458235
1883,High,1.080590410205398,2.2043300349664605
1884,High,1.3166483372238171,2.37835792278554
1885,High,0.7422239365385876,0.9578438020234152
1886,High,1.4334068253707275,2.280763556375504
1887,High,0.530596751780433,0.7237488752785701
1888,High,1.084232079090416,1.6004129248736731
1889,High,1.4723558282564793,1.9862973932008288
1890,High,1.4769698107620388,3.1763543266487773
1891,High,1.480712753796483,2.3588481157646015
1892,High,1.1898139645030192,2.0839890437085984
1893,High,1.1852900503902335,1.925973392674976
1894,High,0.5035275390262032,0.7917742084683681
1895,High,1.196591275600034,2.3185524571772476
1896,High,1.4035201569319375,2.477864558649472
1897,High,0.7806369067217367,1.7909004970685487
1898,High,0.5591782872776785,0.9239962143172527
1899,High,1.2499866986224275,2.31350282785732
1900,High,0.6901285421571595,1.5249585554954095
1901,High,0.593406734621909,1.1316108772809628
1902,High,1.4187555591046008,3.208634790701865
1903,High,0.5503033659154427,0.7866796843001183
1904,High,0.6993787994984254,0.9571131219778479
1905,High,0.9607574951791376,1.9512880208585983
1906,High,1.0014625591810715,2.2607337278552535
1907,High,1.4158686024536982,2.75657670701392
1908,High,0.7654688045243252,1.1882509579355656
1909,High,1.259591593118514,2.350665663679024
1910,High,1.185666751362731,2.522754760398925
1911,High,1.1039926819790895,1.8034866680522441
1912,High,1.1791736036690936,1.9218122197917893
1913,High,0.7914902667127404,1.273841642418276
1914,High,1.0894572382170322,1.7451059404596947
1915,High,0.8046578819971864,1.4956616336389175
1916,High,0.7689279401527394,1.1087987989164176
1917,High,0.6503136034229988,1.404789030504709
1918,High,1.2058328326523533,2.7555232979826485
1919,High,1.3726892754119673,2.5308787359345786
1920,High,0.570454394343145,1.0787591258039555
1921,High,0.6223956163409783,0.9370733529177784
1922,High,1.1555716674980954,2.7771792710574204
1923,High,0.5366302826059806,0.9071796939312158
1924,High,0.5187640404773355,1.1349685575621749
1925,High,1.2626501583510543,1.9311292939764257
1926,High,1.2382733016513745,2.236467431623339
1927,High,0.8202374454424795,1.6855143691200567
1928,High,1.0116034806737688,1.69429658973894
1929,High,0.9220430012058268,2.3127396457568636
1930,High,1.013679380292761,1.694187479790088
1931,High,1.4351514590076009,2.1420781322910045
1932,High,1.1340426568177957,2.6395559603282095
1933,High,0.6782393942831282,1.182782477813717
1934,High,1.334106553522329,2.4287785312195354
1935,High,0.6665494013623565,1.3159045189050076
1936,High,0.9149909092112364,1.406784358486334
1937,High,0.5039789871597027,0.8368443788490829
1938,High,1.1573611027336603,2.297974952969497
1939,High,1.0293404861915816,1.7931896348916467
1940,High,0.8755016819197177,1.541311098004961
1941,High,1.2534870600347292,1.9541333214924492
1942,High,1.0539387069570272,2.5606416630110687
1943,High,1.2352232861504229,1.9285801995195158
1944,High,0.9700006100117494,1.635389478152348
1945,High,0.6487425991816075,1.1208117539844267
1946,High,0.6215165018232939,0.9942571094861385
1947,High,1.2956932705513666,2.3886317727858426
1948,High,0.5556206798442282,1.272898117516803
1949,High,1.383403871620796,3.079765054223344
1950,High,0.7460827045889806,1.4700684475592567
1951,High,0.974056832890296,2.042258507939252
1952,High,0.6112913070185005,1.101578443467936
1953,High,1.2766629067313513,2.1591332553148703
1954,High,1.348639400063406,2.189391394755418
1955,High,0.6513097561416035,1.3093637941291192
1956,High,1.306441060020319,1.8909551173065609
1957,High,0.7364738894731555,1.447832563566493
1958,High,1.4922836493426397,2.0861800073943044
1959,High,1.4477339530901894,2.187881083669396
1960,High,1.0633033634808151,1.6519812253179822
1961,High,0.6587521130734053,1.5845553267644803
1962,High,1.1094677599820817,2.260396669075405
1963,High,1.0868820977339144,2.4641659600455768
1964,High,1.3987896643771802,2.683404680279608
1965,High,1.4537504334987916,2.0143982368990834
1966,High,0.857274530359094,1.412747093252264
1967,High,0.5372297025860129,1.1783485606877449
1968,High,0.7759690248425443,1.6905098778873793
1969,High,0.5361894178514468,1.0001452492011929
1970,High,0.6422685774503147,1.57456919514226
1971,High,1.1365995518584442,1.5854069974242009
1972,High,1.2677935755191507,2.5654997688237984
1973,High,0.909891835618547,1.6775678469232673
1974,High,0.6830970929376203,1.2443607849005573
1975,High,0.9115209625799148,1.441893411886106
1976,High,0.9963055594836004,1.2414379534515305
1977,High,0.5879995244971217,1.1250607954187046
1978,High,0.7881716313833851,1.305081169869041
1979,High,0.8435639759687128,1.783654691567918
1980,High,0.9344730141746672,1.5448836292666215
1981,High,0.5544501519841634,1.2710794242718677
1982,High,0.5682165889785237,1.1281058152670198
1983,High,0.5295397962490702,0.964640307128878
1984,High,1.1519444824327063,2.172445999333007
1985,High,1.2283767047152852,2.5235987573581724
1986,High,0.7603251549344667,1.1991504206922343
1987,High,0.5126289825563187,0.768200182167373
1988,High,1.1422318047096622,2.195600537940365
1989,High,0.5702362589298178,0.7626559459729663
1990,High,0.5202174643483385,1.2070392989809164
1991,High,0.8158638571559012,1.3632018117364595
1992,High,0.8796551481875812,1.4221736460572458
1993,High,0.919428748214166,2.3066883687874764
1994,High,1.0146984438167093,1.8358044854024769
1995,High,0.755625492675513,1.9095532763903549
1996,High,1.0037081020756928,1.6986606665735877
1997,High,1.1962786494043374,2.1465257786494334
1998,High,0.6302475661787241,0.8808869915672304
1999,High,0.960315690856396,1.4023517248030046
2000,High,0.6004016550540204,1.0911740806750956
2001,High,0.6977827305336738,1.5838706688532582
2002,High,1.2509000499973095,1.985816331892778
2003,High,0.7034725840774643,1.0857754680549334
2004,High,0.6139272552952791,1.4389271262101317
2005,High,1.279461613914016,2.150448771825637
2006,High,0.6982847002559638,1.0736125993201142
2007,High,0.731288104199684,1.245368641657869
2008,High,0.922858787711614,1.2310067371940434
2009,High,1.436349473035221,3.398515546181585
2010,High,0.5809603628513963,1.0720585384336019
2011,High,1.3621731159258297,2.6891162493101604
2012,High,1.4055585963283457,2.5946873962919454
2013,High,0.9524921314673304,1.866364479224714
2014,High,1.2476963099885767,2.498415013408703
2015,High,0.5437839337938155,0.7913498717583778
2016,High,0.6998549972926806,1.3509989875384605
2017,High,0.647532405816482,1.038359473387679
2018,High,1.2814546416627643,2.756535685183337
2019,High,1.2983014038842513,2.5832151494451665
2020,High,0.565370228184114,1.1812311063480436
2021,High,1.2454572457182131,3.0865801548228546
2022,High,1.3346701218106765,1.981228738748385
2023,High,0.8220387345661435,1.307880667992542
2024,High,1.2759136819836898,1.8832817181574484
2025,High,0.9140972016389216,1.4510440444524306
2026,High,0.7995740319125177,1.6455882335904306
2027,High,0.7267308128479154,1.3227523268644106
2028,High,1.0552931963650765,2.3243882701665655
2029,High,1.030332567729779,2.4432105143565934
2030,High,0.9504788925277412,1.8371530413179755
2031,High,0.8127199181140825,1.37905752168232
2032,High,0.9369620089894604,1.5202407296329952
2033,High,1.1594169078018193,2.595992865304666
2034,High,0.6364212471204712,1.0050943902070593
2035,High,1.2212842342491044,2.5629099668258846
2036,High,1.294053921824443,2.452029470938882
2037,High,0.56145106586882,0.8860010111765391
2038,High,0.9453750682814924,1.6659844623342082
2039,High,1.222618209342622,1.925146654711341
2040,High,1.4141693161308289,2.0209536933392656
2041,High,1.0458689697814916,1.724416667549491
2042,High,1.3090954710470737,1.8496755007962236
2043,High,0.5638113759453511,0.9222310293921794
2044,High,0.5892943179816619,1.286726863681963
2045,High,1.1174233564123173,1.8017250194803012
2046,High,0.8070328589920528,1.7967412780770502
2047,High,1.0093238144057095,1.5875255092834095
2048,High,1.0756375790180952,1.555226654432559
