sample_id,strategy,gain_gt,national_net_emissions_mt
1,Uniform,1.4210854715202004e-14,10.068334975813228
1,Screened,0.7318339665165183,-0.0
1,Yield per roof,1.782312595667122,-0.0
1,Procurement,0.8468000405677856,6.438977556664964
1,Combined,1.57843414645086,-0.0
2,Uniform,0.0,16.784506182260206
2,Screened,0.6340140481104157,-0.0
2,Yield per roof,1.4990586622952975,2.088808633509234
2,Procurement,0.8558233443148708,11.741561096752877
2,Combined,1.490345940513592,-0.0
3,Uniform,0.0,20.432174420997328
3,Screened,0.3934951898286343,-0.0
3,Yield per roof,1.0260843247769884,4.848395172311667
3,Procurement,0.9579480910664486,13.348513876808845
3,Combined,1.3509759141193172,-0.0
4,Uniform,0.0,14.115550087653626
4,Screened,0.4074273660609151,-0.0
4,Yield per roof,1.0962644467831524,1.752241237634965
4,Procurement,1.1608736908755477,7.5216704711588385
4,Combined,1.5706713697182408,-0.0
5,Uniform,0.0,32.28365406638795
5,Screened,0.3259526806631427,4.912461213605
5,Yield per roof,0.8425903453240764,14.79523362943202
5,Procurement,0.9679660931071652,20.19220502329995
5,Combined,1.2942122831964795,-0.0
6,Uniform,0.0,3.014612533693876
6,Screened,0.7586827725329641,-0.0
6,Yield per roof,1.871012424969948,-0.0
6,Procurement,0.9830760356810088,1.696774732012687
6,Combined,1.7428475522102786,-0.0
7,Uniform,0.0,3.326349926507236
7,Screened,0.6441127384299392,-0.0
7,Yield per roof,1.5782151218304534,-0.0
7,Procurement,1.0008816482257714,1.9841642698624944
7,Combined,1.651276327959437,-0.0
8,Uniform,0.0,20.363287967393934
8,Screened,0.6551648853333063,-0.0
8,Yield per roof,1.5784314382836584,2.9042715340227376
8,Procurement,0.9361233194242402,14.902085209086785
8,Combined,1.5920537333124969,-0.0
9,Uniform,0.0,25.666457871065383
9,Screened,0.4289237330927165,-0.0
9,Yield per roof,1.0895008671915178,7.088050861566185
9,Procurement,0.8942427143923624,18.766820239979776
9,Combined,1.3263257085849602,-0.0
10,Uniform,0.0,62.626954306873664
10,Screened,0.313377568108578,26.89267758266617
10,Yield per roof,0.8248714259825007,41.80379909582108
10,Procurement,0.8735636136653042,38.85453465662492
10,Combined,1.1895928493065284,9.66139135606791
11,Uniform,0.0,11.875654012607782
11,Screened,0.6996567782823888,-0.0
11,Yield per roof,1.722937661960728,0.1299223839166696
11,Procurement,1.1853412962643262,6.729144726189746
11,Combined,1.8869816018246297,-0.0
12,Uniform,1.4210854715202004e-14,14.373901844769318
12,Screened,0.6194734250930765,-0.0
12,Yield per roof,1.4736903405080142,1.5153403994593695
12,Procurement,0.8673857952067152,9.25257958755633
12,Combined,1.487044694427098,-0.0
13,Uniform,0.0,45.55182962099688
13,Screened,0.3520746622364044,14.012326524212565
13,Yield per roof,0.8790566532464581,25.70859257103762
13,Procurement,0.886783054113387,24.976401209261365
13,Combined,1.2386480879219803,-0.0
14,Uniform,0.0,32.98232815103906
14,Screened,0.3445765249290247,4.8151887114218255
14,Yield per roof,0.8617133930864824,15.169670571517589
14,Procurement,1.0346559105877091,20.55537375824236
14,Combined,1.3797343010549952,-0.0
15,Uniform,0.0,3.766303098618621
15,Screened,0.7063297633342671,-0.0
15,Yield per roof,1.7903496256486022,-0.0
15,Procurement,0.8356060561448118,2.6420794135961536
15,Combined,1.54571025459353,-0.0
16,Uniform,0.0,7.131209839060754
16,Screened,0.7820642151851018,-0.0
16,Yield per roof,1.8975092987966773,-0.0
16,Procurement,0.8194349616816794,3.8140125831724903
16,Combined,1.6018581792922646,-0.0
17,Uniform,0.0,43.75349878033323
17,Screened,0.2783757367991768,15.625377996170268
17,Yield per roof,0.7221746281591663,26.710894518761823
17,Procurement,1.0394948560674493,20.475016233034776
17,Combined,1.318273905167878,-0.0
18,Uniform,0.0,11.41310427263442
18,Screened,0.4560335537591982,-0.0
18,Yield per roof,1.1451037621118303,1.0944480974150916
18,Procurement,0.95208443818008,6.275283395260905
18,Combined,1.4081116040347157,-0.0
19,Uniform,0.0,27.403982353883848
19,Screened,0.4230087169746639,-0.0
19,Yield per roof,1.0486164199208332,8.144794329035026
19,Procurement,0.8133714006970365,21.135584781876453
19,Combined,1.238165512121455,-0.0
20,Uniform,0.0,9.463957104845347
20,Screened,0.6226193472306818,-0.0
20,Yield per roof,1.5135149348998738,-0.0
20,Procurement,0.988946075754285,5.184525210917998
20,Combined,1.6119753782733568,-0.0
21,Uniform,0.0,53.50251420283008
21,Screened,0.4738728716476288,13.581418237285822
21,Yield per roof,1.1609647544268,28.5959416923195
21,Procurement,0.8432947571057525,33.934534016708
21,Combined,1.3178300514066876,-0.0
22,Uniform,0.0,19.356517550140182
22,Screened,0.206756420154285,-0.0
22,Yield per roof,0.4850630535934215,6.675565659216479
22,Procurement,0.8535558674528687,12.788354155583898
22,Combined,1.072143319011694,-0.0
23,Uniform,0.0,12.133866290561084
23,Screened,0.6961911583252345,-0.0
23,Yield per roof,1.822861169796667,-0.0
23,Procurement,1.0138841467795174,7.793395651215831
23,Combined,1.710833102103038,-0.0
24,Uniform,0.0,6.472129639224038
24,Screened,0.5798814554226794,-0.0
24,Yield per roof,1.4120187651371765,-0.0
24,Procurement,0.9136961205323928,2.7962933116831445
24,Combined,1.4929930554228008,-0.0
25,Uniform,0.0,29.314245909512795
25,Screened,0.3327044158803645,2.9821782936524066
25,Yield per roof,0.8300406155097164,12.25577720601071
25,Procurement,0.9684897974512268,19.116802682239054
25,Combined,1.301127388980234,-0.0
26,Uniform,0.0,8.94664090855014
26,Screened,0.7361326346717902,-0.0
26,Yield per roof,1.7396145565076466,-0.0
26,Procurement,1.004488794473076,4.583454915808129
26,Combined,1.743523082280916,-0.0
27,Uniform,0.0,14.485953819300391
27,Screened,0.513408455650648,-0.0
27,Yield per roof,1.3465361888419525,1.5258071035060805
27,Procurement,0.8673004056308145,9.36483131512265
27,Combined,1.380565638123997,-0.0
28,Uniform,0.0,6.03445029527371
28,Screened,0.5372099839626401,-0.0
28,Yield per roof,1.3554371068410802,-0.0
28,Procurement,0.9958757634295664,2.427251066523284
28,Combined,1.533493004159055,-0.0
29,Uniform,0.0,3.930782971392307
29,Screened,0.8034332011312983,-0.0
29,Yield per roof,1.9960500924700284,-0.0
29,Procurement,0.8301910885094799,2.815123275224783
29,Combined,1.633871827533966,-0.0
30,Uniform,1.4210854715202004e-14,15.359453651448929
30,Screened,0.6360000790427165,-0.0
30,Yield per roof,1.5217388927860611,1.6545743433559723
30,Procurement,0.9468785660605192,9.834364753634532
30,Combined,1.583304459520619,-0.0
31,Uniform,0.0,11.19469858099812
31,Screened,0.372706081825747,-0.0
31,Yield per roof,0.9956190535575332,1.1780168724964315
31,Procurement,0.8876008624516487,6.322305694052651
31,Combined,1.2625237123215527,-0.0
32,Uniform,0.0,2.950472569779832
32,Screened,0.818332152051795,-0.0
32,Yield per roof,2.093801152950988,-0.0
32,Procurement,0.8723434941216226,1.782292585326947
32,Combined,1.6901202757007925,-0.0
33,Uniform,0.0,21.50749490417473
33,Screened,0.4870245678821447,-0.0
33,Yield per roof,1.2023736026765732,4.815698125284478
33,Procurement,0.8895699422718479,15.086549891098334
33,Combined,1.3770707489807563,-0.0
34,Uniform,1.4210854715202004e-14,14.652894820574504
34,Screened,0.6435269087379112,-0.0
34,Yield per roof,1.5484522502693778,1.3408118611094242
34,Procurement,1.102587957236466,8.77491953765448
34,Combined,1.7477737734207608,-0.0
35,Uniform,0.0,33.28297979876728
35,Screened,0.5475235830141685,-0.0
35,Yield per roof,1.3315183363779113,9.8343238906459
35,Procurement,0.9983744948182078,25.773678415890235
35,Combined,1.5487625534662897,-0.0
36,Uniform,0.0,56.019802388814
36,Screened,0.2879175566806964,24.093757138292464
36,Yield per roof,0.7601166405512743,36.62512573599802
36,Procurement,0.9380720142632272,30.51500008821776
36,Combined,1.2259512479968322,5.674376982087762
37,Uniform,0.0,12.839634675791793
37,Screened,0.5574262854102159,-0.0
37,Yield per roof,1.3856006520005195,1.0430980919125128
37,Procurement,1.0578416861162907,7.336105952111194
37,Combined,1.6162123649136788,-0.0
38,Uniform,0.0,6.736008302956718
38,Screened,0.7205350734791693,-0.0
38,Yield per roof,1.787618105017998,-0.0
38,Procurement,0.8650915690699605,3.454790389673891
38,Combined,1.5854156973821745,-0.0
39,Uniform,0.0,20.49055412954788
39,Screened,0.378481111860161,-0.0
39,Yield per roof,0.9711466196692696,5.144433901384441
39,Procurement,0.8924899592432567,13.79599725475606
39,Combined,1.2746119532529503,-0.0
40,Uniform,0.0,9.492299259483538
40,Screened,0.8536949970922763,-0.0
40,Yield per roof,1.957751924442732,-0.0
40,Procurement,0.8682754951334175,5.719454412115318
40,Combined,1.723687087952129,-0.0
41,Uniform,0.0,18.668671022080357
41,Screened,0.4175374056368497,-0.0
41,Yield per roof,1.0363436640702872,4.104699649593905
41,Procurement,1.014819808597636,11.69904298518272
41,Combined,1.4326905849901692,-0.0
42,Uniform,-7.105427357601002e-15,24.365161360789298
42,Screened,0.3025261152590275,-0.0
42,Yield per roof,0.787929471026068,7.634381950979509
42,Procurement,0.9863630230056016,16.754378508317078
42,Combined,1.2909496404585212,-0.0
43,Uniform,0.0,90.27432242706423
43,Screened,0.3126630516657371,48.67921042063436
43,Yield per roof,0.7574951542645536,67.13461362144768
43,Procurement,1.0128458864021257,62.734993297967975
43,Combined,1.3273267379306477,28.714476789317683
44,Uniform,1.4210854715202004e-14,8.495728328976812
44,Screened,0.627409037217916,-0.0
44,Yield per roof,1.618669831511781,-0.0
44,Procurement,0.8700235776704801,4.717211989614264
44,Combined,1.4984630829080032,-0.0
45,Uniform,0.0,9.966968225589186
45,Screened,0.5302954344258524,-0.0
45,Yield per roof,1.3463569510049638,0.3481206618144624
45,Procurement,0.933372109406008,5.666348723632724
45,Combined,1.4644406199222146,-0.0
46,Uniform,0.0,69.36666280322984
46,Screened,0.2466783651801734,36.65570008363984
46,Yield per roof,0.6223305508501937,50.842556127082645
46,Procurement,0.9604889819122704,43.10943735432408
46,Combined,1.207946606521169,17.64497583185525
47,Uniform,0.0,4.399332762485449
47,Screened,0.9186372020267868,-0.0
47,Yield per roof,2.193665036228253,-0.0
47,Procurement,0.92964288216956,3.2075544144450605
47,Combined,1.8490808079534131,-0.0
48,Uniform,-1.4210854715202004e-14,8.031548829378167
48,Screened,0.5784914046004275,-0.0
48,Yield per roof,1.3967136503465412,-0.0
48,Procurement,0.9996972829444816,3.687838469019678
48,Combined,1.5787718862992222,-0.0
49,Uniform,-1.4210854715202004e-14,16.39876056981731
49,Screened,0.6617321174363155,-0.0
49,Yield per roof,1.564723156523172,1.8574499183691056
49,Procurement,0.8835887126017496,11.229081480659111
49,Combined,1.5450115176358423,-0.0
50,Uniform,-1.4210854715202004e-14,6.145218881571823
50,Screened,0.5150256671643376,-0.0
50,Yield per roof,1.2784026838962037,-0.0
50,Procurement,0.99696413782398,2.484895340962942
50,Combined,1.5178154581908243,-0.0
51,Uniform,0.0,23.019336028262018
51,Screened,0.3812500501093225,-0.0
51,Yield per roof,0.9546822766406464,6.417566080714511
51,Procurement,1.160458460470636,14.032483468153544
51,Combined,1.5439262195600278,-0.0
52,Uniform,0.0,90.7256272836037
52,Screened,0.342911716417781,46.47663528084956
52,Yield per roof,0.8996953126281255,64.87036359278224
52,Procurement,0.8167362131532911,68.56626556136328
52,Combined,1.1599411631623653,30.444660063774258
53,Uniform,0.0,6.205346437020148
53,Screened,0.5153873171103243,-0.0
53,Yield per roof,1.3706575428764722,-0.0
53,Procurement,0.9096279143124236,2.725011101076314
53,Combined,1.4299903745684617,-0.0
54,Uniform,0.0,15.149119173627724
54,Screened,0.3762456270593048,-0.0
54,Yield per roof,1.0108770874314883,2.454381577060673
54,Procurement,0.9717489924250486,9.277973067755577
54,Combined,1.3486031612213625,-0.0
55,Uniform,0.0,75.67844834952321
55,Screened,0.1978836640814876,42.76345623258612
55,Yield per roof,0.5391235143168807,57.62381142516492
55,Procurement,1.0052992566957393,48.13325681222384
55,Combined,1.204757862736031,22.79770146730793
56,Uniform,0.0,21.75374635912196
56,Screened,0.4545976704252865,-0.0
56,Yield per roof,1.120413399387985,5.221800422480399
56,Procurement,0.8781403319829906,15.04605657448813
56,Combined,1.332190173409714,-0.0
57,Uniform,0.0,10.30595776435654
57,Screened,0.7071727496223303,-0.0
57,Yield per roof,1.861088149161418,-0.0
57,Procurement,0.8848199589056946,6.468994384433361
57,Combined,1.5921200967891735,-0.0
58,Uniform,0.0,4.38035848749971
58,Screened,0.550984534694507,-0.0
58,Yield per roof,1.4578457963918223,-0.0
58,Procurement,0.8678932638473356,2.230954520001408
58,Combined,1.4186840894594468,-0.0
59,Uniform,1.4210854715202004e-14,9.192827908250113
59,Screened,0.586452064681481,-0.0
59,Yield per roof,1.402628601582677,0.146848516268702
59,Procurement,0.9962043406732732,4.813486064263302
59,Combined,1.5832056161653156,-0.0
60,Uniform,0.0,10.429953896429485
60,Screened,0.620675306914876,-0.0
60,Yield per roof,1.5754680189796062,-0.0
60,Procurement,0.9110400563893108,6.472584127730413
60,Combined,1.5316802612567244,-0.0
61,Uniform,0.0,61.59446338201216
61,Screened,0.3711163230478291,23.693254267443045
61,Yield per roof,0.9337614901403128,39.97876799379228
61,Procurement,1.0405549314262077,33.247839436995136
61,Combined,1.4145968336797168,3.164857283309736
62,Uniform,0.0,13.2508504310113
62,Screened,0.4555054656363211,-0.0
62,Yield per roof,1.208646438409275,1.3743050950579
62,Procurement,0.948954228622,7.89008432121028
62,Combined,1.405222706970278,-0.0
63,Uniform,0.0,9.938051989635625
63,Screened,0.4431361548233781,-0.0
63,Yield per roof,1.1152381750016076,0.7613121906234795
63,Procurement,0.9611318190339376,5.114881536060819
63,Combined,1.4051812213181163,-0.0
64,Uniform,0.0,3.053161209719687
64,Screened,0.5782016813752904,-0.0
64,Yield per roof,1.4779327154616198,-0.0
64,Procurement,0.9740532730928066,1.7468810628535445
64,Combined,1.5549795129175266,-0.0
65,Uniform,0.0,23.319027859280983
65,Screened,0.4379985460315794,-0.0
65,Yield per roof,1.1629515716064134,5.530007893588729
65,Procurement,0.9815627165308456,16.05073396827896
65,Combined,1.4201019604270897,-0.0
66,Uniform,-1.4210854715202004e-14,6.556089981341105
66,Screened,0.5799180597941671,-0.0
66,Yield per roof,1.546915707570392,-0.0
66,Procurement,0.9227391114852708,2.9507604913228453
66,Combined,1.5034976700413267,-0.0
67,Uniform,0.0,11.401675754355482
67,Screened,0.4720234514715855,-0.0
67,Yield per roof,1.2544690526968765,0.7693729032099729
67,Procurement,0.9262056778544548,6.765838882797107
67,Combined,1.400660096869956,-0.0
68,Uniform,0.0,89.2190306436957
68,Screened,0.2892371930087378,48.52373604705983
68,Yield per roof,0.7288378817690884,66.72244755491293
68,Procurement,0.985490109030323,62.18850208654165
68,Combined,1.2767549685538668,28.91823142247091
69,Uniform,-7.105427357601002e-15,77.48339512796744
69,Screened,0.3979237901014798,34.28795813890113
69,Yield per roof,0.9942399025440452,52.12480219559418
69,Procurement,0.99343582335554,51.27230915586799
69,Combined,1.3928950764605688,15.225418903443856
70,Uniform,0.0,27.271370273302107
70,Screened,0.3765936190019161,-0.0
70,Yield per roof,0.957308786114325,8.326736538462113
70,Procurement,0.8506288591876228,20.719297333909942
70,Combined,1.2303457409898186,-0.0
71,Uniform,0.0,6.099873836297787
71,Screened,0.5416482938768752,-0.0
71,Yield per roof,1.4178471060889848,-0.0
71,Procurement,0.8596795497734036,2.7053204176220187
71,Combined,1.4008167795524713,-0.0
72,Uniform,0.0,19.61626378218418
72,Screened,0.560361420573841,-0.0
72,Yield per roof,1.3644759482683924,3.290891929486161
72,Procurement,0.7998419919124728,14.713917627930012
72,Combined,1.361434400460169,-0.0
73,Uniform,0.0,5.1711504863263205
73,Screened,0.7274053089281551,-0.0
73,Yield per roof,1.8248170192667743,-0.0
73,Procurement,0.8184017799624428,3.1160701211949706
73,Combined,1.5465306986382783,-0.0
74,Uniform,0.0,6.983613223954512
74,Screened,0.6672583864219916,-0.0
74,Yield per roof,1.646321961500519,-0.0
74,Procurement,1.0524506315495188,3.1016581635921088
74,Combined,1.7213052560228164,-0.0
75,Uniform,0.0,10.889060592206407
75,Screened,0.7582355895469135,-0.0
75,Yield per roof,1.9000638298606845,-0.0
75,Procurement,0.9852753462427728,6.641415423230284
75,Combined,1.7457715527412887,-0.0
76,Uniform,0.0,38.567945011099845
76,Screened,0.2396382457108004,13.10411889853083
76,Yield per roof,0.6407193052740325,24.04479102886637
76,Procurement,1.0065951156121995,18.28905023519037
76,Combined,1.249326851622769,-0.0
77,Uniform,0.0,20.57223359896304
77,Screened,0.4117162642467349,-0.0
77,Yield per roof,1.0307236139916256,5.100428577311701
77,Procurement,0.9419566924966888,13.516364286468866
77,Combined,1.35413618611139,-0.0
78,Uniform,-1.4210854715202004e-14,2.932649175563738
78,Screened,0.5749006656910751,-0.0
78,Yield per roof,1.4634367603928524,-0.0
78,Procurement,0.8557859520340827,1.7802610147304547
78,Combined,1.4328184138181683,-0.0
79,Uniform,0.0,42.75608169491525
79,Screened,0.2169336379430788,17.471085352774356
79,Yield per roof,0.5066059779669203,30.668744406768703
79,Procurement,0.9191414476824704,19.265923711868748
79,Combined,1.1442701458795457,-0.0
80,Uniform,0.0,68.68456628783807
80,Screened,0.4296957708305342,27.479848942027647
80,Yield per roof,1.0041113074993433,44.76044146217405
80,Procurement,0.8992335759718202,44.35909042728964
80,Combined,1.3318574492955406,9.837455311003062
81,Uniform,0.0,25.461533212384417
81,Screened,0.3489106169356333,-0.0
81,Yield per roof,0.9005153749425858,7.696097741497359
81,Procurement,0.926727942665046,18.31461951056494
81,Combined,1.277978988920836,-0.0
82,Uniform,0.0,5.457735984384598
82,Screened,0.7488425480999723,-0.0
82,Yield per roof,1.863859817321952,-0.0
82,Procurement,0.8900332405198128,3.1215595055729963
82,Combined,1.6388134049069834,-0.0
83,Uniform,0.0,12.761777021509292
83,Screened,0.4615132141110507,-0.0
83,Yield per roof,1.134570514284917,1.5502843186159554
83,Procurement,0.9493712290240096,7.231449849108574
83,Combined,1.4123053471337954,-0.0
84,Uniform,0.0,15.340888393956863
84,Screened,0.4128852092504758,-0.0
84,Yield per roof,1.0965466610348074,2.1381956866922223
84,Procurement,0.9478637421275806,9.741546230072757
84,Combined,1.3603356939641458,-0.0
85,Uniform,0.0,29.052483962176343
85,Screened,0.3105517284720633,3.508630296598637
85,Yield per roof,0.7786550427605334,13.247081577038088
85,Procurement,0.8627083855160294,19.290537057342643
85,Combined,1.175109907577557,-0.0
86,Uniform,0.0,28.501942922622373
86,Screened,0.3794291732473311,-0.0
86,Yield per roof,1.0195611741314607,8.581326369037571
86,Procurement,0.865201987462811,21.84095446349385
86,Combined,1.2444474415500792,-0.0
87,Uniform,0.0,16.056018397264673
87,Screened,0.5288398981429765,-0.0
87,Yield per roof,1.3363541398268095,2.02826259793772
87,Procurement,0.8342570162712946,11.134127432030322
87,Combined,1.365008525283983,-0.0
88,Uniform,0.0,15.190299056842958
88,Screened,0.6040998693836457,-0.0
88,Yield per roof,1.4785902757912055,1.587148929197511
88,Procurement,1.0803700828866596,9.168819141329804
88,Combined,1.6863022629767954,-0.0
89,Uniform,0.0,29.267826072114325
89,Screened,0.408526554105677,-0.0
89,Yield per roof,0.9933210979665006,9.264378844632908
89,Procurement,1.0905930008490117,20.918598727882166
89,Combined,1.5014163330181989,-0.0
90,Uniform,0.0,3.2036535090061826
90,Screened,0.8148481004901953,-0.0
90,Yield per roof,2.116626832503897,-0.0
90,Procurement,0.9145851630090932,1.9772488066618128
90,Combined,1.7295421009708036,-0.0
91,Uniform,-1.4210854715202004e-14,12.33619925208934
91,Screened,0.6713475336484436,-0.0
91,Yield per roof,1.6273875895521286,0.5441059024934207
91,Procurement,0.9752124206724204,7.664516088078455
91,Combined,1.6465754034428386,-0.0
92,Uniform,0.0,7.846001336614234
92,Screened,0.4717898230601349,-0.0
92,Yield per roof,1.2033464104756604,-0.0
92,Procurement,0.9936387137017562,3.5302129345070434
92,Combined,1.465743838629436,-0.0
93,Uniform,0.0,8.738956203102985
93,Screened,0.8418766790306051,-0.0
93,Yield per roof,2.129409018652183,-0.0
93,Procurement,0.93056658074687,4.754783259435853
93,Combined,1.773643594570359,-0.0
94,Uniform,0.0,5.513845607211221
94,Screened,0.5137289384355199,-0.0
94,Yield per roof,1.329840006725604,-0.0
94,Procurement,0.9230003541352404,2.3483850256121848
94,Combined,1.437811789132553,-0.0
95,Uniform,0.0,22.36576264513521
95,Screened,0.4058706821464,-0.0
95,Yield per roof,0.9587359949073716,6.298938691847829
95,Procurement,1.0785565881254513,14.154501595769908
95,Combined,1.4915426954352995,-0.0
96,Uniform,0.0,74.59477772330807
96,Screened,0.321410969569051,35.579046789776626
96,Yield per roof,0.8411521343609607,51.98122150211416
96,Procurement,1.0302561037174556,46.58762616660161
96,Combined,1.3529612788008831,15.274161672964938
97,Uniform,0.0,25.14310193166672
97,Screened,0.5359231019696011,-0.0
97,Yield per roof,1.2471807689321963,6.672374512734425
97,Procurement,0.8476592125752092,18.603639656260505
97,Combined,1.3868332190989603,-0.0
98,Uniform,-1.4210854715202004e-14,6.116697434572424
98,Screened,0.7173252601079696,-0.0
98,Yield per roof,1.8198700746904564,-0.0
98,Procurement,0.8878247986126837,3.2580334088811025
98,Combined,1.6054085748919107,-0.0
99,Uniform,0.0,5.656241339878925
99,Screened,0.5457474154603688,-0.0
99,Yield per roof,1.3748011040059396,-0.0
99,Procurement,1.0035133452018954,2.3524509902549835
99,Combined,1.54967531724472,-0.0
100,Uniform,0.0,24.844584131243987
100,Screened,0.328385876179972,-0.0
100,Yield per roof,0.8541075196916523,7.587423314208959
100,Procurement,1.0094791452472975,17.054764831348507
100,Combined,1.338823465693494,-0.0
101,Uniform,0.0,32.996938836767846
101,Screened,0.3370766704130403,4.280656066051985
101,Yield per roof,0.8804429096253017,15.104327493395866
101,Procurement,1.0879726752789909,20.74089429235164
101,Combined,1.426580709273182,-0.0
102,Uniform,0.0,5.907561969135655
102,Screened,0.8098560605069736,-0.0
102,Yield per roof,1.924191996179161,-0.0
102,Procurement,0.837293531391424,3.617793766106536
102,Combined,1.65526521483514,-0.0
103,Uniform,0.0,6.849544481072926
103,Screened,0.7816148244377246,-0.0
103,Yield per roof,2.005010122315696,-0.0
103,Procurement,1.1238821354300796,3.433838151513084
103,Combined,1.9074618208047127,-0.0
104,Uniform,0.0,3.605836052048335
104,Screened,0.5841814229060276,-0.0
104,Yield per roof,1.490935206008217,-0.0
104,Procurement,0.9021724478822222,2.00359864129958
104,Combined,1.4866405025055371,-0.0
105,Uniform,-1.4210854715202004e-14,5.723377236859539
105,Screened,0.7253789438402549,-0.0
105,Yield per roof,1.7375869770515493,-0.0
105,Procurement,0.9309695962055428,2.9979384375275617
105,Combined,1.6567646505798876,-0.0
106,Uniform,0.0,49.98098237931503
106,Screened,0.2972507578053225,17.797877680649947
106,Yield per roof,0.7628229702478819,33.22425023234152
106,Procurement,1.0722667916678432,25.031505897105795
106,Combined,1.3765408166551794,-0.0
107,Uniform,0.0,59.89358493657721
107,Screened,0.2129931618262972,30.51131080704142
107,Yield per roof,0.5624179761823598,43.61805299587936
107,Procurement,0.987840357116113,32.86256560507936
107,Combined,1.2031147544001612,10.905323566941574
108,Uniform,-7.105427357601002e-15,32.21303546205667
108,Screened,0.4090780952575699,0.3084079900778844
108,Yield per roof,1.040624205267335,12.105547289906914
108,Procurement,0.8083968159695161,25.98274433389883
108,Combined,1.2200648789421251,-0.0
109,Uniform,0.0,18.72896482211078
109,Screened,0.7201093207890779,-0.0
109,Yield per roof,1.739603855350495,2.2222327510249884
109,Procurement,0.9691433796956376,13.084493545939363
109,Combined,1.6931370144381788,-0.0
110,Uniform,0.0,12.890916843864971
110,Screened,0.5031013978771597,-0.0
110,Yield per roof,1.2079837755656655,1.4799070970227843
110,Procurement,1.0262237500797085,7.096406107268128
110,Combined,1.5303571300322858,-0.0
111,Uniform,0.0,17.91260132383095
111,Screened,0.4112467207198165,-0.0
111,Yield per roof,0.9997006949410548,4.047906644882839
111,Procurement,1.0383709046096925,10.929086794206864
111,Combined,1.4521073133760467,-0.0
112,Uniform,0.0,90.92963600026346
112,Screened,0.1900254172286679,54.19682184382309
112,Yield per roof,0.4996426901876845,72.17025626296477
112,Procurement,1.0554681180277328,61.99065641067219
112,Combined,1.2487692223117293,33.18105079123195
113,Uniform,0.0,12.626099726068905
113,Screened,0.464084456619986,-0.0
113,Yield per roof,1.178610049601545,1.3279869889275109
113,Procurement,1.071409926938884,6.813312208175597
113,Combined,1.536268074136899,-0.0
114,Uniform,0.0,44.242272032980495
114,Screened,0.30082769902139,15.502469117492224
114,Yield per roof,0.7401452546128908,27.27071877954109
114,Procurement,0.9370075122047296,21.989522100425194
114,Combined,1.239462222713719,-0.0
115,Uniform,0.0,27.661519669248364
115,Screened,0.4653169104526427,-0.0
115,Yield per roof,1.2480365043080752,7.1178996977122
115,Procurement,0.779329414070375,21.658358844638144
115,Combined,1.2457211509275936,-0.0
116,Uniform,-1.4210854715202004e-14,9.864541120486336
116,Screened,0.656899665890279,-0.0
116,Yield per roof,1.5798432243642822,-0.0
116,Procurement,1.0327867224123253,5.396595825779827
116,Combined,1.6900670990170426,-0.0
117,Uniform,1.4210854715202004e-14,4.635879171985728
117,Screened,0.559358495826487,-0.0
117,Yield per roof,1.51119135767334,-0.0
117,Procurement,0.8483710485034806,2.420534456694769
117,Combined,1.4086374301251825,-0.0
118,Uniform,0.0,7.663700170616337
118,Screened,0.6733905287113515,-0.0
118,Yield per roof,1.6206808335876843,-0.0
118,Procurement,0.9082453784267556,3.721502152375934
118,Combined,1.5810911168211987,-0.0
119,Uniform,0.0,17.740032042257813
119,Screened,0.4872426499265145,-0.0
119,Yield per roof,1.1879883826957922,3.1559737424341905
119,Procurement,0.895079906074443,12.137853391267432
119,Combined,1.3817903265890408,-0.0
120,Uniform,0.0,30.56233190342397
120,Screened,0.3105030807629916,4.602921113353084
120,Yield per roof,0.7212512255557613,15.917813369217162
120,Procurement,0.863146052778788,20.004684713422773
120,Combined,1.1788641483827291,-0.0
121,Uniform,0.0,16.43961014166388
121,Screened,0.4952749173956761,-0.0
121,Yield per roof,1.3107160198278225,2.0746462270964408
121,Procurement,0.8685657650013496,11.31140617699969
121,Combined,1.3638499464672833,-0.0
122,Uniform,0.0,3.059751756721365
122,Screened,0.6969878455725791,-0.0
122,Yield per roof,1.8782848023133452,-0.0
122,Procurement,0.962413069042654,1.7745519224157598
122,Combined,1.6591642173844718,-0.0
123,Uniform,0.0,7.564130244122117
123,Screened,0.52636047231465,-0.0
123,Yield per roof,1.3349424971957689,-0.0
123,Procurement,1.0107573410056858,3.1683845820103165
123,Combined,1.537877632010833,-0.0
124,Uniform,0.0,6.197862049305471
124,Screened,0.5224545472041484,-0.0
124,Yield per roof,1.331286029220223,-0.0
124,Procurement,0.8513371771833391,2.7291845357454267
124,Combined,1.3765632895226505,-0.0
125,Uniform,0.0,23.767735613958912
125,Screened,0.5439871192239139,-0.0
125,Yield per roof,1.3383934785934457,5.18579749226099
125,Procurement,1.0106676509174974,16.676555398634367
125,Combined,1.555873840964722,-0.0
126,Uniform,0.0,3.290590476611603
126,Screened,0.6980730096861976,-0.0
126,Yield per roof,1.7184100172299566,-0.0
126,Procurement,1.065713493688989,1.8680027603276543
126,Combined,1.7649557279342505,-0.0
127,Uniform,0.0,5.727160584615824
127,Screened,0.7549467245720081,-0.0
127,Yield per roof,1.844498889945328,-0.0
127,Procurement,0.8719599222427661,3.2398420831506267
127,Combined,1.62812442816616,-0.0
128,Uniform,0.0,84.69336009863554
128,Screened,0.427722909134232,36.84551777538548
128,Yield per roof,1.061639232397411,57.68424954802452
128,Procurement,1.028519093844622,57.61992171676344
128,Combined,1.460359700001959,17.220925581511104
129,Uniform,0.0,14.02465375433406
129,Screened,0.4641905167631108,-0.0
129,Yield per roof,1.2230586537472732,1.556608854368062
129,Procurement,0.988276018435002,8.294255704995694
129,Combined,1.4528202431099828,-0.0
130,Uniform,0.0,6.921058221280935
130,Screened,0.6809506073322211,-0.0
130,Yield per roof,1.6832924449819444,-0.0
130,Procurement,0.9328861013872114,3.300957491627501
130,Combined,1.614960416495137,-0.0
131,Uniform,0.0,6.894869301220616
131,Screened,0.9258936099989796,-0.0
131,Yield per roof,2.196520286299517,-0.0
131,Procurement,0.7682697198798962,4.256959317489329
131,Combined,1.6957518193786427,-0.0
132,Uniform,0.0,19.85122253908254
132,Screened,0.3326938799584482,-0.0
132,Yield per roof,0.8369199454235741,5.5042188714780025
132,Procurement,0.8879390925019521,13.011129684080265
132,Combined,1.219966303249251,-0.0
133,Uniform,0.0,9.610572198199392
133,Screened,0.5231534261428408,-0.0
133,Yield per roof,1.3625005290111574,0.0374225002805152
133,Procurement,0.9936838959369396,5.312164881047287
133,Combined,1.5172954596949495,-0.0
134,Uniform,0.0,18.42486704173229
134,Screened,0.3436330795286935,-0.0
134,Yield per roof,0.9538004134291924,4.0994188954397375
134,Procurement,1.0648708410592604,11.136964930542728
134,Combined,1.4098200659804618,-0.0
135,Uniform,-7.105427357601002e-15,31.717060948156767
135,Screened,0.2794539206287183,7.153974866317431
135,Yield per roof,0.7142748008539002,16.48864785775666
135,Procurement,1.0153463928815043,17.053538537492866
135,Combined,1.2955400694899524,-0.0
136,Uniform,0.0,90.78494777134998
136,Screened,0.3385983092152642,47.913703743716354
136,Yield per roof,0.8242533762898461,66.38694781639849
136,Procurement,0.8789396561976659,66.85872127011213
136,Combined,1.218646112240151,30.581411508954844
137,Uniform,0.0,21.401370439592505
137,Screened,0.3347160307602337,-0.0
137,Yield per roof,0.9045412958134662,5.667822832835185
137,Procurement,1.0780168330596425,13.19841440532157
137,Combined,1.41465046153467,-0.0
138,Uniform,0.0,15.99168916007119
138,Screened,0.4958332803866199,-0.0
138,Yield per roof,1.2585734110908788,2.124732666995341
138,Procurement,0.8847151554849546,10.774909365321314
138,Combined,1.380033275889332,-0.0
139,Uniform,0.0,8.065289765130721
139,Screened,0.610603869476293,-0.0
139,Yield per roof,1.4795856905488591,-0.0
139,Procurement,0.9735080584366926,3.8408536328764256
139,Combined,1.5843482958294288,-0.0
140,Uniform,0.0,22.59694416077004
140,Screened,0.4479979821645941,-0.0
140,Yield per roof,1.1180765128952288,5.619068514279326
140,Procurement,0.9793150158998856,15.137913154142964
140,Combined,1.4277872382487686,-0.0
141,Uniform,0.0,16.640578428023403
141,Screened,0.3410718386234777,-0.0
141,Yield per roof,0.8918116342804083,3.707979232153514
141,Procurement,0.9206038646906124,10.297698277708657
141,Combined,1.2623554948992393,-0.0
142,Uniform,0.0,6.3299799143280255
142,Screened,0.559177792101309,-0.0
142,Yield per roof,1.472727632248464,-0.0
142,Procurement,1.03792881280026,2.6305079830343083
142,Combined,1.5976219062456636,-0.0
143,Uniform,-7.105427357601002e-15,83.80886813900669
143,Screened,0.3944810117452775,39.91569609196638
143,Yield per roof,0.9554198925603644,57.73516505441764
143,Procurement,0.8580236907399481,60.57292928582274
143,Combined,1.252974662315431,23.098853906068083
144,Uniform,0.0,21.240714306236654
144,Screened,0.3903916189093834,-0.0
144,Yield per roof,1.0083805861309685,5.30050265951978
144,Procurement,1.0305309821730475,13.554781770885644
144,Combined,1.4218595168748465,-0.0
145,Uniform,0.0,25.109474347157747
145,Screened,0.450859374825086,-0.0
145,Yield per roof,1.1728327419018427,6.4289519325426925
145,Procurement,0.9190589518551064,18.018100334878625
145,Combined,1.372610003206205,-0.0
146,Uniform,0.0,35.358881277568926
146,Screened,0.5005808641308533,-0.0
146,Yield per roof,1.1986737330922352,11.176636880932014
146,Procurement,0.8967336285566461,28.517318954718643
146,Combined,1.3982116743584925,-0.0
147,Uniform,-1.4210854715202004e-14,4.335508029287215
147,Screened,0.6913606951086848,-0.0
147,Yield per roof,1.7387291919920358,-0.0
147,Procurement,1.1247133163248435,2.297696757539624
147,Combined,1.8178694021448791,-0.0
148,Uniform,0.0,8.65746577680707
148,Screened,0.8035174636272586,-0.0
148,Yield per roof,1.8894578029025129,-0.0
148,Procurement,0.8966705951563085,4.797805608894088
148,Combined,1.699938807603985,-0.0
149,Uniform,0.0,3.0890748145056355
149,Screened,0.8875640481070661,-0.0
149,Yield per roof,2.365683054499641,-0.0
149,Procurement,0.8439256827381882,1.9560948224821637
149,Combined,1.732181075963382,-0.0
150,Uniform,0.0,61.86264946525988
150,Screened,0.2762774508517296,29.093772460829843
150,Yield per roof,0.7009537970139377,42.860568679865
150,Procurement,1.0303540143706584,33.66318473514237
150,Combined,1.3077790876824338,8.665837203763788
151,Uniform,0.0,15.45459422143711
151,Screened,0.6171614144267181,-0.0
151,Yield per roof,1.4828324990154016,1.7238527996569524
151,Procurement,0.8893016158167484,10.197972093320503
151,Combined,1.5099002761732263,-0.0
152,Uniform,0.0,44.13450426811302
152,Screened,0.4914208010121541,5.995568569733294
152,Yield per roof,1.183296577570431,19.76607730730716
152,Procurement,0.8354741732376851,32.162915772832235
152,Combined,1.3272478371358716,-0.0
153,Uniform,1.4210854715202004e-14,10.04596413430095
153,Screened,0.6926812487615308,-0.0
153,Yield per roof,1.664842521004175,-0.0
153,Procurement,0.83159410011109,6.433498104145435
153,Combined,1.5239747384811435,-0.0
154,Uniform,0.0,8.388095601428395
154,Screened,0.5655564267408693,-0.0
154,Yield per roof,1.3706236323180008,-0.0
154,Procurement,0.9951815755554492,4.062305456401221
154,Combined,1.5674273926600648,-0.0
155,Uniform,0.0,16.831246165250107
155,Screened,0.5419620359834454,-0.0
155,Yield per roof,1.4007711718173113,2.0679096483138486
155,Procurement,0.8420444615834839,11.861028891866235
155,Combined,1.3845471472637456,-0.0
156,Uniform,7.105427357601002e-15,23.54027831693068
156,Screened,0.3948159609177892,-0.0
156,Yield per roof,0.9799570128184172,6.678154690443694
156,Procurement,0.9314198527221222,16.357373696450797
156,Combined,1.3277140525095916,-0.0
157,Uniform,0.0,2.287851438341926
157,Screened,0.6074911956404918,-0.0
157,Yield per roof,1.4883477613570475,-0.0
157,Procurement,0.8705498729463699,1.1162250135386302
157,Combined,1.4782433963194563,-0.0
158,Uniform,0.0,37.85187465913321
158,Screened,0.4005937065767355,6.395497897307546
158,Yield per roof,0.955303774389499,18.618784856446023
158,Procurement,0.8291571775096571,25.518022987259958
158,Combined,1.2320744475059016,-0.0
159,Uniform,0.0,6.614941207101826
159,Screened,0.8711998950583961,-0.0
159,Yield per roof,2.1962199320314824,-0.0
159,Procurement,1.0386024373301268,3.8446774545280578
159,Combined,1.9129042884211171,-0.0
160,Uniform,0.0,109.50057808659405
160,Screened,0.2477407662167792,65.6163025329955
160,Yield per roof,0.6402673095050488,85.32189703434744
160,Procurement,0.907712292734182,84.72252643334845
160,Combined,1.156120564911923,47.67823387171396
161,Uniform,0.0,17.08993932402358
161,Screened,0.4357821335007514,-0.0
161,Yield per roof,1.1559474183147245,2.807719101807241
161,Procurement,0.8353462322129843,11.95207735135656
161,Combined,1.2712731342262344,-0.0
162,Uniform,0.0,6.3969571982870885
162,Screened,0.5651966030458908,-0.0
162,Yield per roof,1.3429053224696474,-0.0
162,Procurement,0.8928649434843265,2.791500028462913
162,Combined,1.460678675835183,-0.0
163,Uniform,0.0,68.20707342973616
163,Screened,0.2830679538827425,33.08522027121176
163,Yield per roof,0.7454407678890931,47.81518631619186
163,Procurement,0.8805132810628251,44.18720798582429
163,Combined,1.1651061579656243,15.685653904212778
164,Uniform,0.0,37.63667214230689
164,Screened,0.2682390777910299,11.107378405194126
164,Yield per roof,0.6989910120561333,22.382519306836627
164,Procurement,0.8977708168976122,20.235737941858165
164,Combined,1.1693252612322669,-0.0
165,Uniform,-7.105427357601002e-15,22.074623488338176
165,Screened,0.3817178961139191,-0.0
165,Yield per roof,0.9724926022872468,5.92611555927203
165,Procurement,1.0461907972122333,14.052381824092691
165,Combined,1.4283947277995566,-0.0
166,Uniform,0.0,12.9769088356845
166,Screened,0.6480060404960426,-0.0
166,Yield per roof,1.5983000642227267,0.6908770876921745
166,Procurement,0.9159689834443584,8.402528821795903
166,Combined,1.5639128698113185,-0.0
167,Uniform,0.0,32.43136692896342
167,Screened,0.2444469221733385,8.270732594938286
167,Yield per roof,0.6802357625441573,17.75871667362449
167,Procurement,0.8781376314954414,17.83385367893231
167,Combined,1.1244391882801423,-0.0
168,Uniform,0.0,21.48736967887979
168,Screened,0.2716137992890424,-0.0
168,Yield per roof,0.7231729320064915,6.619362889906683
168,Procurement,0.9256094930116632,14.349339697137951
168,Combined,1.1979980131070036,-0.0
169,Uniform,0.0,134.80750782645637
169,Screened,0.3170620318257988,80.50097113146926
169,Yield per roof,0.7851471077610128,104.94832458152676
169,Procurement,0.8759389157221307,111.45235324536552
169,Combined,1.1939820123423743,63.61382461423023
170,Uniform,0.0,3.024996130911951
170,Screened,0.6842200016927649,-0.0
170,Yield per roof,1.7184616149297938,-0.0
170,Procurement,1.0038374621677804,1.6796385134182952
170,Combined,1.6888760649205636,-0.0
171,Uniform,0.0,9.245342297315696
171,Screened,0.7198952630434832,-0.0
171,Yield per roof,1.9241361108067565,-0.0
171,Procurement,0.7275009978806395,6.086702571208829
171,Combined,1.4470225354502588,-0.0
172,Uniform,0.0,28.28870893880524
172,Screened,0.5273104359827556,-0.0
172,Yield per roof,1.3208937735613515,7.430602513099469
172,Procurement,0.9116756551702708,21.25535085086049
172,Combined,1.4428462396169124,-0.0
173,Uniform,0.0,103.62237903344275
173,Screened,0.2975965943916421,58.41520991049014
173,Yield per roof,0.7791999111281314,77.7392180984025
173,Procurement,0.803865636637596,81.75656818286834
173,Combined,1.1019810670902146,42.59621845114957
174,Uniform,-1.4210854715202004e-14,7.098892102588206
174,Screened,0.6995110106738309,-0.0
174,Yield per roof,1.6684999458428962,-0.0
174,Procurement,0.8734298535132439,3.4204451344085154
174,Combined,1.5736170052972085,-0.0
175,Uniform,0.0,27.255224093669387
175,Screened,0.513075366371325,-0.0
175,Yield per roof,1.2374776894887134,7.303344712350889
175,Procurement,0.7264697796153285,21.663823877477395
175,Combined,1.2422947617953355,-0.0
176,Uniform,0.0,27.45785261419298
176,Screened,0.4032256882282468,-0.0
176,Yield per roof,0.963048620526024,8.478146767277435
176,Procurement,1.2058941410123225,18.13977059940404
176,Combined,1.610823469724764,-0.0
177,Uniform,0.0,79.06738897522888
177,Screened,0.2210100839858171,44.49945521899682
177,Yield per roof,0.5837529836179058,59.73648871360054
177,Procurement,1.0678349931718856,49.75686047068552
177,Combined,1.28917699859457,23.27074979234585
178,Uniform,0.0,11.5113217737495
178,Screened,0.4980479847554591,-0.0
178,Yield per roof,1.2403585404223492,0.9781724129623746
178,Procurement,1.0538394804245286,6.137917326910299
178,Combined,1.554379664752361,-0.0
179,Uniform,-7.105427357601002e-15,13.816217688742718
179,Screened,0.3760706177281321,-0.0
179,Yield per roof,0.9134261884834772,2.4754390743733787
179,Procurement,0.9081562969356228,8.1757125902572
179,Combined,1.283456698895762,-0.0
180,Uniform,0.0,47.095678596871
180,Screened,0.294233987752122,17.26969818391188
180,Yield per roof,0.7687468123443537,28.78662203110162
180,Procurement,0.9845730033341412,22.62998423984532
180,Combined,1.2789794930442966,-0.0
181,Uniform,0.0,33.82129964901089
181,Screened,0.3086415969569387,6.595442426280544
181,Yield per roof,0.815886073154914,16.741263689257273
181,Procurement,0.9200291597484522,20.485069995884423
181,Combined,1.2296655873688138,-0.0
182,Uniform,0.0,8.566185252539139
182,Screened,0.5573467818544486,-0.0
182,Yield per roof,1.4380147670059529,-0.0
182,Procurement,0.9525476873546525,4.426894182398984
182,Combined,1.511692420503394,-0.0
183,Uniform,1.4210854715202004e-14,9.608036714810012
183,Screened,0.6292131933780638,-0.0
183,Yield per roof,1.598327386735278,-0.0
183,Procurement,0.9749161707727154,5.484756643941557
183,Combined,1.6043203408027296,-0.0
184,Uniform,0.0,24.317549872640623
184,Screened,0.4623945675014056,-0.0
184,Yield per roof,1.232032625144143,5.788311645294493
184,Procurement,0.840873846857491,17.921086864376612
184,Combined,1.303286250623131,-0.0
185,Uniform,1.4210854715202004e-14,6.050505856759732
185,Screened,0.6192695418494196,-0.0
185,Yield per roof,1.5249649410673385,-0.0
185,Procurement,1.1482691407707222,2.526340924509101
185,Combined,1.7689615725194443,-0.0
186,Uniform,0.0,55.40481242717378
186,Screened,0.3547072839617868,20.81707137918439
186,Yield per roof,0.906481642461415,33.67724661439541
186,Procurement,0.8256160841776818,33.09839512614814
186,Combined,1.1797982930627526,4.732289186656227
187,Uniform,0.0,12.50089819698836
187,Screened,0.3823901593087768,-0.0
187,Yield per roof,0.9981158484003388,1.6162489702723375
187,Procurement,0.9166048801391398,7.089434151477864
187,Combined,1.2987955999705747,-0.0
188,Uniform,7.105427357601002e-15,74.26416866234858
188,Screened,0.2965247880025998,36.64427380710822
188,Yield per roof,0.7984960643516104,51.87019619891164
188,Procurement,0.8584683182742481,50.84535476827488
188,Combined,1.1552134642986545,19.704756831543527
189,Uniform,0.0,36.74235848203357
189,Screened,0.3214260615526783,8.39484460719793
189,Yield per roof,0.8269336848676971,18.88118545226268
189,Procurement,0.8433778097872633,22.156436482064404
189,Combined,1.165786232198478,-0.0
190,Uniform,0.0,4.028085958386438
190,Screened,0.8772120417368399,-0.0
190,Yield per roof,2.1001243116232047,-0.0
190,Procurement,0.8517015021579653,2.885024567269946
190,Combined,1.7298635708407062,-0.0
191,Uniform,0.0,11.45829332312919
191,Screened,0.5559394373414364,-0.0
191,Yield per roof,1.5028293948653015,0.2289911716463488
191,Procurement,0.9334579873666228,7.255474822713807
191,Combined,1.489384671907061,-0.0
192,Uniform,0.0,14.715075326829904
192,Screened,0.3999975519704719,-0.0
192,Yield per roof,0.9654617900927036,2.632685052676125
192,Procurement,0.95008290372823,8.994610781077048
192,Combined,1.352873377268054,-0.0
193,Uniform,0.0,16.32664123488397
193,Screened,0.46811296318009,-0.0
193,Yield per roof,1.1811529355826451,2.3687744014389445
193,Procurement,1.0114881597730516,10.341744118144796
193,Combined,1.481358783273507,-0.0
194,Uniform,0.0,12.07777943811196
194,Screened,0.5580295648504716,-0.0
194,Yield per roof,1.4135842147198474,0.7436168155743703
194,Procurement,0.8934162628106037,7.510559135775838
194,Combined,1.450841418186485,-0.0
195,Uniform,0.0,15.243846593792972
195,Screened,0.4003597769803946,-0.0
195,Yield per roof,0.9734325620374876,2.9114106992593247
195,Procurement,1.057258339207408,8.641373828608423
195,Combined,1.4586662475843326,-0.0
196,Uniform,0.0,89.2302644011873
196,Screened,0.2650799321097068,50.13549792548063
196,Yield per roof,0.6815209843870065,66.55650496497442
196,Procurement,0.8833747619830206,65.13922502356627
196,Combined,1.1477511867504333,32.72919409686486
197,Uniform,0.0,19.9156255992934
197,Screened,0.4162951714854017,-0.0
197,Yield per roof,1.0616255281555027,4.627307250552852
197,Procurement,0.8792624211882298,13.541417769804694
197,Combined,1.2968277088220077,-0.0
198,Uniform,0.0,88.23951975071566
198,Screened,0.3728390792368756,43.11765081846683
198,Yield per roof,0.9685611428311632,61.66509563085302
198,Procurement,0.8154806552826912,66.01417785380636
198,Combined,1.1889010056603624,27.027220635371098
199,Uniform,0.0,4.269464609496468
199,Screened,0.8638246594918542,-0.0
199,Yield per roof,2.143498447860708,-0.0
199,Procurement,0.8235430861786028,3.163768758606376
199,Combined,1.689014571042577,-0.0
200,Uniform,0.0,6.511832694952914
200,Screened,0.5915457368728454,-0.0
200,Yield per roof,1.5475217245741677,-0.0
200,Procurement,0.86166671641233,3.1022067762894228
200,Combined,1.4565442096717618,-0.0
201,Uniform,0.0,8.757908177030702
201,Screened,0.4588225620140775,-0.0
201,Yield per roof,1.1592971352935135,0.2925543328680408
201,Procurement,0.9756652137365194,4.326616703188791
201,Combined,1.4350092994758654,-0.0
202,Uniform,0.0,16.108215522649843
202,Screened,0.4960628787045635,-0.0
202,Yield per roof,1.2424055906940197,2.2166626057608645
202,Procurement,0.9755266407117348,10.34091568926511
202,Combined,1.4726846481483165,-0.0
203,Uniform,0.0,13.141797108066465
203,Screened,0.4936255175401101,-0.0
203,Yield per roof,1.287599202646362,1.2055713848217615
203,Procurement,1.0131567557193932,7.670758755208595
203,Combined,1.5075898284047895,-0.0
204,Uniform,0.0,3.073641774773753
204,Screened,0.6856164410129821,-0.0
204,Yield per roof,1.6591595806279855,-0.0
204,Procurement,0.939529743950672,1.8119907143173009
204,Combined,1.626337127688572,-0.0
205,Uniform,0.0,6.277346427012732
205,Screened,0.912716579003586,-0.0
205,Yield per roof,2.2025150318544604,-0.0
205,Procurement,0.8450762218410546,3.936100313471741
205,Combined,1.7581526741804794,-0.0
206,Uniform,7.105427357601002e-15,62.41278674507169
206,Screened,0.3350913649411282,26.92815416435635
206,Yield per roof,0.8423945697687998,40.992876857864445
206,Procurement,0.941044086722762,36.8238048626978
206,Combined,1.276024403205405,8.436347456489246
207,Uniform,0.0,14.856117950769796
207,Screened,0.5137733619120297,-0.0
207,Yield per roof,1.3455062219626797,1.5176775953345274
207,Procurement,1.1367940792853377,8.607654711647143
207,Combined,1.651980266582413,-0.0
208,Uniform,0.0,19.457364264029074
208,Screened,0.3464696745878584,-0.0
208,Yield per roof,0.8643695413625707,5.261853919325096
208,Procurement,0.8746398685226353,12.722355865802305
208,Combined,1.221527618505995,-0.0
209,Uniform,0.0,42.4945642871672
209,Screened,0.427202289737707,7.0232128313414695
209,Yield per roof,1.0919199942164963,20.21924768860272
209,Procurement,0.8530357897201526,29.33206873025417
209,Combined,1.281437525415896,-0.0
210,Uniform,0.0,24.235722808619094
210,Screened,0.3750229606556985,-0.0
210,Yield per roof,0.9169898907045492,7.253153532107253
210,Procurement,0.9533825976792444,16.885605072082207
210,Combined,1.328232242195135,-0.0
211,Uniform,0.0,88.03182925488737
211,Screened,0.2587726352410158,49.368336361373096
211,Yield per roof,0.6498238124265328,67.02892872452517
211,Procurement,0.9939908137248068,60.79071822373073
211,Combined,1.2547450569631948,29.611530470312218
212,Uniform,0.0,5.987162627865276
212,Screened,0.5664772553272854,-0.0
212,Yield per roof,1.4188695786942418,-0.0
212,Procurement,0.9621391838088584,2.6531435710624853
212,Combined,1.5325022880754489,-0.0
213,Uniform,0.0,9.777334731476367
213,Screened,0.5885863649055807,-0.0
213,Yield per roof,1.4398677322854496,0.1243970865634664
213,Procurement,0.9399446662938828,5.644081150656125
213,Combined,1.5281965610901267,-0.0
214,Uniform,0.0,6.230236819010792
214,Screened,0.6431071237481802,-0.0
214,Yield per roof,1.5977492667918511,-0.0
214,Procurement,0.96236636723404,2.9195905011152754
214,Combined,1.6065724871273943,-0.0
215,Uniform,0.0,2.294101256567885
215,Screened,0.7996818675601958,-0.0
215,Yield per roof,1.9692589520941797,-0.0
215,Procurement,0.8580672277556118,1.1391924148759094
215,Combined,1.6603641319654514,-0.0
216,Uniform,0.0,52.490745947273176
216,Screened,0.3334684878327536,18.96358817289037
216,Yield per roof,0.8406087354762164,33.11034886503402
216,Procurement,1.157966692151767,25.35473591587359
216,Combined,1.4942129354067075,-0.0
217,Uniform,0.0,24.68223849245633
217,Screened,0.5708271609553037,-0.0
217,Yield per roof,1.417653514172741,5.413549706013479
217,Procurement,0.8122087375665501,18.62598586042587
217,Combined,1.3840114968015769,-0.0
218,Uniform,0.0,4.4344777837029605
218,Screened,0.9866490230510864,-0.0
218,Yield per roof,2.358964072262808,-0.0
218,Procurement,0.8474311229864213,3.2999032183023926
218,Combined,1.8347217231325037,-0.0
219,Uniform,0.0,19.8212495518542
219,Screened,0.3606033471052043,-0.0
219,Yield per roof,0.8631636126086732,5.395556118079003
219,Procurement,0.920888514143968,12.860718595406963
219,Combined,1.2872797992732146,-0.0
220,Uniform,0.0,31.2940994950033
220,Screened,0.3091869924910355,5.1582382231487856
220,Yield per roof,0.7948349330650615,14.890863033754869
220,Procurement,1.0980907733666356,18.008719111804147
220,Combined,1.4079078017462263,-0.0
221,Uniform,0.0,10.297853564674703
221,Screened,0.6927730434382511,-0.0
221,Yield per roof,1.795396245138491,-0.0
221,Procurement,0.7850179248245297,6.888134810286176
221,Combined,1.4781432718311152,-0.0
222,Uniform,0.0,23.072634741891186
222,Screened,0.285863102777931,-0.0
222,Yield per roof,0.7350936432244026,7.285573668587785
222,Procurement,0.8959500983630804,16.171281023389035
222,Combined,1.184716768593347,-0.0
223,Uniform,0.0,47.48767396613142
223,Screened,0.4523207936941702,9.646183139944077
223,Yield per roof,1.129485883646737,23.71971655941733
223,Procurement,0.8807235936602211,31.5619616926384
223,Combined,1.3340207433743956,-0.0
224,Uniform,0.0,73.46260484306471
224,Screened,0.2167863669716894,40.85253923042348
224,Yield per roof,0.5680767907337874,54.89071652773535
224,Procurement,0.9512669027997908,47.47308491603032
224,Combined,1.1680888464463486,22.05163260375964
225,Uniform,0.0,8.609302543337416
225,Screened,0.5532536111373929,-0.0
225,Yield per roof,1.4197246895751334,-0.0
225,Procurement,0.9678623923771285,4.40591935267542
225,Combined,1.522004038810948,-0.0
226,Uniform,0.0,4.308604015763162
226,Screened,0.7063801497093323,-0.0
226,Yield per roof,1.7532895024948942,-0.0
226,Procurement,0.8545841006794035,2.7637945707262586
226,Combined,1.565366591397236,-0.0
227,Uniform,0.0,14.248675822918974
227,Screened,0.3645978919030241,-0.0
227,Yield per roof,0.995422453412182,1.9931394791507688
227,Procurement,0.9598053346032174,8.583669862722504
227,Combined,1.3240095951012592,-0.0
228,Uniform,0.0,13.597310488096976
228,Screened,0.551723879111961,-0.0
228,Yield per roof,1.3521220771598763,1.3197913838239743
228,Procurement,0.8213507667636293,8.981289485041227
228,Combined,1.3794301322244138,-0.0
229,Uniform,-1.4210854715202004e-14,4.08217494577124
229,Screened,0.5454085284514605,-0.0
229,Yield per roof,1.3889257616374238,-0.0
229,Procurement,0.8685588324080271,2.086920920109896
229,Combined,1.414527972994236,-0.0
230,Uniform,0.0,26.715235189457463
230,Screened,0.5662554637132757,-0.0
230,Yield per roof,1.3293656855912843,7.07725534756118
230,Procurement,0.8593061151760679,20.088415770387414
230,Combined,1.427584475278934,-0.0
231,Uniform,0.0,8.702715245260919
231,Screened,0.4846997792992482,-0.0
231,Yield per roof,1.2626273438028477,0.018506435674739
231,Procurement,0.9191021500097776,4.711464787434517
231,Combined,1.4053402486831317,-0.0
232,Uniform,0.0,99.62095342836464
232,Screened,0.2894113276433359,55.12984946298791
232,Yield per roof,0.7966283646268479,74.01474503821875
232,Procurement,0.9305353040221078,74.37097896101425
232,Combined,1.2201941901958406,36.86129089330029
233,Uniform,0.0,18.251922290859632
233,Screened,0.3847601202883908,-0.0
233,Yield per roof,0.9811707176932032,4.053721503655428
233,Procurement,1.0567936238083249,11.050898924043002
233,Combined,1.442384640553314,-0.0
234,Uniform,0.0,59.527209220141934
234,Screened,0.2943729112538449,26.35275444710315
234,Yield per roof,0.6864824103165361,42.41193348252935
234,Procurement,1.1961040285627718,26.76791640482657
234,Combined,1.496310370710631,2.545064438692672
235,Uniform,0.0,79.2810680610032
235,Screened,0.23012736378557,42.87567238588179
235,Yield per roof,0.6017954274925046,60.74001733598504
235,Procurement,0.9693530588518016,52.737811225703226
235,Combined,1.20529286282882,23.54882862649681
236,Uniform,0.0,25.790331772824896
236,Screened,0.4426505678162726,-0.0
236,Yield per roof,1.174929602004994,6.56355009619714
236,Procurement,1.0114276138236846,18.03227150806119
236,Combined,1.4547572618308635,-0.0
237,Uniform,0.0,22.778805682228363
237,Screened,0.6250396979395703,-0.0
237,Yield per roof,1.4788509471099616,4.374679089544796
237,Procurement,0.8752241064064918,17.068617045696428
237,Combined,1.501128450918614,-0.0
238,Uniform,-3.552713678800501e-15,98.52844716368872
238,Screened,0.1954543753246795,59.98752920759135
238,Yield per roof,0.5159461989437268,77.98954531402224
238,Procurement,1.0693186795964778,69.17632360420764
238,Combined,1.2659372277034926,38.7144152225533
239,Uniform,0.0,22.20131923152148
239,Screened,0.4468505043926285,-0.0
239,Yield per roof,1.1692211208624317,5.037560284585341
239,Procurement,1.0645898182264233,14.800574988401715
239,Combined,1.512225306802904,-0.0
240,Uniform,1.4210854715202004e-14,6.511691607591262
240,Screened,0.5490948948339138,-0.0
240,Yield per roof,1.3740852318046848,-0.0
240,Procurement,1.030711248713402,2.56850970948906
240,Combined,1.5798642227596815,-0.0
241,Uniform,0.0,18.159292764507743
241,Screened,0.2654774041617713,-0.0
241,Yield per roof,0.6834043214851278,5.23190765907388
241,Procurement,0.8568061551120394,11.565843096335444
241,Combined,1.1260313162632656,-0.0
242,Uniform,0.0,21.282171671666703
242,Screened,0.4661971774315532,-0.0
242,Yield per roof,1.202538516369387,4.529740893217443
242,Procurement,1.0290543523627775,14.375835714725882
242,Combined,1.498966015159496,-0.0
243,Uniform,0.0,3.2454387543816323
243,Screened,0.6706335020608662,-0.0
243,Yield per roof,1.728478001874393,-0.0
243,Procurement,0.8641936138345017,2.083493540504945
243,Combined,1.5421308329567012,-0.0
244,Uniform,0.0,70.24678706349998
244,Screened,0.4045630298832847,29.033479966705688
244,Yield per roof,1.0124676292167225,44.761016180311486
244,Procurement,0.8056402495589055,48.3981219218886
244,Combined,1.2098205217281404,13.242121704545193
245,Uniform,0.0,5.603068304689016
245,Screened,0.7327660070695146,-0.0
245,Yield per roof,1.8291717390984128,-0.0
245,Procurement,0.9279389686735726,3.084290940684865
245,Combined,1.6614840210945232,-0.0
246,Uniform,0.0,2.991023062612428
246,Screened,0.8721100742931469,-0.0
246,Yield per roof,2.193674997907351,-0.0
246,Procurement,0.8319088933130274,1.87288259058972
246,Combined,1.7044700908546415,-0.0
247,Uniform,-1.4210854715202004e-14,11.937958883719135
247,Screened,0.6741992632840947,-0.0
247,Yield per roof,1.7433318089443477,0.0108831270288849
247,Procurement,0.8168536545016281,8.389231826253921
247,Combined,1.4910869840335153,-0.0
248,Uniform,0.0,9.653069974294487
248,Screened,0.4761930616280665,-0.0
248,Yield per roof,1.1693124813243685,0.6111491848928928
248,Procurement,0.9157832930378618,5.198329564432021
248,Combined,1.3934875561036648,-0.0
249,Uniform,0.0,6.539972711530574
249,Screened,0.8331711379945261,-0.0
249,Yield per roof,2.0839095962171257,-0.0
249,Procurement,0.8737198477844288,3.8000240608227744
249,Combined,1.7089902653290494,-0.0
250,Uniform,0.0,56.90723360930092
250,Screened,0.301319591627589,24.26725927237108
250,Yield per roof,0.7656960413423803,37.89807057401438
250,Procurement,1.0304520620569733,28.80755918884956
250,Combined,1.333182352092841,3.93971305015893
251,Uniform,0.0,72.44620890783386
251,Screened,0.3000933255266176,36.01381288816272
251,Yield per roof,0.7446725492250224,51.20571086836815
251,Procurement,0.9950213224504764,45.45233015996238
251,Combined,1.2953862511888588,16.486046741089847
252,Uniform,0.0,17.70409241704591
252,Screened,0.4843680366719951,-0.0
252,Yield per roof,1.2814429526604556,2.4545282244094286
252,Procurement,0.7942382861677828,13.020318948841174
252,Combined,1.2804526975108814,-0.0
253,Uniform,0.0,21.859337476696336
253,Screened,0.5155807038878919,-0.0
253,Yield per roof,1.321125326848431,4.232920358563801
253,Procurement,1.0794545445390469,14.842514760223102
253,Combined,1.5971106078245043,-0.0
254,Uniform,0.0,10.028366241825216
254,Screened,0.4690995424581103,-0.0
254,Yield per roof,1.1856414740328347,0.5962635114912735
254,Procurement,0.978434208710908,5.269017778354704
254,Combined,1.447652795082277,-0.0
255,Uniform,0.0,22.326086037331223
255,Screened,0.3164175043828336,-0.0
255,Yield per roof,0.8564889506318352,6.391231185723012
255,Procurement,0.9686607469296362,14.871087606949226
255,Combined,1.2849319361252114,-0.0
256,Uniform,0.0,9.683335221519648
256,Screened,0.8296443778658045,-0.0
256,Yield per roof,1.975964764952181,-0.0
256,Procurement,0.9004313256990599,5.829710419699135
256,Combined,1.7303352668816387,-0.0
257,Uniform,0.0,7.551589203423565
257,Screened,0.4961767327224322,-0.0
257,Yield per roof,1.2899941147054363,-0.0
257,Procurement,0.9494314949952668,3.425605580988546
257,Combined,1.4452413688192252,-0.0
258,Uniform,1.4210854715202004e-14,12.6889848144605
258,Screened,0.6026217469952115,-0.0
258,Yield per roof,1.4174605028899665,1.1804931579375688
258,Procurement,0.8280711536328482,8.03693983661588
258,Combined,1.432074260762349,-0.0
259,Uniform,0.0,37.60906256708866
259,Screened,0.4450705576149971,3.750960112313636
259,Yield per roof,1.073757367479061,16.272382546229192
259,Procurement,0.9666056622558016,26.80694493855886
259,Combined,1.4125347817335123,-0.0
260,Uniform,0.0,17.229539723822295
260,Screened,0.5125799153330632,-0.0
260,Yield per roof,1.3309113725571535,2.1999616328318643
260,Procurement,1.1760520347901746,10.26695970047446
260,Combined,1.6924918323344542,-0.0
261,Uniform,0.0,82.0585019402009
261,Screened,0.2688659969131635,44.39076575498725
261,Yield per roof,0.6821884176988888,60.891963569668576
261,Procurement,1.0338491602195958,53.72196140919375
261,Combined,1.3035445564535095,23.86110898200062
262,Uniform,0.0,22.76821375909846
262,Screened,0.5000252478105836,-0.0
262,Yield per roof,1.2190897258954152,5.402739785133263
262,Procurement,1.1582324398147534,14.858639561666816
262,Combined,1.660284037176481,-0.0
263,Uniform,0.0,22.58661059356905
263,Screened,0.3438993958174023,-0.0
263,Yield per roof,0.836509198546203,6.903743295967677
263,Procurement,0.8816423232417847,15.796809700345364
263,Combined,1.2259937354233514,-0.0
264,Uniform,-1.4210854715202004e-14,19.02449169058646
264,Screened,0.7117927795027725,-0.0
264,Yield per roof,1.7275936732001185,2.1839282101083075
264,Procurement,0.8611273610579104,13.97376874823216
264,Combined,1.5739580215400508,-0.0
265,Uniform,0.0,37.91713056845361
265,Screened,0.3372256409566816,8.013825249742208
265,Yield per roof,0.8803971307575651,19.292591915482003
265,Procurement,0.9504256092374206,22.974731790594145
265,Combined,1.2891039237992317,-0.0
266,Uniform,-1.4210854715202004e-14,10.014148349702666
266,Screened,0.7243587656883221,-0.0
266,Yield per roof,1.8784655528838243,-0.0
266,Procurement,0.9062469371975794,6.135192970526821
266,Combined,1.6310737962355972,-0.0
267,Uniform,0.0,3.485544055526449
267,Screened,0.785945102161719,-0.0
267,Yield per roof,1.8705185170346112,-0.0
267,Procurement,0.8244951361673429,2.3766092163652672
267,Combined,1.6139457766087162,-0.0
268,Uniform,0.0,7.871003234801148
268,Screened,0.5339658469847848,-0.0
268,Yield per roof,1.356400792458018,-0.0
268,Procurement,0.9499215701993222,3.742900059135164
268,Combined,1.4839745186623787,-0.0
269,Uniform,0.0,5.745916844088781
269,Screened,0.4195105157414929,-0.0
269,Yield per roof,1.1380778105871483,-0.0
269,Procurement,0.8541913775445238,2.255422662323514
269,Combined,1.2746059404130676,-0.0
270,Uniform,-1.4210854715202004e-14,11.745813300319204
270,Screened,0.6307280059647979,-0.0
270,Yield per roof,1.520073543527502,0.6736939247441881
270,Procurement,0.7775738818939004,7.816357081180848
270,Combined,1.4101190256115927,-0.0
271,Uniform,0.0,43.025356151921486
271,Screened,0.4386971265282255,5.389436353845223
271,Yield per roof,1.1852267892751058,18.761524802442004
271,Procurement,0.9319667546612322,30.93542206384165
271,Combined,1.3715289559860082,-0.0
272,Uniform,0.0,13.472325279127675
272,Screened,0.432337697570162,-0.0
272,Yield per roof,1.1235771204311646,1.6330438776429528
272,Procurement,0.9652641473568622,7.7779108679870195
272,Combined,1.3978927484712074,-0.0
273,Uniform,0.0,85.19597273875837
273,Screened,0.3370808688044491,43.162194129910176
273,Yield per roof,0.8371954632727494,61.67706207774742
273,Procurement,1.1041481963947677,54.77384875195859
273,Combined,1.4431844431156762,21.08496510965148
274,Uniform,0.0,8.926230445139655
274,Screened,0.5822643557956866,-0.0
274,Yield per roof,1.5568063322916998,-0.0
274,Procurement,0.9941926807890552,4.606293393964889
274,Combined,1.579096041521879,-0.0
275,Uniform,0.0,33.94947534996695
275,Screened,0.4971612441327551,-0.0
275,Yield per roof,1.1903005040686168,10.690453930876446
275,Procurement,0.7850316601487037,27.8979694184471
275,Combined,1.2827202019357742,-0.0
276,Uniform,0.0,27.18098599460521
276,Screened,0.3241670265037868,-0.0
276,Yield per roof,0.8273868234864423,9.521788140309454
276,Procurement,1.0632300315344878,18.96084773961761
276,Combined,1.393551399383206,-0.0
277,Uniform,0.0,29.639576469365192
277,Screened,0.3179166089301404,3.6991797212283744
277,Yield per roof,0.8034526992601982,13.252574846598556
277,Procurement,1.0140016850775666,18.45539178200813
277,Combined,1.3324231175753596,-0.0
278,Uniform,0.0,8.459450020974401
278,Screened,0.8089684440744236,-0.0
278,Yield per roof,2.0386593211486,-0.0
278,Procurement,0.8678724165601466,4.758611586602347
278,Combined,1.676935115983582,-0.0
279,Uniform,0.0,71.45893995208928
279,Screened,0.2920173983155649,35.41552593102324
279,Yield per roof,0.7627505468346172,50.02539721659355
279,Procurement,0.8806502481145984,47.43550240483719
279,Combined,1.172588874455279,18.04695183729867
280,Uniform,0.0,26.440221275388907
280,Screened,0.2754003572173076,2.049368740093501
280,Yield per roof,0.7501685355695287,11.827379083178588
280,Procurement,1.0611070605845114,16.732703061663972
280,Combined,1.3389248707776673,-0.0
281,Uniform,0.0,21.089094106783307
281,Screened,0.3246184503283658,-0.0
281,Yield per roof,0.8147211732464399,6.065997847206728
281,Procurement,0.978216409233312,13.541724507032958
281,Combined,1.310523909638377,-0.0
282,Uniform,0.0,11.004636795353084
282,Screened,0.661550319716099,-0.0
282,Yield per roof,1.5402466557902557,0.4877817785300322
282,Procurement,0.9366842868127492,6.558951603047798
282,Combined,1.59896527646616,-0.0
283,Uniform,0.0,8.521867523643113
283,Screened,0.6177021510079754,-0.0
283,Yield per roof,1.448726122318348,-0.0
283,Procurement,0.9030462470090016,4.599053725439623
283,Combined,1.52833096777006,-0.0
284,Uniform,0.0,29.510974710626343
284,Screened,0.2857767653260268,4.632292689165533
284,Yield per roof,0.7604099871013403,13.62083823040656
284,Procurement,0.8936558069889458,18.25774790510977
284,Combined,1.1800642895682785,-0.0
285,Uniform,7.105427357601002e-15,12.057444685555565
285,Screened,0.3698920851808864,-0.0
285,Yield per roof,0.970921460672443,1.5231050097071044
285,Procurement,0.934468227780144,6.580907327428253
285,Combined,1.3047240869997552,-0.0
286,Uniform,0.0,103.11719982904616
286,Screened,0.2084568324096523,61.40189240141478
286,Yield per roof,0.5464785976027429,82.49602381974229
286,Procurement,1.236044555704538,69.04424464838664
286,Combined,1.4500090045313383,36.59451300453189
287,Uniform,0.0,23.68304189057144
287,Screened,0.4227500813679654,-0.0
287,Yield per roof,1.1576476847776431,5.69352659040706
287,Procurement,0.9138692515170276,16.636287306109843
287,Combined,1.3367703872325762,-0.0
288,Uniform,1.4210854715202004e-14,7.595996206332257
288,Screened,0.5949233674800496,-0.0
288,Yield per roof,1.4922277682686342,-0.0
288,Procurement,0.94940398075137,3.485756335066424
288,Combined,1.5437617039044085,-0.0
289,Uniform,0.0,33.033787956941445
289,Screened,0.3057066167128113,6.756936124249086
289,Yield per roof,0.7579699484245594,17.458526562211414
289,Procurement,0.990509491938063,19.156508333170173
289,Combined,1.298941795522481,-0.0
290,Uniform,1.4210854715202004e-14,15.225711430562471
290,Screened,0.6081197697073009,-0.0
290,Yield per roof,1.5590341816696025,1.4436777599627504
290,Procurement,0.8140737371763578,10.41966084521169
290,Combined,1.4239961414489102,-0.0
291,Uniform,0.0,87.55184767846413
291,Screened,0.3892963025584492,41.9784901566989
291,Yield per roof,0.9733680902371304,61.69395985825427
291,Procurement,1.102483313199933,58.531063571454936
291,Combined,1.494057613694359,20.851020503620145
292,Uniform,0.0,27.43927646378682
292,Screened,0.3876645259207336,-0.0
292,Yield per roof,0.9658728051789112,8.436745958794663
292,Procurement,1.0358985418039452,19.47516337759446
292,Combined,1.4244121706425403,-0.0
293,Uniform,0.0,7.967884012417675
293,Screened,0.6205629817582832,-0.0
293,Yield per roof,1.5933313366205226,-0.0
293,Procurement,0.8499876400301929,4.276955332194127
293,Combined,1.4706165956474564,-0.0
294,Uniform,0.0,8.475305378278795
294,Screened,0.6565547518078176,-0.0
294,Yield per roof,1.595743344251602,-0.0
294,Procurement,0.9230477831706736,4.464141701921189
294,Combined,1.5799125294968377,-0.0
295,Uniform,0.0,16.93951091868762
295,Screened,0.5082572325696475,-0.0
295,Yield per roof,1.27538185285988,2.378776723234396
295,Procurement,0.922931043893442,11.488859351711833
295,Combined,1.431608325977038,-0.0
296,Uniform,0.0,2.8077356382984195
296,Screened,0.6729125144108679,-0.0
296,Yield per roof,1.7177720724224486,-0.0
296,Procurement,0.8954209655740186,1.6038238859880365
296,Combined,1.5682982491826465,-0.0
297,Uniform,0.0,31.168985396693117
297,Screened,0.4544040059442835,-0.0
297,Yield per roof,1.1563072206375722,9.200921957113223
297,Procurement,0.9311064515955962,24.036707657882783
297,Combined,1.3855535142448048,-0.0
298,Uniform,0.0,7.977664735430271
298,Screened,0.466433340648436,-0.0
298,Yield per roof,1.182409276946558,0.0616229086429997
298,Procurement,0.9679702625347772,3.7734716036502665
298,Combined,1.4346963157919248,-0.0
299,Uniform,0.0,3.4176653242013235
299,Screened,0.6683332601256211,-0.0
299,Yield per roof,1.7327083806202808,-0.0
299,Procurement,0.9166815897875152,2.1875920105456705
299,Combined,1.5888791886545448,-0.0
300,Uniform,0.0,38.91797125860657
300,Screened,0.4292938384940044,4.701000741337242
300,Yield per roof,1.0922665092797388,16.865332822751828
300,Procurement,0.8285011138675031,28.143680966910598
300,Combined,1.2582824298978608,-0.0
301,Uniform,0.0,12.17076698951781
301,Screened,0.5200700270862626,-0.0
301,Yield per roof,1.2591724798942323,1.1297631330443167
301,Procurement,0.9260286225552932,7.0882916477971145
301,Combined,1.4452830563035943,-0.0
302,Uniform,0.0,79.88319604247756
302,Screened,0.2907705418299073,40.81868047650287
302,Yield per roof,0.7565487201972587,58.41146951032287
302,Procurement,1.0557170015286488,50.86330613262618
302,Combined,1.3494701833502276,19.7427429938092
303,Uniform,0.0,36.38523164097452
303,Screened,0.2697674594956822,10.542019292669124
303,Yield per roof,0.7109689547498164,20.503207472006235
303,Procurement,0.8944562629029207,19.31190458852473
303,Combined,1.1653527527474878,-0.0
304,Uniform,0.0,8.76156876849898
304,Screened,0.5608970240803046,-0.0
304,Yield per roof,1.4659221412777723,-0.0
304,Procurement,0.9159473110825758,4.782649258522677
304,Combined,1.477307674657382,-0.0
305,Uniform,0.0,19.42256691678753
305,Screened,0.3816305332731318,-0.0
305,Yield per roof,0.9100467568609644,5.116396231175546
305,Procurement,0.869806512444967,12.898436868016784
305,Combined,1.2556640911276131,-0.0
306,Uniform,0.0,3.4327197794571287
306,Screened,0.7137025026746073,-0.0
306,Yield per roof,1.771894029616618,-0.0
306,Procurement,0.9664842289567162,2.136856341245143
306,Combined,1.6814267004100287,-0.0
307,Uniform,0.0,22.878588611894408
307,Screened,0.4556994543773953,-0.0
307,Yield per roof,1.1464650074243252,5.531133365157655
307,Procurement,0.9329721420726004,15.746116259428042
307,Combined,1.3886481740131558,-0.0
308,Uniform,0.0,6.343658833619481
308,Screened,0.5805644559338532,-0.0
308,Yield per roof,1.466736064894434,-0.0
308,Procurement,0.954591532024736,2.751883831826863
308,Combined,1.5349600939727992,-0.0
309,Uniform,0.0,47.41494087865973
309,Screened,0.2684793531233183,18.582300740075382
309,Yield per roof,0.6999447035767687,30.519263190153435
309,Procurement,1.0770278907684343,21.026189724258675
309,Combined,1.3472376802465078,-0.0
310,Uniform,0.0,21.695815555890544
310,Screened,0.3999118529025054,-0.0
310,Yield per roof,1.0713943364069252,5.140401129734493
310,Procurement,1.033312714985982,14.214718060131428
310,Combined,1.4341870037830944,-0.0
311,Uniform,0.0,63.16483568008177
311,Screened,0.3904301528583289,23.700077913122414
311,Yield per roof,0.9811691111173316,40.16613954060029
311,Procurement,1.1410170565358655,33.25394165648281
311,Combined,1.533870445096028,2.0246581601474043
312,Uniform,0.0,20.86616540708134
312,Screened,0.3416087761273871,-0.0
312,Yield per roof,0.8891484870320099,5.720770795075006
312,Procurement,0.9058706807007724,13.885123473610236
312,Combined,1.2473695009427388,-0.0
313,Uniform,0.0,123.30500996831609
313,Screened,0.3499827961681134,69.77067130663916
313,Yield per roof,0.8734557523701767,94.03559609916324
313,Procurement,0.965352736095312,97.20944193799129
313,Combined,1.317574857953666,50.842543964135935
314,Uniform,0.0,20.019472589950706
314,Screened,0.5193276294999549,-0.0
314,Yield per roof,1.3413312755361204,3.302552026924142
314,Procurement,0.858189331588207,14.67224473114736
314,Combined,1.377063670532877,-0.0
315,Uniform,-7.105427357601002e-15,20.37958311830749
315,Screened,0.2856700209819465,-0.0
315,Yield per roof,0.7008154706996876,6.284348968114833
315,Procurement,0.8616726277684066,13.74774010625629
315,Combined,1.1491077982126257,-0.0
316,Uniform,0.0,11.015183440387982
316,Screened,0.763845263059352,-0.0
316,Yield per roof,1.870001292990068,-0.0
316,Procurement,0.9663914310378487,6.816063662780226
316,Combined,1.732344533441264,-0.0
317,Uniform,0.0,10.61325808533186
317,Screened,0.4907382507011846,-0.0
317,Yield per roof,1.220523118939994,0.742041588973914
317,Procurement,0.9670381387784772,5.763040634477688
317,Combined,1.4580179627822645,-0.0
318,Uniform,0.0,13.651189450633003
318,Screened,0.3233368866372998,-0.0
318,Yield per roof,0.8001405901517415,2.617427549571704
318,Procurement,0.8609282760477512,8.57343285368152
318,Combined,1.1920811102655549,-0.0
319,Uniform,0.0,40.34411784584259
319,Screened,0.2851557592853737,12.837279602307714
319,Yield per roof,0.7520858492530351,23.053185271249465
319,Procurement,0.9299036983789436,20.600502491750536
319,Combined,1.215026308556304,-0.0
320,Uniform,0.0,25.922900495779647
320,Screened,0.435832006318094,-0.0
320,Yield per roof,1.095610990650158,7.320155526759659
320,Procurement,0.820545535669396,19.60175966831334
320,Combined,1.2576438411233113,-0.0
321,Uniform,0.0,14.727182709115558
321,Screened,0.4673076269066598,-0.0
321,Yield per roof,1.1025399414753707,2.253347152119968
321,Procurement,0.9635755097286988,9.03131316484744
321,Combined,1.4342998995122969,-0.0
322,Uniform,-1.4210854715202004e-14,19.897930406381292
322,Screened,0.5986594124565272,-0.0
322,Yield per roof,1.5790107329631553,2.512413402685683
322,Procurement,0.8199092937999666,15.104393971377275
322,Combined,1.4190634164161509,-0.0
323,Uniform,0.0,7.85778307465532
323,Screened,0.6605735053495607,-0.0
323,Yield per roof,1.704799886273534,-0.0
323,Procurement,1.0984817831954103,3.348180253746573
323,Combined,1.760259987688059,-0.0
324,Uniform,1.4210854715202004e-14,10.889087669065962
324,Screened,0.5443033453444883,-0.0
324,Yield per roof,1.3413786760944788,0.6563085567826987
324,Procurement,0.9802336078155208,6.182657879793331
324,Combined,1.5282269274355826,-0.0
325,Uniform,0.0,20.062487758546368
325,Screened,0.5470550914090637,-0.0
325,Yield per roof,1.3291419058784584,3.6478943946922433
325,Procurement,0.93382036819402,14.14524929563196
325,Combined,1.481792931827215,-0.0
326,Uniform,0.0,10.455419756514129
326,Screened,0.493045045461784,-0.0
326,Yield per roof,1.209372978898401,0.7880994194576724
326,Procurement,0.9701385103114432,5.572568332402633
326,Combined,1.4631540734510509,-0.0
327,Uniform,0.0,16.00980630145628
327,Screened,0.6166215204632124,-0.0
327,Yield per roof,1.515768470272647,1.896792143328189
327,Procurement,1.070213736125439,9.845456524790864
327,Combined,1.6878651511329965,-0.0
328,Uniform,-1.4210854715202004e-14,15.534874329493384
328,Screened,0.6260928835155681,-0.0
328,Yield per roof,1.5303145762201351,1.5866368094654288
328,Procurement,1.216202266585185,9.022334196792828
328,Combined,1.8457154756013665,-0.0
329,Uniform,-1.4210854715202004e-14,5.914927076687526
329,Screened,0.5452799812837554,-0.0
329,Yield per roof,1.4779770054121286,-0.0
329,Procurement,0.9437581343636908,2.595109657894504
329,Combined,1.48881407007066,-0.0
330,Uniform,0.0,5.225923891735545
330,Screened,0.7183644214149467,-0.0
330,Yield per roof,1.8708783493878656,-0.0
330,Procurement,0.8919097504845439,3.0354724964917392
330,Combined,1.6099523449534132,-0.0
331,Uniform,0.0,60.46354366215605
331,Screened,0.4060274131367549,22.849295124879
331,Yield per roof,0.9759465129369076,37.67626651709603
331,Procurement,0.8365036403263986,37.728930743928686
331,Combined,1.242863001232983,6.422602178927208
332,Uniform,0.0,6.793567747816782
332,Screened,0.8433329159497021,-0.0
332,Yield per roof,2.1366201088502805,-0.0
332,Procurement,0.8701884249088891,3.951325191953104
332,Combined,1.714199747311426,-0.0
333,Uniform,0.0,21.965610640629592
333,Screened,0.4747901260794975,-0.0
333,Yield per roof,1.2121208276188329,4.953491042036264
333,Procurement,0.840126877499813,15.762060423555226
333,Combined,1.3154616602228515,-0.0
334,Uniform,0.0,23.92367441174108
334,Screened,0.4358078207572049,-0.0
334,Yield per roof,1.112543165684443,6.1932179966652345
334,Procurement,1.032239974595484,16.07314399513368
334,Combined,1.468629324626022,-0.0
335,Uniform,0.0,13.785424766278071
335,Screened,0.3646266805919538,-0.0
335,Yield per roof,0.93666860449553,2.239591141110496
335,Procurement,0.9374543054832288,8.247260808739972
335,Combined,1.3038281156717133,-0.0
336,Uniform,-1.4210854715202004e-14,9.61277192130577
336,Screened,0.6074195930152086,-0.0
336,Yield per roof,1.4476836155926378,0.1727529270826109
336,Procurement,0.8281857392500029,5.944163454672356
336,Combined,1.4370792818356364,-0.0
337,Uniform,1.4210854715202004e-14,8.823029991152207
337,Screened,0.7470558761320234,-0.0
337,Yield per roof,1.867767308119852,-0.0
337,Procurement,0.9410043578526768,4.737810593574614
337,Combined,1.6897311826945582,-0.0
338,Uniform,0.0,11.68865886237464
338,Screened,0.5652720294323643,-0.0
338,Yield per roof,1.4441461701316882,0.6013011339723944
338,Procurement,0.9587969845582336,7.098043337907521
338,Combined,1.5262119514648305,-0.0
339,Uniform,0.0,98.07912883879392
339,Screened,0.2748680717440876,56.41055606196461
339,Yield per roof,0.6779621103802853,75.08509371613475
339,Procurement,0.9264414807270852,72.75188795605881
339,Combined,1.2022205366434662,38.06986939341056
340,Uniform,0.0,116.50405625369557
340,Screened,0.1877365868878833,74.09464800530293
340,Yield per roof,0.4893710635630128,93.18731079361577
340,Procurement,1.115342111977622,84.73336618236688
340,Combined,1.3043787601718435,50.52821090506946
341,Uniform,0.0,13.621032596742642
341,Screened,0.5464877226497151,-0.0
341,Yield per roof,1.3587056510917537,1.3688401337549545
341,Procurement,0.882640366642093,8.526373341523113
341,Combined,1.4283292513762549,-0.0
342,Uniform,0.0,22.959167661391557
342,Screened,0.4065308075953879,-0.0
342,Yield per roof,1.066335538500283,5.807368255884012
342,Procurement,0.9873231329424216,15.412120910465749
342,Combined,1.3942994240581328,-0.0
343,Uniform,-7.105427357601002e-15,22.61120769334877
343,Screened,0.2735672158289617,0.6354655488223812
343,Yield per roof,0.7019534961720026,8.710296760531074
343,Procurement,0.8752074755176835,15.54203241968369
343,Combined,1.1499198474301835,-0.0
344,Uniform,0.0,20.637770810545657
344,Screened,0.3567715842120549,-0.0
344,Yield per roof,0.8947657128320472,5.5930348105097725
344,Procurement,0.8458946263155553,14.128140307856672
344,Combined,1.2032095382250318,-0.0
345,Uniform,0.0,9.685858507335023
345,Screened,0.4178808096879294,-0.0
345,Yield per roof,1.1089422352392546,0.6062362521139575
345,Procurement,0.8811876733189052,5.315223015789783
345,Combined,1.2987408394667597,-0.0
346,Uniform,0.0,21.00981305131944
346,Screened,0.3259881819652008,-0.0
346,Yield per roof,0.8388619968239794,5.9412438429908905
346,Procurement,0.9997217974935496,13.292817437730289
346,Combined,1.325919604143202,-0.0
347,Uniform,0.0,11.845287657945551
347,Screened,0.3642892641425419,-0.0
347,Yield per roof,0.8452144261595151,1.76688167006277
347,Procurement,0.8915259774829565,6.5851771202660725
347,Combined,1.265286931959409,-0.0
348,Uniform,0.0,50.41023538086768
348,Screened,0.3205670003728329,19.154261838598305
348,Yield per roof,0.7823516318234809,32.17162267811257
348,Procurement,0.9045966262851834,25.866135254728
348,Combined,1.227346470722864,1.3950768900302355
349,Uniform,0.0,5.906237802285848
349,Screened,0.614486134411294,-0.0
349,Yield per roof,1.5918064729914647,-0.0
349,Procurement,1.0193692463699475,2.683269707583107
349,Combined,1.6340142051944042,-0.0
350,Uniform,0.0,9.044121968548655
350,Screened,0.7184804783001368,-0.0
350,Yield per roof,1.7511099320752803,-0.0
350,Procurement,0.937386110112314,4.971454769282403
350,Combined,1.6598753611500996,-0.0
351,Uniform,0.0,7.579590032449209
351,Screened,0.5836551429368768,-0.0
351,Yield per roof,1.4379831147341946,-0.0
351,Procurement,0.876275436228525,3.7744700313087463
351,Combined,1.4606946716726554,-0.0
352,Uniform,0.0,4.445106565070011
352,Screened,0.9260300065649574,-0.0
352,Yield per roof,2.140903007946946,-0.0
352,Procurement,0.8536320513803162,3.2998792242075754
352,Combined,1.7799586692894138,-0.0
353,Uniform,0.0,72.08366822298635
353,Screened,0.2166760423273146,40.17502976809056
353,Yield per roof,0.5572099691113372,53.58431852522188
353,Procurement,0.937041350755841,46.49999060941977
353,Combined,1.1531282861439784,21.683952246730108
354,Uniform,0.0,14.675957421136182
354,Screened,0.3587785784780095,-0.0
354,Yield per roof,0.9249844662354718,2.768280357662818
354,Procurement,0.91737040364265,8.865982968493235
354,Combined,1.276344040180632,-0.0
355,Uniform,0.0,9.1189443423087
355,Screened,0.546047103877612,-0.0
355,Yield per roof,1.4567059531612756,-0.0
355,Procurement,0.9851277225494924,4.853526306371213
355,Combined,1.5314210787588252,-0.0
356,Uniform,0.0,2.732573023899635
356,Screened,0.6007202587412763,-0.0
356,Yield per roof,1.603614564668476,-0.0
356,Procurement,0.9031817393692734,1.5189308896254536
356,Combined,1.5036165720440522,-0.0
357,Uniform,0.0,18.37230954004168
357,Screened,0.435967016412917,-0.0
357,Yield per roof,1.07323347426221,3.8346966907424505
357,Procurement,1.1715973175427052,10.711687060579203
357,Combined,1.6089636946049095,-0.0
358,Uniform,0.0,7.141287557474968
358,Screened,0.5180002443860161,-0.0
358,Yield per roof,1.264590070077162,-0.0
358,Procurement,0.945251531473616,3.035828843612965
358,Combined,1.4663403752396675,-0.0
359,Uniform,0.0,14.421444991264458
359,Screened,0.44292597975506,-0.0
359,Yield per roof,1.0962623929700186,2.0855752499622526
359,Procurement,0.9505187391745124,8.806420476244046
359,Combined,1.394106538077466,-0.0
360,Uniform,-7.105427357601002e-15,72.63974647644825
360,Screened,0.3299457032044728,33.73952038765817
360,Yield per roof,0.835441619523678,50.9927543849863
360,Procurement,0.7496656624053486,52.20798318507214
360,Combined,1.0835946928101094,18.885410196682965
361,Uniform,0.0,24.16191281410765
361,Screened,0.471910317622104,-0.0
361,Yield per roof,1.131157328727312,6.442579572917174
361,Procurement,0.8560096276024183,17.562481417211426
361,Combined,1.3288686529872678,-0.0
362,Uniform,0.0,28.762894712200875
362,Screened,0.2854180949991161,3.878892189319554
362,Yield per roof,0.751811203812963,13.81131017094129
362,Procurement,1.1030062235081315,16.86699606916251
362,Combined,1.3908195118027535,-0.0
363,Uniform,1.4210854715202004e-14,9.30149890093526
363,Screened,0.6234717264123475,-0.0
363,Yield per roof,1.5078254275320546,-0.0
363,Procurement,1.0536809840950383,4.719862179111351
363,Combined,1.6851588833810638,-0.0
364,Uniform,-7.105427357601002e-15,128.56119262284744
364,Screened,0.2684572836602541,78.59747982769733
364,Yield per roof,0.6928892942420788,100.83709988827484
364,Procurement,0.8705486722114415,105.00842716765295
364,Combined,1.1387723062878194,61.58058296602296
365,Uniform,0.0,20.16614275997333
365,Screened,0.3651482564658863,-0.0
365,Yield per roof,0.8641479195510797,5.6245038415526185
365,Procurement,0.8562558975089658,13.575065747996412
365,Combined,1.223893584047417,-0.0
366,Uniform,-1.4210854715202004e-14,5.5222143252696405
366,Screened,0.546018926418995,-0.0
366,Yield per roof,1.3855398063693087,-0.0
366,Procurement,0.9290101994516532,2.442230780067452
366,Combined,1.4762334424638652,-0.0
367,Uniform,0.0,10.51614779831854
367,Screened,0.5869465028423946,-0.0
367,Yield per roof,1.4137321232498294,0.4872891570263454
367,Procurement,0.9012153231690548,6.186652290131598
367,Combined,1.48801769157933,-0.0
368,Uniform,0.0,7.094084069976348
368,Screened,0.7178049427487281,-0.0
368,Yield per roof,1.7969119560322468,-0.0
368,Procurement,0.8117420309048953,3.711791015048782
368,Combined,1.533533243128261,-0.0
369,Uniform,0.0,2.9171765907680816
369,Screened,0.616278276997619,-0.0
369,Yield per roof,1.5477722202508917,-0.0
369,Procurement,0.9259882531940916,1.6752802797095492
369,Combined,1.5416448966180385,-0.0
370,Uniform,0.0,75.09221818467671
370,Screened,0.2367310919891991,40.56496949021545
370,Yield per roof,0.6465413540282157,54.80940477612177
370,Procurement,0.9565951854829464,49.17444702028671
370,Combined,1.1928338515255632,21.836912403697028
371,Uniform,0.0,8.178811055201626
371,Screened,0.6570875425250904,-0.0
371,Yield per roof,1.6579669420718377,-0.0
371,Procurement,0.9081016482318488,4.261198328203215
371,Combined,1.5645808911821462,-0.0
372,Uniform,0.0,12.475247839356951
372,Screened,0.3496028547578405,-0.0
372,Yield per roof,0.9417987449327256,1.613877187044096
372,Procurement,0.879395615894893,7.286659909492494
372,Combined,1.231816354494477,-0.0
373,Uniform,0.0,39.72628884013484
373,Screened,0.2778925892620805,12.784938316639773
373,Yield per roof,0.7239177134896906,23.09051860211334
373,Procurement,0.9249635622415155,20.14384102402983
373,Combined,1.2034677699095653,-0.0
374,Uniform,2.8421709430404014e-14,4.4844026486227
374,Screened,0.8297974677072659,-0.0
374,Yield per roof,2.0120544737012267,-0.0
374,Procurement,0.8865618632879944,3.068190078593724
374,Combined,1.7163542928019524,-0.0
375,Uniform,0.0,60.49137013787649
375,Screened,0.305741756384009,27.21135298284097
375,Yield per roof,0.7567974392158874,41.30607635458901
375,Procurement,0.9771609442067232,33.79422217137677
375,Combined,1.2840945057206383,7.876969897547055
376,Uniform,0.0,27.716793512257016
376,Screened,0.5106722765265488,-0.0
376,Yield per roof,1.237196063325058,7.494591437915034
376,Procurement,1.1734066038189468,18.64416974511836
376,Combined,1.6883476651491094,-0.0
377,Uniform,0.0,17.750032682659366
377,Screened,0.4693222346700736,-0.0
377,Yield per roof,1.2043323571353852,2.933850209473876
377,Procurement,0.9856531474516856,11.863985478159568
377,Combined,1.4553184809370665,-0.0
378,Uniform,0.0,21.803737607192375
378,Screened,0.6612781916677761,-0.0
378,Yield per roof,1.6024635118256896,3.372135983213357
378,Procurement,0.827926662019081,16.911992237183117
378,Combined,1.49086898846204,-0.0
379,Uniform,0.0,4.492702211487438
379,Screened,0.5588858790114557,-0.0
379,Yield per roof,1.421108278612465,-0.0
379,Procurement,0.8594263645387201,2.280513339226649
379,Combined,1.419071545302458,-0.0
380,Uniform,0.0,10.601254550613524
380,Screened,0.6866022012794701,-0.0
380,Yield per roof,1.7002938641221874,-0.0
380,Procurement,0.8978183036782212,6.7262744291531575
380,Combined,1.584664268512583,-0.0
381,Uniform,0.0,65.36964143516505
381,Screened,0.2371058170841991,33.31475955746409
381,Yield per roof,0.6072788532544635,48.18676649659253
381,Procurement,1.0878359729195637,35.50217538552376
381,Combined,1.3280207127681225,11.618681670188556
382,Uniform,0.0,41.336807126760526
382,Screened,0.4673924647691478,5.643913354333471
382,Yield per roof,1.069175937570705,21.175006905556195
382,Procurement,0.939565903788406,29.36034010739119
382,Combined,1.4126050053299224,-0.0
383,Uniform,0.0,16.65220550463615
383,Screened,0.513102679091844,-0.0
383,Yield per roof,1.2533633994294462,2.4615999897315484
383,Procurement,0.8721344463316427,11.529158091284918
383,Combined,1.3848877961698065,-0.0
384,Uniform,0.0,6.968094634839353
384,Screened,0.5770675929851024,-0.0
384,Yield per roof,1.3933750587079885,-0.0
384,Procurement,1.1214430978246384,2.7215956244142707
384,Combined,1.7040638438338362,-0.0
385,Uniform,0.0,16.475453594009874
385,Screened,0.5088349916519377,-0.0
385,Yield per roof,1.2833883876223382,2.210199649010677
385,Procurement,0.9848873292632164,10.65333469617271
385,Combined,1.4943277354423683,-0.0
386,Uniform,0.0,90.85712378491056
386,Screened,0.2547732521656485,51.50092636943448
386,Yield per roof,0.6626692791271438,68.74915604031428
386,Procurement,0.928253959051311,65.47838131692232
386,Combined,1.1834513678571597,33.13439214361853
387,Uniform,0.0,34.195467762542975
387,Screened,0.4916949288615058,-0.0
387,Yield per roof,1.2005610879377857,10.6929026443829
387,Procurement,0.7857587700522259,28.13615957945048
387,Combined,1.2800329442354723,-0.0
388,Uniform,0.0,14.917263448916032
388,Screened,0.5013069720571792,-0.0
388,Yield per roof,1.241208699874818,1.9296563041625387
388,Procurement,1.036995093292063,8.783844028399347
388,Combined,1.5396626786978658,-0.0
389,Uniform,0.0,5.863508055045231
389,Screened,0.6209294768076319,-0.0
389,Yield per roof,1.5842807942193673,-0.0
389,Procurement,0.9333197145795112,2.7797302813486016
389,Combined,1.5538336629019511,-0.0
390,Uniform,0.0,12.540415822555302
390,Screened,0.5279096881830156,-0.0
390,Yield per roof,1.355257811916644,0.9088627844672654
390,Procurement,1.2511479523063542,6.474217930115844
390,Combined,1.7810750528349215,-0.0
391,Uniform,0.0,3.714825667886997
391,Screened,0.5864881691650936,-0.0
391,Yield per roof,1.5468561004632448,-0.0
391,Procurement,0.8536018874917488,2.2259380128451776
391,Combined,1.4423343812970018,-0.0
392,Uniform,0.0,15.495104353306026
392,Screened,0.527967532031056,-0.0
392,Yield per roof,1.2788294051231333,2.0710684618865978
392,Procurement,0.930951146444812,9.994586954287978
392,Combined,1.4610172180455692,-0.0
393,Uniform,0.0,21.876283440061343
393,Screened,0.5479998741335947,-0.0
393,Yield per roof,1.3256653960776106,4.644976442775595
393,Procurement,0.9025775909993284,15.62993276532041
393,Combined,1.4517665358560237,-0.0
394,Uniform,0.0,24.38826481045295
394,Screened,0.3709811643677625,-0.0
394,Yield per roof,0.95142736428145,7.068207167618892
394,Procurement,0.9816039300457788,16.80909962040058
394,Combined,1.3565793368932404,-0.0
395,Uniform,0.0,6.505270174679949
395,Screened,0.5088997859855766,-0.0
395,Yield per roof,1.2733373800885346,-0.0
395,Procurement,0.8581019166675077,2.7787797336697886
395,Combined,1.3702768832133074,-0.0
396,Uniform,0.0,5.66455997735872
396,Screened,0.7469188072441995,-0.0
396,Yield per roof,1.9109668641874864,-0.0
396,Procurement,0.9238764575406008,3.2082664191953016
396,Combined,1.6704342391900155,-0.0
397,Uniform,0.0,22.861375693762533
397,Screened,0.4122310135511213,-0.0
397,Yield per roof,1.0826152204552102,5.758062773522872
397,Procurement,0.920218390394723,15.759835465361263
397,Combined,1.334766830947018,-0.0
398,Uniform,-1.4210854715202004e-14,13.272642146136558
398,Screened,0.5458674591108803,-0.0
398,Yield per roof,1.3089062725724148,1.4808096338861485
398,Procurement,1.081315684033683,7.398800287273058
398,Combined,1.6326166803064694,-0.0
399,Uniform,0.0,25.633717174705698
399,Screened,0.5342162901955447,-0.0
399,Yield per roof,1.3416077141108644,5.991428458063998
399,Procurement,0.9447839474545816,18.5065215544187
399,Combined,1.4796085200584628,-0.0
400,Uniform,0.0,5.881491172496806
400,Screened,0.671448033072565,-0.0
400,Yield per roof,1.7098331234637811,-0.0
400,Procurement,0.8225177404426205,3.1387143959215806
400,Combined,1.493767611133208,-0.0
401,Uniform,0.0,40.15850912316674
401,Screened,0.4981571275731085,3.181433215966534
401,Yield per roof,1.1813517653161227,16.29955042535713
401,Procurement,0.9133636429521346,30.324982181911373
401,Combined,1.4117953235355998,-0.0
402,Uniform,0.0,27.60523411536001
402,Screened,0.490494804510746,-0.0
402,Yield per roof,1.1718717739726685,7.860038819456769
402,Procurement,0.8749606644514358,20.85422221975527
402,Combined,1.3696607433850687,-0.0
403,Uniform,0.0,21.077063174804263
403,Screened,0.4868227784474896,-0.0
403,Yield per roof,1.1937482236870665,4.829848777872026
403,Procurement,0.8947978287046823,14.803308166934984
403,Combined,1.3853854061198234,-0.0
404,Uniform,0.0,21.95121191183173
404,Screened,0.6101332148856073,-0.0
404,Yield per roof,1.478395502178515,3.986564934449913
404,Procurement,0.7809031778719486,16.915396236511345
404,Combined,1.3910953430966373,-0.0
405,Uniform,0.0,58.91612106073492
405,Screened,0.368554998583761,22.529598223486357
405,Yield per roof,0.9333544971073452,36.448062729752486
405,Procurement,0.7737412678556055,37.93221417634969
405,Combined,1.142785038538534,7.371844785657829
406,Uniform,0.0,25.70983724723898
406,Screened,0.4715699025445587,-0.0
406,Yield per roof,1.1279203940028282,7.217372657944805
406,Procurement,0.8813984427878125,18.910867513475093
406,Combined,1.3533720071836657,-0.0
407,Uniform,0.0,10.24783996588698
407,Screened,0.5455161089247298,-0.0
407,Yield per roof,1.3909276233090253,0.2206423786896012
407,Procurement,1.197822470202624,5.039983682818568
407,Combined,1.747331130867522,-0.0
408,Uniform,0.0,15.577622225032997
408,Screened,0.4503382158922306,-0.0
408,Yield per roof,1.173245974623427,2.092437016211077
408,Procurement,1.002009436071532,9.651766858785695
408,Combined,1.452649048440236,-0.0
409,Uniform,0.0,16.952670143772327
409,Screened,0.5659950718780209,-0.0
409,Yield per roof,1.3482457520162825,2.420966769253676
409,Procurement,0.9352741311184758,11.428169001242512
409,Combined,1.5019019669070417,-0.0
410,Uniform,-1.4210854715202004e-14,22.71958481455882
410,Screened,0.5716985605334912,-0.0
410,Yield per roof,1.37346216066895,4.787487573104255
410,Procurement,0.7693971472288439,17.324914939003754
410,Combined,1.3440798580788282,-0.0
411,Uniform,0.0,14.41107744797309
411,Screened,0.4541899652718797,-0.0
411,Yield per roof,1.1469578342615847,1.8848263402820584
411,Procurement,0.9479311797624774,8.814835652391949
411,Combined,1.4021099626643974,-0.0
412,Uniform,0.0,17.599602358250664
412,Screened,0.3121402253082905,-0.0
412,Yield per roof,0.8394233310528563,4.26884205990995
412,Procurement,0.9098013289392952,11.04532077081111
412,Combined,1.22408690568556,-0.0
413,Uniform,0.0,9.255676124644843
413,Screened,0.673538865988732,-0.0
413,Yield per roof,1.689129713861789,-0.0
413,Procurement,0.8517418207329683,5.554160707989126
413,Combined,1.5258974291140106,-0.0
414,Uniform,0.0,75.41400039677207
414,Screened,0.3781260386276628,34.80065111599156
414,Yield per roof,0.9149526598651008,52.02781063353655
414,Procurement,0.8418789481839113,52.40106342816129
414,Combined,1.221902903856197,18.11377206277589
415,Uniform,0.0,77.47592247569688
415,Screened,0.2928623169196598,40.72674765563328
415,Yield per roof,0.7176337218973217,56.31329691246405
415,Procurement,0.879824271935874,53.47244325238606
415,Combined,1.1730638110967035,23.362701090049768
416,Uniform,0.0,86.45028133336369
416,Screened,0.1976111861663625,51.58119100359794
416,Yield per roof,0.5107496895507495,67.16285943307169
416,Procurement,0.9919960218241072,59.3146379697207
416,Combined,1.1897247539768545,31.945279917614297
417,Uniform,0.0,27.574426660927813
417,Screened,0.2689315576976199,4.211087202012668
417,Yield per roof,0.7186031235574504,12.88126963410504
417,Procurement,0.9518248596229526,16.350376027254203
417,Combined,1.2213114114341792,-0.0
418,Uniform,0.0,58.105606396506815
418,Screened,0.2319794683039191,28.989880418959203
418,Yield per roof,0.5618882358603869,42.46283350473639
418,Procurement,0.9994921771380944,30.748697534470995
418,Combined,1.2344663329761545,9.132161596027991
419,Uniform,0.0,25.73081201433455
419,Screened,0.3937664038967483,-0.0
419,Yield per roof,1.0693770437871208,7.003096173981297
419,Procurement,0.7975301025831172,19.593337943655104
419,Combined,1.1910724553118612,-0.0
420,Uniform,0.0,23.17010443243663
420,Screened,0.4345317380826117,-0.0
420,Yield per roof,1.1225143486479396,5.762570458246898
420,Procurement,0.9334030766638364,15.967098678117706
420,Combined,1.3690353328214684,-0.0
421,Uniform,0.0,4.113122186437367
421,Screened,0.6267500394023529,-0.0
421,Yield per roof,1.6504754104325343,-0.0
421,Procurement,0.8768359694464891,2.4128063894018825
421,Combined,1.503840611119216,-0.0
422,Uniform,0.0,13.23282562126673
422,Screened,0.6075308934614441,-0.0
422,Yield per roof,1.6003515368274035,0.6839143836882361
422,Procurement,0.8050164016956387,9.133214253326406
422,Combined,1.4123877623912335,-0.0
423,Uniform,0.0,27.16639216689413
423,Screened,0.3813967668904041,-0.0
423,Yield per roof,0.9618057006081528,8.30594434119289
423,Procurement,0.9356258425724562,19.965068797967767
423,Combined,1.316985919290687,-0.0
424,Uniform,1.4210854715202004e-14,27.458644049314334
424,Screened,0.6727710680155923,-0.0
424,Yield per roof,1.6437982099212718,5.753145855154107
424,Procurement,1.0334880537652396,20.79991804995295
424,Combined,1.7082095365770158,-0.0
425,Uniform,-1.4210854715202004e-14,12.18541489858372
425,Screened,0.6854979201375215,-0.0
425,Yield per roof,1.6596712169450851,0.4990566450206596
425,Procurement,0.9648599459376044,7.626908174991275
425,Combined,1.651222298625612,-0.0
426,Uniform,0.0,18.901382372650463
426,Screened,0.4743568076269184,-0.0
426,Yield per roof,1.128025490749863,3.919514220906419
426,Procurement,1.1234787556370094,11.541817658922575
426,Combined,1.599062748981325,-0.0
427,Uniform,0.0,3.309318697881076
427,Screened,0.8741903555469719,-0.0
427,Yield per roof,2.1132106235907884,-0.0
427,Procurement,0.875696147324561,2.132734316606684
427,Combined,1.7496538396901542,-0.0
428,Uniform,1.4210854715202004e-14,3.815477929940701
428,Screened,0.6859510283302512,-0.0
428,Yield per roof,1.7508812430160106,-0.0
428,Procurement,0.9713780103222404,2.4140847652416864
428,Combined,1.661829542472816,-0.0
429,Uniform,0.0,39.32173927507527
429,Screened,0.3502402655632792,9.59747810674323
429,Yield per roof,0.8569955477278413,20.87568982863312
429,Procurement,1.009677800443761,22.28427625078872
429,Combined,1.360547857340478,-0.0
430,Uniform,0.0,9.737966035499412
430,Screened,0.4318496688020161,-0.0
430,Yield per roof,1.1343363222871543,0.533547914920881
430,Procurement,0.9537551384432276,5.151647208180678
430,Combined,1.3860527568556904,-0.0
431,Uniform,0.0,9.06087138716814
431,Screened,0.5906620985234667,-0.0
431,Yield per roof,1.4200688238514942,0.0997700517311356
431,Procurement,1.0036446050012555,4.700429796291436
431,Combined,1.5986393334037103,-0.0
432,Uniform,0.0,29.620341413388445
432,Screened,0.2527926904257569,6.585055418420555
432,Yield per roof,0.6854375764856613,14.631266300099115
432,Procurement,0.9442487919097716,15.93176256834411
432,Combined,1.1964355525558474,-0.0
433,Uniform,0.0,5.395132657297528
433,Screened,0.503023756870391,-0.0
433,Yield per roof,1.307584612885094,-0.0
433,Procurement,0.8960639048932677,2.304661006587964
433,Combined,1.3995981609252794,-0.0
434,Uniform,0.0,23.28994823176149
434,Screened,0.800516319014065,-0.0
434,Yield per roof,1.8571454463225048,3.540695881910298
434,Procurement,1.0855190192841064,17.05901199186148
434,Combined,1.8896214051365805,-0.0
435,Uniform,-1.4210854715202004e-14,6.983194903381233
435,Screened,0.5828847251075757,-0.0
435,Yield per roof,1.4352817544751133,-0.0
435,Procurement,0.8852246920108087,3.1378804839510224
435,Combined,1.467493842518337,-0.0
436,Uniform,0.0,7.13829449818899
436,Screened,0.4884938798823697,-0.0
436,Yield per roof,1.3054289873607274,-0.0
436,Procurement,0.9208171777430464,3.139611200745381
436,Combined,1.410083836205942,-0.0
437,Uniform,0.0,28.520222549690008
437,Screened,0.5349481017322546,-0.0
437,Yield per roof,1.3292101466076502,7.535313381767052
437,Procurement,0.8040092340789329,22.37164680781125
437,Combined,1.3385704173833377,-0.0
438,Uniform,0.0,110.48101747454665
438,Screened,0.2370219138873821,66.31094245195168
438,Yield per roof,0.6233981632283445,86.43354660541257
438,Procurement,0.9969598439758584,83.3830028905827
438,Combined,1.2355259600197217,46.67611820643883
439,Uniform,0.0,29.49267480831204
439,Screened,0.4060883909063975,-0.0
439,Yield per roof,1.0778151276377983,8.788107124309194
439,Procurement,0.8097844339415232,23.25354190270193
439,Combined,1.217023360824733,-0.0
440,Uniform,0.0,11.21477738455685
440,Screened,0.6495458061189225,-0.0
440,Yield per roof,1.609031959356713,0.2550246706955245
440,Procurement,0.8458433046252054,7.420300417061586
440,Combined,1.4977845535773184,-0.0
441,Uniform,0.0,82.64012663869832
441,Screened,0.3387028942787609,42.00122099170438
441,Yield per roof,0.850835971893197,58.49800178174095
441,Procurement,0.769307198786997,61.6880246145402
441,Combined,1.1075772582944694,26.86432015558958
442,Uniform,0.0,20.766158495590503
442,Screened,0.2801379411605964,-0.0
442,Yield per roof,0.72989049461939,6.296494841159317
442,Procurement,0.950125243328614,13.435496972276525
442,Combined,1.230631612125812,-0.0
443,Uniform,0.0,23.503454538340957
443,Screened,0.4866077216584017,-0.0
443,Yield per roof,1.1948938231400632,5.715830400345678
443,Procurement,0.890129308486749,16.63497359334702
443,Combined,1.37701818567146,-0.0
444,Uniform,0.0,12.260187366457805
444,Screened,0.4889809868925994,-0.0
444,Yield per roof,1.2972652981379724,0.8631727065361176
444,Procurement,1.0640426729145531,6.901604741929406
444,Combined,1.553948451073424,-0.0
445,Uniform,0.0,5.725096208032154
445,Screened,0.6289154002985526,-0.0
445,Yield per roof,1.6297737776415744,-0.0
445,Procurement,0.8357578357162794,2.971780972739897
445,Combined,1.4661317017341702,-0.0
446,Uniform,0.0,20.655019428850103
446,Screened,0.3874816719658085,-0.0
446,Yield per roof,0.994905553278798,5.135116330906452
446,Procurement,1.0454531300934349,12.923364979912566
446,Combined,1.4335161540484194,-0.0
447,Uniform,0.0,4.979952360689042
447,Screened,0.5116069702640687,-0.0
447,Yield per roof,1.2684745865310134,-0.0
447,Procurement,0.8484359449987267,2.2405096967843248
447,Combined,1.3601950178784108,-0.0
448,Uniform,0.0,65.91014632325596
448,Screened,0.2139475959788264,34.71885313015393
448,Yield per roof,0.590116126393692,48.15540493213639
448,Procurement,0.9980023525837716,38.57580720077013
448,Combined,1.21286878748014,14.920170748104873
449,Uniform,0.0,16.23280662442501
449,Screened,0.5480356191146853,-0.0
449,Yield per roof,1.3265436912405877,2.159796915626432
449,Procurement,0.8879586176742436,11.022926922639751
449,Combined,1.4352803600949071,-0.0
450,Uniform,0.0,37.40436662100896
450,Screened,0.2541436851078629,12.838659827281132
450,Yield per roof,0.6398333432846997,22.49048809944847
450,Procurement,0.9505148890440368,17.560996138931053
450,Combined,1.205010612263095,-0.0
451,Uniform,0.0,2.800232483343044
451,Screened,1.0312982746562511,-0.0
451,Yield per roof,2.476636834948266,-0.0
451,Procurement,0.8053301903956935,1.7216703004885987
451,Combined,1.8365994797600536,-0.0
452,Uniform,-1.4210854715202004e-14,11.275618539985803
452,Screened,0.7162656783154517,-0.0
452,Yield per roof,1.7519588053169317,-0.0
452,Procurement,1.0076159972379486,6.907244201613869
452,Combined,1.7259653175336496,-0.0
453,Uniform,0.0,69.01140609695953
453,Screened,0.3374853739377386,31.603035264085992
453,Yield per roof,0.8439186648003982,46.94393832303062
453,Procurement,1.0297836874458497,40.98927202386
453,Combined,1.3678052608614806,11.312135969584102
454,Uniform,0.0,16.208277070611352
454,Screened,0.4644374148458468,-0.0
454,Yield per roof,1.1857600384994953,2.2326358059844664
454,Procurement,1.1831108397142742,9.2026936893722
454,Combined,1.6502522185148931,-0.0
455,Uniform,0.0,13.868293130128816
455,Screened,0.5828268984454184,-0.0
455,Yield per roof,1.4228119819961762,1.3564013024636132
455,Procurement,0.8758229185845607,8.828845419253627
455,Combined,1.459462043769605,-0.0
456,Uniform,0.0,24.809845982211023
456,Screened,0.3192955522049985,0.3164034341676635
456,Yield per roof,0.7956858592429867,9.479525820341758
456,Procurement,1.0083250672226498,17.02021366377825
456,Combined,1.3287553679125566,-0.0
457,Uniform,0.0,19.261713110620104
457,Screened,0.38316728627548,-0.0
457,Yield per roof,0.963856185103566,4.666861265128324
457,Procurement,0.8725427612392949,12.857887002108177
457,Combined,1.2578115728857495,-0.0
458,Uniform,0.0,47.2303175447664
458,Screened,0.3412845258989847,15.406414841787662
458,Yield per roof,0.8621061961556293,27.6687334958819
458,Procurement,1.0007751553901088,24.59524282404729
458,Combined,1.3426475359302046,-0.0
459,Uniform,0.0,30.850982375582944
459,Screened,0.3130797516589183,4.801203516418942
459,Yield per roof,0.8061547124290982,14.083129463651863
459,Procurement,0.9337728030081608,19.07791569039591
459,Combined,1.2467874617406736,-0.0
460,Uniform,0.0,44.00445404792518
460,Screened,0.3141891578917111,14.357478874390228
460,Yield per roof,0.8059010933703306,25.602112047804862
460,Procurement,0.820821988475771,23.65936612936937
460,Combined,1.1357054273631917,-0.0
461,Uniform,0.0,22.994061340738543
461,Screened,0.3861620562608436,-0.0
461,Yield per roof,1.0133169683699066,6.066706859443685
461,Procurement,0.996394194188511,15.300626709758529
461,Combined,1.383886780545744,-0.0
462,Uniform,0.0,20.370616795101714
462,Screened,0.515391610150786,-0.0
462,Yield per roof,1.2218774552729172,4.398066936186687
462,Procurement,0.9082375016249244,14.11212145423288
462,Combined,1.4248330855239573,-0.0
463,Uniform,1.4210854715202004e-14,13.50663798847062
463,Screened,0.5970154293905381,-0.0
463,Yield per roof,1.4553876392613034,1.2438764557797894
463,Procurement,0.8548489059192548,8.645323075274991
463,Combined,1.4516296625033505,-0.0
464,Uniform,0.0,66.7518636073002
464,Screened,0.1935267695342091,36.98706648764616
464,Yield per roof,0.4948463357312391,50.752795069999685
464,Procurement,0.9511600276566944,40.759587554097926
464,Combined,1.147115764199988,18.135997385821625
465,Uniform,0.0,48.20578968649165
465,Screened,0.3989574330940399,13.37379762780932
465,Yield per roof,1.0094602293951311,25.72700701124641
465,Procurement,0.7828082071735878,29.02548447818798
465,Combined,1.1812341310321912,-0.0
466,Uniform,0.0,10.136767454814576
466,Screened,0.6369671150552989,-0.0
466,Yield per roof,1.5671937376235403,0.0606275554920602
466,Procurement,0.9211763851772758,6.1313992672024975
466,Combined,1.5606619009432734,-0.0
467,Uniform,0.0,9.619142188494797
467,Screened,0.5136210610980214,-0.0
467,Yield per roof,1.330329286898234,0.1454222967539865
467,Procurement,1.0360005270992048,5.059219305564154
467,Combined,1.549882780388188,-0.0
468,Uniform,0.0,8.249537151215167
468,Screened,0.5238455507995354,-0.0
468,Yield per roof,1.358425476716448,-0.0
468,Procurement,0.9182711404754258,4.262537925839789
468,Combined,1.4412864997875232,-0.0
469,Uniform,0.0,66.30112223108215
469,Screened,0.4294626882837278,25.48111002216596
469,Yield per roof,1.0577138283202174,40.76487466760379
469,Procurement,0.7737611650744185,45.37292665176157
469,Combined,1.20263745493844,10.374280302814238
470,Uniform,0.0,60.843178767368336
470,Screened,0.2539836276959377,29.34814479018228
470,Yield per roof,0.6790513367704492,42.046039874204
470,Procurement,1.0051775973626178,33.56433877753145
470,Combined,1.2591035703967322,9.619285342783773
471,Uniform,0.0,77.11637459540746
471,Screened,0.3162032961616177,37.96061813504326
471,Yield per roof,0.8304179346937204,53.86132768115797
471,Procurement,0.8727730103535976,53.32981157769032
471,Combined,1.188930355071065,20.755256728221767
472,Uniform,-7.105427357601002e-15,18.116400575204903
472,Screened,0.3758978761848368,-0.0
472,Yield per roof,0.9482207143391576,4.214923367397207
472,Procurement,1.0086511907534188,11.093739142294158
472,Combined,1.3856893271579551,-0.0
473,Uniform,0.0,7.974645915729387
473,Screened,0.7799922560838297,-0.0
473,Yield per roof,1.914011920486871,-0.0
473,Procurement,0.722177911908517,4.838813141769872
473,Combined,1.503517327178599,-0.0
474,Uniform,0.0,12.237738342688798
474,Screened,0.804035746149026,-0.0
474,Yield per roof,2.0539478600275345,-0.0
474,Procurement,0.8466350426849942,8.674682483620396
474,Combined,1.6509398992224362,-0.0
475,Uniform,0.0,26.87446609195916
475,Screened,0.4578968996757737,-0.0
475,Yield per roof,1.1548892263573265,7.465738816200659
475,Procurement,0.8414783612259953,20.433299546485497
475,Combined,1.2992169644808484,-0.0
476,Uniform,0.0,4.803779248940744
476,Screened,0.4495761091984604,-0.0
476,Yield per roof,1.1904085025146856,-0.0
476,Procurement,0.859296820086783,2.022534931626748
476,Combined,1.3092049728056736,-0.0
477,Uniform,0.0,23.822686311176785
477,Screened,0.3339144489121182,-0.0
477,Yield per roof,0.9174057979359418,6.7792346339454985
477,Procurement,0.9862174922250162,16.23454465213097
477,Combined,1.3203264070662186,-0.0
478,Uniform,0.0,9.066195268753264
478,Screened,0.564526311768148,-0.0
478,Yield per roof,1.423632305220309,-0.0
478,Procurement,0.9118280293100868,5.119458819005406
478,Combined,1.476049765387188,-0.0
479,Uniform,0.0,5.733022792496208
479,Screened,0.5301683050519017,-0.0
479,Yield per roof,1.3861954882530083,-0.0
479,Procurement,0.9003374808119844,2.5131315082983656
479,Combined,1.43139667146815,-0.0
480,Uniform,0.0,10.763615291734473
480,Screened,0.4894062508213039,-0.0
480,Yield per roof,1.295682744696549,0.5079168689839739
480,Procurement,1.0334300130272425,5.911762172353639
480,Combined,1.524709030421164,-0.0
481,Uniform,0.0,19.486630079252382
481,Screened,0.3731378434740833,-0.0
481,Yield per roof,0.9160216335196764,4.922585862709217
481,Procurement,0.8310865483559127,13.26902089870018
481,Combined,1.2089121782751209,-0.0
482,Uniform,0.0,93.6185315436078
482,Screened,0.2140864520740066,55.47898687740678
482,Yield per roof,0.5431075495464945,73.33069613897105
482,Procurement,1.1919285381773683,61.043017608023405
482,Combined,1.4081049948064963,31.836851102780777
483,Uniform,1.4210854715202004e-14,8.221417754141434
483,Screened,0.5935668921785293,-0.0
483,Yield per roof,1.5084885824841194,-0.0
483,Procurement,1.048484457341985,3.666652953593149
483,Combined,1.64225860576272,-0.0
484,Uniform,0.0,74.79443631030732
484,Screened,0.2443439552407724,40.38221823696891
484,Yield per roof,0.6272636006816654,55.48303974018136
484,Procurement,0.9021951430256224,50.17539403326562
484,Combined,1.1477365200091754,22.55546483031316
485,Uniform,0.0,6.656349023655144
485,Screened,0.9438079942998172,-0.0
485,Yield per roof,2.2806773406012724,-0.0
485,Procurement,0.8170033501363605,4.224631560442287
485,Combined,1.760767692468221,-0.0
486,Uniform,1.4210854715202004e-14,2.945068021444656
486,Screened,0.6801195322515241,-0.0
486,Yield per roof,1.6780561627017931,-0.0
486,Procurement,0.9519611876224588,1.6676006463897446
486,Combined,1.632078585324578,-0.0
487,Uniform,0.0,10.780366925839637
487,Screened,0.5043477699352934,-0.0
487,Yield per roof,1.2159440725677513,0.8833623803429063
487,Procurement,0.9859548066937976,5.812150558954452
487,Combined,1.4940638349615654,-0.0
488,Uniform,1.4210854715202004e-14,2.6003910892138777
488,Screened,0.6665646806794427,-0.0
488,Yield per roof,1.6129077894193813,-0.0
488,Procurement,0.8706939412919326,1.4287626366666386
488,Combined,1.5404549985918123,-0.0
489,Uniform,0.0,13.583518637093368
489,Screened,0.5314669718335097,-0.0
489,Yield per roof,1.3253837154164216,1.3772770215560377
489,Procurement,0.9707514272088532,8.10548441445771
489,Combined,1.5022272229197569,-0.0
490,Uniform,0.0,88.79561774097644
490,Screened,0.3527564919523911,45.438251364177134
490,Yield per roof,0.8683268243699942,63.92594968817661
490,Procurement,0.9549027309679944,63.26751778977042
490,Combined,1.3086921370533204,26.96736477453715
491,Uniform,0.0,12.328285550361072
491,Screened,0.7287199868877678,-0.0
491,Yield per roof,1.7743057959864783,0.3928464302589633
491,Procurement,0.8448912846950805,8.385862741480706
491,Combined,1.574699209268175,-0.0
492,Uniform,0.0,4.806248924831388
492,Screened,0.5756770936871192,-0.0
492,Yield per roof,1.5321769411839623,-0.0
492,Procurement,0.931804210108666,2.368543402063238
492,Combined,1.5075441244742225,-0.0
493,Uniform,0.0,8.522224855923252
493,Screened,0.7341772855717608,-0.0
493,Yield per roof,1.9315404578582476,-0.0
493,Procurement,0.8298560150389989,4.926695608592078
493,Combined,1.5637556218934492,-0.0
494,Uniform,0.0,8.739317730531187
494,Screened,0.6916405709715576,-0.0
494,Yield per roof,1.6323970006924071,-0.0
494,Procurement,0.7806139248511244,5.350196922789926
494,Combined,1.472429672236515,-0.0
495,Uniform,0.0,65.66341852345691
495,Screened,0.3340475112905992,29.08004533570745
495,Yield per roof,0.839850541157432,44.19937428568359
495,Procurement,1.0350842565531622,37.34777316934984
495,Combined,1.3700727957207803,8.582046084877273
496,Uniform,0.0,65.82221798764772
496,Screened,0.2442741437009417,33.815103646060976
496,Yield per roof,0.6508492396386387,46.851154304065375
496,Procurement,0.900796469539948,41.26631067943565
496,Combined,1.144641466723506,16.07021897629913
497,Uniform,0.0,10.980734827056908
497,Screened,0.5971126565577265,-0.0
497,Yield per roof,1.5754441996703576,-0.0
497,Procurement,1.172103956734233,5.887874758540618
497,Combined,1.7730743936728857,-0.0
498,Uniform,0.0,7.146794548230749
498,Screened,0.4898275245571852,-0.0
498,Yield per roof,1.184215468537758,-0.0
498,Procurement,0.859952776877563,3.412018515514428
498,Combined,1.351325927763483,-0.0
499,Uniform,0.0,30.370883746029232
499,Screened,0.2773886902050577,5.973645646194584
499,Yield per roof,0.6934249564208983,15.91372861087737
499,Procurement,0.8872507485005556,18.069312720309373
499,Combined,1.1678974479655864,-0.0
500,Uniform,0.0,11.248593356081596
500,Screened,0.435479072378925,-0.0
500,Yield per roof,1.1346916720915914,0.9664007470748376
500,Procurement,0.9704327799740752,6.156560548733745
500,Combined,1.405896857797103,-0.0
501,Uniform,0.0,46.76058965633401
501,Screened,0.3027724915095149,16.142522125179358
501,Yield per roof,0.8080411425748295,28.266274332287423
501,Procurement,0.9149833057363352,24.034426099988934
501,Combined,1.21882667614004,-0.0
502,Uniform,0.0,3.4808220835394703
502,Screened,0.8254356405111878,-0.0
502,Yield per roof,2.1808397242453736,-0.0
502,Procurement,0.9140444487413504,2.2561988699923776
502,Combined,1.7397287220132966,-0.0
503,Uniform,0.0,8.89134067225121
503,Screened,0.5663217437206214,-0.0
503,Yield per roof,1.3708184820243758,-0.0
503,Procurement,0.97218898782603,4.674798963958342
503,Combined,1.5381963627996669,-0.0
504,Uniform,0.0,12.697315124192494
504,Screened,0.5147833405987399,-0.0
504,Yield per roof,1.2687187254420564,1.2864407512420784
504,Procurement,0.8646004222602812,7.743151954332511
504,Combined,1.379501102509579,-0.0
505,Uniform,0.0,29.18523646698861
505,Screened,0.2951050269495567,3.630580612529054
505,Yield per roof,0.7720034246702312,13.783644277826472
505,Procurement,0.9416227532789634,18.80739447035062
505,Combined,1.2396078184029875,-0.0
506,Uniform,0.0,4.396345231401495
506,Screened,0.6500916783922719,-0.0
506,Yield per roof,1.6021049991350225,-0.0
506,Procurement,1.066202520322307,2.228754729246653
506,Combined,1.7182202901265526,-0.0
507,Uniform,0.0,5.23909937318724
507,Screened,0.5520505710483405,-0.0
507,Yield per roof,1.3386262262348223,-0.0
507,Procurement,0.9259648185688434,2.348226748020974
507,Combined,1.4798103107150382,-0.0
508,Uniform,0.0,15.512457775489846
508,Screened,0.5221541537340926,-0.0
508,Yield per roof,1.348243210312063,1.9151050539508223
508,Procurement,1.2710738188223871,8.489289575635212
508,Combined,1.795948238870679,-0.0
509,Uniform,0.0,22.13366245169135
509,Screened,0.4484987517631111,-0.0
509,Yield per roof,1.14018573732929,5.2672990847984975
509,Procurement,0.7758655849197424,16.16268413720867
509,Combined,1.225959984058136,-0.0
510,Uniform,0.0,19.074724500807967
510,Screened,0.4953019121521294,-0.0
510,Yield per roof,1.2879724679398947,3.1581893512100323
510,Procurement,0.8363552903728504,13.90816001740031
510,Combined,1.3317465876930328,-0.0
511,Uniform,0.0,71.0990431203666
511,Screened,0.2805111455047253,35.67535572328434
511,Yield per roof,0.7202356197630024,50.399090560832825
511,Procurement,1.0274951523896334,43.35305647224962
511,Combined,1.3082028948026905,15.613141992978958
512,Uniform,0.0,18.83804028425145
512,Screened,0.3544387147513745,-0.0
512,Yield per roof,0.9018552238203696,4.674949836016901
512,Procurement,1.0509626688916782,11.25009943501017
512,Combined,1.4060700043859171,-0.0
513,Uniform,0.0,15.68235433109514
513,Screened,0.4064541170549205,-0.0
513,Yield per roof,1.0144732285627214,2.919198249848945
513,Procurement,0.920701258545364,9.955185208881032
513,Combined,1.3292264339399935,-0.0
514,Uniform,3.552713678800501e-15,77.38213415719714
514,Screened,0.209550996228863,43.11518972947531
514,Yield per roof,0.5840992812559378,58.2792895841236
514,Procurement,1.1288908223943253,46.74352997255852
514,Combined,1.3395452299481256,20.92401771433445
515,Uniform,0.0,6.178169448650015
515,Screened,0.5031044675861267,-0.0
515,Yield per roof,1.3357552183568089,-0.0
515,Procurement,1.0152651248278346,2.5128380353581976
515,Combined,1.5236416531995332,-0.0
516,Uniform,0.0,14.655958451620137
516,Screened,0.8854823238905283,-0.0
516,Yield per roof,2.0413528235463048,0.7334218992934307
516,Procurement,1.0133857750637103,9.792490253969577
516,Combined,1.9028326057152185,-0.0
517,Uniform,0.0,113.38461918027008
517,Screened,0.2271685807591126,69.34911406946487
517,Yield per roof,0.6283391091316375,87.12166969767966
517,Procurement,1.0946155477390531,81.3380256697418
517,Combined,1.3230333675049977,45.29976531077595
518,Uniform,0.0,8.177841677164512
518,Screened,0.7801273177869348,-0.0
518,Yield per roof,2.055983412432994,-0.0
518,Procurement,1.099832396275474,3.9655128510548656
518,Combined,1.8827081261506748,-0.0
519,Uniform,0.0,15.63490964546091
519,Screened,0.5644269782567051,-0.0
519,Yield per roof,1.4398946090734768,1.6715434296654903
519,Procurement,0.941372105565918,10.088964397499703
519,Combined,1.506759456757166,-0.0
520,Uniform,0.0,7.0772200965100085
520,Screened,0.5058206571431043,-0.0
520,Yield per roof,1.2531148019987484,-0.0
520,Procurement,0.9211789243874337,3.074585154532901
520,Combined,1.4301957485544392,-0.0
521,Uniform,0.0,6.5007947080941
521,Screened,0.6200130416390124,-0.0
521,Yield per roof,1.5854797028982546,-0.0
521,Procurement,0.9367271803889992,2.9787850157840405
521,Combined,1.556869120080307,-0.0
522,Uniform,0.0,61.15767914273434
522,Screened,0.235721724443259,30.00279549154818
522,Yield per roof,0.6210703199197098,44.091670406781375
522,Procurement,1.042061021052838,32.64905913621951
522,Combined,1.28079444962178,9.313645257932244
523,Uniform,0.0,14.813124330319985
523,Screened,0.4070430401861671,-0.0
523,Yield per roof,1.0460079966368596,2.138081607169131
523,Procurement,1.092148838686711,8.354647034180907
523,Combined,1.5016944253616913,-0.0
524,Uniform,0.0,24.41477445634719
524,Screened,0.5109522339313628,-0.0
524,Yield per roof,1.2216035647679035,6.2862936636642015
524,Procurement,0.8829616221226928,17.67330528206101
524,Combined,1.394126400195944,-0.0
525,Uniform,0.0,10.288977392751413
525,Screened,0.7696482706839447,-0.0
525,Yield per roof,1.9498299394181515,-0.0
525,Procurement,0.7966161509608867,6.831657931397046
525,Combined,1.5661449311078286,-0.0
526,Uniform,0.0,24.01750354167926
526,Screened,0.3763211859236719,-0.0
526,Yield per roof,0.9822728588944614,6.657829053539881
526,Procurement,0.8470519911417398,17.493227230988253
526,Combined,1.2257912465500027,-0.0
527,Uniform,0.0,4.624125986990875
527,Screened,1.0133405395706632,-0.0
527,Yield per roof,2.4292913796634537,-0.0
527,Procurement,0.817306116614759,3.539214019326281
527,Combined,1.8304372968495104,-0.0
528,Uniform,0.0,15.591510192430029
528,Screened,0.4433847862668472,-0.0
528,Yield per roof,1.0919869017465371,2.3791953498174334
528,Procurement,0.9294227306765775,10.099614795985657
528,Combined,1.3786024953845128,-0.0
529,Uniform,0.0,16.970044310654007
529,Screened,0.532276087822197,-0.0
529,Yield per roof,1.37524853058369,1.997414886537281
529,Procurement,1.0668883644353857,10.708595074785531
529,Combined,1.6004782703451923,-0.0
530,Uniform,0.0,11.42611526321291
530,Screened,0.8684117470465367,-0.0
530,Yield per roof,2.0495787657531253,-0.0
530,Procurement,0.8567366135554835,7.774965911636096
530,Combined,1.7254295710816905,-0.0
531,Uniform,-1.4210854715202004e-14,3.0339890973610157
531,Screened,0.6285745599989383,-0.0
531,Yield per roof,1.5969421866772675,-0.0
531,Procurement,0.950679504956966,1.758019397160476
531,Combined,1.5786384848983346,-0.0
532,Uniform,-3.552713678800501e-15,93.48354479639032
532,Screened,0.2028999934004929,55.6595766721145
532,Yield per roof,0.5369050172737069,73.2679866938438
532,Procurement,1.0470456020836814,64.7496509127842
532,Combined,1.251730911490565,34.82120407592706
533,Uniform,0.0,13.171465448096312
533,Screened,0.3668856061437893,-0.0
533,Yield per roof,0.962628320994348,1.8181307553899877
533,Procurement,0.9399442202154588,7.62049039754484
533,Combined,1.3093447418598387,-0.0
534,Uniform,0.0,4.028124338136367
534,Screened,0.8334273275095256,-0.0
534,Yield per roof,2.026212130355674,-0.0
534,Procurement,0.866155122133307,2.864805191904414
534,Combined,1.6999269133130213,-0.0
535,Uniform,0.0,17.765677229575434
535,Screened,0.6036791992723352,-0.0
535,Yield per roof,1.5212337332247898,2.219752746314664
535,Procurement,0.8084515082875612,12.99322409040432
535,Combined,1.4136655363557082,-0.0
536,Uniform,0.0,37.00394338666428
536,Screened,0.1915453991289553,13.76032639203652
536,Yield per roof,0.4932737123472677,25.642882013086897
536,Procurement,0.910046451572704,17.22096448136959
536,Combined,1.109657866225433,-0.0
537,Uniform,0.0,4.747134602315296
537,Screened,0.570529959274495,-0.0
537,Yield per roof,1.4305044851822544,-0.0
537,Procurement,1.0065446442246897,2.152600207054053
537,Combined,1.5784889668061766,-0.0
538,Uniform,0.0,61.61301360497749
538,Screened,0.4079420459833258,23.031018098325724
538,Yield per roof,1.0031834144293867,37.62941766082074
538,Procurement,0.8393670685789729,39.118341884257696
538,Combined,1.2470513139807622,6.793392567202026
539,Uniform,0.0,22.06532694028659
539,Screened,0.4886198605381082,-0.0
539,Yield per roof,1.282620278894797,4.468610246417022
539,Procurement,0.9283821220807909,15.824904713143468
539,Combined,1.420177394362696,-0.0
540,Uniform,0.0,4.874345435797527
540,Screened,0.7053927115271961,-0.0
540,Yield per roof,1.6854384949300396,-0.0
540,Procurement,0.95197067714588,2.643959343623222
540,Combined,1.6573443279649354,-0.0
541,Uniform,0.0,10.630074193976006
541,Screened,0.6253987430125534,-0.0
541,Yield per roof,1.6088243022274469,-0.0
541,Procurement,0.9296688492603096,6.634543854277405
541,Combined,1.5549898369450403,-0.0
542,Uniform,0.0,12.523011529183933
542,Screened,0.4729870434034353,-0.0
542,Yield per roof,1.1325839436247094,1.4977099354541537
542,Procurement,0.8737383818777005,7.428923780462898
542,Combined,1.3500476400563173,-0.0
543,Uniform,0.0,30.080723333524958
543,Screened,0.2913881331634798,5.491854541331019
543,Yield per roof,0.7491462739881882,14.329131598709806
543,Procurement,0.8517145736353555,18.265497607615977
543,Combined,1.1434965997094224,-0.0
544,Uniform,0.0,24.01248245592624
544,Screened,0.5600515594791489,-0.0
544,Yield per roof,1.3934690583676144,5.240972158014136
544,Procurement,0.838807281210336,17.960736708051677
544,Combined,1.4011057056139151,-0.0
545,Uniform,0.0,25.76347967901105
545,Screened,0.4338593837188114,-0.0
545,Yield per roof,1.062956953325994,7.374534536252383
545,Procurement,0.8942102769465095,18.86629215611285
545,Combined,1.3297948798236805,-0.0
546,Uniform,0.0,10.744436888123042
546,Screened,0.7595955218534982,-0.0
546,Yield per roof,1.8606250341975112,-0.0
546,Procurement,0.8350121884020041,7.113857932917639
546,Combined,1.6005146862715378,-0.0
547,Uniform,1.4210854715202004e-14,9.919940554339629
547,Screened,0.6626143668508888,-0.0
547,Yield per roof,1.6318807582980384,-0.0
547,Procurement,0.8555065143814318,6.204189623724395
547,Combined,1.5185104914574057,-0.0
548,Uniform,-7.105427357601002e-15,45.8828879591179
548,Screened,0.3566830271324832,12.842118341445005
548,Yield per roof,0.943511723972648,24.867475156274807
548,Procurement,0.9036474040563364,26.414108598480368
548,Combined,1.2602971658152595,-0.0
549,Uniform,0.0,16.123045745503322
549,Screened,0.4930025528391297,-0.0
549,Yield per roof,1.296460182494286,2.019119853662972
549,Procurement,0.9847765362617906,10.301064492051324
549,Combined,1.4796936960963762,-0.0
550,Uniform,0.0,60.97556180523751
550,Screened,0.3478933283331926,24.083857920133077
550,Yield per roof,0.9360176489348432,38.15636564673429
550,Procurement,0.8756801637674627,37.54617955196719
550,Combined,1.2236695631953154,7.180115905135971
551,Uniform,0.0,31.6792355228178
551,Screened,0.3735542073391116,1.8851302056619064
551,Yield per roof,0.9784707478563844,11.891557621575462
551,Procurement,0.8812545369863827,23.17715911910233
551,Combined,1.2544815934630833,-0.0
552,Uniform,0.0,21.85856910568886
552,Screened,0.3373226124436073,-0.0
552,Yield per roof,0.8428183626640902,6.364905115041062
552,Procurement,0.9645122102690636,14.44655352828618
552,Combined,1.3016224570488006,-0.0
553,Uniform,0.0,24.59402002496436
553,Screened,0.5503801972509166,-0.0
553,Yield per roof,1.3201778584716806,5.714970624024493
553,Procurement,1.2492079982637565,15.829321960660614
553,Combined,1.8019937686777467,-0.0
554,Uniform,0.0,81.83857181233076
554,Screened,0.1742570355754544,48.42517523499997
554,Yield per roof,0.4549098958694841,64.83451668240153
554,Procurement,0.9930365236998108,54.65904078447453
554,Combined,1.1712164056007095,28.676872411882744
555,Uniform,0.0,12.182162890458116
555,Screened,0.4308135466443588,-0.0
555,Yield per roof,1.0844290833746584,1.423032729286185
555,Procurement,0.9283545776566058,6.826576581906615
555,Combined,1.359415260690227,-0.0
556,Uniform,0.0,25.045362165275403
556,Screened,0.3774054255685755,-0.0
556,Yield per roof,0.951663088569866,7.3896667315945885
556,Procurement,0.876179039504656,18.292695462074445
556,Combined,1.2535740296179938,-0.0
557,Uniform,0.0,5.664511964652183
557,Screened,0.70544060753015,-0.0
557,Yield per roof,1.7739948554160208,-0.0
557,Procurement,0.9061151878438808,3.0606182972670104
557,Combined,1.611578198393531,-0.0
558,Uniform,0.0,12.750297195257785
558,Screened,0.3891636004283967,-0.0
558,Yield per roof,1.0269429831305883,1.5566777285038902
558,Procurement,0.96825506663766,7.097139351704097
558,Combined,1.3574573524249516,-0.0
559,Uniform,0.0,6.850848546139125
559,Screened,0.6293612344833832,-0.0
559,Yield per roof,1.6382177197853167,-0.0
559,Procurement,0.953812462711184,3.178761719610857
559,Combined,1.5856876853792414,-0.0
560,Uniform,0.0,19.48831845672129
560,Screened,0.3627102191438496,-0.0
560,Yield per roof,0.964707866828519,4.666300351407999
560,Procurement,0.9191924818490024,12.672751038135363
560,Combined,1.2814986934016588,-0.0
561,Uniform,0.0,2.539305092143008
561,Screened,0.6882064755488386,-0.0
561,Yield per roof,1.8185617577454425,-0.0
561,Procurement,0.8865826200648712,1.3476672385522634
561,Combined,1.575101936721623,-0.0
562,Uniform,0.0,27.304579633484646
562,Screened,0.4210494114741294,-0.0
562,Yield per roof,1.026340906629528,8.229507515525627
562,Procurement,0.9237221771744828,20.21708874188038
562,Combined,1.3444761296911878,-0.0
563,Uniform,0.0,25.63319889482764
563,Screened,0.3366727270964489,-0.0
563,Yield per roof,0.8787439725511064,7.879747095041107
563,Procurement,0.9818713690784904,18.068000149375703
563,Combined,1.3184186315329498,-0.0
564,Uniform,0.0,83.81041789823662
564,Screened,0.1912618620994415,49.94887026293607
564,Yield per roof,0.4944181744981897,65.18974072853644
564,Procurement,1.028193316809947,55.62859758725682
564,Combined,1.2196340983406095,29.54725931406321
565,Uniform,0.0,20.049987801549086
565,Screened,0.410486251082105,-0.0
565,Yield per roof,1.0069375489523509,4.929488044634882
565,Procurement,0.9257759530936482,13.113247659358354
565,Combined,1.3358094385264252,-0.0
566,Uniform,0.0,23.48572280136585
566,Screened,0.3740153249995614,-0.0
566,Yield per roof,1.007825742378465,6.290364829732284
566,Procurement,0.9621709654342538,16.058876466124445
566,Combined,1.3372363983414388,-0.0
567,Uniform,0.0,9.76232931558841
567,Screened,0.6607872034276312,-0.0
567,Yield per roof,1.751878510088261,-0.0
567,Procurement,0.921159365722886,5.7588507400266336
567,Combined,1.5839570827715193,-0.0
568,Uniform,0.0,23.597296676104943
568,Screened,0.2969874799627519,-0.0
568,Yield per roof,0.7802482968318643,7.328332957837279
568,Procurement,0.8971067748298225,16.68308752135996
568,Combined,1.1963917085074345,-0.0
569,Uniform,-7.105427357601002e-15,22.079308556640378
569,Screened,0.3267884234109317,-0.0
569,Yield per roof,0.8624573568599274,6.27678195405888
569,Procurement,0.969718319021318,14.608421931013718
569,Combined,1.2964126501973183,-0.0
570,Uniform,0.0,6.197061859810157
570,Screened,0.4870554126131736,-0.0
570,Yield per roof,1.1867739164168114,-0.0
570,Procurement,0.8688505629860543,2.4789682934622763
570,Combined,1.3560823805973712,-0.0
571,Uniform,0.0,31.145666119467112
571,Screened,0.2607554042661704,7.316772091797898
571,Yield per roof,0.7005872296734452,16.017394803110328
571,Procurement,0.9613734768438036,16.666808116481683
571,Combined,1.2222713941206536,-0.0
572,Uniform,-3.552713678800501e-15,67.46101952604077
572,Screened,0.1970785759755919,36.81348700917589
572,Yield per roof,0.531341484029813,50.52792011814263
572,Procurement,0.925228933574413,42.21473283267037
572,Combined,1.1240521176537293,18.519780614139044
573,Uniform,0.0,15.752227707356187
573,Screened,0.5445659638796627,-0.0
573,Yield per roof,1.346184044581193,1.9761006490727495
573,Procurement,0.9862007060480948,9.984313224741042
573,Combined,1.531231018961691,-0.0
574,Uniform,0.0,9.186363776004812
574,Screened,0.5086727060469514,-0.0
574,Yield per roof,1.3303858295145403,0.0686451837256516
574,Procurement,0.885190178505951,5.310008731462238
574,Combined,1.3931191013334825,-0.0
575,Uniform,0.0,100.13732136423936
575,Screened,0.2960242655010532,55.9141581482123
575,Yield per roof,0.7764726551357484,74.68229587479772
575,Procurement,0.8660458855987798,76.59872698457806
575,Combined,1.1623409743108013,38.88479214812672
576,Uniform,-2.8421709430404014e-14,3.836663051349487
576,Screened,1.0764830998108437,-0.0
576,Yield per roof,2.544530677983346,-0.0
576,Procurement,0.8143901958446804,2.751183093672682
576,Combined,1.8910964553451777,-0.0
577,Uniform,-7.105427357601002e-15,19.619004455324237
577,Screened,0.3152755605820303,-0.0
577,Yield per roof,0.7912133806918789,5.529284028589204
577,Procurement,0.9442407324510568,12.33562423604632
577,Combined,1.2619862259340238,-0.0
578,Uniform,0.0,51.15879300787267
578,Screened,0.3409802246919682,17.093452985842678
578,Yield per roof,0.9235179999927324,29.825702690800014
578,Procurement,0.97639704518987,26.89186196418726
578,Combined,1.317622565555304,-0.0
579,Uniform,0.0,19.60808645184489
579,Screened,0.6819725258330465,-0.0
579,Yield per roof,1.7215974505277387,2.180964366105114
579,Procurement,1.06746310292408,13.373781617030453
579,Combined,1.7510850306944548,-0.0
580,Uniform,0.0,7.910419324786784
580,Screened,0.4019218999517306,-0.0
580,Yield per roof,1.1061315944555332,0.0241250486620963
580,Procurement,0.8833858110065478,4.073978292556887
580,Combined,1.2862996031554983,-0.0
581,Uniform,0.0,4.101775018672852
581,Screened,0.5432221971393005,-0.0
581,Yield per roof,1.362980146772685,-0.0
581,Procurement,0.9484217313679436,1.934614556898474
581,Combined,1.492123376350435,-0.0
582,Uniform,0.0,5.007987851314415
582,Screened,0.5147543440468496,-0.0
582,Yield per roof,1.3758518065576055,-0.0
582,Procurement,1.0243185052471802,2.131922785999216
582,Combined,1.5415487536929078,-0.0
583,Uniform,-1.4210854715202004e-14,14.07285564976706
583,Screened,0.5758315654314998,-0.0
583,Yield per roof,1.4285428808873064,1.3876679353253991
583,Procurement,0.8902120192529139,8.940001602227108
583,Combined,1.4664448018529157,-0.0
584,Uniform,0.0,9.80477068155532
584,Screened,0.7468320545304721,-0.0
584,Yield per roof,1.9107981902960347,-0.0
584,Procurement,1.035199648232492,5.31135780247595
584,Combined,1.783833798206345,-0.0
585,Uniform,0.0,64.16783477686677
585,Screened,0.3158786241813374,29.811067779287825
585,Yield per roof,0.7730929479697579,43.572288121880455
585,Procurement,0.8322262070074515,41.515945912878905
585,Combined,1.1482389559502764,13.435885019418464
586,Uniform,0.0,54.83015807897171
586,Screened,0.3064862677357922,22.42581227815861
586,Yield per roof,0.7514332853104122,36.32838715280327
586,Procurement,0.8079578184105145,32.92924667145745
586,Combined,1.1181629047662582,6.535191953926158
587,Uniform,0.0,10.78657202193188
587,Screened,0.8329550507870636,-0.0
587,Yield per roof,1.964066152112508,-0.0
587,Procurement,0.9677776575836106,6.575842355635546
587,Combined,1.8041092209459748,-0.0
588,Uniform,-1.4210854715202004e-14,18.83161257276744
588,Screened,0.6570474156873161,-0.0
588,Yield per roof,1.582385308188833,2.522286340774441
588,Procurement,0.7903301218798191,14.16913095137599
588,Combined,1.4488191038122835,-0.0
589,Uniform,0.0,26.912143436368
589,Screened,0.3620664987806918,-0.0
589,Yield per roof,0.8926664367059232,8.479220131741693
589,Procurement,1.1377870444222469,18.120038214304536
589,Combined,1.5012257077305051,-0.0
590,Uniform,0.0,3.269842319872565
590,Screened,0.6594361820627483,-0.0
590,Yield per roof,1.6865162337349773,-0.0
590,Procurement,0.9496634167239506,1.9952786556225972
590,Combined,1.6089520386965432,-0.0
591,Uniform,0.0,78.30633161667981
591,Screened,0.2373763603035854,43.80733011276864
591,Yield per roof,0.5831655449816537,59.37508377259473
591,Procurement,0.9636408777734148,51.94133999337432
591,Combined,1.2019214902630535,24.714345175092205
592,Uniform,0.0,22.1855772978154
592,Screened,0.3271130126600567,-0.0
592,Yield per roof,0.8419172956732908,6.504726723480284
592,Procurement,1.0095969979268062,14.388503277127231
592,Combined,1.3382589797685185,-0.0
593,Uniform,0.0,28.84992582864061
593,Screened,0.5589282642646367,-0.0
593,Yield per roof,1.4218560658535466,7.156974428389871
593,Procurement,0.8221238235228583,22.597879773706683
593,Combined,1.381424041656473,-0.0
594,Uniform,0.0,26.75226789405676
594,Screened,0.3772847197708344,-0.0
594,Yield per roof,0.9549048448371168,8.112803312336908
594,Procurement,0.8621515850733061,20.106363115011884
594,Combined,1.2435013996082418,-0.0
595,Uniform,0.0,9.077555353805334
595,Screened,0.7231289919592001,-0.0
595,Yield per roof,1.685345278086416,-0.0
595,Procurement,0.9095645836885636,5.1386222574561
595,Combined,1.6336374151847366,-0.0
596,Uniform,0.0,18.45057775597284
596,Screened,0.361144299745689,-0.0
596,Yield per roof,0.9142836801716284,4.493644239556301
596,Procurement,0.9264403464797724,11.78812834897622
596,Combined,1.2895012697153518,-0.0
597,Uniform,0.0,73.6802545205806
597,Screened,0.2355247024951481,39.76708443893847
597,Yield per roof,0.6254000040210883,54.21912623715954
597,Procurement,0.9425169887618948,47.93465180884328
597,Combined,1.1782959370008967,21.139221972649075
598,Uniform,0.0,3.506021905443484
598,Screened,0.6843728641922269,-0.0
598,Yield per roof,1.692101837953416,-0.0
598,Procurement,0.8873168704961216,2.3023279336887392
598,Combined,1.571731745299303,-0.0
599,Uniform,0.0,8.454391177814449
599,Screened,0.7573257330576837,-0.0
599,Yield per roof,1.8492716568456729,-0.0
599,Procurement,1.0202688274242746,4.032203272779785
599,Combined,1.779140100285474,-0.0
600,Uniform,0.0,7.902260545490324
600,Screened,0.4692248241780703,-0.0
600,Yield per roof,1.156224095182381,0.0319945058014362
600,Procurement,0.9909938601648918,3.5951451902620075
600,Combined,1.4667280316389792,-0.0
601,Uniform,0.0,7.67356796938618
601,Screened,0.5167288604968121,-0.0
601,Yield per roof,1.3130429409610258,-0.0
601,Procurement,0.9492147752569622,3.5633378450750834
601,Combined,1.4656798804159052,-0.0
602,Uniform,7.105427357601002e-15,48.42042533070421
602,Screened,0.2712721514436396,19.70716168799075
602,Yield per roof,0.6884904223515349,31.27909890913231
602,Procurement,0.8764504337188868,24.65306150774725
602,Combined,1.148874544093843,2.5282189001230853
603,Uniform,0.0,10.60134151250228
603,Screened,0.8557279172552228,-0.0
603,Yield per roof,2.035158616061324,-0.0
603,Procurement,0.983933812508468,6.390255135187924
603,Combined,1.8425550748592912,-0.0
604,Uniform,0.0,48.15295867020004
604,Screened,0.3378737580369844,16.695920039941893
604,Yield per roof,0.8315899051458828,29.137709221951496
604,Procurement,0.8937956657292219,24.991272304720752
604,Combined,1.2329312830244137,-0.0
605,Uniform,0.0,11.989492167006144
605,Screened,0.4880564970872569,-0.0
605,Yield per roof,1.2610933784752802,0.9748711730865732
605,Procurement,1.0096377751386711,6.730017558914278
605,Combined,1.4979172813020938,-0.0
606,Uniform,0.0,56.57361470476294
606,Screened,0.2365938721151508,27.471822220147487
606,Yield per roof,0.6047874405130216,39.72401399738616
606,Procurement,0.8460924698039562,33.565281696660925
606,Combined,1.083939901181182,10.819138023480628
607,Uniform,0.0,11.334456099653648
607,Screened,0.4824373007176916,-0.0
607,Yield per roof,1.196760011994229,0.9936037765552176
607,Procurement,1.0009453550517975,6.103598657016518
607,Combined,1.483707382857503,-0.0
608,Uniform,0.0,6.747905560359719
608,Screened,0.8158322658662485,-0.0
608,Yield per roof,2.018084220671483,-0.0
608,Procurement,0.9394867787688383,3.707849366095292
608,Combined,1.7557595793775531,-0.0
609,Uniform,0.0,8.919794476793609
609,Screened,0.4954508904830703,-0.0
609,Yield per roof,1.2089070347291653,0.3714178572764359
609,Procurement,0.9424190324784688,4.5126468909361925
609,Combined,1.4374599038840756,-0.0
610,Uniform,0.0,7.052207626500491
610,Screened,0.7666658919113161,-0.0
610,Yield per roof,1.934425009060732,-0.0
610,Procurement,0.979964554594318,3.608959259528081
610,Combined,1.7469664827922884,-0.0
611,Uniform,0.0,23.64181134277829
611,Screened,0.4571422264242812,-0.0
611,Yield per roof,1.0971394023772518,6.2028094719028966
611,Procurement,1.2644736842791104,14.329246147952214
611,Combined,1.724961379599577,-0.0
612,Uniform,0.0,51.47130200519389
612,Screened,0.3135948298137663,19.865553806593766
612,Yield per roof,0.7864723664292512,32.552644479769235
612,Procurement,0.875859876012484,27.739398969292512
612,Combined,1.190695204060141,2.718118912893193
613,Uniform,1.4210854715202004e-14,3.8083698663232974
613,Screened,0.7500741079372233,-0.0
613,Yield per roof,1.8203152742118505,-0.0
613,Procurement,0.9319867184839978,2.537452003753559
613,Combined,1.6838859555975605,-0.0
614,Uniform,0.0,9.84353192396276
614,Screened,0.7414183629454953,-0.0
614,Yield per roof,1.8589523031738795,-0.0
614,Procurement,1.0022937549384636,5.562710407600197
614,Combined,1.7444773573796652,-0.0
615,Uniform,0.0,13.896322783661322
615,Screened,0.5031941684581369,-0.0
615,Yield per roof,1.3257333560247275,1.3614524205164922
615,Procurement,0.8811918632499669,8.82512576510338
615,Combined,1.3848489086439884,-0.0
616,Uniform,0.0,27.011111799524876
616,Screened,0.3921978976435269,-0.0
616,Yield per roof,1.0158195965793766,8.024060392141443
616,Procurement,0.8177845139473661,20.71207943906779
616,Combined,1.2123199318082314,-0.0
617,Uniform,0.0,4.502420205544882
617,Screened,0.8773583852346007,-0.0
617,Yield per roof,2.189919279041874,-0.0
617,Procurement,0.9550026617629612,3.208186713376892
617,Combined,1.833601232819348,-0.0
618,Uniform,-1.4210854715202004e-14,5.101033368587925
618,Screened,0.6825787580407763,-0.0
618,Yield per roof,1.8162684445182151,-0.0
618,Procurement,0.8147797401471593,3.017183576822596
618,Combined,1.4980632780907823,-0.0
619,Uniform,0.0,29.33348459116485
619,Screened,0.4753960817122333,-0.0
619,Yield per roof,1.1962236733302944,8.337503895928567
619,Procurement,0.8235192249054819,23.024750158545505
619,Combined,1.2988721944413015,-0.0
620,Uniform,0.0,6.543219912122258
620,Screened,0.4974616023736615,-0.0
620,Yield per roof,1.3093313751162017,-0.0
620,Procurement,0.9565508466123164,2.6193560179438458
620,Combined,1.4560379919652462,-0.0
621,Uniform,0.0,49.978895584172285
621,Screened,0.3291882443351781,17.399634028190228
621,Yield per roof,0.8798480624242018,29.0643297674539
621,Procurement,0.8450622250644457,27.289730053795232
621,Combined,1.1733424489139708,1.0857241542303877
622,Uniform,0.0,36.54429043231712
622,Screened,0.4478248328748293,3.0984725178865538
622,Yield per roof,1.0823705156537642,14.369365160701632
622,Procurement,0.803690154830548,27.393415357132
622,Combined,1.2508379501124978,-0.0
623,Uniform,0.0,22.14856449210116
623,Screened,0.3050403553252607,-0.0
623,Yield per roof,0.7548993112499431,6.92479388224701
623,Procurement,0.9007617321659254,15.209078354189964
623,Combined,1.2069771755273848,-0.0
624,Uniform,0.0,4.779932577026168
624,Screened,0.4790201625639838,-0.0
624,Yield per roof,1.2684991172493767,-0.0
624,Procurement,0.905754019504144,2.044932863003836
624,Combined,1.3852105749856776,-0.0
625,Uniform,0.0,2.8701892734993755
625,Screened,0.5428965331139608,-0.0
625,Yield per roof,1.2927440825584569,-0.0
625,Procurement,0.8760216803841985,1.691864572664219
625,Combined,1.4255310480100576,-0.0
626,Uniform,0.0,81.18463762352535
626,Screened,0.3271759793924076,40.921566586154206
626,Yield per roof,0.8302154468460117,57.732461826513095
626,Procurement,0.991781973594314,54.23083058349143
626,Combined,1.319389302095736,21.406414082430853
627,Uniform,0.0,3.1515010338016705
627,Screened,0.7613898593622821,-0.0
627,Yield per roof,1.887682664928377,-0.0
627,Procurement,0.8093136713480078,2.062132811703297
627,Combined,1.570846450361472,-0.0
628,Uniform,0.0,34.44600602918059
628,Screened,0.5040790212698738,-0.0
628,Yield per roof,1.2281003903990069,10.608739533646382
628,Procurement,0.9785052113569606,27.026357605476107
628,Combined,1.4836603382667306,-0.0
629,Uniform,0.0,6.382070137816702
629,Screened,0.518148178147527,-0.0
629,Yield per roof,1.3425579620675876,-0.0
629,Procurement,0.9097874742514448,2.681147007744625
629,Combined,1.4300183951054777,-0.0
630,Uniform,0.0,10.162006261049038
630,Screened,0.8380183936539538,-0.0
630,Yield per roof,1.9693403071857745,-0.0
630,Procurement,0.8554497961274024,6.446982402709181
630,Combined,1.6948314320261488,-0.0
631,Uniform,-7.105427357601002e-15,34.09031262850992
631,Screened,0.3059618446146501,7.781674903742687
631,Yield per roof,0.7643386502374483,17.737509104704106
631,Procurement,0.9438910637451484,19.35612227651122
631,Combined,1.2508442038600125,-0.0
632,Uniform,0.0,5.044400644630534
632,Screened,0.9103531339762868,-0.0
632,Yield per roof,2.2006191544803078,-0.0
632,Procurement,0.897773847553708,3.4992200907960838
632,Combined,1.8085947597739391,-0.0
633,Uniform,0.0,3.619994592978735
633,Screened,0.5793469900386867,-0.0
633,Yield per roof,1.498216434930896,-0.0
633,Procurement,0.9789885361976048,1.912509925210408
633,Combined,1.5584635017044235,-0.0
634,Uniform,0.0,3.234714707013922
634,Screened,0.6052075502697676,-0.0
634,Yield per roof,1.6224363291423742,-0.0
634,Procurement,0.95658596962069,1.9507954174684676
634,Combined,1.562459007293512,-0.0
635,Uniform,0.0,27.790037362913463
635,Screened,0.4061162171597914,-0.0
635,Yield per roof,1.0218438971224728,8.440176682460804
635,Procurement,0.8946752205767794,20.925735124461912
635,Combined,1.3011545716989517,-0.0
636,Uniform,0.0,9.873317512436008
636,Screened,0.4750416458324338,-0.0
636,Yield per roof,1.1580891007573657,0.7360484396726377
636,Procurement,0.9690820740088526,5.057022672490448
636,Combined,1.4452531367943493,-0.0
637,Uniform,-1.4210854715202004e-14,27.789689340432133
637,Screened,0.5849333246174524,-0.0
637,Yield per roof,1.391846211447742,7.118099037780502
637,Procurement,0.9518312083224744,20.523741836222747
637,Combined,1.5396106323981087,-0.0
638,Uniform,0.0,9.916124116747822
638,Screened,0.5088566026756354,-0.0
638,Yield per roof,1.3304450364687312,0.2160199112584439
638,Procurement,0.9705813949666292,5.581601390072397
638,Combined,1.480003152914577,-0.0
639,Uniform,0.0,8.588147707662683
639,Screened,0.6789536146561943,-0.0
639,Yield per roof,1.6388890204613773,-0.0
639,Procurement,1.077560069929234,3.92531531007193
639,Combined,1.7569707870406577,-0.0
640,Uniform,0.0,12.95219791761763
640,Screened,0.5125422825769306,-0.0
640,Yield per roof,1.245307568799987,1.450163939093047
640,Procurement,0.9234035748550582,7.612748019415012
640,Combined,1.4364847063417585,-0.0
641,Uniform,0.0,18.139760442831847
641,Screened,0.5287881622770811,-0.0
641,Yield per roof,1.3610500598822028,2.4328713348071536
641,Procurement,1.0655401190673075,11.880177748228668
641,Combined,1.5952538128052964,-0.0
642,Uniform,0.0,12.560728225420776
642,Screened,0.4398261426395891,-0.0
642,Yield per roof,1.117903243703097,1.44569740425767
642,Procurement,0.961880351073944,7.166967899166021
642,Combined,1.4059401742315742,-0.0
643,Uniform,1.4210854715202004e-14,9.0621392991992
643,Screened,0.7202747599669266,-0.0
643,Yield per roof,1.7440521137869922,-0.0
643,Procurement,1.0475032625221417,4.518113325714042
643,Combined,1.7700366288696472,-0.0
644,Uniform,0.0,4.792923066046814
644,Screened,0.5324837262748048,-0.0
644,Yield per roof,1.4406688443691564,-0.0
644,Procurement,0.9820265303940374,2.186368269959844
644,Combined,1.5159283349777866,-0.0
645,Uniform,0.0,10.857714641746735
645,Screened,0.4570775690191482,-0.0
645,Yield per roof,1.1469022906654374,0.9684052627085304
645,Procurement,0.9016835223855396,6.048441411027304
645,Combined,1.3585138730873894,-0.0
646,Uniform,0.0,27.236118229441075
646,Screened,0.4242517186536929,-0.0
646,Yield per roof,1.1190619041445018,7.609757742229196
646,Procurement,0.927202016165012,20.08206787611794
646,Combined,1.3518471803512568,-0.0
647,Uniform,0.0,2.505855557868818
647,Screened,0.674309882958056,-0.0
647,Yield per roof,1.7823785487887704,-0.0
647,Procurement,0.9552520394394008,1.2242621038880614
647,Combined,1.6306827970368971,-0.0
648,Uniform,0.0,8.616409694598287
648,Screened,0.6149909151246646,-0.0
648,Yield per roof,1.6120543026587626,-0.0
648,Procurement,1.1112697854710234,3.804768867335492
648,Combined,1.7270459438558845,-0.0
649,Uniform,0.0,25.777784961322755
649,Screened,0.3217039814182385,-0.0
649,Yield per roof,0.8587871506223266,7.993292468350028
649,Procurement,0.9509896068115182,18.4398797687855
649,Combined,1.2733855804519931,-0.0
650,Uniform,0.0,16.97107151086145
650,Screened,0.390195179096878,-0.0
650,Yield per roof,1.0051210251554323,3.4277066436956
650,Procurement,0.9188150820464712,10.853125664897886
650,Combined,1.3086714485032758,-0.0
651,Uniform,0.0,23.754094496537338
651,Screened,0.3073156425275982,-0.0
651,Yield per roof,0.8079839088234593,7.2617176482511585
651,Procurement,1.0904418225920551,15.313330669461992
651,Combined,1.4003220755571135,-0.0
652,Uniform,-7.105427357601002e-15,31.43769965884992
652,Screened,0.3754561437030617,1.6061487400881704
652,Yield per roof,0.975847233945963,12.380700671518474
652,Procurement,0.9091543922770882,23.19493113030121
652,Combined,1.2855280623325385,-0.0
653,Uniform,0.0,21.71747083308764
653,Screened,0.3176994518612943,-0.0
653,Yield per roof,0.8354391465141902,6.240685345561719
653,Procurement,0.9339970457226484,14.518679549704556
653,Combined,1.2510643054786,-0.0
654,Uniform,0.0,4.732183611730284
654,Screened,0.8095374382016587,-0.0
654,Yield per roof,1.931867466831477,-0.0
654,Procurement,0.8069955597565297,3.2071286098031755
654,Combined,1.6183330735962898,-0.0
655,Uniform,-1.4210854715202004e-14,3.5409111876003467
655,Screened,0.7333501687723611,-0.0
655,Yield per roof,1.7721004029496754,-0.0
655,Procurement,1.0064838131870033,2.198400945619773
655,Combined,1.7407859875369809,-0.0
656,Uniform,0.0,13.796442602003468
656,Screened,0.6859534901836923,-0.0
656,Yield per roof,1.6683894341287695,0.9484971669015684
656,Procurement,0.850203774497416,9.29709995404319
656,Combined,1.5372132103700409,-0.0
657,Uniform,-7.105427357601002e-15,61.64849094147207
657,Screened,0.2559149580095834,30.44115854802732
657,Yield per roof,0.6474901384369005,43.33316736581944
657,Procurement,0.9829402735850225,35.0114077331984
657,Combined,1.238848518689366,11.186508765708338
658,Uniform,0.0,71.98656646728702
658,Screened,0.3051507283999299,35.170914992050825
658,Yield per roof,0.7689779956313672,50.47347018142284
658,Procurement,1.0007098808413062,44.88148948865943
658,Combined,1.306372056277482,15.560348087675068
659,Uniform,0.0,8.621916259252998
659,Screened,0.4261461264515702,-0.0
659,Yield per roof,1.1431293839362695,0.2026118920208284
659,Procurement,0.9959005746480472,4.200553217269162
659,Combined,1.4233587966336216,-0.0
660,Uniform,0.0,21.377210080755574
660,Screened,0.3376204372942908,-0.0
660,Yield per roof,0.8994765438693051,5.809452196613251
660,Procurement,0.9647382664002676,13.932955667926416
660,Combined,1.302464638303114,-0.0
661,Uniform,0.0,6.450038251860533
661,Screened,0.6403499484451487,-0.0
661,Yield per roof,1.618300445916475,-0.0
661,Procurement,1.0119488602928757,2.953632696548237
661,Combined,1.6553345843706353,-0.0
662,Uniform,-1.4210854715202004e-14,6.992018767479109
662,Screened,0.5446521072921655,-0.0
662,Yield per roof,1.333959602679812,-0.0
662,Procurement,0.8791257064024052,3.173252290852968
662,Combined,1.4250644546968658,-0.0
663,Uniform,-7.105427357601002e-15,19.274393543657528
663,Screened,0.2780370559348029,-0.0
663,Yield per roof,0.7084335302156575,5.596794533876596
663,Procurement,0.8762231282244883,12.528503747201905
663,Combined,1.160632483006573,-0.0
664,Uniform,0.0,16.754785713800214
664,Screened,0.4358592724292123,-0.0
664,Yield per roof,1.0208811201856776,3.537758820251571
664,Procurement,1.0192262112357042,10.29005101503477
664,Combined,1.4594265810838465,-0.0
665,Uniform,0.0,25.391757782634517
665,Screened,0.400797813541125,-0.0
665,Yield per roof,1.0390539977474873,7.11686385165844
665,Procurement,0.8434575086853542,18.894946298971934
665,Combined,1.243823482555527,-0.0
666,Uniform,0.0,4.242900988458706
666,Screened,0.7860380140818961,-0.0
666,Yield per roof,2.053503760196122,-0.0
666,Procurement,0.8839755124963062,3.003382633330458
666,Combined,1.6700755514017942,-0.0
667,Uniform,0.0,31.466873292084788
667,Screened,0.4177087286815606,0.9407402038473012
667,Yield per roof,0.992142086349972,11.685144668196562
667,Procurement,0.7620419482007463,24.87874946493001
667,Combined,1.1806926852250823,-0.0
668,Uniform,0.0,17.481346327044324
668,Screened,0.5947030726750739,-0.0
668,Yield per roof,1.5114402101912674,1.968525537828906
668,Procurement,1.148695191917696,10.821362918387836
668,Combined,1.7475603606040977,-0.0
669,Uniform,0.0,5.803060198029513
669,Screened,0.6385474331242591,-0.0
669,Yield per roof,1.6321505124290496,-0.0
669,Procurement,0.9218858074256816,2.858241361417486
669,Combined,1.560006058186218,-0.0
670,Uniform,0.0,11.802506156458271
670,Screened,0.3792650877593644,-0.0
670,Yield per roof,1.00788689007301,1.2990866442982916
670,Procurement,0.9323989330513314,6.747677040860224
670,Combined,1.3183110902381827,-0.0
671,Uniform,-1.4210854715202004e-14,14.113953437120706
671,Screened,0.5843542807883608,-0.0
671,Yield per roof,1.4144997730624311,1.3541751138533775
671,Procurement,0.9859192872678336,8.639460944481831
671,Combined,1.5710448352568278,-0.0
672,Uniform,0.0,64.05746419246596
672,Screened,0.2041835710126278,35.1101198529563
672,Yield per roof,0.5087557224784263,47.99623191923796
672,Procurement,0.9379832211402146,38.44389372703851
672,Combined,1.1430405021518588,16.56782310263974
673,Uniform,0.0,16.625201445935655
673,Screened,0.5957724731571261,-0.0
673,Yield per roof,1.5233614645485574,1.7678094933556536
673,Procurement,1.0668310586031993,10.526426266731114
673,Combined,1.6647539111825012,-0.0
674,Uniform,0.0,15.422768205054622
674,Screened,0.3933643782603155,-0.0
674,Yield per roof,1.0503489424335797,2.419941426487474
674,Procurement,0.8689695365809698,10.181058322418457
674,Combined,1.2621836237263508,-0.0
675,Uniform,0.0,6.535947526031393
675,Screened,0.4923441331940665,-0.0
675,Yield per roof,1.246033535706232,-0.0
675,Procurement,0.8653551947930254,2.778323968585793
675,Combined,1.359915172494297,-0.0
676,Uniform,1.4210854715202004e-14,11.481958214145909
676,Screened,0.7217374405708483,-0.0
676,Yield per roof,1.762041342713573,0.1615065203940727
676,Procurement,0.847093562997614,7.760085873688835
676,Combined,1.569098913157973,-0.0
677,Uniform,0.0,44.37099127190501
677,Screened,0.3259174736456884,12.24851394990054
677,Yield per roof,0.8876187156845532,25.356025045997185
677,Procurement,1.0932936092397298,24.3346682543768
677,Combined,1.4221072524451444,-0.0
678,Uniform,0.0,15.258238816226788
678,Screened,0.4652968630038714,-0.0
678,Yield per roof,1.1958677797279478,1.903814638855184
678,Procurement,1.0800842932488592,8.868741584660025
678,Combined,1.5457520859457503,-0.0
679,Uniform,0.0,60.66110980468632
679,Screened,0.3134471656933471,26.398012327678543
679,Yield per roof,0.808901554042194,40.07873332990093
679,Procurement,0.9432044099130296,35.06194312633888
679,Combined,1.257003492153558,7.89207983160744
680,Uniform,0.0,33.36478484007489
680,Screened,0.5081892976335354,-0.0
680,Yield per roof,1.255897360982999,10.06531276516736
680,Procurement,0.8334804480971059,27.00725545262739
680,Combined,1.3419645920003092,-0.0
681,Uniform,0.0,5.879572887066196
681,Screened,0.9391620828301654,-0.0
681,Yield per roof,2.2383196561658565,-0.0
681,Procurement,0.9017833650648585,3.8333148832219672
681,Combined,1.8416666763064315,-0.0
682,Uniform,0.0,20.366661930093365
682,Screened,0.4756122673736627,-0.0
682,Yield per roof,1.2337765693590654,3.902632675598799
682,Procurement,1.1925943986831695,12.944465890222135
682,Combined,1.673655824570602,-0.0
683,Uniform,0.0,90.2045941907986
683,Screened,0.340941205366839,45.80927970939552
683,Yield per roof,0.9098437725809276,64.35824765807034
683,Procurement,0.7917241868870022,68.57237415016355
683,Combined,1.1340073252645482,30.134454893317688
684,Uniform,0.0,20.41925520463965
684,Screened,0.5425150429683043,-0.0
684,Yield per roof,1.3746484753910266,3.4715229890364467
684,Procurement,1.0034624203777298,14.460943209110544
684,Combined,1.546545372648069,-0.0
685,Uniform,0.0,2.965801178632146
685,Screened,1.053901413735332,-0.0
685,Yield per roof,2.5512149516091824,-0.0
685,Procurement,0.7833616527082938,1.9145228605737192
685,Combined,1.842717553561272,-0.0
686,Uniform,0.0,6.663692809220823
686,Screened,0.7294531447402477,-0.0
686,Yield per roof,1.803533637840033,-0.0
686,Procurement,0.8485517870364419,3.5868014284601544
686,Combined,1.5832672283080171,-0.0
687,Uniform,0.0,4.117504917219238
687,Screened,0.8412243787307148,-0.0
687,Yield per roof,2.0354141412090314,-0.0
687,Procurement,0.9328783130864622,2.8683322260600974
687,Combined,1.7778958527140958,-0.0
688,Uniform,0.0,15.324937975503026
688,Screened,0.4561306118668256,-0.0
688,Yield per roof,1.2108092400329156,1.8693841786323029
688,Procurement,1.0116496093317693,9.349273956483456
688,Combined,1.468224642636443,-0.0
689,Uniform,0.0,11.029514329114438
689,Screened,0.5452108092560195,-0.0
689,Yield per roof,1.3656919571715207,0.578527135257498
689,Procurement,0.9507754242335836,6.412788269701084
689,Combined,1.4963114453913846,-0.0
690,Uniform,0.0,106.51783832632805
690,Screened,0.3088357924763585,60.792064881153934
690,Yield per roof,0.7524461462986949,81.10347184779434
690,Procurement,0.98262300652501,79.82738636964868
690,Combined,1.2922013687761762,41.46012878604081
691,Uniform,0.0,108.14294065115674
691,Screened,0.2241375245613284,65.37962739725837
691,Yield per roof,0.5772354907433268,85.64616235554513
691,Procurement,1.1548096768159937,76.37243488762536
691,Combined,1.380832910898775,42.325465618908176
692,Uniform,0.0,1.7512737002253749
692,Screened,0.7298077199170052,-0.0
692,Yield per roof,1.8255604127816407,-0.0
692,Procurement,0.8440861374400868,0.6148910779967797
692,Combined,1.574985159106447,-0.0
693,Uniform,0.0,20.377744533139385
693,Screened,0.2647780815460976,-0.0
693,Yield per roof,0.6261822848071859,6.482023084837884
693,Procurement,0.8750338867835623,13.641466204335776
693,Combined,1.1493216437757496,-0.0
694,Uniform,0.0,2.790455012198919
694,Screened,0.5617232883782748,-0.0
694,Yield per roof,1.4713862172695116,-0.0
694,Procurement,0.974511505423493,1.4836784987347442
694,Combined,1.5435886094375917,-0.0
695,Uniform,0.0,12.74082486019731
695,Screened,0.3864645834482942,-0.0
695,Yield per roof,1.0039712391601014,1.6482830965147823
695,Procurement,0.9182553423453824,7.324132523344814
695,Combined,1.3041839446439454,-0.0
696,Uniform,0.0,15.066684590848052
696,Screened,0.4167764665265139,-0.0
696,Yield per roof,1.0496534677184854,2.4724353785339344
696,Procurement,0.8590109622165158,9.901920517877064
696,Combined,1.2764176987257656,-0.0
697,Uniform,0.0,9.782711565602984
697,Screened,0.4876528693506827,-0.0
697,Yield per roof,1.2263216075223229,0.4428424173463723
697,Procurement,0.9609995473866064,5.2258966323903575
697,Combined,1.4481238619502932,-0.0
698,Uniform,0.0,38.26466543299135
698,Screened,0.342900772158984,7.621211463131315
698,Yield per roof,0.8964020409194831,19.052872919168003
698,Procurement,1.1001078069593504,22.65413455840931
698,Combined,1.44417083887722,-0.0
699,Uniform,0.0,80.08516306242123
699,Screened,0.3871488056030117,36.61716336288512
699,Yield per roof,0.9487932574978756,55.37755509362848
699,Procurement,1.121638980970431,50.26431135353034
699,Combined,1.511170269010421,15.023085827058445
700,Uniform,0.0,86.44290152468953
700,Screened,0.3850858943966599,41.480343296438114
700,Yield per roof,0.9457190305095508,60.69753551181437
700,Procurement,1.1172122623740748,56.20176793137181
700,Combined,1.5041894945722234,19.54818192368065
701,Uniform,0.0,18.383792598438397
701,Screened,0.6381567101091434,-0.0
701,Yield per roof,1.5523296913427913,2.420404544387087
701,Procurement,1.142872295038572,11.763924868591038
701,Combined,1.7833330727653305,-0.0
702,Uniform,0.0,23.47451673656453
702,Screened,0.3217664469655545,-0.0
702,Yield per roof,0.8195145731607525,7.132261763297849
702,Procurement,0.8837378153461657,16.665136187931573
702,Combined,1.2093288625889542,-0.0
703,Uniform,0.0,40.349527113209405
703,Screened,0.2798380673565148,13.199463842362848
703,Yield per roof,0.7297096292923371,23.530544470529367
703,Procurement,0.9942114308387816,19.79951226998588
703,Combined,1.274324674598219,-0.0
704,Uniform,0.0,5.362453696364831
704,Screened,0.4707458154931032,-0.0
704,Yield per roof,1.301841837537978,-0.0
704,Procurement,0.9627414716470212,2.1488921784612813
704,Combined,1.4333965930047157,-0.0
705,Uniform,0.0,13.028728513307414
705,Screened,0.5980024645116373,-0.0
705,Yield per roof,1.5132871025322885,0.8633245923265005
705,Procurement,0.7923001724411023,8.859439106216623
705,Combined,1.3920474122475213,-0.0
706,Uniform,0.0,13.557331713225466
706,Screened,0.5981249438870861,-0.0
706,Yield per roof,1.4799850169849833,1.132741104814512
706,Procurement,0.8567131968306114,8.78670936983176
706,Combined,1.4547809581419957,-0.0
707,Uniform,0.0,12.135572781058444
707,Screened,0.6817797512335915,-0.0
707,Yield per roof,1.6622304634556144,0.4437821334687944
707,Procurement,0.8368023674423029,8.148004629061491
707,Combined,1.5187802719514565,-0.0
708,Uniform,0.0,38.516678129626335
708,Screened,0.2611137235581466,13.411880930264989
708,Yield per roof,0.6414722634949754,23.400434292673985
708,Procurement,0.8579227210182268,18.80859355636976
708,Combined,1.1198391483056085,-0.0
709,Uniform,0.0,65.05376033575746
709,Screened,0.3026857918716743,29.57258810919348
709,Yield per roof,0.8194717692736404,43.53895894367961
709,Procurement,0.8936033171589912,40.96122941438869
709,Combined,1.196092590525744,12.155009421320642
710,Uniform,0.0,20.673027449156194
710,Screened,0.5468973245431101,-0.0
710,Yield per roof,1.348879225308707,3.80024840656263
710,Procurement,0.9795298586071794,14.521050221890976
710,Combined,1.529140467930418,-0.0
711,Uniform,0.0,7.073844358590271
711,Screened,0.484166163299065,-0.0
711,Yield per roof,1.1905388197543232,-0.0
711,Procurement,0.9021272755515496,3.1544842684624848
711,Combined,1.3891816006494082,-0.0
712,Uniform,0.0,12.30215450378984
712,Screened,0.6740166039865017,-0.0
712,Yield per roof,1.701491006882648,0.2797777174957057
712,Procurement,1.0090585888028727,7.828020704464594
712,Combined,1.6838739587741005,-0.0
713,Uniform,0.0,85.04536876943932
713,Screened,0.1629028155194163,51.76603053684343
713,Yield per roof,0.4360529598547771,67.30961333950007
713,Procurement,0.9237072963370494,59.83370760707747
713,Combined,1.0881599771329924,33.50277340214608
714,Uniform,0.0,20.27044837695298
714,Screened,0.7024997018271222,-0.0
714,Yield per roof,1.6867130572428124,2.811416732523932
714,Procurement,0.8486484589663092,15.254814116478697
714,Combined,1.5541068787542258,-0.0
715,Uniform,0.0,7.51514154282358
715,Screened,0.6482037196098673,-0.0
715,Yield per roof,1.5217362346307652,-0.0
715,Procurement,0.8649776079610945,3.759324140992073
715,Combined,1.5160854316855676,-0.0
716,Uniform,1.4210854715202004e-14,4.299818295247502
716,Screened,0.6835238629990528,-0.0
716,Yield per roof,1.7154105142711558,-0.0
716,Procurement,0.8470847408033535,2.65391646401266
716,Combined,1.532356118447808,-0.0
717,Uniform,0.0,13.538406256099922
717,Screened,0.4432093616965602,-0.0
717,Yield per roof,1.1412521381714384,1.6126503167136998
717,Procurement,1.0014352076746746,7.713822468010207
717,Combined,1.4455416386436752,-0.0
718,Uniform,0.0,8.305821162609321
718,Screened,0.6484257730295013,-0.0
718,Yield per roof,1.7046018182573448,-0.0
718,Procurement,0.7950393637170379,4.852989519584266
718,Combined,1.4446410657540127,-0.0
719,Uniform,0.0,19.964366530115814
719,Screened,0.2827642951133029,-0.0
719,Yield per roof,0.7717706550036212,5.613873124463814
719,Procurement,0.8808578034154806,13.181880970838671
719,Combined,1.1660607609006917,-0.0
720,Uniform,0.0,28.524103611793663
720,Screened,0.5075068291310174,-0.0
720,Yield per roof,1.2210158691251252,7.964505296117527
720,Procurement,0.98107332292048,21.072615306348894
720,Combined,1.4901173600616744,-0.0
721,Uniform,-3.552713678800501e-15,73.7562005104383
721,Screened,0.1982765867154263,41.45915496314687
721,Yield per roof,0.521492099633651,56.45924446882936
721,Procurement,1.0339200808580458,45.4203973091826
721,Combined,1.2345181023884315,20.900373264108477
722,Uniform,0.0,60.00658948247597
722,Screened,0.3025988932707335,26.41528994020305
722,Yield per roof,0.8016374465756755,39.27823371907121
722,Procurement,0.8635272169112511,36.58157597107755
722,Combined,1.1654505173022685,9.504563073820153
723,Uniform,0.0,8.623684127004267
723,Screened,0.6679074282268829,-0.0
723,Yield per roof,1.700216697753575,-0.0
723,Procurement,0.9259268251328904,4.601314230962113
723,Combined,1.5971541537197282,-0.0
724,Uniform,0.0,57.91845627004216
724,Screened,0.2266070742124526,28.260922180688443
724,Yield per roof,0.6302954437970953,40.36341110889339
724,Procurement,0.9423002370610832,32.209247993056145
724,Combined,1.1690130722821834,9.669674847050947
725,Uniform,0.0,25.606925212754582
725,Screened,0.4046362728967807,-0.0
725,Yield per roof,1.062455197845253,7.07557862279784
725,Procurement,0.9647752081345118,18.15702943760996
725,Combined,1.370503920055171,-0.0
726,Uniform,0.0,16.27746250608933
726,Screened,0.5671282501044033,-0.0
726,Yield per roof,1.4346305819923089,1.8506494822664736
726,Procurement,0.962300963604676,10.592235841066556
726,Combined,1.5298730277252304,-0.0
727,Uniform,0.0,77.51073531519188
727,Screened,0.3308092691023176,37.36028797049919
727,Yield per roof,0.868324909046045,53.75796087602588
727,Procurement,0.9346464875505518,52.117306601272254
727,Combined,1.2658922951825031,18.97602428123804
728,Uniform,0.0,21.61117349787041
728,Screened,0.3008759975964423,-0.0
728,Yield per roof,0.7476253407458557,6.724668294994063
728,Procurement,0.950596652254525,14.275102211223828
728,Combined,1.2512266389724471,-0.0
729,Uniform,0.0,19.326587700362783
729,Screened,0.4249625021207066,-0.0
729,Yield per roof,1.0345340071121996,4.443935235673241
729,Procurement,1.0832506052573765,11.804380797374687
729,Combined,1.5088747996506695,-0.0
730,Uniform,0.0,13.201376156307646
730,Screened,0.4909901477815168,-0.0
730,Yield per roof,1.2236251796875734,1.4299535746011256
730,Procurement,1.0238469784094375,7.459497825640111
730,Combined,1.5152667930235708,-0.0
731,Uniform,0.0,14.26284415001253
731,Screened,0.4301714009948085,-0.0
731,Yield per roof,1.1220238100901838,1.8512005145812584
731,Procurement,0.8887349208030884,9.016385191436202
731,Combined,1.3212474828733605,-0.0
732,Uniform,0.0,14.616899588806556
732,Screened,0.5016790437603191,-0.0
732,Yield per roof,1.3012884994581668,1.5958535743554203
732,Procurement,0.972168296406636,8.944737322738812
732,Combined,1.475073776778018,-0.0
733,Uniform,-1.4210854715202004e-14,14.581006638219057
733,Screened,0.7406712927978418,-0.0
733,Yield per roof,1.7769491098253098,1.0116934914120543
733,Procurement,1.0616232092056208,9.245961768711105
733,Combined,1.8066213894580017,-0.0
734,Uniform,0.0,18.177358274572263
734,Screened,0.4465453650188777,-0.0
734,Yield per roof,1.0982200322960691,3.626496845022265
734,Procurement,1.3080535490990002,9.979344934820729
734,Combined,1.7582443040847835,-0.0
735,Uniform,-7.105427357601002e-15,19.85555102199169
735,Screened,0.3472212136095578,-0.0
735,Yield per roof,0.8842031160181207,5.289488447451093
735,Procurement,0.970108934217528,12.39355978048736
735,Combined,1.318054533498092,-0.0
736,Uniform,0.0,29.90385591977044
736,Screened,0.4372327417598711,-0.0
736,Yield per roof,1.0738798142140809,9.187237424358882
736,Procurement,0.887922104491139,23.049698393698
736,Combined,1.326444707764935,-0.0
737,Uniform,0.0,44.55921002408938
737,Screened,0.1715833636619592,20.425303397816943
737,Yield per roof,0.4423044505081748,33.074036269566136
737,Procurement,0.8595898310143362,21.291661676918743
737,Combined,1.038913781581087,3.471003238929436
738,Uniform,0.0,3.315003423372607
738,Screened,0.7448759711558921,-0.0
738,Yield per roof,1.817312306037465,-0.0
738,Procurement,0.9564851997108974,2.03081531951804
738,Combined,1.7029440933620492,-0.0
739,Uniform,0.0,30.841322719295636
739,Screened,0.4198460686936016,-0.0
739,Yield per roof,1.1082546954073678,9.1973391342834
739,Procurement,0.9219888243313648,23.77640375573814
739,Combined,1.3419010982863997,-0.0
740,Uniform,0.0,43.00081171075541
740,Screened,0.3626333200574336,9.855705925409218
740,Yield per roof,0.903577043754744,24.36667828515009
740,Procurement,0.9424957283273444,26.79424066408753
740,Combined,1.3115668776377165,-0.0
741,Uniform,0.0,23.98102102202148
741,Screened,0.3896651324086662,-0.0
741,Yield per roof,0.9787026113421576,6.8352038026300965
741,Procurement,0.950290249508292,16.64973983615948
741,Combined,1.3401552692322127,-0.0
742,Uniform,0.0,18.18221151387429
742,Screened,0.4302775327411723,-0.0
742,Yield per roof,0.9909623044388524,4.3349463505504255
742,Procurement,1.0090923870221644,11.491423600572
742,Combined,1.4474870532969817,-0.0
743,Uniform,0.0,64.52955091062421
743,Screened,0.2617209065709289,32.143552237175776
743,Yield per roof,0.6596743490365782,46.02875470242778
743,Procurement,1.0173201732092352,36.66065098830138
743,Combined,1.2800810308254071,11.95260781339776
744,Uniform,1.4210854715202004e-14,4.122768467792687
744,Screened,0.5523794109831641,-0.0
744,Yield per roof,1.505362690773751,-0.0
744,Procurement,0.9158141230345932,2.1400405874182318
744,Combined,1.4688360568927408,-0.0
745,Uniform,0.0,24.022643851479472
745,Screened,0.4654572501836469,-0.0
745,Yield per roof,1.2370890517082105,5.556654890590038
745,Procurement,0.8047580445600317,17.84358308174832
745,Combined,1.273090422413901,-0.0
746,Uniform,-2.8421709430404014e-14,3.553040704983468
746,Screened,1.079076980489134,-0.0
746,Yield per roof,2.5554784572946403,-0.0
746,Procurement,0.918193674802751,2.325777155213675
746,Combined,2.001653630762604,-0.0
747,Uniform,0.0,17.211604294324673
747,Screened,0.534685944343849,-0.0
747,Yield per roof,1.393674431071105,2.1717988894742617
747,Procurement,0.9073971787896083,11.84996185486766
747,Combined,1.4426372141377186,-0.0
748,Uniform,0.0,75.2796913225674
748,Screened,0.2316784112191356,41.339562594661416
748,Yield per roof,0.5958788094570338,56.36004288819596
748,Procurement,1.0803982185873977,45.81107939524681
748,Combined,1.313030928396287,19.98819901698263
749,Uniform,0.0,14.455048763477722
749,Screened,0.4128690268364181,-0.0
749,Yield per roof,1.0090746020381118,2.419672556839715
749,Procurement,0.9243416159445416,8.941634990694203
749,Combined,1.338637241669332,-0.0
750,Uniform,-7.105427357601002e-15,20.878309845448012
750,Screened,0.3352916554464826,-0.0
750,Yield per roof,0.8264970372802978,5.975824678119461
750,Procurement,1.0061575557585627,13.110469879701933
750,Combined,1.3454477994811995,-0.0
751,Uniform,0.0,21.277632468970037
751,Screened,0.3549125668053321,-0.0
751,Yield per roof,0.9219914245853502,5.712411172850701
751,Procurement,0.9426628222665984,14.017770304227422
751,Combined,1.2972921462081857,-0.0
752,Uniform,0.0,24.4970662615492
752,Screened,0.4343934340450914,-0.0
752,Yield per roof,1.121377368013171,6.336192788387237
752,Procurement,1.0674364976215145,16.34826176860822
752,Combined,1.502656159233524,-0.0
753,Uniform,0.0,17.218905244157916
753,Screened,0.5728963046029776,-0.0
753,Yield per roof,1.446481321698485,2.179100301014432
753,Procurement,0.9042401356526568,11.94189561483907
753,Combined,1.4773601853728024,-0.0
754,Uniform,0.0,21.26607058873521
754,Screened,0.4500477420724991,-0.0
754,Yield per roof,1.1236155793513944,5.021544435904835
754,Procurement,0.9437026243649028,14.39640754293218
754,Combined,1.3941290120155545,-0.0
755,Uniform,0.0,82.33096664243783
755,Screened,0.2278991313474634,45.78359598613231
755,Yield per roof,0.5267591076043203,65.32198039566316
755,Procurement,1.1521815445721657,50.625418674334846
755,Combined,1.3888636430950498,22.63313853513519
756,Uniform,0.0,4.194161373348089
756,Screened,0.5459339105625531,-0.0
756,Yield per roof,1.4171954568087557,-0.0
756,Procurement,0.92962713969834,2.052692986312502
756,Combined,1.4759505592494833,-0.0
757,Uniform,0.0,18.8492997627782
757,Screened,0.5248042238323904,-0.0
757,Yield per roof,1.3041434630936948,3.0892110802553505
757,Procurement,1.105703369677684,12.23422175352317
757,Combined,1.631794662247401,-0.0
758,Uniform,0.0,21.12962550686966
758,Screened,0.3954253604457562,-0.0
758,Yield per roof,0.992278078931129,5.4783595111936405
758,Procurement,0.9201040057547588,14.03628348724617
758,Combined,1.3162728785448363,-0.0
759,Uniform,0.0,16.67588740075011
759,Screened,0.525296874953213,-0.0
759,Yield per roof,1.3830843930068966,2.000499901646493
759,Procurement,0.9232029363406014,11.21927101122383
759,Combined,1.4499527085269364,-0.0
760,Uniform,1.4210854715202004e-14,15.221709362583171
760,Screened,0.5773561636277975,-0.0
760,Yield per roof,1.4625329460263572,1.5163665423446169
760,Procurement,0.8660526575057474,10.108341994541805
760,Combined,1.4435857956176363,-0.0
761,Uniform,0.0,3.986807207231406
761,Screened,0.7895889589143508,-0.0
761,Yield per roof,1.9297588405750328,-0.0
761,Procurement,0.87361166907354,2.813926308680951
761,Combined,1.6640819114566625,-0.0
762,Uniform,0.0,13.456952114099682
762,Screened,0.4216293912208328,-0.0
762,Yield per roof,1.0995793522384505,1.6743468410693236
762,Procurement,0.9184575288883964,8.033039248163412
762,Combined,1.3405578745884128,-0.0
763,Uniform,3.552713678800501e-15,64.21773125794245
763,Screened,0.1794590062114487,36.01226486395893
763,Yield per roof,0.47827061304503,48.42043133107691
763,Procurement,0.9166330655198928,39.20451442737741
763,Combined,1.0967118778217395,17.912132348658147
764,Uniform,0.0,17.009990310454373
764,Screened,0.3869128740506156,-0.0
764,Yield per roof,0.9614305657317316,3.730595401589114
764,Procurement,0.9860885675857248,10.339552343791656
764,Combined,1.3733139595581108,-0.0
765,Uniform,0.0,8.332225109651851
765,Screened,0.4427791176076141,-0.0
765,Yield per roof,1.1675918867916693,0.0736894919045887
765,Procurement,0.8430032978994859,4.672403440571549
765,Combined,1.2873092466416125,-0.0
766,Uniform,-1.4210854715202004e-14,4.362482605349548
766,Screened,0.5820258327133985,-0.0
766,Yield per roof,1.589028161512786,-0.0
766,Procurement,0.9780324741348068,2.238438414653
766,Combined,1.5599610297576163,-0.0
767,Uniform,0.0,11.237115505417828
767,Screened,0.4455104241449561,-0.0
767,Yield per roof,1.111094335286623,1.1435475141908595
767,Procurement,0.8844863376213254,6.373371846132247
767,Combined,1.3309428591595207,-0.0
768,Uniform,0.0,5.563476469470524
768,Screened,0.7570558526249442,-0.0
768,Yield per roof,1.9568655498470375,-0.0
768,Procurement,0.7923641789797671,3.442800209619274
768,Combined,1.551588208228452,-0.0
769,Uniform,0.0,11.816100874210363
769,Screened,0.5296777615292427,-0.0
769,Yield per roof,1.381873550742057,0.5797663693876847
769,Procurement,1.0211930600843857,6.938972955577355
769,Combined,1.55122912916093,-0.0
770,Uniform,0.0,9.030841432476125
770,Screened,0.485671276907496,-0.0
770,Yield per roof,1.2532284258708586,0.1467687243018909
770,Procurement,1.0381635001819376,4.518222706978405
770,Combined,1.5267628768902597,-0.0
771,Uniform,-1.4210854715202004e-14,3.7472309806540074
771,Screened,0.6952102031970497,-0.0
771,Yield per roof,1.6860142854197449,-0.0
771,Procurement,1.0400751425707,2.1937457893071306
771,Combined,1.735603692877362,-0.0
772,Uniform,0.0,31.53645224084562
772,Screened,0.3089004296321462,4.84047845479041
772,Yield per roof,0.7909683628242732,15.936614481692391
772,Procurement,1.1835080944625034,18.182021194316462
772,Combined,1.4957014030565077,-0.0
773,Uniform,0.0,11.571055826797547
773,Screened,0.7130727446655101,-0.0
773,Yield per roof,1.7165884270584968,0.2089381606264411
773,Procurement,0.8990318448985875,7.665342473231384
773,Combined,1.6229988199655168,-0.0
774,Uniform,0.0,8.515173004464122
774,Screened,0.6786112105185396,-0.0
774,Yield per roof,1.6234549925889183,-0.0
774,Procurement,0.9916546868796844,4.201470295379571
774,Combined,1.67091851851265,-0.0
775,Uniform,0.0,21.201782381168467
775,Screened,0.7172910747050736,-0.0
775,Yield per roof,1.679621351254923,3.212101343334259
775,Procurement,0.91155821434441,15.935320710278516
775,Combined,1.6303086977338808,-0.0
776,Uniform,0.0,22.911943194414487
776,Screened,0.3804566395316016,-0.0
776,Yield per roof,0.9077199711413684,6.702787000143983
776,Procurement,0.8643941166257321,16.254730240286598
776,Combined,1.2468566623915294,-0.0
777,Uniform,0.0,19.16244494760596
777,Screened,0.3235554391108337,-0.0
777,Yield per roof,0.8278973040409667,5.158177347671579
777,Procurement,0.9044611525927948,12.192067171387627
777,Combined,1.2286737933513052,-0.0
778,Uniform,1.4210854715202004e-14,19.47349020635313
778,Screened,0.565442230561132,-0.0
778,Yield per roof,1.3950546466941771,2.9808174183795813
778,Procurement,1.017492949940646,13.457970969437062
778,Combined,1.5839631274206738,-0.0
779,Uniform,1.4210854715202004e-14,5.160444357153238
779,Screened,0.5763733003161207,-0.0
779,Yield per roof,1.4850521766546336,-0.0
779,Procurement,0.8970623569078526,2.5304506897524863
779,Combined,1.4754831705613043,-0.0
780,Uniform,1.4210854715202004e-14,9.28878937569379
780,Screened,0.5795551310264102,-0.0
780,Yield per roof,1.4540861626147858,-0.0
780,Procurement,0.8751154990826109,5.487343467614208
780,Combined,1.4559560870878414,-0.0
781,Uniform,1.4210854715202004e-14,7.51223929184073
781,Screened,0.6005923747735835,-0.0
781,Yield per roof,1.596771537684674,-0.0
781,Procurement,0.9814243881593824,3.2486825276855864
781,Combined,1.5836339067781466,-0.0
782,Uniform,0.0,7.108712908066222
782,Screened,0.6326812833272868,-0.0
782,Yield per roof,1.552691802821741,-0.0
782,Procurement,0.8449530182707576,3.439213806283768
782,Combined,1.478303398302529,-0.0
783,Uniform,0.0,7.479583543777333
783,Screened,0.8323249620681281,-0.0
783,Yield per roof,2.151121658092876,-0.0
783,Procurement,0.9435869140464774,4.044644334956192
783,Combined,1.77717926931237,-0.0
784,Uniform,0.0,17.12810198608073
784,Screened,0.4529190404046375,-0.0
784,Yield per roof,1.0652566227148696,3.4760932125856043
784,Procurement,0.878517532678373,11.568138825295955
784,Combined,1.3359909286279077,-0.0
785,Uniform,0.0,9.52090336035066
785,Screened,0.4583596913675762,-0.0
785,Yield per roof,1.1399621124557058,0.5818547528441986
785,Procurement,0.9574394249910796,4.865157832340264
785,Combined,1.4156012624388552,-0.0
786,Uniform,0.0,11.761320327068036
786,Screened,0.3849291422962437,-0.0
786,Yield per roof,0.985999757845704,1.4710180304055538
786,Procurement,0.9051344006525924,6.481761927320844
786,Combined,1.290908528605307,-0.0
787,Uniform,0.0,18.950422457834005
787,Screened,0.3136365986112892,-0.0
787,Yield per roof,0.8297280297180762,4.991532913317675
787,Procurement,0.9860671038219592,11.562528473007292
787,Combined,1.301506664722531,-0.0
788,Uniform,0.0,39.08406007367175
788,Screened,0.4129170959172938,5.883667508198809
788,Yield per roof,1.0421356132946755,17.319217388954133
788,Procurement,0.8220443290559061,27.09351552189699
788,Combined,1.234640401411376,-0.0
789,Uniform,-1.4210854715202004e-14,6.484853799130485
789,Screened,0.6853636706062787,-0.0
789,Yield per roof,1.719578688438972,-0.0
789,Procurement,1.1186786750221671,2.9236842811407526
789,Combined,1.8053322939631329,-0.0
790,Uniform,0.0,25.572993813434795
790,Screened,0.4753777372622494,-0.0
790,Yield per roof,1.2446766423009592,6.307041069563377
790,Procurement,0.7787777489896541,19.571498034882023
790,Combined,1.2551199362920045,-0.0
791,Uniform,0.0,16.863450859567877
791,Screened,0.4744293282162886,-0.0
791,Yield per roof,1.1744268720955944,2.784169708113491
791,Procurement,0.9928545042153728,10.99599789367582
791,Combined,1.471067108825821,-0.0
792,Uniform,0.0,6.996771137019526
792,Screened,0.4947519302848207,-0.0
792,Yield per roof,1.1771123530748326,-0.0
792,Procurement,0.9145785926611296,3.023652801929445
792,Combined,1.410864446171345,-0.0
793,Uniform,0.0,31.782679255201327
793,Screened,0.4916080794379525,-0.0
793,Yield per roof,1.23649948734284,9.256816145419734
793,Procurement,0.906869153669888,24.80008300596584
793,Combined,1.3991263287283289,-0.0
794,Uniform,0.0,6.529702603095176
794,Screened,0.4859255964637299,-0.0
794,Yield per roof,1.292759498080855,-0.0
794,Procurement,0.9448755156438438,2.576123692603637
794,Combined,1.4325213980716,-0.0
795,Uniform,0.0,17.049109240735973
795,Screened,0.5342842255130478,-0.0
795,Yield per roof,1.2814896526643338,2.453425913522284
795,Procurement,0.9908472106154704,11.188286967400437
795,Combined,1.5254344557818769,-0.0
796,Uniform,-7.105427357601002e-15,60.941920759483686
796,Screened,0.2827971154038735,28.19687452088684
796,Yield per roof,0.7220697657718347,41.59762261274327
796,Procurement,1.0043364908550032,33.493079288565575
796,Combined,1.2875636443363805,8.335644779609641
797,Uniform,-1.4210854715202004e-14,11.692106476325383
797,Screened,0.7565428618353138,-0.0
797,Yield per roof,1.8469542209045784,0.0523875470226741
797,Procurement,0.8579922140791325,8.021428803828865
797,Combined,1.6153847560156578,-0.0
798,Uniform,0.0,10.97637182195486
798,Screened,0.3954589393916876,-0.0
798,Yield per roof,1.0810562667778072,0.9037756170770652
798,Procurement,0.9745944476757558,5.93885515948849
798,Combined,1.3703413205142283,-0.0
799,Uniform,0.0,30.401646437074124
799,Screened,0.2650518541475222,5.746679121509941
799,Yield per roof,0.7488577823627054,14.72988197820596
799,Procurement,0.9576693393164248,17.581486508105275
799,Combined,1.2232738913078762,-0.0
800,Uniform,1.4210854715202004e-14,19.54326665318233
800,Screened,0.5966412148438991,-0.0
800,Yield per roof,1.4365158912096234,3.082239654624696
800,Procurement,0.878565642091047,14.348053661292044
800,Combined,1.479401648582467,-0.0
801,Uniform,0.0,12.813709114478296
801,Screened,0.5466030018362744,-0.0
801,Yield per roof,1.3594106347207884,1.1089954015217969
801,Procurement,0.9416402040239972,7.713235050310789
801,Combined,1.488025822877148,-0.0
802,Uniform,0.0,16.868506280874307
802,Screened,0.4280444431481101,-0.0
802,Yield per roof,1.1385115782420456,2.7190277576984845
802,Procurement,0.9608000710716312,11.033806981306682
802,Combined,1.3889371069185188,-0.0
803,Uniform,0.0,28.33746631796657
803,Screened,0.4157615718751657,-0.0
803,Yield per roof,1.0235832563906229,8.610923393844569
803,Procurement,0.9212206363925616,21.23835362592286
803,Combined,1.3369544434019218,-0.0
804,Uniform,0.0,16.57302372787209
804,Screened,0.4147866190291438,-0.0
804,Yield per roof,1.0800940691561038,2.850384613967049
804,Procurement,1.042186026771759,10.15787713003244
804,Combined,1.4576050857574216,-0.0
805,Uniform,0.0,16.162961429974615
805,Screened,0.4041752000824061,-0.0
805,Yield per roof,0.9612283153723382,3.4029165126823915
805,Procurement,0.8897103935676682,10.536292994327258
805,Combined,1.2995647533869883,-0.0
806,Uniform,0.0,1.971267098268609
806,Screened,0.6341404914740281,-0.0
806,Yield per roof,1.618374598095656,-0.0
806,Procurement,0.8590883874926618,0.8150715408386205
806,Combined,1.494409143812419,-0.0
807,Uniform,0.0,6.51137672801116
807,Screened,0.4955986156553251,-0.0
807,Yield per roof,1.271743020249218,-0.0
807,Procurement,0.9185928539274926,2.5631359697851237
807,Combined,1.4137467654469589,-0.0
808,Uniform,-1.4210854715202004e-14,4.004128805671663
808,Screened,0.6627437330417081,-0.0
808,Yield per roof,1.6620447166682624,-0.0
808,Procurement,1.0988189184281367,2.1111519536857664
808,Combined,1.7625013619885408,-0.0
809,Uniform,0.0,32.25481863817478
809,Screened,0.4096001200751402,-0.0
809,Yield per roof,1.039551674313941,10.238783554922827
809,Procurement,0.8543876364977621,25.66298898454616
809,Combined,1.2696632565415769,-0.0
810,Uniform,0.0,6.473672045152843
810,Screened,0.6656937685930018,-0.0
810,Yield per roof,1.7110125048485685,-0.0
810,Procurement,1.109456064107846,2.952177657686739
810,Combined,1.7780190305276165,-0.0
811,Uniform,0.0,25.615223586885747
811,Screened,0.5392435509026541,-0.0
811,Yield per roof,1.33810562819869,6.129254356737097
811,Procurement,0.906718859911564,18.86336235474396
811,Combined,1.4524465852206987,-0.0
812,Uniform,0.0,16.52963200138155
812,Screened,0.4398228612899117,-0.0
812,Yield per roof,1.1195908767478358,2.7965594787185752
812,Procurement,0.97698742364571,10.707501429468124
812,Combined,1.4195488590929273,-0.0
813,Uniform,0.0,8.192208546754857
813,Screened,0.7405082620219332,-0.0
813,Yield per roof,1.8477230101789104,-0.0
813,Procurement,0.8485304919606307,4.506209893982066
813,Combined,1.5911147139265296,-0.0
814,Uniform,0.0,60.621401881157496
814,Screened,0.296710530536437,26.935695790606257
814,Yield per roof,0.7902953824589076,40.50018197499873
814,Procurement,0.879281290340181,36.69992143974028
814,Combined,1.176441768822002,9.642851284291371
815,Uniform,0.0,13.867090309631548
815,Screened,0.6018240258484582,-0.0
815,Yield per roof,1.436412676478696,1.2788631016726373
815,Procurement,1.1405731210132617,7.813595684402817
815,Combined,1.7438480820497944,-0.0
816,Uniform,0.0,14.898017025915076
816,Screened,0.8672130858111871,-0.0
816,Yield per roof,2.145236328211979,0.3495815040753302
816,Procurement,1.0684856432803542,10.34774829441
816,Combined,1.938426736817263,-0.0
817,Uniform,0.0,72.37893027237895
817,Screened,0.2858378612346328,37.26398072119587
817,Yield per roof,0.7106572781095792,51.68283607478672
817,Procurement,0.8885230505796144,48.14580081089591
817,Combined,1.173937040474506,19.751410034827607
818,Uniform,0.0,26.28252709082305
818,Screened,0.501819957339535,-0.0
818,Yield per roof,1.244000347885148,6.675726212796727
818,Procurement,1.1336597396902306,17.60876595925256
818,Combined,1.6380694420475947,-0.0
819,Uniform,0.0,95.63061068941349
819,Screened,0.2997615093123826,52.95540866208166
819,Yield per roof,0.7096893447008839,72.45380030048457
819,Procurement,1.2071054843105102,62.87611257810328
819,Combined,1.5092549503842747,29.19261935187351
820,Uniform,0.0,19.51289876080511
820,Screened,0.3454153670471882,-0.0
820,Yield per roof,0.9358009831962448,4.7279207936458185
820,Procurement,1.027880459471703,12.014825522766143
820,Combined,1.3735303503189795,-0.0
821,Uniform,0.0,17.303279454997483
821,Screened,0.3691236675736462,-0.0
821,Yield per roof,0.9980844189213228,3.4531896348873
821,Procurement,0.9486244552177538,11.20995891920844
821,Combined,1.321752052725742,-0.0
822,Uniform,0.0,25.30745888986722
822,Screened,0.5745381763630064,-0.0
822,Yield per roof,1.4385653346495817,5.4505399564881225
822,Procurement,1.100880280437238,17.724563172033537
822,Combined,1.6787644286955017,-0.0
823,Uniform,-7.105427357601002e-15,31.700621710820712
823,Screened,0.2849605697362989,5.891877845688025
823,Yield per roof,0.7854963217318698,15.12547204875465
823,Procurement,0.957271671711375,18.69738890607278
823,Combined,1.2426987210757972,-0.0
824,Uniform,1.4210854715202004e-14,9.498029057649903
824,Screened,0.6699154897726913,-0.0
824,Yield per roof,1.6817196776902392,-0.0
824,Procurement,0.9771379395729554,5.253032780586418
824,Combined,1.6516260899253157,-0.0
825,Uniform,0.0,22.873736486164663
825,Screened,0.4214573239771937,-0.0
825,Yield per roof,1.0241712006713186,6.219014057777324
825,Procurement,1.0379287710480725,14.857524158383857
825,Combined,1.4599734263812962,-0.0
826,Uniform,0.0,6.312914153358835
826,Screened,0.7238270183613054,-0.0
826,Yield per roof,1.78223518113154,-0.0
826,Procurement,0.8367217525689057,3.394062124416949
826,Combined,1.5626153016939668,-0.0
827,Uniform,0.0,65.41564030105282
827,Screened,0.2429422705016577,33.66610592349556
827,Yield per roof,0.6218577134413579,47.26608128857126
827,Procurement,1.0599748081762783,36.30869417337511
827,Combined,1.303588332953332,12.57920404002761
828,Uniform,0.0,8.173441383323606
828,Screened,0.654237683604137,-0.0
828,Yield per roof,1.5861118724986485,-0.0
828,Procurement,0.8679372265547585,4.404016282374123
828,Combined,1.5251367688089346,-0.0
829,Uniform,0.0,8.039906334389391
829,Screened,0.6374654218213465,-0.0
829,Yield per roof,1.604219492722052,-0.0
829,Procurement,0.9044239428562832,4.1103090746565885
829,Combined,1.5427608704477365,-0.0
830,Uniform,0.0,35.112094589992786
830,Screened,0.4634144831180009,1.3110901984899015
830,Yield per roof,1.1110706870817495,12.947919560390954
830,Procurement,0.8173929926423114,27.77740889005384
830,Combined,1.28080979555682,-0.0
831,Uniform,0.0,11.356844280544202
831,Screened,0.5355794223607688,-0.0
831,Yield per roof,1.3495843063676034,0.7349985174011081
831,Procurement,0.8204711478337572,7.216066625783347
831,Combined,1.358857142452763,-0.0
832,Uniform,0.0,19.308594961758168
832,Screened,0.4341707356281148,-0.0
832,Yield per roof,1.0878545399410768,4.239476008087337
832,Procurement,0.903481984747657,12.948740016911032
832,Combined,1.337402297658926,-0.0
833,Uniform,0.0,4.114035685889561
833,Screened,0.7074627736555499,-0.0
833,Yield per roof,1.838061051997656,-0.0
833,Procurement,0.8224184090468469,2.7663570192618057
833,Combined,1.530865678875628,-0.0
834,Uniform,0.0,67.68426538115162
834,Screened,0.2082334731011208,37.49451755668045
834,Yield per roof,0.530235402611563,50.51883723848381
834,Procurement,0.951407605587768,41.68700745866502
834,Combined,1.1595194983599164,18.69151736987958
835,Uniform,0.0,19.06385157206266
835,Screened,0.5468861019947582,-0.0
835,Yield per roof,1.4531100631188707,2.4620421183020755
835,Procurement,0.9446711367005208,13.49767112390068
835,Combined,1.4919545211674006,-0.0
836,Uniform,0.0,13.186602695610611
836,Screened,0.8418431948877299,-0.0
836,Yield per roof,1.962661036594,0.7107182689494167
836,Procurement,1.068211533145643,8.456435344106286
836,Combined,1.9130494845055352,-0.0
837,Uniform,0.0,13.009215018140916
837,Screened,0.7082814730196674,-0.0
837,Yield per roof,1.7109335109706194,0.5850334403444702
837,Procurement,1.074563187129769,8.031465073973957
837,Combined,1.784896968368372,-0.0
838,Uniform,0.0,10.464317361911684
838,Screened,0.579092781469825,-0.0
838,Yield per roof,1.4172367271547728,0.296187836515872
838,Procurement,1.155405356949302,5.313683004160767
838,Combined,1.736479420883299,-0.0
839,Uniform,0.0,28.734385176664343
839,Screened,0.4990865591405651,-0.0
839,Yield per roof,1.2479097702641866,7.822391802860117
839,Procurement,1.0108935816206497,20.912418630406908
839,Combined,1.5118242639785535,-0.0
840,Uniform,0.0,17.408827792673545
840,Screened,0.3774725389400117,-0.0
840,Yield per roof,0.9702484121228424,3.694719224390556
840,Procurement,0.9352909351196176,11.025270876848628
840,Combined,1.3121434950334745,-0.0
841,Uniform,0.0,32.670259170644414
841,Screened,0.2378750602816381,9.500824220834136
841,Yield per roof,0.6194409530464284,19.008428792752905
841,Procurement,0.9087044861506968,16.624586964480827
841,Combined,1.1487108050482036,-0.0
842,Uniform,0.0,3.3539865106008397
842,Screened,0.971640772355272,-0.0
842,Yield per roof,2.355301150102377,-0.0
842,Procurement,0.8242248464060822,2.259905625520125
842,Combined,1.795989695820225,-0.0
843,Uniform,0.0,23.34279458029394
843,Screened,0.3393045412923285,-0.0
843,Yield per roof,0.8374410020708538,7.111185207124287
843,Procurement,1.127599732345466,14.618275007418491
843,Combined,1.468405688994018,-0.0
844,Uniform,0.0,38.97166315898754
844,Screened,0.4834225321168333,2.571414916299678
844,Yield per roof,1.1710413039149472,15.67521049162435
844,Procurement,0.942427386465468,29.578495196243747
844,Combined,1.4265604655700344,-0.0
845,Uniform,0.0,6.829752646706799
845,Screened,1.029463050552522,-0.0
845,Yield per roof,2.4467775284065,-0.0
845,Procurement,0.8830449017536921,4.46053075214139
845,Combined,1.914363488515221,-0.0
846,Uniform,0.0,13.501549949960522
846,Screened,0.4704061945044486,-0.0
846,Yield per roof,1.2463454509955056,1.3615611022224898
846,Procurement,0.9657121478502688,8.078470468233384
846,Combined,1.437068877260316,-0.0
847,Uniform,0.0,11.61754803330678
847,Screened,0.5608871955660817,-0.0
847,Yield per roof,1.42958216712708,0.5437173280126023
847,Procurement,1.0358551763990107,6.710161127287154
847,Combined,1.5979551004234764,-0.0
848,Uniform,0.0,12.054082425228422
848,Screened,0.7071576673503159,-0.0
848,Yield per roof,1.6965600312737052,0.4515489982936932
848,Procurement,0.7269834554222427,8.614384300660186
848,Combined,1.437447650912702,-0.0
849,Uniform,0.0,7.05056533230995
849,Screened,0.5051867808452783,-0.0
849,Yield per roof,1.2730396571098623,-0.0
849,Procurement,0.9111968107737028,3.091262220032444
849,Combined,1.417747286851764,-0.0
850,Uniform,0.0,21.774788627126767
850,Screened,0.3501997485263644,-0.0
850,Yield per roof,0.937137000688196,5.734355270546842
850,Procurement,1.0795698745248146,13.483052918388935
850,Combined,1.4307579210164292,-0.0
851,Uniform,0.0,23.068098074761064
851,Screened,0.4051750134194094,-0.0
851,Yield per roof,1.0290828596368442,6.087797000028611
851,Procurement,0.9464026459855148,15.768938069778685
851,Combined,1.351381018946924,-0.0
852,Uniform,0.0,14.435993412668363
852,Screened,0.4989768541749839,-0.0
852,Yield per roof,1.22526691891251,1.8715240320115416
852,Procurement,1.0552726239650525,8.273529913189401
852,Combined,1.5546781057724104,-0.0
853,Uniform,0.0,8.321683003766257
853,Screened,0.6147293537329546,-0.0
853,Yield per roof,1.562022584147968,-0.0
853,Procurement,0.941066550545699,4.23456552320386
853,Combined,1.55916632743687,-0.0
854,Uniform,0.0,16.959730426763485
854,Screened,0.4298848769929009,-0.0
854,Yield per roof,1.147970060853254,2.6345363767105483
854,Procurement,0.933732079523125,11.30902161227843
854,Combined,1.3633250829603585,-0.0
855,Uniform,0.0,22.449473540368743
855,Screened,0.3126168906376847,-0.0
855,Yield per roof,0.7792140589792282,7.009973323853354
855,Procurement,0.929729446883087,15.281683537317884
855,Combined,1.2435325128973886,-0.0
856,Uniform,0.0,13.994473479750168
856,Screened,0.4671023212181353,-0.0
856,Yield per roof,1.1414614610374372,1.798961356806589
856,Procurement,0.9954179068210324,8.126529448231087
856,Combined,1.4628459964262106,-0.0
857,Uniform,0.0,36.77409809898776
857,Screened,0.4348631907996889,1.7143711943368132
857,Yield per roof,1.0864787691407545,17.376391494934783
857,Procurement,0.9408360326752074,28.926783495863397
857,Combined,1.3825724656132792,-0.0
858,Uniform,0.0,14.952027748446502
858,Screened,0.7083120702684766,-0.0
858,Yield per roof,1.6498908113486124,1.450378705288431
858,Procurement,0.9348115120864976,9.69176985888926
858,Combined,1.6463979629589005,-0.0
859,Uniform,0.0,64.05450618914477
859,Screened,0.3096564759237807,28.3477157712983
859,Yield per roof,0.834263902548777,42.53890530847865
859,Procurement,0.9017842035250468,39.577802949394325
859,Combined,1.2117604594264506,10.64948918361332
860,Uniform,0.0,4.221556911487252
860,Screened,0.6769747683313483,-0.0
860,Yield per roof,1.7119203378479997,-0.0
860,Procurement,0.9429838831910472,2.44356135961646
860,Combined,1.619935158329966,-0.0
861,Uniform,0.0,25.10249892540941
861,Screened,0.3635416956117083,-0.0
861,Yield per roof,0.9975264110411572,6.9854228272030285
861,Procurement,0.92956848047897,17.96869382416771
861,Combined,1.2928708080741202,-0.0
862,Uniform,0.0,15.799862008474308
862,Screened,0.5605214376926,-0.0
862,Yield per roof,1.4234233263249934,1.7570475207029863
862,Procurement,0.8553662494324215,10.759185863434752
862,Combined,1.4159580746736538,-0.0
863,Uniform,1.4210854715202004e-14,7.27924533212145
863,Screened,0.6342108965835109,-0.0
863,Yield per roof,1.5306852358203002,-0.0
863,Procurement,0.9549314354653972,3.155596946312531
863,Combined,1.589258861690439,-0.0
864,Uniform,0.0,55.07373756433362
864,Screened,0.1985833646427437,27.299892606381
864,Yield per roof,0.5107726307738503,40.47476736795647
864,Procurement,0.8673930808747699,31.468733520638303
864,Combined,1.071267950899596,10.128880278739924
865,Uniform,0.0,52.14775826548666
865,Screened,0.3483718681636816,18.804746278241883
865,Yield per roof,0.8550135644032935,31.82866579188228
865,Procurement,0.9996711649414536,26.11381555447053
865,Combined,1.3485460201850683,-0.0
866,Uniform,0.0,12.848093711741576
866,Screened,0.5344737060446647,-0.0
866,Yield per roof,1.3203223551748664,1.2406012377337372
866,Procurement,0.8514075873045215,7.980112058178414
866,Combined,1.3855243281363414,-0.0
867,Uniform,0.0,48.14955013313673
867,Screened,0.2960212128232768,18.07008844962804
867,Yield per roof,0.773280342957932,29.63983587743526
867,Procurement,1.000894392207023,22.743276844509506
867,Combined,1.2969933616363036,-0.0
868,Uniform,0.0,95.64646128158589
868,Screened,0.3337638235294875,51.06048508319323
868,Yield per roof,0.8261434630422002,70.43669618903047
868,Procurement,1.087211383090164,66.07102189808474
868,Combined,1.422211461246711,29.611962629616453
869,Uniform,0.0,60.80716659873023
869,Screened,0.3018051733320703,27.33751869016877
869,Yield per roof,0.7570634516188335,41.19945516322253
869,Procurement,0.8605337972816898,37.35553487963147
869,Combined,1.1639235373279604,10.350191287940063
870,Uniform,0.0,3.589025227083745
870,Screened,0.7730329596767831,-0.0
870,Yield per roof,1.865543946361612,-0.0
870,Procurement,0.9544231214340186,2.314939835526682
870,Combined,1.727956846799998,-0.0
871,Uniform,0.0,24.24704090894356
871,Screened,0.4826509082298855,-0.0
871,Yield per roof,1.1866885516598271,6.210762736589622
871,Procurement,0.9991975232429412,16.52767914703281
871,Combined,1.4832630796452548,-0.0
872,Uniform,0.0,9.797072572275155
872,Screened,0.4531946627193832,-0.0
872,Yield per roof,1.1709625920556022,0.5484226882749226
872,Procurement,0.998071411266281,5.027936339933546
872,Combined,1.4521615736586,-0.0
873,Uniform,0.0,14.274618690972472
873,Screened,0.5206718099142336,-0.0
873,Yield per roof,1.2463089842513142,1.797997990730298
873,Procurement,0.8152617264486679,9.46568945132424
873,Combined,1.3406739440356006,-0.0
874,Uniform,0.0,41.191312944181824
874,Screened,0.3977508390078554,7.901045227663253
874,Yield per roof,1.006052524459598,19.91564442834002
874,Procurement,0.8954049412547178,26.76725846434086
874,Combined,1.2933977549814557,-0.0
875,Uniform,0.0,107.22868926581464
875,Screened,0.3357976254721535,59.42746259374622
875,Yield per roof,0.819557032310918,81.70438750527649
875,Procurement,0.8571479478123649,83.73942589624188
875,Combined,1.1968533237094192,42.34677706427268
876,Uniform,-1.4210854715202004e-14,9.654535319189064
876,Screened,0.6645216976538677,-0.0
876,Yield per roof,1.649316781488082,-0.0
876,Procurement,1.0877688761030129,4.995453081956012
876,Combined,1.754197148120781,-0.0
877,Uniform,0.0,3.417147347509776
877,Screened,0.7655593429155658,-0.0
877,Yield per roof,1.8988927548156769,-0.0
877,Procurement,0.9140889572058484,2.19085041344226
877,Combined,1.680651445176295,-0.0
878,Uniform,0.0,25.42554004606569
878,Screened,0.5503521848623052,-0.0
878,Yield per roof,1.3217753422473493,6.188564854573646
878,Procurement,1.2530234230993358,16.584657606392422
878,Combined,1.8093787960213348,-0.0
879,Uniform,7.105427357601002e-15,17.69269247909889
879,Screened,0.312349976864148,-0.0
879,Yield per roof,0.8412924474532062,4.362264975062828
879,Procurement,0.9241108713269311,10.931771615236064
879,Combined,1.2369558010461643,-0.0
880,Uniform,0.0,10.4681800698064
880,Screened,0.6881278854868356,-0.0
880,Yield per roof,1.7609759990787666,-0.0
880,Procurement,0.8506689361348805,6.771721697756309
880,Combined,1.540616786992942,-0.0
881,Uniform,0.0,19.388765347566785
881,Screened,0.4644653306596353,-0.0
881,Yield per roof,1.183039603046879,3.7698401011382487
881,Procurement,1.0428030440471616,12.802033085812306
881,Combined,1.511255746428759,-0.0
882,Uniform,0.0,66.2408898590058
882,Screened,0.2461053523315897,34.21560953326453
882,Yield per roof,0.6268569142540272,48.006745025337565
882,Procurement,1.0576689312200926,37.3399687975273
882,Combined,1.3045165556079183,13.28051874505128
883,Uniform,1.4210854715202004e-14,9.103441801144404
883,Screened,0.7300267076726357,-0.0
883,Yield per roof,1.8081571212502752,-0.0
883,Procurement,0.7658915779309154,5.776164232102063
883,Combined,1.4988836248715955,-0.0
884,Uniform,0.0,16.578871237708313
884,Screened,0.4733217255386108,-0.0
884,Yield per roof,1.238325042825721,2.30253703408187
884,Procurement,0.9677613194122614,10.913545412273184
884,Combined,1.4411795966043996,-0.0
885,Uniform,0.0,14.650585179129036
885,Screened,0.5022520080171091,-0.0
885,Yield per roof,1.263921683003602,1.7678052728919162
885,Procurement,0.9934490797215858,8.791365413624325
885,Combined,1.496235657430475,-0.0
886,Uniform,0.0,39.21196609977999
886,Screened,0.3584102339019921,8.74723886740692
886,Yield per roof,0.8940668312606661,20.10566705460961
886,Procurement,1.0223258095413783,22.940282466419617
886,Combined,1.3811145095791275,-0.0
887,Uniform,0.0,10.447852244819549
887,Screened,0.7061896233467166,-0.0
887,Yield per roof,1.6740734777077648,-0.0
887,Procurement,0.9160081471558216,6.515749525244327
887,Combined,1.6219897546205004,-0.0
888,Uniform,0.0,14.698089644077893
888,Screened,0.4214526537669769,-0.0
888,Yield per roof,1.105321354910174,1.9992944394329548
888,Procurement,0.9569265412360296,9.045000209163822
888,Combined,1.3797491118186684,-0.0
889,Uniform,0.0,21.119769123968084
889,Screened,0.631123088660587,-0.0
889,Yield per roof,1.548401423792498,3.1921235915138166
889,Procurement,0.7781879553250661,16.52509101251642
889,Combined,1.413392681248851,-0.0
890,Uniform,0.0,7.195623647634008
890,Screened,0.7144431309581023,-0.0
890,Yield per roof,1.6963891300513725,-0.0
890,Procurement,0.8644794329706258,3.5095288122838126
890,Combined,1.5805940496500028,-0.0
891,Uniform,-1.4210854715202004e-14,22.14889391450844
891,Screened,0.5989471268925683,-0.0
891,Yield per roof,1.5248247349085349,3.650355963768767
891,Procurement,0.8652023048246633,17.000975076015667
891,Combined,1.4645329975204646,-0.0
892,Uniform,0.0,94.68654881586195
892,Screened,0.2775420042625711,53.40477474752453
892,Yield per roof,0.706210931838271,71.64441788959722
892,Procurement,0.8749240861314789,70.7860193966704
892,Combined,1.1532873363206733,36.10105120273943
893,Uniform,1.4210854715202004e-14,8.594488885293318
893,Screened,0.5478647112096411,-0.0
893,Yield per roof,1.451559462359114,-0.0
893,Procurement,1.1048024001466814,3.786506938948598
893,Combined,1.6541809113915065,-0.0
894,Uniform,0.0,10.238314935984468
894,Screened,0.4481343044826786,-0.0
894,Yield per roof,1.083599176381341,0.95508025989253
894,Procurement,0.8439674784107467,5.770203582294851
894,Combined,1.2945842654590507,-0.0
895,Uniform,0.0,20.1484810530946
895,Screened,0.419727535399673,-0.0
895,Yield per roof,1.0227558097654708,4.871330030371879
895,Procurement,0.9905011455358306,12.910061145597153
895,Combined,1.4102463182485394,-0.0
896,Uniform,0.0,14.920062595979193
896,Screened,0.3205010795356529,-0.0
896,Yield per roof,0.8421946320320117,3.042257169664076
896,Procurement,0.9870448667236004,8.682011455647448
896,Combined,1.3118575894293656,-0.0
897,Uniform,0.0,18.527017564085213
897,Screened,0.258050112417628,-0.0
897,Yield per roof,0.7185769985863786,5.181601245333621
897,Procurement,0.8852424024083518,11.708328141424271
897,Combined,1.1448573508126216,-0.0
898,Uniform,0.0,36.44242925739109
898,Screened,0.3984215549090208,3.45567251364818
898,Yield per roof,1.064564177668494,14.812491472475946
898,Procurement,0.9102816849546684,26.244781396447596
898,Combined,1.3088093125830085,-0.0
899,Uniform,0.0,21.470246358978645
899,Screened,0.561695382777188,-0.0
899,Yield per roof,1.3960894560863435,3.883054327776352
899,Procurement,0.9915755899983624,15.232313893581043
899,Combined,1.5551440112861885,-0.0
900,Uniform,0.0,87.23720715601304
900,Screened,0.3039960859279205,46.68275384702074
900,Yield per roof,0.7721894095855149,63.64007551001525
900,Procurement,0.8494765530621109,64.06181768466496
900,Combined,1.15344103474974,29.92552222829968
901,Uniform,0.0,6.11188892081271
901,Screened,0.6840057232223984,-0.0
901,Yield per roof,1.6708290619943682,-0.0
901,Procurement,0.8325014498740302,3.224666726178935
901,Combined,1.5188153899986645,-0.0
902,Uniform,0.0,20.681120577728212
902,Screened,0.4447691090805108,-0.0
902,Yield per roof,1.0929644686406874,4.957594969167089
902,Procurement,1.0277193483989606,13.367067944125644
902,Combined,1.473452022964267,-0.0
903,Uniform,0.0,4.566036284063614
903,Screened,0.7622839243758364,-0.0
903,Yield per roof,1.854748004681099,-0.0
903,Procurement,0.780681579748304,3.04677839382401
903,Combined,1.5445690601207076,-0.0
904,Uniform,2.8421709430404014e-14,3.025491213306255
904,Screened,1.0533681644552644,-0.0
904,Yield per roof,2.538980401073616,-0.0
904,Procurement,0.7799956273700843,1.99198567534898
904,Combined,1.8328125919811384,-0.0
905,Uniform,0.0,23.005267086939977
905,Screened,0.3143546380474546,-0.0
905,Yield per roof,0.7632940955288774,7.3707231046866495
905,Procurement,0.9704978270452712,15.511435656738504
905,Combined,1.2868943312340877,-0.0
906,Uniform,7.105427357601002e-15,73.34038893707772
906,Screened,0.2839881261566219,37.10601870960277
906,Yield per roof,0.7430336798454675,51.99193807838154
906,Procurement,0.91765399194351,48.27884467179145
906,Combined,1.2017110393575834,18.977634388838712
907,Uniform,0.0,70.11329282353724
907,Screened,0.161918545064573,38.28240547404295
907,Yield per roof,0.3579632297470709,58.18912536240412
907,Procurement,0.9485799774267392,44.19473491687388
907,Combined,1.126908484747723,19.19341268870113
908,Uniform,1.4210854715202004e-14,4.819813806746317
908,Screened,0.5319178829390836,-0.0
908,Yield per roof,1.2226499640711097,-0.0
908,Procurement,0.919914486570022,2.2452747721804958
908,Combined,1.4627178409618438,-0.0
909,Uniform,0.0,19.38913782992032
909,Screened,0.4246382752590563,-0.0
909,Yield per roof,1.0161714846464207,4.696024508593261
909,Procurement,0.978415297944096,12.580127917486086
909,Combined,1.4083584463872114,-0.0
910,Uniform,0.0,29.93843793755998
910,Screened,0.5615382994488556,-0.0
910,Yield per roof,1.3597756523199251,8.039675330611727
910,Procurement,0.8289511286404974,23.53419813492596
910,Combined,1.392519833893303,-0.0
911,Uniform,0.0,25.40719523636357
911,Screened,0.3612623374662291,-0.0
911,Yield per roof,0.9303401469412124,7.643580281838858
911,Procurement,0.9705784158955096,17.929612487185185
911,Combined,1.3317461118930751,-0.0
912,Uniform,0.0,88.53811107752823
912,Screened,0.2371600095065105,50.44452219649142
912,Yield per roof,0.6292496605278828,67.15125800980239
912,Procurement,0.9690852297115312,61.99187159427052
912,Combined,1.2067365100614538,31.224660221425
913,Uniform,0.0,9.383884420647869
913,Screened,0.6304361485772034,-0.0
913,Yield per roof,1.5337007631183752,-0.0
913,Procurement,0.8685619403497071,5.6112780101520725
913,Combined,1.5008243445237923,-0.0
914,Uniform,0.0,6.159328264025282
914,Screened,0.7099427707396728,-0.0
914,Yield per roof,1.7437055219234736,-0.0
914,Procurement,1.009449503837672,3.0217889485519445
914,Combined,1.7195681866213164,-0.0
915,Uniform,1.4210854715202004e-14,20.125376372322187
915,Screened,0.7342519140043606,-0.0
915,Yield per roof,1.769338919804568,2.625976924060896
915,Procurement,1.060477875659288,13.847002390473602
915,Combined,1.8024753497702333,-0.0
916,Uniform,0.0,14.500118344952783
916,Screened,0.6211926752052506,-0.0
916,Yield per roof,1.5586688692449968,1.068966776291309
916,Procurement,0.9560713826010668,9.40865993875519
916,Combined,1.5773232480481454,-0.0
917,Uniform,0.0,10.419724292903656
917,Screened,0.5422006441310003,-0.0
917,Yield per roof,1.433954478825413,0.1254208737010007
917,Procurement,1.0271698582802316,5.923910880163152
917,Combined,1.5697849972095526,-0.0
918,Uniform,0.0,117.6660244392456
918,Screened,0.2850094096683691,68.54833808078205
918,Yield per roof,0.7496286379049835,91.08109281744268
918,Procurement,1.2310829825852778,83.9260850136556
918,Combined,1.5181627889449911,44.047956647047904
919,Uniform,0.0,49.19571967807
919,Screened,0.2601224581012786,21.169577683022425
919,Yield per roof,0.6600303447149045,32.4751392857545
919,Procurement,0.8886671278399092,25.07198303494142
919,Combined,1.149134704651651,3.745026695021672
920,Uniform,0.0,12.610185940276466
920,Screened,0.4439044842282982,-0.0
920,Yield per roof,1.076095609030233,1.6216230961782252
920,Procurement,1.0193939796061215,6.695934581835247
920,Combined,1.464221904262942,-0.0
921,Uniform,0.0,67.87311190297763
921,Screened,0.2687193328311252,33.671674469617955
921,Yield per roof,0.6938081154492792,48.48037931157739
921,Procurement,0.9448747772637702,42.0397767881968
921,Combined,1.215642852824551,14.941516800688518
922,Uniform,0.0,10.98900262449157
922,Screened,0.609781247072192,-0.0
922,Yield per roof,1.5647803644365723,0.1760969980116003
922,Procurement,0.902345907456322,7.028866997240352
922,Combined,1.5135634201760553,-0.0
923,Uniform,0.0,13.619982508061383
923,Screened,0.5221068009478103,-0.0
923,Yield per roof,1.3035055397902795,1.457737789441956
923,Procurement,0.8368048454229324,8.682869173963214
923,Combined,1.3595804916868983,-0.0
924,Uniform,7.105427357601002e-15,20.6848654520338
924,Screened,0.3316031492226088,-0.0
924,Yield per roof,0.8075784442075431,6.009034546347675
924,Procurement,0.8980801179088118,13.765343166511055
924,Combined,1.232867351674834,-0.0
925,Uniform,0.0,9.664504196741602
925,Screened,0.4980892098018898,-0.0
925,Yield per roof,1.3172844857721628,0.1465558890306428
925,Procurement,0.96618272021162,5.467486622704252
925,Combined,1.468157204026454,-0.0
926,Uniform,0.0,17.55647399690627
926,Screened,0.4556600929034715,-0.0
926,Yield per roof,1.1986935094216165,2.729210040675645
926,Procurement,1.0384226035037472,11.411694386803022
926,Combined,1.496279943992164,-0.0
927,Uniform,1.4210854715202004e-14,11.021713571258404
927,Screened,0.728291529954987,-0.0
927,Yield per roof,1.7242714090962608,0.1600959110390793
927,Procurement,0.946912576393359,6.95466665221577
927,Combined,1.677442289779222,-0.0
928,Uniform,0.0,30.25956850426916
928,Screened,0.4844697865964491,-0.0
928,Yield per roof,1.198241082347053,8.736987047396852
928,Procurement,1.0599295075562338,22.07146716637705
928,Combined,1.54741434742985,-0.0
929,Uniform,0.0,99.0036154347793
929,Screened,0.3608596051091339,51.98408643976765
929,Yield per roof,0.906027172037561,72.25412862608015
929,Procurement,0.8776137603864314,74.96957716509742
929,Combined,1.2398654846105828,34.56132435685978
930,Uniform,0.0,7.877591830635083
930,Screened,0.6147270831081499,-0.0
930,Yield per roof,1.4742758229674848,-0.0
930,Procurement,0.9258047562034192,3.856216550372772
930,Combined,1.5399656541362532,-0.0
931,Uniform,-1.4210854715202004e-14,4.552683811875553
931,Screened,0.5850113961580803,-0.0
931,Yield per roof,1.4023725376987244,-0.0
931,Procurement,0.9338056871983156,2.175244013637029
931,Combined,1.51840127539991,-0.0
932,Uniform,0.0,32.48955941321821
932,Screened,0.3351545729667293,5.06794484063516
932,Yield per roof,0.8086862002860684,16.297111867809267
932,Procurement,1.165324377974109,18.97440155494819
932,Combined,1.50309673511547,-0.0
933,Uniform,0.0,6.982256520978869
933,Screened,0.5366257126139402,-0.0
933,Yield per roof,1.3561634427484108,-0.0
933,Procurement,1.036986934126105,2.675509009910132
933,Combined,1.5747760507542523,-0.0
934,Uniform,1.4210854715202004e-14,20.066131961776986
934,Screened,0.576162816688111,-0.0
934,Yield per roof,1.5087291879430325,2.7577474682418037
934,Procurement,0.8326729806896509,15.14431901306447
934,Combined,1.4122238498639348,-0.0
935,Uniform,0.0,5.9876185624215
935,Screened,0.7680015025220825,-0.0
935,Yield per roof,1.9208200822849903,-0.0
935,Procurement,0.918467160738885,3.3416766557403066
935,Combined,1.686711691722394,-0.0
936,Uniform,1.4210854715202004e-14,8.522334172240372
936,Screened,0.63994023534012,-0.0
936,Yield per roof,1.5627796280873412,-0.0
936,Procurement,0.9476429218736088,4.427684153223163
936,Combined,1.5874327412481364,-0.0
937,Uniform,0.0,9.476206039883778
937,Screened,0.6783043916338016,-0.0
937,Yield per roof,1.731895737904253,-0.0
937,Procurement,0.8715017871033979,5.701287317668504
937,Combined,1.549589497760067,-0.0
938,Uniform,1.4210854715202004e-14,5.750986395755102
938,Screened,0.569540772108752,-0.0
938,Yield per roof,1.525109275088539,-0.0
938,Procurement,0.9662795275598626,2.6324313148897067
938,Combined,1.5377395268265277,-0.0
939,Uniform,0.0,17.282541933398676
939,Screened,0.338625113497784,-0.0
939,Yield per roof,0.883984066199389,3.981024811363038
939,Procurement,0.9283954641955036,10.863054920743272
939,Combined,1.269539047937208,-0.0
940,Uniform,0.0,7.385360012433963
940,Screened,0.5769310959513945,-0.0
940,Yield per roof,1.381106520505739,-0.0
940,Procurement,0.8392025406718915,3.741756882097126
940,Combined,1.4220978437521694,-0.0
941,Uniform,0.0,25.02958791579493
941,Screened,0.4085522943295956,-0.0
941,Yield per roof,1.0478318598012777,6.8268792849625495
941,Procurement,1.123557757018261,16.42500555952297
941,Combined,1.5339807674697568,-0.0
942,Uniform,0.0,22.359179284153583
942,Screened,0.3974479766818888,-0.0
942,Yield per roof,1.0304237740284066,5.74490887106247
942,Procurement,1.1119812007723482,14.114209570381531
942,Combined,1.512700948324266,-0.0
943,Uniform,0.0,4.458506497846648
943,Screened,0.5170389997344529,-0.0
943,Yield per roof,1.3748019967942753,-0.0
943,Procurement,0.9810328764541224,1.9848939736898177
943,Combined,1.4986429911703567,-0.0
944,Uniform,0.0,2.165357490245149
944,Screened,0.6504722392329256,-0.0
944,Yield per roof,1.6299747982149595,-0.0
944,Procurement,0.9714385703268816,0.8629250701480699
944,Combined,1.6247187112329584,-0.0
945,Uniform,0.0,16.606825687757073
945,Screened,0.5567252446256674,-0.0
945,Yield per roof,1.4118031326007667,2.0121692768235997
945,Procurement,0.9049948668793631,11.288084605803556
945,Combined,1.462052309562651,-0.0
946,Uniform,0.0,86.55376276257242
946,Screened,0.2388684282342552,49.40247980114522
946,Yield per roof,0.6200200970068437,65.64094707085536
946,Procurement,0.9482210354986194,60.63285213309384
946,Combined,1.1873210341245652,30.6466444789632
947,Uniform,0.0,92.47214059788412
947,Screened,0.1913431940005878,55.40168641156163
947,Yield per roof,0.4944117035650883,73.504501163659
947,Procurement,1.081375806474071,62.744371646714455
947,Combined,1.2761582150880777,33.80490950740728
948,Uniform,0.0,6.198062463265744
948,Screened,0.810018499324741,-0.0
948,Yield per roof,1.9574562912755769,-0.0
948,Procurement,0.8582439241801012,3.5470065872232346
948,Combined,1.6682637045080924,-0.0
949,Uniform,0.0,60.65450326923545
949,Screened,0.3634477732143821,22.876452748385407
949,Yield per roof,0.9554004137575448,37.94502190470048
949,Procurement,1.0593101007735797,32.05475805517216
949,Combined,1.4239339875348804,2.22482065036745
950,Uniform,0.0,25.5322282327422
950,Screened,0.4303145818179956,-0.0
950,Yield per roof,0.9865077598430076,7.563227459171809
950,Procurement,1.0047311640603027,17.770165032563078
950,Combined,1.447046517149715,-0.0
951,Uniform,1.4210854715202004e-14,6.374796640203838
951,Screened,0.6332492055960586,-0.0
951,Yield per roof,1.5695251916954902,-0.0
951,Procurement,0.8987414218467222,3.0063370099295885
951,Combined,1.5334444407633754,-0.0
952,Uniform,0.0,40.465239670305245
952,Screened,0.4689433555795403,3.10280361294674
952,Yield per roof,1.193685894437536,16.58506152268656
952,Procurement,0.8949175865832757,31.063043024869444
952,Combined,1.3648892217514117,-0.0
953,Uniform,0.0,6.141291745295298
953,Screened,0.8563834351672313,-0.0
953,Yield per roof,2.0466241473240814,-0.0
953,Procurement,0.8996443133053162,3.650006536390629
953,Combined,1.7575332337550833,-0.0
954,Uniform,0.0,2.6186122167994133
954,Screened,0.6888078138652105,-0.0
954,Yield per roof,1.6850450065545175,-0.0
954,Procurement,0.8705396045346987,1.447850197779479
954,Combined,1.561868101413424,-0.0
955,Uniform,-1.4210854715202004e-14,8.356981471822973
955,Screened,0.619484999900763,-0.0
955,Yield per roof,1.567363076151295,-0.0
955,Procurement,0.85678222152616,4.634563942361447
955,Combined,1.4777534867006068,-0.0
956,Uniform,0.0,19.703253419091023
956,Screened,0.5994062937762976,-0.0
956,Yield per roof,1.506923883894686,2.815131643636244
956,Procurement,0.7999336102657253,15.029411844655357
956,Combined,1.3991321751463346,-0.0
957,Uniform,0.0,19.07787956790871
957,Screened,0.6916617598626118,-0.0
957,Yield per roof,1.7079502709874106,2.1939087752205397
957,Procurement,0.8861263424808925,13.891105003219227
957,Combined,1.578152702204136,-0.0
958,Uniform,0.0,22.438003819143304
958,Screened,0.3184927135529989,-0.0
958,Yield per roof,0.8096822618160004,6.754236579863477
958,Procurement,0.8986870384319303,15.529431224335044
958,Combined,1.2162863296207431,-0.0
959,Uniform,0.0,87.28570751822657
959,Screened,0.2939476351762735,45.66134772283765
959,Yield per roof,0.771838965990888,64.71195262867346
959,Procurement,0.807866411431597,65.24336886566802
959,Combined,1.1059337757416683,29.636802555199253
960,Uniform,0.0,71.32231093464597
960,Screened,0.3178440487180936,33.377017617898375
960,Yield per roof,0.8416924211961643,48.49171334042532
960,Procurement,0.9606559092813144,45.18698890009743
960,Combined,1.2784369965346585,14.469742072862957
961,Uniform,0.0,116.04270955475886
961,Screened,0.2434534212791348,69.64138938384342
961,Yield per roof,0.6064689116543391,92.5183138149766
961,Procurement,1.119681762737912,85.22879002822378
961,Combined,1.3683597916317822,47.21623881477978
962,Uniform,0.0,36.16865883800299
962,Screened,0.4871969148506707,-0.0
962,Yield per roof,1.1948039463745772,12.279642484683247
962,Procurement,0.8726048439443588,29.568924938942107
962,Combined,1.3602803470365783,-0.0
963,Uniform,0.0,22.7272607419876
963,Screened,0.2927206373218851,-0.0
963,Yield per roof,0.7599888029577571,7.0652206356867655
963,Procurement,0.918801053894036,15.644703642177245
963,Combined,1.2114459663306576,-0.0
964,Uniform,0.0,97.88550611863116
964,Screened,0.3566988948142509,51.06409892327525
964,Yield per roof,0.9048488567976704,70.9897572328814
964,Procurement,0.8883437594082437,73.99352818432651
964,Combined,1.2458732848586322,33.787604015608814
965,Uniform,0.0,50.13591415684788
965,Screened,0.2755464528370481,21.397517180263097
965,Yield per roof,0.6799280473418392,33.43649020900513
965,Procurement,0.972960250814225,23.684459332119037
965,Combined,1.249527113645172,2.278489628125544
966,Uniform,0.0,111.40199961357104
966,Screened,0.2912436167046266,63.9241346624556
966,Yield per roof,0.7799159031006013,84.48395686149928
966,Procurement,0.8925935516792407,87.30648234156956
966,Combined,1.184241953700024,46.50686141615819
967,Uniform,0.0,7.5154513087603
967,Screened,0.8254638916036754,-0.0
967,Yield per roof,2.020076549399789,-0.0
967,Procurement,1.046311029651406,3.834232046943883
967,Combined,1.8756866638020424,-0.0
968,Uniform,0.0,38.89921557061551
968,Screened,0.3035480485820088,10.774498032095568
968,Yield per roof,0.7212961795357486,23.715797608402863
968,Procurement,0.9362118950744432,21.769294974564584
968,Combined,1.2457470577710268,-0.0
969,Uniform,0.0,19.046523195806174
969,Screened,0.5743411881993978,-0.0
969,Yield per roof,1.448001802573117,2.6898189474453846
969,Procurement,0.7660597465274748,14.526599056485349
969,Combined,1.3398840848388147,-0.0
970,Uniform,0.0,95.516997578391
970,Screened,0.3831015636641623,49.36480848444718
970,Yield per roof,0.933979025684124,69.12928894966802
970,Procurement,0.7818138312408607,74.19180267325808
970,Combined,1.1660801731773844,33.92059601704276
971,Uniform,0.0,3.318475259697844
971,Screened,0.5733240799306003,-0.0
971,Yield per roof,1.5079835136170203,-0.0
971,Procurement,0.9425105207242837,1.8553514532517197
971,Combined,1.5155093768094474,-0.0
972,Uniform,0.0,5.505343261066827
972,Screened,0.6302687125576796,-0.0
972,Yield per roof,1.5898733704341907,-0.0
972,Procurement,1.0076332605088254,2.58869612644958
972,Combined,1.6379702934813594,-0.0
973,Uniform,0.0,4.888217956024804
973,Screened,0.8106529842383452,-0.0
973,Yield per roof,2.0267027568193043,-0.0
973,Procurement,0.8804871721147549,3.19718493265007
973,Combined,1.6926533899027731,-0.0
974,Uniform,0.0,10.356044010893878
974,Screened,0.6844357769754197,-0.0
974,Yield per roof,1.7135674253215851,-0.0
974,Procurement,0.8151823018146587,6.815181557494311
974,Combined,1.4997843700176503,-0.0
975,Uniform,0.0,9.161961901730086
975,Screened,0.5236878707108019,-0.0
975,Yield per roof,1.3589247786772916,-0.0
975,Procurement,0.9478701460975572,5.050982323091418
975,Combined,1.4712161385750877,-0.0
976,Uniform,0.0,10.05784454020815
976,Screened,0.7573339475843994,-0.0
976,Yield per roof,1.8891901874296195,-0.0
976,Procurement,0.8707516300312079,6.275997763941554
976,Combined,1.628940644659437,-0.0
977,Uniform,0.0,12.761661874158088
977,Screened,0.5046586244612428,-0.0
977,Yield per roof,1.2621770063122142,1.2684467909660286
977,Procurement,1.0138521319569946,7.250911302669767
977,Combined,1.518533278631338,-0.0
978,Uniform,0.0,14.531463379782547
978,Screened,0.5137816150247261,-0.0
978,Yield per roof,1.334166198525864,1.4826039225512098
978,Procurement,1.051745414869643,8.684839075432116
978,Combined,1.5677066709616412,-0.0
979,Uniform,0.0,13.769103456377952
979,Screened,0.4423975576185768,-0.0
979,Yield per roof,1.061247976845209,1.9866773970127365
979,Procurement,0.8365253349921886,8.835940158241629
979,Combined,1.2812579630743102,-0.0
980,Uniform,0.0,16.584344907795394
980,Screened,0.4982646352156763,-0.0
980,Yield per roof,1.2519111857341445,2.300911842920687
980,Procurement,1.1933439865672,9.59551612657053
980,Combined,1.6950094270209632,-0.0
981,Uniform,0.0,52.06922131362521
981,Screened,0.2816440562763844,20.427573289179065
981,Yield per roof,0.77748567888721,33.464855240900825
981,Procurement,1.144167877572734,23.384491450163186
981,Combined,1.4276377932801978,-0.0
982,Uniform,1.4210854715202004e-14,3.956159552181399
982,Screened,0.5773764577296703,-0.0
982,Yield per roof,1.4762276084853028,-0.0
982,Procurement,0.9594400637775776,2.001775661070468
982,Combined,1.5370962665529078,-0.0
983,Uniform,0.0,37.93669430650192
983,Screened,0.3214182710738384,9.702751703768332
983,Yield per roof,0.8097223112575591,20.23818688012036
983,Procurement,0.9393476802460654,21.29660931609068
983,Combined,1.2610518682389085,-0.0
984,Uniform,0.0,85.4993451853033
984,Screened,0.2019721635603346,50.8260838186176
984,Yield per roof,0.5016067684475232,66.53563829616543
984,Procurement,1.0211785407004434,57.54630247147331
984,Combined,1.2232829143680988,30.59184188009535
985,Uniform,0.0,7.107190444621833
985,Screened,0.5363520597010307,-0.0
985,Yield per roof,1.340717424421797,-0.0
985,Procurement,0.9052530276037628,3.1769178149052597
985,Combined,1.4407280505510158,-0.0
986,Uniform,0.0,77.69890033567093
986,Screened,0.1710593828753488,45.580268766261696
986,Yield per roof,0.4494043160858396,61.310845034057394
986,Procurement,1.0102336285299245,50.013264291098906
986,Combined,1.1848206988278065,25.470368273750857
987,Uniform,0.0,11.35608765755646
987,Screened,0.5023105413994529,-0.0
987,Yield per roof,1.318332793908084,0.5652452969296491
987,Procurement,1.0295533549390967,6.418865625290952
987,Combined,1.5319952370982437,-0.0
988,Uniform,0.0,24.730424011097902
988,Screened,0.3756911523236681,-0.0
988,Yield per roof,0.962894588249199,7.155495278711426
988,Procurement,0.8908459624829916,17.864821897110964
988,Combined,1.2696745079127751,-0.0
989,Uniform,0.0,16.14070217151713
989,Screened,0.7220979208851617,-0.0
989,Yield per roof,1.703058798314899,1.5881027757751252
989,Procurement,0.8982111786038729,10.860946910009824
989,Combined,1.623302568149569,-0.0
990,Uniform,0.0,58.05359022396053
990,Screened,0.3109535113363435,25.23461094192612
990,Yield per roof,0.7744791220282679,38.20943346306948
990,Procurement,0.966219800482328,31.781362354583905
990,Combined,1.2769021086168948,6.257350946700043
991,Uniform,0.0,32.17442727079428
991,Screened,0.2506093073368944,8.420102803880715
991,Yield per roof,0.6708771766751838,17.43590414931417
991,Procurement,0.9208915765690264,16.951940955569928
991,Combined,1.172082754737886,-0.0
992,Uniform,0.0,5.002507630910713
992,Screened,0.6789903584304398,-0.0
992,Yield per roof,1.6639192067334108,-0.0
992,Procurement,0.886839103543906,2.722827700880239
992,Combined,1.5654832175820417,-0.0
993,Uniform,0.0,61.810541556029264
993,Screened,0.2670400036831211,29.626963573951933
993,Yield per roof,0.6993943135069216,42.599680989341614
993,Procurement,0.9427330445175316,36.043468790778846
993,Combined,1.2096687447331291,10.99038363794225
994,Uniform,0.0,29.945236166585214
994,Screened,0.5090999679710535,-0.0
994,Yield per roof,1.2704224113402347,8.419481835302676
994,Procurement,0.8822572845553651,23.25937313078243
994,Combined,1.3919216386963456,-0.0
995,Uniform,-1.4210854715202004e-14,17.006423719528804
995,Screened,0.6085175259923119,-0.0
995,Yield per roof,1.511951593680493,1.9477132853973629
995,Procurement,0.9919804006969456,11.145954686468691
995,Combined,1.601714164584493,-0.0
996,Uniform,0.0,6.809853259583907
996,Screened,0.5378185028026081,-0.0
996,Yield per roof,1.4142462370695057,-0.0
996,Procurement,0.9196786219673784,2.849867295673826
996,Combined,1.4576827710635456,-0.0
997,Uniform,0.0,7.390750379960596
997,Screened,0.6239101912678819,-0.0
997,Yield per roof,1.5564243176029038,-0.0
997,Procurement,0.960567490820054,3.250808623974286
997,Combined,1.5841391214931804,-0.0
998,Uniform,0.0,51.9595457638219
998,Screened,0.235946215704601,23.717939851524036
998,Yield per roof,0.6429194561245595,34.77322800677107
998,Procurement,0.914758475976086,27.135710428385487
998,Combined,1.150140646486662,5.801374902139028
999,Uniform,-7.105427357601002e-15,29.67643663578049
999,Screened,0.3670968854904046,-0.0
999,Yield per roof,0.9889100873543056,9.093156018875028
999,Procurement,1.184221578201914,20.53112904429845
999,Combined,1.5527690722470808,-0.0
1000,Uniform,0.0,11.37242080868379
1000,Screened,0.3825747859417063,-0.0
1000,Yield per roof,1.0460056898748888,1.1117205072726732
1000,Procurement,0.9156948641068112,6.400803884835567
1000,Combined,1.2989327914845532,-0.0
1001,Uniform,0.0,8.805309753256235
1001,Screened,0.630895033485487,-0.0
1001,Yield per roof,1.541301218650574,-0.0
1001,Procurement,0.9664168011843371,4.606781255347803
1001,Combined,1.5983594144413755,-0.0
1002,Uniform,0.0,11.44824874199898
1002,Screened,0.4764259906765744,-0.0
1002,Yield per roof,1.174931390076921,1.114683719448434
1002,Procurement,0.9491823643923568,6.376860067220046
1002,Combined,1.427874014958789,-0.0
1003,Uniform,0.0,14.540333473959658
1003,Screened,0.5286405486959751,-0.0
1003,Yield per roof,1.398957156717472,1.360844067648488
1003,Procurement,0.7801398710339242,9.950790249618445
1003,Combined,1.3113605903059238,-0.0
1004,Uniform,0.0,23.243100950750712
1004,Screened,0.5343712379948045,-0.0
1004,Yield per roof,1.3080761484778378,5.22293558520524
1004,Procurement,0.8981732316731126,16.66156905307932
1004,Combined,1.4331446183865353,-0.0
1005,Uniform,0.0,12.952444656416777
1005,Screened,0.5531047697123626,-0.0
1005,Yield per roof,1.3284206515918555,1.2988739949647836
1005,Procurement,0.948893366981153,7.639682505358975
1005,Combined,1.501885815029766,-0.0
1006,Uniform,-1.4210854715202004e-14,15.50075922568538
1006,Screened,0.6706175235742364,-0.0
1006,Yield per roof,1.634834777259783,1.4208183308270943
1006,Procurement,0.8876335728141669,10.398540502008412
1006,Combined,1.55869948774982,-0.0
1007,Uniform,0.0,82.23493496371928
1007,Screened,0.2454833298541885,45.59689618942592
1007,Yield per roof,0.6278523111009662,62.32113871884864
1007,Procurement,1.0153834721304662,54.45221249788497
1007,Combined,1.2625227099108898,25.457370074560533
1008,Uniform,0.0,26.06821147737396
1008,Screened,0.4578250625304605,-0.0
1008,Yield per roof,1.1230874069416927,7.072050208786816
1008,Procurement,0.7682830889854984,20.15705573009768
1008,Combined,1.230704472939408,-0.0
1009,Uniform,0.0,6.691946862791227
1009,Screened,0.5837961336756621,-0.0
1009,Yield per roof,1.4514913095457302,-0.0
1009,Procurement,0.9325215434452474,2.881264800720958
1009,Combined,1.5161080427910747,-0.0
1010,Uniform,0.0,56.68565442281036
1010,Screened,0.2658072112526497,26.286928537469493
1010,Yield per roof,0.6759824593162236,38.63351196602567
1010,Procurement,0.9728530050866198,30.181655838832203
1010,Combined,1.2386428220287868,7.128516533309233
1011,Uniform,1.4210854715202004e-14,17.28469895018363
1011,Screened,0.5699739645338724,-0.0
1011,Yield per roof,1.4650018146232495,2.0566035080970964
1011,Procurement,0.9250182513192016,11.817587353176425
1011,Combined,1.4956466238277386,-0.0
1012,Uniform,0.0,27.41907173150328
1012,Screened,0.3498805801395974,-0.0
1012,Yield per roof,0.8936231294442436,9.63674094506978
1012,Procurement,0.9311892293547644,20.231239962095007
1012,Combined,1.2822895860987202,-0.0
1013,Uniform,0.0,53.73771177925249
1013,Screened,0.3890995592173496,16.981450319508173
1013,Yield per roof,1.0097583179162015,30.708886056986437
1013,Procurement,0.9391788906481436,29.985355253741872
1013,Combined,1.3284644749097652,-0.0
1014,Uniform,0.0,100.24149925647698
1014,Screened,0.2629454691872581,57.67576546629037
1014,Yield per roof,0.7087887078132198,75.92440111677456
1014,Procurement,0.784771226999716,78.86112856310996
1014,Combined,1.047831988684429,42.21736578727868
1015,Uniform,3.552713678800501e-15,71.0715615030181
1015,Screened,0.1938615077335512,39.6565195279841
1015,Yield per roof,0.5259846327563089,53.80637195145445
1015,Procurement,0.9226661145768952,45.89396634831206
1015,Combined,1.118075276487975,21.417714641261835
1016,Uniform,0.0,6.157244266844755
1016,Screened,0.7460381704061092,-0.0
1016,Yield per roof,1.9048596296986204,-0.0
1016,Procurement,0.7694939606244589,3.651024041506092
1016,Combined,1.5207175354043727,-0.0
1017,Uniform,0.0,22.16681913092047
1017,Screened,0.3486416999068495,-0.0
1017,Yield per roof,0.9019268529804236,6.2205367257027735
1017,Procurement,0.9272322105334752,15.054404822323448
1017,Combined,1.2754328923508638,-0.0
1018,Uniform,0.0,11.830428409864734
1018,Screened,0.6275936092504395,-0.0
1018,Yield per roof,1.613011724860712,0.3533061507385064
1018,Procurement,0.8099032653264118,8.110793341233565
1018,Combined,1.4397645150967264,-0.0
1019,Uniform,0.0,35.10202018535878
1019,Screened,0.3417706187281837,6.769507192646448
1019,Yield per roof,0.8598177814055319,17.12039246576753
1019,Procurement,0.8946255807289774,21.712156443204936
1019,Combined,1.2367441861072663,-0.0
1020,Uniform,0.0,41.39927260370644
1020,Screened,0.2574571105422194,15.88093867520651
1020,Yield per roof,0.6373255080163176,26.1525095111372
1020,Procurement,0.901803864489203,18.93381580146857
1020,Combined,1.1601879261729735,-0.0
1021,Uniform,0.0,15.79796856685746
1021,Screened,0.342544934460868,-0.0
1021,Yield per roof,0.9284562531207712,3.082850628161855
1021,Procurement,0.9547832207353864,9.642367964087372
1021,Combined,1.298465369106907,-0.0
1022,Uniform,0.0,16.920827970098806
1022,Screened,0.4184055592452296,-0.0
1022,Yield per roof,1.066395124524604,3.1920382981233653
1022,Procurement,1.0918919658731312,10.140065103673075
1022,Combined,1.513027648228018,-0.0
1023,Uniform,0.0,3.9994596025642193
1023,Screened,0.7134866622777594,-0.0
1023,Yield per roof,1.881523901304732,-0.0
1023,Procurement,0.9513242299919966,2.5809884351368355
1023,Combined,1.6650456742492992,-0.0
1024,Uniform,0.0,18.682046786279923
1024,Screened,0.6252029995700639,-0.0
1024,Yield per roof,1.560461289941358,2.287396668859145
1024,Procurement,0.9321751668874328,13.239334482875972
1024,Combined,1.557763424909112,-0.0
1025,Uniform,0.0,15.810901158958387
1025,Screened,0.3452079495227238,-0.0
1025,Yield per roof,0.8969047433119144,3.36867132178437
1025,Procurement,0.9220796826299136,9.629822014691085
1025,Combined,1.2674644906058887,-0.0
1026,Uniform,0.0,3.627217969656777
1026,Screened,0.8388195870441564,-0.0
1026,Yield per roof,2.0010637928173765,-0.0
1026,Procurement,0.885888602160378,2.43809808058054
1026,Combined,1.7279542166870954,-0.0
1027,Uniform,0.0,57.819849523787774
1027,Screened,0.2681273476776127,27.208799041476176
1027,Yield per roof,0.6739232322295194,39.73849210568689
1027,Procurement,0.871725831735553,34.06900731343406
1027,Combined,1.140275781397044,10.030047843494
1028,Uniform,0.0,6.236057584006676
1028,Screened,0.8320237265586172,-0.0
1028,Yield per roof,2.0510671596133534,-0.0
1028,Procurement,0.9707224295557636,3.562162467158078
1028,Combined,1.8063665713978023,-0.0
1029,Uniform,7.105427357601002e-15,42.629958232075865
1029,Screened,0.3390523406314543,12.381102821464207
1029,Yield per roof,0.7930835946981389,25.79332766091163
1029,Procurement,1.056906479300899,22.849827139634836
1029,Combined,1.4004114434426356,-0.0
1030,Uniform,0.0,10.405343451275678
1030,Screened,0.6165127393854846,-0.0
1030,Yield per roof,1.5277850868996126,0.1109447649346814
1030,Procurement,0.9939378997754318,6.054849453994477
1030,Combined,1.6105662455488383,-0.0
1031,Uniform,0.0,25.92324769325783
1031,Screened,0.5102896640972148,-0.0
1031,Yield per roof,1.260298709423651,6.707164962208247
1031,Procurement,0.9202017859211652,18.81547956192661
1031,Combined,1.4318156320865825,-0.0
1032,Uniform,0.0,28.6091377360892
1032,Screened,0.4438131824268225,-0.0
1032,Yield per roof,1.0984868732287083,8.40584727302217
1032,Procurement,0.9561397024865954,21.30190779793532
1032,Combined,1.4005518516077728,-0.0
1033,Uniform,0.0,82.07937334057065
1033,Screened,0.3366518403848246,40.08816172971061
1033,Yield per roof,0.9013242686067358,57.12675519252314
1033,Procurement,0.8898863307633391,57.94350781846355
1033,Combined,1.2269463580586262,22.62146375397994
1034,Uniform,-1.4210854715202004e-14,4.475680533352167
1034,Screened,0.749424047528052,-0.0
1034,Yield per roof,1.8839562228989597,-0.0
1034,Procurement,0.87732828098369,2.870924413244229
1034,Combined,1.6275585732527134,-0.0
1035,Uniform,0.0,20.339674339595973
1035,Screened,0.3316150513374225,-0.0
1035,Yield per roof,0.8663617925622162,5.491323335680962
1035,Procurement,0.9661152443787842,12.908424657121571
1035,Combined,1.2973059199199852,-0.0
1036,Uniform,1.4210854715202004e-14,22.71092373485152
1036,Screened,0.6278717433199859,-0.0
1036,Yield per roof,1.511102581314475,4.248082125582517
1036,Procurement,0.9360038750981232,16.83295630783154
1036,Combined,1.5676104989475022,-0.0
1037,Uniform,0.0,12.355128711642218
1037,Screened,0.4981696177080437,-0.0
1037,Yield per roof,1.2684628018747617,1.0537367046701276
1037,Procurement,1.0792983633158997,6.8244149703574575
1037,Combined,1.5782899713011318,-0.0
1038,Uniform,0.0,9.598154995956586
1038,Screened,0.5340737739278012,-0.0
1038,Yield per roof,1.3081830148337588,0.3623566224684443
1038,Procurement,0.8258692060874324,5.715229173048064
1038,Combined,1.3602629575459986,-0.0
1039,Uniform,0.0,80.33036217128065
1039,Screened,0.225897678419507,44.3058989514489
1039,Yield per roof,0.6229812186315158,60.49146578419817
1039,Procurement,1.1133396051144686,49.92356834607766
1039,Combined,1.3410777270228706,22.25155667528769
1040,Uniform,0.0,47.66835574818298
1040,Screened,0.3341893907782634,15.879664025305628
1040,Yield per roof,0.8516737419857137,28.092074125650417
1040,Procurement,1.0124922317917608,24.4271083304855
1040,Combined,1.3471231959736372,-0.0
1041,Uniform,0.0,22.44353062372821
1041,Screened,0.521772499163049,-0.0
1041,Yield per roof,1.2963841247764094,4.816989552139402
1041,Procurement,0.8502875827076366,16.439112112028354
1041,Combined,1.3739774176844293,-0.0
1042,Uniform,0.0,26.8560634266261
1042,Screened,0.444104507549909,-0.0
1042,Yield per roof,1.150765510065355,7.316746485328407
1042,Procurement,0.9048887251237973,19.878574827000477
1042,Combined,1.3492764283576548,-0.0
1043,Uniform,0.0,57.87980943769951
1043,Screened,0.2950970483976078,24.49091810351651
1043,Yield per roof,0.747163615556218,39.544446720771184
1043,Procurement,0.8903615793490331,33.655708025405325
1043,Combined,1.1902186456582342,6.892003389497631
1044,Uniform,0.0,9.946678640120558
1044,Screened,0.6240329207781201,-0.0
1044,Yield per roof,1.63464679492499,-0.0
1044,Procurement,0.9405880553136255,5.858611857844628
1044,Combined,1.5662718891512526,-0.0
1045,Uniform,0.0,10.046062481413202
1045,Screened,0.4956780070248499,-0.0
1045,Yield per roof,1.3036982342283068,0.257164086740884
1045,Procurement,1.1044238612710586,5.126084501625133
1045,Combined,1.6016654972172404,-0.0
1046,Uniform,0.0,34.9708731931431
1046,Screened,0.2646886936113262,10.291662023969169
1046,Yield per roof,0.6264770951889602,21.797175140634533
1046,Procurement,0.9683528851597883,17.99795968264761
1046,Combined,1.237984226429461,-0.0
1047,Uniform,0.0,42.05462170414036
1047,Screened,0.4420488239343854,5.565785462291525
1047,Yield per roof,1.1527853979384162,18.249467214276248
1047,Procurement,0.8172705356697776,30.515018768340525
1047,Combined,1.2596483587341964,-0.0
1048,Uniform,1.4210854715202004e-14,8.385761334311152
1048,Screened,0.6907570949863242,-0.0
1048,Yield per roof,1.824419442652669,-0.0
1048,Procurement,1.0590111914311393,3.789806225663885
1048,Combined,1.7512586704020665,-0.0
1049,Uniform,0.0,22.73308538916313
1049,Screened,0.3156302237056252,-0.0
1049,Yield per roof,0.8140241898936011,6.860889281421759
1049,Procurement,0.9134553575877932,15.693426144772523
1049,Combined,1.2307763231846778,-0.0
1050,Uniform,0.0,26.801547452055463
1050,Screened,0.3896602161979601,-0.0
1050,Yield per roof,0.9832796858144236,8.070793298682851
1050,Procurement,1.0124916019021484,18.977375661352923
1050,Combined,1.4037523272466288,-0.0
1051,Uniform,0.0,6.481328422374268
1051,Screened,0.5571008939275544,-0.0
1051,Yield per roof,1.4056827753286143,-0.0
1051,Procurement,0.9891778084911492,2.642735898662309
1051,Combined,1.5461271453008152,-0.0
1052,Uniform,0.0,17.032285309549028
1052,Screened,0.6067860800217773,-0.0
1052,Yield per roof,1.471780851562812,2.130589398440067
1052,Procurement,0.8734701148532906,11.90390814082364
1052,Combined,1.4807113373075111,-0.0
1053,Uniform,0.0,18.018310327630758
1053,Screened,0.3827524813754763,-0.0
1053,Yield per roof,1.0062479193769818,3.883865053401976
1053,Procurement,0.8985006061278327,11.805830697819696
1053,Combined,1.2813054663927872,-0.0
1054,Uniform,0.0,3.7248347672021658
1054,Screened,0.7318805943278903,-0.0
1054,Yield per roof,1.855546294633072,-0.0
1054,Procurement,0.9679639863178836,2.43595333703729
1054,Combined,1.699965078167807,-0.0
1055,Uniform,0.0,10.947018158256672
1055,Screened,0.4809953212365627,-0.0
1055,Yield per roof,1.2518377797187838,0.6709826157955565
1055,Procurement,1.0229049741546845,5.99277576109918
1055,Combined,1.5043134428506448,-0.0
1056,Uniform,0.0,12.60662194805636
1056,Screened,0.4877641130611323,-0.0
1056,Yield per roof,1.1942673108737123,1.39244508872771
1056,Procurement,1.0697336660699648,6.749110198902019
1056,Combined,1.5580012511831427,-0.0
1057,Uniform,0.0,16.70174590349375
1057,Screened,0.5021588754665203,-0.0
1057,Yield per roof,1.2518369283009747,2.419709107174873
1057,Procurement,0.8098223045281685,11.92411846116131
1057,Combined,1.311497831694311,-0.0
1058,Uniform,0.0,96.69465176579448
1058,Screened,0.3279463846517814,51.51489889743932
1058,Yield per roof,0.8184805607587009,72.58291502938688
1058,Procurement,0.9860515984662968,69.59085408458417
1058,Combined,1.317974788475432,31.80148054945848
1059,Uniform,0.0,5.708520369055899
1059,Screened,0.7749570765907094,-0.0
1059,Yield per roof,1.8408276761934417,-0.0
1059,Procurement,0.9099740437440856,3.19517324113451
1059,Combined,1.685039237478719,-0.0
1060,Uniform,0.0,25.24776403646659
1060,Screened,0.42005321313151,-0.0
1060,Yield per roof,1.0407623936917645,7.091589055969867
1060,Procurement,1.1047762162933594,16.71259790205664
1060,Combined,1.5259192568455973,-0.0
1061,Uniform,0.0,8.43222292193089
1061,Screened,0.6370412303220832,-0.0
1061,Yield per roof,1.6622450836422755,-0.0
1061,Procurement,0.9412480856558432,4.379439863230691
1061,Combined,1.5782972278155682,-0.0
1062,Uniform,1.4210854715202004e-14,11.52540602489237
1062,Screened,0.5607234514195198,-0.0
1062,Yield per roof,1.387064278592021,0.7936628353059841
1062,Procurement,0.9155624045310162,6.870559056158792
1062,Combined,1.4771721876250723,-0.0
1063,Uniform,0.0,32.85478201733043
1063,Screened,0.5260807612769156,-0.0
1063,Yield per roof,1.286695277582794,9.746711486573384
1063,Procurement,0.8168705213340104,26.547606094763875
1063,Combined,1.3437898427362711,-0.0
1064,Uniform,0.0,98.63842208271276
1064,Screened,0.2495924112452527,56.96184672141961
1064,Yield per roof,0.633101447511649,76.87226371762887
1064,Procurement,1.2068852078813848,65.33999834782529
1064,Combined,1.459736621212727,32.764065755147925
1065,Uniform,7.105427357601002e-15,59.14377842058899
1065,Screened,0.3819931510660197,21.87174248566806
1065,Yield per roof,0.965243768330744,36.51169639802296
1065,Procurement,0.9097147750748888,34.45326232159421
1065,Combined,1.292441398081543,4.03960816281625
1066,Uniform,1.4210854715202004e-14,5.139355052427716
1066,Screened,0.6532199100048075,-0.0
1066,Yield per roof,1.6546678007576787,-0.0
1066,Procurement,1.045846586779831,2.547788693281325
1066,Combined,1.6998017444058746,-0.0
1067,Uniform,0.0,7.877962248707423
1067,Screened,0.676559938957638,-0.0
1067,Yield per roof,1.6225926577917704,-0.0
1067,Procurement,1.074886460175719,3.341615759715691
1067,Combined,1.755009775506437,-0.0
1068,Uniform,-1.4210854715202004e-14,2.3252711252757043
1068,Screened,0.62780799976899,-0.0
1068,Yield per roof,1.7122840081805606,-0.0
1068,Procurement,0.8939509575906328,1.1235794026482793
1068,Combined,1.5221304761881242,-0.0
1069,Uniform,0.0,24.223602350857632
1069,Screened,0.4659878388471128,-0.0
1069,Yield per roof,1.1938850799844545,5.96881219956242
1069,Procurement,1.0949408664142195,16.261912740431562
1069,Combined,1.5634333180835114,-0.0
1070,Uniform,0.0,25.985370356053885
1070,Screened,0.5416009081371698,-0.0
1070,Yield per roof,1.3371851834305062,6.208220990749478
1070,Procurement,1.0194452651746104,18.302677337455783
1070,Combined,1.562576610630714,-0.0
1071,Uniform,0.0,30.026252281865062
1071,Screened,0.4676271464224726,-0.0
1071,Yield per roof,1.1109872647374883,9.086879831660177
1071,Procurement,1.171148240443415,21.049581368745557
1071,Combined,1.6406797310061023,-0.0
1072,Uniform,-7.105427357601002e-15,23.160687067241117
1072,Screened,0.3378916701740309,-0.0
1072,Yield per roof,0.9066222389663848,6.551863271464261
1072,Procurement,1.0249213857581765,15.238792735898176
1072,Combined,1.364254871104329,-0.0
1073,Uniform,0.0,13.432591588678582
1073,Screened,0.5730492351370344,-0.0
1073,Yield per roof,1.4798947617981923,0.8675486788098544
1073,Procurement,1.0140725796999988,8.299363141115238
1073,Combined,1.5875839641609275,-0.0
1074,Uniform,-1.4210854715202004e-14,6.949635795079957
1074,Screened,0.6947954201127544,-0.0
1074,Yield per roof,1.6799957532294911,-0.0
1074,Procurement,0.9302484203696082,3.277049067268121
1074,Combined,1.6258912663098073,-0.0
1075,Uniform,1.4210854715202004e-14,9.164728401780406
1075,Screened,0.6983361486735333,-0.0
1075,Yield per roof,1.7132131672886288,-0.0
1075,Procurement,0.8056107297100965,5.665369465201246
1075,Combined,1.5083820065958091,-0.0
1076,Uniform,0.0,3.9918378375552055
1076,Screened,0.804865736440803,-0.0
1076,Yield per roof,1.9540952434315104,-0.0
1076,Procurement,0.8960292678582391,2.7892790011332527
1076,Combined,1.701108888052545,-0.0
1077,Uniform,0.0,13.253672014819164
1077,Screened,0.4125924429127536,-0.0
1077,Yield per roof,1.037979683312912,1.8147468025092328
1077,Procurement,0.9534738236816196,7.622702898745507
1077,Combined,1.367278657414403,-0.0
1078,Uniform,0.0,19.63116023893458
1078,Screened,0.4675584658871798,-0.0
1078,Yield per roof,1.0939627628725077,4.499757046074855
1078,Procurement,0.820588570098181,14.23209091915923
1078,Combined,1.2997222986467278,-0.0
1079,Uniform,-1.4210854715202004e-14,2.9894966216909964
1079,Screened,0.7264760603058704,-0.0
1079,Yield per roof,1.8092434433437177,-0.0
1079,Procurement,0.9827653489470548,1.6787613951054647
1079,Combined,1.709175400259852,-0.0
1080,Uniform,-7.105427357601002e-15,37.34336845168319
1080,Screened,0.2627916564850991,12.342136967416485
1080,Yield per roof,0.6657525791144323,22.022547459480812
1080,Procurement,0.8589374653473953,18.698415543366337
1080,Combined,1.1225164638758829,-0.0
1081,Uniform,0.0,11.499024332941367
1081,Screened,0.8000618084050473,-0.0
1081,Yield per roof,1.9735679223100815,-0.0
1081,Procurement,0.8346481861305222,7.950637009976148
1081,Combined,1.6348377408215242,-0.0
1082,Uniform,0.0,3.3493124380589645
1082,Screened,0.7376053492556309,-0.0
1082,Yield per roof,1.8111946184308465,-0.0
1082,Procurement,1.001009119891762,2.0086187904302686
1082,Combined,1.741312279691897,-0.0
1083,Uniform,0.0,4.452691494470914
1083,Screened,0.7954333282825417,-0.0
1083,Yield per roof,1.907701065804133,-0.0
1083,Procurement,0.9278069820528289,2.864797666459471
1083,Combined,1.7242056276890594,-0.0
1084,Uniform,0.0,9.657477062274491
1084,Screened,0.4275295669245764,-0.0
1084,Yield per roof,1.1485904874002983,0.4532563711792912
1084,Procurement,1.001549026963616,5.023229639915575
1084,Combined,1.4315778325636046,-0.0
1085,Uniform,0.0,32.73299257370593
1085,Screened,0.4400863276415094,-0.0
1085,Yield per roof,1.1408135491571727,9.90651652470801
1085,Procurement,1.0261300163624585,24.81752269717084
1085,Combined,1.4678963943000412,-0.0
1086,Uniform,0.0,22.09003054276515
1086,Screened,0.6502903359039323,-0.0
1086,Yield per roof,1.5937578661755083,3.449352031561471
1086,Procurement,0.9669985292394188,16.487599167668012
1086,Combined,1.61910904774777,-0.0
1087,Uniform,0.0,14.734618349030104
1087,Screened,0.4502560455496507,-0.0
1087,Yield per roof,1.1636545588502685,1.9324204243701784
1087,Procurement,0.985498491120353,8.908495988210808
1087,Combined,1.4371639723673866,-0.0
1088,Uniform,0.0,4.156057866149448
1088,Screened,0.8242924742393143,-0.0
1088,Yield per roof,1.9702170814244369,-0.0
1088,Procurement,0.8498463313324294,2.962132436445373
1088,Combined,1.673679889077647,-0.0
1089,Uniform,0.0,7.890828452913935
1089,Screened,0.4981919160314021,-0.0
1089,Yield per roof,1.3191828810157349,-0.0
1089,Procurement,0.8998967463789569,3.982904043683303
1089,Combined,1.3995666236077398,-0.0
1090,Uniform,-1.4210854715202004e-14,6.987964262659792
1090,Screened,0.5451643741303371,-0.0
1090,Yield per roof,1.430108674332459,-0.0
1090,Procurement,1.047998955914693,2.8167012784732792
1090,Combined,1.5972342300613036,-0.0
1091,Uniform,0.0,103.41100590229068
1091,Screened,0.2306315151107156,61.59417068738725
1091,Yield per roof,0.6197955071157004,80.10171740648659
1091,Procurement,0.9698136673674896,77.17271997800628
1091,Combined,1.200662689006755,42.62323297318029
1092,Uniform,0.0,21.25686869876322
1092,Screened,0.6381363021851314,-0.0
1092,Yield per roof,1.5579934895892509,3.050575770057962
1092,Procurement,1.0869649512409296,14.814854793232024
1092,Combined,1.7273152576874935,-0.0
1093,Uniform,0.0,10.84218186063075
1093,Screened,0.5942189155619957,-0.0
1093,Yield per roof,1.473211192068689,0.3191142443181197
1093,Procurement,0.9994600289777936,6.311574296099551
1093,Combined,1.5941324147058396,-0.0
1094,Uniform,0.0,54.22583162594689
1094,Screened,0.4176103530215158,17.28427627015036
1094,Yield per roof,1.01439661248925,31.50720760707685
1094,Procurement,0.7334050122237699,34.432773938577895
1094,Combined,1.152567039662813,2.989689494759001
1095,Uniform,0.0,11.614836230451822
1095,Screened,0.4199514808826308,-0.0
1095,Yield per roof,1.136284262730456,0.9795126285651624
1095,Procurement,0.9997709256442278,6.388414638421061
1095,Combined,1.4198115603299613,-0.0
1096,Uniform,0.0,16.524651969142276
1096,Screened,0.3529814235062645,-0.0
1096,Yield per roof,0.8910894947385302,3.72239678919037
1096,Procurement,0.8732194461472744,10.450712613268283
1096,Combined,1.226595856045023,-0.0
1097,Uniform,3.552713678800501e-15,62.31695829064828
1097,Screened,0.210682892504888,33.5869903239143
1097,Yield per roof,0.5289287063378723,46.06339071374246
1097,Procurement,0.9325877450826638,36.8617255666118
1097,Combined,1.1438789531139406,15.166179311872844
1098,Uniform,0.0,50.21515027008012
1098,Screened,0.2382752994443677,22.643291420142717
1098,Yield per roof,0.6094626693741318,34.42178898664106
1098,Procurement,0.970664868580016,23.77615023052478
1098,Combined,1.210361180814651,3.511075738355669
1099,Uniform,0.0,19.87526119907213
1099,Screened,0.4985366704637641,-0.0
1099,Yield per roof,1.3254563235341976,3.214352929956515
1099,Procurement,0.9886054573434536,13.91109665649494
1099,Combined,1.4886632625079557,-0.0
1100,Uniform,0.0,19.276945706377155
1100,Screened,0.6346543323003573,-0.0
1100,Yield per roof,1.596336415197996,2.47893894587553
1100,Procurement,0.7835676651396284,14.650766175273992
1100,Combined,1.418040756086242,-0.0
1101,Uniform,0.0,12.120144304141077
1101,Screened,0.3101751803123065,-0.0
1101,Yield per roof,0.8037588469370007,1.855702207822288
1101,Procurement,0.887079903586482,6.885484340739736
1101,Combined,1.2016782857871178,-0.0
1102,Uniform,0.0,23.38204328935888
1102,Screened,0.487383764385612,-0.0
1102,Yield per roof,1.27325548159574,5.187177046229072
1102,Procurement,1.0773020639544768,16.03545195716928
1102,Combined,1.5667979140692267,-0.0
1103,Uniform,0.0,14.919095272456769
1103,Screened,0.6092157690806204,-0.0
1103,Yield per roof,1.4606143506745468,1.5888804307592066
1103,Procurement,0.8853699043956169,9.70856028807585
1103,Combined,1.4942501639219188,-0.0
1104,Uniform,0.0,4.13401443168063
1104,Screened,0.6281996661859353,-0.0
1104,Yield per roof,1.530237724980708,-0.0
1104,Procurement,0.9516150312720412,2.1572318767994187
1104,Combined,1.5799612268274783,-0.0
1105,Uniform,0.0,16.562635582668385
1105,Screened,0.4001314129401976,-0.0
1105,Yield per roof,0.9850907214457578,3.3867111745218685
1105,Procurement,1.0449246601445736,9.964583457982886
1105,Combined,1.4490566178674698,-0.0
1106,Uniform,0.0,5.352277492211663
1106,Screened,0.7481811235884663,-0.0
1106,Yield per roof,1.904135796932664,-0.0
1106,Procurement,0.8361347503746686,3.212512593943305
1106,Combined,1.584829224906514,-0.0
1107,Uniform,0.0,36.31367802638747
1107,Screened,0.3589451318620504,5.370751928226653
1107,Yield per roof,0.9310159683615852,17.37465749981445
1107,Procurement,0.8354763348471934,25.04315793011336
1107,Combined,1.1972293862313703,-0.0
1108,Uniform,-7.105427357601002e-15,48.08542654699784
1108,Screened,0.3808656937791355,13.90754571961703
1108,Yield per roof,0.906542728961341,28.494036619101504
1108,Procurement,0.8591307367139649,28.31962208925232
1108,Combined,1.2450706532344782,-0.0
1109,Uniform,0.0,76.00265931782664
1109,Screened,0.3413423239123148,36.45912357946112
1109,Yield per roof,0.8423503429248314,52.733901365739584
1109,Procurement,0.9822829442876326,49.548994025365445
1109,Combined,1.3240238871355103,17.33177847759975
1110,Uniform,0.0,19.80591971226442
1110,Screened,0.3889384055762903,-0.0
1110,Yield per roof,1.010317905416244,4.693015663793723
1110,Procurement,0.8848456035383236,13.203739021923456
1110,Combined,1.273068842364033,-0.0
1111,Uniform,2.8421709430404014e-14,3.048923819888945
1111,Screened,0.7776097151629813,-0.0
1111,Yield per roof,1.983394458440813,-0.0
1111,Procurement,0.8386599931264129,1.9207755480899893
1111,Combined,1.6182056549475303,-0.0
1112,Uniform,0.0,8.182706228195467
1112,Screened,0.8148656106757528,-0.0
1112,Yield per roof,2.0087322111616004,-0.0
1112,Procurement,0.8196914595341411,4.620830968774088
1112,Combined,1.6354984833554624,-0.0
1113,Uniform,0.0,11.881989784397506
1113,Screened,0.407238737969422,-0.0
1113,Yield per roof,1.1081641830477338,1.14627184438005
1113,Procurement,0.9065182198516908,6.909557888342244
1113,Combined,1.314223512666345,-0.0
1114,Uniform,0.0,20.1510264292398
1114,Screened,0.3477465563092181,-0.0
1114,Yield per roof,0.8837662223000109,5.4083958162962285
1114,Procurement,1.0392976409119967,12.227845238518242
1114,Combined,1.3878654522684857,-0.0
1115,Uniform,0.0,27.682232741248686
1115,Screened,0.3537969510113896,-0.0
1115,Yield per roof,0.9713267136898268,8.375421006398163
1115,Procurement,0.7971451258660167,21.545873713547767
1115,Combined,1.151448062491994,-0.0
1116,Uniform,1.4210854715202004e-14,14.329271223393148
1116,Screened,0.6249993525478459,-0.0
1116,Yield per roof,1.5308658143365648,1.2830852056759556
1116,Procurement,0.9078925397927976,9.291691347109907
1116,Combined,1.5355286202012195,-0.0
1117,Uniform,0.0,18.061768781868327
1117,Screened,0.376696634656966,-0.0
1117,Yield per roof,0.9661057277094188,3.893047301186165
1117,Procurement,0.9340734304744274,12.102640811602836
1117,Combined,1.3204435037837357,-0.0
1118,Uniform,-1.4210854715202004e-14,3.492480566085475
1118,Screened,0.6913633794032279,-0.0
1118,Yield per roof,1.6975326178411765,-0.0
1118,Procurement,0.9877595861670444,2.169306704464949
1118,Combined,1.6828638949194925,-0.0
1119,Uniform,0.0,14.074495343380852
1119,Screened,0.3785936527282558,-0.0
1119,Yield per roof,1.0216665047482325,1.938600897680038
1119,Procurement,0.8452747498460909,9.090061074901124
1119,Combined,1.224570159363921,-0.0
1120,Uniform,0.0,5.17263235782759
1120,Screened,0.910717548479738,-0.0
1120,Yield per roof,2.13825768131332,-0.0
1120,Procurement,0.808730909882712,3.577562548723721
1120,Combined,1.7193600574524623,-0.0
1121,Uniform,0.0,83.01544515411817
1121,Screened,0.1717103827296178,49.39060023246115
1121,Yield per roof,0.4338635532182131,66.36695528352894
1121,Procurement,0.953418462732536,56.96435440397349
1121,Combined,1.1300887648365825,30.444229556484512
1122,Uniform,0.0,27.818367853617467
1122,Screened,0.5697469976956739,-0.0
1122,Yield per roof,1.3917223785976771,6.864560416842091
1122,Procurement,1.1344091192206776,19.340951904846023
1122,Combined,1.708828897127944,-0.0
1123,Uniform,0.0,10.070422604225818
1123,Screened,0.6812990040097731,-0.0
1123,Yield per roof,1.7327333715113724,-0.0
1123,Procurement,0.88794743980921,6.211795962091437
1123,Combined,1.5702542729047335,-0.0
1124,Uniform,0.0,87.96301962708647
1124,Screened,0.2293055735636571,50.65663312629874
1124,Yield per roof,0.5758815457375164,67.7107261123183
1124,Procurement,1.1704487923825369,55.98148361273597
1124,Combined,1.4013611611267436,27.45676145576126
1125,Uniform,0.0,31.782431063145747
1125,Screened,0.3890341089476905,1.3365888943887805
1125,Yield per roof,0.9989605834358812,12.166978240580052
1125,Procurement,0.8698536599593254,24.07140274595614
1125,Combined,1.2597058011929647,-0.0
1126,Uniform,0.0,100.1071419727778
1126,Screened,0.2222756895623874,59.13331932336988
1126,Yield per roof,0.6045242310863017,77.92998609369353
1126,Procurement,1.046156181392874,71.47936417393812
1126,Combined,1.2702803725552272,38.374381364131295
1127,Uniform,0.0,11.6623197827226
1127,Screened,0.4734852757331538,-0.0
1127,Yield per roof,1.1648541250396818,1.1809565338533183
1127,Procurement,1.0203034490007212,6.239774745729017
1127,Combined,1.4963298305768973,-0.0
1128,Uniform,0.0,7.570319269184988
1128,Screened,0.5462627900308661,-0.0
1128,Yield per roof,1.3347035475124045,-0.0
1128,Procurement,1.0450401334264967,3.0267390201404605
1128,Combined,1.592234705930693,-0.0
1129,Uniform,0.0,36.37034602427722
1129,Screened,0.5241463184028845,-0.0
1129,Yield per roof,1.301815464933668,11.42520592968471
1129,Procurement,0.9779779469257904,29.1649010620787
1129,Combined,1.5036124423300803,-0.0
1130,Uniform,0.0,59.55981684942714
1130,Screened,0.31446853242808,25.80839779161715
1130,Yield per roof,0.783661335831745,39.77282401810925
1130,Procurement,0.9597070756313144,33.43907340244145
1130,Combined,1.2754196197276215,6.900340823072604
1131,Uniform,-1.4210854715202004e-14,11.41861328838358
1131,Screened,0.7277148116767194,-0.0
1131,Yield per roof,1.7937118872658573,0.0467992127018691
1131,Procurement,0.8634031882935744,7.667526113815049
1131,Combined,1.5918901162089298,-0.0
1132,Uniform,0.0,23.49317717018531
1132,Screened,0.4862591591070355,-0.0
1132,Yield per roof,1.1933481366104672,5.931770778940828
1132,Procurement,0.8811832384750744,16.700563458624465
1132,Combined,1.3686368830157676,-0.0
1133,Uniform,0.0,35.00179525465483
1133,Screened,0.4644148526378302,-0.0
1133,Yield per roof,1.2077298696591612,10.74029903746329
1133,Procurement,0.8350183652555074,28.567869653955647
1133,Combined,1.300501987458034,-0.0
1134,Uniform,1.4210854715202004e-14,6.463734487558074
1134,Screened,0.6231827212016015,-0.0
1134,Yield per roof,1.541711879410073,-0.0
1134,Procurement,0.8976655838822722,3.000193174862118
1134,Combined,1.520980796982229,-0.0
1135,Uniform,0.0,21.809198967045333
1135,Screened,0.3966178600038148,-0.0
1135,Yield per roof,1.0086068431199775,5.723826564448155
1135,Procurement,0.8951932422759725,14.909005785228086
1135,Combined,1.2917798377728644,-0.0
1136,Uniform,1.4210854715202004e-14,9.405802460438428
1136,Screened,0.6014795150972816,-0.0
1136,Yield per roof,1.5207735620557088,-0.0
1136,Procurement,0.79213026759831,5.966799926483964
1136,Combined,1.395762247705008,-0.0
1137,Uniform,0.0,2.5050741889539725
1137,Screened,0.6022980882623585,-0.0
1137,Yield per roof,1.558996088556242,-0.0
1137,Procurement,0.8985283625737281,1.2975453144704012
1137,Combined,1.5003689500756394,-0.0
1138,Uniform,0.0,31.893957587751125
1138,Screened,0.2681625597242529,7.326136525330194
1138,Yield per roof,0.7093357492405943,16.66130673291498
1138,Procurement,0.9163943296651312,17.853208081973676
1138,Combined,1.1855661009387433,-0.0
1139,Uniform,-1.4210854715202004e-14,12.699027616184306
1139,Screened,0.5462541522012856,-0.0
1139,Yield per roof,1.3678114138738238,1.067268357247093
1139,Procurement,0.916248675067422,7.800797081809831
1139,Combined,1.4643507279608912,-0.0
1140,Uniform,0.0,3.789988673803239
1140,Screened,0.5096246310287,-0.0
1140,Yield per roof,1.2490560159396864,-0.0
1140,Procurement,0.9084325477976308,1.8744666342268936
1140,Combined,1.4232895619630312,-0.0
1141,Uniform,0.0,38.79112400201876
1141,Screened,0.3754010104115153,5.820340326810404
1141,Yield per roof,1.0022531323412591,18.77426308370917
1141,Procurement,0.8595219438102006,26.96593405085105
1141,Combined,1.2380450278392845,-0.0
1142,Uniform,0.0,22.691760002691357
1142,Screened,0.4862885592171153,-0.0
1142,Yield per roof,1.230342346811824,5.110666146635372
1142,Procurement,0.9148966459742098,16.01989374978429
1142,Combined,1.4023240633526513,-0.0
1143,Uniform,-1.4210854715202004e-14,5.525390018953688
1143,Screened,0.7155273995242624,-0.0
1143,Yield per roof,1.7333170907806874,-0.0
1143,Procurement,0.8700887551405856,3.001786031392636
1143,Combined,1.5849853523154565,-0.0
1144,Uniform,0.0,25.00123262561346
1144,Screened,0.5747802086635545,-0.0
1144,Yield per roof,1.4015106335930057,5.529774571874104
1144,Procurement,1.1444119577584928,17.230110332221457
1144,Combined,1.7208092432353936,-0.0
1145,Uniform,1.4210854715202004e-14,3.4941851973818854
1145,Screened,0.5752895538445557,-0.0
1145,Yield per roof,1.4452248437679884,-0.0
1145,Procurement,0.8895392826215556,1.9715796290874064
1145,Combined,1.4668171728666692,-0.0
1146,Uniform,0.0,71.9719807614739
1146,Screened,0.3145883842466972,34.91084985394168
1146,Yield per roof,0.7513308283655533,51.93674080288618
1146,Procurement,1.0069336432610498,44.34481165028858
1146,Combined,1.325581012014304,14.827782588818511
1147,Uniform,0.0,16.140827902071017
1147,Screened,0.4730832182836906,-0.0
1147,Yield per roof,1.1896299830610817,2.297896579042795
1147,Procurement,0.97514907923032,10.3788086252844
1147,Combined,1.4500212277582705,-0.0
1148,Uniform,0.0,8.16470621392658
1148,Screened,0.6768464330661601,-0.0
1148,Yield per roof,1.7272324792100733,-0.0
1148,Procurement,0.8633833315545729,4.444118463178487
1148,Combined,1.5398680859523497,-0.0
1149,Uniform,0.0,8.837774916512178
1149,Screened,0.6628594076874919,-0.0
1149,Yield per roof,1.6195897556497556,-0.0
1149,Procurement,0.9042258301870874,4.9097117479351
1149,Combined,1.5684008826994926,-0.0
1150,Uniform,0.0,113.58286624520288
1150,Screened,0.329431922850631,64.00810875221846
1150,Yield per roof,0.843878805306872,85.6676788881662
1150,Procurement,0.9592584816651808,87.68986018538946
1150,Combined,1.2895347702773847,45.2670613879656
1151,Uniform,0.0,26.874529744541213
1151,Screened,0.4039002606766786,-0.0
1151,Yield per roof,0.9705003529819578,8.210100190125639
1151,Procurement,1.2068995301700485,17.59711389536849
1151,Combined,1.613543662993763,-0.0
1152,Uniform,0.0,58.86130046403148
1152,Screened,0.4135155860771817,19.57347633938886
1152,Yield per roof,1.0284528401458033,35.4895785440535
1152,Procurement,1.0165479652288385,32.192615135418464
1152,Combined,1.4325253771428237,0.0613369774234572
1153,Uniform,0.0,3.5081384396579383
1153,Screened,0.5382056845164414,-0.0
1153,Yield per roof,1.4353091994112075,-0.0
1153,Procurement,0.8727697158724652,1.9132143369072927
1153,Combined,1.41056569530177,-0.0
1154,Uniform,0.0,61.68462112829036
1154,Screened,0.3240552805535657,26.717461832221
1154,Yield per roof,0.819506898352742,40.98915133435924
1154,Procurement,1.1060373104487269,31.696203663779585
1154,Combined,1.4308978446277931,5.029589768184423
1155,Uniform,1.4210854715202004e-14,6.585834312655746
1155,Screened,0.5969891245061945,-0.0
1155,Yield per roof,1.4913269853848163,-0.0
1155,Procurement,1.0950424336988789,2.697619658679032
1155,Combined,1.6951597368771871,-0.0
1156,Uniform,0.0,18.05156736201779
1156,Screened,0.3232633976627497,-0.0
1156,Yield per roof,0.8166738540323095,4.789615685911363
1156,Procurement,0.9082786726696668,11.183948878114474
1156,Combined,1.2323071091548456,-0.0
1157,Uniform,0.0,30.355208555178688
1157,Screened,0.4208605228415365,-0.0
1157,Yield per roof,1.0130990900756558,10.01759349697811
1157,Procurement,0.8789503815556543,23.60649245286966
1157,Combined,1.2993092489138292,-0.0
1158,Uniform,0.0,27.41477770340636
1158,Screened,0.4836366442794855,-0.0
1158,Yield per roof,1.2069535060413017,7.408752647640376
1158,Procurement,0.9714826175168554,19.91063042509067
1158,Combined,1.4566043425856492,-0.0
1159,Uniform,0.0,38.38646984324779
1159,Screened,0.4088974997611672,5.898564087773916
1159,Yield per roof,1.012085756717596,17.662948884253506
1159,Procurement,0.8620084862283051,26.19002443305195
1159,Combined,1.2717120041332848,-0.0
1160,Uniform,0.0,16.39612107814969
1160,Screened,0.3378665818036452,-0.0
1160,Yield per roof,0.8780117128281972,3.664446143656124
1160,Procurement,0.986927204205834,9.729374396276963
1160,Combined,1.3263242400460342,-0.0
1161,Uniform,1.4210854715202004e-14,7.249165816462858
1161,Screened,0.6725341850064979,-0.0
1161,Yield per roof,1.6253201008097165,-0.0
1161,Procurement,0.983502622991594,3.2367421867743484
1161,Combined,1.6557856739198655,-0.0
1162,Uniform,0.0,28.17889730630552
1162,Screened,0.4414577336241478,-0.0
1162,Yield per roof,1.099187739362435,8.166262457906404
1162,Procurement,1.0773615624030697,19.854161695444574
1162,Combined,1.5203977955438577,-0.0
1163,Uniform,0.0,9.573737712174156
1163,Screened,0.3808690174699194,-0.0
1163,Yield per roof,1.011678271319191,0.7406640558353687
1163,Procurement,0.881230562586957,5.1175069948372505
1163,Combined,1.2630881951554045,-0.0
1164,Uniform,0.0,18.52770884635628
1164,Screened,0.3495422472710885,-0.0
1164,Yield per roof,0.9126916413416524,4.506819809460846
1164,Procurement,0.9135726307647332,11.786088402244678
1164,Combined,1.2628625753695033,-0.0
1165,Uniform,0.0,13.369562421805927
1165,Screened,0.6755170843197931,-0.0
1165,Yield per roof,1.6537805020738858,0.8457095432176911
1165,Procurement,0.8174887981830494,9.055045497452603
1165,Combined,1.4926686136266056,-0.0
1166,Uniform,-7.105427357601002e-15,28.46056628716488
1166,Screened,0.3798787539270947,-0.0
1166,Yield per roof,0.9580674706785928,8.977162228751942
1166,Procurement,0.9611637658453064,21.11020894800558
1166,Combined,1.3411284538951591,-0.0
1167,Uniform,0.0,10.013502861033082
1167,Screened,0.6790495902221068,-0.0
1167,Yield per roof,1.7658376803675395,-0.0
1167,Procurement,0.7855176763399498,6.601509907741954
1167,Combined,1.4680310122766826,-0.0
1168,Uniform,0.0,23.812163861503706
1168,Screened,0.4856058737835269,-0.0
1168,Yield per roof,1.2397001734790791,5.526571610473237
1168,Procurement,1.0225978339389457,16.462020578980272
1168,Combined,1.5091435022442283,-0.0
1169,Uniform,0.0,19.989160129219165
1169,Screened,0.3896846758510079,-0.0
1169,Yield per roof,0.980749375137087,4.975126515424914
1169,Procurement,0.928975168563504,13.096555507008048
1169,Combined,1.32032862577568,-0.0
1170,Uniform,0.0,13.262833739050048
1170,Screened,0.5884612477058795,-0.0
1170,Yield per roof,1.490174887164784,0.9337618176054976
1170,Procurement,1.0902727257578135,7.881773574143061
1170,Combined,1.6840339619160574,-0.0
1171,Uniform,1.4210854715202004e-14,3.4730997729369117
1171,Screened,0.7420540144230188,-0.0
1171,Yield per roof,1.8385563764196604,-0.0
1171,Procurement,0.8846964040114074,2.284462967691782
1171,Combined,1.6266880209383316,-0.0
1172,Uniform,0.0,22.446085847828112
1172,Screened,0.3147711065501255,-0.0
1172,Yield per roof,0.8271534751840051,6.632749143974759
1172,Procurement,0.8445673369915312,15.946717052591437
1172,Combined,1.1607238624554697,-0.0
1173,Uniform,0.0,6.674640285356825
1173,Screened,0.5895504507829799,-0.0
1173,Yield per roof,1.5231455020763462,-0.0
1173,Procurement,1.0148512380110049,2.841232539051229
1173,Combined,1.604444795401065,-0.0
1174,Uniform,0.0,23.777919343647948
1174,Screened,0.365108339837306,-0.0
1174,Yield per roof,0.9333501116473144,6.8344515717190495
1174,Procurement,0.8606528233750765,17.151098280161143
1174,Combined,1.2276163366866657,-0.0
1175,Uniform,0.0,81.78624855945107
1175,Screened,0.2197526982612956,46.52177947595148
1175,Yield per roof,0.580051105079491,62.131799488179446
1175,Procurement,1.075499495378054,52.36699872081638
1175,Combined,1.2959517154966775,25.208984393896223
1176,Uniform,0.0,29.59141586385753
1176,Screened,0.3233081409352891,2.0363972727513278
1176,Yield per roof,0.8899002746522484,11.791034071263102
1176,Procurement,1.0770772376722562,19.582948075734013
1176,Combined,1.4009970651104169,-0.0
1177,Uniform,0.0,11.374502036478734
1177,Screened,0.8211200926624542,-0.0
1177,Yield per roof,2.006467847960238,-0.0
1177,Procurement,0.7829826338123098,8.027597520019189
1177,Combined,1.6042293487006702,-0.0
1178,Uniform,1.4210854715202004e-14,9.024976581711352
1178,Screened,0.6539366102533535,-0.0
1178,Yield per roof,1.5637538951007883,-0.0
1178,Procurement,0.9453141404371904,4.922117050898086
1178,Combined,1.5997858984888182,-0.0
1179,Uniform,0.0,12.097237356850954
1179,Screened,0.699855716150239,-0.0
1179,Yield per roof,1.6929183257988996,0.3931348219154201
1179,Procurement,0.9272734587718928,7.835844518783202
1179,Combined,1.629157918989037,-0.0
1180,Uniform,0.0,94.75737386181709
1180,Screened,0.2531407986610787,54.142294003441165
1180,Yield per roof,0.667695170203622,71.99617998278612
1180,Procurement,0.9957046699548612,67.60980457734186
1180,Combined,1.2494155564734726,34.485246477872295
1181,Uniform,0.0,70.90674935038004
1181,Screened,0.2058563190977729,39.019786543942544
1181,Yield per roof,0.5658187504900418,52.72062151186661
1181,Procurement,0.9605050483527968,44.66077297426415
1181,Combined,1.1665997471388216,20.02875855482351
1182,Uniform,0.0,13.00787682676785
1182,Screened,0.5640507144815246,-0.0
1182,Yield per roof,1.464191865672504,0.8613109917112847
1182,Procurement,0.906718464567831,8.392046002894872
1182,Combined,1.4736055351880282,-0.0
1183,Uniform,0.0,14.764847810019033
1183,Screened,0.4933112757338591,-0.0
1183,Yield per roof,1.2720384676006802,1.6795073214856957
1183,Procurement,1.0978358082330288,8.500470558862519
1183,Combined,1.5928503737889486,-0.0
1184,Uniform,0.0,10.481473630185716
1184,Screened,0.4615920263740918,-0.0
1184,Yield per roof,1.2104024561155595,0.6278459517154473
1184,Procurement,0.8953361257239436,6.06657025756552
1184,Combined,1.3577816987515234,-0.0
1185,Uniform,0.0,9.43961089510614
1185,Screened,0.4827881267634666,-0.0
1185,Yield per roof,1.210951912501173,0.4387594920472197
1185,Procurement,0.9136238608678866,5.10898648896338
1185,Combined,1.396370106924408,-0.0
1186,Uniform,-1.4210854715202004e-14,6.241708635304721
1186,Screened,0.6013856954854191,-0.0
1186,Yield per roof,1.513090067656222,-0.0
1186,Procurement,1.0788891009273556,2.634529158779031
1186,Combined,1.6820113563953356,-0.0
1187,Uniform,0.0,13.388423729137315
1187,Screened,0.6108136233713424,-0.0
1187,Yield per roof,1.5083189276271014,1.070358561308583
1187,Procurement,0.8546014344094743,8.711404087184535
1187,Combined,1.4657895523625797,-0.0
1188,Uniform,0.0,16.286129215142978
1188,Screened,0.3887565586301775,-0.0
1188,Yield per roof,0.974971519831996,3.332333892463646
1188,Procurement,0.9212911389460032,10.191301793268044
1188,Combined,1.309964461628418,-0.0
1189,Uniform,0.0,14.700899779075336
1189,Screened,0.3999456794680895,-0.0
1189,Yield per roof,1.0083105278295506,2.4391449310618403
1189,Procurement,0.906515493117638,9.204633210114704
1189,Combined,1.3064365867903265,-0.0
1190,Uniform,0.0,25.19222423857869
1190,Screened,0.4005775906832269,-0.0
1190,Yield per roof,1.0838221933070855,6.683208873957238
1190,Procurement,0.8863719267945385,18.36021903203653
1190,Combined,1.2890067198915034,-0.0
1191,Uniform,0.0,13.145638021858444
1191,Screened,0.4701182803392356,-0.0
1191,Yield per roof,1.2189560906452217,1.3138002904378183
1191,Procurement,1.1019078137517653,7.175537696072087
1191,Combined,1.5726735738624311,-0.0
1192,Uniform,0.0,53.451043157955446
1192,Screened,0.2914652137221623,21.109548558923727
1192,Yield per roof,0.7597471076995461,35.57440667729616
1192,Procurement,1.187705442893801,24.005496023445463
1192,Combined,1.4830127321490778,-0.0
1193,Uniform,0.0,5.409739097472494
1193,Screened,0.5879783677982999,-0.0
1193,Yield per roof,1.4892229973460331,-0.0
1193,Procurement,0.904048332028367,2.5671039218911984
1193,Combined,1.4923889592487,-0.0
1194,Uniform,0.0,13.089988769288109
1194,Screened,0.4290297646164021,-0.0
1194,Yield per roof,1.0950089439990762,1.6163275594649205
1194,Procurement,0.9378899205773904,7.561640221043435
1194,Combined,1.3663271575224345,-0.0
1195,Uniform,0.0,14.359039229751502
1195,Screened,0.4714464152699946,-0.0
1195,Yield per roof,1.1745411512224848,1.8667342704762764
1195,Procurement,0.965848690090624,8.652475164402588
1195,Combined,1.437816579999918,-0.0
1196,Uniform,0.0,18.6417067245561
1196,Screened,0.406671342288547,-0.0
1196,Yield per roof,1.0050711050501633,4.27532895887748
1196,Procurement,0.9776822295932276,11.84719517932568
1196,Combined,1.385605463542106,-0.0
1197,Uniform,-1.4210854715202004e-14,15.202705508744843
1197,Screened,0.6714446069538269,-0.0
1197,Yield per roof,1.5916555620925834,1.521659935798652
1197,Procurement,0.8535670235036434,10.201422445977247
1197,Combined,1.5248885213906362,-0.0
1198,Uniform,0.0,5.931082598746133
1198,Screened,0.5255710958920474,-0.0
1198,Yield per roof,1.3272646698414832,-0.0
1198,Procurement,0.8854588115813442,2.536234763093493
1198,Combined,1.4111897112728258,-0.0
1199,Uniform,-7.105427357601002e-15,24.563983838631348
1199,Screened,0.3303160797497355,-0.0
1199,Yield per roof,0.8644922362594372,7.417422650890894
1199,Procurement,0.9216654110075312,17.45932702787171
1199,Combined,1.2529647882227335,-0.0
1200,Uniform,0.0,88.57060314612707
1200,Screened,0.2115048986814756,51.910177205357456
1200,Yield per roof,0.5450883571431717,68.95469865290387
1200,Procurement,1.0198356624543266,60.629526472668736
1200,Combined,1.2329067398356912,31.654425446412816
1201,Uniform,0.0,18.4816939062534
1201,Screened,0.3341510257867313,-0.0
1201,Yield per roof,0.8733187978046146,4.623556319876978
1201,Procurement,0.8620790963400964,11.950280148396
1201,Combined,1.196092414149625,-0.0
1202,Uniform,0.0,14.893284089237968
1202,Screened,0.3753363110061656,-0.0
1202,Yield per roof,0.9808171241983176,2.5230135043705246
1202,Procurement,1.0005304130077946,8.90382806567465
1202,Combined,1.378609709737809,-0.0
1203,Uniform,0.0,3.416327914869418
1203,Screened,0.8580777847206775,-0.0
1203,Yield per roof,2.107934128676476,-0.0
1203,Procurement,0.93559104412455,2.178222946223869
1203,Combined,1.793469104997456,-0.0
1204,Uniform,0.0,31.22544823185545
1204,Screened,0.3591287637892293,2.0709332551360453
1204,Yield per roof,0.9284909560291864,12.97961067873861
1204,Procurement,0.8899525400822199,22.725627468572323
1204,Combined,1.2512159517636192,-0.0
1205,Uniform,-1.4210854715202004e-14,3.1337725032797223
1205,Screened,0.6558587952376058,-0.0
1205,Yield per roof,1.670493906050794,-0.0
1205,Procurement,0.977246257916903,1.8230157010448171
1205,Combined,1.6335765240331312,-0.0
1206,Uniform,0.0,20.32836135146756
1206,Screened,0.4538524345713739,-0.0
1206,Yield per roof,1.089306482520442,4.753988320262307
1206,Procurement,1.0947794030274025,12.65745186301241
1206,Combined,1.5495441473456566,-0.0
1207,Uniform,0.0,53.33593037653836
1207,Screened,0.4281263420916303,16.03855214651137
1207,Yield per roof,1.0383632333112445,30.32244361994344
1207,Procurement,0.9245076611500308,30.701356390892137
1207,Combined,1.353090531069057,-0.0
1208,Uniform,0.0,22.13019226865072
1208,Screened,0.4655247975796754,-0.0
1208,Yield per roof,1.1511816204398428,5.241886128638395
1208,Procurement,1.063213343720264,14.403479195385874
1208,Combined,1.5293551275005086,-0.0
1209,Uniform,0.0,9.41521154696599
1209,Screened,0.5123127733644992,-0.0
1209,Yield per roof,1.2565221613106416,0.4622941190019484
1209,Procurement,0.9517172252768518,4.941938425978782
1209,Combined,1.465351093414057,-0.0
1210,Uniform,0.0,22.04080454034216
1210,Screened,0.4675378520886397,-0.0
1210,Yield per roof,1.1767296366286502,5.151523390850312
1210,Procurement,0.8461259889952686,15.677599016927433
1210,Combined,1.3145566796440988,-0.0
1211,Uniform,0.0,19.174875739105467
1211,Screened,0.4066682302500908,-0.0
1211,Yield per roof,0.9966676735603386,4.536020468645444
1211,Procurement,1.0524133096811,11.716981638661714
1211,Combined,1.4593676597974508,-0.0
1212,Uniform,-1.4210854715202004e-14,2.588512837534507
1212,Screened,0.6337236892104556,-0.0
1212,Yield per roof,1.5681069716911225,-0.0
1212,Procurement,0.928623258731804,1.3414796781289184
1212,Combined,1.5631154512831955,-0.0
1213,Uniform,0.0,37.28291993886136
1213,Screened,0.3000199990705781,9.951971640656213
1213,Yield per roof,0.7679873152490018,20.36770495442761
1213,Procurement,1.0020410272353573,19.94341669088921
1213,Combined,1.3028016378934524,-0.0
1214,Uniform,0.0,15.270320640472828
1214,Screened,0.7679123305947115,-0.0
1214,Yield per roof,1.7823272901602536,1.4148567528169949
1214,Procurement,0.9056055829073556,10.239953544042333
1214,Combined,1.6751444081247655,-0.0
1215,Uniform,0.0,26.27788485995954
1215,Screened,0.3563719639126645,-0.0
1215,Yield per roof,0.8859563355796212,8.278749510881273
1215,Procurement,0.8257560952978551,19.923379033357048
1215,Combined,1.1832317111572834,-0.0
1216,Uniform,0.0,22.64154550133412
1216,Screened,0.4433528564105131,-0.0
1216,Yield per roof,1.1071129391397676,5.719427804296757
1216,Procurement,1.0243046663128297,14.990126992432575
1216,Combined,1.4687021722323266,-0.0
1217,Uniform,0.0,16.989305952414473
1217,Screened,0.5238568537526334,-0.0
1217,Yield per roof,1.2752726997199917,2.5075090127425805
1217,Procurement,0.9284131961966438,11.505134880061572
1217,Combined,1.453336211023199,-0.0
1218,Uniform,0.0,85.64410950414742
1218,Screened,0.2118263887625211,50.17292129971301
1218,Yield per roof,0.5432699580896632,65.96395401403502
1218,Procurement,1.0159300042765445,58.01755886244989
1218,Combined,1.228099277605498,30.178176817918363
1219,Uniform,0.0,50.203697549070114
1219,Screened,0.393307878083398,14.844203981211908
1219,Yield per roof,0.9786887360400272,28.140278955981888
1219,Procurement,0.9399836892463682,28.554100817942427
1219,Combined,1.3335107536516515,-0.0
1220,Uniform,0.0,15.7119652500163
1220,Screened,0.3173145643419559,-0.0
1220,Yield per roof,0.8156216613012717,3.5478152963567786
1220,Procurement,0.8465770583661154,9.969827987655586
1220,Combined,1.1666869098624773,-0.0
1221,Uniform,0.0,22.694913889692877
1221,Screened,0.3349505334274738,-0.0
1221,Yield per roof,0.8192350336158754,6.980101331312798
1221,Procurement,0.9321659925202894,15.508013779743909
1221,Combined,1.2688347741281163,-0.0
1222,Uniform,0.0,21.055458193153594
1222,Screened,0.4500818729016629,-0.0
1222,Yield per roof,1.153678299769581,4.608949656705165
1222,Procurement,1.070112733359082,13.673045989328804
1222,Combined,1.5213577506341809,-0.0
1223,Uniform,0.0,6.621407220920386
1223,Screened,0.6280352088330545,-0.0
1223,Yield per roof,1.610617408684135,-0.0
1223,Procurement,0.9156097173223544,3.148153320968321
1223,Combined,1.54728970892333,-0.0
1224,Uniform,0.0,18.56616526696014
1224,Screened,0.3996401570881858,-0.0
1224,Yield per roof,0.9972048785238172,4.212693745754735
1224,Procurement,1.0598750719485963,11.31820247561829
1224,Combined,1.4610824041705257,-0.0
1225,Uniform,0.0,35.9158570453321
1225,Screened,0.3166764634328203,7.558518931115954
1225,Yield per roof,0.8104205006004221,19.087170453250888
1225,Procurement,0.8694394628517585,22.24247394321916
1225,Combined,1.1894283701457198,-0.0
1226,Uniform,0.0,25.413333606707145
1226,Screened,0.4289458733770601,-0.0
1226,Yield per roof,1.0519392980076532,7.190916249655728
1226,Procurement,1.0513739412149192,17.287737243089975
1226,Combined,1.4838797673561714,-0.0
1227,Uniform,0.0,11.277644049564184
1227,Screened,0.6629809123495392,-0.0
1227,Yield per roof,1.5821125451631133,0.4473560753649324
1227,Procurement,0.8918232283603515,7.10339060525547
1227,Combined,1.55715999071883,-0.0
1228,Uniform,0.0,15.914843838830532
1228,Screened,0.4609341520918235,-0.0
1228,Yield per roof,1.1783615604368831,2.2210361617217385
1228,Procurement,0.8876667123341946,10.674423731866336
1228,Combined,1.3477802122343403,-0.0
1229,Uniform,0.0,2.818935875258868
1229,Screened,0.8627638811841223,-0.0
1229,Yield per roof,2.094657522212401,-0.0
1229,Procurement,0.9053350832185744,1.6120763919008625
1229,Combined,1.7678804689082028,-0.0
1230,Uniform,0.0,18.149788742053044
1230,Screened,0.6121435564074744,-0.0
1230,Yield per roof,1.526386424144576,2.1994129624263272
1230,Procurement,0.9462957579653732,12.609722246183969
1230,Combined,1.559083551256947,-0.0
1231,Uniform,0.0,43.32346540984864
1231,Screened,0.2818650512282445,14.725588482466533
1231,Yield per roof,0.7618376659194652,25.88918807699716
1231,Procurement,0.9550604951521962,21.63862358637155
1231,Combined,1.2379741969041405,-0.0
1232,Uniform,0.0,29.77240738089237
1232,Screened,0.50169086511373,-0.0
1232,Yield per roof,1.205545761169759,8.59770039876608
1232,Procurement,1.2314609904589844,20.399961237290547
1232,Combined,1.7354540335003603,-0.0
1233,Uniform,7.105427357601002e-15,21.37929621281668
1233,Screened,0.3598201540043177,-0.0
1233,Yield per roof,0.8844541603505434,6.09335636562099
1233,Procurement,0.936681952233016,14.15758668568606
1233,Combined,1.2976838907379715,-0.0
1234,Uniform,-1.4210854715202004e-14,5.39994016362439
1234,Screened,0.67992774483983,-0.0
1234,Yield per roof,1.6600671845075112,-0.0
1234,Procurement,0.914123374323367,2.8137431144508924
1234,Combined,1.59368784347717,-0.0
1235,Uniform,0.0,7.8266622031897235
1235,Screened,0.4358709121643471,-0.0
1235,Yield per roof,1.1583218565263849,-0.0
1235,Procurement,0.8773585702635955,4.016521809481771
1235,Combined,1.3139732386485292,-0.0
1236,Uniform,0.0,36.62852675564131
1236,Screened,0.2835657548847337,10.27189975780938
1236,Yield per roof,0.7086499005984876,20.99917680493474
1236,Procurement,0.8915078967716283,19.973215656469417
1236,Combined,1.177790002087022,-0.0
1237,Uniform,1.4210854715202004e-14,16.596001529468566
1237,Screened,0.5603677519544874,-0.0
1237,Yield per roof,1.374878104978393,2.094881444118214
1237,Procurement,1.0582387742457229,10.34519578959688
1237,Combined,1.6203137625275588,-0.0
1238,Uniform,0.0,14.400033874162729
1238,Screened,0.6754282720128799,-0.0
1238,Yield per roof,1.6095841323132447,1.271140600744901
1238,Procurement,0.8830330160666762,9.60060089313567
1238,Combined,1.5645939168121004,-0.0
1239,Uniform,0.0,27.18388125309612
1239,Screened,0.3713271791813639,-0.0
1239,Yield per roof,0.9283731317232622,8.381325970443793
1239,Procurement,1.0655466774326428,18.945690955449653
1239,Combined,1.4444813528745613,-0.0
1240,Uniform,0.0,20.58345183276213
1240,Screened,0.4138633269302687,-0.0
1240,Yield per roof,1.103820020622038,4.521468063558078
1240,Procurement,0.917187822460761,14.07375909006155
1240,Combined,1.332112737359509,-0.0
1241,Uniform,0.0,9.888801828132673
1241,Screened,0.7168285707342363,-0.0
1241,Yield per roof,1.7413403424452838,-0.0
1241,Procurement,1.006455013519215,5.654705561838613
1241,Combined,1.7237704030459469,-0.0
1242,Uniform,0.0,7.32365901018938
1242,Screened,0.7425393996089156,-0.0
1242,Yield per roof,1.7424025353954562,-0.0
1242,Procurement,0.8015721655401649,3.933224857553544
1242,Combined,1.555295354892536,-0.0
1243,Uniform,0.0,18.26468759611412
1243,Screened,0.4424187135736162,-0.0
1243,Yield per roof,1.087798322786071,3.821038571877224
1243,Procurement,0.9986983870962264,11.749384462253198
1243,Combined,1.4439199215380114,-0.0
1244,Uniform,0.0,21.89698184212293
1244,Screened,0.305231892780057,-0.0
1244,Yield per roof,0.7902106125431558,6.528031084435148
1244,Procurement,0.9375314479624492,14.664312331604368
1244,Combined,1.2421336089645294,-0.0
1245,Uniform,0.0,68.88139002940596
1245,Screened,0.3026883115343821,32.240150300103174
1245,Yield per roof,0.8141857103828514,47.05944067470798
1245,Procurement,1.017650248436304,41.15987850715675
1245,Combined,1.3208203741830928,12.177067959172804
1246,Uniform,0.0,7.492344824420752
1246,Screened,0.6909187392513019,-0.0
1246,Yield per roof,1.8017727086440944,-0.0
1246,Procurement,1.0111192624495118,3.515099496583549
1246,Combined,1.7049455456486982,-0.0
1247,Uniform,0.0,31.853924918606427
1247,Screened,0.4523630277755899,-0.0
1247,Yield per roof,1.1240577879236753,9.912493662722923
1247,Procurement,0.9211455417348162,24.86225707799476
1247,Combined,1.3754687265187044,-0.0
1248,Uniform,0.0,22.099378881510837
1248,Screened,0.4683756117885878,-0.0
1248,Yield per roof,1.1797747034158448,5.087636741856236
1248,Procurement,0.8827243760387518,15.598675327993032
1248,Combined,1.3523375160472426,-0.0
1249,Uniform,0.0,22.471090736936983
1249,Screened,0.3999614943585499,-0.0
1249,Yield per roof,0.9759777068799876,6.2572105522525545
1249,Procurement,1.0654295433253935,14.239952010949745
1249,Combined,1.4675184175278986,-0.0
1250,Uniform,0.0,14.844531259634357
1250,Screened,0.4752331008157,-0.0
1250,Yield per roof,1.168667701184546,2.0797101664817514
1250,Procurement,0.896657296593574,9.552249204299166
1250,Combined,1.3726889815873164,-0.0
1251,Uniform,0.0,27.328771430544588
1251,Screened,0.2797015700288412,4.487006692745803
1251,Yield per roof,0.705921926240265,12.439808662629456
1251,Procurement,0.8621082251940564,16.35323421306277
1251,Combined,1.1413665167221083,-0.0
1252,Uniform,0.0,21.175626452792752
1252,Screened,0.3175714357842878,-0.0
1252,Yield per roof,0.8725771581266315,5.783191190275265
1252,Procurement,0.8754384259445374,14.432364663997305
1252,Combined,1.1931284648022853,-0.0
1253,Uniform,0.0,2.020164275466056
1253,Screened,0.6497432452433856,-0.0
1253,Yield per roof,1.5746229760465411,-0.0
1253,Procurement,0.9418834179183052,0.7564005759730045
1253,Combined,1.6034945925669604,-0.0
1254,Uniform,0.0,52.25156694048061
1254,Screened,0.2230192215240407,24.54575883332462
1254,Yield per roof,0.6114719234446255,35.71967360337504
1254,Procurement,0.9903277753192156,25.34120606445521
1254,Combined,1.2135925548727189,5.101291288917875
1255,Uniform,0.0,11.627528066718698
1255,Screened,0.4586419130672965,-0.0
1255,Yield per roof,1.2063268678088122,0.9617815214420145
1255,Procurement,0.934061416786662,6.752516228405443
1255,Combined,1.394248365040866,-0.0
1256,Uniform,0.0,24.047992005212382
1256,Screened,0.519466862121206,-0.0
1256,Yield per roof,1.2451778304689185,5.9580238331498885
1256,Procurement,0.8319848662241611,17.636638424163223
1256,Combined,1.3526143630061682,-0.0
1257,Uniform,-1.4210854715202004e-14,11.05686574019303
1257,Screened,0.7461964864263138,-0.0
1257,Yield per roof,1.8370661227063607,-0.0
1257,Procurement,0.7648604039751206,7.733827834709879
1257,Combined,1.5140462614716483,-0.0
1258,Uniform,-1.4210854715202004e-14,17.654822322064646
1258,Screened,0.5558517473354101,-0.0
1258,Yield per roof,1.4454624710226511,2.1445293374585246
1258,Procurement,0.9382366049426878,12.10515353798022
1258,Combined,1.4949081459084823,-0.0
1259,Uniform,0.0,16.085671196559666
1259,Screened,0.5096312866880197,-0.0
1259,Yield per roof,1.3070922606060122,2.107090803818452
1259,Procurement,1.060394217348346,9.88816008733526
1259,Combined,1.5710481649943515,-0.0
1260,Uniform,0.0,14.769434138606185
1260,Screened,0.6097483505706123,-0.0
1260,Yield per roof,1.4617677250264336,1.565241138882692
1260,Procurement,0.8015003855892218,10.040003308641
1260,Combined,1.412478380434152,-0.0
1261,Uniform,0.0,19.34613895065665
1261,Screened,0.3564938120720029,-0.0
1261,Yield per roof,0.9582902906097176,4.578229007259585
1261,Procurement,0.9342238687297026,12.475870294349008
1261,Combined,1.290363484205507,-0.0
1262,Uniform,0.0,25.486347606030137
1262,Screened,0.4777746260471076,-0.0
1262,Yield per roof,1.1831923898061092,6.642927077853635
1262,Procurement,1.0728501548086484,17.211303029038618
1262,Combined,1.5516386937313484,-0.0
1263,Uniform,0.0,4.473912748963508
1263,Screened,0.9745150533571234,-0.0
1263,Yield per roof,2.265871919021322,-0.0
1263,Procurement,0.9042769662988236,3.2814587064342704
1263,Combined,1.8793100689619,-0.0
1264,Uniform,-1.4210854715202004e-14,2.6277355963723408
1264,Screened,0.6125719417737798,-0.0
1264,Yield per roof,1.5445980880512735,-0.0
1264,Procurement,0.8744000881908249,1.4513339845267692
1264,Combined,1.4864136239676924,-0.0
1265,Uniform,0.0,2.6304034615217744
1265,Screened,0.8458859975890505,-0.0
1265,Yield per roof,2.1132072566997806,-0.0
1265,Procurement,0.8675881466080568,1.4645705167084762
1265,Combined,1.7139521780861742,-0.0
1266,Uniform,0.0,3.363639606934931
1266,Screened,0.6562954092190125,-0.0
1266,Yield per roof,1.731761309539806,-0.0
1266,Procurement,0.8843579409488598,2.175930480124852
1266,Combined,1.5397863965115732,-0.0
1267,Uniform,0.0,11.961198617445302
1267,Screened,0.4909351400836641,-0.0
1267,Yield per roof,1.2179202593635523,1.166795873819529
1267,Procurement,0.9070588825317998,6.956826197334389
1267,Combined,1.3984518524158034,-0.0
1268,Uniform,0.0,18.88059518147689
1268,Screened,0.4295204564928383,-0.0
1268,Yield per roof,1.0446981838501728,4.3291489458259225
1268,Procurement,1.0202435488930064,11.819758343994062
1268,Combined,1.4507514723450754,-0.0
1269,Uniform,0.0,48.13351311431924
1269,Screened,0.3225423611171791,16.32912097219146
1269,Yield per roof,0.8534324911740185,28.2118508079303
1269,Procurement,0.9939965444197156,24.44442646637965
1269,Combined,1.3164537064569757,-0.0
1270,Uniform,0.0,8.75882091849363
1270,Screened,0.7096237266652565,-0.0
1270,Yield per roof,1.798340264005759,-0.0
1270,Procurement,0.8422994281533818,5.100356996933201
1270,Combined,1.5542177123228385,-0.0
1271,Uniform,0.0,23.16307744954691
1271,Screened,0.4367597305045905,-0.0
1271,Yield per roof,1.124251470806669,5.793706376635327
1271,Procurement,0.9822286159287614,15.687327144222357
1271,Combined,1.420798536277431,-0.0
1272,Uniform,0.0,50.18915043215232
1272,Screened,0.2981799194481453,20.19345924117588
1272,Yield per roof,0.7515481682638239,31.567470008579907
1272,Procurement,0.8869424809874431,26.106455216816286
1272,Combined,1.1844535340319666,2.821918518543296
1273,Uniform,0.0,61.85809310377383
1273,Screened,0.2960836474529245,28.51712965287843
1273,Yield per roof,0.7319930948570033,42.82685708098703
1273,Procurement,1.0446032699463927,33.27262565262268
1273,Combined,1.3422354575238842,7.815555418943654
1274,Uniform,1.4210854715202004e-14,15.62606270715786
1274,Screened,0.6562459118886892,-0.0
1274,Yield per roof,1.6520281266519277,1.3443121039345662
1274,Procurement,0.756978660168869,11.166289466072124
1274,Combined,1.4129609009673203,-0.0
1275,Uniform,0.0,21.88084989508941
1275,Screened,0.3106680496919267,-0.0
1275,Yield per roof,0.7712777824290384,6.65809625529312
1275,Procurement,0.916057116336816,14.819535966886123
1275,Combined,1.2320832743123518,-0.0
1276,Uniform,0.0,9.609658633649373
1276,Screened,0.5622748973760281,-0.0
1276,Yield per roof,1.3455746224754537,0.4518183498013022
1276,Procurement,0.9370966383207248,5.269035685299299
1276,Combined,1.5021121215085032,-0.0
1277,Uniform,0.0,22.933017252879807
1277,Screened,0.370771340425911,-0.0
1277,Yield per roof,0.929322626223275,6.543522911794082
1277,Procurement,1.1723396767915943,13.862413350083925
1277,Combined,1.5459903762746805,-0.0
1278,Uniform,0.0,77.94718209922307
1278,Screened,0.2031820003915392,44.19159666029492
1278,Yield per roof,0.5690578965666937,58.81290411722869
1278,Procurement,1.0357889743913766,49.76802305895736
1278,Combined,1.239426172408045,23.793109065648192
1279,Uniform,0.0,17.952154863158494
1279,Screened,0.5714407871305269,-0.0
1279,Yield per roof,1.4407817178765328,2.4665637849344897
1279,Procurement,0.9353321282527104,12.549301375765417
1279,Combined,1.507329040303517,-0.0
1280,Uniform,-1.4210854715202004e-14,12.651031305561675
1280,Screened,0.6767910739037291,-0.0
1280,Yield per roof,1.6313125907292658,0.6661339070801939
1280,Procurement,0.8381300724769716,8.420988068157827
1280,Combined,1.5143362615551297,-0.0
1281,Uniform,0.0,13.870137238067324
1281,Screened,0.4145358668309598,-0.0
1281,Yield per roof,1.0062749564900173,2.2335603655713507
1281,Procurement,0.967608869195672,8.152225118770971
1281,Combined,1.3837222428275169,-0.0
1282,Uniform,0.0,18.12098943741774
1282,Screened,0.6729242179733887,-0.0
1282,Yield per roof,1.6107066561539796,2.2286347848886554
1282,Procurement,0.873346417159155,13.038862344054069
1282,Combined,1.5466007263726027,-0.0
1283,Uniform,0.0,57.61430916346976
1283,Screened,0.2437300996483102,26.797047234869325
1283,Yield per roof,0.6590013434720419,40.43779191201762
1283,Procurement,1.1161302263134374,27.1167533649696
1283,Combined,1.362370884107392,4.70638369355642
1284,Uniform,1.4210854715202004e-14,10.35097443720617
1284,Screened,0.7408672367005096,-0.0
1284,Yield per roof,1.7754124830970426,-0.0
1284,Procurement,0.7337743658698628,7.164836208919202
1284,Combined,1.4764894416447447,-0.0
1285,Uniform,0.0,15.394748856042265
1285,Screened,0.3455516554008682,-0.0
1285,Yield per roof,0.9108754399916208,3.0219659746977268
1285,Procurement,0.925997730050348,9.371173695080724
1285,Combined,1.2713937154507065,-0.0
1286,Uniform,0.0,65.32398446180916
1286,Screened,0.2254443437463038,33.70102278730515
1286,Yield per roof,0.5445861982046267,49.65915515114993
1286,Procurement,1.0422058213835257,36.72966546602913
1286,Combined,1.27391103030034,12.8730322975489
1287,Uniform,0.0,23.76453998150365
1287,Screened,0.4240477540690506,-0.0
1287,Yield per roof,1.0639311468131325,6.38309735314467
1287,Procurement,0.8911787835320553,16.890780061432796
1287,Combined,1.3171843169467508,-0.0
1288,Uniform,-1.4210854715202004e-14,11.179401579353122
1288,Screened,0.5858300337375084,-0.0
1288,Yield per roof,1.5577313681822176,0.0451141185371357
1288,Procurement,0.9608823838700572,7.013564091283746
1288,Combined,1.5473535487503227,-0.0
1289,Uniform,0.0,56.075685552187096
1289,Screened,0.2431669763750434,26.61433218375929
1289,Yield per roof,0.6471009761276605,38.39054044415313
1289,Procurement,0.8968183821962654,31.628334753100688
1289,Combined,1.1397264781793837,8.944320632827203
1290,Uniform,-7.105427357601002e-15,94.22647064785043
1290,Screened,0.4001695361986392,47.014587901252455
1290,Yield per roof,0.9820228577925576,66.70300818951965
1290,Procurement,0.916358304910041,69.44597322318414
1290,Combined,1.3172204408711536,29.06372604731364
1291,Uniform,0.0,18.501871561459534
1291,Screened,0.3594650173318214,-0.0
1291,Yield per roof,0.9283307981848524,4.398769718163871
1291,Procurement,1.041543352301595,11.109548570119347
1291,Combined,1.401205719512113,-0.0
1292,Uniform,1.4210854715202004e-14,26.088609698950723
1292,Screened,0.6130785824684892,-0.0
1292,Yield per roof,1.4970448350898948,5.754978083277592
1292,Procurement,0.866693743513153,19.810096228653222
1292,Combined,1.4802556528266706,-0.0
1293,Uniform,0.0,79.62165113816764
1293,Screened,0.2619311457977957,43.06943258415086
1293,Yield per roof,0.6813173635892937,58.62609559601484
1293,Procurement,0.9078464720665947,54.81964692503246
1293,Combined,1.1701070223187742,25.124605774946517
1294,Uniform,0.0,84.40065161793292
1294,Screened,0.2747312770942614,46.28436728051617
1294,Yield per roof,0.6861638453442964,62.727858246906784
1294,Procurement,0.9171749378152328,59.33597319848692
1294,Combined,1.192427530014001,28.14334723585621
1295,Uniform,0.0,6.358282309320818
1295,Screened,0.7595876712541099,-0.0
1295,Yield per roof,1.8284563099017528,-0.0
1295,Procurement,0.8589801529281829,3.4311405920825946
1295,Combined,1.619070771671474,-0.0
1296,Uniform,0.0,2.746548622805175
1296,Screened,0.6342374515229068,-0.0
1296,Yield per roof,1.71937307311471,-0.0
1296,Procurement,0.9589142203411712,1.460040022105927
1296,Combined,1.593701351515293,-0.0
1297,Uniform,0.0,6.690622616232877
1297,Screened,0.587557088072785,-0.0
1297,Yield per roof,1.4289763520547183,-0.0
1297,Procurement,0.9177490762945552,2.9313486094370877
1297,Combined,1.5075414884464635,-0.0
1298,Uniform,-1.4210854715202004e-14,5.951445961513304
1298,Screened,0.5974967688496662,-0.0
1298,Yield per roof,1.5358777388559872,-0.0
1298,Procurement,0.9453439260288974,2.7469588270382737
1298,Combined,1.5441213650592402,-0.0
1299,Uniform,0.0,25.66314116373631
1299,Screened,0.5000023278156078,-0.0
1299,Yield per roof,1.2635659541476798,6.20363714927862
1299,Procurement,1.304920875148099,16.322351993139062
1299,Combined,1.8081164800846352,-0.0
1300,Uniform,0.0,5.293526972175562
1300,Screened,0.7843615302231512,-0.0
1300,Yield per roof,1.948299294398879,-0.0
1300,Procurement,0.8139482595156835,3.27160123541655
1300,Combined,1.59813418417329,-0.0
1301,Uniform,0.0,4.808717271942304
1301,Screened,0.4915369871490895,-0.0
1301,Yield per roof,1.285197237253712,-0.0
1301,Procurement,0.922105971126129,2.050955117973658
1301,Combined,1.41383183634116,-0.0
1302,Uniform,0.0,4.612687629254977
1302,Screened,0.7275897990074753,-0.0
1302,Yield per roof,1.7720591612213497,-0.0
1302,Procurement,0.799415967503478,2.946213285406412
1302,Combined,1.5288229215458955,-0.0
1303,Uniform,0.0,13.51664000931201
1303,Screened,0.4273285547549648,-0.0
1303,Yield per roof,1.086542601706256,1.7710625145728385
1303,Procurement,1.0509761056370337,7.353772508011549
1303,Combined,1.480188262427447,-0.0
1304,Uniform,0.0,16.949845157098526
1304,Screened,0.3633898228478855,-0.0
1304,Yield per roof,0.984719798672721,3.302226646131514
1304,Procurement,1.0625150477841316,10.094916157766791
1304,Combined,1.426879301091951,-0.0
1305,Uniform,0.0,20.246514875335567
1305,Screened,0.6654290401325227,-0.0
1305,Yield per roof,1.667617698320413,2.684173309258491
1305,Procurement,0.9608139122459534,14.675446548146578
1305,Combined,1.628046842744837,-0.0
1306,Uniform,0.0,20.198568206851107
1306,Screened,0.5114649538342348,-0.0
1306,Yield per roof,1.306646013215527,3.62720827256026
1306,Procurement,0.902411326371805,14.453942535828029
1306,Combined,1.413839874813462,-0.0
1307,Uniform,0.0,19.205836581940076
1307,Screened,0.383821580048675,-0.0
1307,Yield per roof,0.9359077648384044,4.855404395914253
1307,Procurement,1.0378900047539048,11.922732481134403
1307,Combined,1.4277738671324869,-0.0
1308,Uniform,-1.4210854715202004e-14,7.544038938599742
1308,Screened,0.6155037619849111,-0.0
1308,Yield per roof,1.5548496325483825,-0.0
1308,Procurement,0.9949371213866128,3.230157403708908
1308,Combined,1.610911860049086,-0.0
1309,Uniform,-1.4210854715202004e-14,14.137608951708067
1309,Screened,0.6475812925126263,-0.0
1309,Yield per roof,1.5449383653211868,1.3816151369778176
1309,Procurement,0.80616421671985,9.4108722045101
1309,Combined,1.4553961940536055,-0.0
1310,Uniform,0.0,10.18120526341112
1310,Screened,0.7999133401237088,-0.0
1310,Yield per roof,1.9206835200216967,-0.0
1310,Procurement,0.8916000441830931,6.454125178180987
1310,Combined,1.6918588243917725,-0.0
1311,Uniform,1.4210854715202004e-14,2.486459160756658
1311,Screened,0.6230240927938979,-0.0
1311,Yield per roof,1.6794765322468663,-0.0
1311,Procurement,0.8834148370428352,1.2984154538087809
1311,Combined,1.5079638089343632,-0.0
1312,Uniform,-1.4210854715202004e-14,19.47100172509234
1312,Screened,0.5697351395163963,-0.0
1312,Yield per roof,1.3905797040987269,3.1330325230984823
1312,Procurement,1.0025498108664692,13.604345049033531
1312,Combined,1.574616015702475,-0.0
1313,Uniform,0.0,20.68616705479128
1313,Screened,0.4002957018789317,-0.0
1313,Yield per roof,0.9784655376487308,5.345779145962246
1313,Procurement,0.920765642187547,13.709925490006448
1313,Combined,1.3241059213732456,-0.0
1314,Uniform,0.0,9.129673391137384
1314,Screened,0.5067301382856186,-0.0
1314,Yield per roof,1.2768124607387534,0.2180392796591235
1314,Procurement,0.8851339777849461,5.147659682539162
1314,Combined,1.3923869615525888,-0.0
1315,Uniform,-7.105427357601002e-15,74.94900277893905
1315,Screened,0.4124748512258733,32.26223086372695
1315,Yield per roof,1.023456848826754,49.4136765154973
1315,Procurement,0.8444262139275978,52.16505635865599
1315,Combined,1.2573629619553015,15.78382032848246
1316,Uniform,0.0,29.28988480378569
1316,Screened,0.3238701168789859,3.060404960109449
1316,Yield per roof,0.8236899641561664,13.086257207639663
1316,Procurement,0.9268956712098202,19.50541399496949
1316,Combined,1.2522791076343367,-0.0
1317,Uniform,0.0,33.32508983905959
1317,Screened,0.3431352753522603,4.4113590475659965
1317,Yield per roof,0.803718176971536,18.709102460937217
1317,Procurement,1.0923151404016809,21.66671994849272
1317,Combined,1.4447423213207031,-0.0
1318,Uniform,0.0,20.777269420601712
1318,Screened,0.3299974162861616,-0.0
1318,Yield per roof,0.8107978733737653,6.043040651088714
1318,Procurement,0.9106667006187834,13.758804805268388
1318,Combined,1.2414275756264033,-0.0
1319,Uniform,0.0,12.542736439441285
1319,Screened,0.4673817020532169,-0.0
1319,Yield per roof,1.1682359803346287,1.4084266745795495
1319,Procurement,0.8753447802086214,7.476631184754304
1319,Combined,1.3442525288981102,-0.0
1320,Uniform,0.0,12.221514183651038
1320,Screened,0.4658003216141111,-0.0
1320,Yield per roof,1.2637955348270822,0.8945009724101592
1320,Procurement,0.9861896701763015,7.165143331945995
1320,Combined,1.4526155797101694,-0.0
1321,Uniform,0.0,5.651874656616218
1321,Screened,0.5342026556633073,-0.0
1321,Yield per roof,1.3820194649276942,-0.0
1321,Procurement,0.903143777424802,2.486442801358163
1321,Combined,1.4369927054740683,-0.0
1322,Uniform,0.0,6.819266510150498
1322,Screened,0.5238468921015027,-0.0
1322,Yield per roof,1.3086562489008458,-0.0
1322,Procurement,0.9232883813986064,2.812318276318159
1322,Combined,1.4467930271981118,-0.0
1323,Uniform,-1.4210854715202004e-14,6.491893938171558
1323,Screened,0.7395256441273403,-0.0
1323,Yield per roof,1.8806900274373248,-0.0
1323,Procurement,0.8206502829063425,3.555706203113965
1323,Combined,1.5597763467820158,-0.0
1324,Uniform,2.8421709430404014e-14,9.31266735031109
1324,Screened,0.7775382243851254,-0.0
1324,Yield per roof,1.9445714559371647,-0.0
1324,Procurement,0.993691399433061,5.103634087855684
1324,Combined,1.7720789717180594,-0.0
1325,Uniform,0.0,4.496482472992282
1325,Screened,0.6561699120136808,-0.0
1325,Yield per roof,1.6489774889064392,-0.0
1325,Procurement,0.9048898102277008,2.487753753436704
1325,Combined,1.56050966336511,-0.0
1326,Uniform,0.0,13.645761959834491
1326,Screened,0.6730362504886926,-0.0
1326,Yield per roof,1.7324752432095636,0.6591512275213639
1326,Procurement,0.8827252721286953,9.314341952928093
1326,Combined,1.555615263808619,-0.0
1327,Uniform,0.0,60.171551679944685
1327,Screened,0.3377890654902842,25.20332035484161
1327,Yield per roof,0.8430604155062227,38.912026450242166
1327,Procurement,0.9295747810256144,34.93375863381648
1327,Combined,1.267173709176177,6.977792313627869
1328,Uniform,0.0,25.8997675008687
1328,Screened,0.4965710341909499,-0.0
1328,Yield per roof,1.243458397727693,6.550715533302646
1328,Procurement,0.8476598242872626,19.40748996197685
1328,Combined,1.344766205111796,-0.0
1329,Uniform,1.4210854715202004e-14,12.832116852182612
1329,Screened,0.7620022780544247,-0.0
1329,Yield per roof,1.8654929752572544,0.4427315084531364
1329,Procurement,1.0313479021626932,8.246323802801559
1329,Combined,1.7950834545078322,-0.0
1330,Uniform,0.0,13.348137637840676
1330,Screened,0.4683207557298345,-0.0
1330,Yield per roof,1.182743425112477,1.5316978260044969
1330,Procurement,0.9915872703684556,7.612702003035438
1330,Combined,1.4597270306605594,-0.0
1331,Uniform,0.0,8.968269813770192
1331,Screened,0.5319814893350667,-0.0
1331,Yield per roof,1.3931049496361396,-0.0
1331,Procurement,1.0007953265742628,4.647084266331567
1331,Combined,1.5330428081564804,-0.0
1332,Uniform,0.0,6.482186677824608
1332,Screened,0.8202143102151354,-0.0
1332,Yield per roof,1.985310337645302,-0.0
1332,Procurement,0.7511156074492078,3.859260529108149
1332,Combined,1.5724428957845475,-0.0
1333,Uniform,0.0,17.695549654653757
1333,Screened,0.4794356317557913,-0.0
1333,Yield per roof,1.2018206153659037,2.9997397229827216
1333,Procurement,0.9409292475511252,11.892256993753309
1333,Combined,1.4201959925827197,-0.0
1334,Uniform,0.0,19.624938517012662
1334,Screened,0.6035850677046426,-0.0
1334,Yield per roof,1.4988580327914605,2.7789286254795984
1334,Procurement,0.8490999351197956,14.655922311622804
1334,Combined,1.4525117068718885,-0.0
1335,Uniform,0.0,14.277859653930424
1335,Screened,0.5476249485231222,-0.0
1335,Yield per roof,1.3474529134929014,1.5399033640558164
1335,Procurement,0.9837978116609776,8.609026671361418
1335,Combined,1.5325172031494674,-0.0
1336,Uniform,0.0,13.668905658001318
1336,Screened,0.7854671589237796,-0.0
1336,Yield per roof,1.9394178135020752,0.2924904789916928
1336,Procurement,0.9653869588984776,9.407976137445315
1336,Combined,1.751991367191664,-0.0
1337,Uniform,7.105427357601002e-15,31.047446809077183
1337,Screened,0.4109540393669491,-0.0
1337,Yield per roof,1.0564305730381705,9.66393680203826
1337,Procurement,0.7586048455771603,25.20707533380069
1337,Combined,1.169442553240529,-0.0
1338,Uniform,0.0,20.029830410086056
1338,Screened,0.3714936615480582,-0.0
1338,Yield per roof,0.9405241521975114,5.142531434600686
1338,Procurement,0.8588439216266721,13.416846526217077
1338,Combined,1.23196119061717,-0.0
1339,Uniform,-1.4210854715202004e-14,16.563575753037195
1339,Screened,0.6676118630020795,-0.0
1339,Yield per roof,1.6976004912879148,1.400146133436572
1339,Procurement,0.8986240766302416,11.400858361643843
1339,Combined,1.5665125149661776,-0.0
1340,Uniform,0.0,21.69561949738142
1340,Screened,0.5900732883244757,-0.0
1340,Yield per roof,1.4929190243170185,3.730387157980618
1340,Procurement,0.8248033466210956,16.696121011297226
1340,Combined,1.415078204146397,-0.0
1341,Uniform,0.0,57.35970421907112
1341,Screened,0.3901069528846079,20.393028665940506
1341,Yield per roof,0.9590957247706272,35.75060797953694
1341,Procurement,0.8789156994576715,33.472247408036694
1341,Combined,1.2714104385856615,3.101995973496388
1342,Uniform,0.0,74.29022238831469
1342,Screened,0.2432557466118226,39.844751844105325
1342,Yield per roof,0.636107651301927,54.497420230985306
1342,Procurement,0.9994481741568252,47.06961592543246
1342,Combined,1.243002091198797,20.14503437288326
1343,Uniform,0.0,8.185269399343623
1343,Screened,0.7406112595132299,-0.0
1343,Yield per roof,1.7403935346804076,-0.0
1343,Procurement,1.0514191284984378,3.694976030841166
1343,Combined,1.7985267406307486,-0.0
1344,Uniform,0.0,14.44216643149522
1344,Screened,0.7195593058439158,-0.0
1344,Yield per roof,1.7605096737716934,0.9129651209169418
1344,Procurement,0.754742024034698,10.332353569664845
1344,Combined,1.474101582248181,-0.0
1345,Uniform,0.0,6.026089793088533
1345,Screened,0.5215568056812856,-0.0
1345,Yield per roof,1.3471100219712469,-0.0
1345,Procurement,0.988658674868404,2.463133346764567
1345,Combined,1.512175878344692,-0.0
1346,Uniform,0.0,9.463228935969498
1346,Screened,0.6373264672958641,-0.0
1346,Yield per roof,1.6953483809029135,-0.0
1346,Procurement,0.9248498908115864,5.441951008279887
1346,Combined,1.56281820054231,-0.0
1347,Uniform,0.0,49.35067483857572
1347,Screened,0.3307950291789154,17.534476542005095
1347,Yield per roof,0.8407337966991335,30.00285501230159
1347,Procurement,0.8880252444339192,25.382146746928687
1347,Combined,1.219364873929969,0.2095579644887028
1348,Uniform,0.0,77.78775046678547
1348,Screened,0.3729489982575416,36.85003935101892
1348,Yield per roof,0.9125232560698464,53.53571665644398
1348,Procurement,0.87061513415766,54.18688536125007
1348,Combined,1.243586805373937,19.784169338851967
1349,Uniform,0.0,42.75084385262303
1349,Screened,0.2944419711431862,14.191794245586532
1349,Yield per roof,0.7665305459783909,24.921865601222976
1349,Procurement,1.027960995845902,20.942608948294225
1349,Combined,1.3223771568060343,-0.0
1350,Uniform,0.0,12.031209585342946
1350,Screened,0.5061699990883568,-0.0
1350,Yield per roof,1.2543823976019297,1.0787828720275914
1350,Procurement,1.001721631460029,6.699591308745749
1350,Combined,1.5078711413101047,-0.0
1351,Uniform,1.4210854715202004e-14,27.91346882871263
1351,Screened,0.5967723956389648,-0.0
1351,Yield per roof,1.3827035334353184,7.376209533738156
1351,Procurement,1.0395952842298612,20.211248350913905
1351,Combined,1.6382044846667867,-0.0
1352,Uniform,0.0,49.088266882270034
1352,Screened,0.2829234350137994,19.557969963278783
1352,Yield per roof,0.692254424066256,32.62477917844241
1352,Procurement,1.0208234151416349,22.336951068289576
1352,Combined,1.307247481245902,-0.0
1353,Uniform,0.0,53.2426093155417
1353,Screened,0.3332937772562871,20.262591873154054
1353,Yield per roof,0.8480129041748441,32.8855998906049
1353,Procurement,0.9558981091769924,27.381601351698556
1353,Combined,1.2890012871144094,1.614390043532572
1354,Uniform,0.0,24.95861931694188
1354,Screened,0.6164431044476828,-0.0
1354,Yield per roof,1.5114894176693383,5.321076897531328
1354,Procurement,0.9753025070945682,18.655060616215383
1354,Combined,1.5934526551481127,-0.0
1355,Uniform,0.0,7.074221496355363
1355,Screened,0.4810840926362942,-0.0
1355,Yield per roof,1.225777664193302,-0.0
1355,Procurement,0.9167802976532896,3.09326623907722
1355,Combined,1.397390714067484,-0.0
1356,Uniform,0.0,5.17137908184326
1356,Screened,0.5339843682026668,-0.0
1356,Yield per roof,1.4257410011532698,-0.0
1356,Procurement,0.9302976532620733,2.388759546225027
1356,Combined,1.4671712479089225,-0.0
1357,Uniform,0.0,24.81725825705
1357,Screened,0.2204710683586626,4.519581487212594
1357,Yield per roof,0.5767279186103593,12.65223814361776
1357,Procurement,0.8576746266155482,14.103248758341602
1357,Combined,1.0807691324728168,-0.0
1358,Uniform,0.0,7.612319120045287
1358,Screened,0.7397805292684723,-0.0
1358,Yield per roof,1.809073400957772,-0.0
1358,Procurement,0.8032776421856624,4.122986484045082
1358,Combined,1.549159099923287,-0.0
1359,Uniform,0.0,9.193847438060065
1359,Screened,0.6284010999187473,-0.0
1359,Yield per roof,1.625481369613567,-0.0
1359,Procurement,0.9554884250563588,5.049168603163271
1359,Combined,1.5850947359514151,-0.0
1360,Uniform,0.0,7.310039963167289
1360,Screened,0.6941355551061577,-0.0
1360,Yield per roof,1.7420179345484996,-0.0
1360,Procurement,1.130799571977093,3.221687526690319
1360,Combined,1.828164052907184,-0.0
1361,Uniform,1.4210854715202004e-14,2.651880085263698
1361,Screened,0.6909408554577254,-0.0
1361,Yield per roof,1.7280919532353636,-0.0
1361,Procurement,0.8992753475883433,1.443280096476099
1361,Combined,1.5907420227205191,-0.0
1362,Uniform,0.0,30.120490963696408
1362,Screened,0.5116086629187038,-0.0
1362,Yield per roof,1.270216108031562,8.487302418179423
1362,Procurement,0.8763108293470054,23.388498558672385
1362,Combined,1.3879713845691413,-0.0
1363,Uniform,-1.4210854715202004e-14,6.962533318200967
1363,Screened,0.6184321825664654,-0.0
1363,Yield per roof,1.5025542361949675,-0.0
1363,Procurement,1.016033745145748,2.915217015637659
1363,Combined,1.6349695902863317,-0.0
1364,Uniform,0.0,39.53583547226531
1364,Screened,0.2983855353810369,12.176517103875144
1364,Yield per roof,0.7658548551831785,22.355130356064983
1364,Procurement,0.9224580385226702,20.50834494429456
1364,Combined,1.2205971037689023,-0.0
1365,Uniform,0.0,29.84410076418563
1365,Screened,0.4406942171795407,-0.0
1365,Yield per roof,1.107251081048446,8.921733983082238
1365,Procurement,0.9783104581062788,22.279886080665133
1365,Combined,1.4227816057001377,-0.0
1366,Uniform,0.0,15.111476453323922
1366,Screened,0.4480114124599907,-0.0
1366,Yield per roof,1.1081004708847644,2.185173841214352
1366,Procurement,1.089384054542407,8.66193587653672
1366,Combined,1.5388028158856455,-0.0
1367,Uniform,0.0,88.7626994641676
1367,Screened,0.3609109994988273,44.84758135226635
1367,Yield per roof,0.9002030931971987,63.31228131734734
1367,Procurement,0.7754406807439054,67.5928207084767
1367,Combined,1.1378314592960308,29.506662811239888
1368,Uniform,0.0,6.495352158136987
1368,Screened,0.8759895372616029,-0.0
1368,Yield per roof,2.1119574510132963,-0.0
1368,Procurement,0.9238898335013346,3.783697776324882
1368,Combined,1.800401575092252,-0.0
1369,Uniform,0.0,7.398888417920071
1369,Screened,0.4990770286862869,-0.0
1369,Yield per roof,1.217152479016164,-0.0
1369,Procurement,0.9944005620620118,3.078723624364966
1369,Combined,1.4935103024627097,-0.0
1370,Uniform,0.0,91.53974283460884
1370,Screened,0.2190798743527438,53.69801265491952
1370,Yield per roof,0.5564293102025815,71.58349495237327
1370,Procurement,1.1415267621182892,60.10293817531152
1370,Combined,1.3629353962112845,30.87851947790999
1371,Uniform,0.0,14.3760585297922
1371,Screened,0.5472806972860411,-0.0
1371,Yield per roof,1.3589540178564476,1.512707612387572
1371,Procurement,0.9576700821883009,8.801870470342774
1371,Combined,1.504659425621142,-0.0
1372,Uniform,0.0,9.113819798288056
1372,Screened,0.7669150604690174,-0.0
1372,Yield per roof,1.8020324083611852,-0.0
1372,Procurement,0.9653929850120448,4.941255489350922
1372,Combined,1.7324698044378977,-0.0
1373,Uniform,0.0,92.19341300412113
1373,Screened,0.2804237749800933,50.38057690308969
1373,Yield per roof,0.7481759508592845,68.71636001595327
1373,Procurement,1.0825793085356707,62.68815517926266
1373,Combined,1.3643215482103344,28.986162644023665
1374,Uniform,0.0,82.55267236119614
1374,Screened,0.2303176465635132,46.4921583457769
1374,Yield per roof,0.5785187570016959,63.35725538040801
1374,Procurement,1.0826320222739696,52.82778646515805
1374,Combined,1.3151788574546686,24.92376183060998
1375,Uniform,0.0,21.124101530905264
1375,Screened,0.5056619984750768,-0.0
1375,Yield per roof,1.219928277337374,4.582544310447914
1375,Procurement,1.040569137049275,13.960116306751148
1375,Combined,1.546744584062452,-0.0
1376,Uniform,-1.4210854715202004e-14,7.554990199559751
1376,Screened,0.6009116992783277,-0.0
1376,Yield per roof,1.5014054992858803,-0.0
1376,Procurement,1.007517183436093,3.1745354591348227
1376,Combined,1.6102678824410788,-0.0
1377,Uniform,0.0,19.833446491340503
1377,Screened,0.5060990686265541,-0.0
1377,Yield per roof,1.309001590202115,3.534207159809787
1377,Procurement,0.792636958293059,14.772260171481664
1377,Combined,1.2997361620029153,-0.0
1378,Uniform,0.0,11.713098336142348
1378,Screened,0.627463069583797,-0.0
1378,Yield per roof,1.5909489226535527,0.3914032930026266
1378,Procurement,0.8105673020981499,7.881958738319142
1378,Combined,1.4385713589798144,-0.0
1379,Uniform,1.4210854715202004e-14,9.44502109280904
1379,Screened,0.645594574162601,-0.0
1379,Yield per roof,1.5639111713355902,-0.0
1379,Procurement,0.8514037436256103,5.746848449212057
1379,Combined,1.4989606569799037,-0.0
1380,Uniform,0.0,28.030842432904976
1380,Screened,0.2803436908137016,3.9721619505702215
1380,Yield per roof,0.7413990532080916,12.749904849037312
1380,Procurement,1.0074237053764747,16.603413164461124
1380,Combined,1.2883154692161582,-0.0
1381,Uniform,-1.4210854715202004e-14,16.21439872798761
1381,Screened,0.6381269355885024,-0.0
1381,Yield per roof,1.5193955384100946,1.941687649274384
1381,Procurement,0.8341584218935054,11.290097427743426
1381,Combined,1.472429906898455,-0.0
1382,Uniform,0.0,5.741946540591178
1382,Screened,0.5822963545477648,-0.0
1382,Yield per roof,1.5272838675383866,-0.0
1382,Procurement,1.0361354721766958,2.5302716568407524
1382,Combined,1.6197004465536369,-0.0
1383,Uniform,1.4210854715202004e-14,6.822748379573307
1383,Screened,0.5197397484563879,-0.0
1383,Yield per roof,1.240953993737449,-0.0
1383,Procurement,0.9841291525089276,2.680866482207513
1383,Combined,1.5096188692906338,-0.0
1384,Uniform,0.0,3.112137927240604
1384,Screened,0.6297399872894118,-0.0
1384,Yield per roof,1.6308324040757611,-0.0
1384,Procurement,0.9644876493068608,1.819398846348644
1384,Combined,1.594053258891179,-0.0
1385,Uniform,0.0,11.442004946750398
1385,Screened,0.5361549631439431,-0.0
1385,Yield per roof,1.2949916918440891,0.937455718200517
1385,Procurement,0.988389499217334,6.331966526910404
1385,Combined,1.5253069791537257,-0.0
1386,Uniform,0.0,32.16452916012926
1386,Screened,0.4865635870780238,-0.0
1386,Yield per roof,1.184725748500142,9.793409402255216
1386,Procurement,0.9302870073715326,24.9784730272918
1386,Combined,1.4183719296283217,-0.0
1387,Uniform,0.0,49.67697363851932
1387,Screened,0.333637887670271,17.74929690280339
1387,Yield per roof,0.8181938132752506,31.097440793702244
1387,Procurement,0.9790673226353236,24.9678317460342
1387,Combined,1.3149183149072383,-0.0
1388,Uniform,0.0,10.697954897627897
1388,Screened,0.5464143726059234,-0.0
1388,Yield per roof,1.3247121454488564,0.6847751709591063
1388,Procurement,0.9157343181455672,6.112844605274937
1388,Combined,1.4620529572383134,-0.0
1389,Uniform,0.0,83.59608488264381
1389,Screened,0.2098917202684731,47.64397944401031
1389,Yield per roof,0.5756502919497777,64.22257741390814
1389,Procurement,1.1368014137293656,52.32528347288229
1389,Combined,1.3487843112035875,24.95072698231357
1390,Uniform,1.4210854715202004e-14,3.693315831167756
1390,Screened,0.6760098006245556,-0.0
1390,Yield per roof,1.7060203398546605,-0.0
1390,Procurement,1.0151903172567955,2.1819204348506784
1390,Combined,1.691648347437038,-0.0
1391,Uniform,-7.105427357601002e-15,99.92965104717042
1391,Screened,0.2768002464230576,57.145903110150144
1391,Yield per roof,0.7019513357517511,76.24432115503349
1391,Procurement,0.9742191878046852,73.29772494224181
1391,Combined,1.2517889742380035,37.857950689403154
1392,Uniform,0.0,51.90651010207341
1392,Screened,0.235916280034047,24.212600532837307
1392,Yield per roof,0.6158101297341432,35.40642352215625
1392,Procurement,0.962499168266298,25.671327789056733
1392,Combined,1.1982861350537917,5.259079926601299
1393,Uniform,0.0,9.456745684199127
1393,Screened,0.533052711925265,-0.0
1393,Yield per roof,1.389019353182846,-0.0
1393,Procurement,0.8606995193926963,5.718642658907893
1393,Combined,1.3957243676224491,-0.0
1394,Uniform,0.0,16.421840090754777
1394,Screened,0.5198534695386314,-0.0
1394,Yield per roof,1.31223905643148,2.092087332386104
1394,Procurement,1.0828783724512476,10.063356518968543
1394,Combined,1.6036895147324088,-0.0
1395,Uniform,0.0,8.2223304526353
1395,Screened,0.5940915990260152,-0.0
1395,Yield per roof,1.4533000508902774,-0.0
1395,Procurement,0.926214286577462,4.225065324707801
1395,Combined,1.5202319815097385,-0.0
1396,Uniform,0.0,16.641939980717645
1396,Screened,0.3741885188096532,-0.0
1396,Yield per roof,0.9390458355816592,3.556903650075994
1396,Procurement,0.9908755595228912,10.25549608133404
1396,Combined,1.3699122938449475,-0.0
1397,Uniform,0.0,33.2293287009489
1397,Screened,0.3910532549793686,2.1755499881115155
1397,Yield per roof,1.006555618295053,13.784227228524491
1397,Procurement,0.9199499964739316,24.42386535257156
1397,Combined,1.3128500667486804,-0.0
1398,Uniform,0.0,5.736442305303433
1398,Screened,0.7993444812590553,-0.0
1398,Yield per roof,1.954668519299588,-0.0
1398,Procurement,0.932731141949006,3.310582407207077
1398,Combined,1.7342056207442624,-0.0
1399,Uniform,0.0,7.648854152078539
1399,Screened,0.7504519060511967,-0.0
1399,Yield per roof,1.862674963626631,-0.0
1399,Procurement,0.8030227096634377,4.160006170262519
1399,Combined,1.5576013800925637,-0.0
1400,Uniform,0.0,32.685345965369194
1400,Screened,0.4347178641479274,-0.0
1400,Yield per roof,1.1650713685188947,9.76423126182478
1400,Procurement,0.9119673129885512,25.668109342658763
1400,Combined,1.349502633934364,-0.0
1401,Uniform,0.0,1.698195850582774
1401,Screened,0.668377122127751,-0.0
1401,Yield per roof,1.6779557810553314,-0.0
1401,Procurement,0.8664925454260839,0.531677863734127
1401,Combined,1.5356927577321071,-0.0
1402,Uniform,-1.4210854715202004e-14,6.188315602739447
1402,Screened,0.7015640601074011,-0.0
1402,Yield per roof,1.7528947888600044,-0.0
1402,Procurement,0.8882985347871397,3.187021283295956
1402,Combined,1.5899184576713878,-0.0
1403,Uniform,0.0,11.152595837535872
1403,Screened,0.4754403319886648,-0.0
1403,Yield per roof,1.247088798109246,0.7207385098555709
1403,Procurement,1.0327457152250048,6.051169662579174
1403,Combined,1.5086098806415862,-0.0
1404,Uniform,0.0,15.68782598180386
1404,Screened,0.475215423302771,-0.0
1404,Yield per roof,1.286853993420607,1.8021575754114136
1404,Procurement,1.053153955689865,9.507031420245411
1404,Combined,1.5302094202125716,-0.0
1405,Uniform,0.0,5.625266590238572
1405,Screened,0.8333010244722345,-0.0
1405,Yield per roof,2.2037164401019425,-0.0
1405,Procurement,0.795248600594249,3.734300315999992
1405,Combined,1.628305806634529,-0.0
1406,Uniform,0.0,26.83878048020836
1406,Screened,0.3914453176605548,-0.0
1406,Yield per roof,0.9916354325586808,8.056888406412096
1406,Procurement,1.030473679745839,18.870437606267195
1406,Combined,1.4246119772870145,-0.0
1407,Uniform,0.0,9.24628764144475
1407,Screened,0.6432591072055232,-0.0
1407,Yield per roof,1.5808934763112887,-0.0
1407,Procurement,0.8902451028377385,5.3922064985078535
1407,Combined,1.5335436633694428,-0.0
1408,Uniform,0.0,17.559749192722478
1408,Screened,0.4044749955709221,-0.0
1408,Yield per roof,1.082043842713162,3.2029750194007627
1408,Procurement,1.0991789973900836,10.68068145056844
1408,Combined,1.5054233401059491,-0.0
1409,Uniform,-7.105427357601002e-15,88.7274016193801
1409,Screened,0.2678146562926713,49.02192818355864
1409,Yield per roof,0.7101138266631466,66.0660391488876
1409,Procurement,0.9956890165182486,61.48146683770056
1409,Combined,1.26387821328467,29.29636906610905
1410,Uniform,0.0,14.800659941404623
1410,Screened,0.6124561346309889,-0.0
1410,Yield per roof,1.6006923872249388,1.0504307910969335
1410,Procurement,0.927117555589021,9.872864755734208
1410,Combined,1.54059993054274,-0.0
1411,Uniform,0.0,10.658438315502144
1411,Screened,0.6630145390165296,-0.0
1411,Yield per roof,1.7748555217202124,-0.0
1411,Procurement,0.8621699386609549,6.914939460768529
1411,Combined,1.5251098022449128,-0.0
1412,Uniform,1.4210854715202004e-14,14.297041143313198
1412,Screened,0.6239103874885075,-0.0
1412,Yield per roof,1.5482197762129886,1.1950450794615592
1412,Procurement,0.7389991308727133,10.10782141165231
1412,Combined,1.3669789272395008,-0.0
1413,Uniform,0.0,2.82875371421955
1413,Screened,0.9753862790130086,-0.0
1413,Yield per roof,2.397037657557547,-0.0
1413,Procurement,0.8163686993333954,1.7315294376965915
1413,Combined,1.791876127743507,-0.0
1414,Uniform,0.0,24.69758120647224
1414,Screened,0.3711311822771463,-0.0
1414,Yield per roof,0.9578883684672448,7.086475951068778
1414,Procurement,1.1037088969864255,16.15447106215923
1414,Combined,1.4755291489160245,-0.0
1415,Uniform,0.0,67.76170712395779
1415,Screened,0.2651006829193107,34.23631590342169
1415,Yield per roof,0.6815344468634308,48.3389853673073
1415,Procurement,0.961482708317213,41.47207412943345
1415,Combined,1.2268723473786949,15.212414785014944
1416,Uniform,0.0,14.848043612425595
1416,Screened,0.5926977206542006,-0.0
1416,Yield per roof,1.4106348265356845,1.7151222297034228
1416,Procurement,0.8738869460074028,9.781772513038176
1416,Combined,1.4773538859079594,-0.0
1417,Uniform,0.0,18.836297454044416
1417,Screened,0.5106369109155793,-0.0
1417,Yield per roof,1.3604109957983042,2.5358608392833
1417,Procurement,0.8935086218291985,13.580525393543118
1417,Combined,1.4039435376541007,-0.0
1418,Uniform,0.0,48.40868061836792
1418,Screened,0.412598182992042,11.894047032690198
1418,Yield per roof,1.0434772706094293,25.93501063698303
1418,Procurement,0.9545042555692902,29.679478938945472
1418,Combined,1.368638391128954,-0.0
1419,Uniform,2.8421709430404014e-14,3.90569780741337
1419,Screened,0.8325417024357478,-0.0
1419,Yield per roof,2.125741206742731,-0.0
1419,Procurement,0.893873681624882,2.707015987491259
1419,Combined,1.7269310492033585,-0.0
1420,Uniform,0.0,16.459543717534192
1420,Screened,0.4020861501554549,-0.0
1420,Yield per roof,1.0630703804955886,2.8033599742587727
1420,Procurement,0.9509487032235028,10.54751927429074
1420,Combined,1.3527312202603523,-0.0
1421,Uniform,0.0,16.768598836110762
1421,Screened,0.6613413058348812,-0.0
1421,Yield per roof,1.5546589416688903,2.1958465856845177
1421,Procurement,1.2798506273458798,9.527174500906328
1421,Combined,1.9453119809282668,-0.0
1422,Uniform,0.0,63.62553837987969
1422,Screened,0.220332123886827,33.21048418618622
1422,Yield per roof,0.5938848082731631,45.88190159083915
1422,Procurement,0.86830170668728,39.98418569981729
1422,Combined,1.0887948249373416,16.118747375605416
1423,Uniform,1.4210854715202004e-14,16.540433806545284
1423,Screened,0.5768119294592395,-0.0
1423,Yield per roof,1.405199064938813,2.167006439697466
1423,Procurement,1.0122690909093706,10.653249996525457
1423,Combined,1.5897326069887183,-0.0
1424,Uniform,-1.4210854715202004e-14,8.367411371034288
1424,Screened,0.5867675440211286,-0.0
1424,Yield per roof,1.454589538984436,-0.0
1424,Procurement,0.9043528499436492,4.439979689928832
1424,Combined,1.493991961136473,-0.0
1425,Uniform,0.0,79.29258894237886
1425,Screened,0.2595626292589301,42.62333298213571
1425,Yield per roof,0.6593782081313577,58.89846443012056
1425,Procurement,1.1232183255860306,48.87197737493697
1425,Combined,1.3844184007919864,20.58502260043162
1426,Uniform,0.0,25.87731404043729
1426,Screened,0.387631209889328,-0.0
1426,Yield per roof,0.9626833452777744,7.803187800047239
1426,Procurement,0.9706124148240248,18.41625802066596
1426,Combined,1.3592003652858224,-0.0
1427,Uniform,0.0,13.23680688396608
1427,Screened,0.4917830281187036,-0.0
1427,Yield per roof,1.2095075341210872,1.5504081933297704
1427,Procurement,0.8357392265247796,8.306441535564007
1427,Combined,1.328337972076838,-0.0
1428,Uniform,0.0,17.51498818290703
1428,Screened,0.6110647761812515,-0.0
1428,Yield per roof,1.4761687028030082,2.212644067699737
1428,Procurement,0.9053497877695946,12.188670100626998
1428,Combined,1.51630916400363,-0.0
1429,Uniform,0.0,19.03726662046199
1429,Screened,0.3710853467630528,-0.0
1429,Yield per roof,0.9743964255387708,4.377473791670064
1429,Procurement,0.8998087003436126,12.618483982302216
1429,Combined,1.2726011334483616,-0.0
1430,Uniform,0.0,20.99071077421888
1430,Screened,0.5077814551622595,-0.0
1430,Yield per roof,1.2302022254527571,4.504384857902265
1430,Procurement,0.986238654175608,14.385704570125505
1430,Combined,1.4977737619012004,-0.0
1431,Uniform,0.0,42.49614983407813
1431,Screened,0.3028855318328354,13.00513712001288
1431,Yield per roof,0.8165728548702518,24.072398079171297
1431,Procurement,0.9985395209552692,22.160534942198705
1431,Combined,1.301947038751912,-0.0
1432,Uniform,0.0,77.83690074968494
1432,Screened,0.274220013523589,41.21998876356443
1432,Yield per roof,0.6936821087045502,57.0342873528016
1432,Procurement,0.966906657652288,51.37609880610886
1432,Combined,1.2418732444528615,22.058702139731334
1433,Uniform,0.0,10.461598987127354
1433,Screened,0.8331040416295252,-0.0
1433,Yield per roof,1.949757161350476,-0.0
1433,Procurement,0.845298874758015,6.789386574854376
1433,Combined,1.6884008908005228,-0.0
1434,Uniform,-1.4210854715202004e-14,9.532385532011592
1434,Screened,0.6390542186135661,-0.0
1434,Yield per roof,1.5222829489413527,0.0674104086870807
1434,Procurement,0.890195343630964,5.6637370636690845
1434,Combined,1.5293376419608506,-0.0
1435,Uniform,0.0,19.29617563470696
1435,Screened,0.3453650821257028,-0.0
1435,Yield per roof,0.84394975099665,5.242664644399155
1435,Procurement,0.8542124808487017,12.72252624997913
1435,Combined,1.2015054846165825,-0.0
1436,Uniform,0.0,14.600898336615682
1436,Screened,0.6076059311061783,-0.0
1436,Yield per roof,1.4370378030577768,1.6165551947595636
1436,Procurement,1.0374694702071563,8.644627451084661
1436,Combined,1.6463857974545988,-0.0
1437,Uniform,0.0,12.137632924414758
1437,Screened,0.4467671313958306,-0.0
1437,Yield per roof,1.1205118534733884,1.3134021190748433
1437,Procurement,1.0444924087504717,6.467591820555105
1437,Combined,1.493677583709399,-0.0
1438,Uniform,0.0,6.960857990421428
1438,Screened,0.6256524834182215,-0.0
1438,Yield per roof,1.6713732864002535,-0.0
1438,Procurement,0.9280697521992352,3.233720640951325
1438,Combined,1.5539519670168005,-0.0
1439,Uniform,-7.105427357601002e-15,27.287020784237885
1439,Screened,0.3377848241224583,0.93217775670825
1439,Yield per roof,0.8626476463975337,10.004486084010406
1439,Procurement,0.9659892529381509,19.112927404261065
1439,Combined,1.303580495805171,-0.0
1440,Uniform,0.0,12.28145294739839
1440,Screened,0.4295047933329812,-0.0
1440,Yield per roof,1.0594318651277632,1.5108360904701386
1440,Procurement,0.9461146455594474,6.815435896359324
1440,Combined,1.377467224854172,-0.0
1441,Uniform,0.0,43.12923325060032
1441,Screened,0.4619800203332715,5.506173778757714
1441,Yield per roof,1.1422613088790854,20.038760639512503
1441,Procurement,1.1286696712848396,29.74485244821133
1441,Combined,1.593136540548883,-0.0
1442,Uniform,-2.8421709430404014e-14,4.864524766828578
1442,Screened,1.021791517490641,-0.0
1442,Yield per roof,2.4845424972701835,-0.0
1442,Procurement,0.8938705567379657,3.674600041176405
1442,Combined,1.9168832253559172,-0.0
1443,Uniform,0.0,18.528884083129885
1443,Screened,0.2788891417101808,-0.0
1443,Yield per roof,0.748995227740771,5.060696177079117
1443,Procurement,0.9189218812014346,11.497730101567408
1443,Combined,1.201261530700755,-0.0
1444,Uniform,0.0,78.79922955433972
1444,Screened,0.2918354594708532,40.69576346971535
1444,Yield per roof,0.7639243174288239,56.59787364424815
1444,Procurement,0.8717477753182266,55.01310335689384
1444,Combined,1.16368929880894,23.49415238608225
1445,Uniform,-7.105427357601002e-15,24.70832348543113
1445,Screened,0.3278473110949065,-0.0
1445,Yield per roof,0.8896252943545022,7.370553053538171
1445,Procurement,0.8808833359692017,17.92212336731054
1445,Combined,1.2084541743078958,-0.0
1446,Uniform,0.0,12.200928324888585
1446,Screened,0.4564067073032447,-0.0
1446,Yield per roof,1.1270621210164222,1.3746150308884673
1446,Procurement,0.9049158044584118,6.974738704142555
1446,Combined,1.3609947081076967,-0.0
1447,Uniform,0.0,32.54377917613521
1447,Screened,0.505151893550277,-0.0
1447,Yield per roof,1.21802253163834,9.912593004970288
1447,Procurement,0.8458567121238048,26.01831574609425
1447,Combined,1.351672669319285,-0.0
1448,Uniform,0.0,8.74025775941433
1448,Screened,0.4842699069040463,-0.0
1448,Yield per roof,1.2743514412268129,-0.0
1448,Procurement,1.049801483586606,4.175506171383911
1448,Combined,1.536017990051448,-0.0
1449,Uniform,0.0,27.68974787257219
1449,Screened,0.3926486042140666,-0.0
1449,Yield per roof,1.0232138555709511,8.180337757607358
1449,Procurement,1.1250817123673258,19.16047588727856
1449,Combined,1.5190343672546265,-0.0
1450,Uniform,0.0,15.128861060372458
1450,Screened,0.4396492578823512,-0.0
1450,Yield per roof,1.1300590055014652,2.097971787216287
1450,Procurement,0.8624743620908362,10.039065858878736
1450,Combined,1.3032025812387644,-0.0
1451,Uniform,0.0,20.856185555524668
1451,Screened,0.3925859901242248,-0.0
1451,Yield per roof,1.0360617836250157,4.988616600080013
1451,Procurement,0.8650316431847358,14.343745697860852
1451,Combined,1.259043390501759,-0.0
1452,Uniform,0.0,19.970222145499
1452,Screened,0.4259063611738867,-0.0
1452,Yield per roof,1.0357766222479086,4.84816659312115
1452,Procurement,0.9133479613644652,13.202331805044375
1452,Combined,1.339255341861886,-0.0
1453,Uniform,-1.4210854715202004e-14,24.74401565405948
1453,Screened,0.6158175047604999,-0.0
1453,Yield per roof,1.4772978668633812,5.197693875719535
1453,Procurement,0.9936311946791534,17.893296645073477
1453,Combined,1.6111810887378226,-0.0
1454,Uniform,0.0,10.0660205807595
1454,Screened,0.4928083783748747,-0.0
1454,Yield per roof,1.2505621151659625,0.5205719185429522
1454,Procurement,0.9021735267658356,5.727926204675578
1454,Combined,1.395824822426846,-0.0
1455,Uniform,0.0,10.354704760920992
1455,Screened,0.6891368188258298,-0.0
1455,Yield per roof,1.6832633124420084,-0.0
1455,Procurement,0.955049296835611,6.221844468031611
1455,Combined,1.6444608372473652,-0.0
1456,Uniform,0.0,23.44674621574236
1456,Screened,0.3272561741732502,-0.0
1456,Yield per roof,0.8010751632888145,7.352195963211343
1456,Procurement,1.0178440390846577,15.578734049022058
1456,Combined,1.3476334917682706,-0.0
1457,Uniform,0.0,65.5855171840708
1457,Screened,0.3517799766828773,27.220661164464577
1457,Yield per roof,0.9670204119219576,41.57580719181198
1457,Procurement,0.7974250962665934,43.93102861952087
1457,Combined,1.148599400686166,11.588364843036166
1458,Uniform,-1.4210854715202004e-14,2.9375624705111387
1458,Screened,0.7073496217468005,-0.0
1458,Yield per roof,1.7301798634536851,-0.0
1458,Procurement,0.9411739126797868,1.683825641120797
1458,Combined,1.6482507861481253,-0.0
1459,Uniform,0.0,16.78155356405798
1459,Screened,0.3766911132163315,-0.0
1459,Yield per roof,0.9836759097834288,3.3757251798039376
1459,Procurement,1.018711168791036,10.150752376960767
1459,Combined,1.3963498411628308,-0.0
1460,Uniform,0.0,19.11644384105793
1460,Screened,0.2817318577647469,-0.0
1460,Yield per roof,0.7300473543708605,5.549019796377944
1460,Procurement,0.8540479142589916,12.5447455379457
1460,Combined,1.136110337988811,-0.0
1461,Uniform,0.0,102.59630307143068
1461,Screened,0.3175750296594941,56.94212846313326
1461,Yield per roof,0.8266831100750522,76.20360552141395
1461,Procurement,0.7820609814195478,81.30292774396877
1461,Combined,1.099576629101854,41.55062865253223
1462,Uniform,0.0,16.80839333782267
1462,Screened,0.3838335419757825,-0.0
1462,Yield per roof,0.9833469262003476,3.466608641498653
1462,Procurement,0.9760364070083368,10.360877393988073
1462,Combined,1.3600391806215055,-0.0
1463,Uniform,0.0,5.7712497966219045
1463,Screened,0.5162146761038429,-0.0
1463,Yield per roof,1.3165720626768973,-0.0
1463,Procurement,0.8964640059891451,2.466340529110665
1463,Combined,1.413693612294452,-0.0
1464,Uniform,0.0,81.63371800709882
1464,Screened,0.405541363806492,37.39993637854954
1464,Yield per roof,1.0146833085324332,55.16037836770296
1464,Procurement,0.8320312856836907,58.98963898898388
1464,Combined,1.2378205053507043,21.01239574515772
1465,Uniform,0.0,80.83135330933086
1465,Screened,0.3358437787651809,40.779332828416045
1465,Yield per roof,0.8373076003098276,57.460938262420015
1465,Procurement,0.8737822943933651,57.01719794416234
1465,Combined,1.2098344742493552,23.54799767486674
1466,Uniform,0.0,9.172146167364966
1466,Screened,0.605312231694441,-0.0
1466,Yield per roof,1.533205751338258,-0.0
1466,Procurement,0.9473338769991528,5.091443036878345
1466,Combined,1.55279628034927,-0.0
1467,Uniform,0.0,10.889504480352487
1467,Screened,0.5912658383145128,-0.0
1467,Yield per roof,1.4380720022793696,0.499176950641288
1467,Procurement,1.0090703326956856,6.140349077435331
1467,Combined,1.6016924063601437,-0.0
1468,Uniform,0.0,74.98783791129182
1468,Screened,0.236144312475659,40.394862578286464
1468,Yield per roof,0.6266306926652803,55.39331590471822
1468,Procurement,1.1187417667416495,44.69941360183241
1468,Combined,1.355734078216841,18.46546151670627
1469,Uniform,0.0,5.231704623214881
1469,Screened,0.6149190720632873,-0.0
1469,Yield per roof,1.509863896147479,-0.0
1469,Procurement,0.9132878799089212,2.581506540157145
1469,Combined,1.5293769854135633,-0.0
1470,Uniform,0.0,26.189990122576955
1470,Screened,0.388105127652544,-0.0
1470,Yield per roof,1.0451801606494513,7.326779407074009
1470,Procurement,0.9473388000730836,18.89004412819701
1470,Combined,1.3354329554227533,-0.0
1471,Uniform,0.0,11.80289272301514
1471,Screened,0.711226241536778,-0.0
1471,Yield per roof,1.765681623879459,0.0680560900099748
1471,Procurement,0.9802441269830524,7.582577820963897
1471,Combined,1.6920945606868545,-0.0
1472,Uniform,0.0,8.514729152984932
1472,Screened,0.4755900275769846,-0.0
1472,Yield per roof,1.3065301368500712,-0.0
1472,Procurement,0.9011066364213604,4.600048864676646
1472,Combined,1.3786018580757116,-0.0
1473,Uniform,0.0,56.70378019499566
1473,Screened,0.2689298433955187,24.98763276860337
1473,Yield per roof,0.7354138470625671,37.91528037506859
1473,Procurement,0.8978562268770744,32.311582225855034
1473,Combined,1.1677046464489038,7.354731283781247
1474,Uniform,0.0,19.087925720363295
1474,Screened,0.4950303890236682,-0.0
1474,Yield per roof,1.1831293824045304,3.920862475397495
1474,Procurement,1.059913000279025,12.404362294816902
1474,Combined,1.5608337215020498,-0.0
1475,Uniform,0.0,9.651450716241817
1475,Screened,0.4662004896050149,-0.0
1475,Yield per roof,1.206830776290289,0.4503433796386958
1475,Procurement,0.9348319849250544,5.289516392530021
1475,Combined,1.4035298598310533,-0.0
1476,Uniform,0.0,121.11773909633688
1476,Screened,0.3289342667549562,69.88642736376767
1476,Yield per roof,0.8275218973859282,92.57051796997668
1476,Procurement,0.8422728983060992,98.3528152058424
1476,Combined,1.1720061403574178,53.42031702346487
1477,Uniform,0.0,25.81762915807825
1477,Screened,0.3936718013716387,-0.0
1477,Yield per roof,0.9968972788007732,7.483800888965656
1477,Procurement,1.0313245808168716,17.843773426455783
1477,Combined,1.4282134289480553,-0.0
1478,Uniform,0.0,5.29112553903529
1478,Screened,0.8878114566371664,-0.0
1478,Yield per roof,2.1345845235975105,-0.0
1478,Procurement,0.8393456054805313,3.5512240741831587
1478,Combined,1.7271526834853717,-0.0
1479,Uniform,0.0,15.838612813455876
1479,Screened,0.3645208660622288,-0.0
1479,Yield per roof,0.965155420963363,3.043327194614433
1479,Procurement,0.8563993816067921,10.28802579072749
1479,Combined,1.2214843275041645,-0.0
1480,Uniform,0.0,7.622562710290808
1480,Screened,0.524793503548949,-0.0
1480,Yield per roof,1.3616927782974102,-0.0
1480,Procurement,1.03570298243217,3.159252302397272
1480,Combined,1.560786842572071,-0.0
1481,Uniform,0.0,104.00830766706656
1481,Screened,0.2195754074163396,62.40076339621679
1481,Yield per roof,0.5862740269683506,81.47010243947199
1481,Procurement,1.0754743910649829,74.59135658689587
1481,Combined,1.2963908727965323,41.0746587705585
1482,Uniform,0.0,21.020446928301222
1482,Screened,0.6050417122349501,-0.0
1482,Yield per roof,1.5286802016573515,3.082906360512258
1482,Procurement,0.8783125888747918,15.878530186566628
1482,Combined,1.4840283528629217,-0.0
1483,Uniform,0.0,22.458556338341975
1483,Screened,0.3983059634620645,-0.0
1483,Yield per roof,0.93109455423361,6.527800601461945
1483,Procurement,1.0792573247879602,14.117794284691293
1483,Combined,1.4847131559051263,-0.0
1484,Uniform,0.0,84.16169495826331
1484,Screened,0.3826271556044602,39.364099891485125
1484,Yield per roof,1.007750381277873,57.40623802619525
1484,Procurement,0.8522165119812044,61.41808663863424
1484,Combined,1.2354969273012202,22.87536995597051
1485,Uniform,0.0,10.471420748361249
1485,Screened,0.6135020849112323,-0.0
1485,Yield per roof,1.6291931024684203,-0.0
1485,Procurement,0.972921717695442,6.245112908637789
1485,Combined,1.5879276787524503,-0.0
1486,Uniform,0.0,22.37381231076841
1486,Screened,0.4772965118299197,-0.0
1486,Yield per roof,1.172934757469875,5.324268550516331
1486,Procurement,0.9780848665592003,15.219737716986824
1486,Combined,1.4571220638919158,-0.0
1487,Uniform,-7.105427357601002e-15,20.68457663746228
1487,Screened,0.3587881503940338,-0.0
1487,Yield per roof,0.9292567034943175,5.377887840477837
1487,Procurement,0.9955654540125708,13.026297436206349
1487,Combined,1.3543223657003836,-0.0
1488,Uniform,0.0,4.688415713555135
1488,Screened,0.757407061340075,-0.0
1488,Yield per roof,1.956424377836896,-0.0
1488,Procurement,0.934743045558804,2.978144703941414
1488,Combined,1.6945467807462933,-0.0
1489,Uniform,0.0,12.843024579355232
1489,Screened,0.4663902813727532,-0.0
1489,Yield per roof,1.1560173367225417,1.4743171941756064
1489,Procurement,0.8615940598369036,7.844939509766183
1489,Combined,1.3321311505873297,-0.0
1490,Uniform,0.0,22.85199615756451
1490,Screened,0.4540404527891724,-0.0
1490,Yield per roof,1.0949454442506124,5.875836352663824
1490,Procurement,0.9821309316885304,15.29271722651509
1490,Combined,1.436027824863416,-0.0
1491,Uniform,0.0,5.147952756319579
1491,Screened,0.7457709317761925,-0.0
1491,Yield per roof,1.865804150226808,-0.0
1491,Procurement,0.9443601597654948,2.9737490175610013
1491,Combined,1.691083073859474,-0.0
1492,Uniform,1.4210854715202004e-14,6.581954020203901
1492,Screened,0.6729966037714377,-0.0
1492,Yield per roof,1.59340752527973,-0.0
1492,Procurement,0.8933366825639837,3.116272727446988
1492,Combined,1.5655800798931097,-0.0
1493,Uniform,0.0,7.651031117828703
1493,Screened,0.7346400690334605,-0.0
1493,Yield per roof,1.7425109530688871,-0.0
1493,Procurement,0.8922877153049171,3.775820732332373
1493,Combined,1.6270623553931216,-0.0
1494,Uniform,0.0,22.73846846348944
1494,Screened,0.3734088184450854,-0.0
1494,Yield per roof,0.9209948865587664,6.49270852505344
1494,Procurement,0.8955833071481791,15.83577681313954
1494,Combined,1.26833680177252,-0.0
1495,Uniform,0.0,20.945932051986084
1495,Screened,0.3294975954268864,-0.0
1495,Yield per roof,0.8199806661542297,6.105140327508511
1495,Procurement,0.9879014617677058,13.321444616222534
1495,Combined,1.3209399312050465,-0.0
1496,Uniform,0.0,25.047413256298853
1496,Screened,0.312448339042632,-0.0
1496,Yield per roof,0.8368644535630096,7.735210908322097
1496,Procurement,1.0215685935171877,17.159028124545433
1496,Combined,1.3341859968519572,-0.0
1497,Uniform,0.0,12.232590792056264
1497,Screened,0.7846715974131087,-0.0
1497,Yield per roof,1.8628995870006408,0.3292847702455281
1497,Procurement,0.9092383840757066,8.224191900736002
1497,Combined,1.694768481457004,-0.0
1498,Uniform,0.0,51.343373078590055
1498,Screened,0.3801978156760413,14.95898889652582
1498,Yield per roof,1.0071405795573511,29.23757808123448
1498,Procurement,1.093392635008236,28.544061984053094
1498,Combined,1.475290918373652,-0.0
1499,Uniform,0.0,22.948809662501294
1499,Screened,0.5123977495756264,-0.0
1499,Yield per roof,1.32947425775113,4.707080382240525
1499,Procurement,0.9641466089762788,16.372312165394714
1499,Combined,1.4785387051082497,-0.0
1500,Uniform,0.0,10.52679367741588
1500,Screened,0.7977682298392494,-0.0
1500,Yield per roof,1.957404784271688,-0.0
1500,Procurement,0.8334306423891746,6.9184253497934085
1500,Combined,1.6309122334864128,-0.0
1501,Uniform,0.0,8.784505240926572
1501,Screened,0.5099669585414688,-0.0
1501,Yield per roof,1.259272480706727,0.2536801781302645
1501,Procurement,1.002063448822767,4.330765104979701
1501,Combined,1.5144128042051932,-0.0
1502,Uniform,0.0,9.528845186250315
1502,Screened,0.401511909417124,-0.0
1502,Yield per roof,1.0671614117194397,0.6140622298586164
1502,Procurement,0.9125900769201536,5.074189889311494
1502,Combined,1.315775126898771,-0.0
1503,Uniform,0.0,12.781454300128706
1503,Screened,0.5002482867302689,-0.0
1503,Yield per roof,1.2599382863334083,1.2047075543319357
1503,Procurement,1.1067439650758786,6.940234282774442
1503,Combined,1.609164793089903,-0.0
1504,Uniform,0.0,28.829226063768843
1504,Screened,0.5138055583408487,-0.0
1504,Yield per roof,1.2452653323769738,8.134856993930741
1504,Procurement,0.8270339711277188,22.495304243636404
1504,Combined,1.341413098744212,-0.0
1505,Uniform,0.0,7.229923086332128
1505,Screened,0.6882397283990258,-0.0
1505,Yield per roof,1.760384193866912,-0.0
1505,Procurement,0.9146887490851014,3.500940871638459
1505,Combined,1.6039824318775686,-0.0
1506,Uniform,0.0,8.43720238056856
1506,Screened,0.6456546962125316,-0.0
1506,Yield per roof,1.5155739301039546,-0.0
1506,Procurement,0.8063611772778216,4.935852717036111
1506,Combined,1.4540335110094418,-0.0
1507,Uniform,0.0,10.65882998417204
1507,Screened,0.5924622579746313,-0.0
1507,Yield per roof,1.5330305212866762,0.0872872066150419
1507,Procurement,1.0692182235466845,6.101613661908248
1507,Combined,1.6624696261947491,-0.0
1508,Uniform,1.4210854715202004e-14,6.764994592172895
1508,Screened,0.5895410314470553,-0.0
1508,Yield per roof,1.5233109805421918,-0.0
1508,Procurement,1.0206114727499624,2.9273827195160944
1508,Combined,1.6139642464166428,-0.0
1509,Uniform,1.4210854715202004e-14,2.9927021695867344
1509,Screened,0.6049062193122268,-0.0
1509,Yield per roof,1.5151945232828297,-0.0
1509,Procurement,0.9294850392901708,1.7452776437255817
1509,Combined,1.533833631965024,-0.0
1510,Uniform,0.0,9.578818079629745
1510,Screened,0.7816006213275557,-0.0
1510,Yield per roof,1.8828337564619064,-0.0
1510,Procurement,0.8355498012753344,6.028849471305031
1510,Combined,1.617311603092503,-0.0
1511,Uniform,0.0,65.62022392734531
1511,Screened,0.4216513520019234,25.43190984530595
1511,Yield per roof,1.0249166121328273,40.71706596732063
1511,Procurement,0.8041172392793001,43.782120933799646
1511,Combined,1.225702978374656,9.641218717192029
1512,Uniform,-1.4210854715202004e-14,4.011582385025062
1512,Screened,0.5406297103639304,-0.0
1512,Yield per roof,1.3645244611749376,-0.0
1512,Procurement,0.8857577857816068,1.9799923316831227
1512,Combined,1.4265557469215082,-0.0
1513,Uniform,0.0,78.63906490554778
1513,Screened,0.3214326146167749,38.576270505993136
1513,Yield per roof,0.8570507548169743,54.916206902895205
1513,Procurement,0.8529207852626612,55.41499776222607
1513,Combined,1.1749267116340505,21.77099360175011
1514,Uniform,0.0,5.313202352379613
1514,Screened,0.8093607064287767,-0.0
1514,Yield per roof,2.01644360167586,-0.0
1514,Procurement,0.8454846630173165,3.3839441617063897
1514,Combined,1.6551828774522903,-0.0
1515,Uniform,0.0,106.6462758943684
1515,Screened,0.3243788688446898,59.62755429171506
1515,Yield per roof,0.8044857552619149,80.86919028812035
1515,Procurement,0.8925231845425188,82.17770419410952
1515,Combined,1.2193100400696937,41.868705005327136
1516,Uniform,0.0,7.487310042800506
1516,Screened,0.5013379637072575,-0.0
1516,Yield per roof,1.2075569330004186,-0.0
1516,Procurement,0.9231821128362014,3.4763987250805024
1516,Combined,1.4247336047259296,-0.0
1517,Uniform,0.0,3.38606099480282
1517,Screened,0.7655710576510728,-0.0
1517,Yield per roof,1.863753555118251,-0.0
1517,Procurement,0.8948681303727426,2.185152057893102
1517,Combined,1.6693431095630729,-0.0
1518,Uniform,0.0,61.1399320476457
1518,Screened,0.3282646193575331,26.620747103645463
1518,Yield per roof,0.8120942630352559,40.81978173528569
1518,Procurement,0.9859101031512054,34.45317633301736
1518,Combined,1.3148894400651514,7.322544606636734
1519,Uniform,0.0,21.77898498403094
1519,Screened,0.5956293658085912,-0.0
1519,Yield per roof,1.4165759791599015,4.226169503316182
1519,Procurement,0.787057506331692,16.469412151545207
1519,Combined,1.3828265376642008,-0.0
1520,Uniform,0.0,8.864268851046262
1520,Screened,0.4695136395070705,-0.0
1520,Yield per roof,1.1190725574001448,0.5735754044906491
1520,Procurement,0.8921661143049846,4.642264673008008
1520,Combined,1.3660074890083536,-0.0
1521,Uniform,0.0,33.73013448929758
1521,Screened,0.4236101236392642,0.1230720604715085
1521,Yield per roof,1.0879910913461828,12.231676662094088
1521,Procurement,0.9185567305212032,26.72526458947413
1521,Combined,1.344317358391706,-0.0
1522,Uniform,0.0,71.65036465202884
1522,Screened,0.3113373588628647,33.88870669886001
1522,Yield per roof,0.8329714284205565,49.1427772211194
1522,Procurement,0.9724016222584596,45.12329608659547
1522,Combined,1.2839896906586077,14.684476764098228
1523,Uniform,-1.4210854715202004e-14,6.486708729898266
1523,Screened,0.6712247740958475,-0.0
1523,Yield per roof,1.673971073129806,-0.0
1523,Procurement,0.976176190468948,3.082608136905985
1523,Combined,1.6493377544047547,-0.0
1524,Uniform,-1.4210854715202004e-14,5.58780473381743
1524,Screened,0.5920410236021496,-0.0
1524,Yield per roof,1.577013501978925,-0.0
1524,Procurement,1.0217040917461162,2.532097173542454
1524,Combined,1.6138692860420465,-0.0
1525,Uniform,0.0,70.87478855841638
1525,Screened,0.4341760896633673,28.216248757474965
1525,Yield per roof,1.062970389736023,45.47014548228111
1525,Procurement,0.884248901314109,46.98185678912692
1525,Combined,1.3195044691603923,10.916881785345147
1526,Uniform,0.0,8.456542970112999
1526,Screened,0.5275941411466505,-0.0
1526,Yield per roof,1.3920764679741922,-0.0
1526,Procurement,0.8981342228967293,4.556392928570768
1526,Combined,1.4291014586566888,-0.0
1527,Uniform,0.0,17.1996994648686
1527,Screened,0.4109916598112306,-0.0
1527,Yield per roof,1.0869193584755834,3.168980754740267
1527,Procurement,0.888470289773494,11.470331270575707
1527,Combined,1.299188586399595,-0.0
1528,Uniform,0.0,6.5257371156166775
1528,Screened,0.880829998046238,-0.0
1528,Yield per roof,2.130368048145783,-0.0
1528,Procurement,0.878746766794336,3.892299698452188
1528,Combined,1.7601919692999957,-0.0
1529,Uniform,0.0,9.808357979159268
1529,Screened,0.7871370385216778,-0.0
1529,Yield per roof,2.044827527693883,-0.0
1529,Procurement,1.0040221464792296,5.534159268670978
1529,Combined,1.792353251845725,-0.0
1530,Uniform,-1.4210854715202004e-14,20.964398871309875
1530,Screened,0.5834315753466086,-0.0
1530,Yield per roof,1.3600057496106075,4.271071770693756
1530,Procurement,1.1424517400587175,13.69547626776565
1530,Combined,1.7298084982117103,-0.0
1531,Uniform,0.0,60.99947384577146
1531,Screened,0.2809885304420945,27.7573306073572
1531,Yield per roof,0.7328273370907752,41.87921871833695
1531,Procurement,1.170702458372716,29.100327626170973
1531,Combined,1.4533225806346053,4.668245006636293
1532,Uniform,0.0,25.75632405292726
1532,Screened,0.4886259183337813,-0.0
1532,Yield per roof,1.1731919499864318,6.876206562735005
1532,Procurement,1.119801887855871,17.19306945245303
1532,Combined,1.609492028842169,-0.0
1533,Uniform,0.0,49.61663781823279
1533,Screened,0.2305896928963235,23.04112086611048
1533,Yield per roof,0.5545761417819932,34.680302607509155
1533,Procurement,0.9370868498282832,24.071420582547304
1533,Combined,1.1697961358605582,4.527884590484197
1534,Uniform,-1.4210854715202004e-14,5.043240250762418
1534,Screened,0.6158422983312732,-0.0
1534,Yield per roof,1.593066338907562,-0.0
1534,Procurement,0.9477825775245776,2.5592767298251853
1534,Combined,1.565713498691224,-0.0
1535,Uniform,0.0,5.4394038005371925
1535,Screened,0.7298293175688428,-0.0
1535,Yield per roof,1.804593071091148,-0.0
1535,Procurement,0.95697267970381,2.9498039524085726
1535,Combined,1.6874081309859577,-0.0
1536,Uniform,0.0,10.877651244905769
1536,Screened,0.5511011843631906,-0.0
1536,Yield per roof,1.4347218234197925,0.2571873150287575
1536,Procurement,1.0403915256952985,6.213650965785064
1536,Combined,1.592221472543045,-0.0
1537,Uniform,0.0,16.23691658147707
1537,Screened,0.4567313864312154,-0.0
1537,Yield per roof,1.190086049830242,2.284697650598178
1537,Procurement,0.926400700511678,10.764147705890432
1537,Combined,1.383345423438456,-0.0
1538,Uniform,-1.4210854715202004e-14,13.545764618153791
1538,Screened,0.6163780055006782,-0.0
1538,Yield per roof,1.578714111349285,0.8476561830066316
1538,Procurement,0.8718969485182981,9.073056944947249
1538,Combined,1.4903302701242185,-0.0
1539,Uniform,1.4210854715202004e-14,9.694893023603182
1539,Screened,0.7468518873761667,-0.0
1539,Yield per roof,1.8619036314244253,-0.0
1539,Procurement,0.9666154326285864,5.530941803456139
1539,Combined,1.713750255321827,-0.0
1540,Uniform,0.0,19.63090522698249
1540,Screened,0.3214309243708868,-0.0
1540,Yield per roof,0.7775722095197395,5.58162098121844
1540,Procurement,0.86676760332778,12.958109597091598
1540,Combined,1.1941983592650374,-0.0
1541,Uniform,-1.4210854715202004e-14,9.760302208902637
1541,Screened,0.5804076589581371,-0.0
1541,Yield per roof,1.4885301050956627,-0.0
1541,Procurement,0.8922563758250845,5.882533416536709
1541,Combined,1.4726762310353363,-0.0
1542,Uniform,0.0,7.350361990007574
1542,Screened,0.508140719991161,-0.0
1542,Yield per roof,1.2695709006780618,-0.0
1542,Procurement,1.0250065092513267,2.893864368451328
1542,Combined,1.5354788676917224,-0.0
1543,Uniform,0.0,3.2046336956541515
1543,Screened,0.8150179745172181,-0.0
1543,Yield per roof,2.159423427519812,-0.0
1543,Procurement,0.8610014041161378,2.056574212540562
1543,Combined,1.6760917796763977,-0.0
1544,Uniform,0.0,7.141836999618048
1544,Screened,0.4764163361956974,-0.0
1544,Yield per roof,1.2466154817331585,-0.0
1544,Procurement,0.942248203437856,3.046875524341769
1544,Combined,1.418512339895969,-0.0
1545,Uniform,0.0,4.837733020714482
1545,Screened,0.9970355280303522,-0.0
1545,Yield per roof,2.3085904634622807,-0.0
1545,Procurement,0.7746443679670278,3.812030060040863
1545,Combined,1.7710670628734704,-0.0
1546,Uniform,-7.105427357601002e-15,114.86754446972924
1546,Screened,0.3128203167893204,66.62574645575584
1546,Yield per roof,0.7651989471721876,88.10931182627056
1546,Procurement,0.9757676706341272,88.59687397941669
1546,Combined,1.2893575967270507,47.61892720191705
1547,Uniform,0.0,48.30299072009028
1547,Screened,0.3096071719891569,18.53617874106462
1547,Yield per roof,0.760542171147307,29.753982086294474
1547,Procurement,0.9103443343723896,23.679689992277048
1547,Combined,1.2192287124214405,0.7846428295863201
1548,Uniform,0.0,16.19218474077655
1548,Screened,0.4779348078909606,-0.0
1548,Yield per roof,1.2561388040956842,2.0518800577781917
1548,Procurement,1.0424800035218595,10.04984920402257
1548,Combined,1.5214096545362708,-0.0
1549,Uniform,0.0,28.23005329079465
1549,Screened,0.5189255876604761,-0.0
1549,Yield per roof,1.303510540178067,7.356086139322778
1549,Procurement,1.087172740904549,19.938137753021454
1549,Combined,1.6077607430925696,-0.0
1550,Uniform,0.0,6.444520753891059
1550,Screened,0.8938179181285761,-0.0
1550,Yield per roof,2.2717688107802303,-0.0
1550,Procurement,0.9023913893155396,4.015344043773725
1550,Combined,1.796424227729915,-0.0
1551,Uniform,0.0,11.539520467282744
1551,Screened,0.4154688954604637,-0.0
1551,Yield per roof,1.093185548495896,1.0827148031034703
1551,Procurement,1.0100680975449166,6.186196404333754
1551,Combined,1.425964012775495,-0.0
1552,Uniform,0.0,20.767802733057195
1552,Screened,0.3627426681451808,-0.0
1552,Yield per roof,0.8981577150488107,5.714250118808084
1552,Procurement,1.0045995160757215,13.007178750096791
1552,Combined,1.367711156274474,-0.0
1553,Uniform,0.0,50.46892731946161
1553,Screened,0.2458011832663587,23.055028997483348
1553,Yield per roof,0.5990081142380745,34.926754884758545
1553,Procurement,1.0005523328339692,23.170086618932324
1553,Combined,1.2477842557165388,3.292721114959256
1554,Uniform,0.0,11.32661553415059
1554,Screened,0.6937836399139883,-0.0
1554,Yield per roof,1.7096251712749506,0.1343433545737753
1554,Procurement,0.9513606432163612,7.255405239134533
1554,Combined,1.6468719568252368,-0.0
1555,Uniform,0.0,3.919153100261053
1555,Screened,0.9006654652689292,-0.0
1555,Yield per roof,2.1841902922668623,-0.0
1555,Procurement,0.8474368684354658,2.780597347739115
1555,Combined,1.748314031047954,-0.0
1556,Uniform,0.0,6.581074851582692
1556,Screened,0.4593006839382809,-0.0
1556,Yield per roof,1.1821092932815134,-0.0
1556,Procurement,0.8688298763495226,2.808713016836995
1556,Combined,1.3299292502753275,-0.0
1557,Uniform,-1.4210854715202004e-14,15.92928824551032
1557,Screened,0.549487115178124,-0.0
1557,Yield per roof,1.3362252354195192,2.113885011481897
1557,Procurement,0.9050654987717196,10.584796515923324
1557,Combined,1.4578896701822543,-0.0
1558,Uniform,-7.105427357601002e-15,27.20877384515401
1558,Screened,0.3680568477631993,-0.0
1558,Yield per roof,0.9033512016817796,8.71271163381562
1558,Procurement,1.0040710537454132,19.458053317891807
1558,Combined,1.3736140850687877,-0.0
1559,Uniform,0.0,5.708163551008431
1559,Screened,0.585184184218349,-0.0
1559,Yield per roof,1.459514485009464,-0.0
1559,Procurement,0.9961928061696312,2.560867847862853
1559,Combined,1.5849303614892989,-0.0
1560,Uniform,0.0,3.9950976908021607
1560,Screened,0.900821142550825,-0.0
1560,Yield per roof,2.166259957590711,-0.0
1560,Procurement,0.8107339510924589,2.9051854148405685
1560,Combined,1.710947970180854,-0.0
1561,Uniform,0.0,9.279720819400872
1561,Screened,0.514769881950798,-0.0
1561,Yield per roof,1.310914769098872,0.1299912154216435
1561,Procurement,0.9356136420511943,5.143623889300047
1561,Combined,1.4499426120076748,-0.0
1562,Uniform,-3.552713678800501e-15,95.15714562455528
1562,Screened,0.2293773275807815,55.99677083367726
1562,Yield per roof,0.6101075035805223,72.94858765313629
1562,Procurement,0.896499491522107,70.87608945541088
1562,Combined,1.1253994310582731,38.45960968998129
1563,Uniform,0.0,21.760771651605545
1563,Screened,0.3810703611368424,-0.0
1563,Yield per roof,1.005146765997786,5.520986297002821
1563,Procurement,0.9587587676033138,14.373196936986666
1563,Combined,1.3396354560343582,-0.0
1564,Uniform,0.0,78.03081021450102
1564,Screened,0.3727323687923842,36.5287651400223
1564,Yield per roof,0.9265919224686314,53.275760860339375
1564,Procurement,0.8643783675526961,54.65720413595603
1564,Combined,1.2374097051985729,19.62596812540132
1565,Uniform,0.0,19.500499527635043
1565,Screened,0.6319535095919804,-0.0
1565,Yield per roof,1.5611604359300486,2.6468674135682377
1565,Procurement,0.8866086265944517,14.299204495636657
1565,Combined,1.518794493108473,-0.0
1566,Uniform,-1.4210854715202004e-14,5.647327496524716
1566,Screened,0.6204186536303951,-0.0
1566,Yield per roof,1.6593376664627186,-0.0
1566,Procurement,0.834861586399299,2.9640919757667143
1566,Combined,1.4566110423522929,-0.0
1567,Uniform,0.0,3.0085775576443976
1567,Screened,0.5578289558371239,-0.0
1567,Yield per roof,1.4197953583775984,-0.0
1567,Procurement,0.967822387274282,1.7104324016657906
1567,Combined,1.5326964782906316,-0.0
1568,Uniform,0.0,23.26419522914168
1568,Screened,0.2964269191227657,-0.0
1568,Yield per roof,0.7407106838615363,7.55310469942896
1568,Procurement,0.8513678850574706,16.71261021091145
1568,Combined,1.1498673322878687,-0.0
1569,Uniform,0.0,50.73406698005076
1569,Screened,0.2469821621390764,22.955839333807464
1569,Yield per roof,0.6100795661383742,34.88847850186321
1569,Procurement,0.9999779856419052,23.44645690376029
1569,Combined,1.2484877895922537,3.2023985072174392
1570,Uniform,0.0,9.398299629562182
1570,Screened,0.7594032507389556,-0.0
1570,Yield per roof,1.994964337719722,-0.0
1570,Procurement,0.8299470202223063,5.793193647613448
1570,Combined,1.590676660146869,-0.0
1571,Uniform,0.0,7.837440165607452
1571,Screened,0.5813549236228113,-0.0
1571,Yield per roof,1.4597276868565814,-0.0
1571,Procurement,0.8941290575174463,3.95303205468785
1571,Combined,1.475293313698984,-0.0
1572,Uniform,-7.105427357601002e-15,32.92407214955772
1572,Screened,0.3826178839292709,1.4307209472422533
1572,Yield per roof,1.024792552503392,12.25654199586056
1572,Procurement,0.9907161299026086,24.232517728656497
1572,Combined,1.3736131204034336,-0.0
1573,Uniform,0.0,8.278309416491016
1573,Screened,0.7890893357132711,-0.0
1573,Yield per roof,1.938464417478144,-0.0
1573,Procurement,0.8992699469674506,4.370230641529024
1573,Combined,1.6905102618250112,-0.0
1574,Uniform,0.0,5.8943097633790025
1574,Screened,0.5493730257061742,-0.0
1574,Yield per roof,1.444287272202445,-0.0
1574,Procurement,0.9330276867521264,2.611279934046475
1574,Combined,1.4838575587068732,-0.0
1575,Uniform,0.0,48.69340139012264
1575,Screened,0.4147314343814656,13.376651552739714
1575,Yield per roof,0.981241928409716,27.570951555836736
1575,Procurement,0.7735638693614533,29.939277199870897
1575,Combined,1.191684882474334,-0.0
1576,Uniform,0.0,6.28575626822745
1576,Screened,0.8535929608083848,-0.0
1576,Yield per roof,2.0690728032955974,-0.0
1576,Procurement,0.8507627162515803,3.741242735465388
1576,Combined,1.7048077225443876,-0.0
1577,Uniform,0.0,62.36035863402224
1577,Screened,0.2786921730676468,30.010238624837648
1577,Yield per roof,0.6843760739952671,44.07790532345115
1577,Procurement,1.046981796020198,33.673481272524256
1577,Combined,1.3270481679235218,9.216758875551664
1578,Uniform,0.0,31.786710195989816
1578,Screened,0.3176910606916223,5.734068744854475
1578,Yield per roof,0.7749173925970041,15.54897736242554
1578,Procurement,0.9663834072974424,18.886634465640817
1578,Combined,1.2843676101552788,-0.0
1579,Uniform,-1.4210854715202004e-14,4.557063618238312
1579,Screened,0.6806891862042335,-0.0
1579,Yield per roof,1.7292881215177118,-0.0
1579,Procurement,0.8608702282473644,2.760008766863949
1579,Combined,1.5442775689386252,-0.0
1580,Uniform,0.0,64.97015263169085
1580,Screened,0.3737841701393947,26.044768721211813
1580,Yield per roof,0.9660072024435208,41.25721116287573
1580,Procurement,0.8841189249714532,41.23476051308449
1580,Combined,1.2583105210789682,8.910617437987044
1581,Uniform,0.0,2.753009812505938
1581,Screened,0.8367093729672206,-0.0
1581,Yield per roof,2.125839182323915,-0.0
1581,Procurement,0.8757481886796654,1.5764034677231162
1581,Combined,1.711868095341913,-0.0
1582,Uniform,0.0,24.664184018191268
1582,Screened,0.4238960309035064,-0.0
1582,Yield per roof,1.1396229128446578,6.252623233694861
1582,Procurement,0.8827041670431157,17.856204010804593
1582,Combined,1.3061971444951157,-0.0
1583,Uniform,-7.105427357601002e-15,14.232981404432516
1583,Screened,0.3867950821429318,-0.0
1583,Yield per roof,1.0030608767974414,2.137980173019618
1583,Procurement,0.9512085805548692,8.615806012587898
1583,Combined,1.3379579654766829,-0.0
1584,Uniform,0.0,16.647790446749436
1584,Screened,0.4628611774925986,-0.0
1584,Yield per roof,1.2025501381921515,2.36882657213817
1584,Procurement,0.942900168158502,11.079140052298458
1584,Combined,1.4064717467363153,-0.0
1585,Uniform,0.0,53.97515281762984
1585,Screened,0.3566743816684052,19.271380050821985
1585,Yield per roof,0.9306180534682936,32.12492263273736
1585,Procurement,0.7888102662360268,32.65932774545413
1585,Combined,1.1451273108023583,3.916288202695002
1586,Uniform,0.0,15.472091079281697
1586,Screened,0.5145000427397264,-0.0
1586,Yield per roof,1.2252900804534903,2.192148195751715
1586,Procurement,0.908096527795422,10.107810676719946
1586,Combined,1.424686724905655,-0.0
1587,Uniform,0.0,11.389609676793889
1587,Screened,0.7619568339034828,-0.0
1587,Yield per roof,1.968107994292112,-0.0
1587,Procurement,0.8310530280636499,7.783674004669772
1587,Combined,1.594472944473111,-0.0
1588,Uniform,0.0,2.63736533677314
1588,Screened,0.8324737534079247,-0.0
1588,Yield per roof,2.036272110110275,-0.0
1588,Procurement,0.8118869109729587,1.5442468921516903
1588,Combined,1.646004278100378,-0.0
1589,Uniform,0.0,9.239048124704125
1589,Screened,0.4902570981442977,-0.0
1589,Yield per roof,1.250584288320681,0.2191294289561368
1589,Procurement,1.026602340142574,4.634550239458404
1589,Combined,1.51683008385983,-0.0
1590,Uniform,0.0,17.778372804826393
1590,Screened,0.5032260651367721,-0.0
1590,Yield per roof,1.221443296847184,3.0258634411952494
1590,Procurement,0.9163225416702404,12.263467504440731
1590,Combined,1.4221387352088044,-0.0
1591,Uniform,0.0,21.73176654326256
1591,Screened,0.469780956934585,-0.0
1591,Yield per roof,1.1897625462894297,4.844131039930285
1591,Procurement,0.9193567210817406,15.316827022983777
1591,Combined,1.3935084834653964,-0.0
1592,Uniform,0.0,10.335171294672763
1592,Screened,0.5230970563164021,-0.0
1592,Yield per roof,1.3501133692095235,0.4053052889951798
1592,Procurement,0.932413341314316,6.02783076342824
1592,Combined,1.457449296901828,-0.0
1593,Uniform,0.0,14.736695014397286
1593,Screened,0.4309610480122359,-0.0
1593,Yield per roof,1.107286561711021,2.007386068411234
1593,Procurement,0.9379211934514302,9.196747719714905
1593,Combined,1.3738032243313685,-0.0
1594,Uniform,-7.105427357601002e-15,33.19072600455053
1594,Screened,0.3082190483909954,7.064312401656385
1594,Yield per roof,0.7624687625220261,17.294533928712546
1594,Procurement,0.9997676665793732,18.80188440064485
1594,Combined,1.3092931930919676,-0.0
1595,Uniform,0.0,10.058738142361124
1595,Screened,0.62417634332202,-0.0
1595,Yield per roof,1.6104062239745789,-0.0
1595,Procurement,0.9408406412333364,5.970406995654082
1595,Combined,1.5684615026412845,-0.0
1596,Uniform,0.0,26.66069269932627
1596,Screened,0.3154865096726311,1.833307973904147
1596,Yield per roof,0.8088271507867333,10.113272682581398
1596,Procurement,0.8629075849960017,18.2975326814906
1596,Combined,1.1777053959316106,-0.0
1597,Uniform,0.0,12.245848798147374
1597,Screened,0.4690387661684383,-0.0
1597,Yield per roof,1.1756613976221928,1.3128380208552677
1597,Procurement,1.016562264006993,6.698679113723991
1597,Combined,1.4878038629893524,-0.0
1598,Uniform,0.0,13.693975585928143
1598,Screened,0.4491820657411125,-0.0
1598,Yield per roof,1.1178035798063777,1.727282161263862
1598,Procurement,1.0079836796029866,7.736824362023805
1598,Combined,1.4572295587141326,-0.0
1599,Uniform,0.0,20.75959098110852
1599,Screened,0.3313307238488221,-0.0
1599,Yield per roof,0.8284813016313066,6.00576219438906
1599,Procurement,0.9314553217191416,13.578404603760236
1599,Combined,1.2645031541067198,-0.0
1600,Uniform,0.0,8.58831764492634
1600,Screened,0.4462602964746764,-0.0
1600,Yield per roof,1.193562281363285,0.0753096333424214
1600,Procurement,0.857368805237698,4.865330149365147
1600,Combined,1.304846522988214,-0.0
1601,Uniform,-7.105427357601002e-15,15.291251906200484
1601,Screened,0.3741408103069261,-0.0
1601,Yield per roof,0.9811096800090128,2.6855830447687605
1601,Procurement,0.9235045691559378,9.560054694908857
1601,Combined,1.2979612873318374,-0.0
1602,Uniform,0.0,88.380014424361
1602,Screened,0.2071052358094292,52.22589168518296
1602,Yield per roof,0.52768993119291,68.87932835389823
1602,Procurement,1.1069151411934222,57.97219543746718
1602,Combined,1.3150366203481705,30.18365168738594
1603,Uniform,0.0,15.826326446327698
1603,Screened,0.6180150366155601,-0.0
1603,Yield per roof,1.5025639553856536,1.6617917116379195
1603,Procurement,1.1331103927382171,9.485012865266585
1603,Combined,1.7541864552429445,-0.0
1604,Uniform,-1.4210854715202004e-14,10.167948873939826
1604,Screened,0.7611969604971875,-0.0
1604,Yield per roof,1.9424714392747264,-0.0
1604,Procurement,0.8319113029365894,6.557301365251568
1604,Combined,1.5937345695727458,-0.0
1605,Uniform,0.0,18.134812243918333
1605,Screened,0.4604174106927985,-0.0
1605,Yield per roof,1.1745807986916077,3.2861623951842884
1605,Procurement,0.956101934754514,12.171391388021236
1605,Combined,1.4183335507406554,-0.0
1606,Uniform,0.0,24.55117939493798
1606,Screened,0.4648920171888449,-0.0
1606,Yield per roof,1.163742821365659,6.222391554380446
1606,Procurement,1.3344593651315932,14.837732970922238
1606,Combined,1.802230947707528,-0.0
1607,Uniform,0.0,55.20528153371886
1607,Screened,0.3281411201567579,21.40378146717829
1607,Yield per roof,0.8538853354828433,34.68838644886036
1607,Procurement,0.8693161603883155,31.62653270356824
1607,Combined,1.1984595328396708,4.369587249887668
1608,Uniform,0.0,16.395012904133
1608,Screened,0.4682336519181405,-0.0
1608,Yield per roof,1.139566701450093,2.7722012173146204
1608,Procurement,0.976585961965398,10.452489535607098
1608,Combined,1.4449966829045875,-0.0
1609,Uniform,0.0,74.29034458722428
1609,Screened,0.347254570204548,35.281310267802745
1609,Yield per roof,0.8671420736546267,51.10134103638889
1609,Procurement,0.8314859010734992,51.74981969946976
1609,Combined,1.1788312918180424,18.99216181138914
1610,Uniform,0.0,16.546989525842193
1610,Screened,0.4609966478349605,-0.0
1610,Yield per roof,1.1610840576179555,2.6538673531977013
1610,Procurement,0.8802403127920684,11.204781810903809
1610,Combined,1.3407242598451887,-0.0
1611,Uniform,0.0,23.078476517645957
1611,Screened,0.421094447735399,-0.0
1611,Yield per roof,1.1087626597401652,5.762378020903349
1611,Procurement,0.8497242074893165,16.53259383331504
1611,Combined,1.2713437748288214,-0.0
1612,Uniform,0.0,20.870769087695503
1612,Screened,0.3699746907551642,-0.0
1612,Yield per roof,0.9750382111551515,5.2338805003673565
1612,Procurement,0.990853075197812,13.348102697962046
1612,Combined,1.3606764844680797,-0.0
1613,Uniform,0.0,22.962206783970316
1613,Screened,0.4659994196295685,-0.0
1613,Yield per roof,1.1767765240801251,5.501630997640727
1613,Procurement,1.2022061479319746,14.609758100481915
1613,Combined,1.6701333218018988,-0.0
1614,Uniform,0.0,25.748286025160265
1614,Screened,0.4661206144165959,-0.0
1614,Yield per roof,1.174788338599413,6.73169104460256
1614,Procurement,0.8829594414447399,18.945228739788853
1614,Combined,1.349068191919315,-0.0
1615,Uniform,0.0,88.6423341135234
1615,Screened,0.2249693564338954,51.87197694312826
1615,Yield per roof,0.5591314774628628,68.45292482866043
1615,Procurement,1.067550682589122,59.62588764051121
1615,Combined,1.2933753926458706,30.855771548392617
1616,Uniform,0.0,9.282838095537922
1616,Screened,0.7084865175515205,-0.0
1616,Yield per roof,1.8354683458530587,-0.0
1616,Procurement,0.9959475999246336,4.956249217415837
1616,Combined,1.7075224322450708,-0.0
1617,Uniform,0.0,14.221777645697452
1617,Screened,0.4825455509860035,-0.0
1617,Yield per roof,1.176718031609866,1.8739779760094413
1617,Procurement,0.9343138783806068,8.70246852723919
1617,Combined,1.4167258938291951,-0.0
1618,Uniform,0.0,6.417414872465664
1618,Screened,0.629880462501049,-0.0
1618,Yield per roof,1.5073490850467124,-0.0
1618,Procurement,0.9154427668456576,2.97163132299201
1618,Combined,1.549221452218973,-0.0
1619,Uniform,0.0,20.88189143439833
1619,Screened,0.3721712261588337,-0.0
1619,Yield per roof,0.9942092790515816,5.080518211741368
1619,Procurement,1.1518563548771752,12.58168598986533
1619,Combined,1.5252391757106736,-0.0
1620,Uniform,0.0,24.780625509621476
1620,Screened,0.532928178818139,-0.0
1620,Yield per roof,1.2678362037658673,6.121921406040946
1620,Procurement,0.9757432906370268,17.27960701505943
1620,Combined,1.509935815158201,-0.0
1621,Uniform,0.0,6.178218575718287
1621,Screened,0.5039381110144205,-0.0
1621,Yield per roof,1.261433885794446,-0.0
1621,Procurement,0.9227431956645802,2.536476125413809
1621,Combined,1.4304349125804094,-0.0
1622,Uniform,-7.105427357601002e-15,72.5954993155141
1622,Screened,0.2975462382387519,35.09583986817871
1622,Yield per roof,0.8059045653564638,50.48116744508133
1622,Procurement,0.7549188273474456,52.05939840462336
1622,Combined,1.0537918831423667,20.226643298309146
1623,Uniform,0.0,19.226167538160013
1623,Screened,0.5098919093512109,-0.0
1623,Yield per roof,1.236852236958157,3.752576383515767
1623,Procurement,0.9031915759995002,13.362740721617628
1623,Combined,1.4142587580927568,-0.0
1624,Uniform,0.0,13.875658488464628
1624,Screened,0.3893155731389441,-0.0
1624,Yield per roof,1.0494167597547772,1.7887501858566468
1624,Procurement,0.8497717114018286,8.863542442874257
1624,Combined,1.2429252509259925,-0.0
1625,Uniform,0.0,15.720253163699502
1625,Screened,0.5194056814802508,-0.0
1625,Yield per roof,1.3076860865061375,2.0013087744871525
1625,Procurement,0.849539495378437,10.704324074637904
1625,Combined,1.369236144180192,-0.0
1626,Uniform,0.0,19.11120983382828
1626,Screened,0.3977885899302862,-0.0
1626,Yield per roof,1.0470525012293592,4.11045805939349
1626,Procurement,0.9984057176080938,12.21224049375607
1626,Combined,1.3960522706050256,-0.0
1627,Uniform,0.0,6.417007195039705
1627,Screened,0.5334898844244833,-0.0
1627,Yield per roof,1.4199304716847791,-0.0
1627,Procurement,0.9320445486908396,2.6965445135969066
1627,Combined,1.4653039675508666,-0.0
1628,Uniform,0.0,9.131338465361054
1628,Screened,0.4089067701645916,-0.0
1628,Yield per roof,1.036717024680641,0.6285530783216923
1628,Procurement,0.8642283430580022,4.878004021481821
1628,Combined,1.275082668684405,-0.0
1629,Uniform,0.0,23.25031792517317
1629,Screened,0.5804061390829531,-0.0
1629,Yield per roof,1.4803746122727262,4.273871264772538
1629,Procurement,1.0346328275146703,16.82654916253454
1629,Combined,1.618710918979616,-0.0
1630,Uniform,0.0,11.53076982460724
1630,Screened,0.8515319359614466,-0.0
1630,Yield per roof,1.981228690304192,-0.0
1630,Procurement,1.0527939310795773,7.033274083261166
1630,Combined,1.906307418539967,-0.0
1631,Uniform,0.0,10.524165939999907
1631,Screened,0.7879954245466934,-0.0
1631,Yield per roof,2.0158253998024804,-0.0
1631,Procurement,0.8308949676545012,6.97197965726702
1631,Combined,1.61959885910818,-0.0
1632,Uniform,0.0,10.488978507947964
1632,Screened,0.7000817722513801,-0.0
1632,Yield per roof,1.7924322926821643,-0.0
1632,Procurement,0.973009582018193,6.257651582262554
1632,Combined,1.675522878535986,-0.0
1633,Uniform,0.0,38.918286176525086
1633,Screened,0.2965717797130693,10.554497605105492
1633,Yield per roof,0.7938349424886795,21.516398636816724
1633,Procurement,1.0701901460147951,20.55075466263666
1633,Combined,1.3681218102929833,-0.0
1634,Uniform,0.0,31.87400385680696
1634,Screened,0.4528662400399668,-0.0
1634,Yield per roof,1.134377822711386,9.748183114249064
1634,Procurement,0.7846422631994017,25.824080391708296
1634,Combined,1.2424441744279733,-0.0
1635,Uniform,0.0,75.24561397663963
1635,Screened,0.2147803577093263,42.793443432001546
1635,Yield per roof,0.5430250193444692,56.995872067463104
1635,Procurement,0.9463082529022984,49.38531661947256
1635,Combined,1.1611242164435538,24.087819741691305
1636,Uniform,0.0,13.091204638993414
1636,Screened,0.444411186594067,-0.0
1636,Yield per roof,1.122280761520685,1.537869381239112
1636,Procurement,1.0749080602348755,7.030151881479799
1636,Combined,1.520348124686734,-0.0
1637,Uniform,0.0,26.6419606130014
1637,Screened,0.3278362450990784,-0.0
1637,Yield per roof,0.8633531165677297,8.34774803270321
1637,Procurement,1.0876027228246414,18.232266821704133
1637,Combined,1.4196542123800668,-0.0
1638,Uniform,0.0,18.20412797980643
1638,Screened,0.5313390515069472,-0.0
1638,Yield per roof,1.3385740624094635,2.654247936155784
1638,Procurement,0.9689401953864945,12.537167785290134
1638,Combined,1.5004818759224463,-0.0
1639,Uniform,0.0,5.180521953763974
1639,Screened,0.6012723794998749,-0.0
1639,Yield per roof,1.4930435811674982,-0.0
1639,Procurement,0.9635205759879284,2.4216465461247005
1639,Combined,1.5653362505734094,-0.0
1640,Uniform,0.0,13.78234037562856
1640,Screened,0.3828995622195776,-0.0
1640,Yield per roof,0.9910498002993364,1.982482480588484
1640,Procurement,0.9770890847600242,8.007067321007698
1640,Combined,1.36137427122285,-0.0
1641,Uniform,0.0,33.3215174986606
1641,Screened,0.3388361662037837,5.300033499430273
1641,Yield per roof,0.8731776109666924,14.913995818350568
1641,Procurement,0.9411706965710068,20.956956434007797
1641,Combined,1.2794396876940084,-0.0
1642,Uniform,0.0,32.89647218622572
1642,Screened,0.2570746561517865,8.709711252375394
1642,Yield per roof,0.6847085846032002,17.699072815833475
1642,Procurement,0.9787396300795592,16.90465680617085
1642,Combined,1.23609221930473,-0.0
1643,Uniform,1.4210854715202004e-14,15.80635365611082
1643,Screened,0.6175040139182784,-0.0
1643,Yield per roof,1.5550280457211585,1.60411998902291
1643,Procurement,0.7264843929976195,11.52076177811188
1643,Combined,1.3454545996174687,-0.0
1644,Uniform,0.0,2.486527323036444
1644,Screened,0.6785507526739138,-0.0
1644,Yield per roof,1.7245795428135295,-0.0
1644,Procurement,0.9207607168739712,1.2492506819522111
1644,Combined,1.5990298243817591,-0.0
1645,Uniform,0.0,91.7977826423436
1645,Screened,0.3959217671030188,44.7437245222765
1645,Yield per roof,0.9709961542169908,65.23532137800615
1645,Procurement,0.9570855815924872,66.19871593983598
1645,Combined,1.3557634043915243,26.20786166785709
1646,Uniform,-1.4210854715202004e-14,17.618188411284223
1646,Screened,0.5785788749799963,-0.0
1646,Yield per roof,1.3975974567624263,2.328497576164059
1646,Procurement,1.2064599674196756,10.507031300780817
1646,Combined,1.7866745818051442,-0.0
1647,Uniform,0.0,18.28778787426336
1647,Screened,0.3288417381489878,-0.0
1647,Yield per roof,0.8304083164753209,4.762064653500411
1647,Procurement,0.8562980729774878,11.843297867417826
1647,Combined,1.1882700843800151,-0.0
1648,Uniform,0.0,6.008686029014128
1648,Screened,0.624575752244894,-0.0
1648,Yield per roof,1.5612959175159349,-0.0
1648,Procurement,1.069943889390828,2.6535189580410616
1648,Combined,1.6974946437126022,-0.0
1649,Uniform,0.0,22.924327283131657
1649,Screened,0.3574485273817203,-0.0
1649,Yield per roof,0.8670705290100997,6.85679832386939
1649,Procurement,0.919963478753175,15.833140030965527
1649,Combined,1.2801565832181652,-0.0
1650,Uniform,0.0,4.144587024109599
1650,Screened,0.8943017171010297,-0.0
1650,Yield per roof,2.2155424762061955,-0.0
1650,Procurement,0.8457602935227726,3.009591648043568
1650,Combined,1.7411722067191135,-0.0
1651,Uniform,0.0,22.083627513648945
1651,Screened,0.4356592289567373,-0.0
1651,Yield per roof,1.0783989898430946,5.505201139966439
1651,Procurement,1.2866409988439358,13.082561569084442
1651,Combined,1.727326642289697,-0.0
1652,Uniform,-1.4210854715202004e-14,10.80708990394038
1652,Screened,0.5578396636608289,-0.0
1652,Yield per roof,1.3933534491103077,0.4783370819061302
1652,Procurement,1.02880408989364,6.024186175065459
1652,Combined,1.5891499363177246,-0.0
1653,Uniform,-1.4210854715202004e-14,2.5107059248925285
1653,Screened,0.677463746324662,-0.0
1653,Yield per roof,1.7168518026448396,-0.0
1653,Procurement,0.9025931466299966,1.2975333663252704
1653,Combined,1.580397725054766,-0.0
1654,Uniform,0.0,17.711752102063322
1654,Screened,0.4839571227406765,-0.0
1654,Yield per roof,1.115095764290288,3.5243439009943622
1654,Procurement,0.9121428029300772,12.212982155173007
1654,Combined,1.4053384197836465,-0.0
1655,Uniform,0.0,11.049038528715933
1655,Screened,0.8265574281637385,-0.0
1655,Yield per roof,1.9986833947019704,-0.0
1655,Procurement,0.8704817557976128,7.319119932325681
1655,Combined,1.6982151222944992,-0.0
1656,Uniform,-1.4210854715202004e-14,2.6050321401894907
1656,Screened,0.5656512950657344,-0.0
1656,Yield per roof,1.4050061528514275,-0.0
1656,Procurement,0.8633829447272063,1.442464411926578
1656,Combined,1.4360734822518424,-0.0
1657,Uniform,0.0,16.354437141701915
1657,Screened,0.617757101022292,-0.0
1657,Yield per roof,1.4784401295408145,2.052612685039309
1657,Procurement,0.9628100622918936,10.659228639497494
1657,Combined,1.5832218504336169,-0.0
1658,Uniform,0.0,7.821333307476866
1658,Screened,0.4789484095109344,-0.0
1658,Yield per roof,1.2180576690683864,-0.0
1658,Procurement,0.9846101111501612,3.5403858985728585
1658,Combined,1.4689962513359092,-0.0
1659,Uniform,0.0,7.53864534699859
1659,Screened,0.7395913301262169,-0.0
1659,Yield per roof,1.957681827181446,-0.0
1659,Procurement,0.881409276467835,3.86967618672214
1659,Combined,1.6213869273029644,-0.0
1660,Uniform,-1.4210854715202004e-14,4.720758937900793
1660,Screened,0.7232506375606391,-0.0
1660,Yield per roof,1.8128754955743036,-0.0
1660,Procurement,1.0583839877154162,2.6305598273220867
1660,Combined,1.7833540387794216,-0.0
1661,Uniform,0.0,12.468649130437509
1661,Screened,0.5597549759433917,-0.0
1661,Yield per roof,1.4754087651369474,0.6023449995538417
1661,Procurement,0.9648838220730056,7.789523243077793
1661,Combined,1.5251260429107845,-0.0
1662,Uniform,0.0,19.860035229204428
1662,Screened,0.4273231205240364,-0.0
1662,Yield per roof,1.114281578757485,4.168349469070822
1662,Procurement,1.1261490583730165,12.341452183608167
1662,Combined,1.5552374846688082,-0.0
1663,Uniform,0.0,15.199783456589635
1663,Screened,0.4008251848959787,-0.0
1663,Yield per roof,1.0331839033063943,2.453100021696271
1663,Procurement,0.9560908578830692,9.404487941724732
1663,Combined,1.3565157832507282,-0.0
1664,Uniform,0.0,25.560460687402102
1664,Screened,0.5036477297753663,-0.0
1664,Yield per roof,1.2351032596720728,6.507172980463381
1664,Procurement,0.8049679358288273,19.35992738054588
1664,Combined,1.3082530765376816,-0.0
1665,Uniform,-1.4210854715202004e-14,14.62778728613188
1665,Screened,0.6823831593277276,-0.0
1665,Yield per roof,1.6257117173203142,1.3584075335794097
1665,Procurement,0.8310291947667423,9.884743002700274
1665,Combined,1.517195526728358,-0.0
1666,Uniform,0.0,27.253479996305757
1666,Screened,0.3784267559406942,-0.0
1666,Yield per roof,0.9748291284150596,8.279958789020867
1666,Procurement,0.9676356218191272,19.78348582698089
1666,Combined,1.3468078465101314,-0.0
1667,Uniform,0.0,18.33682797914205
1667,Screened,0.3534415101007795,-0.0
1667,Yield per roof,0.8843298114090743,4.584727283133036
1667,Procurement,0.8776623746187511,11.80681060137409
1667,Combined,1.232077345787317,-0.0
1668,Uniform,0.0,12.33723026439133
1668,Screened,0.529718074983947,-0.0
1668,Yield per roof,1.348120224136963,0.9691594249322965
1668,Procurement,1.0258071060202951,7.082745356435015
1668,Combined,1.5573814571385751,-0.0
1669,Uniform,0.0,44.192327153153656
1669,Screened,0.3762237151460823,9.982255301202349
1669,Yield per roof,0.9724456051777892,24.10310631455889
1669,Procurement,0.8328791804325633,28.531304929848865
1669,Combined,1.2137175160614715,-0.0
1670,Uniform,0.0,8.099388320561818
1670,Screened,0.502496964845804,-0.0
1670,Yield per roof,1.3186520388744754,-0.0
1670,Procurement,0.8368097982549756,4.466100065365205
1670,Combined,1.3395313345173037,-0.0
1671,Uniform,1.4210854715202004e-14,3.962838631786163
1671,Screened,0.6551285269934368,-0.0
1671,Yield per roof,1.571721121548194,-0.0
1671,Procurement,0.9401096788410824,2.2336355536346555
1671,Combined,1.5955044697628438,-0.0
1672,Uniform,1.4210854715202004e-14,2.755636927439691
1672,Screened,0.6586598527303096,-0.0
1672,Yield per roof,1.6737978317680555,-0.0
1672,Procurement,0.9356237266141676,1.4988259085124669
1672,Combined,1.595063385170846,-0.0
1673,Uniform,7.105427357601002e-15,15.025759755893697
1673,Screened,0.3494270534416799,-0.0
1673,Yield per roof,0.9344624313332516,2.7511700111197115
1673,Procurement,0.9582176258223428,8.963019614503576
1673,Combined,1.3074877316843754,-0.0
1674,Uniform,0.0,15.951891145281456
1674,Screened,0.400804490085008,-0.0
1674,Yield per roof,1.0582017293013166,2.6456914119316157
1674,Procurement,0.9374084302231296,10.191437657775928
1674,Combined,1.3381091689958566,-0.0
1675,Uniform,0.0,7.518607044793534
1675,Screened,0.4721175794990984,-0.0
1675,Yield per roof,1.126801397631212,-0.0
1675,Procurement,1.012354496196366,3.121525041005356
1675,Combined,1.4965900866567097,-0.0
1676,Uniform,0.0,2.8307170521852574
1676,Screened,0.626610258298598,-0.0
1676,Yield per roof,1.5587562639511532,-0.0
1676,Procurement,0.9090752196372448,1.6101310055911169
1676,Combined,1.5347605345198474,-0.0
1677,Uniform,0.0,15.597814016540315
1677,Screened,0.6472851890373192,-0.0
1677,Yield per roof,1.6206572667063028,1.447953631231032
1677,Procurement,0.8594018269490249,10.581671781443577
1677,Combined,1.508200445264137,-0.0
1678,Uniform,0.0,20.579864738316417
1678,Screened,0.3470550731645261,-0.0
1678,Yield per roof,0.892485852400597,5.525772154105855
1678,Procurement,0.958794530238464,13.18299931841329
1678,Combined,1.30576498857247,-0.0
1679,Uniform,0.0,10.677351909974744
1679,Screened,0.9155269470751364,-0.0
1679,Yield per roof,2.14916653074107,-0.0
1679,Procurement,0.909161674951406,6.935953095932282
1679,Combined,1.8254199788171943,-0.0
1680,Uniform,0.0,5.813271604812513
1680,Screened,0.7534710413353025,-0.0
1680,Yield per roof,1.841380351100014,-0.0
1680,Procurement,0.979225912421242,3.156097534803097
1680,Combined,1.735767491218155,-0.0
1681,Uniform,0.0,34.07483765451368
1681,Screened,0.2979275413635207,6.819583973755376
1681,Yield per roof,0.8062928365105861,17.0774125147733
1681,Procurement,1.0910363942511836,19.3092070471038
1681,Combined,1.3899719037159173,-0.0
1682,Uniform,-7.105427357601002e-15,68.71073240222326
1682,Screened,0.3085688866845615,32.51297625056771
1682,Yield per roof,0.7965616615240307,47.18253032826627
1682,Procurement,0.9706777008632272,42.44980686559577
1682,Combined,1.2792946508707033,13.53019180205207
1683,Uniform,0.0,20.539966343955225
1683,Screened,0.358235765427203,-0.0
1683,Yield per roof,0.95649729291641,5.168134515153985
1683,Procurement,1.07633998466072,12.65792085815241
1683,Combined,1.4364845538243216,-0.0
1684,Uniform,0.0,2.9721617625539336
1684,Screened,0.6419199763863475,-0.0
1684,Yield per roof,1.736428538566955,-0.0
1684,Procurement,1.0366127405264791,1.582958057392552
1684,Combined,1.6800466368643183,-0.0
1685,Uniform,1.4210854715202004e-14,8.667028695926732
1685,Screened,0.7509699877390688,-0.0
1685,Yield per roof,1.8204481215802415,-0.0
1685,Procurement,0.8282188289400239,5.068933199407404
1685,Combined,1.5806111777567935,-0.0
1686,Uniform,-7.105427357601002e-15,63.15585632324957
1686,Screened,0.258323663111959,30.83078299359009
1686,Yield per roof,0.6959650051917592,43.74538279428943
1686,Procurement,0.945743482571494,37.44546344151193
1686,Combined,1.2038074249030473,12.24151884028217
1687,Uniform,0.0,25.649069386810496
1687,Screened,0.451336566074616,-0.0
1687,Yield per roof,1.1204533862066055,7.037502286441174
1687,Procurement,0.9967240651641588,17.961388000241225
1687,Combined,1.4491766777960322,-0.0
1688,Uniform,-1.4210854715202004e-14,11.069544308956596
1688,Screened,0.7156978429260192,-0.0
1688,Yield per roof,1.8620359254657188,-0.0
1688,Procurement,0.8580545188955995,7.344335606542062
1688,Combined,1.573576291306523,-0.0
1689,Uniform,1.4210854715202004e-14,11.672091185549224
1689,Screened,0.7397751160355028,-0.0
1689,Yield per roof,1.850941092068794,-0.0
1689,Procurement,0.8460759898950556,7.996898715973637
1689,Combined,1.5880121241724368,-0.0
1690,Uniform,-1.4210854715202004e-14,10.631152268579072
1690,Screened,0.6941585046758831,-0.0
1690,Yield per roof,1.8054351398090205,-0.0
1690,Procurement,0.8570460650796861,6.908120669991019
1690,Combined,1.5517525205609246,-0.0
1691,Uniform,-1.4210854715202004e-14,13.887800086227449
1691,Screened,0.6977878168305267,-0.0
1691,Yield per roof,1.668652915367744,0.9248934625211458
1691,Procurement,0.9712159299871672,8.926638423486445
1691,Combined,1.669401485082119,-0.0
1692,Uniform,0.0,31.518340707168413
1692,Screened,0.4878497854387973,-0.0
1692,Yield per roof,1.1739787884715298,9.652281554458922
1692,Procurement,0.8336242151434305,25.093480477738417
1692,Combined,1.321783638929105,-0.0
1693,Uniform,-1.4210854715202004e-14,18.869130644001487
1693,Screened,0.6728419768664367,-0.0
1693,Yield per roof,1.629156912114084,2.41630642009304
1693,Procurement,0.8499472510269896,13.847543526175633
1693,Combined,1.525989619032913,-0.0
1694,Uniform,0.0,22.664184900288376
1694,Screened,0.354089687502821,-0.0
1694,Yield per roof,0.9238017029982616,6.340110018908696
1694,Procurement,0.9536640015190088,15.379105435146007
1694,Combined,1.3074318761552275,-0.0
1695,Uniform,0.0,46.20573389521347
1695,Screened,0.3057614752458306,16.15823370356731
1695,Yield per roof,0.8079947782788963,27.218022530791632
1695,Procurement,0.8775754003610885,23.54102589858815
1695,Combined,1.1827546165826206,-0.0
1696,Uniform,0.0,31.35246451170433
1696,Screened,0.3174170797359181,3.5069490047500653
1696,Yield per roof,0.8538661523946516,14.35355673819749
1696,Procurement,1.1865277643798606,19.228481564506986
1696,Combined,1.5063379699378672,-0.0
1697,Uniform,0.0,15.14745425426926
1697,Screened,0.4604485736388426,-0.0
1697,Yield per roof,1.1645739389451677,2.084033220375276
1697,Procurement,0.8406794121121095,10.189490291861556
1697,Combined,1.3025322543553273,-0.0
1698,Uniform,0.0,19.528342607332487
1698,Screened,0.3606875905043907,-0.0
1698,Yield per roof,0.9202987026721132,4.958529489769473
1698,Procurement,0.951823054180231,12.335135887220131
1698,Combined,1.3122677481765876,-0.0
1699,Uniform,0.0,15.175812748096838
1699,Screened,0.3724287226059886,-0.0
1699,Yield per roof,0.9709103861196198,2.6850657531344173
1699,Procurement,1.0028759857907374,8.976234769565576
1699,Combined,1.3754819565148182,-0.0
1700,Uniform,0.0,22.74047184433152
1700,Screened,0.2660404618221648,-0.0
1700,Yield per roof,0.732927357780568,8.006223498576185
1700,Procurement,0.8999231706731337,15.807205483547463
1700,Combined,1.167559832657659,-0.0
1701,Uniform,0.0,9.608364430635064
1701,Screened,0.669865849254279,-0.0
1701,Yield per roof,1.648454193658793,-0.0
1701,Procurement,1.017115624360741,5.226138682889575
1701,Combined,1.68864848495231,-0.0
1702,Uniform,0.0,5.688149154588082
1702,Screened,0.8017606382942972,-0.0
1702,Yield per roof,2.0475366177749663,-0.0
1702,Procurement,0.8599455390818775,3.5196177971162075
1702,Combined,1.6657880757603891,-0.0
1703,Uniform,0.0,93.10563318691015
1703,Screened,0.2402336256662067,53.75950901805787
1703,Yield per roof,0.6289518846730999,71.37588843668989
1703,Procurement,0.9737386546519816,66.42682874254858
1703,Combined,1.2145934182265918,34.440522374134744
1704,Uniform,-1.4210854715202004e-14,15.658284249763115
1704,Screened,0.5910526913145446,-0.0
1704,Yield per roof,1.5045359289385658,1.4875695952706225
1704,Procurement,1.0321693758380803,9.91620679952612
1704,Combined,1.6252715793863075,-0.0
1705,Uniform,0.0,13.179622099479564
1705,Screened,0.4778534947657959,-0.0
1705,Yield per roof,1.2046156967158763,1.438916460210709
1705,Procurement,0.930680515288401,7.776976438209372
1705,Combined,1.4079818558304424,-0.0
1706,Uniform,0.0,14.94965028690118
1706,Screened,0.5164582332665333,-0.0
1706,Yield per roof,1.3302673457788077,1.6594138979835282
1706,Procurement,1.0097340631675706,9.08800117875515
1706,Combined,1.527691450354311,-0.0
1707,Uniform,0.0,10.811793169832267
1707,Screened,0.4645828861871734,-0.0
1707,Yield per roof,1.1655472000669818,0.8523546446487101
1707,Procurement,0.9448137327342891,5.932888688520946
1707,Combined,1.4089815294677803,-0.0
1708,Uniform,0.0,69.0251649227456
1708,Screened,0.2707356549147732,35.17206937875761
1708,Yield per roof,0.6760359349768379,49.91228435261581
1708,Procurement,0.9799851394487432,42.21170600428655
1708,Combined,1.2517446268066266,15.751099084841444
1709,Uniform,0.0,3.0604574631415464
1709,Screened,0.7684944864851104,-0.0
1709,Yield per roof,1.87911273823903,-0.0
1709,Procurement,0.8952711915363807,1.8571310353489048
1709,Combined,1.6657559228050616,-0.0
1710,Uniform,0.0,12.021006736708204
1710,Screened,0.4713344615324217,-0.0
1710,Yield per roof,1.1861590236055122,1.160545622671748
1710,Procurement,0.9486117221961337,6.852026180178703
1710,Combined,1.4203111454608148,-0.0
1711,Uniform,0.0,21.435281547989145
1711,Screened,0.4470157362385549,-0.0
1711,Yield per roof,1.2071486303543395,4.469516258106095
1711,Procurement,0.8721378721153883,15.297044825988545
1711,Combined,1.3190078083599277,-0.0
1712,Uniform,0.0,5.231669403341762
1712,Screened,0.6277094903228289,-0.0
1712,Yield per roof,1.5723549433656672,-0.0
1712,Procurement,0.9225668424127208,2.588065997637797
1712,Combined,1.5503481468689273,-0.0
1713,Uniform,0.0,51.38969029028815
1713,Screened,0.3171066948196426,18.802112251536222
1713,Yield per roof,0.798288676639693,32.44476470644111
1713,Procurement,1.185919481109636,24.14596915524251
1713,Combined,1.505474224159265,-0.0
1714,Uniform,0.0,5.443492122359964
1714,Screened,0.532702876152527,-0.0
1714,Yield per roof,1.3172077978814798,-0.0
1714,Procurement,0.9331794516480868,2.3587131383901005
1714,Combined,1.46805158480619,-0.0
1715,Uniform,0.0,26.12310856906985
1715,Screened,0.4052800480760652,-0.0
1715,Yield per roof,1.0005842053126344,7.7750329508970975
1715,Procurement,1.03481116010434,18.125092996603705
1715,Combined,1.443341688073602,-0.0
1716,Uniform,0.0,19.484589544306765
1716,Screened,0.5700529998177046,-0.0
1716,Yield per roof,1.4283096163645863,2.868798192797332
1716,Procurement,0.7260097137763495,15.203301366854587
1716,Combined,1.297662822181195,-0.0
1717,Uniform,0.0,5.319572471531768
1717,Screened,0.5355333143929641,-0.0
1717,Yield per roof,1.43970612777332,-0.0
1717,Procurement,0.9311102144924774,2.42397099909391
1717,Combined,1.4681598926605377,-0.0
1718,Uniform,0.0,24.96732204545886
1718,Screened,0.4067289321531149,-0.0
1718,Yield per roof,1.02311718226197,7.110372498836939
1718,Procurement,0.8355611770732452,18.531340564469488
1718,Combined,1.2421542830886665,-0.0
1719,Uniform,0.0,89.27910018281906
1719,Screened,0.2610748185251168,49.3522686676019
1719,Yield per roof,0.6974492598405604,66.95591960986351
1719,Procurement,1.003419829435188,61.74488672926072
1719,Combined,1.265661700851858,29.397277850574213
1720,Uniform,0.0,3.860996047433691
1720,Screened,0.9382621732573,-0.0
1720,Yield per roof,2.22604362625313,-0.0
1720,Procurement,0.8195412603138266,2.7888661503041416
1720,Combined,1.7574877960648223,-0.0
1721,Uniform,0.0,23.71290164993537
1721,Screened,0.297562496137445,-0.0
1721,Yield per roof,0.7838236608443196,7.968420145821185
1721,Procurement,0.9359480199023976,16.496566843327724
1721,Combined,1.233586246748743,-0.0
1722,Uniform,0.0,6.869075441994951
1722,Screened,0.4922908149020344,-0.0
1722,Yield per roof,1.1921146726560607,-0.0
1722,Procurement,0.9496076173050056,2.7430431189868365
1722,Combined,1.4464117732127448,-0.0
1723,Uniform,0.0,10.01690527565398
1723,Screened,0.6401699777592427,-0.0
1723,Yield per roof,1.6096496801201423,-0.0
1723,Procurement,1.065039102856204,5.392199028690148
1723,Combined,1.7069485241343043,-0.0
1724,Uniform,0.0,18.50399264462509
1724,Screened,0.383087961690407,-0.0
1724,Yield per roof,0.9774098825599892,4.271719902146975
1724,Procurement,0.8903405405870757,12.131745291451072
1724,Combined,1.2740711709813226,-0.0
1725,Uniform,0.0,31.45726437910607
1725,Screened,0.4551212874763308,-0.0
1725,Yield per roof,1.1407237466594893,9.534953020852988
1725,Procurement,0.9030053233258712,24.574947105780492
1725,Combined,1.3579473232713042,-0.0
1726,Uniform,0.0,4.069714072910825
1726,Screened,0.9567935848620266,-0.0
1726,Yield per roof,2.4301295141397645,-0.0
1726,Procurement,0.8019900997479965,2.9920722213990776
1726,Combined,1.758619411016042,-0.0
1727,Uniform,0.0,3.923600860517542
1727,Screened,0.9779365021295234,-0.0
1727,Yield per roof,2.4092629488388013,-0.0
1727,Procurement,0.8195423318884423,2.823729616712804
1727,Combined,1.8011582952282197,-0.0
1728,Uniform,0.0,22.403747236937917
1728,Screened,0.5376917351354393,-0.0
1728,Yield per roof,1.3196316010561162,4.827993472259224
1728,Procurement,0.8394239290203132,16.464944700402903
1728,Combined,1.3792063679315305,-0.0
1729,Uniform,0.0,24.74595378438316
1729,Screened,0.4504335848005922,-0.0
1729,Yield per roof,1.1028189247096662,6.720736379396578
1729,Procurement,0.7904362896158261,18.659086045913728
1729,Combined,1.2429175154223486,-0.0
1730,Uniform,-7.105427357601002e-15,17.233358151022056
1730,Screened,0.3543928300471108,-0.0
1730,Yield per roof,0.908153303568504,3.926220182468668
1730,Procurement,1.0843656004676705,10.073824789261293
1730,Combined,1.4434870857727446,-0.0
1731,Uniform,0.0,51.6324737344474
1731,Screened,0.2252246256948282,24.04250165080251
1731,Yield per roof,0.5931453203869097,35.71545448331337
1731,Procurement,0.8782334845247419,27.73492356941195
1731,Combined,1.1052570292530817,6.732022434388134
1732,Uniform,1.4210854715202004e-14,4.1204699960650295
1732,Screened,0.7026990572044838,-0.0
1732,Yield per roof,1.829063117654215,-0.0
1732,Procurement,0.9199804056918596,2.600621126533781
1732,Combined,1.622959369156959,-0.0
1733,Uniform,0.0,7.177602541193819
1733,Screened,0.4700628337389076,-0.0
1733,Yield per roof,1.236397362943947,-0.0
1733,Procurement,0.8762300989352383,3.372370143847977
1733,Combined,1.3492476522762755,-0.0
1734,Uniform,0.0,7.731396120429024
1734,Screened,0.4465957078613627,-0.0
1734,Yield per roof,1.164315237312806,-0.0
1734,Procurement,0.8801419507889818,3.909382335327372
1734,Combined,1.3276302747201782,-0.0
1735,Uniform,0.0,4.12723855712054
1735,Screened,0.6062631641983955,-0.0
1735,Yield per roof,1.492619974192536,-0.0
1735,Procurement,1.0080418594084364,2.068399640335715
1735,Combined,1.6172216951989924,-0.0
1736,Uniform,1.4210854715202004e-14,13.785668546617496
1736,Screened,0.5501640771900611,-0.0
1736,Yield per roof,1.4402558086935784,1.110634373628024
1736,Procurement,0.9141804856365638,8.850121500394845
1736,Combined,1.4657543203401815,-0.0
1737,Uniform,0.0,16.54166936279809
1737,Screened,0.4803061243367921,-0.0
1737,Yield per roof,1.2146395584478995,2.363813049775452
1737,Procurement,1.069810691854272,10.272695047710153
1737,Combined,1.5514806549301312,-0.0
1738,Uniform,-1.4210854715202004e-14,5.8889451904140175
1738,Screened,0.5323584588235803,-0.0
1738,Yield per roof,1.2649126181014196,-0.0
1738,Procurement,0.9002180446445038,2.537036754105409
1738,Combined,1.436544963675246,-0.0
1739,Uniform,0.0,10.059529048620831
1739,Screened,0.7715325481941306,-0.0
1739,Yield per roof,1.9642001242227425,-0.0
1739,Procurement,0.9783218594462256,5.882278024445041
1739,Combined,1.751168345094328,-0.0
1740,Uniform,0.0,102.01597275608016
1740,Screened,0.2493280249106035,59.48210959183335
1740,Yield per roof,0.6582119804752011,78.66287642792427
1740,Procurement,1.053142409097859,73.44567672404165
1740,Combined,1.3037421003692202,38.78357629069149
1741,Uniform,0.0,3.394184215240199
1741,Screened,0.715016103956458,-0.0
1741,Yield per roof,1.745248608079308,-0.0
1741,Procurement,0.923493244216644,2.154927131714418
1741,Combined,1.6393931108848108,-0.0
1742,Uniform,0.0,41.55845312391005
1742,Screened,0.2566652304186476,15.501038937858237
1742,Yield per roof,0.6702515274437246,25.27014033959668
1742,Procurement,0.945411606987534,18.997835727938863
1742,Combined,1.2015046770228892,-0.0
1743,Uniform,-1.4210854715202004e-14,4.929290749605907
1743,Screened,0.6266460901383368,-0.0
1743,Yield per roof,1.6376608273784117,-0.0
1743,Procurement,0.8274905107169559,2.7200712907860582
1743,Combined,1.4537885306265963,-0.0
1744,Uniform,0.0,16.47487301228898
1744,Screened,0.4507879762966951,-0.0
1744,Yield per roof,1.1353567015663373,2.7830458462566536
1744,Procurement,0.9109669109904246,10.883957029652944
1744,Combined,1.36154456035446,-0.0
1745,Uniform,0.0,9.6673335058486
1745,Screened,0.469575817816164,-0.0
1745,Yield per roof,1.2082243467964986,0.4515176270065516
1745,Procurement,0.999725834060726,5.0208415842682985
1745,Combined,1.4711837674444013,-0.0
1746,Uniform,0.0,41.27878094206121
1746,Screened,0.3488318858591341,10.863839635792422
1746,Yield per roof,0.8367647500130744,23.35180478621438
1746,Procurement,0.9663599168799806,23.524258573200644
1746,Combined,1.318118672733867,-0.0
1747,Uniform,0.0,11.659323160099843
1747,Screened,0.492416871042181,-0.0
1747,Yield per roof,1.2434683381759015,0.9840205172182298
1747,Procurement,0.9554854988113276,6.6770946843255805
1747,Combined,1.449580287289649,-0.0
1748,Uniform,0.0,3.133074944812535
1748,Screened,0.5795146816676322,-0.0
1748,Yield per roof,1.4884161576330115,-0.0
1748,Procurement,0.9774163342680282,1.7861254979434469
1748,Combined,1.5579820402971052,-0.0
1749,Uniform,0.0,52.20863173013608
1749,Screened,0.2824576470451916,22.15483671755306
1749,Yield per roof,0.7016506738013746,34.85406355844513
1749,Procurement,0.9470352491130498,26.46952292581623
1749,Combined,1.2313041537614282,3.532063511057913
1750,Uniform,-7.105427357601002e-15,102.48075827500192
1750,Screened,0.3208078360329764,57.25896382813136
1750,Yield per roof,0.7983175085955665,76.58088408113736
1750,Procurement,0.8211177231205724,80.19682677980293
1750,Combined,1.141775716302206,41.1489673667511
1751,Uniform,0.0,13.113417992017972
1751,Screened,0.6261557312592458,-0.0
1751,Yield per roof,1.5292162164034977,0.9711668361654164
1751,Procurement,0.8900255551838114,8.38094928243697
1751,Combined,1.5166913245357136,-0.0
1752,Uniform,0.0,28.977886857019453
1752,Screened,0.4217243249443356,-0.0
1752,Yield per roof,1.0248201228546776,8.9955567978421
1752,Procurement,0.8379784523118019,22.518378199941527
1752,Combined,1.2622582828248596,-0.0
1753,Uniform,0.0,63.3294741709289
1753,Screened,0.3098686429630604,27.81660860937374
1753,Yield per roof,0.7797470027643172,44.09315607212599
1753,Procurement,1.007940213559749,35.821946219250975
1753,Combined,1.3226114470838226,7.83350808229768
1754,Uniform,0.0,20.41947293909752
1754,Screened,0.3341667490786122,-0.0
1754,Yield per roof,0.7845112606938613,6.029175614024299
1754,Procurement,1.0587079509437984,12.516867509598091
1754,Combined,1.4035667423310445,-0.0
1755,Uniform,0.0,5.052895253923444
1755,Screened,0.8745864084565369,-0.0
1755,Yield per roof,2.1601953480335965,-0.0
1755,Procurement,1.015398164080949,3.296780266628142
1755,Combined,1.8915758700027252,-0.0
1756,Uniform,0.0,75.89680040045519
1756,Screened,0.4164486627869763,32.322721878279054
1756,Yield per roof,1.0050662346349384,50.831470578299495
1756,Procurement,0.9489219944238414,50.29778267536111
1756,Combined,1.3682477195445983,13.756844438606704
1757,Uniform,-7.105427357601002e-15,32.307381348539764
1757,Screened,0.3623663075010128,2.495458242542624
1757,Yield per roof,0.8956678549267778,15.496799489557176
1757,Procurement,0.8886342119444848,23.8430735541061
1757,Combined,1.2568480479965842,-0.0
1758,Uniform,0.0,20.04988448959592
1758,Screened,0.3301184783614701,-0.0
1758,Yield per roof,0.7818706373865183,5.873421773407823
1758,Procurement,0.9678711056851484,12.580269800453486
1758,Combined,1.303149231658658,-0.0
1759,Uniform,0.0,33.79560053223138
1759,Screened,0.3725671388535119,3.32903734000728
1759,Yield per roof,0.9560579130772312,14.409242745246123
1759,Procurement,0.8061393535047543,24.62513030154477
1759,Combined,1.180722187070792,-0.0
1760,Uniform,0.0,72.97154114112033
1760,Screened,0.3172138963380391,35.328909510963946
1760,Yield per roof,0.8240653994350211,50.18219326954512
1760,Procurement,0.8732277168715328,49.26799597158962
1760,Combined,1.1898069170310777,18.20527289814368
1761,Uniform,0.0,14.630675131962809
1761,Screened,0.7821068728886473,-0.0
1761,Yield per roof,1.8304353005492828,0.9551242165716566
1761,Procurement,0.8660809024054856,10.076250319154548
1761,Combined,1.648583667641617,-0.0
1762,Uniform,0.0,9.667474263072544
1762,Screened,0.7698654289348497,-0.0
1762,Yield per roof,1.8223213737342971,-0.0
1762,Procurement,1.1393543329412807,4.717497313663901
1762,Combined,1.9150604056708855,-0.0
1763,Uniform,0.0,8.836046136231314
1763,Screened,0.9090512980554591,-0.0
1763,Yield per roof,2.117957429296468,-0.0
1763,Procurement,0.9228595011508104,4.922493155155558
1763,Combined,1.8325898799820663,-0.0
1764,Uniform,0.0,68.1306181295378
1764,Screened,0.2280450010471852,36.110572192141966
1764,Yield per roof,0.5972285529753592,49.74151718327231
1764,Procurement,0.838271717290425,45.3345751731172
1764,Combined,1.0675021623198615,19.611830196677907
1765,Uniform,0.0,3.2553929950020644
1765,Screened,0.6384284080169067,-0.0
1765,Yield per roof,1.5748571439367538,-0.0
1765,Procurement,0.99035198565673,1.9273367715635576
1765,Combined,1.6303360974294776,-0.0
1766,Uniform,0.0,24.726067693813956
1766,Screened,0.3460054063360402,-0.0
1766,Yield per roof,0.8591691962057553,7.683079395570961
1766,Procurement,0.9438059010099522,17.445181112333128
1766,Combined,1.2914642284149167,-0.0
1767,Uniform,0.0,20.817965689045757
1767,Screened,0.4238996081152208,-0.0
1767,Yield per roof,1.1185856914118375,4.600543916760276
1767,Procurement,1.0133956276914944,13.80080750629012
1767,Combined,1.439607757005362,-0.0
1768,Uniform,0.0,60.08814004161314
1768,Screened,0.32482067907101,25.20002977127912
1768,Yield per roof,0.8485027274078334,39.1018431053248
1768,Procurement,0.8829144612794195,36.07073079910237
1768,Combined,1.208370968880672,7.837931109265183
1769,Uniform,-1.4210854715202004e-14,2.9264409125729864
1769,Screened,0.5679993702924975,-0.0
1769,Yield per roof,1.4093604169246845,-0.0
1769,Procurement,0.8946500287868702,1.723457575929001
1769,Combined,1.4634994332969455,-0.0
1770,Uniform,0.0,42.69194916849857
1770,Screened,0.2625100465617365,16.119537211655484
1770,Yield per roof,0.6746434472948692,26.512874931907955
1770,Procurement,1.031243717247449,18.95325289192605
1770,Combined,1.2939042561633656,-0.0
1771,Uniform,0.0,12.042550372370124
1771,Screened,0.4869243256820112,-0.0
1771,Yield per roof,1.29591646864489,0.7830352905389495
1771,Procurement,1.1064594237504934,6.652292426363122
1771,Combined,1.596229736995781,-0.0
1772,Uniform,0.0,7.687474318556939
1772,Screened,0.5768769780538747,-0.0
1772,Yield per roof,1.4854835160726765,-0.0
1772,Procurement,1.155091428534817,2.923944218269685
1772,Combined,1.734349858715191,-0.0
1773,Uniform,0.0,3.305025307143536
1773,Screened,0.7285772823182555,-0.0
1773,Yield per roof,1.827787869248056,-0.0
1773,Procurement,0.8283910834259842,2.190375150966356
1773,Combined,1.55823963286322,-0.0
1774,Uniform,0.0,8.60019855853
1774,Screened,0.5637695536629366,-0.0
1774,Yield per roof,1.3716183175850745,-0.0
1774,Procurement,1.0065595606110378,4.228491262518316
1774,Combined,1.5703890286228983,-0.0
1775,Uniform,0.0,6.415568201997861
1775,Screened,0.8960739071887076,-0.0
1775,Yield per roof,2.1323735813473945,-0.0
1775,Procurement,0.8235522138218982,3.9412729714597754
1775,Combined,1.719278624596626,-0.0
1776,Uniform,0.0,8.722102773893688
1776,Screened,0.4462380773318699,-0.0
1776,Yield per roof,1.236682849446069,-0.0
1776,Procurement,0.9048357488532304,4.792755935047998
1776,Combined,1.3506885800295692,-0.0
1777,Uniform,-1.4210854715202004e-14,11.044820085628189
1777,Screened,0.5529887452380393,-0.0
1777,Yield per roof,1.3695782859052483,0.6453972976697909
1777,Procurement,0.9117531827083384,6.541212491362374
1777,Combined,1.4654370637915548,-0.0
1778,Uniform,0.0,16.844740119419164
1778,Screened,0.4013179123574701,-0.0
1778,Yield per roof,0.9780423301386776,3.631341524204588
1778,Procurement,0.9582460386862266,10.427151750847887
1778,Combined,1.3600478329236836,-0.0
1779,Uniform,1.4210854715202004e-14,15.2106032467639
1779,Screened,0.5970980769017586,-0.0
1779,Yield per roof,1.525496424952891,1.4588948978084315
1779,Procurement,0.7698368561420068,10.668857579989778
1779,Combined,1.3672143897302649,-0.0
1780,Uniform,0.0,9.674994044771497
1780,Screened,0.4954673342760429,-0.0
1780,Yield per roof,1.324603864668731,0.0824374701309791
1780,Procurement,1.0511016216047722,5.108741085948681
1780,Combined,1.547391429734418,-0.0
1781,Uniform,-1.4210854715202004e-14,7.886993230876126
1781,Screened,0.724145241878162,-0.0
1781,Yield per roof,1.8892697362229995,-0.0
1781,Procurement,0.919829116392819,3.93650805685437
1781,Combined,1.6454988598158735,-0.0
1782,Uniform,0.0,17.324882113682616
1782,Screened,0.5560251218608414,-0.0
1782,Yield per roof,1.3384223166696074,2.478801742184853
1782,Procurement,1.1633979878671423,10.4756363742033
1782,Combined,1.722671628294691,-0.0
1783,Uniform,0.0,109.06136630996514
1783,Screened,0.1974393453538461,68.13399509179085
1783,Yield per roof,0.536521521502415,84.13712087772225
1783,Procurement,0.9636855250610808,79.32513480780928
1783,Combined,1.16378937055007,45.34976068471398
1784,Uniform,0.0,19.9645148007366
1784,Screened,0.3741516933000923,-0.0
1784,Yield per roof,0.9998109699383306,4.651671535896498
1784,Procurement,1.174454224158346,11.930214009970978
1784,Combined,1.5526078655523392,-0.0
1785,Uniform,0.0,43.49713218547596
1785,Screened,0.2907277063895748,14.300962664192053
1785,Yield per roof,0.7662010854008372,26.09777323045506
1785,Procurement,1.1534828534268513,20.85283600304001
1785,Combined,1.4459912949484846,-0.0
1786,Uniform,0.0,5.510383250183467
1786,Screened,0.5939774485152043,-0.0
1786,Yield per roof,1.5835566025191523,-0.0
1786,Procurement,0.926347306633062,2.6621675894152577
1786,Combined,1.5202947881380169,-0.0
1787,Uniform,0.0,3.089218342267556
1787,Screened,0.8268822617628473,-0.0
1787,Yield per roof,2.030059852787957,-0.0
1787,Procurement,0.9296207406196686,1.8415306254031285
1787,Combined,1.756924150080522,-0.0
1788,Uniform,0.0,7.545495863531603
1788,Screened,0.6400029565375434,-0.0
1788,Yield per roof,1.6263508829589313,-0.0
1788,Procurement,1.0895819186992668,3.140260439658154
1788,Combined,1.7307718930458975,-0.0
1789,Uniform,0.0,75.2678421058253
1789,Screened,0.1997769081020308,42.20476689107996
1789,Yield per roof,0.4803719978905363,59.27411459610607
1789,Procurement,0.9379012376327792,49.65654936644966
1789,Combined,1.14477457922996,23.53436395472057
1790,Uniform,-1.4210854715202004e-14,7.669276274379442
1790,Screened,0.7166024826632622,-0.0
1790,Yield per roof,1.734169767834885,-0.0
1790,Procurement,0.8550293391002128,3.9558638912434216
1790,Combined,1.57465378889637,-0.0
1791,Uniform,0.0,14.455402483557066
1791,Screened,0.4829194165595396,-0.0
1791,Yield per roof,1.2599578799867857,1.6411469692402334
1791,Procurement,0.9592721113988744,8.822317529372059
1791,Combined,1.444027940101833,-0.0
1792,Uniform,1.4210854715202004e-14,10.77742352156278
1792,Screened,0.7139758602019555,-0.0
1792,Yield per roof,1.7333059076946142,-0.0
1792,Procurement,1.0016059137421678,6.447244989486886
1792,Combined,1.7170914103688375,-0.0
1793,Uniform,0.0,16.645250526197103
1793,Screened,0.4894729558891413,-0.0
1793,Yield per roof,1.2265834843637435,2.37765063726448
1793,Procurement,1.0757248309399472,10.275509104395123
1793,Combined,1.5676535025727103,-0.0
1794,Uniform,0.0,16.432867259213122
1794,Screened,0.5051203687246328,-0.0
1794,Yield per roof,1.2010800957992984,2.544866393447041
1794,Procurement,0.9705359048386412,10.696628503227998
1794,Combined,1.4782108380777856,-0.0
1795,Uniform,0.0,9.796003862433755
1795,Screened,0.6011920834503712,-0.0
1795,Yield per roof,1.5290296859568857,-0.0
1795,Procurement,1.0235412654131864,5.350104771536183
1795,Combined,1.626682609782975,-0.0
1796,Uniform,0.0,37.81932846019732
1796,Screened,0.2532325930778043,12.414134983669708
1796,Yield per roof,0.6935135733685271,21.645143051561696
1796,Procurement,0.9456557919968204,18.34106236740314
1796,Combined,1.198290604679059,-0.0
1797,Uniform,0.0,22.897812592453395
1797,Screened,0.3443356873069589,-0.0
1797,Yield per roof,0.87171370782103,6.68842889668033
1797,Procurement,1.0989711725034823,14.404757420854423
1797,Combined,1.4451480162313786,-0.0
1798,Uniform,0.0,26.186472701215656
1798,Screened,0.4315503900410391,-0.0
1798,Yield per roof,1.13129300526181,7.038525768173368
1798,Procurement,0.8774105002835171,19.436402450618896
1798,Combined,1.3092490598098294,-0.0
1799,Uniform,0.0,9.118177004651526
1799,Screened,0.762377923086774,-0.0
1799,Yield per roof,1.817156749703713,-0.0
1799,Procurement,1.1139631655507287,4.3585856530252585
1799,Combined,1.8779221516833215,-0.0
1800,Uniform,0.0,72.5978930135799
1800,Screened,0.2808254400419159,36.40932184918387
1800,Yield per roof,0.7216345136764701,52.31181245013408
1800,Procurement,1.1183360481666682,41.857594560287545
1800,Combined,1.4009762228847509,14.10765607846804
1801,Uniform,0.0,7.350598470180939
1801,Screened,0.660109141120742,-0.0
1801,Yield per roof,1.6787096001221895,-0.0
1801,Procurement,0.8690596461665194,3.6050702615322257
1801,Combined,1.52843545838671,-0.0
1802,Uniform,0.0,18.177279382233724
1802,Screened,0.5181122097234407,-0.0
1802,Yield per roof,1.2688339940728213,2.9287716517568008
1802,Procurement,1.0586013919512285,11.905959316304386
1802,Combined,1.578615704335547,-0.0
1803,Uniform,0.0,8.279755123324701
1803,Screened,0.533530575588955,-0.0
1803,Yield per roof,1.3254143473283335,-0.0
1803,Procurement,1.09039044895664,3.541456675061747
1803,Combined,1.6254984835917838,-0.0
1804,Uniform,0.0,13.482233559075471
1804,Screened,0.6534278294954561,-0.0
1804,Yield per roof,1.600061668438144,0.8949611947494736
1804,Procurement,0.7176322765129299,9.557705471761654
1804,Combined,1.3718912896715096,-0.0
1805,Uniform,-7.105427357601002e-15,47.42592218097056
1805,Screened,0.2181307182488367,20.321883757296987
1805,Yield per roof,0.5112956904487476,35.365194578651945
1805,Procurement,1.0254602345744814,20.544060194253717
1805,Combined,1.2543998042311202,-0.0
1806,Uniform,0.0,20.88644651730769
1806,Screened,0.325417652280656,-0.0
1806,Yield per roof,0.8319465339790639,5.945239083310095
1806,Procurement,0.9912371203157448,13.228993251488449
1806,Combined,1.317551379770883,-0.0
1807,Uniform,0.0,30.868214688292888
1807,Screened,0.5041330672340365,-0.0
1807,Yield per roof,1.2874021841678598,8.50417344655061
1807,Procurement,0.8550195745136477,24.34150775835692
1807,Combined,1.3591732660222533,-0.0
1808,Uniform,0.0,23.192106677840734
1808,Screened,0.3896442110639668,-0.0
1808,Yield per roof,0.9523013904944192,6.5908101221211695
1808,Procurement,0.8904181657019876,16.32796364365861
1808,Combined,1.2818560551905307,-0.0
1809,Uniform,0.0,31.003180395458244
1809,Screened,0.4031790577418022,-0.0
1809,Yield per roof,1.04528279628758,9.604636897730876
1809,Procurement,0.7607730299688384,25.146298042457804
1809,Combined,1.1649004357206394,-0.0
1810,Uniform,0.0,3.0719536716732643
1810,Screened,0.6358467062846671,-0.0
1810,Yield per roof,1.6105043589483756,-0.0
1810,Procurement,0.955654002674308,1.7920307086139533
1810,Combined,1.5913521624156175,-0.0
1811,Uniform,-1.4210854715202004e-14,4.250204480679869
1811,Screened,0.6733206406557173,-0.0
1811,Yield per roof,1.604389090313617,-0.0
1811,Procurement,0.9212484507944084,2.3645509731419088
1811,Combined,1.5944537396332803,-0.0
1812,Uniform,0.0,13.19288364205036
1812,Screened,0.7454844197246473,-0.0
1812,Yield per roof,1.7869143926221795,0.6686396548107436
1812,Procurement,0.9701948664547188,8.569479850863555
1812,Combined,1.7166799851972172,-0.0
1813,Uniform,0.0,26.46771427520498
1813,Screened,0.3737848754120563,-0.0
1813,Yield per roof,1.0134024722989778,7.599638399286035
1813,Procurement,0.9957902984802018,18.77930089832856
1813,Combined,1.3701411072469156,-0.0
1814,Uniform,7.105427357601002e-15,17.61150314625672
1814,Screened,0.3430419973877647,-0.0
1814,Yield per roof,0.8559851008921839,4.42180365718274
1814,Procurement,0.9497472923246733,10.7300225084753
1814,Combined,1.2936625478000463,-0.0
1815,Uniform,0.0,30.87506970026132
1815,Screened,0.5362921416358688,-0.0
1815,Yield per roof,1.3480140273539405,8.43734151221087
1815,Procurement,0.8668447079279389,24.17676197262446
1815,Combined,1.4070757478006757,-0.0
1816,Uniform,0.0,13.853478566359952
1816,Screened,0.4934616546955794,-0.0
1816,Yield per roof,1.2858977770908524,1.4382632095294772
1816,Procurement,0.9290306249483108,8.508052300089906
1816,Combined,1.4231277319948958,-0.0
1817,Uniform,0.0,3.859090774903998
1817,Screened,0.7771475171064424,-0.0
1817,Yield per roof,1.916387239656217,-0.0
1817,Procurement,0.7958027616581944,2.7880389869566096
1817,Combined,1.5748943391720331,-0.0
1818,Uniform,0.0,70.90646435176552
1818,Screened,0.2221467785325543,38.15168444315203
1818,Yield per roof,0.5873370242285318,53.10624597889348
1818,Procurement,0.9675291220273364,44.46204032951083
1818,Combined,1.191933713642264,18.97557865545719
1819,Uniform,0.0,25.95171878095963
1819,Screened,0.4015284993295864,-0.0
1819,Yield per roof,1.0057657447500643,7.511135990541978
1819,Procurement,1.2900205526813693,16.076154323252673
1819,Combined,1.6948808001081517,-0.0
1820,Uniform,0.0,3.0292648969208886
1820,Screened,0.7460145710976747,-0.0
1820,Yield per roof,1.8421388158304524,-0.0
1820,Procurement,0.9259672623205688,1.7869229906547763
1820,Combined,1.6754803882713531,-0.0
1821,Uniform,0.0,5.678403056091628
1821,Screened,0.6791638983328596,-0.0
1821,Yield per roof,1.6395301467671288,-0.0
1821,Procurement,1.059484836585014,2.707975362006507
1821,Combined,1.7414949879841544,-0.0
1822,Uniform,0.0,3.929375104020456
1822,Screened,0.7989515345325913,-0.0
1822,Yield per roof,1.973271430700976,-0.0
1822,Procurement,0.8671095578850725,2.765985191082347
1822,Combined,1.6659600558166403,-0.0
1823,Uniform,-1.4210854715202004e-14,5.282843776883863
1823,Screened,0.6829712767205365,-0.0
1823,Yield per roof,1.6434352976921645,-0.0
1823,Procurement,0.9142747625416234,2.744879746924983
1823,Combined,1.5969325251298017,-0.0
1824,Uniform,0.0,20.43086216008357
1824,Screened,0.4657650697407121,-0.0
1824,Yield per roof,1.1657710123380696,4.504356755136786
1824,Procurement,0.8948381042346654,14.116219966268853
1824,Combined,1.3606095840124084,-0.0
1825,Uniform,1.4210854715202004e-14,7.002391458911895
1825,Screened,0.5809820444185192,-0.0
1825,Yield per roof,1.427288936302773,-0.0
1825,Procurement,1.0115218572024247,2.90218948439199
1825,Combined,1.597154706296294,-0.0
1826,Uniform,0.0,50.41031152873741
1826,Screened,0.2053671017939393,23.912566906365814
1826,Yield per roof,0.5818811462565456,34.63383881080991
1826,Procurement,0.929219018901886,25.127229280575374
1826,Combined,1.1345881727639835,5.650548650128788
1827,Uniform,0.0,53.59613762086421
1827,Screened,0.2769376414911662,22.97124724311216
1827,Yield per roof,0.7332341915932545,34.748541707412095
1827,Procurement,0.9318037653524128,28.27381769195616
1827,Combined,1.208152853383453,4.699505065879449
1828,Uniform,0.0,5.892763792582239
1828,Screened,0.6612546357686426,-0.0
1828,Yield per roof,1.621159678343318,-0.0
1828,Procurement,0.8368125601614054,3.0197397596745934
1828,Combined,1.498712201494271,-0.0
1829,Uniform,0.0,4.120247184159912
1829,Screened,0.8498130425450654,-0.0
1829,Yield per roof,2.1972071797032413,-0.0
1829,Procurement,0.7980119365826965,3.048214696852461
1829,Combined,1.6513070071679294,-0.0
1830,Uniform,0.0,10.748721790840577
1830,Screened,0.5726938334175031,-0.0
1830,Yield per roof,1.4452345823447672,0.3007724399680105
1830,Procurement,1.0377425334894497,6.074361322076962
1830,Combined,1.611445954511851,-0.0
1831,Uniform,0.0,4.904118430902456
1831,Screened,0.7509841408108429,-0.0
1831,Yield per roof,1.8717242444117372,-0.0
1831,Procurement,0.8699348416171517,3.010602284614528
1831,Combined,1.620974214278661,-0.0
1832,Uniform,0.0,20.4579676308004
1832,Screened,0.6450790939911144,-0.0
1832,Yield per roof,1.5154448182479143,3.190128347863825
1832,Procurement,0.9500525725647152,14.905291285384592
1832,Combined,1.5968088644779217,-0.0
1833,Uniform,-7.105427357601002e-15,25.26721971081457
1833,Screened,0.3393570537293158,-0.0
1833,Yield per roof,0.885000768726286,7.669904277816145
1833,Procurement,0.8628666383918571,18.621235854970717
1833,Combined,1.2033162102344193,-0.0
1834,Uniform,0.0,15.018045925858436
1834,Screened,0.7086289143772007,-0.0
1834,Yield per roof,1.723153317788288,1.0936969847280238
1834,Procurement,1.1512263374972775,9.158523605956905
1834,Combined,1.86248900869667,-0.0
1835,Uniform,1.4210854715202004e-14,22.140869240980177
1835,Screened,0.6019946522270203,-0.0
1835,Yield per roof,1.425146430022508,4.3823143878262
1835,Procurement,0.8171201091018219,16.596055618208275
1835,Combined,1.4195253158046484,-0.0
1836,Uniform,0.0,96.68370042503058
1836,Screened,0.225874184018167,56.41285058651097
1836,Yield per roof,0.5954539203510052,75.48109300356766
1836,Procurement,1.0914217260871055,66.66484305484767
1836,Combined,1.3204420533416157,34.60696837690882
1837,Uniform,1.4210854715202004e-14,8.740931139509318
1837,Screened,0.70374497052957,-0.0
1837,Yield per roof,1.813744086806224,-0.0
1837,Procurement,0.8326042958106967,5.123781199796657
1837,Combined,1.5374826910606032,-0.0
1838,Uniform,0.0,63.22315621462378
1838,Screened,0.3676230836653431,25.209056139434537
1838,Yield per roof,0.9677041907717624,39.51565748980292
1838,Procurement,0.8298331654521505,40.82436251070951
1838,Combined,1.1969715395188132,9.053422209394656
1839,Uniform,0.0,9.921101444350082
1839,Screened,0.6200288330079218,-0.0
1839,Yield per roof,1.474970538544568,0.2885637439316162
1839,Procurement,0.9005802598183976,5.892118090045941
1839,Combined,1.523128093478448,-0.0
1840,Uniform,0.0,22.92982998296665
1840,Screened,0.4589115843373861,-0.0
1840,Yield per roof,1.1541979323263265,5.559859377395694
1840,Procurement,0.8263196797681474,16.567041893437743
1840,Combined,1.2855413455463065,-0.0
1841,Uniform,0.0,93.86022844666934
1841,Screened,0.2534073527859988,53.68232374675214
1841,Yield per roof,0.6509739660419243,71.78745963273863
1841,Procurement,1.1218635853312833,63.29131955874827
1841,Combined,1.3765231922809846,31.52246394299217
1842,Uniform,0.0,26.05682976432319
1842,Screened,0.375149295512962,-0.0
1842,Yield per roof,0.9483475822033468,7.859864749997296
1842,Procurement,0.898451475389507,19.147450379539897
1842,Combined,1.2728822601812195,-0.0
1843,Uniform,0.0,25.603682092502886
1843,Screened,0.5596890415517208,-0.0
1843,Yield per roof,1.462984893645995,5.243724122332587
1843,Procurement,0.9322378690421544,19.023793035217057
1843,Combined,1.4923257040641855,-0.0
1844,Uniform,0.0,14.62360768546504
1844,Screened,0.5403185303190554,-0.0
1844,Yield per roof,1.3453438650534792,1.6455608072254906
1844,Procurement,0.9638857297414632,8.970933753571245
1844,Combined,1.5060335209123965,-0.0
1845,Uniform,0.0,7.270142619724812
1845,Screened,0.4884434459478513,-0.0
1845,Yield per roof,1.3022296150139283,-0.0
1845,Procurement,0.9725430756227668,3.0472712316085366
1845,Combined,1.4609867382242925,-0.0
1846,Uniform,-7.105427357601002e-15,29.120959090426087
1846,Screened,0.4147307559354942,-0.0
1846,Yield per roof,1.004997862450594,9.20775059266312
1846,Procurement,0.9835331182077028,21.61796722467313
1846,Combined,1.39847401917568,-0.0
1847,Uniform,0.0,5.8378055941006295
1847,Screened,0.6105884387350216,-0.0
1847,Yield per roof,1.526878946467093,-0.0
1847,Procurement,0.858554164785275,2.8432979408220938
1847,Combined,1.4702447598726422,-0.0
1848,Uniform,0.0,33.22593979691678
1848,Screened,0.2993691774455485,6.722255628339266
1848,Yield per roof,0.8090252279853445,15.87669320473472
1848,Procurement,0.8597139088758965,20.05452983630632
1848,Combined,1.1585754691147727,-0.0
1849,Uniform,0.0,10.916296486071678
1849,Screened,0.852704064462614,-0.0
1849,Yield per roof,2.0619479161662757,-0.0
1849,Procurement,0.876409275649678,7.2353662836882515
1849,Combined,1.7299232756903675,-0.0
1850,Uniform,0.0,28.025013151710667
1850,Screened,0.400061975047933,-0.0
1850,Yield per roof,0.9760224640333774,8.711575893223374
1850,Procurement,0.7975219916225456,21.884438271253757
1850,Combined,1.2036008198020625,-0.0
1851,Uniform,0.0,13.833221677732531
1851,Screened,0.5907628226044324,-0.0
1851,Yield per roof,1.4658076839106684,1.254471760174972
1851,Procurement,0.9292032722079284,8.764015972208261
1851,Combined,1.5234186897109083,-0.0
1852,Uniform,0.0,12.24020875867416
1852,Screened,0.4246254130191431,-0.0
1852,Yield per roof,1.0812266777423645,1.4131603219901456
1852,Procurement,0.997525901666549,6.634156633365271
1852,Combined,1.4234986855569218,-0.0
1853,Uniform,1.4210854715202004e-14,7.153932171681904
1853,Screened,0.5614525944251341,-0.0
1853,Yield per roof,1.4185284534930815,-0.0
1853,Procurement,0.9607876329155404,2.979543295491572
1853,Combined,1.5227457265064288,-0.0
1854,Uniform,1.4210854715202004e-14,2.728924179126381
1854,Screened,0.5819893601554469,-0.0
1854,Yield per roof,1.44183265524849,-0.0
1854,Procurement,0.8983889710970345,1.5216379048073356
1854,Combined,1.4815733429898046,-0.0
1855,Uniform,0.0,17.599578139627795
1855,Screened,0.7078153909228462,-0.0
1855,Yield per roof,1.6962694085670904,1.9903355956584452
1855,Procurement,0.926718738905862,12.134993606162242
1855,Combined,1.637578667064446,-0.0
1856,Uniform,-7.105427357601002e-15,39.4322120883952
1856,Screened,0.3116139275349709,11.300352354982724
1856,Yield per roof,0.7885999568435622,21.84112079148676
1856,Procurement,0.9059836033318902,21.44982265041777
1856,Combined,1.217751192704661,-0.0
1857,Uniform,0.0,40.67758847113712
1857,Screened,0.3981353323166843,7.807105564521426
1857,Yield per roof,0.9825908898946238,20.889681294440933
1857,Procurement,0.8313813032683299,27.037551283109448
1857,Combined,1.232129697127128,-0.0
1858,Uniform,1.4210854715202004e-14,5.477127930027265
1858,Screened,0.6231848013019174,-0.0
1858,Yield per roof,1.5201106796955628,-0.0
1858,Procurement,0.9467618448149152,2.614189798997756
1858,Combined,1.5706467280541432,-0.0
1859,Uniform,0.0,11.99224205129448
1859,Screened,0.4725635513945008,-0.0
1859,Yield per roof,1.2352362933355607,0.9451072072404172
1859,Procurement,1.0560579454888597,6.604521597931691
1859,Combined,1.530179931888796,-0.0
1860,Uniform,0.0,16.224924746202525
1860,Screened,0.4531064333336587,-0.0
1860,Yield per roof,1.101334216190665,2.7963043484071317
1860,Procurement,1.0904815054457515,9.591030618440843
1860,Combined,1.544399005657482,-0.0
1861,Uniform,0.0,73.44511089349528
1861,Screened,0.3705971351047239,33.04927140233966
1861,Yield per roof,0.9338388501375549,49.39946159983882
1861,Procurement,0.8474074588338283,50.516623676168685
1861,Combined,1.2186706772802296,16.466895039219537
1862,Uniform,-7.105427357601002e-15,51.78857684354023
1862,Screened,0.3461314106597726,18.86337056891136
1862,Yield per roof,0.82638488305534,32.87913966724467
1862,Procurement,1.0243440354315965,25.66730784837696
1862,Combined,1.373315243465683,-0.0
1863,Uniform,0.0,24.94499574696478
1863,Screened,0.3609109128659824,-0.0
1863,Yield per roof,0.9483852969749976,7.209167422412453
1863,Procurement,1.0530758444149626,16.79710817969642
1863,Combined,1.4147004647840404,-0.0
1864,Uniform,0.0,28.261750153452127
1864,Screened,0.3338734237085177,1.609365633343416
1864,Yield per roof,0.8616053872655058,10.856957966343442
1864,Procurement,0.9882628555217964,19.26308654904095
1864,Combined,1.3219973009252044,-0.0
1865,Uniform,0.0,3.73114526515626
1865,Screened,0.8950946724250173,-0.0
1865,Yield per roof,2.28494577185046,-0.0
1865,Procurement,0.9014691276882444,2.522434651279077
1865,Combined,1.7969731820620325,-0.0
1866,Uniform,0.0,22.56412796028125
1866,Screened,0.5270733102171761,-0.0
1866,Yield per roof,1.3281866130371895,4.634518261260389
1866,Procurement,0.8335127866740919,16.675985394365654
1866,Combined,1.3604387293841285,-0.0
1867,Uniform,0.0,5.820733939844199
1867,Screened,0.8258416973328053,-0.0
1867,Yield per roof,1.952504005977317,-0.0
1867,Procurement,0.7659522262651137,3.5989117045174166
1867,Combined,1.5932256333734929,-0.0
1868,Uniform,0.0,21.262668830784826
1868,Screened,0.3806801996879301,-0.0
1868,Yield per roof,1.0138962017345676,5.244206263760632
1868,Procurement,1.029281866441437,13.585405490885847
1868,Combined,1.410761645825815,-0.0
1869,Uniform,0.0,41.751922501436894
1869,Screened,0.2839892504301176,14.12143125151413
1869,Yield per roof,0.6984983378162539,26.34882830427947
1869,Procurement,1.0108932578001912,20.533499722599142
1869,Combined,1.29839445310985,-0.0
1870,Uniform,0.0,49.25361913731496
1870,Screened,0.3241395422804274,17.698116785871434
1870,Yield per roof,0.837465379894752,29.49958564735316
1870,Procurement,0.8870768965562306,25.253076525089718
1870,Combined,1.210982313574604,0.3916848875845248
1871,Uniform,0.0,7.847893535903386
1871,Screened,0.6233718705301214,-0.0
1871,Yield per roof,1.5780757701905088,-0.0
1871,Procurement,0.807828158211592,4.33938061842045
1871,Combined,1.432600552778169,-0.0
1872,Uniform,0.0,6.1772215627677385
1872,Screened,0.6495254750393684,-0.0
1872,Yield per roof,1.6813006901157197,-0.0
1872,Procurement,1.1802146400380025,2.675151391340693
1872,Combined,1.8322333971322424,-0.0
1873,Uniform,0.0,29.26891393965852
1873,Screened,0.5567987681224622,-0.0
1873,Yield per roof,1.33071285140781,7.886020268581603
1873,Procurement,0.8142073390792461,23.037900379449542
1873,Combined,1.37065481173029,-0.0
1874,Uniform,0.0,8.612321974634005
1874,Screened,0.4859328881479712,-0.0
1874,Yield per roof,1.2330211596014635,0.1463347598081366
1874,Procurement,0.8548683506243435,4.871661533879113
1874,Combined,1.3424277425913829,-0.0
1875,Uniform,-1.4210854715202004e-14,7.841091804262569
1875,Screened,0.5958009071965478,-0.0
1875,Yield per roof,1.4815230820572085,-0.0
1875,Procurement,0.8567711108278502,4.120926934636658
1875,Combined,1.4544874147961906,-0.0
1876,Uniform,0.0,16.36843453413696
1876,Screened,0.4542436210939655,-0.0
1876,Yield per roof,1.1150664903459102,2.806383330240433
1876,Procurement,0.9035128776315132,10.756038997903508
1876,Combined,1.35700089702938,-0.0
1877,Uniform,-1.4210854715202004e-14,8.481668700234538
1877,Screened,0.7139540374845552,-0.0
1877,Yield per roof,1.7849025566383432,-0.0
1877,Procurement,0.9079303297836104,4.539881036294751
1877,Combined,1.6217177121537816,-0.0
1878,Uniform,0.0,11.563445663112295
1878,Screened,0.44012684252057,-0.0
1878,Yield per roof,1.1454339386235404,1.0565662725185447
1878,Procurement,0.970407497336609,6.384016821747867
1878,Combined,1.4105439251218428,-0.0
1879,Uniform,0.0,5.601587703998736
1879,Screened,0.6267865912655424,-0.0
1879,Yield per roof,1.6533140898607854,-0.0
1879,Procurement,0.9165434683461342,2.7962943678060226
1879,Combined,1.5433242048216442,-0.0
1880,Uniform,0.0,75.81632880984783
1880,Screened,0.3608935302789149,35.19382127598284
1880,Yield per roof,0.869411031094387,53.68406148745316
1880,Procurement,0.7778769678464457,54.56804329895955
1880,Combined,1.1437494655835607,19.72197393564672
1881,Uniform,0.0,26.06062594835025
1881,Screened,0.3716326682367494,-0.0
1881,Yield per roof,0.8769344812542741,8.33728982854631
1881,Procurement,1.104898675811782,17.515351860050266
1881,Combined,1.4791522778724089,-0.0
1882,Uniform,0.0,9.126717151531604
1882,Screened,0.602662809175655,-0.0
1882,Yield per roof,1.5867211598241653,-0.0
1882,Procurement,0.8753851771772787,5.323132640247523
1882,Combined,1.4789448556835367,-0.0
1883,Uniform,1.4210854715202004e-14,8.219953063918927
1883,Screened,0.6027607455041277,-0.0
1883,Yield per roof,1.535087670290011,-0.0
1883,Procurement,0.9043958201619802,4.294989906783076
1883,Combined,1.5072897129545453,-0.0
1884,Uniform,-1.4210854715202004e-14,11.190717858237438
1884,Screened,0.652754779717327,-0.0
1884,Yield per roof,1.6522848117651563,0.0029851938783913
1884,Procurement,1.0092227362737989,6.807363255521914
1884,Combined,1.662890357724919,-0.0
1885,Uniform,0.0,46.27170622368835
1885,Screened,0.2537432313322654,18.418836875646555
1885,Yield per roof,0.6883044094505166,29.170481590602456
1885,Procurement,0.9973486287413208,20.52064593860742
1885,Combined,1.2512077055495965,-0.0
1886,Uniform,1.4210854715202004e-14,3.9393317487191024
1886,Screened,0.6260548358783353,-0.0
1886,Yield per roof,1.6764863293818877,-0.0
1886,Procurement,0.9339560855690364,2.2765374299838324
1886,Combined,1.5595804670766853,-0.0
1887,Uniform,0.0,68.24970226072828
1887,Screened,0.1887965854151083,38.260194433271685
1887,Yield per roof,0.5076670692385719,51.34658889814818
1887,Procurement,0.8858451829345384,44.11656741283099
1887,Combined,1.0755438496110834,20.795672636186357
1888,Uniform,0.0,11.701251550965193
1888,Screened,0.4347019643416416,-0.0
1888,Yield per roof,1.1577693268865517,0.9556890847832452
1888,Procurement,0.9931480186071298,6.534533126313467
1888,Combined,1.4278995569696065,-0.0
1889,Uniform,0.0,7.525823277199938
1889,Screened,0.5509236779267468,-0.0
1889,Yield per roof,1.4678422238612825,-0.0
1889,Procurement,1.219908681580705,2.8232566066987568
1889,Combined,1.7775513630355846,-0.0
1890,Uniform,0.0,5.776415468616969
1890,Screened,0.8802723130831112,-0.0
1890,Yield per roof,2.276761972737887,-0.0
1890,Procurement,0.9499255648018448,3.698785997500372
1890,Combined,1.831525764449367,-0.0
1891,Uniform,0.0,5.728113566400244
1891,Screened,0.6459753225631033,-0.0
1891,Yield per roof,1.6324221470835738,-0.0
1891,Procurement,1.116123982619257,2.576319954927776
1891,Combined,1.7634288975635857,-0.0
1892,Uniform,0.0,12.007383576398674
1892,Screened,0.5732770307132995,-0.0
1892,Yield per roof,1.4512881453474191,0.7016564278613715
1892,Procurement,0.92505448863686,7.398025396192278
1892,Combined,1.4986685610920318,-0.0
1893,Uniform,0.0,8.961913649860511
1893,Screened,0.5325596521823002,-0.0
1893,Yield per roof,1.2213541529341114,0.3949768635836974
1893,Procurement,0.8357804115949392,5.332716983737527
1893,Combined,1.3805951158057326,-0.0
1894,Uniform,3.552713678800501e-15,107.35264736547072
1894,Screened,0.2114676994774527,65.4894021999605
1894,Yield per roof,0.539469864513066,85.79537673902004
1894,Procurement,1.1239872170959906,76.4403080246126
1894,Combined,1.3379380642150809,43.049436325195146
1895,Uniform,0.0,12.206884203131397
1895,Screened,0.6352438733513992,-0.0
1895,Yield per roof,1.5916897298420736,0.4615456880124252
1895,Procurement,0.9825174659411432,7.598351428971131
1895,Combined,1.6186510871417568,-0.0
1896,Uniform,0.0,4.33966777561457
1896,Screened,0.6843636264681976,-0.0
1896,Yield per roof,1.691668541663816,-0.0
1896,Procurement,1.077553718380187,2.4190346771225517
1896,Combined,1.7684373627771066,-0.0
1897,Uniform,0.0,31.555699056250788
1897,Screened,0.4933429525092379,-0.0
1897,Yield per roof,1.268633510461271,8.892719589781985
1897,Procurement,0.8969155167525997,24.67571358449697
1897,Combined,1.39137271235208,-0.0
1898,Uniform,0.0,73.92296148598828
1898,Screened,0.2453380218923015,39.80480276678834
1898,Yield per roof,0.6486902582514986,53.82581787373631
1898,Procurement,0.8712589701682418,50.186441846602825
1898,Combined,1.1159762016425605,22.658666966805427
1899,Uniform,0.0,15.791515111652812
1899,Screened,0.636157298420585,-0.0
1899,Yield per roof,1.5758973919222967,1.5780909507766412
1899,Procurement,0.8891957608335161,10.537875490276134
1899,Combined,1.5263783947519158,-0.0
1900,Uniform,0.0,46.726065970451074
1900,Screened,0.4180372137816164,11.890197831145862
1900,Yield per roof,0.9834798726886476,26.30819697447045
1900,Procurement,0.8891345993339144,28.63265225108873
1900,Combined,1.310207629481397,-0.0
1901,Uniform,0.0,75.86890520593562
1901,Screened,0.3091718616777115,37.73229551531353
1901,Yield per roof,0.7995397052973914,53.69577829406148
1901,Procurement,0.8698598592391562,52.1301246113368
1901,Combined,1.1796922810244084,20.55112537300261
1902,Uniform,0.0,8.651219741941178
1902,Screened,0.8894481683146296,-0.0
1902,Yield per roof,2.1330983111552086,-0.0
1902,Procurement,0.829317002216527,5.044843915453321
1902,Combined,1.7205551691660617,-0.0
1903,Uniform,-3.552713678800501e-15,87.75393438347645
1903,Screened,0.2067936957561755,51.00077931246934
1903,Yield per roof,0.5690647915183966,67.67368535927093
1903,Procurement,1.1015688119375255,57.4818083534774
1903,Combined,1.3094434246726792,29.05598836393146
1904,Uniform,0.0,19.88585705697517
1904,Screened,0.2509340420321351,-0.0
1904,Yield per roof,0.7032232871427908,5.885797241920713
1904,Procurement,0.8488038183178617,13.355229494451416
1904,Combined,1.1001289442786444,-0.0
1905,Uniform,0.0,23.05992639108321
1905,Screened,0.5393076164051678,-0.0
1905,Yield per roof,1.4335337291142451,4.308326129778916
1905,Procurement,1.0040208497359655,16.71655781390886
1905,Combined,1.545519139553278,-0.0
1906,Uniform,0.0,15.275440233428103
1906,Screened,0.6231753741531492,-0.0
1906,Yield per roof,1.5521607678394815,1.4518262354994054
1906,Procurement,0.9771666346024972,9.74857404326172
1906,Combined,1.601786527665368,-0.0
1907,Uniform,0.0,8.261682499646303
1907,Screened,0.762306704520114,-0.0
1907,Yield per roof,1.83373280824506,-0.0
1907,Procurement,1.0082296899359449,3.8810986592942127
1907,Combined,1.7731514221138411,-0.0
1908,Uniform,0.0,20.12119161694819
1908,Screened,0.3087802680275828,-0.0
1908,Yield per roof,0.787321108536581,5.81644673690223
1908,Procurement,0.9328704445040614,12.928923005541318
1908,Combined,1.2430312028619,-0.0
1909,Uniform,1.4210854715202004e-14,6.387038992578624
1909,Screened,0.6452321649241526,-0.0
1909,Yield per roof,1.57014231756105,-0.0
1909,Procurement,0.851618248652116,3.078690868333591
1909,Combined,1.497067132104064,-0.0
1910,Uniform,0.0,13.008697823687127
1910,Screened,0.6969811495647349,-0.0
1910,Yield per roof,1.77390843309081,0.2268557392256845
1910,Procurement,0.999665684639382,8.602868934105729
1910,Combined,1.6977527491926878,-0.0
1911,Uniform,0.0,14.293897182319457
1911,Screened,0.4889298064161522,-0.0
1911,Yield per roof,1.2087615098203486,1.8225586583301423
1911,Procurement,0.9574355245056552,8.673022828946051
1911,Combined,1.4467840801411145,-0.0
1912,Uniform,0.0,9.612465901436956
1912,Screened,0.5242802151146577,-0.0
1912,Yield per roof,1.3119377951801423,0.2587846458520725
1912,Procurement,1.0114617489811053,5.0697706698698966
1912,Combined,1.5365784824974753,-0.0
1913,Uniform,0.0,16.761268155250292
1913,Screened,0.3400694765307506,-0.0
1913,Yield per roof,0.8822710650354679,3.799249084103287
1913,Procurement,0.9972807162825744,9.958925486647203
1913,Combined,1.3387204842453428,-0.0
1914,Uniform,0.0,7.73716446853189
1914,Screened,0.4716879122154012,-0.0
1914,Yield per roof,1.2072044500468166,-0.0
1914,Procurement,0.9988073229872754,3.409055917223805
1914,Combined,1.4707050340741148,-0.0
1915,Uniform,0.0,22.7567762465244
1915,Screened,0.4027890780504179,-0.0
1915,Yield per roof,0.988355763917653,6.205040397361394
1915,Procurement,1.0601198661621822,14.573652071431283
1915,Combined,1.4639399639060997,-0.0
1916,Uniform,0.0,18.322803216106088
1916,Screened,0.2978276263290667,-0.0
1916,Yield per roof,0.833846381877315,4.5884860139436086
1916,Procurement,0.919827730552086,11.455764894003728
1916,Combined,1.2182670590263172,-0.0
1917,Uniform,-7.105427357601002e-15,48.24554812938584
1917,Screened,0.3857232592234254,12.612255671931829
1917,Yield per roof,1.0327673057585898,26.043795275906845
1917,Procurement,0.8920475179349694,29.214446461138515
1917,Combined,1.2786381114867282,-0.0
1918,Uniform,-1.4210854715202004e-14,12.093308580640567
1918,Screened,0.7591140047377678,-0.0
1918,Yield per roof,1.8227602454226288,0.1861067146008723
1918,Procurement,0.842834045036085,8.377184259885976
1918,Combined,1.6022735443641525,-0.0
1919,Uniform,1.4210854715202004e-14,8.013317851632037
1919,Screened,0.6945650967014387,-0.0
1919,Yield per roof,1.673785952118024,-0.0
1919,Procurement,0.8925526192601723,4.1406558644707925
1919,Combined,1.5874758460273313,-0.0
1920,Uniform,0.0,77.71897914372269
1920,Screened,0.2889419922844567,39.67182539800808
1920,Yield per roof,0.7872793854947346,55.04696747545453
1920,Procurement,0.8088245398280094,55.6953108537413
1920,Combined,1.0975443673043586,23.75731866093803
1921,Uniform,0.0,39.33054412945743
1921,Screened,0.2505247597254794,13.765383959279673
1921,Yield per roof,0.6624182021033178,24.055130698502605
1921,Procurement,0.8897841376952158,19.135647544517617
1921,Combined,1.141728028489254,-0.0
1922,Uniform,0.0,7.154209549894292
1922,Screened,0.7655808268549293,-0.0
1922,Yield per roof,1.8990923117959115,-0.0
1922,Procurement,0.7950952691198125,3.888837489327501
1922,Combined,1.5626530535528076,-0.0
1923,Uniform,0.0,48.49558839362364
1923,Screened,0.2404059240101048,21.07979186557404
1923,Yield per roof,0.6129086476795109,32.841097885983814
1923,Procurement,0.9044430572398454,23.942381097147035
1923,Combined,1.14698296277556,3.3093415267973776
1924,Uniform,0.0,79.31551067415536
1924,Screened,0.3053426907843217,40.82648153037315
1924,Yield per roof,0.7783283348002143,56.56497572480502
1924,Procurement,0.8037571766135798,57.4355123935423
1924,Combined,1.1090274102095208,25.012473754803672
1925,Uniform,0.0,14.447937719712582
1925,Screened,0.5274385134022452,-0.0
1925,Yield per roof,1.3247547751435889,1.4986657811195176
1925,Procurement,1.092444241405147,8.355733512250353
1925,Combined,1.6204224527236732,-0.0
1926,Uniform,1.4210854715202004e-14,2.63369896832142
1926,Screened,0.6083499292228112,-0.0
1926,Yield per roof,1.5215745397560454,-0.0
1926,Procurement,0.8943947632971998,1.4316638307020424
1926,Combined,1.5042362089320278,-0.0
1927,Uniform,0.0,32.135999776566386
1927,Screened,0.4575638328968239,-0.0
1927,Yield per roof,1.1071361422278727,10.177549782253717
1927,Procurement,0.9106077254469938,25.10503116099252
1927,Combined,1.3704590061066284,-0.0
1928,Uniform,0.0,26.70219068277798
1928,Screened,0.4629438447932585,-0.0
1928,Yield per roof,1.189698024217236,7.029808498641367
1928,Procurement,0.9460070453122568,19.43711972153012
1928,Combined,1.4088494589417309,-0.0
1929,Uniform,0.0,27.150254870491004
1929,Screened,0.6398186974370788,-0.0
1929,Yield per roof,1.560392836168873,5.814033552000463
1929,Procurement,1.0217901504563258,20.067083774611604
1929,Combined,1.663292971982429,-0.0
1930,Uniform,0.0,13.776049609959797
1930,Screened,0.4576753129705082,-0.0
1930,Yield per roof,1.1798200312042724,1.585981435267283
1930,Procurement,1.0076051469869751,7.92852671597644
1930,Combined,1.465430826907138,-0.0
1931,Uniform,0.0,5.940411654782868
1931,Screened,0.5842647417105269,-0.0
1931,Yield per roof,1.4712170061616805,-0.0
1931,Procurement,1.0274516287722977,2.536410248024858
1931,Combined,1.6122321700409543,-0.0
1932,Uniform,-1.4210854715202004e-14,10.582298278117175
1932,Screened,0.7233424289123178,-0.0
1932,Yield per roof,1.70494287962849,-0.0
1932,Procurement,0.8101840124254238,7.073399897814614
1932,Combined,1.5327315778354489,-0.0
1933,Uniform,0.0,32.41854322339807
1933,Screened,0.31362342889296,6.183691058007044
1933,Yield per roof,0.7839228006371926,15.992685659940474
1933,Procurement,0.9398357708866812,19.29943572900462
1933,Combined,1.254178298082557,-0.0
1934,Uniform,0.0,9.333696221982253
1934,Screened,0.664713797332908,-0.0
1934,Yield per roof,1.639626819806722,-0.0
1934,Procurement,0.8452344156619205,5.713764241472118
1934,Combined,1.509400474055596,-0.0
1935,Uniform,0.0,19.736146352173357
1935,Screened,0.3525604695324134,-0.0
1935,Yield per roof,0.9108928736527416,5.091207300539383
1935,Procurement,0.8954703800048875,12.837896844235932
1935,Combined,1.2483433929491383,-0.0
1936,Uniform,0.0,15.867957132170533
1936,Screened,0.3818848430657837,-0.0
1936,Yield per roof,0.9883302245083954,2.9662659433953507
1936,Procurement,0.9608658067441525,9.812074721669743
1936,Combined,1.343950887343631,-0.0
1937,Uniform,0.0,84.62068759914708
1937,Screened,0.2249425367996664,47.64876448952443
1937,Yield per roof,0.6275298426298619,63.90489242829053
1937,Procurement,1.036117470235105,56.22852837743877
1937,Combined,1.2621903660323426,27.07394942375824
1938,Uniform,0.0,14.71283357384658
1938,Screened,0.63122709325134,-0.0
1938,Yield per roof,1.5263457494426405,1.484262903309605
1938,Procurement,0.9282076429504258,9.364950498018212
1938,Combined,1.5611165891348264,-0.0
1939,Uniform,0.0,14.346143626383714
1939,Screened,0.4908103167876305,-0.0
1939,Yield per roof,1.2505897088921074,1.669041397520141
1939,Procurement,0.9403672691771447,8.807117721637542
1939,Combined,1.434871735290372,-0.0
1940,Uniform,0.0,22.60839401848154
1940,Screened,0.4182036585326187,-0.0
1940,Yield per roof,1.0509655668164726,5.831301053033571
1940,Procurement,0.934045241471793,15.42697041192858
1940,Combined,1.351693954306839,-0.0
1941,Uniform,0.0,7.400919848262571
1941,Screened,0.5311055894163843,-0.0
1941,Yield per roof,1.3684106010571782,-0.0
1941,Procurement,0.9657006162724996,3.205331715260412
1941,Combined,1.4978749482749691,-0.0
1942,Uniform,0.0,6.303134505906931
1942,Screened,0.7007433233727767,-0.0
1942,Yield per roof,1.7065990712147396,-0.0
1942,Procurement,0.8072616005947992,3.34287843467921
1942,Combined,1.5089987311273916,-0.0
1943,Uniform,0.0,11.733004612730676
1943,Screened,0.5279133999765833,-0.0
1943,Yield per roof,1.3163211482103208,0.9441429414389604
1943,Procurement,0.9754920568834536,6.695645372044748
1943,Combined,1.5045937252518229,-0.0
1944,Uniform,0.0,10.77153609785144
1944,Screened,0.4483065074312549,-0.0
1944,Yield per roof,1.1142935037045305,0.9082463897681762
1944,Procurement,0.8789760694594264,6.306506938475229
1944,Combined,1.3331009331886747,-0.0
1945,Uniform,0.0,51.32617851649172
1945,Screened,0.3027173560591265,20.506013963690624
1945,Yield per roof,0.7516639700794698,33.14583528141374
1945,Procurement,1.0243145678161485,23.46644533598675
1945,Combined,1.3282867801828573,0.3769904204439238
1946,Uniform,0.0,70.37693787548032
1946,Screened,0.2634691509538385,36.3933570779504
1946,Yield per roof,0.6800511172366726,50.33542239932637
1946,Procurement,0.9340682324966992,44.882719907575954
1946,Combined,1.197153676168476,17.962682237262637
1947,Uniform,0.0,3.3632280160856505
1947,Screened,0.6576284489916446,-0.0
1947,Yield per roof,1.6251552323277707,-0.0
1947,Procurement,0.8980533962515551,2.155951693804547
1947,Combined,1.559705618003676,-0.0
1948,Uniform,0.0,52.95540555962657
1948,Screened,0.3435697918437341,19.611629248286324
1948,Yield per roof,0.8737050594743678,32.46474575153125
1948,Procurement,0.8867551132656786,28.9357125067546
1948,Combined,1.2306610366475397,2.2765881169021966
1949,Uniform,0.0,5.072676737823619
1949,Screened,0.8523695110002905,-0.0
1949,Yield per roof,2.0239965519910754,-0.0
1949,Procurement,0.969325540811667,3.19900162341068
1949,Combined,1.823732196731356,-0.0
1950,Uniform,0.0,23.145924232434627
1950,Screened,0.3945096170319004,-0.0
1950,Yield per roof,0.9793069695542372,6.390326451170576
1950,Procurement,0.992085587063265,15.520186336375696
1950,Combined,1.3864943965628242,-0.0
1951,Uniform,0.0,11.146558789138744
1951,Screened,0.5561477903699057,-0.0
1951,Yield per roof,1.3817727720372377,0.6443872559901763
1951,Procurement,0.8575326916191841,6.864701571460521
1951,Combined,1.4140207819829982,-0.0
1952,Uniform,-7.105427357601002e-15,74.14307811907109
1952,Screened,0.2961606821457607,37.0886652049412
1952,Yield per roof,0.739536703207051,53.084938158506255
1952,Procurement,1.0468878947757148,45.57696265269993
1952,Combined,1.3448620860107283,16.373133359001336
1953,Uniform,0.0,8.834411241822957
1953,Screened,0.5901006724436257,-0.0
1953,Yield per roof,1.4465676717536269,-0.0
1953,Procurement,0.9645038117175204,4.644934907238872
1953,Combined,1.5560099357146413,-0.0
1954,Uniform,1.4210854715202004e-14,7.025575218256535
1954,Screened,0.5985519665309198,-0.0
1954,Yield per roof,1.4420168151214623,-0.0
1954,Procurement,0.9357741085039776,3.0272442267761277
1954,Combined,1.537330785521604,-0.0
1955,Uniform,0.0,28.407916289982364
1955,Screened,0.3565615699573499,1.0576870378574603
1955,Yield per roof,0.8957093585107074,10.969770619848337
1955,Procurement,0.9644295546154424,20.24271885702391
1955,Combined,1.321593447273102,-0.0
1956,Uniform,0.0,11.92761237202652
1956,Screened,0.5211045607433675,-0.0
1956,Yield per roof,1.2857975588737671,0.9654009255260808
1956,Procurement,0.8551546540227406,7.620148765041561
1956,Combined,1.385775569346464,-0.0
1957,Uniform,0.0,28.510781164967884
1957,Screened,0.3923333990271587,-0.0
1957,Yield per roof,0.9379289294761292,9.109480265361125
1957,Procurement,0.8241190103430327,22.16652734209236
1957,Combined,1.2185293970940876,-0.0
1958,Uniform,-1.4210854715202004e-14,6.473359094805519
1958,Screened,0.5752415577042882,-0.0
1958,Yield per roof,1.4824068221241475,-0.0
1958,Procurement,1.0443404949134418,2.7050082593212137
1958,Combined,1.622765369767052,-0.0
1959,Uniform,-1.4210854715202004e-14,4.294637350559364
1959,Screened,0.6020745892809458,-0.0
1959,Yield per roof,1.64021627542121,-0.0
1959,Procurement,1.047212405491578,2.1952968263088493
1959,Combined,1.6507080823560187,-0.0
1960,Uniform,0.0,8.549555034517857
1960,Screened,0.4466568134031092,-0.0
1960,Yield per roof,1.0911546630814684,0.4554292726059946
1960,Procurement,0.939387427647972,4.141469793211667
1960,Combined,1.38760840798858,-0.0
1961,Uniform,0.0,64.69080990929139
1961,Screened,0.4325734222661452,23.297074923985893
1961,Yield per roof,1.0778810602771074,39.14404401002654
1961,Procurement,0.8821504456832514,41.250456797908775
1961,Combined,1.3151264018489002,6.3749233402627175
1962,Uniform,0.0,7.498266948459036
1962,Screened,0.619173731140549,-0.0
1962,Yield per roof,1.490246826104709,-0.0
1962,Procurement,0.853907948837815,3.790301331183189
1962,Combined,1.4772327995023744,-0.0
1963,Uniform,0.0,14.37370700912816
1963,Screened,0.681269806506279,-0.0
1963,Yield per roof,1.6519926311520834,1.0163764999096716
1963,Procurement,0.9405268154118148,9.43412338003016
1963,Combined,1.6231421561925856,-0.0
1964,Uniform,0.0,5.75343206916656
1964,Screened,0.7393553505378918,-0.0
1964,Yield per roof,1.8604998663705032,-0.0
1964,Procurement,0.9698844504435726,3.1219736210776268
1964,Combined,1.71139174897165,-0.0
1965,Uniform,0.0,3.90966372592116
1965,Screened,0.5515213194444897,-0.0
1965,Yield per roof,1.5058868471552105,-0.0
1965,Procurement,0.9448063560191002,2.0253521654686097
1965,Combined,1.4964859217789694,-0.0
1966,Uniform,0.0,13.71181716642935
1966,Screened,0.3790935227767278,-0.0
1966,Yield per roof,0.955304358396404,2.199560077535099
1966,Procurement,0.9172390142130952,8.246215479891738
1966,Combined,1.2967007184790518,-0.0
1967,Uniform,0.0,66.53253673945706
1967,Screened,0.317950811189263,30.22784766889088
1967,Yield per roof,0.8208375781497352,45.017275999045154
1967,Procurement,0.8164931664180273,44.27258613311361
1967,Combined,1.13587979668565,14.103566270372196
1968,Uniform,0.0,24.246697161547072
1968,Screened,0.4603297944630782,-0.0
1968,Yield per roof,1.123488445011219,6.449342677547683
1968,Procurement,0.8353049146390674,17.814015763837585
1968,Combined,1.2966886970522609,-0.0
1969,Uniform,0.0,81.28780013140721
1969,Screened,0.2643034534311042,44.57223605685335
1969,Yield per roof,0.6520342934015702,60.67579294188103
1969,Procurement,0.946017442369822,55.41633864704368
1969,Combined,1.2113276339183583,25.835209408405778
1970,Uniform,0.0,41.31216945972895
1970,Screened,0.4294854448279324,6.183710815555116
1970,Yield per roof,1.0890278105654971,18.75869730056866
1970,Procurement,0.9141824783463336,28.41881263428849
1970,Combined,1.3443962433569538,-0.0
1971,Uniform,0.0,8.860477825995813
1971,Screened,0.4316695841340134,-0.0
1971,Yield per roof,1.168079778100534,0.198605233832188
1971,Procurement,0.9040290317072532,4.831347074734694
1971,Combined,1.3365871938937062,-0.0
1972,Uniform,0.0,15.734304391630712
1972,Screened,0.7068037336887869,-0.0
1972,Yield per roof,1.750117730864858,1.158199231331814
1972,Procurement,1.1181450494654257,9.989184040839998
1972,Combined,1.826669476837793,-0.0
1973,Uniform,0.0,22.42164230077872
1973,Screened,0.4650543093870141,-0.0
1973,Yield per roof,1.1775016520808776,5.231904454341289
1973,Procurement,0.98785391812892,15.469680939840732
1973,Combined,1.4585813950506008,-0.0
1974,Uniform,0.0,33.53236308548868
1974,Screened,0.3318314905157393,6.473986455701492
1974,Yield per roof,0.8153966420199481,16.47704263917124
1974,Procurement,0.9392647751844194,20.12174024746237
1974,Combined,1.271313157230345,-0.0
1975,Uniform,0.0,15.784951826765347
1975,Screened,0.3889326517320199,-0.0
1975,Yield per roof,1.0105261685093936,2.8288430481683737
1975,Procurement,0.9452050677498748,9.869602497764758
1975,Combined,1.3344663511890855,-0.0
1976,Uniform,0.0,23.27277276691117
1976,Screened,0.3387095803268209,-0.0
1976,Yield per roof,0.8884862626021075,6.756248729207049
1976,Procurement,0.996777075574066,15.579867833539748
1976,Combined,1.3378705231495402,-0.0
1977,Uniform,0.0,65.01447156388326
1977,Screened,0.2989414116663909,30.610623921112605
1977,Yield per roof,0.7638976494149645,44.54028038988627
1977,Procurement,0.9147770785511682,40.15092941006452
1977,Combined,1.2139024740527589,12.628962829564928
1978,Uniform,0.0,19.51975168511647
1978,Screened,0.3505789467112663,-0.0
1978,Yield per roof,0.9030633132057702,5.001799521935603
1978,Procurement,0.9629887512267956,12.208215091264606
1978,Combined,1.313274891932224,-0.0
1979,Uniform,0.0,53.06358717071369
1979,Screened,0.4948726755844035,10.991996161523016
1979,Yield per roof,1.186495173842573,29.044906997314182
1979,Procurement,1.1084828211763522,34.740427541875576
1979,Combined,1.6091529450630588,-0.0
1980,Uniform,0.0,16.776691228351964
1980,Screened,0.414630365660642,-0.0
1980,Yield per roof,1.005183571956323,3.570705812611809
1980,Procurement,0.8570208377139892,11.010197785106527
1980,Combined,1.272314022923524,-0.0
1981,Uniform,0.0,82.74087195716899
1981,Screened,0.3507470028008796,40.44813028694672
1981,Yield per roof,0.8940126333508829,58.41040142715432
1981,Procurement,0.8715627975044171,58.89382668411505
1981,Combined,1.2238921254035162,23.16174767563489
1982,Uniform,0.0,43.96866511286672
1982,Screened,0.3037193772351116,14.402049995786092
1982,Yield per roof,0.7619801869635552,26.75893603962959
1982,Procurement,0.850324753906655,23.606780157958188
1982,Combined,1.1576427403810712,-0.0
1983,Uniform,0.0,68.22186511919288
1983,Screened,0.2573604537464433,34.50078216885205
1983,Yield per roof,0.6873708287502822,48.49675583882927
1983,Procurement,0.9634264154231432,42.09362994481969
1983,Combined,1.2209852433348374,15.610310850728672
1984,Uniform,1.4210854715202004e-14,8.408137261141368
1984,Screened,0.5918454533117767,-0.0
1984,Yield per roof,1.4960819591294126,-0.0
1984,Procurement,0.9619146592878138,4.226372665366109
1984,Combined,1.5546314526460066,-0.0
1985,Uniform,0.0,9.714661294142134
1985,Screened,0.6922174134222701,-0.0
1985,Yield per roof,1.7009800242378077,-0.0
1985,Procurement,0.8728534465719093,5.935997335345712
1985,Combined,1.5646723141067014,-0.0
1986,Uniform,-7.105427357601002e-15,51.16304400140531
1986,Screened,0.326503965164342,17.917086800611393
1986,Yield per roof,0.8397805737015531,32.09349648930292
1986,Procurement,1.0922099946931496,25.537432941017
1986,Combined,1.4219494964321129,-0.0
1987,Uniform,0.0,74.69525813450211
1987,Screened,0.2011625147188098,41.90796303157352
1987,Yield per roof,0.5758726007819384,55.49853954296402
1987,Procurement,0.9778624660221418,47.588709458550014
1987,Combined,1.1792683000584248,22.04779800257278
1988,Uniform,1.4210854715202004e-14,7.468278157819079
1988,Screened,0.59702508937049,-0.0
1988,Yield per roof,1.4715290525838327,-0.0
1988,Procurement,0.920664204482364,3.4703843709261704
1988,Combined,1.5182812702254722,-0.0
1989,Uniform,0.0,63.601964557615496
1989,Screened,0.2020009570608145,33.51714716065854
1989,Yield per roof,0.5622473032951056,46.69004563663804
1989,Procurement,0.9662068823952196,37.174897738699
1989,Combined,1.1700152985663053,14.360669535066274
1990,Uniform,7.105427357601002e-15,69.46821908178569
1990,Screened,0.3314004807019515,31.73340997194378
1990,Yield per roof,0.8605875894229058,47.334565975895934
1990,Procurement,0.8544260818371825,46.12266123089125
1990,Combined,1.18707118189797,14.820297633377134
1991,Uniform,0.0,19.15638808997984
1991,Screened,0.3678276482152327,-0.0
1991,Yield per roof,0.9786505083292312,4.453510672934505
1991,Procurement,0.9348415684966228,12.351062676369818
1991,Combined,1.302151748891056,-0.0
1992,Uniform,0.0,17.56383160916467
1992,Screened,0.3829842626012905,-0.0
1992,Yield per roof,0.950161810183161,4.001690985137496
1992,Procurement,1.027475018997592,10.599421480016268
1992,Combined,1.4126236160384875,-0.0
1993,Uniform,0.0,21.78586080131906
1993,Screened,0.6314046348671383,-0.0
1993,Yield per roof,1.5083472867171963,3.759688016379734
1993,Procurement,0.8008960917356802,16.741623160288572
1993,Combined,1.4320056343492666,-0.0
1994,Uniform,0.0,11.275958226879784
1994,Screened,0.5006006568907253,-0.0
1994,Yield per roof,1.3129195466914183,0.6673524322759989
1994,Procurement,0.8860524864261379,6.826619007769968
1994,Combined,1.3864171049296914,-0.0
1995,Uniform,0.0,24.049201522528715
1995,Screened,0.5224903608246336,-0.0
1995,Yield per roof,1.3347928038500925,5.322073970237187
1995,Procurement,0.7990990365384789,17.97604986883866
1995,Combined,1.3214865912300695,-0.0
1996,Uniform,0.0,10.850285798710496
1996,Screened,0.4596737078308308,-0.0
1996,Yield per roof,1.1403134194000302,0.966783487344953
1996,Procurement,0.892723271318232,6.155658524909454
1996,Combined,1.354735802346724,-0.0
1997,Uniform,0.0,8.638715402617413
1997,Screened,0.5838464819495073,-0.0
1997,Yield per roof,1.36866379590154,0.1367767350630047
1997,Procurement,0.8670426733644092,4.873315525308101
1997,Combined,1.453708160692429,-0.0
1998,Uniform,0.0,93.61888231469308
1998,Screened,0.2391969190368854,53.98739143173095
1998,Yield per roof,0.6210801967727093,72.34492106133284
1998,Procurement,1.0566215641609418,64.66735786025727
1998,Combined,1.297898653549872,32.9847712224051
1999,Uniform,0.0,19.977867617165412
1999,Screened,0.3823319101509952,-0.0
1999,Yield per roof,1.0390642171680398,4.467131329169548
1999,Procurement,1.0245391387382838,12.82168258800843
1999,Combined,1.407311245024104,-0.0
2000,Uniform,0.0,21.704971136819893
2000,Screened,0.2877699703031098,-0.0
2000,Yield per roof,0.7487190359310745,6.671233566506661
2000,Procurement,0.8889549423546015,14.85693677563644
2000,Combined,1.1759194860113382,-0.0
2001,Uniform,0.0,33.10158942348417
2001,Screened,0.4374273422608326,-0.0
2001,Yield per roof,1.1360099003552762,10.244498587325724
2001,Procurement,0.7765024846279545,27.11912126879408
2001,Combined,1.2153206124486786,-0.0
2002,Uniform,1.4210854715202004e-14,7.043232523822033
2002,Screened,0.5426643068197023,-0.0
2002,Yield per roof,1.3761769094280538,-0.0
2002,Procurement,1.055299961410654,2.7065822160025728
2002,Combined,1.5989440593038466,-0.0
2003,Uniform,0.0,48.87828746316605
2003,Screened,0.2865327555471353,19.637112897204
2003,Yield per roof,0.7140266745874868,31.238334008251016
2003,Procurement,1.0210572940736355,21.751399063312103
2003,Combined,1.3078876135377229,-0.0
2004,Uniform,0.0,83.85927485730716
2004,Screened,0.3972512267301553,38.48535545095545
2004,Yield per roof,1.009633429450446,57.42206277886879
2004,Procurement,1.0113063854559954,56.76422045211401
2004,Combined,1.4100444702503625,18.874869584526024
2005,Uniform,0.0,3.272327634309902
2005,Screened,0.5858636343824344,-0.0
2005,Yield per roof,1.4578203380569337,-0.0
2005,Procurement,0.9009870515073573,1.9154393923785773
2005,Combined,1.4877960785362774,-0.0
2006,Uniform,0.0,43.589878209892
2006,Screened,0.2881082714965117,15.632515412121586
2006,Yield per roof,0.70889853592886,27.20903813147752
2006,Procurement,0.9213111835836258,21.353136161806937
2006,Combined,1.2116250754687314,-0.0
2007,Uniform,0.0,30.68512341834221
2007,Screened,0.3342710149530816,3.648322487153781
2007,Yield per roof,0.8408384771569786,13.76741455017718
2007,Procurement,1.061425503034492,19.20398197293712
2007,Combined,1.3965743556812171,-0.0
2008,Uniform,0.0,19.495286431575582
2008,Screened,0.3321676418727648,-0.0
2008,Yield per roof,0.9177759782466808,4.740610819270409
2008,Procurement,1.0561693864848962,11.84271937394691
2008,Combined,1.3894907127890264,-0.0
2009,Uniform,0.0,4.163419802122832
2009,Screened,0.9394722512629414,-0.0
2009,Yield per roof,2.284092088366748,-0.0
2009,Procurement,0.8416584820236608,3.0564592431466515
2009,Combined,1.7814314594490952,-0.0
2010,Uniform,0.0,72.75253921201858
2010,Screened,0.28863713820067,36.57554753075531
2010,Yield per roof,0.7396819335674039,51.50792707508383
2010,Procurement,0.9373811570476888,47.244066868829655
2010,Combined,1.2263573892982294,18.11573247566501
2011,Uniform,0.0,4.784099791741606
2011,Screened,0.7371455997189997,-0.0
2011,Yield per roof,1.723972198204308,-0.0
2011,Procurement,0.905395181704435,2.776775190713376
2011,Combined,1.643704814128256,-0.0
2012,Uniform,0.0,3.062706938361885
2012,Screened,0.7124934002461174,-0.0
2012,Yield per roof,1.7920836334348138,-0.0
2012,Procurement,0.9771643038439066,1.753334024723684
2012,Combined,1.691257046882626,-0.0
2013,Uniform,0.0,13.473275416328669
2013,Screened,0.510161633602479,-0.0
2013,Yield per roof,1.3159361999618255,1.2616749193856405
2013,Procurement,0.9813061217680428,8.056847168379042
2013,Combined,1.4916304999642307,-0.0
2014,Uniform,0.0,17.41697943661518
2014,Screened,0.6909670160125359,-0.0
2014,Yield per roof,1.7087740753682112,2.06551662295435
2014,Procurement,0.9494502523506156,12.040607179367058
2014,Combined,1.641638399746867,-0.0
2015,Uniform,0.0,62.84520339934796
2015,Screened,0.2088428146105272,32.845743044023166
2015,Yield per roof,0.5460367064316145,46.42617875364201
2015,Procurement,0.911313751394836,37.98349625807489
2015,Combined,1.1232915827055834,14.802802543903056
2016,Uniform,0.0,30.14492841832256
2016,Screened,0.3690005747802658,-0.0
2016,Yield per roof,0.9998071954644914,9.844907523520416
2016,Procurement,0.927518064983218,23.06885250418612
2016,Combined,1.29685742549605,-0.0
2017,Uniform,0.0,30.9368907183569
2017,Screened,0.278910745413917,5.900740835096948
2017,Yield per roof,0.7597585366848492,15.067151723873543
2017,Procurement,0.9454313257472649,18.04971676318605
2017,Combined,1.2249873696367857,-0.0
2018,Uniform,1.4210854715202004e-14,5.155209027169053
2018,Screened,0.7557485820307193,-0.0
2018,Yield per roof,1.8675450844276045,-0.0
2018,Procurement,0.786630818824591,3.2376449062512624
2018,Combined,1.543440779564989,-0.0
2019,Uniform,0.0,9.26644567796895
2019,Screened,0.7102391302150863,-0.0
2019,Yield per roof,1.6771268557069303,-0.0
2019,Procurement,0.9137967231617948,5.296587939265709
2019,Combined,1.6254491722720843,-0.0
2020,Uniform,-7.105427357601002e-15,58.56681311496448
2020,Screened,0.3189130300162688,24.459758170939995
2020,Yield per roof,0.8380279139804045,37.59364262118243
2020,Procurement,0.871529884478953,34.90724271526391
2020,Combined,1.1903270476513228,7.376786116225196
2021,Uniform,0.0,7.890122906350856
2021,Screened,0.8499300541955961,-0.0
2021,Yield per roof,2.014090658176229,-0.0
2021,Procurement,0.8225699047932267,4.320186204079554
2021,Combined,1.6727508088985985,-0.0
2022,Uniform,0.0,11.039374381529353
2022,Screened,0.5371664258696995,-0.0
2022,Yield per roof,1.3186894494332222,0.7041339367168555
2022,Procurement,1.1040489059192993,5.699536931662926
2022,Combined,1.6419555654676543,-0.0
2023,Uniform,0.0,37.57250211152992
2023,Screened,0.350081067656987,7.588546481244487
2023,Yield per roof,0.8832552207830062,18.531901898190267
2023,Procurement,1.0377452361222126,22.336700703195365
2023,Combined,1.3880386224159764,-0.0
2024,Uniform,0.0,5.1888378153370684
2024,Screened,0.5095089883354831,-0.0
2024,Yield per roof,1.2890308405559523,-0.0
2024,Procurement,0.8640123989511892,2.3336032032120424
2024,Combined,1.375743244668712,-0.0
2025,Uniform,-7.105427357601002e-15,10.93768040902946
2025,Screened,0.3900549782715856,-0.0
2025,Yield per roof,1.0374299888555851,1.069943332462752
2025,Procurement,0.9237568921195632,5.950613866848118
2025,Combined,1.3140651455210914,-0.0
2026,Uniform,0.0,19.91489342414996
2026,Screened,0.4461262433686386,-0.0
2026,Yield per roof,1.109014942426228,4.521063111977383
2026,Procurement,0.8943124174308252,13.538608191724071
2026,Combined,1.3411901620094824,-0.0
2027,Uniform,0.0,29.10157034982301
2027,Screened,0.3631041256915779,-0.0
2027,Yield per roof,0.971086408223826,9.730947466177536
2027,Procurement,0.9184990542627388,22.03687662732911
2027,Combined,1.2816378463727176,-0.0
2028,Uniform,0.0,19.426079208598622
2028,Screened,0.6423859779052776,-0.0
2028,Yield per roof,1.6878326746832073,2.24284115249755
2028,Procurement,0.8200460109575971,14.6264745431966
2028,Combined,1.462331733958422,-0.0
2029,Uniform,0.0,13.330729956041337
2029,Screened,0.669489148292044,-0.0
2029,Yield per roof,1.6534451659786669,0.793183246199057
2029,Procurement,0.8672849857562994,8.886600380041795
2029,Combined,1.5363332405656536,-0.0
2030,Uniform,0.0,15.633825199050388
2030,Screened,0.5032147617195335,-0.0
2030,Yield per roof,1.3173232916392408,1.8599764658133384
2030,Procurement,0.9411824284181164,10.072331670262717
2030,Combined,1.4451171817439104,-0.0
2031,Uniform,0.0,23.885000367165127
2031,Screened,0.371037607411715,-0.0
2031,Yield per roof,0.947936097051354,6.815942709037893
2031,Procurement,1.015400615298617,16.11263162540578
2031,Combined,1.3871371520225466,-0.0
2032,Uniform,0.0,12.819360649669967
2032,Screened,0.413114711828527,-0.0
2032,Yield per roof,1.072521151444704,1.53900291566521
2032,Procurement,0.9449946841119754,7.32132522865811
2032,Combined,1.3592524180770766,-0.0
2033,Uniform,0.0,17.097912262027016
2033,Screened,0.7198018284735781,-0.0
2033,Yield per roof,1.7704682446732676,1.6323685382839508
2033,Procurement,0.8417364851434002,12.126588709909756
2033,Combined,1.562340590704693,-0.0
2034,Uniform,0.0,74.20814361823928
2034,Screened,0.2669956092536409,38.11590064436394
2034,Yield per roof,0.7286490864221875,52.76860100450974
2034,Procurement,0.9347280444315728,49.00512701522719
2034,Combined,1.2014845772115024,19.905181195549904
2035,Uniform,0.0,15.923791579524533
2035,Screened,0.7099834612818654,-0.0
2035,Yield per roof,1.733594337732768,1.4517861934496967
2035,Procurement,0.9034711587822386,10.774153400735305
2035,Combined,1.6161087915869103,-0.0
2036,Uniform,1.4210854715202004e-14,11.9837584922888
2036,Screened,0.6722719652553195,-0.0
2036,Yield per roof,1.6499370137702982,0.3854114233697482
2036,Procurement,1.0269100781586076,7.335953266789832
2036,Combined,1.7003152440551332,-0.0
2037,Uniform,0.0,82.84049083196571
2037,Screened,0.2397120711679861,45.61125022236086
2037,Yield per roof,0.6041482360590251,63.76638188966731
2037,Procurement,0.977806531907504,56.058405952827
2037,Combined,1.2226067777629908,26.12343156437081
2038,Uniform,0.0,10.046182772602544
2038,Screened,0.4503706679851404,-0.0
2038,Yield per roof,1.1490517939463558,0.6952552767435576
2038,Procurement,0.8788920350860394,5.689438268084507
2038,Combined,1.3316282174531864,-0.0
2039,Uniform,0.0,8.837231942168883
2039,Screened,0.5249042940340587,-0.0
2039,Yield per roof,1.3023754682996582,0.1789832572096808
2039,Procurement,0.8571311469167142,5.043493393905058
2039,Combined,1.3834247074627797,-0.0
2040,Uniform,0.0,13.508593525531753
2040,Screened,0.5517912048671576,-0.0
2040,Yield per roof,1.3809360023519588,1.3147048887023762
2040,Procurement,1.1405269527977282,7.526632235423412
2040,Combined,1.6937838887981371,-0.0
2041,Uniform,0.0,11.98301822132523
2041,Screened,0.4701386124940114,-0.0
2041,Yield per roof,1.1703819901912451,1.215309529179124
2041,Procurement,0.9321142760149286,6.960523948789123
2041,Combined,1.4069846467749016,-0.0
2042,Uniform,0.0,9.051019379541486
2042,Screened,0.5090434935992789,-0.0
2042,Yield per roof,1.277230208422992,0.2426401161641138
2042,Procurement,1.049481215220041,4.427960929094922
2042,Combined,1.5612056263281886,-0.0
2043,Uniform,-7.105427357601002e-15,46.15362735546198
2043,Screened,0.2469435670853172,18.92089042587269
2043,Yield per roof,0.6414989093051062,30.53878993942397
2043,Procurement,1.0042397813608943,20.036316304411557
2043,Combined,1.2531720347697188,-0.0
2044,Uniform,0.0,34.553754778980235
2044,Screened,0.3424851949918945,6.149702113677075
2044,Yield per roof,0.8771000850977302,15.847876343644772
2044,Procurement,0.8701530337975001,21.844990765255083
2044,Combined,1.2118586403441824,-0.0
2045,Uniform,0.0,9.479370659636093
2045,Screened,0.4858987552939879,-0.0
2045,Yield per roof,1.1854904670902044,0.5478143341182038
2045,Procurement,0.8853033132047585,5.279640325510448
2045,Combined,1.375229694442183,-0.0
2046,Uniform,0.0,24.793992463802645
2046,Screened,0.4948782087621168,-0.0
2046,Yield per roof,1.264593733892312,5.900857629596967
2046,Procurement,0.7175681778062852,19.271105499329124
2046,Combined,1.2145900838588233,-0.0
2047,Uniform,0.0,13.93192816592721
2047,Screened,0.4326757084701427,-0.0
2047,Yield per roof,1.1533403006091163,1.6583277199380584
2047,Procurement,0.986635102964584,8.136980588746692
2047,Combined,1.4202018662846712,-0.0
2048,Uniform,0.0,22.96017004519833
2048,Screened,0.4220998180305031,-0.0
2048,Yield per roof,1.0588288125086225,5.971719843434975
2048,Procurement,1.0934335839135372,14.661485862832556
2048,Combined,1.516634358769025,-0.0
