Id,lon_center,lat_center,net_balance_mt_co2e
12709.0,-70.5,-54.5,0.00010847060858957549
12711.0,-68.5,-54.5,0.4781919068518
12712.0,-67.5,-54.5,0.1156535693114
12713.0,-66.5,-54.5,0.0046158448531654845
12938.0,158.5,-54.5,0.0004205932302019628
13068.0,-71.5,-53.5,0.006436740822377567
13069.0,-70.5,-53.5,1.8160639015622
13070.0,-69.5,-53.5,0.024951673236300508
13071.0,-68.5,-53.5,0.032753226364842576
13072.0,-67.5,-53.5,1.0644900415397
13427.0,-72.5,-52.5,0.0021105091200102743
13428.0,-71.5,-52.5,0.06922371930876861
13429.0,-70.5,-52.5,0.07647704448444811
13430.0,-69.5,-52.5,0.06458820533640479
13431.0,-68.5,-52.5,0.054021549471679094
13439.0,-60.5,-52.5,0.0025108753113060175
13440.0,-59.5,-52.5,0.0028209402308475764
13786.0,-73.5,-51.5,0.0009430231636811768
13787.0,-72.5,-51.5,0.7539813121041
13788.0,-71.5,-51.5,0.005158694651422446
13789.0,-70.5,-51.5,0.006234384139590958
13790.0,-69.5,-51.5,1.4921532725317002
13791.0,-68.5,-51.5,0.005522773576642559
13799.0,-60.5,-51.5,0.014232365969156517
13800.0,-59.5,-51.5,0.002211358146372152
13801.0,-58.5,-51.5,0.02882370432121056
13802.0,-57.5,-51.5,0.08851041170263692
14144.0,-75.5,-50.5,0.002348825189876944
14146.0,-73.5,-50.5,0.0001345837756231694
14147.0,-72.5,-50.5,0.013606477408543519
14150.0,-69.5,-50.5,0.0003089730616467229
14151.0,-68.5,-50.5,0.07750054955633479
14505.0,-74.5,-49.5,-4.577576809783809e-05
14507.0,-72.5,-49.5,0.03574658751116776
14508.0,-71.5,-49.5,0.005022648791743509
14511.0,-68.5,-49.5,0.01152655028314694
14866.0,-73.5,-48.5,0.000922538035414232
14867.0,-72.5,-48.5,0.014139868650939674
14868.0,-71.5,-48.5,0.001507609932915316
15226.0,-73.5,-47.5,0.005803546632012843
15227.0,-72.5,-47.5,0.08651342888374637
15228.0,-71.5,-47.5,0.01773141684981577
15232.0,-67.5,-47.5,0.0061669653181092845
15586.0,-73.5,-46.5,0.001309542353227582
15587.0,-72.5,-46.5,0.1029548172825
15588.0,-71.5,-46.5,0.24965371241769999
15592.0,-67.5,-46.5,-0.014883065323985032
15946.0,-73.5,-45.5,0.01763209509927069
15947.0,-72.5,-45.5,1.1083651552068
15948.0,-71.5,-45.5,0.2116609930099
16306.0,-73.5,-44.5,0.0016937217194996307
16307.0,-72.5,-44.5,0.09460799378414675
16308.0,-71.5,-44.5,0.08340679516638493
16666.0,-73.5,-43.5,0.5745182326801
16667.0,-72.5,-43.5,0.09578515902770657
16668.0,-71.5,-43.5,0.4923120712487
16885.0,145.5,-43.5,0.00030092426909994946
16886.0,146.5,-43.5,0.4152143220385
16887.0,147.5,-43.5,1.6603533550844
16888.0,148.5,-43.5,0.0003978865766625245
17025.0,-74.5,-42.5,0.0289280823253163
17026.0,-73.5,-42.5,4.185211513724
17027.0,-72.5,-42.5,0.18075587517160002
17028.0,-71.5,-42.5,1.4658084169738
17035.0,-64.5,-42.5,0.002448522214438105
17245.0,145.5,-42.5,0.28570401152020003
17246.0,146.5,-42.5,0.5691764896267999
17247.0,147.5,-42.5,14.2914250577748
17248.0,148.5,-42.5,0.18158566058199999
17385.0,-74.5,-41.5,0.03636635565946951
17386.0,-73.5,-41.5,6.9590079322267
17387.0,-72.5,-41.5,5.5566839568108
17388.0,-71.5,-41.5,2.8593120121838003
17604.0,144.5,-41.5,0.017199944659286547
17605.0,145.5,-41.5,2.7686312630257
17606.0,146.5,-41.5,8.934058245895601
17607.0,147.5,-41.5,8.7344240073131
17608.0,148.5,-41.5,0.6279578334849
17746.0,-73.5,-40.5,7.0135034166008
17747.0,-72.5,-40.5,5.2539259514941
17748.0,-71.5,-40.5,0.9315066782868
17754.0,-65.5,-40.5,0.2887755487449
17755.0,-64.5,-40.5,0.1403190341557
17757.0,-62.5,-40.5,0.06609212016531953
17963.0,143.5,-40.5,0.009309356552495226
17964.0,144.5,-40.5,0.1142073467914
17965.0,145.5,-40.5,1.1920865376619
17966.0,146.5,-40.5,5.8748943809420626e-05
17967.0,147.5,-40.5,0.1015041279909
17968.0,148.5,-40.5,0.128992358712
18106.0,-73.5,-39.5,4.7402432167758
18107.0,-72.5,-39.5,9.543922478289
18108.0,-71.5,-39.5,2.048850609263
18117.0,-62.5,-39.5,0.00018084471281951613
18323.0,143.5,-39.5,0.1342710811054
18324.0,144.5,-39.5,0.03651810822826439
18326.0,146.5,-39.5,0.007970392055284867
18327.0,147.5,-39.5,0.02046150815453505
18328.0,148.5,-39.5,0.01348552807770347
18466.0,-73.5,-38.5,3.5707340552895
18467.0,-72.5,-38.5,19.7542855427467
18468.0,-71.5,-38.5,1.8943113320979001
18680.0,140.5,-38.5,0.1698299293441
18681.0,141.5,-38.5,1.5830087748004
18682.0,142.5,-38.5,4.3847134925528
18683.0,143.5,-38.5,4.9808233099098
18684.0,144.5,-38.5,22.128788107625997
18685.0,145.5,-38.5,65.7605091647297
18686.0,146.5,-38.5,11.9439246207404
18687.0,147.5,-38.5,1.7312013397186
18826.0,-73.5,-37.5,6.9723215881666
18827.0,-72.5,-37.5,19.4167046272678
18828.0,-71.5,-37.5,1.9401640644503
18887.0,-12.5,-37.5,0.016378844110691182
19039.0,139.5,-37.5,0.2976679118256
19040.0,140.5,-37.5,6.5061942959469
19041.0,141.5,-37.5,2.3822449753746002
19042.0,142.5,-37.5,5.020971422817199
19043.0,143.5,-37.5,15.5985300202867
19044.0,144.5,-37.5,114.3948596386969
19045.0,145.5,-37.5,134.6431379163801
19046.0,146.5,-37.5,2.2634813859963
19047.0,147.5,-37.5,4.9186627527547
19048.0,148.5,-37.5,1.2700807273488999
19049.0,149.5,-37.5,0.7918459051465
19050.0,150.5,-37.5,0.0006302868945875776
19186.0,-73.5,-36.5,13.8842890277072
19187.0,-72.5,-36.5,20.2770671566619
19188.0,-71.5,-36.5,9.195041977116901
19396.0,136.5,-36.5,0.002369453536769934
19397.0,137.5,-36.5,0.0002091606925137195
19399.0,139.5,-36.5,0.3291193228548
19400.0,140.5,-36.5,3.1951609074347997
19401.0,141.5,-36.5,2.2095319240874
19402.0,142.5,-36.5,4.5347182503656
19403.0,143.5,-36.5,3.5028741221792
19404.0,144.5,-36.5,18.1965469786611
19405.0,145.5,-36.5,16.1936384830219
19406.0,146.5,-36.5,19.3169250069722
19407.0,147.5,-36.5,2.5613043533112
19408.0,148.5,-36.5,1.3059893054328
19409.0,149.5,-36.5,4.2519912360003005
19410.0,150.5,-36.5,0.9562307578389999
19547.0,-72.5,-35.5,5.1401833656655995
19548.0,-71.5,-35.5,23.9515765128534
19549.0,-70.5,-35.5,0.02081331284659944
19560.0,-59.5,-35.5,0.8008373299303
19561.0,-58.5,-35.5,10.5221409023065
19562.0,-57.5,-35.5,4.0055827278167
19736.0,116.5,-35.5,0.0347170394605541
19737.0,117.5,-35.5,1.7465381963083
19738.0,118.5,-35.5,0.00029037890762085954
19756.0,136.5,-35.5,0.09509246351147568
19757.0,137.5,-35.5,1.0052894553416
19758.0,138.5,-35.5,34.209819098019494
19759.0,139.5,-35.5,5.4281144731286
19760.0,140.5,-35.5,1.0353351769821
19761.0,141.5,-35.5,0.49786899971769993
19762.0,142.5,-35.5,1.722023667114
19763.0,143.5,-35.5,4.4245626569027
19764.0,144.5,-35.5,3.7267928479761
19765.0,145.5,-35.5,4.6093506627564
19766.0,146.5,-35.5,4.2398019795921
19767.0,147.5,-35.5,9.197910036954001
19768.0,148.5,-35.5,2.6714190108997
19769.0,149.5,-35.5,32.2344439606949
19770.0,150.5,-35.5,5.1338239919207
19907.0,-72.5,-34.5,1.3068600382481
19908.0,-71.5,-34.5,26.716205028553897
19909.0,-70.5,-34.5,21.8414880220928
19919.0,-60.5,-34.5,-0.047674589204761884
19920.0,-59.5,-34.5,13.5726741032828
19921.0,-58.5,-34.5,344.0921273900726
19922.0,-57.5,-34.5,20.1214907490852
19923.0,-56.5,-34.5,2.1973658534522
19924.0,-55.5,-34.5,3.3934019961443997
19925.0,-54.5,-34.5,0.854784434462
19926.0,-53.5,-34.5,0.5845927236595
19998.0,18.5,-34.5,0.3922344553905
19999.0,19.5,-34.5,16.021092899098598
20000.0,20.5,-34.5,2.9001873857571003
20001.0,21.5,-34.5,2.2749615900099003
20002.0,22.5,-34.5,5.3050865777793
20003.0,23.5,-34.5,3.266769438606
20004.0,24.5,-34.5,3.0441612146736
20005.0,25.5,-34.5,0.6761045059276
20094.0,114.5,-34.5,5.097949084632921e-05
20095.0,115.5,-34.5,0.6852066566358
20096.0,116.5,-34.5,2.4307682707827
20097.0,117.5,-34.5,5.0530124560887
20098.0,118.5,-34.5,0.7422149262934999
20099.0,119.5,-34.5,0.1306786959207
20101.0,121.5,-34.5,0.00012322100134721256
20102.0,122.5,-34.5,7.589794711980117e-05
20103.0,123.5,-34.5,0.00017050054786376683
20115.0,135.5,-34.5,3.2314075044501003
20116.0,136.5,-34.5,0.3831347631693
20117.0,137.5,-34.5,3.8672137727869
20118.0,138.5,-34.5,106.5001447962918
20119.0,139.5,-34.5,5.403442490916301
20120.0,140.5,-34.5,5.3995999065865
20121.0,141.5,-34.5,0.5848309036086999
20122.0,142.5,-34.5,8.720437515652
20123.0,143.5,-34.5,0.5182584392225
20124.0,144.5,-34.5,0.6158989605376
20125.0,145.5,-34.5,1.2300710232266001
20126.0,146.5,-34.5,7.355666893256
20127.0,147.5,-34.5,3.784260243117
20128.0,148.5,-34.5,5.8896012925207
20129.0,149.5,-34.5,5.1890490389512
20130.0,150.5,-34.5,49.9068407472098
20131.0,151.5,-34.5,7.8073009035205
20268.0,-71.5,-33.5,41.1026467710036
20269.0,-70.5,-33.5,155.1496245822105
20270.0,-69.5,-33.5,-0.03459171373861099
20271.0,-68.5,-33.5,3.0552902286162
20278.0,-61.5,-33.5,4.1376315337652
20279.0,-60.5,-33.5,19.776966555105897
20280.0,-59.5,-33.5,4.901481936156499
20281.0,-58.5,-33.5,0.03429967273816104
20282.0,-57.5,-33.5,0.003778433919608449
20283.0,-56.5,-33.5,0.05066796830756897
20284.0,-55.5,-33.5,0.001571254703462864
20285.0,-54.5,-33.5,0.2236489775789
20286.0,-53.5,-33.5,0.377225569487
20287.0,-52.5,-33.5,0.06797280563098222
20357.0,17.5,-33.5,0.5195871172811001
20358.0,18.5,-33.5,25.2772289075046
20359.0,19.5,-33.5,28.4663236403748
20360.0,20.5,-33.5,5.3949069865801
20361.0,21.5,-33.5,2.7547170449447003
20362.0,22.5,-33.5,19.8108647134683
20363.0,23.5,-33.5,4.2594918016119
20364.0,24.5,-33.5,4.0001290305419
20365.0,25.5,-33.5,67.7081228523921
20366.0,26.5,-33.5,10.573862578832498
20367.0,27.5,-33.5,6.392454278701701
20454.0,114.5,-33.5,0.09238002433843588
20455.0,115.5,-33.5,15.227860114293499
20456.0,116.5,-33.5,4.170576920327201
20457.0,117.5,-33.5,3.1024987122177
20458.0,118.5,-33.5,1.3208801393951
20459.0,119.5,-33.5,0.4630379633045
20460.0,120.5,-33.5,0.5905033507135
20461.0,121.5,-33.5,0.5430961215926
20462.0,122.5,-33.5,0.3254687267575
20463.0,123.5,-33.5,0.01571372307454445
20464.0,124.5,-33.5,4.921884451035973e-05
20474.0,134.5,-33.5,0.162446572151
20475.0,135.5,-33.5,0.6567144054546
20476.0,136.5,-33.5,1.3258421978217
20477.0,137.5,-33.5,3.8876754942999003
20478.0,138.5,-33.5,6.3069862494833995
20479.0,139.5,-33.5,0.2023856806186
20480.0,140.5,-33.5,0.028526759544751826
20481.0,141.5,-33.5,0.1042639485571
20482.0,142.5,-33.5,0.13466183014830002
20483.0,143.5,-33.5,0.06870077061969614
20484.0,144.5,-33.5,0.11759114399090001
20485.0,145.5,-33.5,0.5970993004938999
20486.0,146.5,-33.5,1.2467813569477002
20487.0,147.5,-33.5,2.6755566427664
20488.0,148.5,-33.5,7.465760159975701
20489.0,149.5,-33.5,12.3951479767467
20490.0,150.5,-33.5,103.14870397839441
20491.0,151.5,-33.5,100.9973033285802
20628.0,-71.5,-32.5,23.5044378469897
20629.0,-70.5,-32.5,12.138993547041999
20630.0,-69.5,-32.5,0.022568814918652917
20631.0,-68.5,-32.5,26.6818166708876
20638.0,-61.5,-32.5,6.125656972604601
20639.0,-60.5,-32.5,34.3192144322358
20644.0,-55.5,-32.5,0.023292202472680008
20645.0,-54.5,-32.5,0.2449382982246
20646.0,-53.5,-32.5,0.2811333028893
20647.0,-52.5,-32.5,0.7776792551807
20648.0,-51.5,-32.5,0.0268586047952691
20717.0,17.5,-32.5,1.5034806441116
20718.0,18.5,-32.5,9.8778024438768
20719.0,19.5,-32.5,0.4229689972569
20720.0,20.5,-32.5,0.7132783421047
20721.0,21.5,-32.5,0.6434125290493
20722.0,22.5,-32.5,2.585009511895
20723.0,23.5,-32.5,0.7635585079634
20724.0,24.5,-32.5,4.137143221496999
20725.0,25.5,-32.5,5.7418858621518
20726.0,26.5,-32.5,15.2107700197307
20727.0,27.5,-32.5,51.971028359796904
20728.0,28.5,-32.5,27.736135277848998
20729.0,29.5,-32.5,0.266350785167
20815.0,115.5,-32.5,65.4917077348984
20816.0,116.5,-32.5,10.4293259116793
20817.0,117.5,-32.5,3.139612647469
20818.0,118.5,-32.5,1.2413211338514
20819.0,119.5,-32.5,0.31883794121680004
20820.0,120.5,-32.5,0.019632551792725047
20821.0,121.5,-32.5,0.24035876588650001
20822.0,122.5,-32.5,0.00824429629889352
20823.0,123.5,-32.5,0.007810718820369615
20824.0,124.5,-32.5,0.0017885486750519844
20825.0,125.5,-32.5,0.0043634469296028495
20826.0,126.5,-32.5,0.002040266922272191
20827.0,127.5,-32.5,0.0007951156480787383
20832.0,132.5,-32.5,0.001536969755484067
20833.0,133.5,-32.5,0.4306952774777
20834.0,134.5,-32.5,0.6448466536442
20835.0,135.5,-32.5,0.1803976685798
20836.0,136.5,-32.5,0.09235518573728138
20837.0,137.5,-32.5,2.2009518083393997
20838.0,138.5,-32.5,1.5890194577337
20839.0,139.5,-32.5,0.09542226527636125
20840.0,140.5,-32.5,0.05705917372435134
20841.0,141.5,-32.5,0.05431309048304263
20842.0,142.5,-32.5,0.2485187114996
20843.0,143.5,-32.5,0.055749222048341936
20844.0,144.5,-32.5,0.12393778510869999
20845.0,145.5,-32.5,0.0604018134593916
20846.0,146.5,-32.5,0.2286530403833
20847.0,147.5,-32.5,1.1877013359472999
20848.0,148.5,-32.5,8.0353690141861
20849.0,149.5,-32.5,4.2255319690226
20850.0,150.5,-32.5,4.3105805488975
20851.0,151.5,-32.5,43.3271363403838
20852.0,152.5,-32.5,5.2940876349341
20988.0,-71.5,-31.5,2.0668525060411
20995.0,-64.5,-31.5,18.192514016915602
20996.0,-63.5,-31.5,0.4062530765169
21004.0,-55.5,-31.5,0.02981980042765453
21005.0,-54.5,-31.5,0.5380510119255
21006.0,-53.5,-31.5,0.2572576457754
21007.0,-52.5,-31.5,1.8801070442091
21008.0,-51.5,-31.5,1.1616199773608
21009.0,-50.5,-31.5,0.34545744483900004
21077.0,17.5,-31.5,0.0655760840498212
21078.0,18.5,-31.5,6.3921178145375
21079.0,19.5,-31.5,1.7768542034884
21080.0,20.5,-31.5,0.8444297117523
21081.0,21.5,-31.5,0.6381790040311
21082.0,22.5,-31.5,0.6161917337709001
21083.0,23.5,-31.5,1.6406256811870998
21084.0,24.5,-31.5,1.6769112459986
21085.0,25.5,-31.5,3.3355081091364
21086.0,26.5,-31.5,11.9265414176362
21087.0,27.5,-31.5,22.107743324566698
21088.0,28.5,-31.5,49.3971869533286
21089.0,29.5,-31.5,30.8729558470517
21090.0,30.5,-31.5,0.9925395907625001
21175.0,115.5,-31.5,75.4988743516779
21176.0,116.5,-31.5,22.4117794677955
21177.0,117.5,-31.5,1.7815366676375999
21178.0,118.5,-31.5,1.5644391932257
21179.0,119.5,-31.5,0.4537164196661
21180.0,120.5,-31.5,0.011395774822635013
21181.0,121.5,-31.5,0.4946839304405
21182.0,122.5,-31.5,0.02932872610480738
21183.0,123.5,-31.5,0.013847943478811369
21184.0,124.5,-31.5,0.00150995277556525
21185.0,125.5,-31.5,0.013223258400153991
21186.0,126.5,-31.5,0.00607728739170003
21187.0,127.5,-31.5,0.022297789014185748
21188.0,128.5,-31.5,0.019882133513568902
21189.0,129.5,-31.5,0.014331775489971017
21190.0,130.5,-31.5,0.03339687549291234
21191.0,131.5,-31.5,0.03410923737714526
21192.0,132.5,-31.5,0.061237880294074204
21193.0,133.5,-31.5,0.1310705793767
21194.0,134.5,-31.5,0.00916617613190164
21195.0,135.5,-31.5,0.03072780807455344
21196.0,136.5,-31.5,0.15455946152
21197.0,137.5,-31.5,0.020553255885377455
21198.0,138.5,-31.5,0.17788071591909999
21199.0,139.5,-31.5,0.02223023053591039
21200.0,140.5,-31.5,0.041117073903050444
21201.0,141.5,-31.5,2.89636024371
21202.0,142.5,-31.5,0.04841978675200474
21203.0,143.5,-31.5,0.1278185191582
21204.0,144.5,-31.5,0.06589507706585349
21205.0,145.5,-31.5,0.6431214958523
21206.0,146.5,-31.5,0.2314636789233
21207.0,147.5,-31.5,1.1517244660499
21208.0,148.5,-31.5,1.5841739535966
21209.0,149.5,-31.5,1.8804567576957
21210.0,150.5,-31.5,7.952370301310101
21211.0,151.5,-31.5,1.8739191982483
21212.0,152.5,-31.5,14.0024168460341
21213.0,153.5,-31.5,0.037627450448556636
21219.0,159.5,-31.5,0.032239494514882394
21348.0,-71.5,-30.5,1.1469991068535
21360.0,-59.5,-30.5,0.764623546955
21362.0,-57.5,-30.5,-0.006694150539845438
21363.0,-56.5,-30.5,-0.004372512122217624
21364.0,-55.5,-30.5,-0.00833760695518694
21365.0,-54.5,-30.5,0.08346889005331389
21366.0,-53.5,-30.5,0.4069566701102
21367.0,-52.5,-30.5,0.699706192436
21368.0,-51.5,-30.5,5.1776369800127
21369.0,-50.5,-30.5,0.8345204312199
21437.0,17.5,-30.5,1.0145993374462001
21438.0,18.5,-30.5,0.5833237259235
21439.0,19.5,-30.5,0.45424740870830005
21440.0,20.5,-30.5,0.5194861065123
21441.0,21.5,-30.5,0.4364321413647
21442.0,22.5,-30.5,0.9867859989233
21443.0,23.5,-30.5,1.2335626890406002
21444.0,24.5,-30.5,3.6950143874236
21445.0,25.5,-30.5,4.115550294488799
21446.0,26.5,-30.5,4.9113049734161
21447.0,27.5,-30.5,16.237123836118897
21448.0,28.5,-30.5,22.940903394725602
21449.0,29.5,-30.5,38.9759826173401
21450.0,30.5,-30.5,51.0207941058472
21534.0,114.5,-30.5,0.07509849667524968
21535.0,115.5,-30.5,1.4325653293732998
21536.0,116.5,-30.5,2.0124637510575
21537.0,117.5,-30.5,0.8100848611015
21538.0,118.5,-30.5,0.35696452996800004
21539.0,119.5,-30.5,0.08584538599076845
21540.0,120.5,-30.5,0.04436343298589517
21541.0,121.5,-30.5,4.3737766267881995
21542.0,122.5,-30.5,0.03152468377347308
21543.0,123.5,-30.5,0.0023433411399726278
21544.0,124.5,-30.5,0.006902680231633509
21545.0,125.5,-30.5,0.0053446621285366085
21546.0,126.5,-30.5,0.0038419907369928894
21547.0,127.5,-30.5,0.011882716282268538
21548.0,128.5,-30.5,0.010648965539474354
21549.0,129.5,-30.5,0.014597713335044489
21550.0,130.5,-30.5,0.008677166492231799
21551.0,131.5,-30.5,0.01162389760749477
21552.0,132.5,-30.5,0.014681085392239357
21553.0,133.5,-30.5,0.006121280678947095
21554.0,134.5,-30.5,0.0266157100831456
21555.0,135.5,-30.5,0.03480570581942651
21556.0,136.5,-30.5,0.7126411117626
21557.0,137.5,-30.5,0.147611218119
21558.0,138.5,-30.5,0.1906667463408
21559.0,139.5,-30.5,0.04770561088976298
21560.0,140.5,-30.5,0.008706629898394632
21561.0,141.5,-30.5,0.03567423957616812
21562.0,142.5,-30.5,0.07462136584512516
21563.0,143.5,-30.5,0.07998137755297735
21564.0,144.5,-30.5,0.06471891430977125
21565.0,145.5,-30.5,0.4562209924803
21566.0,146.5,-30.5,0.09850879865025788
21567.0,147.5,-30.5,0.2648216278708
21568.0,148.5,-30.5,1.1976777498973
21569.0,149.5,-30.5,2.4675948062843003
21570.0,150.5,-30.5,3.4138172856434
21571.0,151.5,-30.5,4.8630674747221
21572.0,152.5,-30.5,3.9380283510692005
21573.0,153.5,-30.5,5.534069462765
21708.0,-71.5,-29.5,0.06566151520081691
21722.0,-57.5,-29.5,1.7390129946987
21723.0,-56.5,-29.5,0.00867263466665371
21725.0,-54.5,-29.5,0.1915377463828
21726.0,-53.5,-29.5,2.1539476671638997
21727.0,-52.5,-29.5,2.9417413208289
21728.0,-51.5,-29.5,12.8779177076138
21729.0,-50.5,-29.5,3.506151790417
21730.0,-49.5,-29.5,8.3273900687457
21796.0,16.5,-29.5,0.2169460356607
21797.0,17.5,-29.5,4.40341802033
21798.0,18.5,-29.5,0.5924088962706
21799.0,19.5,-29.5,0.6542742690669
21800.0,20.5,-29.5,0.2810871692939
21801.0,21.5,-29.5,0.5427698437349999
21802.0,22.5,-29.5,1.9817432098421002
21803.0,23.5,-29.5,2.7978817386669
21804.0,24.5,-29.5,5.0577071075728
21805.0,25.5,-29.5,4.0947678233066
21806.0,26.5,-29.5,54.594633040431
21807.0,27.5,-29.5,19.055918908676002
21808.0,28.5,-29.5,3.0131108675717
21809.0,29.5,-29.5,16.2514846794949
21810.0,30.5,-29.5,136.3966233204253
21811.0,31.5,-29.5,9.8219346634974
21894.0,114.5,-29.5,0.5811851245103
21895.0,115.5,-29.5,1.0118309711984999
21896.0,116.5,-29.5,0.7471028765676999
21897.0,117.5,-29.5,0.05147184794400332
21898.0,118.5,-29.5,0.005359925752818543
21899.0,119.5,-29.5,0.006134766446057378
21900.0,120.5,-29.5,0.024478803517467635
21901.0,121.5,-29.5,0.059118481291390565
21902.0,122.5,-29.5,0.07032912318275583
21903.0,123.5,-29.5,0.004490200948374386
21904.0,124.5,-29.5,0.009441300336808001
21905.0,125.5,-29.5,0.005378808701271281
21906.0,126.5,-29.5,0.004799602405259073
21907.0,127.5,-29.5,0.015010558669227904
21908.0,128.5,-29.5,0.0008623590259753531
21909.0,129.5,-29.5,0.0017401809366323687
21910.0,130.5,-29.5,0.023172643161177002
21911.0,131.5,-29.5,0.025416104245264134
21912.0,132.5,-29.5,0.0005840183995046911
21913.0,133.5,-29.5,0.01549676760050407
21914.0,134.5,-29.5,0.27908749879440004
21915.0,135.5,-29.5,0.07948883432473663
21916.0,136.5,-29.5,0.005758799994348535
21917.0,137.5,-29.5,0.010786024304892216
21918.0,138.5,-29.5,0.029195698032627317
21919.0,139.5,-29.5,0.013781465444688196
21920.0,140.5,-29.5,0.007625266482193073
21921.0,141.5,-29.5,0.060905964164630656
21922.0,142.5,-29.5,0.0664017981743304
21923.0,143.5,-29.5,0.05393365683088135
21924.0,144.5,-29.5,0.08128027570434186
21925.0,145.5,-29.5,0.09337631944422924
21926.0,146.5,-29.5,0.2327806891831
21927.0,147.5,-29.5,0.6165922410167
21928.0,148.5,-29.5,0.4564028473565
21929.0,149.5,-29.5,2.0920846744198998
21930.0,150.5,-29.5,1.7567156203773
21931.0,151.5,-29.5,3.8917496508721
21932.0,152.5,-29.5,3.8675772474115
21933.0,153.5,-29.5,2.6060671796776997
22068.0,-71.5,-28.5,-0.0026180745359792807
22074.0,-65.5,-28.5,0.48409757964419997
22075.0,-64.5,-28.5,0.051285584214169004
22084.0,-55.5,-28.5,0.04852599853354701
22085.0,-54.5,-28.5,0.9394369411833
22086.0,-53.5,-28.5,1.6341844664685
22087.0,-52.5,-28.5,2.7278100843902
22088.0,-51.5,-28.5,1.9957776755740002
22089.0,-50.5,-28.5,0.49889316398670003
22090.0,-49.5,-28.5,3.7307785750881997
22091.0,-48.5,-28.5,7.5427220351669
22155.0,15.5,-28.5,0.0026818558137376557
22156.0,16.5,-28.5,0.7552664299277999
22157.0,17.5,-28.5,0.38180193909300003
22158.0,18.5,-28.5,0.3283536443342
22159.0,19.5,-28.5,0.3171274405632
22160.0,20.5,-28.5,5.0466628090036
22161.0,21.5,-28.5,10.2738401532763
22162.0,22.5,-28.5,1.0718094307053998
22163.0,23.5,-28.5,5.7301036715048
22164.0,24.5,-28.5,23.237370497169703
22165.0,25.5,-28.5,3.8168562196137996
22166.0,26.5,-28.5,10.5017079716878
22167.0,27.5,-28.5,15.983400905679801
22168.0,28.5,-28.5,35.5156190840284
22169.0,29.5,-28.5,27.5061490433385
22170.0,30.5,-28.5,27.7768364112106
22171.0,31.5,-28.5,42.523643446962204
22172.0,32.5,-28.5,8.455465080144
22254.0,114.5,-28.5,5.2036798234317
22255.0,115.5,-28.5,0.5946291715558
22256.0,116.5,-28.5,0.1241021134151
22257.0,117.5,-28.5,0.1627188706545
22258.0,118.5,-28.5,0.03913799738048166
22259.0,119.5,-28.5,0.012177057605230345
22260.0,120.5,-28.5,0.0796953153338059
22261.0,121.5,-28.5,0.29877059631790004
22262.0,122.5,-28.5,0.190492172954
22263.0,123.5,-28.5,0.005811184160794174
22264.0,124.5,-28.5,0.004397950049151325
22265.0,125.5,-28.5,0.004619924383018236
22266.0,126.5,-28.5,0.003638082242870547
22267.0,127.5,-28.5,0.003217056513487163
22268.0,128.5,-28.5,0.0005336208250808067
22269.0,129.5,-28.5,0.0013109435254281523
22270.0,130.5,-28.5,0.0006312063137027304
22271.0,131.5,-28.5,0.0007680569853921491
22272.0,132.5,-28.5,0.0018333915644085739
22273.0,133.5,-28.5,0.00018827276220020574
22274.0,134.5,-28.5,0.0538737028463627
22275.0,135.5,-28.5,0.007778791964532669
22276.0,136.5,-28.5,0.014321273718485801
22277.0,137.5,-28.5,0.010722754195501163
22278.0,138.5,-28.5,0.006057629504015396
22279.0,139.5,-28.5,0.005775050639821796
22280.0,140.5,-28.5,0.1617168299396
22281.0,141.5,-28.5,0.04008182494207376
22282.0,142.5,-28.5,0.016247624965617824
22283.0,143.5,-28.5,0.03229434551880594
22284.0,144.5,-28.5,0.09055881298955064
22285.0,145.5,-28.5,0.31412175767850004
22286.0,146.5,-28.5,0.0969256371675226
22287.0,147.5,-28.5,0.153752424298
22288.0,148.5,-28.5,0.9635908990442
22289.0,149.5,-28.5,0.5600967549775
22290.0,150.5,-28.5,1.7664680944994
22291.0,151.5,-28.5,3.7287753968933
22292.0,152.5,-28.5,5.6144154705017
22293.0,153.5,-28.5,42.2141157323359
22429.0,-70.5,-27.5,-0.03365622397366152
22430.0,-69.5,-27.5,-0.0008580834305967564
22433.0,-66.5,-27.5,0.12200198843450001
22434.0,-65.5,-27.5,12.8381209557514
22435.0,-64.5,-27.5,1.9327339189792
22440.0,-59.5,-27.5,3.0374957899935002
22441.0,-58.5,-27.5,13.291049297906799
22443.0,-56.5,-27.5,-0.02485651569612923
22444.0,-55.5,-27.5,12.2405795372141
22445.0,-54.5,-27.5,2.8678795156375
22446.0,-53.5,-27.5,2.8054996771534
22447.0,-52.5,-27.5,3.8682235707648003
22448.0,-51.5,-27.5,2.3227394554356002
22449.0,-50.5,-27.5,1.3861991033846999
22450.0,-49.5,-27.5,1.7897018688254
22451.0,-48.5,-27.5,4.3531806700602
22515.0,15.5,-27.5,0.005053143391529962
22516.0,16.5,-27.5,0.3467330160195
22517.0,17.5,-27.5,0.058434485737034
22518.0,18.5,-27.5,0.13287548387259998
22519.0,19.5,-27.5,0.09937792502654612
22520.0,20.5,-27.5,0.2578784074964
22521.0,21.5,-27.5,0.2923104763381
22522.0,22.5,-27.5,3.0340568704219
22523.0,23.5,-27.5,14.3347548861036
22524.0,24.5,-27.5,16.591189884429603
22525.0,25.5,-27.5,14.3359865548274
22526.0,26.5,-27.5,32.746846361216
22527.0,27.5,-27.5,17.923133132096098
22528.0,28.5,-27.5,8.661762792667199
22529.0,29.5,-27.5,8.7517539252054
22530.0,30.5,-27.5,19.638309408644602
22531.0,31.5,-27.5,24.7238968461946
22532.0,32.5,-27.5,11.8795607191971
22614.0,114.5,-27.5,0.3921210894408
22615.0,115.5,-27.5,0.030637689352508296
22616.0,116.5,-27.5,0.032588040720948216
22617.0,117.5,-27.5,0.08727307023035982
22618.0,118.5,-27.5,0.03077963905987205
22619.0,119.5,-27.5,0.046274222005623644
22620.0,120.5,-27.5,0.31770312091749997
22621.0,121.5,-27.5,0.06082183665998351
22622.0,122.5,-27.5,0.04879028214791911
22623.0,123.5,-27.5,0.0011638805779974701
22624.0,124.5,-27.5,0.005875721919648886
22625.0,125.5,-27.5,0.0018338753066798742
22626.0,126.5,-27.5,0.0006737527506882214
22627.0,127.5,-27.5,0.0026302152894002078
22628.0,128.5,-27.5,0.0009601376076634836
22629.0,129.5,-27.5,0.011648781348574494
22630.0,130.5,-27.5,0.0012261226223038162
22631.0,131.5,-27.5,0.003230745393207533
22632.0,132.5,-27.5,0.035732309700387016
22633.0,133.5,-27.5,0.07697881169595867
22634.0,134.5,-27.5,0.016418622818703568
22635.0,135.5,-27.5,0.03614213060146475
22636.0,136.5,-27.5,0.002585381278504447
22637.0,137.5,-27.5,0.004336182481049985
22638.0,138.5,-27.5,0.0225566542238984
22639.0,139.5,-27.5,0.007139638586995058
22640.0,140.5,-27.5,0.0619853875275683
22641.0,141.5,-27.5,0.05348691831478133
22642.0,142.5,-27.5,0.033525104611397086
22643.0,143.5,-27.5,0.060539502824760096
22644.0,144.5,-27.5,0.08344546137510304
22645.0,145.5,-27.5,0.08679914558680467
22646.0,146.5,-27.5,0.05564981645623095
22647.0,147.5,-27.5,0.08375783738365278
22648.0,148.5,-27.5,0.2228138184122
22649.0,149.5,-27.5,0.5384578001385001
22650.0,150.5,-27.5,0.9917184650754
22651.0,151.5,-27.5,21.0722890564696
22652.0,152.5,-27.5,80.0486091977622
22653.0,153.5,-27.5,140.57993939909568
22789.0,-70.5,-26.5,0.9685441922887
22790.0,-69.5,-26.5,0.570811608995
22791.0,-68.5,-26.5,0.001298287061594005
22793.0,-66.5,-26.5,0.6250877033166999
22794.0,-65.5,-26.5,32.1877019935556
22795.0,-64.5,-26.5,1.0373752082081
22800.0,-59.5,-26.5,0.001672505797569563
22801.0,-58.5,-26.5,5.4942094016729
22803.0,-56.5,-26.5,-0.03914785351105493
22804.0,-55.5,-26.5,-2.3262838460430997
22805.0,-54.5,-26.5,8.319958222964399
22806.0,-53.5,-26.5,3.0820995365295003
22807.0,-52.5,-26.5,2.9314740952323
22808.0,-51.5,-26.5,1.3211209547209
22809.0,-50.5,-26.5,1.1427805511038
22810.0,-49.5,-26.5,3.9817793182971997
22811.0,-48.5,-26.5,41.188118277681404
22875.0,15.5,-26.5,0.419975461943
22876.0,16.5,-26.5,0.09270672920331792
22877.0,17.5,-26.5,0.2201238847525
22878.0,18.5,-26.5,1.0469371523398001
22879.0,19.5,-26.5,0.1301263610384
22880.0,20.5,-26.5,0.6685264475702
22881.0,21.5,-26.5,0.1519378477557
22882.0,22.5,-26.5,1.2774049869421
22883.0,23.5,-26.5,4.1950787505491
22884.0,24.5,-26.5,9.0057424490122
22885.0,25.5,-26.5,19.8252329919936
22886.0,26.5,-26.5,43.5055415335621
22887.0,27.5,-26.5,106.6476822776371
22888.0,28.5,-26.5,235.7652560566279
22889.0,29.5,-26.5,45.6905265614388
22890.0,30.5,-26.5,19.558991896600897
22891.0,31.5,-26.5,18.434947676900098
22892.0,32.5,-26.5,4.5609897830059
22973.0,113.5,-26.5,0.02958766290152569
22974.0,114.5,-26.5,0.01983605797463184
22975.0,115.5,-26.5,0.023152169897173336
22976.0,116.5,-26.5,0.03110845409119333
22977.0,117.5,-26.5,0.035742121026884205
22978.0,118.5,-26.5,0.2101864739298
22979.0,119.5,-26.5,0.03105698968435939
22980.0,120.5,-26.5,0.1626057499808
22981.0,121.5,-26.5,0.013945424990469815
22982.0,122.5,-26.5,0.00847889240562284
22983.0,123.5,-26.5,0.0007865728626175455
22984.0,124.5,-26.5,0.0010225455272752204
22985.0,125.5,-26.5,0.011067186827096004
22986.0,126.5,-26.5,0.0585690938717209
22987.0,127.5,-26.5,0.005021180365829282
22988.0,128.5,-26.5,0.02153473368581539
22989.0,129.5,-26.5,0.042915833684118485
22990.0,130.5,-26.5,0.036173233987269196
22991.0,131.5,-26.5,0.07606610755690081
22992.0,132.5,-26.5,0.1528941183567
22993.0,133.5,-26.5,0.04160622636579985
22994.0,134.5,-26.5,0.011120388039789717
22995.0,135.5,-26.5,0.009864892202777666
22996.0,136.5,-26.5,0.0004168594459258774
22997.0,137.5,-26.5,0.004962560719596404
22998.0,138.5,-26.5,0.0007707016561162227
22999.0,139.5,-26.5,0.011841656209120314
23000.0,140.5,-26.5,0.009585880026590169
23001.0,141.5,-26.5,0.04737089745177176
23002.0,142.5,-26.5,0.015349587941685146
23003.0,143.5,-26.5,0.09638703123459429
23004.0,144.5,-26.5,0.16511906195370002
23005.0,145.5,-26.5,0.07848725744030746
23006.0,146.5,-26.5,0.6462586055214
23007.0,147.5,-26.5,0.3621493796315
23008.0,148.5,-26.5,1.684160777784
23009.0,149.5,-26.5,0.9585153391201
23010.0,150.5,-26.5,2.2778542596149
23011.0,151.5,-26.5,5.5073386751225994
23012.0,152.5,-26.5,20.053119440062503
23013.0,153.5,-26.5,17.9827974352597
23149.0,-70.5,-25.5,0.40137339534530003
23150.0,-69.5,-25.5,0.03826334473223041
23151.0,-68.5,-25.5,-0.0004868738058170279
23154.0,-65.5,-25.5,0.018725978447869347
23155.0,-64.5,-25.5,1.1870968154580002
23161.0,-58.5,-25.5,0.7823746961505
23162.0,-57.5,-25.5,-4.3394560252011
23163.0,-56.5,-25.5,-0.9078316362244999
23164.0,-55.5,-25.5,-1.3771369594067
23165.0,-54.5,-25.5,5.6252633548178
23166.0,-53.5,-25.5,2.6432210579283
23167.0,-52.5,-25.5,1.7364096752515001
23168.0,-51.5,-25.5,1.2368473663159
23169.0,-50.5,-25.5,2.7450837438805
23170.0,-49.5,-25.5,9.5862090092547
23171.0,-48.5,-25.5,7.9044824812783
23172.0,-47.5,-25.5,0.3867333248842
23235.0,15.5,-25.5,0.015679340675343018
23236.0,16.5,-25.5,0.06566731195607291
23237.0,17.5,-25.5,0.206166381254
23238.0,18.5,-25.5,0.1326544502562
23239.0,19.5,-25.5,0.12318806458489999
23240.0,20.5,-25.5,0.02454126857768061
23241.0,21.5,-25.5,0.00158318317442387
23242.0,22.5,-25.5,0.1820284864489
23243.0,23.5,-25.5,1.2581654201263
23244.0,24.5,-25.5,0.7138992013373
23245.0,25.5,-25.5,16.428844937802
23246.0,26.5,-25.5,18.4014728990392
23247.0,27.5,-25.5,92.58114398184671
23248.0,28.5,-25.5,284.36190649250443
23249.0,29.5,-25.5,71.0674568395024
23250.0,30.5,-25.5,25.6659272295576
23251.0,31.5,-25.5,60.2201948381114
23252.0,32.5,-25.5,35.5095552771878
23253.0,33.5,-25.5,1.5969754113391998
23254.0,34.5,-25.5,0.015956263106019195
23264.0,44.5,-25.5,0.1102186382812
23265.0,45.5,-25.5,0.5247568166877
23266.0,46.5,-25.5,1.0633924815346
23267.0,47.5,-25.5,0.000640263844802032
23332.0,112.5,-25.5,0.0002947001546568478
23333.0,113.5,-25.5,0.1197603132056
23334.0,114.5,-25.5,0.026674232540258566
23335.0,115.5,-25.5,0.04603371727512386
23336.0,116.5,-25.5,0.013610547565862555
23337.0,117.5,-25.5,0.01662972448127272
23338.0,118.5,-25.5,0.03450713104870642
23339.0,119.5,-25.5,0.1160003510311
23340.0,120.5,-25.5,0.007867269155353006
23341.0,121.5,-25.5,0.006685005004524893
23342.0,122.5,-25.5,0.005901137809783114
23343.0,123.5,-25.5,0.001019656627614487
23344.0,124.5,-25.5,0.0017171134185082375
23345.0,125.5,-25.5,0.0029196776460563706
23346.0,126.5,-25.5,0.001132199463404471
23347.0,127.5,-25.5,0.035605536241220946
23348.0,128.5,-25.5,0.053938170659199786
23349.0,129.5,-25.5,0.03765224942252292
23350.0,130.5,-25.5,0.1701354323913
23351.0,131.5,-25.5,0.05499868764281971
23352.0,132.5,-25.5,0.03622973473320898
23353.0,133.5,-25.5,0.029322100361280978
23354.0,134.5,-25.5,0.051710391715904865
23355.0,135.5,-25.5,0.005331702425101122
23356.0,136.5,-25.5,0.00023974414409628505
23357.0,137.5,-25.5,0.00046584470654194857
23358.0,138.5,-25.5,0.01943583422223323
23359.0,139.5,-25.5,0.040828601618394446
23360.0,140.5,-25.5,0.013729823259954019
23361.0,141.5,-25.5,0.02341168879279874
23362.0,142.5,-25.5,0.05700656771940099
23363.0,143.5,-25.5,0.04058567493022419
23364.0,144.5,-25.5,0.02904022690348895
23365.0,145.5,-25.5,0.069228994911777
23366.0,146.5,-25.5,0.18363280626290002
23367.0,147.5,-25.5,0.04664668940419332
23368.0,148.5,-25.5,0.342453850913
23369.0,149.5,-25.5,0.447774984072
23370.0,150.5,-25.5,0.25616606925290003
23371.0,151.5,-25.5,1.8103671929743999
23372.0,152.5,-25.5,15.3817230126235
23373.0,153.5,-25.5,0.33586007743249996
23509.0,-70.5,-24.5,0.03699618084491272
23510.0,-69.5,-24.5,0.4727120257824
23511.0,-68.5,-24.5,0.0028465320026137297
23515.0,-64.5,-24.5,0.2187222013455
23516.0,-63.5,-24.5,0.1421617001366
23521.0,-58.5,-24.5,-0.00526367636008808
23522.0,-57.5,-24.5,-0.07911860480069106
23523.0,-56.5,-24.5,-0.4253615025409
23524.0,-55.5,-24.5,-0.8383146139619
23525.0,-54.5,-24.5,-0.7458175656206
23526.0,-53.5,-24.5,4.371659686957799
23527.0,-52.5,-24.5,1.4601179530258
23528.0,-51.5,-24.5,1.0890823634739
23529.0,-50.5,-24.5,1.1625349140064
23530.0,-49.5,-24.5,1.0033590239186
23531.0,-48.5,-24.5,0.6689913946525
23532.0,-47.5,-24.5,0.8634626860819
23533.0,-46.5,-24.5,17.649674040023303
23534.0,-45.5,-24.5,0.0002275959872676937
23595.0,15.5,-24.5,0.05824616659810208
23596.0,16.5,-24.5,0.1472188273621
23597.0,17.5,-24.5,0.7860792835587
23598.0,18.5,-24.5,0.2597738905286
23599.0,19.5,-24.5,0.2192833812178
23600.0,20.5,-24.5,0.0019396004152033213
23601.0,21.5,-24.5,0.1522227998949
23602.0,22.5,-24.5,0.011906119149330027
23603.0,23.5,-24.5,0.35493529748839997
23604.0,24.5,-24.5,1.1511583957866
23605.0,25.5,-24.5,25.0027992956907
23606.0,26.5,-24.5,4.7737604642096
23607.0,27.5,-24.5,11.1421413625569
23608.0,28.5,-24.5,28.986950006298603
23609.0,29.5,-24.5,59.2803386804992
23610.0,30.5,-24.5,35.9163940473553
23611.0,31.5,-24.5,29.2438206221915
23612.0,32.5,-24.5,1.412768101053
23613.0,33.5,-24.5,5.4964993553899
23614.0,34.5,-24.5,1.760763391949
23615.0,35.5,-24.5,1.4627391624894
23623.0,43.5,-24.5,0.0547869456959382
23624.0,44.5,-24.5,0.7885829583512
23625.0,45.5,-24.5,1.2230479693303
23626.0,46.5,-24.5,0.4712150471298
23627.0,47.5,-24.5,0.139075740193
23693.0,113.5,-24.5,0.9869491827487
23694.0,114.5,-24.5,0.021342870881637447
23695.0,115.5,-24.5,0.028199014290658943
23696.0,116.5,-24.5,0.04724475675490584
23697.0,117.5,-24.5,0.005301446861377882
23698.0,118.5,-24.5,0.020785534203883602
23699.0,119.5,-24.5,0.013713492888803467
23700.0,120.5,-24.5,0.001159723882172694
23701.0,121.5,-24.5,0.0027481974071754305
23702.0,122.5,-24.5,0.0026752851029221963
23703.0,123.5,-24.5,0.0008133241384529473
23704.0,124.5,-24.5,0.0012511291393740023
23705.0,125.5,-24.5,0.0005991955255735433
23706.0,126.5,-24.5,0.017145558007953678
23707.0,127.5,-24.5,0.0017115255009596628
23708.0,128.5,-24.5,0.019070481112970605
23709.0,129.5,-24.5,0.031731484311217015
23710.0,130.5,-24.5,0.016861875154881904
23711.0,131.5,-24.5,0.07647720541516523
23712.0,132.5,-24.5,0.3650726398286
23713.0,133.5,-24.5,0.1008019564891
23714.0,134.5,-24.5,0.08852728330424477
23715.0,135.5,-24.5,0.00565366396403515
23716.0,136.5,-24.5,0.001465314897087245
23717.0,137.5,-24.5,0.00034643807567536584
23718.0,138.5,-24.5,0.006575949921101279
23719.0,139.5,-24.5,0.04113815046295145
23720.0,140.5,-24.5,0.009762569411944309
23721.0,141.5,-24.5,0.005912155189477992
23722.0,142.5,-24.5,0.021547748356276576
23723.0,143.5,-24.5,0.09397507543442316
23724.0,144.5,-24.5,0.1268847777789
23725.0,145.5,-24.5,0.3823351257371
23726.0,146.5,-24.5,0.14270542264959998
23727.0,147.5,-24.5,0.1102518674455
23728.0,148.5,-24.5,0.5150927157348
23729.0,149.5,-24.5,0.7562037048132
23730.0,150.5,-24.5,2.1005063708978997
23731.0,151.5,-24.5,2.5047692374588
23732.0,152.5,-24.5,8.1639569159554
23733.0,153.5,-24.5,0.023308802542408604
23869.0,-70.5,-23.5,7.1708691295856
23870.0,-69.5,-23.5,0.19470484873479998
23871.0,-68.5,-23.5,-0.0003184272492763489
23875.0,-64.5,-23.5,1.4425435264791
23876.0,-63.5,-23.5,-0.009681597397650678
23877.0,-62.5,-23.5,-0.009504306296722139
23881.0,-58.5,-23.5,-0.002617031189020428
23882.0,-57.5,-23.5,-0.1802151159151
23883.0,-56.5,-23.5,-0.20610218859510002
23884.0,-55.5,-23.5,1.2527598965471
23885.0,-54.5,-23.5,0.6541633462195
23886.0,-53.5,-23.5,1.6405698013913
23887.0,-52.5,-23.5,3.0246325291005003
23888.0,-51.5,-23.5,8.7963806726024
23889.0,-50.5,-23.5,2.0855229132882003
23890.0,-49.5,-23.5,1.9300055437957
23891.0,-48.5,-23.5,1.9851771506750002
23892.0,-47.5,-23.5,11.8865942054611
23893.0,-46.5,-23.5,46.6472441062891
23894.0,-45.5,-23.5,5.780903553578
23895.0,-44.5,-23.5,3.9297447331256
23896.0,-43.5,-23.5,3.5912215985843
23897.0,-42.5,-23.5,0.0001533351078394277
23898.0,-41.5,-23.5,0.002371889298941273
23954.0,14.5,-23.5,0.02346679403521388
23955.0,15.5,-23.5,0.02119897893504188
23956.0,16.5,-23.5,0.16470644634079998
23957.0,17.5,-23.5,1.2271888249768
23958.0,18.5,-23.5,0.2096431547002
23959.0,19.5,-23.5,0.1830736894626
23960.0,20.5,-23.5,0.09133186061197435
23961.0,21.5,-23.5,0.25832636626190003
23962.0,22.5,-23.5,0.24323403420929998
23963.0,23.5,-23.5,0.05267990838674045
23964.0,24.5,-23.5,0.1344930192204
23965.0,25.5,-23.5,0.2646472941668
23966.0,26.5,-23.5,2.4771429793318
23967.0,27.5,-23.5,9.1686001611575
23968.0,28.5,-23.5,18.9502369700613
23969.0,29.5,-23.5,73.6271084995669
23970.0,30.5,-23.5,72.9981219299832
23971.0,31.5,-23.5,8.2501987641649
23972.0,32.5,-23.5,0.4806326184531
23973.0,33.5,-23.5,0.1236821910364
23974.0,34.5,-23.5,0.18642367308320001
23975.0,35.5,-23.5,6.0400368016559
23983.0,43.5,-23.5,2.4883705580718
23984.0,44.5,-23.5,1.4172442647877
23985.0,45.5,-23.5,0.8538083421416001
23986.0,46.5,-23.5,0.4366876731566
23987.0,47.5,-23.5,0.8277774458753
24053.0,113.5,-23.5,0.030468869085278766
24054.0,114.5,-23.5,0.019492713461365038
24055.0,115.5,-23.5,0.028615439173496408
24056.0,116.5,-23.5,0.013927840875963559
24057.0,117.5,-23.5,0.29978401148170003
24058.0,118.5,-23.5,0.06267878221527994
24059.0,119.5,-23.5,1.1860015787235
24060.0,120.5,-23.5,0.1111121149489
24061.0,121.5,-23.5,0.0035887667452655643
24062.0,122.5,-23.5,0.003201418735407682
24063.0,123.5,-23.5,0.0011886363884783518
24064.0,124.5,-23.5,0.0005175651381416879
24065.0,125.5,-23.5,0.0008944965368534757
24066.0,126.5,-23.5,0.0008345804286716901
24067.0,127.5,-23.5,0.0008300403659071635
24068.0,128.5,-23.5,0.003522902483169392
24069.0,129.5,-23.5,0.04496330043018787
24070.0,130.5,-23.5,0.001863695044303548
24071.0,131.5,-23.5,0.1586290296306
24072.0,132.5,-23.5,0.114686311177
24073.0,133.5,-23.5,3.8875124058939003
24074.0,134.5,-23.5,0.04483316773821875
24075.0,135.5,-23.5,0.009109942050975307
24076.0,136.5,-23.5,0.007114844589340129
24077.0,137.5,-23.5,0.003404724397208539
24078.0,138.5,-23.5,0.0054726999608970105
24079.0,139.5,-23.5,0.009616251294334733
24080.0,140.5,-23.5,0.02867738671393987
24081.0,141.5,-23.5,0.008807891697170629
24082.0,142.5,-23.5,0.02437035043472404
24083.0,143.5,-23.5,0.08431091106987713
24084.0,144.5,-23.5,0.7950713785532
24085.0,145.5,-23.5,0.4003727775751
24086.0,146.5,-23.5,0.205061473341
24087.0,147.5,-23.5,0.4081944047971
24088.0,148.5,-23.5,3.7842414324786997
24089.0,149.5,-23.5,0.4016682351649
24090.0,150.5,-23.5,13.9134184328871
24091.0,151.5,-23.5,4.5362165017306
24229.0,-70.5,-22.5,0.7252955454693
24230.0,-69.5,-22.5,0.7131499930103999
24231.0,-68.5,-22.5,1.3614262711666
24235.0,-64.5,-22.5,0.1327444561523
24236.0,-63.5,-22.5,-0.054424956387093944
24237.0,-62.5,-22.5,0.0004610629135634416
24238.0,-61.5,-22.5,-0.0003566044532079475
24239.0,-60.5,-22.5,-0.05775302347283059
24240.0,-59.5,-22.5,-0.0641385792576393
24241.0,-58.5,-22.5,-0.003451865185657466
24242.0,-57.5,-22.5,-0.04241135996664021
24243.0,-56.5,-22.5,-0.09510519330118117
24244.0,-55.5,-22.5,0.09425698702750077
24245.0,-54.5,-22.5,1.8738930294948
24246.0,-53.5,-22.5,0.9157588469926
24247.0,-52.5,-22.5,0.7872849208579
24248.0,-51.5,-22.5,2.8717091562977997
24249.0,-50.5,-22.5,2.1062466963391
24250.0,-49.5,-22.5,2.7862036009032
24251.0,-48.5,-22.5,1.4996240712881999
24252.0,-47.5,-22.5,18.5960923614708
24253.0,-46.5,-22.5,8.5281488021466
24254.0,-45.5,-22.5,5.1002272110257
24255.0,-44.5,-22.5,3.3609728504481
24256.0,-43.5,-22.5,20.4579648245725
24257.0,-42.5,-22.5,7.0521914866149
24258.0,-41.5,-22.5,14.251429458487
24259.0,-40.5,-22.5,0.008222722636120118
24314.0,14.5,-22.5,5.2274498973605
24315.0,15.5,-22.5,0.6652309608043999
24316.0,16.5,-22.5,0.48838240001600003
24317.0,17.5,-22.5,13.9292563367336
24318.0,18.5,-22.5,0.8766296904217
24319.0,19.5,-22.5,0.23306769223739998
24320.0,20.5,-22.5,0.32036908871630004
24321.0,21.5,-22.5,0.04148978964254238
24322.0,22.5,-22.5,0.032078148933334744
24323.0,23.5,-22.5,0.0008382303816900197
24324.0,24.5,-22.5,0.00941137560344319
24325.0,25.5,-22.5,0.007198074345726158
24326.0,26.5,-22.5,2.8557754745741
24327.0,27.5,-22.5,3.9934936236225997
24328.0,28.5,-22.5,1.7204030565606
24329.0,29.5,-22.5,5.5596889645364
24330.0,30.5,-22.5,41.384277293984404
24331.0,31.5,-22.5,0.3993565246379
24332.0,32.5,-22.5,0.09443886463120207
24333.0,33.5,-22.5,0.06905650168035248
24334.0,34.5,-22.5,0.1607670096283
24335.0,35.5,-22.5,1.0241353843303
24343.0,43.5,-22.5,0.9674546975195
24344.0,44.5,-22.5,0.7145896591475
24345.0,45.5,-22.5,0.811640333565
24346.0,46.5,-22.5,1.2559231583401
24347.0,47.5,-22.5,1.6294321560326
24348.0,48.5,-22.5,0.33658668902530003
24413.0,113.5,-22.5,0.003288999413556357
24414.0,114.5,-22.5,0.05585782508073861
24415.0,115.5,-22.5,0.021465365571639854
24416.0,116.5,-22.5,0.02333554567023608
24417.0,117.5,-22.5,0.8958566158162999
24418.0,118.5,-22.5,0.3151111896382
24419.0,119.5,-22.5,0.5958882287944001
24420.0,120.5,-22.5,0.06608839325320626
24421.0,121.5,-22.5,0.004257849668217701
24422.0,122.5,-22.5,0.014641472143453326
24423.0,123.5,-22.5,0.01571604364236561
24424.0,124.5,-22.5,0.0094500356273054
24425.0,125.5,-22.5,0.0016934424079996005
24426.0,126.5,-22.5,0.0013389502065910075
24427.0,127.5,-22.5,0.013924831916765017
24428.0,128.5,-22.5,0.0346186594015655
24429.0,129.5,-22.5,0.001339352431771518
24430.0,130.5,-22.5,0.036875528476017966
24431.0,131.5,-22.5,0.09168065423165178
24432.0,132.5,-22.5,0.0631746285664779
24433.0,133.5,-22.5,0.09310080699474409
24434.0,134.5,-22.5,0.09745521026600816
24435.0,135.5,-22.5,0.030040462740570928
24436.0,136.5,-22.5,0.025660933821564983
24437.0,137.5,-22.5,0.012437509907458792
24438.0,138.5,-22.5,0.00876487998960799
24439.0,139.5,-22.5,0.08470287077507468
24440.0,140.5,-22.5,0.0626427143993223
24441.0,141.5,-22.5,0.02351264632484979
24442.0,142.5,-22.5,0.04682454836325925
24443.0,143.5,-22.5,0.28673015905219995
24444.0,144.5,-22.5,0.1191822522082
24445.0,145.5,-22.5,0.1355254497808
24446.0,146.5,-22.5,0.07072700446764753
24447.0,147.5,-22.5,0.8580687671631
24448.0,148.5,-22.5,1.8844850353973002
24449.0,149.5,-22.5,0.2673187047468
24450.0,150.5,-22.5,0.1119870668495
24589.0,-70.5,-21.5,0.05763676021962197
24590.0,-69.5,-21.5,0.004109185100373187
24591.0,-68.5,-21.5,0.14038803688450002
24592.0,-67.5,-21.5,0.176397482076
24593.0,-66.5,-21.5,-0.0012935081256247375
24595.0,-64.5,-21.5,-0.08728116102692324
24596.0,-63.5,-21.5,-0.029879833903059025
24597.0,-62.5,-21.5,-0.007851214748882979
24598.0,-61.5,-21.5,-0.0007118616360037273
24599.0,-60.5,-21.5,-0.00290405695298152
24600.0,-59.5,-21.5,-0.004964292253212643
24601.0,-58.5,-21.5,-0.0039440648505067325
24602.0,-57.5,-21.5,0.0682257802008722
24603.0,-56.5,-21.5,0.3220817755373
24604.0,-55.5,-21.5,0.9573214665785
24605.0,-54.5,-21.5,0.40190933677310003
24606.0,-53.5,-21.5,0.08445364212663205
24607.0,-52.5,-21.5,0.4726338316729
24608.0,-51.5,-21.5,2.0504871776804
24609.0,-50.5,-21.5,3.6314088120819
24610.0,-49.5,-21.5,2.6855061235143003
24611.0,-48.5,-21.5,5.4826895781773
24612.0,-47.5,-21.5,6.2770421100885
24613.0,-46.5,-21.5,3.7964131980913
24614.0,-45.5,-21.5,2.8018543921803
24615.0,-44.5,-21.5,1.5749586409341
24616.0,-43.5,-21.5,2.9980222772430003
24617.0,-42.5,-21.5,2.1693613698422998
24618.0,-41.5,-21.5,2.6967362891585
24619.0,-40.5,-21.5,1.8109791394669
24673.0,13.5,-21.5,0.00794944102529889
24674.0,14.5,-21.5,0.09864500596037716
24675.0,15.5,-21.5,0.9015338283662999
24676.0,16.5,-21.5,1.2055039868802
24677.0,17.5,-21.5,0.36089764158410004
24678.0,18.5,-21.5,0.2960184010796
24679.0,19.5,-21.5,0.26998997665310004
24680.0,20.5,-21.5,0.0948715402481288
24681.0,21.5,-21.5,0.617883763478
24682.0,22.5,-21.5,0.03147198016380583
24683.0,23.5,-21.5,0.0015438104884352457
24684.0,24.5,-21.5,0.3955204019624
24685.0,25.5,-21.5,1.4031956479374
24686.0,26.5,-21.5,0.2688248337514
24687.0,27.5,-21.5,8.1004272677264
24688.0,28.5,-21.5,2.6985519431534
24689.0,29.5,-21.5,1.0093287053263
24690.0,30.5,-21.5,1.0820146870557998
24691.0,31.5,-21.5,2.2432615565577
24692.0,32.5,-21.5,0.4477077185724
24693.0,33.5,-21.5,0.2104819299683
24694.0,34.5,-21.5,0.43311040499
24695.0,35.5,-21.5,1.0074690060723
24703.0,43.5,-21.5,0.5758218377544001
24704.0,44.5,-21.5,0.3407266601303
24705.0,45.5,-21.5,0.1603147797514
24706.0,46.5,-21.5,2.6219368599381
24707.0,47.5,-21.5,5.5469063793130005
24708.0,48.5,-21.5,0.6013939985318
24715.0,55.5,-21.5,25.7739332102881
24773.0,113.5,-21.5,1.5968681533683113e-05
24774.0,114.5,-21.5,0.42714703768920004
24775.0,115.5,-21.5,0.4839979239564
24776.0,116.5,-21.5,0.345891472562
24777.0,117.5,-21.5,0.04897119486272561
24778.0,118.5,-21.5,0.2218811362721
24779.0,119.5,-21.5,0.1915300446102
24780.0,120.5,-21.5,0.045729119219491264
24781.0,121.5,-21.5,0.0665253129154563
24782.0,122.5,-21.5,0.1058332360226
24783.0,123.5,-21.5,0.0015382139021365613
24784.0,124.5,-21.5,0.0030216761730095377
24785.0,125.5,-21.5,0.0007718544917738612
24786.0,126.5,-21.5,0.0012867114919837294
24787.0,127.5,-21.5,0.002959207399539371
24788.0,128.5,-21.5,0.0005708781111314985
24789.0,129.5,-21.5,0.0006065991311614802
24790.0,130.5,-21.5,0.0014093435131138864
24791.0,131.5,-21.5,0.0022754296379093055
24792.0,132.5,-21.5,0.02934593441361294
24793.0,133.5,-21.5,0.036611075208283356
24794.0,134.5,-21.5,0.07007020970023628
24795.0,135.5,-21.5,0.03805586238178804
24796.0,136.5,-21.5,0.008890591313005992
24797.0,137.5,-21.5,0.0022748172637716496
24798.0,138.5,-21.5,0.023193576356815657
24799.0,139.5,-21.5,0.1086258976961
24800.0,140.5,-21.5,0.11137701788610001
24801.0,141.5,-21.5,0.07660444510818701
24802.0,142.5,-21.5,0.060091389537867634
24803.0,143.5,-21.5,0.07564940388586162
24804.0,144.5,-21.5,0.10130398084730001
24805.0,145.5,-21.5,0.031375421885382886
24806.0,146.5,-21.5,0.0776802748816437
24807.0,147.5,-21.5,0.3870813853791
24808.0,148.5,-21.5,2.8634512550099
24809.0,149.5,-21.5,9.3899907149901
24810.0,150.5,-21.5,0.0005910983792043384
24949.0,-70.5,-20.5,5.6717222012598
24950.0,-69.5,-20.5,1.2069484092104
24951.0,-68.5,-20.5,0.235114179219
24952.0,-67.5,-20.5,0.14266921571840002
24953.0,-66.5,-20.5,0.8152825095942
24957.0,-62.5,-20.5,-0.002272091799337265
24958.0,-61.5,-20.5,-0.0008277129273347432
24959.0,-60.5,-20.5,-0.0006499304775499804
24960.0,-59.5,-20.5,-0.002123597034943187
24961.0,-58.5,-20.5,-0.004724946860959922
24962.0,-57.5,-20.5,0.0006065112003406565
24963.0,-56.5,-20.5,0.14243673367589998
24964.0,-55.5,-20.5,0.9777884996489
24965.0,-54.5,-20.5,4.144907988891901
24966.0,-53.5,-20.5,0.1116131239054
24967.0,-52.5,-20.5,0.1079215099089
24968.0,-51.5,-20.5,1.7206140983953
24969.0,-50.5,-20.5,2.3126336509019
24970.0,-49.5,-20.5,5.0154393554287005
24971.0,-48.5,-20.5,2.6172421369431
24972.0,-47.5,-20.5,3.8313532069639002
24973.0,-46.5,-20.5,1.8243948137503
24974.0,-45.5,-20.5,0.5418657025243999
24975.0,-44.5,-20.5,4.7133484072019
24976.0,-43.5,-20.5,2.6954591373480996
24977.0,-42.5,-20.5,2.2264784970353
24978.0,-41.5,-20.5,2.7435382421197
24979.0,-40.5,-20.5,5.7841056199027
25033.0,13.5,-20.5,0.005421117732424845
25034.0,14.5,-20.5,0.3172070234697
25035.0,15.5,-20.5,0.2240821502
25036.0,16.5,-20.5,1.7028762366672001
25037.0,17.5,-20.5,0.4054775447123
25038.0,18.5,-20.5,0.20862778676930002
25039.0,19.5,-20.5,0.010034532938308074
25040.0,20.5,-20.5,0.03480165231173811
25041.0,21.5,-20.5,0.0016949019592636214
25042.0,22.5,-20.5,0.2283254979315
25043.0,23.5,-20.5,0.9793573664627999
25044.0,24.5,-20.5,0.09452137430134279
25045.0,25.5,-20.5,0.200352522078
25046.0,26.5,-20.5,0.7265572762755
25047.0,27.5,-20.5,5.9582947254185
25048.0,28.5,-20.5,18.0411749870586
25049.0,29.5,-20.5,3.4709161900072
25050.0,30.5,-20.5,7.992604335502
25051.0,31.5,-20.5,4.7816110197134
25052.0,32.5,-20.5,5.6413586830817
25053.0,33.5,-20.5,1.06488834936
25054.0,34.5,-20.5,0.7108424518199999
25055.0,35.5,-20.5,0.1361418686582
25063.0,43.5,-20.5,0.007639175412023829
25064.0,44.5,-20.5,1.5883050308773
25065.0,45.5,-20.5,0.4157497431328
25066.0,46.5,-20.5,1.2827500886742
25067.0,47.5,-20.5,1.3109750349113
25068.0,48.5,-20.5,0.6609909576547
25075.0,55.5,-20.5,15.3806650281847
25077.0,57.5,-20.5,42.7375356130366
25135.0,115.5,-20.5,0.17255751369
25136.0,116.5,-20.5,2.315519131855
25137.0,117.5,-20.5,0.4185374726903
25138.0,118.5,-20.5,2.7261606900077
25139.0,119.5,-20.5,0.09337709140193018
25140.0,120.5,-20.5,0.050616000762307684
25141.0,121.5,-20.5,0.0026403783579732544
25142.0,122.5,-20.5,0.0006181640478739314
25143.0,123.5,-20.5,0.002599373364588003
25144.0,124.5,-20.5,0.0005784253626802108
25145.0,125.5,-20.5,0.0002343556177315926
25146.0,126.5,-20.5,0.0011180913329423875
25147.0,127.5,-20.5,0.08485064274327173
25148.0,128.5,-20.5,0.005301936630264242
25149.0,129.5,-20.5,0.01988894808320966
25150.0,130.5,-20.5,0.03832091401806738
25151.0,131.5,-20.5,0.0008613789862007143
25152.0,132.5,-20.5,0.0012004013565622032
25153.0,133.5,-20.5,0.003749928207095353
25154.0,134.5,-20.5,0.036578505226633536
25155.0,135.5,-20.5,0.03654556790856996
25156.0,136.5,-20.5,2.3735507052088117e-05
25157.0,137.5,-20.5,0.055394638055091455
25158.0,138.5,-20.5,0.010957166720805475
25159.0,139.5,-20.5,2.9036719073001
25160.0,140.5,-20.5,0.6406091125108
25161.0,141.5,-20.5,0.17593823817169998
25162.0,142.5,-20.5,0.09204823463782985
25163.0,143.5,-20.5,0.19898908214539998
25164.0,144.5,-20.5,0.33429515128070003
25165.0,145.5,-20.5,0.1516276604409
25166.0,146.5,-20.5,1.8160227312694002
25167.0,147.5,-20.5,0.5431214196767
25168.0,148.5,-20.5,4.6494030081485
25169.0,149.5,-20.5,0.03238070915766034
25309.0,-70.5,-19.5,0.06405329131928471
25310.0,-69.5,-19.5,0.3073077649073
25311.0,-68.5,-19.5,0.4735634242234
25312.0,-67.5,-19.5,0.4292332436667
25313.0,-66.5,-19.5,0.5930742719994
25314.0,-65.5,-19.5,10.0538693890202
25315.0,-64.5,-19.5,1.7289789265323001
25316.0,-63.5,-19.5,1.1070537578498
25317.0,-62.5,-19.5,0.22947901593
25318.0,-61.5,-19.5,-0.0009063190300428625
25319.0,-60.5,-19.5,-0.0012083268565789228
25320.0,-59.5,-19.5,-0.002196437014802218
25321.0,-58.5,-19.5,0.009497261014280715
25322.0,-57.5,-19.5,0.27879284231260004
25323.0,-56.5,-19.5,0.005141044936235838
25324.0,-55.5,-19.5,0.01875941921193603
25325.0,-54.5,-19.5,0.3709971678925
25326.0,-53.5,-19.5,0.0519684805521248
25327.0,-52.5,-19.5,0.033336522775136025
25328.0,-51.5,-19.5,0.4397060324668
25329.0,-50.5,-19.5,0.556680612821
25330.0,-49.5,-19.5,0.4359696560355
25331.0,-48.5,-19.5,0.6690219847466
25332.0,-47.5,-19.5,2.2060684697324
25333.0,-46.5,-19.5,1.4122499663065
25334.0,-45.5,-19.5,1.1969858168944
25335.0,-44.5,-19.5,10.3213527231316
25336.0,-43.5,-19.5,8.0404302179492
25337.0,-42.5,-19.5,2.6353839568607
25338.0,-41.5,-19.5,0.9270174639031
25339.0,-40.5,-19.5,2.3362429483987
25340.0,-39.5,-19.5,0.6432195929931
25392.0,12.5,-19.5,0.002587942815564002
25393.0,13.5,-19.5,0.05601735820770653
25394.0,14.5,-19.5,0.1936197607553
25395.0,15.5,-19.5,0.1540049181763
25396.0,16.5,-19.5,0.07564253814936628
25397.0,17.5,-19.5,1.5929532854277
25398.0,18.5,-19.5,1.0295239687489999
25399.0,19.5,-19.5,0.05276817150977449
25400.0,20.5,-19.5,0.04381106784152437
25401.0,21.5,-19.5,0.02043341724572743
25402.0,22.5,-19.5,0.4134139047071
25403.0,23.5,-19.5,1.4455477488615
25404.0,24.5,-19.5,0.005845357661942918
25405.0,25.5,-19.5,0.0037357234605111082
25406.0,26.5,-19.5,0.06955178937468177
25407.0,27.5,-19.5,2.7732421873404998
25408.0,28.5,-19.5,2.5241792193886
25409.0,29.5,-19.5,7.4213663851517
25410.0,30.5,-19.5,4.0437323457067
25411.0,31.5,-19.5,6.796844490859099
25412.0,32.5,-19.5,6.585228276488
25413.0,33.5,-19.5,6.9964821832108
25414.0,34.5,-19.5,8.610542175332899
25415.0,35.5,-19.5,0.08318398376441682
25424.0,44.5,-19.5,0.5175910215583001
25425.0,45.5,-19.5,0.6300886047996
25426.0,46.5,-19.5,6.1763410223535
25427.0,47.5,-19.5,9.274702688767299
25428.0,48.5,-19.5,1.3236150584697999
25429.0,49.5,-19.5,0.003351141069466844
25437.0,57.5,-19.5,0.5257118499198
25499.0,119.5,-19.5,0.200452999602
25500.0,120.5,-19.5,0.00580542031318847
25501.0,121.5,-19.5,0.023624672147555707
25502.0,122.5,-19.5,8.507415280602397e-05
25503.0,123.5,-19.5,0.0011345086898955849
25504.0,124.5,-19.5,0.004607149379343546
25505.0,125.5,-19.5,0.004366725732735744
25506.0,126.5,-19.5,0.00727826705545364
25507.0,127.5,-19.5,0.034908244228410254
25508.0,128.5,-19.5,0.016590545727263144
25509.0,129.5,-19.5,0.01606002773076779
25510.0,130.5,-19.5,0.0008807293552178061
25511.0,131.5,-19.5,0.0001287865748558587
25512.0,132.5,-19.5,0.002599237132092971
25513.0,133.5,-19.5,0.021823473445629932
25514.0,134.5,-19.5,0.5137465735578001
25515.0,135.5,-19.5,0.014082871914703764
25516.0,136.5,-19.5,0.018900631536110227
25517.0,137.5,-19.5,0.005023615780023397
25518.0,138.5,-19.5,0.04809797403752301
25519.0,139.5,-19.5,0.08921918791380734
25520.0,140.5,-19.5,0.04354979035719323
25521.0,141.5,-19.5,0.04205497104110949
25522.0,142.5,-19.5,0.014263116974825789
25523.0,143.5,-19.5,0.03739739151880445
25524.0,144.5,-19.5,0.08478683586944234
25525.0,145.5,-19.5,0.1067284323763
25526.0,146.5,-19.5,22.1429758944582
25527.0,147.5,-19.5,3.3107611824354
25528.0,148.5,-19.5,0.3417697910795
25669.0,-70.5,-18.5,13.6545588301166
25670.0,-69.5,-18.5,0.3596396178696
25671.0,-68.5,-18.5,0.3115295291496
25672.0,-67.5,-18.5,0.6487371334869
25673.0,-66.5,-18.5,3.3661185240204
25674.0,-65.5,-18.5,1.715909385124
25675.0,-64.5,-18.5,1.4618553604567
25676.0,-63.5,-18.5,3.0505614287752
25677.0,-62.5,-18.5,0.5443298800098
25678.0,-61.5,-18.5,0.031997130584577406
25679.0,-60.5,-18.5,0.043821772083788665
25680.0,-59.5,-18.5,0.2634988190878
25681.0,-58.5,-18.5,0.16234790363
25682.0,-57.5,-18.5,0.08617600341181252
25683.0,-56.5,-18.5,0.001224802051474125
25684.0,-55.5,-18.5,0.0001515473624418061
25685.0,-54.5,-18.5,0.267962548551
25686.0,-53.5,-18.5,0.1751467683012
25687.0,-52.5,-18.5,0.2520606727991
25688.0,-51.5,-18.5,0.28931452765529997
25689.0,-50.5,-18.5,0.5998281555845
25690.0,-49.5,-18.5,1.8158773891866
25691.0,-48.5,-18.5,4.3048861161128995
25692.0,-47.5,-18.5,1.515488888016
25693.0,-46.5,-18.5,1.7014198002594
25694.0,-45.5,-18.5,0.3626185550319
25695.0,-44.5,-18.5,0.6814387252611
25696.0,-43.5,-18.5,0.6043221787651
25697.0,-42.5,-18.5,0.7962752866221
25698.0,-41.5,-18.5,1.2873465037041
25699.0,-40.5,-18.5,1.1876912418032
25700.0,-39.5,-18.5,5.0956755910239
25751.0,11.5,-18.5,0.00029216558249899467
25752.0,12.5,-18.5,0.01155995895795057
25753.0,13.5,-18.5,0.3040405130954
25754.0,14.5,-18.5,0.0924406861623574
25755.0,15.5,-18.5,0.1114218844766
25756.0,16.5,-18.5,0.7733198262453
25757.0,17.5,-18.5,0.1965500170032
25758.0,18.5,-18.5,0.0992356115142862
25759.0,19.5,-18.5,0.1879700304526
25760.0,20.5,-18.5,0.18572643993250001
25761.0,21.5,-18.5,0.6600302629538001
25762.0,22.5,-18.5,0.2823294113204
25763.0,23.5,-18.5,0.1477728968499
25764.0,24.5,-18.5,0.1594302645815
25765.0,25.5,-18.5,0.315142725783
25766.0,26.5,-18.5,1.4695338667119
25767.0,27.5,-18.5,1.976067601936
25768.0,28.5,-18.5,4.2276824226766
25769.0,29.5,-18.5,8.2903850594448
25770.0,30.5,-18.5,6.1335297425217
25771.0,31.5,-18.5,12.184815253432
25772.0,32.5,-18.5,11.9187937657109
25773.0,33.5,-18.5,1.5932466443718
25774.0,34.5,-18.5,0.8336860524067999
25775.0,35.5,-18.5,0.8158692287075
25776.0,36.5,-18.5,0.6934117193154999
25784.0,44.5,-18.5,0.4908940736282
25785.0,45.5,-18.5,0.7646878077806
25786.0,46.5,-18.5,3.2908784078241
25787.0,47.5,-18.5,2.0962947341468
25788.0,48.5,-18.5,1.8842292923142
25789.0,49.5,-18.5,3.2052791050399
25861.0,121.5,-18.5,0.05280451641434792
25862.0,122.5,-18.5,0.0427599406930258
25863.0,123.5,-18.5,0.009386573274477368
25864.0,124.5,-18.5,0.1087195718107
25865.0,125.5,-18.5,0.3188499860187
25866.0,126.5,-18.5,0.05234579594080825
25867.0,127.5,-18.5,0.2624099468858
25868.0,128.5,-18.5,0.030484498258094923
25869.0,129.5,-18.5,0.007569889339373224
25870.0,130.5,-18.5,0.07144466568976736
25871.0,131.5,-18.5,0.0008055647257520561
25872.0,132.5,-18.5,0.0005017139490564871
25873.0,133.5,-18.5,0.01670721104902351
25874.0,134.5,-18.5,0.0290994769299927
25875.0,135.5,-18.5,0.02635449931779539
25876.0,136.5,-18.5,0.004494027701078791
25877.0,137.5,-18.5,0.008335092922405736
25878.0,138.5,-18.5,0.0915023601078899
25879.0,139.5,-18.5,0.05372069507256958
25880.0,140.5,-18.5,0.041375827406516116
25881.0,141.5,-18.5,0.03991965415826967
25882.0,142.5,-18.5,0.07295411966338936
25883.0,143.5,-18.5,0.1596887135842
25884.0,144.5,-18.5,0.12737167525919998
25885.0,145.5,-18.5,0.5555361129947
25886.0,146.5,-18.5,1.7183852383536
26027.0,-72.5,-17.5,0.8804409476468
26028.0,-71.5,-17.5,2.6747545092987
26029.0,-70.5,-17.5,3.0592524049323
26030.0,-69.5,-17.5,0.6360752520778999
26031.0,-68.5,-17.5,1.1549370067414
26032.0,-67.5,-17.5,7.2935146872867
26033.0,-66.5,-17.5,12.0986353501545
26034.0,-65.5,-17.5,5.855718659446
26035.0,-64.5,-17.5,1.6010600501646
26036.0,-63.5,-17.5,61.7675875599706
26037.0,-62.5,-17.5,5.2734219617828
26038.0,-61.5,-17.5,0.7744039236771
26039.0,-60.5,-17.5,0.6507719183244
26040.0,-59.5,-17.5,0.044692097777618796
26041.0,-58.5,-17.5,0.01395237221638308
26042.0,-57.5,-17.5,4.6227908425816995e-05
26044.0,-55.5,-17.5,2.012458495359834e-05
26045.0,-54.5,-17.5,0.14724536829079998
26046.0,-53.5,-17.5,0.190827240955
26047.0,-52.5,-17.5,0.4393952296896
26048.0,-51.5,-17.5,0.6554473245078001
26049.0,-50.5,-17.5,0.7991306776049001
26050.0,-49.5,-17.5,0.629374804825
26051.0,-48.5,-17.5,1.3390488437358
26052.0,-47.5,-17.5,0.2297781191403
26053.0,-46.5,-17.5,0.8039835085124001
26054.0,-45.5,-17.5,0.06753215576779678
26055.0,-44.5,-17.5,0.6389074146442
26056.0,-43.5,-17.5,0.3134622060877
26057.0,-42.5,-17.5,0.7116367400727001
26058.0,-41.5,-17.5,0.7868882802568999
26059.0,-40.5,-17.5,0.5334469251121
26060.0,-39.5,-17.5,1.1323051193126001
26111.0,11.5,-17.5,0.006548885578479271
26112.0,12.5,-17.5,0.011494969472607405
26113.0,13.5,-17.5,0.07306432853815376
26114.0,14.5,-17.5,1.0353321092656
26115.0,15.5,-17.5,8.0234486690291
26116.0,16.5,-17.5,1.3799770752549
26117.0,17.5,-17.5,0.2728840051559
26118.0,18.5,-17.5,0.5092222179318
26119.0,19.5,-17.5,2.0218106862873
26120.0,20.5,-17.5,0.24527736604970002
26121.0,21.5,-17.5,0.09569765418079056
26122.0,22.5,-17.5,0.038388991076942096
26123.0,23.5,-17.5,0.2981880399755
26124.0,24.5,-17.5,2.0946351014934
26125.0,25.5,-17.5,4.1616172734486
26126.0,26.5,-17.5,1.2438703813433
26127.0,27.5,-17.5,1.5613304496564
26128.0,28.5,-17.5,2.4090810511616003
26129.0,29.5,-17.5,3.744906119427
26130.0,30.5,-17.5,25.2853070885752
26131.0,31.5,-17.5,40.0032569223342
26132.0,32.5,-17.5,4.2805080982168
26133.0,33.5,-17.5,0.6302998374029001
26134.0,34.5,-17.5,0.4359423386049
26135.0,35.5,-17.5,3.3947971943081003
26136.0,36.5,-17.5,4.8529102150976
26137.0,37.5,-17.5,2.7607370415144996
26138.0,38.5,-17.5,0.9549728657707001
26143.0,43.5,-17.5,0.03359485504559513
26144.0,44.5,-17.5,0.3801727733679
26145.0,45.5,-17.5,0.2475618279464
26146.0,46.5,-17.5,0.6905143070955
26147.0,47.5,-17.5,0.6707874522203999
26148.0,48.5,-17.5,4.0144584569064
26149.0,49.5,-17.5,1.6130550835019999
26222.0,122.5,-17.5,2.3607112648902002
26223.0,123.5,-17.5,0.6553326139977
26224.0,124.5,-17.5,0.07424652215110829
26225.0,125.5,-17.5,0.11301744899159999
26226.0,126.5,-17.5,0.0321673908109546
26227.0,127.5,-17.5,0.03880882756381947
26228.0,128.5,-17.5,0.1229133819103
26229.0,129.5,-17.5,0.031946496745417934
26230.0,130.5,-17.5,0.06524308590452738
26231.0,131.5,-17.5,0.017575195060281188
26232.0,132.5,-17.5,0.008489032690998974
26233.0,133.5,-17.5,0.06656157531763611
26234.0,134.5,-17.5,0.03177827983765042
26235.0,135.5,-17.5,0.029016448090944526
26236.0,136.5,-17.5,0.01450537067814554
26237.0,137.5,-17.5,0.01698688409093191
26238.0,138.5,-17.5,0.1059385213298
26239.0,139.5,-17.5,0.05055014733254233
26240.0,140.5,-17.5,0.09807699565890535
26241.0,141.5,-17.5,0.1777323116315
26242.0,142.5,-17.5,0.013287046570009252
26243.0,143.5,-17.5,0.03755909648425344
26244.0,144.5,-17.5,0.1583574990358
26245.0,145.5,-17.5,12.220377571026
26246.0,146.5,-17.5,2.07557507097
26385.0,-74.5,-16.5,0.0012251442101784762
26386.0,-73.5,-16.5,0.21657580797710002
26387.0,-72.5,-16.5,2.8097392207119
26388.0,-71.5,-16.5,18.0743293715099
26389.0,-70.5,-16.5,0.47193050521040003
26390.0,-69.5,-16.5,4.0724699877131005
26391.0,-68.5,-16.5,39.0913853882671
26392.0,-67.5,-16.5,1.9218806010059
26393.0,-66.5,-16.5,0.10872769547899999
26394.0,-65.5,-16.5,0.8865254776394
26395.0,-64.5,-16.5,0.08056738525943183
26396.0,-63.5,-16.5,0.9894698093974
26397.0,-62.5,-16.5,1.3223140011225
26398.0,-61.5,-16.5,0.2644244930963
26399.0,-60.5,-16.5,0.8092369284501
26400.0,-59.5,-16.5,0.08443917343457917
26401.0,-58.5,-16.5,0.2073122844971
26403.0,-56.5,-16.5,0.02270654582141142
26404.0,-55.5,-16.5,0.06804964957282902
26405.0,-54.5,-16.5,1.3574115350595999
26406.0,-53.5,-16.5,0.1452495671742
26407.0,-52.5,-16.5,0.011365251623626456
26409.0,-50.5,-16.5,0.04197910980233454
26410.0,-49.5,-16.5,11.0460517157249
26411.0,-48.5,-16.5,4.2217466906695
26412.0,-47.5,-16.5,2.253486723004
26413.0,-46.5,-16.5,0.5283363644313
26414.0,-45.5,-16.5,0.1432993012334
26415.0,-44.5,-16.5,0.4346177697581
26416.0,-43.5,-16.5,1.5458727664071
26417.0,-42.5,-16.5,0.4578249808014
26418.0,-41.5,-16.5,0.3920703620536
26419.0,-40.5,-16.5,0.3214610251198
26420.0,-39.5,-16.5,1.1535487111143
26421.0,-38.5,-16.5,0.07682145422933519
26454.0,-5.5,-16.5,0.00031537025427635836
26471.0,11.5,-16.5,0.008217422991210966
26472.0,12.5,-16.5,0.013172726574010385
26473.0,13.5,-16.5,0.061389384648385156
26474.0,14.5,-16.5,0.6773857863212
26475.0,15.5,-16.5,0.3526615149222
26476.0,16.5,-16.5,-0.001053005261914268
26477.0,17.5,-16.5,0.003290734212811677
26478.0,18.5,-16.5,0.017209991385109157
26479.0,19.5,-16.5,0.010917351474003188
26480.0,20.5,-16.5,-0.004332525691797693
26481.0,21.5,-16.5,0.013299014584796983
26482.0,22.5,-16.5,0.13781756878089998
26483.0,23.5,-16.5,0.4856759044908
26484.0,24.5,-16.5,0.0806535468281501
26485.0,25.5,-16.5,0.07073817979459637
26486.0,26.5,-16.5,3.1421710795136
26487.0,27.5,-16.5,3.6241279033766003
26488.0,28.5,-16.5,2.923644059445
26489.0,29.5,-16.5,3.9387936755626
26490.0,30.5,-16.5,3.4548903461902998
26491.0,31.5,-16.5,5.1623778919118
26492.0,32.5,-16.5,1.4600457560936
26493.0,33.5,-16.5,5.5606046719607
26494.0,34.5,-16.5,3.6531970779136
26495.0,35.5,-16.5,11.0138298995272
26496.0,36.5,-16.5,3.959446837832
26497.0,37.5,-16.5,4.9137533483464
26498.0,38.5,-16.5,1.6868930326854001
26499.0,39.5,-16.5,4.569176915028399
26500.0,40.5,-16.5,0.1259372261934
26504.0,44.5,-16.5,0.2917431617941
26505.0,45.5,-16.5,0.49574631581030004
26506.0,46.5,-16.5,2.7334378725014004
26507.0,47.5,-16.5,1.4101658048679
26508.0,48.5,-16.5,0.45091976381140003
26509.0,49.5,-16.5,1.3067785810741
26510.0,50.5,-16.5,0.0016289457999676912
26582.0,122.5,-16.5,0.06297669869746172
26583.0,123.5,-16.5,0.10542612755740001
26584.0,124.5,-16.5,0.07011366387540774
26585.0,125.5,-16.5,0.0603722285385545
26586.0,126.5,-16.5,0.02114633085192726
26587.0,127.5,-16.5,0.005535317136020106
26588.0,128.5,-16.5,0.21665986207340002
26589.0,129.5,-16.5,0.03199241332947192
26590.0,130.5,-16.5,0.07580789086879923
26591.0,131.5,-16.5,0.03608319058154126
26592.0,132.5,-16.5,0.012673964063644268
26593.0,133.5,-16.5,0.03163714421816081
26594.0,134.5,-16.5,0.017596436415510563
26595.0,135.5,-16.5,0.0261916117832937
26596.0,136.5,-16.5,0.18175699100509998
26597.0,137.5,-16.5,0.008189978072824497
26598.0,138.5,-16.5,0.0017821330932179693
26599.0,139.5,-16.5,0.08961415816864078
26601.0,141.5,-16.5,0.02678257737771777
26602.0,142.5,-16.5,0.005220503252081418
26603.0,143.5,-16.5,0.01644457333975402
26604.0,144.5,-16.5,0.07718340558076853
26605.0,145.5,-16.5,11.9424447615223
26606.0,146.5,-16.5,0.0003731620369720546
26744.0,-75.5,-15.5,0.7632484962992999
26745.0,-74.5,-15.5,0.8979528899282
26746.0,-73.5,-15.5,1.2515942343846
26747.0,-72.5,-15.5,0.9206177114147001
26748.0,-71.5,-15.5,0.7195222698142
26749.0,-70.5,-15.5,7.3360349929475
26750.0,-69.5,-15.5,3.1263449722401
26751.0,-68.5,-15.5,1.6956878188819
26752.0,-67.5,-15.5,1.4021599550918
26753.0,-66.5,-15.5,0.08350068166149238
26754.0,-65.5,-15.5,0.08093820965047403
26755.0,-64.5,-15.5,0.142788948455
26756.0,-63.5,-15.5,0.7538777406868
26757.0,-62.5,-15.5,0.036130069130239785
26758.0,-61.5,-15.5,0.1578385922341
26759.0,-60.5,-15.5,0.04988045778043786
26763.0,-56.5,-15.5,0.03855303849063655
26764.0,-55.5,-15.5,0.268774526854
26765.0,-54.5,-15.5,0.6955699484337999
26766.0,-53.5,-15.5,0.012348491737943315
26770.0,-49.5,-15.5,0.7446288355947
26771.0,-48.5,-15.5,6.225742709321801
26772.0,-47.5,-15.5,5.6033610005922005
26773.0,-46.5,-15.5,0.2458553104631
26774.0,-45.5,-15.5,0.03766864169435836
26775.0,-44.5,-15.5,0.7177743155378
26776.0,-43.5,-15.5,0.6917452049448
26777.0,-42.5,-15.5,0.713564549902
26778.0,-41.5,-15.5,0.45525169592599996
26779.0,-40.5,-15.5,0.6043647862042
26780.0,-39.5,-15.5,0.3885395811226
26781.0,-38.5,-15.5,0.9169935968274
26814.0,-5.5,-15.5,0.38651641699859995
26831.0,11.5,-15.5,0.3771169675239
26832.0,12.5,-15.5,2.5800355542116
26833.0,13.5,-15.5,1.6132371226755
26834.0,14.5,-15.5,0.2053125827402
26835.0,15.5,-15.5,0.26145664411860003
26836.0,16.5,-15.5,0.07992540244909122
26837.0,17.5,-15.5,0.04526516663272042
26838.0,18.5,-15.5,-0.0022374721604833726
26839.0,19.5,-15.5,0.07548513847981346
26840.0,20.5,-15.5,0.0906051722224287
26841.0,21.5,-15.5,-0.004670781738637617
26842.0,22.5,-15.5,0.3540371969483
26843.0,23.5,-15.5,1.6643244052113
26844.0,24.5,-15.5,0.08657545677299508
26845.0,25.5,-15.5,0.0169596299563319
26846.0,26.5,-15.5,1.2131367805596
26847.0,27.5,-15.5,4.2259969139754
26848.0,28.5,-15.5,63.0822231186987
26849.0,29.5,-15.5,0.33842554155759996
26850.0,30.5,-15.5,0.41807711239580003
26851.0,31.5,-15.5,0.33177335266769997
26852.0,32.5,-15.5,0.9224095375544
26853.0,33.5,-15.5,1.2554696226509
26854.0,34.5,-15.5,9.0288620201373
26855.0,35.5,-15.5,31.1035411194002
26856.0,36.5,-15.5,4.5210437628783
26857.0,37.5,-15.5,4.654151003664
26858.0,38.5,-15.5,4.3859932147385
26859.0,39.5,-15.5,15.191445487604101
26860.0,40.5,-15.5,1.6375976089950999
26865.0,45.5,-15.5,0.26627061428500004
26866.0,46.5,-15.5,3.447791723157
26867.0,47.5,-15.5,3.4295630615210997
26868.0,48.5,-15.5,4.7180450406457
26869.0,49.5,-15.5,1.1257534073234
26870.0,50.5,-15.5,0.2774050966622
26944.0,124.5,-15.5,0.014244079362186
26945.0,125.5,-15.5,0.049385558239402716
26946.0,126.5,-15.5,0.011894226603360161
26947.0,127.5,-15.5,0.030313814488120767
26948.0,128.5,-15.5,1.3114947733079
26949.0,129.5,-15.5,0.03481530343933597
26950.0,130.5,-15.5,0.09225653714588454
26951.0,131.5,-15.5,0.03812557311977612
26952.0,132.5,-15.5,0.03286463185150796
26953.0,133.5,-15.5,0.03927820577836339
26954.0,134.5,-15.5,0.03269287880734558
26955.0,135.5,-15.5,0.017996553655158776
26956.0,136.5,-15.5,0.03237091838512292
26957.0,137.5,-15.5,0.0022875499227024824
26961.0,141.5,-15.5,0.1009378007048
26962.0,142.5,-15.5,0.012651124083660118
26963.0,143.5,-15.5,0.032538176648128206
26964.0,144.5,-15.5,0.12825574679600002
26965.0,145.5,-15.5,0.3765728947355
27103.0,-76.5,-14.5,0.004181433782820062
27104.0,-75.5,-14.5,4.3301261971267
27105.0,-74.5,-14.5,1.5025182983149
27106.0,-73.5,-14.5,1.0394059898299002
27107.0,-72.5,-14.5,1.7186564048833
27108.0,-71.5,-14.5,3.3544711764762
27109.0,-70.5,-14.5,1.8518528052843
27110.0,-69.5,-14.5,0.579455032587
27111.0,-68.5,-14.5,0.2749536929991
27112.0,-67.5,-14.5,0.6127964823389
27113.0,-66.5,-14.5,0.4965528908243
27114.0,-65.5,-14.5,0.2106002297497
27115.0,-64.5,-14.5,2.1316835775838
27116.0,-63.5,-14.5,0.022874526229150188
27117.0,-62.5,-14.5,-0.000393626219109474
27118.0,-61.5,-14.5,0.014962271381280621
27123.0,-56.5,-14.5,0.0011922223995094292
27124.0,-55.5,-14.5,-0.00021969264940349442
27130.0,-49.5,-14.5,0.5293730152934999
27131.0,-48.5,-14.5,0.3349582256441
27132.0,-47.5,-14.5,0.1951140763408
27133.0,-46.5,-14.5,0.024126602910418505
27136.0,-43.5,-14.5,0.1020184968237
27137.0,-42.5,-14.5,1.0882239660051
27138.0,-41.5,-14.5,0.6883510027569
27139.0,-40.5,-14.5,1.7548190414619
27140.0,-39.5,-14.5,1.9189510707012
27141.0,-38.5,-14.5,0.2441530678195
27192.0,12.5,-14.5,0.1364371994546
27193.0,13.5,-14.5,8.474815971339899
27194.0,14.5,-14.5,1.7735297593127999
27195.0,15.5,-14.5,1.4630788000892
27196.0,16.5,-14.5,0.3151804469858
27197.0,17.5,-14.5,2.7129750749854997
27198.0,18.5,-14.5,0.055714350276750035
27199.0,19.5,-14.5,-0.0040747835574773215
27200.0,20.5,-14.5,-0.007743324809352153
27201.0,21.5,-14.5,-0.01048662699607072
27202.0,22.5,-14.5,0.3312871770315
27203.0,23.5,-14.5,0.4906408141746
27204.0,24.5,-14.5,0.7868311995082
27205.0,25.5,-14.5,0.27306324303589996
27206.0,26.5,-14.5,0.1332340985959
27207.0,27.5,-14.5,1.5055695297476999
27208.0,28.5,-14.5,8.061275177121
27209.0,29.5,-14.5,0.28770988380060003
27210.0,30.5,-14.5,0.5947519954602
27211.0,31.5,-14.5,3.410076723083
27212.0,32.5,-14.5,1.9453712087717001
27213.0,33.5,-14.5,12.8299017911106
27214.0,34.5,-14.5,15.340209894925
27215.0,35.5,-14.5,9.8330406962867
27216.0,36.5,-14.5,3.7714802771733003
27217.0,37.5,-14.5,2.3915209780833
27218.0,38.5,-14.5,3.4601683076275
27219.0,39.5,-14.5,4.566299537434
27220.0,40.5,-14.5,9.541751911591101
27227.0,47.5,-14.5,0.8383725744941
27228.0,48.5,-14.5,2.4936965915374
27229.0,49.5,-14.5,2.9711403416197
27230.0,50.5,-14.5,2.1572429824520998
27304.0,124.5,-14.5,0.00010995590186966787
27305.0,125.5,-14.5,0.031720113573412145
27306.0,126.5,-14.5,0.06200801106491536
27307.0,127.5,-14.5,0.005883026756683283
27308.0,128.5,-14.5,0.0016183786885651174
27309.0,129.5,-14.5,0.1265963987267
27310.0,130.5,-14.5,0.03399708090637704
27311.0,131.5,-14.5,0.05989111897519927
27312.0,132.5,-14.5,1.6064591713722
27313.0,133.5,-14.5,0.11397843002590001
27314.0,134.5,-14.5,0.07891835622144235
27315.0,135.5,-14.5,0.049656495947080624
27316.0,136.5,-14.5,0.0022979235673924367
27321.0,141.5,-14.5,0.04564596817755676
27322.0,142.5,-14.5,0.020327758829265425
27323.0,143.5,-14.5,0.03468077817877251
27324.0,144.5,-14.5,0.030308638036507463
27325.0,145.5,-14.5,0.01766975819810297
27463.0,-76.5,-13.5,13.6408403056467
27464.0,-75.5,-13.5,1.3992095273659
27465.0,-74.5,-13.5,4.258907394485401
27466.0,-73.5,-13.5,4.0108322540276
27467.0,-72.5,-13.5,4.5097083408289995
27468.0,-71.5,-13.5,6.719603613837
27469.0,-70.5,-13.5,0.4145789311383
27470.0,-69.5,-13.5,0.01584242902081484
27471.0,-68.5,-13.5,0.1842963641617
27472.0,-67.5,-13.5,0.03139992298330892
27473.0,-66.5,-13.5,0.05104537992855856
27474.0,-65.5,-13.5,0.2805035426175
27475.0,-64.5,-13.5,0.3320625719039
27476.0,-63.5,-13.5,0.15750996108979998
27477.0,-62.5,-13.5,0.019905176346221413
27478.0,-61.5,-13.5,0.005983549794487334
27483.0,-56.5,-13.5,0.014481981154949891
27484.0,-55.5,-13.5,0.0017937501569643907
27490.0,-49.5,-13.5,0.013878750749336881
27491.0,-48.5,-13.5,0.0003903914733368862
27492.0,-47.5,-13.5,-0.0003911732344494112
27493.0,-46.5,-13.5,-0.005102986679671236
27496.0,-43.5,-13.5,-0.012811839387448804
27497.0,-42.5,-13.5,0.5054738618422
27498.0,-41.5,-13.5,0.682275710174
27499.0,-40.5,-13.5,0.7797050066557
27500.0,-39.5,-13.5,1.3783101673703
27501.0,-38.5,-13.5,3.8872676114294
27552.0,12.5,-13.5,0.10029056083849999
27553.0,13.5,-13.5,0.3769662503549
27554.0,14.5,-13.5,3.3694608229685
27555.0,15.5,-13.5,2.1694809651393
27556.0,16.5,-13.5,0.7570905359307
27557.0,17.5,-13.5,0.030099758735992604
27558.0,18.5,-13.5,0.000784085679304938
27559.0,19.5,-13.5,0.040710647041649485
27560.0,20.5,-13.5,0.002885253147124472
27561.0,21.5,-13.5,0.04297689445798855
27562.0,22.5,-13.5,0.060151024187437376
27563.0,23.5,-13.5,0.5173791412905
27564.0,24.5,-13.5,0.8234188867148
27565.0,25.5,-13.5,0.5299825639076999
27566.0,26.5,-13.5,0.1024220913959
27567.0,27.5,-13.5,0.3913317872578
27568.0,28.5,-13.5,11.4223646481894
27569.0,29.5,-13.5,2.0498186458015
27570.0,30.5,-13.5,0.8758380207487001
27571.0,31.5,-13.5,0.7247118144617
27572.0,32.5,-13.5,7.1672870559509
27573.0,33.5,-13.5,25.192647217681298
27574.0,34.5,-13.5,4.6977673191986
27575.0,35.5,-13.5,4.9720008085309
27576.0,36.5,-13.5,0.29317619662300004
27577.0,37.5,-13.5,1.2703857263292
27578.0,38.5,-13.5,6.2860938604428
27579.0,39.5,-13.5,8.732258718353101
27580.0,40.5,-13.5,3.7223944345822
27588.0,48.5,-13.5,3.6034631358614
27589.0,49.5,-13.5,1.9648116316026
27590.0,50.5,-13.5,0.2775161964814
27666.0,126.5,-13.5,0.0015152094628581275
27667.0,127.5,-13.5,0.00117217170947189
27669.0,129.5,-13.5,0.00406063895953617
27670.0,130.5,-13.5,0.1944355747499
27671.0,131.5,-13.5,0.443812085176
27672.0,132.5,-13.5,0.06092202022510614
27673.0,133.5,-13.5,0.018512360082518206
27674.0,134.5,-13.5,0.025811646561701037
27675.0,135.5,-13.5,0.009138692419512125
27676.0,136.5,-13.5,0.155825246234
27681.0,141.5,-13.5,0.06075997154942337
27682.0,142.5,-13.5,0.038295132394501295
27683.0,143.5,-13.5,0.07151868587006087
27822.0,-77.5,-12.5,35.590496329595695
27823.0,-76.5,-12.5,28.0623124555298
27824.0,-75.5,-12.5,6.5122366680476995
27825.0,-74.5,-12.5,3.7119746497112
27826.0,-73.5,-12.5,1.1200744046973
27827.0,-72.5,-12.5,0.9794553531670999
27828.0,-71.5,-12.5,0.0937654912037517
27829.0,-70.5,-12.5,0.2290050303805
27830.0,-69.5,-12.5,1.3069434338673
27831.0,-68.5,-12.5,0.015911035886072865
27832.0,-67.5,-12.5,0.010614984635221245
27833.0,-66.5,-12.5,0.028645415914303755
27834.0,-65.5,-12.5,0.017948839900508547
27835.0,-64.5,-12.5,0.026554658008121654
27843.0,-56.5,-12.5,0.05477376456448348
27844.0,-55.5,-12.5,-0.007700446974360504
27854.0,-45.5,-12.5,0.1624799513877
27855.0,-44.5,-12.5,0.2870543822179
27857.0,-42.5,-12.5,0.1274691436378
27858.0,-41.5,-12.5,0.5968057379521999
27859.0,-40.5,-12.5,0.4037973909335
27860.0,-39.5,-12.5,1.6996167270675
27861.0,-38.5,-12.5,11.4888173540848
27862.0,-37.5,-12.5,0.8928381481712
27912.0,12.5,-12.5,0.08008850760253072
27913.0,13.5,-12.5,9.7875137115348
27914.0,14.5,-12.5,2.5393846228937003
27915.0,15.5,-12.5,12.3307943373354
27916.0,16.5,-12.5,5.5979428992872
27917.0,17.5,-12.5,1.4100856563413
27918.0,18.5,-12.5,-0.036604042239420265
27919.0,19.5,-12.5,0.003964858003504285
27920.0,20.5,-12.5,0.11607341095780001
27921.0,21.5,-12.5,7.770281230484383e-05
27922.0,22.5,-12.5,0.020876696177931916
27923.0,23.5,-12.5,0.005751744435500262
27924.0,24.5,-12.5,0.09878581502790472
27925.0,25.5,-12.5,0.8105967848435
27926.0,26.5,-12.5,4.5172188477401
27927.0,27.5,-12.5,10.029433946901
27928.0,28.5,-12.5,24.4614394946208
27929.0,29.5,-12.5,0.38080366504179997
27930.0,30.5,-12.5,0.6193113798258001
27931.0,31.5,-12.5,0.2677622245301
27932.0,32.5,-12.5,0.422144274813
27933.0,33.5,-12.5,9.5999249498088
27934.0,34.5,-12.5,3.0689781524871003
27935.0,35.5,-12.5,0.6614396693475
27936.0,36.5,-12.5,0.2895103300515
27937.0,37.5,-12.5,0.21483697511549998
27938.0,38.5,-12.5,0.3490032036378
27939.0,39.5,-12.5,1.6647695590785
27940.0,40.5,-12.5,4.2124353565224
27943.0,43.5,-12.5,0.3561603619378
27944.0,44.5,-12.5,2.2008239649913
27945.0,45.5,-12.5,5.7632853536618
27948.0,48.5,-12.5,0.11463918691069999
27949.0,49.5,-12.5,2.4154129471868
28030.0,130.5,-12.5,9.362939838913
28031.0,131.5,-12.5,4.2845362578558
28032.0,132.5,-12.5,0.2829313657384
28033.0,133.5,-12.5,0.1723120122046
28034.0,134.5,-12.5,0.2331833025584
28035.0,135.5,-12.5,0.1279174737584
28036.0,136.5,-12.5,0.6028381129417
28041.0,141.5,-12.5,0.3728946889474
28042.0,142.5,-12.5,0.06342259768656795
28043.0,143.5,-12.5,0.055226711410012876
28182.0,-77.5,-11.5,51.3390183557296
28183.0,-76.5,-11.5,5.4326006270793
28184.0,-75.5,-11.5,4.4366461134131
28185.0,-74.5,-11.5,1.2995160884065
28186.0,-73.5,-11.5,0.07070389717095858
28187.0,-72.5,-11.5,0.0470864100401271
28190.0,-69.5,-11.5,0.1560803146757
28191.0,-68.5,-11.5,1.241356597837
28192.0,-67.5,-11.5,0.1662830417612
28193.0,-66.5,-11.5,1.1830454294639
28194.0,-65.5,-11.5,0.0418383819011526
28197.0,-62.5,-11.5,0.0008188101441000884
28198.0,-61.5,-11.5,-0.02309163980438767
28204.0,-55.5,-11.5,0.00560419337300085
28214.0,-45.5,-11.5,-0.002883735909240212
28215.0,-44.5,-11.5,-0.003028035992942272
28217.0,-42.5,-11.5,0.1684008789178
28218.0,-41.5,-11.5,1.0470528591665
28219.0,-40.5,-11.5,0.7746264842955
28220.0,-39.5,-11.5,1.0275402427409
28221.0,-38.5,-11.5,1.1515640733582
28222.0,-37.5,-11.5,1.685208294527
28223.0,-36.5,-11.5,7.020206028411035e-05
28273.0,13.5,-11.5,2.1874226751551
28274.0,14.5,-11.5,1.8707354557790998
28275.0,15.5,-11.5,1.8060396135679
28276.0,16.5,-11.5,2.2927423448887
28277.0,17.5,-11.5,0.9225344719489
28278.0,18.5,-11.5,-0.003796650703903301
28279.0,19.5,-11.5,2.3710895545692
28280.0,20.5,-11.5,0.7034289295432
28281.0,21.5,-11.5,0.00729737815533589
28282.0,22.5,-11.5,0.3963693872395
28283.0,23.5,-11.5,0.041058418789162644
28284.0,24.5,-11.5,0.5925819598633
28285.0,25.5,-11.5,0.07298336477432091
28286.0,26.5,-11.5,0.3373100675061
28287.0,27.5,-11.5,31.9030215091168
28288.0,28.5,-11.5,1.8518666085249
28289.0,29.5,-11.5,1.5484415065458002
28290.0,30.5,-11.5,0.6592679641765
28291.0,31.5,-11.5,0.9937012557939
28292.0,32.5,-11.5,0.2730739440453
28293.0,33.5,-11.5,7.8072584597748
28294.0,34.5,-11.5,6.0963120014898005
28295.0,35.5,-11.5,0.9998507475086
28296.0,36.5,-11.5,0.7401075766606
28297.0,37.5,-11.5,1.576058248019
28298.0,38.5,-11.5,0.4529582578959
28299.0,39.5,-11.5,4.1799534388627
28300.0,40.5,-11.5,1.812988949833
28303.0,43.5,-11.5,5.048565929106
28309.0,49.5,-11.5,0.0011220771416279257
28390.0,130.5,-11.5,0.1933425028009
28391.0,131.5,-11.5,0.003646267337797613
28392.0,132.5,-11.5,0.03813449783361617
28393.0,133.5,-11.5,0.027323828518706482
28394.0,134.5,-11.5,0.00017753982890105199
28395.0,135.5,-11.5,0.004409451060231788
28396.0,136.5,-11.5,0.003920522324155209
28401.0,141.5,-11.5,0.003948271898337572
28402.0,142.5,-11.5,0.00890282588261119
28403.0,143.5,-11.5,0.000930291237753195
28541.0,-78.5,-10.5,0.762097738703
28542.0,-77.5,-10.5,3.3055039599805998
28543.0,-76.5,-10.5,2.5907224084926
28544.0,-75.5,-10.5,1.2388500158393
28545.0,-74.5,-10.5,0.5571524646334
28546.0,-73.5,-10.5,0.2101126421793
28550.0,-69.5,-10.5,0.008037982009889717
28551.0,-68.5,-10.5,-0.0024070474317353786
28552.0,-67.5,-10.5,0.631148979808
28553.0,-66.5,-10.5,0.3868892208673
28554.0,-65.5,-10.5,0.6934916676433
28557.0,-62.5,-10.5,0.006107225141323843
28558.0,-61.5,-10.5,0.466424682107
28571.0,-48.5,-10.5,0.831037906272
28577.0,-42.5,-10.5,0.02273334845357381
28578.0,-41.5,-10.5,0.132581009544
28579.0,-40.5,-10.5,0.7219957228421999
28580.0,-39.5,-10.5,0.6246338038464
28581.0,-38.5,-10.5,0.31851061452490004
28582.0,-37.5,-10.5,5.4967745333868
28583.0,-36.5,-10.5,1.3134557482265
28633.0,13.5,-10.5,0.34244856201679996
28634.0,14.5,-10.5,3.9425134334424996
28635.0,15.5,-10.5,0.2467215758344
28636.0,16.5,-10.5,-0.002368917822421828
28637.0,17.5,-10.5,0.5136451087098001
28638.0,18.5,-10.5,0.04897367978463016
28639.0,19.5,-10.5,-0.012095520053388762
28640.0,20.5,-10.5,0.039851426092461964
28641.0,21.5,-10.5,0.09370140770189253
28642.0,22.5,-10.5,0.8373159392891
28643.0,23.5,-10.5,0.5755553456393
28644.0,24.5,-10.5,0.15488217440260002
28645.0,25.5,-10.5,4.3439462574754995
28646.0,26.5,-10.5,4.1984246978252
28647.0,27.5,-10.5,0.4442856174299
28648.0,28.5,-10.5,1.5255736747083
28649.0,29.5,-10.5,1.1060981946584
28650.0,30.5,-10.5,0.8587481195912
28651.0,31.5,-10.5,3.0781559686089
28652.0,32.5,-10.5,0.6306217731269
28653.0,33.5,-10.5,2.3242388564385004
28654.0,34.5,-10.5,3.5720310466584997
28655.0,35.5,-10.5,6.1535944792941
28656.0,36.5,-10.5,1.3049261112661998
28657.0,37.5,-10.5,0.9870523091483
28658.0,38.5,-10.5,6.4755802220528
28659.0,39.5,-10.5,10.304297149534
28660.0,40.5,-10.5,3.4245702379305
28725.0,105.5,-10.5,0.1335670204473
28739.0,119.5,-10.5,0.00389497166929866
28740.0,120.5,-10.5,0.5476989575834
28741.0,121.5,-10.5,0.6275865732311
28742.0,122.5,-10.5,0.4687140229117
28743.0,123.5,-10.5,8.5979287887214
28744.0,124.5,-10.5,0.6934087889891001
28762.0,142.5,-10.5,0.42081579609529995
28901.0,-78.5,-9.5,9.5999171665507
28902.0,-77.5,-9.5,6.4377602024777
28903.0,-76.5,-9.5,3.3303655636079
28904.0,-75.5,-9.5,1.1814110314202
28905.0,-74.5,-9.5,0.09530623724292281
28906.0,-73.5,-9.5,0.025377151396649332
28907.0,-72.5,-9.5,-0.00031755917276979844
28909.0,-70.5,-9.5,0.004673773871766418
28912.0,-67.5,-9.5,0.6459708529836
28913.0,-66.5,-9.5,-0.0016229427772033833
28914.0,-65.5,-9.5,-0.00035127718052809745
28915.0,-64.5,-9.5,0.00163575098624193
28916.0,-63.5,-9.5,-0.008908177536892353
28937.0,-42.5,-9.5,0.3177232660564
28938.0,-41.5,-9.5,0.1089628798868
28939.0,-40.5,-9.5,1.4215940958802
28940.0,-39.5,-9.5,0.1308333320735
28941.0,-38.5,-9.5,0.49170493121400005
28942.0,-37.5,-9.5,1.5109378113287
28943.0,-36.5,-9.5,3.6644369277237
28944.0,-35.5,-9.5,26.18999794717
28992.0,12.5,-9.5,0.003803632591745932
28993.0,13.5,-9.5,6.8729764583073
28994.0,14.5,-9.5,0.9859929187117
28995.0,15.5,-9.5,0.7600109223898001
28996.0,16.5,-9.5,3.3118581146832
28997.0,17.5,-9.5,0.2235235829724
28998.0,18.5,-9.5,0.7131816562244
28999.0,19.5,-9.5,0.1126757229912
29000.0,20.5,-9.5,2.8030834033622
29001.0,21.5,-9.5,0.053209521270615026
29002.0,22.5,-9.5,0.46231865290729995
29003.0,23.5,-9.5,0.39671798241740003
29004.0,24.5,-9.5,0.09351955911607247
29005.0,25.5,-9.5,0.1571685894139
29006.0,26.5,-9.5,0.1139201400226
29007.0,27.5,-9.5,0.3396932880752
29008.0,28.5,-9.5,1.7712568895714
29009.0,29.5,-9.5,1.1371337331674
29010.0,30.5,-9.5,0.6173806616714
29011.0,31.5,-9.5,0.8874238378353
29012.0,32.5,-9.5,6.1785556460228
29013.0,33.5,-9.5,13.9322762636686
29014.0,34.5,-9.5,7.1609123040571
29015.0,35.5,-9.5,1.2915354541716
29016.0,36.5,-9.5,0.14398051081420002
29017.0,37.5,-9.5,0.5134100896754
29018.0,38.5,-9.5,0.5306068123802
29019.0,39.5,-9.5,1.7408743785116
29026.0,46.5,-9.5,0.0027574194130373163
29096.0,116.5,-9.5,0.06956826283681505
29097.0,117.5,-9.5,0.08799134477211787
29098.0,118.5,-9.5,0.16486977809589998
29099.0,119.5,-9.5,13.567368350148099
29100.0,120.5,-9.5,1.5935231441016
29103.0,123.5,-9.5,0.5413846864526
29104.0,124.5,-9.5,30.5552126240468
29105.0,125.5,-9.5,2.6349726816728
29122.0,142.5,-9.5,0.09552969357280511
29123.0,143.5,-9.5,0.0027956168863585698
29260.0,-79.5,-8.5,17.089969255017703
29261.0,-78.5,-8.5,5.591485765652299
29262.0,-77.5,-8.5,2.4584341331275
29263.0,-76.5,-8.5,1.001127355927
29264.0,-75.5,-8.5,0.2992504479712
29265.0,-74.5,-8.5,3.9562103356892004
29275.0,-64.5,-8.5,0.007694561009336359
29276.0,-63.5,-8.5,1.3058100318281
29297.0,-42.5,-8.5,0.1746872688175
29298.0,-41.5,-8.5,0.2812276143213
29299.0,-40.5,-8.5,0.2887317439918
29300.0,-39.5,-8.5,0.549726222638
29301.0,-38.5,-8.5,0.3587566867671
29302.0,-37.5,-8.5,0.9044784775724001
29303.0,-36.5,-8.5,3.3569922893616
29304.0,-35.5,-8.5,6.8464438469772
29305.0,-34.5,-8.5,36.8211841921692
29353.0,13.5,-8.5,64.1486730534784
29354.0,14.5,-8.5,0.8563241723125999
29355.0,15.5,-8.5,1.3349083641696
29356.0,16.5,-8.5,0.29664557233899996
29357.0,17.5,-8.5,0.4747497737822
29358.0,18.5,-8.5,0.4440430924874
29359.0,19.5,-8.5,0.1381863036241
29360.0,20.5,-8.5,0.8275715852023
29361.0,21.5,-8.5,0.05133021780447263
29362.0,22.5,-8.5,0.5933851890453999
29363.0,23.5,-8.5,0.3681215060104
29364.0,24.5,-8.5,0.6502854355421
29365.0,25.5,-8.5,1.2427357405969999
29366.0,26.5,-8.5,0.9281183107426
29367.0,27.5,-8.5,0.26368530048399996
29368.0,28.5,-8.5,1.2497877225792
29369.0,29.5,-8.5,1.4528379268298999
29370.0,30.5,-8.5,0.4794964421366
29371.0,31.5,-8.5,4.6036110432035
29372.0,32.5,-8.5,3.9282401851923003
29373.0,33.5,-8.5,10.898752694585
29374.0,34.5,-8.5,6.1953123915593
29375.0,35.5,-8.5,6.2221910851705005
29376.0,36.5,-8.5,3.7018577190513997
29377.0,37.5,-8.5,0.05042079978345327
29378.0,38.5,-8.5,0.3084217608352
29379.0,39.5,-8.5,1.0524606599429
29450.0,110.5,-8.5,9.451663739064701
29451.0,111.5,-8.5,22.6598656968554
29452.0,112.5,-8.5,28.6629797262714
29453.0,113.5,-8.5,8.9065149968235
29454.0,114.5,-8.5,42.432526333683896
29455.0,115.5,-8.5,218.0051140127306
29456.0,116.5,-8.5,137.7480384331799
29457.0,117.5,-8.5,17.257422238981498
29458.0,118.5,-8.5,20.7398520881728
29459.0,119.5,-8.5,3.2423502708399004
29460.0,120.5,-8.5,23.1442900232047
29461.0,121.5,-8.5,4.6609175512815995
29462.0,122.5,-8.5,11.0012306870518
29463.0,123.5,-8.5,9.1969893399786
29464.0,124.5,-8.5,2.3725681794985003
29465.0,125.5,-8.5,8.9686502768
29466.0,126.5,-8.5,-0.036537331081267686
29467.0,127.5,-8.5,0.4534611361597
29468.0,128.5,-8.5,0.07789646900111577
29469.0,129.5,-8.5,0.04812182782717227
29470.0,130.5,-8.5,0.06698809425146444
29471.0,131.5,-8.5,0.048703861048494126
29620.0,-79.5,-7.5,4.191735294422201
29621.0,-78.5,-7.5,10.4744030376333
29622.0,-77.5,-7.5,1.1888186079366
29623.0,-76.5,-7.5,1.0962860358798
29624.0,-75.5,-7.5,0.1394488392395
29625.0,-74.5,-7.5,0.026036243578810684
29651.0,-48.5,-7.5,0.6019969599576
29657.0,-42.5,-7.5,0.015056680615875496
29658.0,-41.5,-7.5,0.044728326089253985
29659.0,-40.5,-7.5,0.9054583722816
29660.0,-39.5,-7.5,1.7389297837108
29661.0,-38.5,-7.5,1.2918941078794002
29662.0,-37.5,-7.5,0.4115535215842
29663.0,-36.5,-7.5,1.0759287669784
29664.0,-35.5,-7.5,6.9101775100899
29665.0,-34.5,-7.5,46.0414001785221
29712.0,12.5,-7.5,0.3446735218411
29713.0,13.5,-7.5,0.20275100140209998
29714.0,14.5,-7.5,0.5930750650014
29715.0,15.5,-7.5,5.6986960254757
29716.0,16.5,-7.5,0.25536559999180003
29717.0,17.5,-7.5,-0.03469106810905229
29718.0,18.5,-7.5,0.4685725502693
29719.0,19.5,-7.5,0.03891880890780726
29720.0,20.5,-7.5,2.3081869792624
29721.0,21.5,-7.5,1.3721945593712999
29722.0,22.5,-7.5,1.214038422871
29723.0,23.5,-7.5,3.5602005366722
29724.0,24.5,-7.5,0.46364016467639996
29725.0,25.5,-7.5,1.1570759198348999
29726.0,26.5,-7.5,1.0363858952145002
29727.0,27.5,-7.5,0.4234265305752
29728.0,28.5,-7.5,0.04395653001386588
29729.0,29.5,-7.5,2.1088880163185997
29730.0,30.5,-7.5,0.8003747423278
29731.0,31.5,-7.5,4.9339812493035
29732.0,32.5,-7.5,0.1031987596296
29733.0,33.5,-7.5,0.5496200385505
29734.0,34.5,-7.5,0.07082416700350977
29735.0,35.5,-7.5,6.6591130054536
29736.0,36.5,-7.5,3.0736444866466
29737.0,37.5,-7.5,1.6836144762843
29738.0,38.5,-7.5,1.3780757760734001
29739.0,39.5,-7.5,3.7499467887754
29752.0,52.5,-7.5,0.009653785790949632
29772.0,72.5,-7.5,0.204283626981
29806.0,106.5,-7.5,12.26191372505
29807.0,107.5,-7.5,164.4853048424666
29808.0,108.5,-7.5,250.29593430583407
29809.0,109.5,-7.5,120.47988766639139
29810.0,110.5,-7.5,808.5044554351186
29811.0,111.5,-7.5,497.76223456959013
29812.0,112.5,-7.5,696.3842978455904
29813.0,113.5,-7.5,44.1162691174952
29814.0,114.5,-7.5,10.525971389956402
29815.0,115.5,-7.5,0.2519045238451
29820.0,120.5,-7.5,0.11121731724839999
29821.0,121.5,-7.5,0.1357409517248
29822.0,122.5,-7.5,1.6066363210215442e-05
29825.0,125.5,-7.5,0.01760112879915138
29826.0,126.5,-7.5,0.06557402889493848
29827.0,127.5,-7.5,0.03770102132447778
29828.0,128.5,-7.5,0.045619211502417156
29829.0,129.5,-7.5,0.1115464070332
29830.0,130.5,-7.5,0.01583706786448742
29831.0,131.5,-7.5,1.5356363762358
29979.0,-80.5,-6.5,0.4263149659998
29980.0,-79.5,-6.5,10.122833073338901
29981.0,-78.5,-6.5,7.2052327233197
29982.0,-77.5,-6.5,1.7436400509743
29983.0,-76.5,-6.5,3.3574290269622002
29984.0,-75.5,-6.5,0.16364585147699998
29985.0,-74.5,-6.5,0.0057826785459715304
29986.0,-73.5,-6.5,0.0010231448436335104
29995.0,-64.5,-6.5,0.01565219783917116
30010.0,-49.5,-6.5,0.5365855180548
30011.0,-48.5,-6.5,-0.006329502710559856
30020.0,-39.5,-6.5,0.2399699546593
30021.0,-38.5,-6.5,0.4710284930664
30023.0,-36.5,-6.5,0.4926817106829
30024.0,-35.5,-6.5,3.1497024452911
30025.0,-34.5,-6.5,1.5558599076503
30072.0,12.5,-6.5,1.24086545412
30073.0,13.5,-6.5,0.1933664137244
30074.0,14.5,-6.5,0.839794896267
30075.0,15.5,-6.5,0.7562153672494
30076.0,16.5,-6.5,0.4796016780523
30077.0,17.5,-6.5,0.10111219918429999
30078.0,18.5,-6.5,0.3982059326572
30079.0,19.5,-6.5,0.6819695594462
30080.0,20.5,-6.5,2.4707243735261
30081.0,21.5,-6.5,2.1072385132793
30082.0,22.5,-6.5,2.5526965679568003
30083.0,23.5,-6.5,9.8422483284981
30084.0,24.5,-6.5,2.0904295838942
30085.0,25.5,-6.5,1.6203365058329
30086.0,26.5,-6.5,0.9944520229977999
30087.0,27.5,-6.5,0.17383678328059998
30088.0,28.5,-6.5,0.04017473877909948
30089.0,29.5,-6.5,0.39085254135810005
30090.0,30.5,-6.5,0.9897142098549999
30091.0,31.5,-6.5,1.8149367745581
30092.0,32.5,-6.5,0.2425615326916
30093.0,33.5,-6.5,0.5685980758078001
30094.0,34.5,-6.5,0.5498629909617
30095.0,35.5,-6.5,8.5730011935739
30096.0,36.5,-6.5,5.924282982944099
30097.0,37.5,-6.5,7.080531952380801
30098.0,38.5,-6.5,5.4156688086154
30099.0,39.5,-6.5,70.2415480501031
30113.0,53.5,-6.5,0.002925728197905792
30165.0,105.5,-6.5,9.784806832213901
30166.0,106.5,-6.5,419.11466832808156
30167.0,107.5,-6.5,6.6649401247462
30168.0,108.5,-6.5,224.6546715238101
30169.0,109.5,-6.5,53.1347269516452
30170.0,110.5,-6.5,75.7374462441614
30171.0,111.5,-6.5,45.0109860499309
30172.0,112.5,-6.5,15.0739040310748
30173.0,113.5,-6.5,15.985599659031902
30174.0,114.5,-6.5,1.2916725110838
30175.0,115.5,-6.5,1.3604693420434
30180.0,120.5,-6.5,0.7901194810242
30182.0,122.5,-6.5,0.06008447704334435
30184.0,124.5,-6.5,0.0011140731678369598
30189.0,129.5,-6.5,0.0038417009298152755
30190.0,130.5,-6.5,0.0005140887368899834
30191.0,131.5,-6.5,0.019042366846515068
30192.0,132.5,-6.5,0.003557062241971762
30194.0,134.5,-6.5,0.6103113393456999
30338.0,-81.5,-5.5,3.4708503096915
30339.0,-80.5,-5.5,11.2571558001128
30340.0,-79.5,-5.5,4.0282734392011
30341.0,-78.5,-5.5,3.8599387311145
30342.0,-77.5,-5.5,0.24521106654060001
30343.0,-76.5,-5.5,0.6131219685175
30344.0,-75.5,-5.5,0.07299053146436012
30345.0,-74.5,-5.5,0.03126085615823015
30346.0,-73.5,-5.5,0.1225962495372
30347.0,-72.5,-5.5,0.002124588424014012
30370.0,-49.5,-5.5,0.8481135764352
30371.0,-48.5,-5.5,0.1004888863016
30376.0,-43.5,-5.5,0.01338944499199876
30377.0,-42.5,-5.5,0.6905198637898999
30383.0,-36.5,-5.5,0.018195247799419705
30384.0,-35.5,-5.5,6.0690633669854
30432.0,12.5,-5.5,4.399408478244999
30433.0,13.5,-5.5,4.6705405953211
30434.0,14.5,-5.5,2.5045916113817
30435.0,15.5,-5.5,1.7971111248320002
30436.0,16.5,-5.5,0.1153421638373
30437.0,17.5,-5.5,0.2748482063047
30438.0,18.5,-5.5,3.3656639961300003
30439.0,19.5,-5.5,1.8868414814255
30440.0,20.5,-5.5,0.9473350935333
30441.0,21.5,-5.5,0.9439630045794001
30442.0,22.5,-5.5,3.9536074069830995
30443.0,23.5,-5.5,0.7939517328087
30444.0,24.5,-5.5,0.9311176534261
30445.0,25.5,-5.5,0.8550562657919
30446.0,26.5,-5.5,0.5482998053374
30447.0,27.5,-5.5,1.7953972146286001
30448.0,28.5,-5.5,0.4654654646753
30449.0,29.5,-5.5,2.5699339791239
30450.0,30.5,-5.5,1.0837700688246001
30451.0,31.5,-5.5,1.8478714096406998
30452.0,32.5,-5.5,5.583408169496299
30453.0,33.5,-5.5,1.3565079995531
30454.0,34.5,-5.5,2.7093752218955998
30455.0,35.5,-5.5,2.8833354695168
30456.0,36.5,-5.5,2.8944708879766
30457.0,37.5,-5.5,1.0617301433500999
30458.0,38.5,-5.5,4.6372142523316
30459.0,39.5,-5.5,9.645436657835
30473.0,53.5,-5.5,0.05674766168354218
30522.0,102.5,-5.5,0.0370677368178996
30523.0,103.5,-5.5,0.8529390761498
30524.0,104.5,-5.5,72.0369979882928
30525.0,105.5,-5.5,187.0611208650042
30526.0,106.5,-5.5,0.25292452326340004
30528.0,108.5,-5.5,0.0002384068823493485
30530.0,110.5,-5.5,0.1290909499565
30532.0,112.5,-5.5,1.2262362471372
30539.0,119.5,-5.5,108.90742093282441
30540.0,120.5,-5.5,11.0585179740317
30541.0,121.5,-5.5,0.3040553613193
30542.0,122.5,-5.5,4.3012450189466
30543.0,123.5,-5.5,1.3660693918762001
30544.0,124.5,-5.5,0.09125297975682382
30551.0,131.5,-5.5,0.023289461805055093
30552.0,132.5,-5.5,1.4527124313371
30553.0,133.5,-5.5,0.1688797161631
30554.0,134.5,-5.5,1.3417166256891
30698.0,-81.5,-4.5,5.5543574524418
30699.0,-80.5,-4.5,7.3677679012609
30700.0,-79.5,-4.5,8.2551864744216
30701.0,-78.5,-4.5,0.3775903513902
30702.0,-77.5,-4.5,0.046148982774479784
30703.0,-76.5,-4.5,0.09915853444521391
30706.0,-73.5,-4.5,0.08572569351690668
30708.0,-71.5,-4.5,0.005190538587760857
30709.0,-70.5,-4.5,0.005652856967019719
30710.0,-69.5,-4.5,0.052529240237363994
30730.0,-49.5,-4.5,0.040566578443731086
30731.0,-48.5,-4.5,-0.005698650495962292
30736.0,-43.5,-4.5,-0.03499421963827414
30737.0,-42.5,-4.5,0.1456642796571
30740.0,-39.5,-4.5,0.5567228244131001
30741.0,-38.5,-4.5,2.9940637356447
30742.0,-37.5,-4.5,1.5104119208786
30791.0,11.5,-4.5,-0.047013045245309894
30792.0,12.5,-4.5,0.2395432013028
30793.0,13.5,-4.5,0.9951130537531999
30794.0,14.5,-4.5,0.4229553667153
30795.0,15.5,-4.5,-0.2966916401668
30796.0,16.5,-4.5,0.3150315783688
30797.0,17.5,-4.5,1.8812490114279001
30798.0,18.5,-4.5,4.2384160886224
30799.0,19.5,-4.5,2.6457811236079
30800.0,20.5,-4.5,1.2601306352069
30801.0,21.5,-4.5,0.7131230820812999
30802.0,22.5,-4.5,0.6465425131414
30803.0,23.5,-4.5,0.3154936330709
30804.0,24.5,-4.5,0.1273988150058
30805.0,25.5,-4.5,0.1392324869337
30806.0,26.5,-4.5,1.3514002804926
30807.0,27.5,-4.5,1.4996492919317
30808.0,28.5,-4.5,0.1850315428624
30809.0,29.5,-4.5,10.4416864068215
30810.0,30.5,-4.5,4.3185465482569
30811.0,31.5,-4.5,1.0659007182212
30812.0,32.5,-4.5,6.4836019471328
30813.0,33.5,-4.5,7.3210565182942
30814.0,34.5,-4.5,8.3915880091877
30815.0,35.5,-4.5,7.8511702579446006
30816.0,36.5,-4.5,0.271210536123
30817.0,37.5,-4.5,1.8653696167768
30818.0,38.5,-4.5,7.2463990264646005
30819.0,39.5,-4.5,29.4619110144689
30835.0,55.5,-4.5,4.9220200311354
30882.0,102.5,-4.5,3.1848324938803
30883.0,103.5,-4.5,22.0469337201996
30884.0,104.5,-4.5,77.7408374784435
30885.0,105.5,-4.5,88.7694918198293
30894.0,114.5,-4.5,0.145260229365
30895.0,115.5,-4.5,0.028915211514059798
30896.0,116.5,-4.5,0.1513915276312
30898.0,118.5,-4.5,0.0021353624083597597
30899.0,119.5,-4.5,12.7950522970191
30900.0,120.5,-4.5,12.2022528229232
30901.0,121.5,-4.5,4.5975281647210995
30902.0,122.5,-4.5,8.3296495567418
30903.0,123.5,-4.5,0.5641249994154
30909.0,129.5,-4.5,0.20198091944479998
30910.0,130.5,-4.5,0.006621949708876807
30911.0,131.5,-4.5,0.2031737583996
30912.0,132.5,-4.5,0.00021983487054419939
30913.0,133.5,-4.5,0.013380247018763364
30914.0,134.5,-4.5,0.015136879346840198
31059.0,-80.5,-3.5,5.5680343981294
31060.0,-79.5,-3.5,18.1284732484954
31061.0,-78.5,-3.5,2.8564878452243
31062.0,-77.5,-3.5,0.011530971352285145
31064.0,-75.5,-3.5,0.05040390679291762
31065.0,-74.5,-3.5,-0.0008883327769298467
31066.0,-73.5,-3.5,3.2195772904329
31067.0,-72.5,-3.5,0.003244318113663651
31068.0,-71.5,-3.5,0.038625435806825203
31069.0,-70.5,-3.5,0.1226050100138
31079.0,-60.5,-3.5,0.9452318381345
31080.0,-59.5,-3.5,1.0104548559466
31099.0,-40.5,-3.5,-0.027899140761520187
31100.0,-39.5,-3.5,2.079778480586
31101.0,-38.5,-3.5,68.8594962937855
31150.0,10.5,-3.5,0.02798838663620212
31151.0,11.5,-3.5,0.0639974007167314
31152.0,12.5,-3.5,0.010978954168207085
31153.0,13.5,-3.5,0.08667621911670795
31154.0,14.5,-3.5,0.12520197784530002
31155.0,15.5,-3.5,0.2622069411133
31156.0,16.5,-3.5,0.2744668808966
31157.0,17.5,-3.5,1.9826468262353
31158.0,18.5,-3.5,1.3861422733443
31159.0,19.5,-3.5,0.5014429516612
31160.0,20.5,-3.5,0.05739181889684209
31161.0,21.5,-3.5,0.026073631705724448
31162.0,22.5,-3.5,0.45777868185000004
31163.0,23.5,-3.5,1.2956035586280998
31164.0,24.5,-3.5,0.6314394754768
31165.0,25.5,-3.5,0.3093295284121
31166.0,26.5,-3.5,0.04557372245790469
31167.0,27.5,-3.5,0.4606776999162
31168.0,28.5,-3.5,1.170578807487
31169.0,29.5,-3.5,37.2269771567571
31170.0,30.5,-3.5,13.6771724424245
31171.0,31.5,-3.5,2.4858414684302
31172.0,32.5,-3.5,8.887152569779602
31173.0,33.5,-3.5,12.5046831091345
31174.0,34.5,-3.5,3.1199980424033003
31175.0,35.5,-3.5,2.6232284939637
31176.0,36.5,-3.5,22.6099964909931
31177.0,37.5,-3.5,29.9680031800409
31178.0,38.5,-3.5,1.1201388344163001
31179.0,39.5,-3.5,3.2720159094351
31180.0,40.5,-3.5,5.4694767285659
31240.0,100.5,-3.5,0.07317212749037298
31241.0,101.5,-3.5,1.7841904507895001
31242.0,102.5,-3.5,56.6122858655592
31243.0,103.5,-3.5,32.789746048489604
31244.0,104.5,-3.5,60.6214168332042
31245.0,105.5,-3.5,12.7773795448937
31246.0,106.5,-3.5,0.703256365546
31247.0,107.5,-3.5,0.40155285452379996
31248.0,108.5,-3.5,0.1814365999622
31250.0,110.5,-3.5,0.007738180144705346
31251.0,111.5,-3.5,0.05703965156700562
31252.0,112.5,-3.5,0.46807354967930004
31253.0,113.5,-3.5,0.43001005351
31254.0,114.5,-3.5,23.4420282762843
31255.0,115.5,-3.5,20.583724117195
31256.0,116.5,-3.5,2.5818995565419
31258.0,118.5,-3.5,0.6602746191111001
31259.0,119.5,-3.5,49.343126597523494
31260.0,120.5,-3.5,6.688514141564999
31261.0,121.5,-3.5,7.2701920009988
31262.0,122.5,-3.5,6.0740287635567
31263.0,123.5,-3.5,0.043184633119138144
31265.0,125.5,-3.5,0.0008849334443968757
31266.0,126.5,-3.5,4.132032364039301
31267.0,127.5,-3.5,1.695732071937
31268.0,128.5,-3.5,6.0014572274157
31269.0,129.5,-3.5,0.7003888599058
31270.0,130.5,-3.5,1.9045005764636
31271.0,131.5,-3.5,0.061107479279299375
31272.0,132.5,-3.5,0.04478413923622347
31273.0,133.5,-3.5,1.5072590148748
31274.0,134.5,-3.5,0.4217394407247
31275.0,135.5,-3.5,0.6978649152887
31276.0,136.5,-3.5,-0.04398332984294723
31418.0,-81.5,-2.5,0.0012545924250149795
31419.0,-80.5,-2.5,9.6062659208976
31420.0,-79.5,-2.5,47.1022586104353
31421.0,-78.5,-2.5,15.0333671867968
31422.0,-77.5,-2.5,0.2865130890604
31423.0,-76.5,-2.5,0.046104445768115794
31424.0,-75.5,-2.5,0.012702542845703775
31426.0,-73.5,-2.5,0.012696260326250512
31427.0,-72.5,-2.5,0.022196203248197106
31428.0,-71.5,-2.5,0.002290459599046133
31429.0,-70.5,-2.5,0.0012091075336942568
31430.0,-69.5,-2.5,0.0034916146902924257
31439.0,-60.5,-2.5,0.1915191995501
31440.0,-59.5,-2.5,0.089206488632369
31443.0,-56.5,-2.5,0.1535917718251
31444.0,-55.5,-2.5,-0.004804802928258592
31445.0,-54.5,-2.5,0.7166626591645
31449.0,-50.5,-2.5,-0.0024657995791459984
31450.0,-49.5,-2.5,0.0905870786599912
31451.0,-48.5,-2.5,0.02942654523827584
31455.0,-44.5,-2.5,4.3948031007586
31509.0,9.5,-2.5,0.012801734577939771
31510.0,10.5,-2.5,0.5596865045374
31511.0,11.5,-2.5,0.09029847696974508
31512.0,12.5,-2.5,0.03567705137396145
31513.0,13.5,-2.5,0.06735677805607229
31514.0,14.5,-2.5,0.0878589611829015
31515.0,15.5,-2.5,0.1931341699928
31516.0,16.5,-2.5,0.2123260892506
31517.0,17.5,-2.5,0.8632906344889
31518.0,18.5,-2.5,0.9195507783299
31519.0,19.5,-2.5,0.1555452350698
31520.0,20.5,-2.5,0.08588997753846367
31521.0,21.5,-2.5,0.05958876284061159
31522.0,22.5,-2.5,0.19795980320429998
31523.0,23.5,-2.5,0.0672621423996565
31524.0,24.5,-2.5,0.014279993601521991
31525.0,25.5,-2.5,1.589741388178
31526.0,26.5,-2.5,-0.09238843115302088
31527.0,27.5,-2.5,0.6544478208248
31528.0,28.5,-2.5,9.0265291750866
31529.0,29.5,-2.5,37.8295068243875
31530.0,30.5,-2.5,27.2290085943739
31531.0,31.5,-2.5,0.9842070547955
31532.0,32.5,-2.5,15.8037481640288
31533.0,33.5,-2.5,11.793630736301001
31534.0,34.5,-2.5,2.2027635910895
31535.0,35.5,-2.5,0.2760774158223
31536.0,36.5,-2.5,1.344761373961
31537.0,37.5,-2.5,1.6156501999565
31538.0,38.5,-2.5,0.6677216564187001
31539.0,39.5,-2.5,0.022436283056846647
31540.0,40.5,-2.5,0.7707212659761999
31541.0,41.5,-2.5,0.3629589118055
31599.0,99.5,-2.5,0.2843413542859
31600.0,100.5,-2.5,0.6342971172919
31601.0,101.5,-2.5,19.017355110357602
31602.0,102.5,-2.5,14.5987329675951
31603.0,103.5,-2.5,12.4441075081865
31604.0,104.5,-2.5,71.7828877857256
31605.0,105.5,-2.5,12.852586664125
31606.0,106.5,-2.5,27.3174238724995
31607.0,107.5,-2.5,2.7912681424969
31608.0,108.5,-2.5,1.2612941053364
31610.0,110.5,-2.5,5.081660594232299
31611.0,111.5,-2.5,15.006178153967099
31612.0,112.5,-2.5,17.419846203425198
31613.0,113.5,-2.5,13.8317775445443
31614.0,114.5,-2.5,13.2127982664485
31615.0,115.5,-2.5,42.7601692134952
31616.0,116.5,-2.5,5.3652365143703
31618.0,118.5,-2.5,1.0557190800321
31619.0,119.5,-2.5,17.300285969287803
31620.0,120.5,-2.5,27.4126152447413
31621.0,121.5,-2.5,10.441626750073201
31622.0,122.5,-2.5,0.2340550808815
31623.0,123.5,-2.5,0.02088980617125033
31624.0,124.5,-2.5,0.0360513501930635
31625.0,125.5,-2.5,0.580583456564
31626.0,126.5,-2.5,0.04416634898353802
31627.0,127.5,-2.5,0.009968199377888445
31628.0,128.5,-2.5,0.2707407024986
31629.0,129.5,-2.5,0.5102800280962
31630.0,130.5,-2.5,0.01491049411526767
31631.0,131.5,-2.5,0.000254904794487724
31632.0,132.5,-2.5,0.9347072785795
31633.0,133.5,-2.5,0.4287339111444
31634.0,134.5,-2.5,0.3124024940921
31635.0,135.5,-2.5,0.006329830528975281
31636.0,136.5,-2.5,1.8355224516753001
31637.0,137.5,-2.5,0.5377363614369
31638.0,138.5,-2.5,0.4149012506189
31639.0,139.5,-2.5,0.5520250112618
31640.0,140.5,-2.5,3.4351766867293
31779.0,-80.5,-1.5,14.4807507986604
31780.0,-79.5,-1.5,18.0213547937294
31781.0,-78.5,-1.5,22.9068566343562
31782.0,-77.5,-1.5,1.6993203759926998
31783.0,-76.5,-1.5,0.0365543048549552
31786.0,-73.5,-1.5,0.00510817699482114
31787.0,-72.5,-1.5,0.015818277997675857
31790.0,-69.5,-1.5,0.012993406470752306
31809.0,-50.5,-1.5,0.031500265518627
31810.0,-49.5,-1.5,0.09709583701948528
31811.0,-48.5,-1.5,41.1415742920035
31812.0,-47.5,-1.5,1.1270458550266
31868.0,8.5,-1.5,0.0022443433333165634
31869.0,9.5,-1.5,0.09695874767261617
31870.0,10.5,-1.5,0.24122766985660002
31871.0,11.5,-1.5,0.506948725197
31872.0,12.5,-1.5,0.042470930850733606
31873.0,13.5,-1.5,1.3995341162580999
31874.0,14.5,-1.5,0.1930696327355
31875.0,15.5,-1.5,0.8463541886726
31876.0,16.5,-1.5,0.07306065097458792
31877.0,17.5,-1.5,0.7586053193241
31878.0,18.5,-1.5,0.6120458562391
31879.0,19.5,-1.5,0.25954006590030004
31880.0,20.5,-1.5,0.2746865487954
31881.0,21.5,-1.5,0.031187035095746943
31882.0,22.5,-1.5,0.08932643392819718
31883.0,23.5,-1.5,0.1082929793747
31886.0,26.5,-1.5,-0.04007791580580249
31887.0,27.5,-1.5,0.2198398878002
31888.0,28.5,-1.5,1.9919654432432
31889.0,29.5,-1.5,29.670151705279
31890.0,30.5,-1.5,44.748035571262704
31891.0,31.5,-1.5,10.3449809875095
31892.0,32.5,-1.5,0.2209809478156
31893.0,33.5,-1.5,6.197270823038
31894.0,34.5,-1.5,23.8890906179955
31895.0,35.5,-1.5,1.1378231223975
31896.0,36.5,-1.5,21.3465813273008
31897.0,37.5,-1.5,10.784938750976899
31898.0,38.5,-1.5,1.0567000878129
31899.0,39.5,-1.5,0.07663143126133938
31900.0,40.5,-1.5,0.22709078629030002
31901.0,41.5,-1.5,0.14907400342080002
31958.0,98.5,-1.5,0.1184614619601
31959.0,99.5,-1.5,0.1913462845642
31960.0,100.5,-1.5,6.0920215407144
31961.0,101.5,-1.5,16.7955814216171
31962.0,102.5,-1.5,20.477994970594
31963.0,103.5,-1.5,30.4628178900118
31964.0,104.5,-1.5,0.6982218839333999
31965.0,105.5,-1.5,2.7455118574404
31966.0,106.5,-1.5,2.407725675304
31968.0,108.5,-1.5,0.011864941188960365
31969.0,109.5,-1.5,2.3642057469558
31970.0,110.5,-1.5,6.274549321164501
31971.0,111.5,-1.5,1.6160223817655
31972.0,112.5,-1.5,3.9463026845614
31973.0,113.5,-1.5,8.344059503432499
31974.0,114.5,-1.5,4.1326794942078
31975.0,115.5,-1.5,7.944844745022601
31976.0,116.5,-1.5,35.0786092575375
31977.0,117.5,-1.5,0.39324110734929996
31979.0,119.5,-1.5,11.3150169489097
31980.0,120.5,-1.5,12.3079439813334
31981.0,121.5,-1.5,3.3984495414906
31982.0,122.5,-1.5,2.3116449113763
31983.0,123.5,-1.5,1.4273368245542
31984.0,124.5,-1.5,0.46056799577630003
31985.0,125.5,-1.5,0.5322076146239999
31986.0,126.5,-1.5,0.05884032270525924
31987.0,127.5,-1.5,1.6799535128411
31988.0,128.5,-1.5,0.06141458073628437
31989.0,129.5,-1.5,0.04825383304054212
31990.0,130.5,-1.5,0.056667435759863355
31991.0,131.5,-1.5,0.7186248835566
31992.0,132.5,-1.5,1.8976506181551
31993.0,133.5,-1.5,0.8754280604801999
31994.0,134.5,-1.5,0.3556122586764
31995.0,135.5,-1.5,0.2055504993552
31996.0,136.5,-1.5,1.5851869762193
31997.0,137.5,-1.5,0.02566043270715852
31998.0,138.5,-1.5,0.2221569822365
31999.0,139.5,-1.5,0.0007331472955084071
32139.0,-80.5,-0.5,18.623999741476798
32140.0,-79.5,-0.5,14.211035506139298
32141.0,-78.5,-0.5,57.5542580441142
32142.0,-77.5,-0.5,2.6679267163963
32143.0,-76.5,-0.5,4.1334566571087
32144.0,-75.5,-0.5,0.1268467487292
32145.0,-74.5,-0.5,0.1150494399027
32147.0,-72.5,-0.5,0.012717934578231949
32149.0,-70.5,-0.5,0.002092920074482118
32150.0,-69.5,-0.5,0.001397326598497071
32168.0,-51.5,-0.5,0.37628928758729996
32169.0,-50.5,-0.5,-0.0046436031872519
32170.0,-49.5,-0.5,0.02354122294933227
32171.0,-48.5,-0.5,0.21578426857139998
32172.0,-47.5,-0.5,1.21814402548
32226.0,6.5,-0.5,-2.7766518235132343e-05
32228.0,8.5,-0.5,-0.032761821461322345
32229.0,9.5,-0.5,0.01813342906985326
32230.0,10.5,-0.5,0.8347852274222
32231.0,11.5,-0.5,0.1571460527452
32232.0,12.5,-0.5,0.2247017669942
32233.0,13.5,-0.5,0.19272395745909998
32234.0,14.5,-0.5,0.38311640010319997
32235.0,15.5,-0.5,0.09354587406099972
32236.0,16.5,-0.5,0.0041291446438221045
32237.0,17.5,-0.5,0.12438386453750001
32238.0,18.5,-0.5,0.3605636887537
32239.0,19.5,-0.5,0.2595470321474
32240.0,20.5,-0.5,0.5495817400427
32241.0,21.5,-0.5,0.18680194877230002
32242.0,22.5,-0.5,0.2480256162405
32243.0,23.5,-0.5,0.1357081552364
32245.0,25.5,-0.5,0.265772365836
32247.0,27.5,-0.5,-0.009863284086668169
32248.0,28.5,-0.5,-0.0012824126791126864
32249.0,29.5,-0.5,8.696513282659
32250.0,30.5,-0.5,17.8248993824188
32251.0,31.5,-0.5,14.9960617357061
32252.0,32.5,-0.5,0.7162527171039
32253.0,33.5,-0.5,12.8431086189571
32254.0,34.5,-0.5,24.3856779642181
32255.0,35.5,-0.5,10.4738222518514
32256.0,36.5,-0.5,14.7745454521794
32257.0,37.5,-0.5,11.72018488636
32258.0,38.5,-0.5,0.6925861167651
32259.0,39.5,-0.5,0.7848044110575001
32260.0,40.5,-0.5,0.07310979042905787
32261.0,41.5,-0.5,0.005697579190247112
32293.0,73.5,-0.5,1.3605049988951
32318.0,98.5,-0.5,0.0979045095922475
32319.0,99.5,-0.5,1.6231105517674
32320.0,100.5,-0.5,115.7119892083295
32321.0,101.5,-0.5,14.599892696614399
32322.0,102.5,-0.5,18.0104685319235
32323.0,103.5,-0.5,4.0716529032015
32324.0,104.5,-0.5,2.5591220034123
32329.0,109.5,-0.5,43.9913872676089
32330.0,110.5,-0.5,7.0977284292766
32331.0,111.5,-0.5,6.691922387638
32332.0,112.5,-0.5,1.7656700825365998
32333.0,113.5,-0.5,0.3604933613108
32334.0,114.5,-0.5,4.7043022532764
32335.0,115.5,-0.5,7.0118046044
32336.0,116.5,-0.5,10.1327830032495
32337.0,117.5,-0.5,40.3625456953439
32339.0,119.5,-0.5,9.7284453540962
32340.0,120.5,-0.5,2.6254095094326
32341.0,121.5,-0.5,1.2607483807388
32342.0,122.5,-0.5,2.2797163360303
32343.0,123.5,-0.5,0.8784917420312
32347.0,127.5,-0.5,4.437268879979699
32348.0,128.5,-0.5,0.17745996726
32349.0,129.5,-0.5,0.09624581603764776
32350.0,130.5,-0.5,0.9116204828386
32351.0,131.5,-0.5,2.7855392146726
32352.0,132.5,-0.5,0.47884668542229997
32353.0,133.5,-0.5,0.8583224645923
32354.0,134.5,-0.5,1.5258283180407999
32355.0,135.5,-0.5,0.2776838384743
32356.0,136.5,-0.5,0.0486457877324384
32499.0,-80.5,0.5,0.9201932911253999
32500.0,-79.5,0.5,8.2015959400079
32501.0,-78.5,0.5,23.383832592593
32502.0,-77.5,0.5,6.3812476028711
32503.0,-76.5,0.5,5.9907623284391
32504.0,-75.5,0.5,0.9096270558198001
32505.0,-74.5,0.5,0.2476644657889
32508.0,-71.5,0.5,0.005743759048845152
32509.0,-70.5,0.5,0.01517945853953718
32510.0,-69.5,0.5,0.0018622833916178947
32528.0,-51.5,0.5,1.5038496040604001
32586.0,6.5,0.5,1.7315036908053
32589.0,9.5,0.5,17.5490025743575
32590.0,10.5,0.5,0.0318910079062669
32591.0,11.5,0.5,0.27726139335989997
32592.0,12.5,0.5,0.05868516911891219
32593.0,13.5,0.5,0.04159865377307591
32594.0,14.5,0.5,0.09727679505264296
32595.0,15.5,0.5,0.023993962983479777
32596.0,16.5,0.5,0.028457412891615852
32597.0,17.5,0.5,-0.005928200929156868
32598.0,18.5,0.5,1.7167883031535
32599.0,19.5,0.5,0.468137760446
32600.0,20.5,0.5,0.2581608117527
32601.0,21.5,0.5,0.1778908361977
32602.0,22.5,0.5,0.3507165771717
32603.0,23.5,0.5,0.1910552997687
32604.0,24.5,0.5,0.7294270284852999
32605.0,25.5,0.5,4.475844436587
32606.0,26.5,0.5,0.08223684919394995
32607.0,27.5,0.5,0.12097780066149999
32608.0,28.5,0.5,0.4832266826585
32609.0,29.5,0.5,16.6892265950471
32610.0,30.5,0.5,15.698266876316799
32611.0,31.5,0.5,8.2813481312878
32612.0,32.5,0.5,58.2765389665743
32613.0,33.5,0.5,28.3041797881511
32614.0,34.5,0.5,28.6753926229433
32615.0,35.5,0.5,10.3912034093043
32616.0,36.5,0.5,2.0502067161704
32617.0,37.5,0.5,5.4199973764104
32618.0,38.5,0.5,0.2573787419984
32619.0,39.5,0.5,0.08812210822534408
32620.0,40.5,0.5,0.4467463405498
32621.0,41.5,0.5,0.2903696355105
32622.0,42.5,0.5,-0.1067922781765
32653.0,73.5,0.5,0.2090050574718
32677.0,97.5,0.5,1.7913703515052
32678.0,98.5,0.5,0.05867910744326059
32679.0,99.5,0.5,13.2986672441691
32680.0,100.5,0.5,23.8854872915481
32681.0,101.5,0.5,72.1242707127173
32682.0,102.5,0.5,6.1452499993807
32683.0,103.5,0.5,3.5762515180917998
32684.0,104.5,0.5,4.2924244926977995
32687.0,107.5,0.5,-0.0002545204034699816
32688.0,108.5,0.5,3.7168847808679
32689.0,109.5,0.5,25.2055003253579
32690.0,110.5,0.5,15.798490088411999
32691.0,111.5,0.5,9.435806215743
32692.0,112.5,0.5,5.5330901260442005
32693.0,113.5,0.5,0.2827136522882
32694.0,114.5,0.5,0.30537301630200003
32695.0,115.5,0.5,1.0668180142874
32696.0,116.5,0.5,4.7997484151957
32697.0,117.5,0.5,14.766236215621001
32698.0,118.5,0.5,0.1310174402509
32699.0,119.5,0.5,0.5959437469991
32700.0,120.5,0.5,3.5096460538327
32701.0,121.5,0.5,6.851360432851
32702.0,122.5,0.5,20.3161438332363
32703.0,123.5,0.5,25.4913600910136
32704.0,124.5,0.5,5.428386980667
32706.0,126.5,0.5,0.004637265143581165
32707.0,127.5,0.5,5.8056826883423005
32708.0,128.5,0.5,1.9457957479319
32709.0,129.5,0.5,0.00011317798208852379
32860.0,-79.5,1.5,0.6615888029522999
32861.0,-78.5,1.5,3.430722814342
32862.0,-77.5,1.5,15.704199882981
32863.0,-76.5,1.5,6.9440582430413995
32864.0,-75.5,1.5,8.0663730567266
32865.0,-74.5,1.5,1.4888002814715
32866.0,-73.5,1.5,0.02524961188214345
32867.0,-72.5,1.5,0.010462368178035477
32868.0,-71.5,1.5,0.11819703716260001
32869.0,-70.5,1.5,0.16155818131219998
32872.0,-67.5,1.5,0.009374207312127228
32873.0,-66.5,1.5,0.0010889274869550448
32949.0,9.5,1.5,6.7327935941889
32950.0,10.5,1.5,1.4759173688311
32951.0,11.5,1.5,0.4772225848315
32952.0,12.5,1.5,0.008770726732320643
32953.0,13.5,1.5,0.0032905721107936033
32954.0,14.5,1.5,0.0003357909929576551
32955.0,15.5,1.5,0.1429647143624
32956.0,16.5,1.5,0.7563097242676
32957.0,17.5,1.5,0.05469223553158648
32958.0,18.5,1.5,0.1729219872005
32959.0,19.5,1.5,0.865407509837
32960.0,20.5,1.5,0.9016514476497001
32961.0,21.5,1.5,0.6082470685679
32962.0,22.5,1.5,0.28223844552780003
32963.0,23.5,1.5,0.8818080724360999
32964.0,24.5,1.5,0.1449760228146
32965.0,25.5,1.5,0.4284566867929
32966.0,26.5,1.5,0.1098080186271
32967.0,27.5,1.5,0.5029282197829
32968.0,28.5,1.5,0.06980839187135587
32969.0,29.5,1.5,0.8696202313170001
32970.0,30.5,1.5,5.8912165758693
32971.0,31.5,1.5,8.1497897785943
32972.0,32.5,1.5,4.8505874318205
32973.0,33.5,1.5,14.7489937191152
32974.0,34.5,1.5,15.777829279899601
32975.0,35.5,1.5,2.5357592701867
32976.0,36.5,1.5,0.2776164339889
32977.0,37.5,1.5,0.06486427841803091
32978.0,38.5,1.5,0.05489754450824985
32979.0,39.5,1.5,0.11387958391099999
32980.0,40.5,1.5,0.4063625179193
32981.0,41.5,1.5,0.01985232735190027
32982.0,42.5,1.5,-0.060356996851862604
33013.0,73.5,1.5,0.39801402155360005
33037.0,97.5,1.5,3.0008326146018
33038.0,98.5,1.5,3.1532603046224
33039.0,99.5,1.5,9.247627658475901
33040.0,100.5,1.5,20.399591601624
33041.0,101.5,1.5,25.0160070338592
33042.0,102.5,1.5,16.6030347021712
33043.0,103.5,1.5,173.9363311708966
33044.0,104.5,1.5,12.1190275591745
33047.0,107.5,1.5,0.008984878375502997
33048.0,108.5,1.5,0.6787850823738
33049.0,109.5,1.5,22.5261502527066
33050.0,110.5,1.5,42.226168372900496
33051.0,111.5,1.5,7.9667215831646
33052.0,112.5,1.5,2.0588334252662
33053.0,113.5,1.5,0.36386946271459997
33054.0,114.5,1.5,0.1433117943554
33055.0,115.5,1.5,0.17613792540089998
33056.0,116.5,1.5,2.1426040940475
33057.0,117.5,1.5,2.9101727178695
33058.0,118.5,1.5,0.4476094755076
33060.0,120.5,1.5,1.5425411116196999
33061.0,121.5,1.5,1.7039780320173
33062.0,122.5,1.5,0.1495649867884
33064.0,124.5,1.5,17.150748731615003
33065.0,125.5,1.5,3.6926921273065
33066.0,126.5,1.5,0.02984413563798697
33067.0,127.5,1.5,2.8045778388455
33068.0,128.5,1.5,4.0969326281251
33071.0,131.5,1.5,0.0010199646776840583
33221.0,-78.5,2.5,0.6966674350466
33222.0,-77.5,2.5,2.3103240595587
33223.0,-76.5,2.5,15.991669846005301
33224.0,-75.5,2.5,15.3934577235785
33225.0,-74.5,2.5,1.8456110232253
33226.0,-73.5,2.5,0.8578637829742
33227.0,-72.5,2.5,2.1463167207393
33228.0,-71.5,2.5,0.043390392301536206
33229.0,-70.5,2.5,0.0033298739386643334
33230.0,-69.5,2.5,0.00345181315856907
33232.0,-67.5,2.5,0.04269108452995523
33233.0,-66.5,2.5,0.0003778310119020435
33234.0,-65.5,2.5,0.004815049097131727
33239.0,-60.5,2.5,1.6709943015093
33240.0,-59.5,2.5,0.08832986978782624
33309.0,9.5,2.5,1.2457867783638001
33310.0,10.5,2.5,1.045315039596
33311.0,11.5,2.5,5.2466872226892
33312.0,12.5,2.5,0.8766248350765999
33313.0,13.5,2.5,0.1679576744003
33314.0,14.5,2.5,0.08219703462827459
33315.0,15.5,2.5,0.3676019155279
33316.0,16.5,2.5,0.1589036599441
33317.0,17.5,2.5,0.011494353010355372
33318.0,18.5,2.5,0.06892680289657978
33319.0,19.5,2.5,1.1559414234616998
33320.0,20.5,2.5,1.4260260056918002
33321.0,21.5,2.5,1.1097139853978
33322.0,22.5,2.5,2.4157034050712
33323.0,23.5,2.5,0.8162097788982
33324.0,24.5,2.5,0.023516726075829844
33325.0,25.5,2.5,0.08001429520393032
33326.0,26.5,2.5,0.12833179367869998
33327.0,27.5,2.5,2.6486841031787
33328.0,28.5,2.5,0.4024466445727
33329.0,29.5,2.5,0.09457017442124545
33330.0,30.5,2.5,2.8420738517504
33331.0,31.5,2.5,7.185048048440501
33332.0,32.5,2.5,12.6917150693747
33333.0,33.5,2.5,4.6798843395864
33334.0,34.5,2.5,0.6250607871997
33335.0,35.5,2.5,0.2065496900356
33336.0,36.5,2.5,0.07023837259097952
33337.0,37.5,2.5,0.1803351007719
33338.0,38.5,2.5,0.05068873383986097
33339.0,39.5,2.5,0.05506193011412713
33340.0,40.5,2.5,0.1684373463901
33341.0,41.5,2.5,0.1384706733416
33342.0,42.5,2.5,-0.07899109393674413
33346.0,46.5,2.5,-0.005513665724994576
33372.0,72.5,2.5,0.1879050393579
33373.0,73.5,2.5,0.5504601441713001
33395.0,95.5,2.5,0.26725585482159997
33396.0,96.5,2.5,0.6532077152687
33397.0,97.5,2.5,1.8272573235512
33398.0,98.5,2.5,24.0148760446837
33399.0,99.5,2.5,37.270733858324
33400.0,100.5,2.5,1.9699785550401
33401.0,101.5,2.5,102.5271454776678
33402.0,102.5,2.5,103.3191665385714
33403.0,103.5,2.5,18.7470696403199
33404.0,104.5,2.5,0.2453502851292
33405.0,105.5,2.5,0.10227951856850001
33406.0,106.5,2.5,0.00018648830267832748
33407.0,107.5,2.5,0.019342680533443464
33408.0,108.5,2.5,0.0064231888452938955
33409.0,109.5,2.5,0.1311795145698
33411.0,111.5,2.5,16.0937388346867
33412.0,112.5,2.5,6.320020726787299
33413.0,113.5,2.5,1.0747426330435002
33414.0,114.5,2.5,0.9398816367816001
33415.0,115.5,2.5,0.195163284714
33416.0,116.5,2.5,0.539795464343
33417.0,117.5,2.5,9.086262165896201
33418.0,118.5,2.5,0.129783091258
33425.0,125.5,2.5,0.6936293684853
33427.0,127.5,2.5,0.1853271629059
33428.0,128.5,2.5,1.9496903775604
33581.0,-78.5,3.5,5.341025951474755e-05
33582.0,-77.5,3.5,3.4936244213278997
33583.0,-76.5,3.5,40.2840791688057
33584.0,-75.5,3.5,5.9533647055181
33585.0,-74.5,3.5,2.8717196864931
33586.0,-73.5,3.5,7.528862309161999
33587.0,-72.5,3.5,0.1194320097018
33588.0,-71.5,3.5,0.5410452898156
33589.0,-70.5,3.5,0.0759007112562093
33590.0,-69.5,3.5,0.059102929078803434
33591.0,-68.5,3.5,-0.0004538555205314376
33592.0,-67.5,3.5,0.44811042957049996
33593.0,-66.5,3.5,-0.00013022190197421464
33594.0,-65.5,3.5,0.04742210427938895
33599.0,-60.5,3.5,-0.0002628456831056408
33600.0,-59.5,3.5,0.1803635966932
33604.0,-55.5,3.5,-0.000859391432489279
33605.0,-54.5,3.5,0.2595716280408
33606.0,-53.5,3.5,0.00019494737804469578
33607.0,-52.5,3.5,0.0010145925788780097
33608.0,-51.5,3.5,0.0912617229686316
33668.0,8.5,3.5,2.4257942487169
33669.0,9.5,3.5,4.630369417535601
33670.0,10.5,3.5,4.4471254362677
33671.0,11.5,3.5,47.849764203105394
33672.0,12.5,3.5,3.3139867099918
33673.0,13.5,3.5,0.9583335605703001
33674.0,14.5,3.5,0.5448619696712
33675.0,15.5,3.5,0.9427900916554
33676.0,16.5,3.5,0.7359613896603
33677.0,17.5,3.5,0.4254176913738
33678.0,18.5,3.5,0.8935353292831
33679.0,19.5,3.5,0.013486605437821838
33680.0,20.5,3.5,1.1718482660385
33681.0,21.5,3.5,0.07157713988844161
33682.0,22.5,3.5,0.5651597977798
33683.0,23.5,3.5,0.5175388147293
33684.0,24.5,3.5,0.042407207705117515
33685.0,25.5,3.5,0.2976254737365
33686.0,26.5,3.5,0.5195428401532
33687.0,27.5,3.5,0.3061591768301
33688.0,28.5,3.5,0.1193489788434
33689.0,29.5,3.5,0.7528357423405
33690.0,30.5,3.5,7.071374592383299
33691.0,31.5,3.5,6.8182703768509
33692.0,32.5,3.5,2.1699837746253
33693.0,33.5,3.5,0.8878424578808001
33694.0,34.5,3.5,0.4991549542005
33695.0,35.5,3.5,0.3079551527505
33696.0,36.5,3.5,0.02086493171523966
33697.0,37.5,3.5,0.045530030326506696
33698.0,38.5,3.5,0.119130094433
33699.0,39.5,3.5,0.2969053580891
33700.0,40.5,3.5,0.1628649466705
33701.0,41.5,3.5,0.7434480739179
33702.0,42.5,3.5,-0.009636698214987784
33706.0,46.5,3.5,-0.004635935809791006
33732.0,72.5,3.5,0.3283384942102
33733.0,73.5,3.5,0.2153748225148
33756.0,96.5,3.5,2.1770716636159
33757.0,97.5,3.5,9.9866275227711
33758.0,98.5,3.5,19.905201005415403
33759.0,99.5,3.5,12.9356946790857
33760.0,100.5,3.5,6.968647006495299
33761.0,101.5,3.5,246.91041805959821
33762.0,102.5,3.5,26.857267674266698
33763.0,103.5,3.5,18.7529322736892
33765.0,105.5,3.5,0.02415733983232906
33766.0,106.5,3.5,0.354292089187
33767.0,107.5,3.5,0.07089484742861422
33768.0,108.5,3.5,0.7221312777647
33772.0,112.5,3.5,0.27472361883979995
33773.0,113.5,3.5,10.5820580823283
33774.0,114.5,3.5,2.4871857567006
33775.0,115.5,3.5,0.8954787369638
33776.0,116.5,3.5,4.7706300776415
33777.0,117.5,3.5,2.8523474343097
33785.0,125.5,3.5,1.2052412952589
33786.0,126.5,3.5,0.30051977173280003
33942.0,-77.5,4.5,0.3156441171935
33943.0,-76.5,4.5,5.152858247351699
33944.0,-75.5,4.5,38.442320491168
33945.0,-74.5,4.5,14.1782448135289
33946.0,-73.5,4.5,17.152728771520998
33947.0,-72.5,4.5,2.5079373234984
33948.0,-71.5,4.5,0.4664250173366
33949.0,-70.5,4.5,0.07102356963826645
33950.0,-69.5,4.5,0.1594435934099
33951.0,-68.5,4.5,0.013972551619578014
33952.0,-67.5,4.5,0.1264852436326
33953.0,-66.5,4.5,0.011344904924935824
33958.0,-61.5,4.5,0.5983089415098
33959.0,-60.5,4.5,-0.0010161250882345144
33960.0,-59.5,4.5,0.03734092699569283
33961.0,-58.5,4.5,0.012843865267681576
33962.0,-57.5,4.5,0.0005086212438845156
33963.0,-56.5,4.5,0.008158068394467744
33964.0,-55.5,4.5,-0.007116095671339932
33965.0,-54.5,4.5,0.1789203265589
33967.0,-52.5,4.5,0.251967187136
33968.0,-51.5,4.5,0.00227102436362127
34010.0,-9.5,4.5,0.03641717440916978
34011.0,-8.5,4.5,0.3274868078443
34012.0,-7.5,4.5,2.4344022146557
34013.0,-6.5,4.5,4.6889975330796
34017.0,-2.5,4.5,2.0099682915107002
34018.0,-1.5,4.5,10.515222626898101
34025.0,5.5,4.5,1.0249608303977
34026.0,6.5,4.5,43.1581557341588
34027.0,7.5,4.5,46.4665368502944
34028.0,8.5,4.5,7.3936563578976
34029.0,9.5,4.5,50.4211451406521
34030.0,10.5,4.5,2.9000810383232003
34031.0,11.5,4.5,12.5549459143847
34032.0,12.5,4.5,3.0209142224674
34033.0,13.5,4.5,6.6380257929373
34034.0,14.5,4.5,3.0283262111975997
34035.0,15.5,4.5,2.516487096345
34036.0,16.5,4.5,0.5213543729625
34037.0,17.5,4.5,0.8200542793686001
34038.0,18.5,4.5,15.416235930036999
34039.0,19.5,4.5,0.3670143592413
34040.0,20.5,4.5,0.5951847439350999
34041.0,21.5,4.5,1.3607439008964
34042.0,22.5,4.5,1.740252675953
34043.0,23.5,4.5,0.3803155007381
34044.0,24.5,4.5,0.020142759360481488
34045.0,25.5,4.5,0.09393141032449046
34046.0,26.5,4.5,0.017563361143379867
34047.0,27.5,4.5,-0.015680230346839026
34048.0,28.5,4.5,-0.106744887756
34049.0,29.5,4.5,0.08622173215474185
34050.0,30.5,4.5,-0.08595819038639849
34051.0,31.5,4.5,-0.204757679926
34052.0,32.5,4.5,-0.1006068433103
34053.0,33.5,4.5,-0.1160111209493
34054.0,34.5,4.5,0.06411251394482725
34055.0,35.5,4.5,0.06289968045800093
34056.0,36.5,4.5,0.00783404937071318
34057.0,37.5,4.5,0.0072548440051047195
34058.0,38.5,4.5,0.02341501072822031
34059.0,39.5,4.5,-0.0013909606712644172
34060.0,40.5,4.5,0.013501487506212589
34061.0,41.5,4.5,0.007227717548388815
34062.0,42.5,4.5,0.03289008672812528
34092.0,72.5,4.5,0.1003578300053
34093.0,73.5,4.5,1.7029634927557
34115.0,95.5,4.5,1.1650196063648999
34116.0,96.5,4.5,24.1944855700931
34117.0,97.5,4.5,17.575317282912398
34118.0,98.5,4.5,4.3037298727421
34120.0,100.5,4.5,40.3362418581165
34121.0,101.5,4.5,84.9129554967572
34122.0,102.5,4.5,3.9911483358293998
34123.0,103.5,4.5,12.4676366495915
34127.0,107.5,4.5,0.01737176558339562
34128.0,108.5,4.5,0.061732990207035196
34133.0,113.5,4.5,4.040022692884301
34134.0,114.5,4.5,20.331097336532302
34135.0,115.5,4.5,4.8965061063927005
34136.0,116.5,4.5,0.7266144445114999
34137.0,117.5,4.5,12.3091607704505
34138.0,118.5,4.5,7.5546339597213
34139.0,119.5,4.5,0.3811472269006
34140.0,120.5,4.5,-6.312285566092155e-05
34146.0,126.5,4.5,0.5736530945632
34147.0,127.5,4.5,-0.0006612512180123838
34292.0,-87.5,5.5,0.001325627592918385
34302.0,-77.5,5.5,0.3346181957311
34303.0,-76.5,5.5,3.791385030671
34304.0,-75.5,5.5,24.499285398888098
34305.0,-74.5,5.5,12.5539338601666
34306.0,-73.5,5.5,28.1843349183072
34307.0,-72.5,5.5,6.8898289620877
34308.0,-71.5,5.5,1.403790955613
34309.0,-70.5,5.5,0.3287437394805
34310.0,-69.5,5.5,0.016050995643643776
34311.0,-68.5,5.5,0.03792215044702795
34312.0,-67.5,5.5,2.7399034055479
34313.0,-66.5,5.5,0.05664102036820071
34316.0,-63.5,5.5,0.003119009342631606
34317.0,-62.5,5.5,0.01970273836736369
34318.0,-61.5,5.5,0.0966271489578256
34319.0,-60.5,5.5,0.021289784570291403
34320.0,-59.5,5.5,0.03573925590295059
34321.0,-58.5,5.5,0.1641059114246
34322.0,-57.5,5.5,1.2551134734746
34323.0,-56.5,5.5,1.2762489992581
34324.0,-55.5,5.5,6.4411932573012995
34325.0,-54.5,5.5,1.901969219647
34326.0,-53.5,5.5,0.02681893166492709
34327.0,-52.5,5.5,0.25144473515189997
34370.0,-9.5,5.5,0.1350467475143
34371.0,-8.5,5.5,0.2940734595272
34372.0,-7.5,5.5,0.6708608380929
34373.0,-6.5,5.5,8.9176108731642
34374.0,-5.5,5.5,5.7665669826796995
34375.0,-4.5,5.5,7.9264672390493995
34376.0,-3.5,5.5,3.5600541694801002
34377.0,-2.5,5.5,7.6996455170275
34378.0,-1.5,5.5,20.6814108044963
34379.0,-0.5,5.5,129.2349453648369
34380.0,0.5,5.5,20.118206545931002
34381.0,1.5,5.5,0.14885634682100002
34384.0,4.5,5.5,0.5091097678996
34385.0,5.5,5.5,45.8783398993481
34386.0,6.5,5.5,56.5652371249186
34387.0,7.5,5.5,174.5947156287053
34388.0,8.5,5.5,17.3932118756199
34389.0,9.5,5.5,9.027281187020499
34390.0,10.5,5.5,72.4948892884896
34391.0,11.5,5.5,2.4227745774514
34392.0,12.5,5.5,0.2385883540212
34393.0,13.5,5.5,0.4760530478181
34394.0,14.5,5.5,2.6018396182055
34395.0,15.5,5.5,1.3244209101896
34396.0,16.5,5.5,0.4994912402034001
34397.0,17.5,5.5,0.5608374565914
34398.0,18.5,5.5,0.2218336584032
34399.0,19.5,5.5,0.9806547027604001
34400.0,20.5,5.5,1.6450976122116001
34401.0,21.5,5.5,0.7452052805522
34402.0,22.5,5.5,0.1248114774028
34403.0,23.5,5.5,0.01938223050994153
34404.0,24.5,5.5,0.016167299308567955
34405.0,25.5,5.5,0.1425968037249
34406.0,26.5,5.5,0.08646618941773437
34407.0,27.5,5.5,-0.026521957127363383
34408.0,28.5,5.5,-0.00823156493814923
34409.0,29.5,5.5,0.004080061809163035
34410.0,30.5,5.5,0.1764205280367
34411.0,31.5,5.5,0.0515558846842984
34412.0,32.5,5.5,-0.016183105940040254
34413.0,33.5,5.5,-0.05070716327763741
34414.0,34.5,5.5,-0.015073728542488028
34415.0,35.5,5.5,0.004900739839455437
34416.0,36.5,5.5,-0.008575155307106189
34417.0,37.5,5.5,0.2367338715802
34421.0,41.5,5.5,-0.002123124581877448
34453.0,73.5,5.5,0.5622793397115
34475.0,95.5,5.5,43.9301175582354
34476.0,96.5,5.5,8.3496453988252
34477.0,97.5,5.5,8.279118454479299
34480.0,100.5,5.5,155.0256514826157
34481.0,101.5,5.5,10.901145514603
34482.0,102.5,5.5,11.2841938858909
34483.0,103.5,5.5,20.3737962937398
34494.0,114.5,5.5,-0.0003268205886000965
34495.0,115.5,5.5,15.7589981922439
34496.0,116.5,5.5,26.671258082521202
34497.0,117.5,5.5,7.0901670981075995
34498.0,118.5,5.5,14.915000575136201
34499.0,119.5,5.5,1.3945358173844
34500.0,120.5,5.5,1.2676660342879
34501.0,121.5,5.5,1.0934367335078
34504.0,124.5,5.5,-0.00648182098285335
34505.0,125.5,5.5,1.3633542276171
34662.0,-77.5,6.5,0.3382680034928
34663.0,-76.5,6.5,2.3064504329292
34664.0,-75.5,6.5,73.4487097582506
34665.0,-74.5,6.5,4.0786988305422
34666.0,-73.5,6.5,16.182955204524
34667.0,-72.5,6.5,5.3011554860829
34668.0,-71.5,6.5,5.7561985171293
34669.0,-70.5,6.5,0.36439148719709996
34670.0,-69.5,6.5,0.1298097993163
34671.0,-68.5,6.5,0.1273242252314
34672.0,-67.5,6.5,0.9737045567939
34673.0,-66.5,6.5,0.5061392170053
34674.0,-65.5,6.5,0.007488873618245647
34676.0,-63.5,6.5,0.2069762986111
34677.0,-62.5,6.5,0.051674492527758666
34678.0,-61.5,6.5,0.5470681598386999
34679.0,-60.5,6.5,0.016180183048221653
34680.0,-59.5,6.5,0.02317003444952281
34681.0,-58.5,6.5,10.4961489650327
34682.0,-57.5,6.5,5.6816206016073
34728.0,-11.5,6.5,0.6857860619524999
34729.0,-10.5,6.5,22.3842706739242
34730.0,-9.5,6.5,0.0330388553487651
34731.0,-8.5,6.5,2.5271200573202
34732.0,-7.5,6.5,3.725202103664
34733.0,-6.5,6.5,10.360836472227001
34734.0,-5.5,6.5,14.0675731609526
34735.0,-4.5,6.5,1.5147093859388998
34737.0,-2.5,6.5,11.5106326216994
34738.0,-1.5,6.5,66.3910227615438
34739.0,-0.5,6.5,10.5777339770576
34740.0,0.5,6.5,16.1395814879219
34741.0,1.5,6.5,59.491849756134
34742.0,2.5,6.5,71.1249205629587
34743.0,3.5,6.5,47.8707773745276
34744.0,4.5,6.5,22.3959632194101
34745.0,5.5,6.5,89.8900389703428
34746.0,6.5,6.5,44.848304055978296
34747.0,7.5,6.5,101.0626159478422
34748.0,8.5,6.5,41.3302481325886
34749.0,9.5,6.5,16.600590477988302
34750.0,10.5,6.5,21.159827930888298
34751.0,11.5,6.5,7.0520570657040995
34752.0,12.5,6.5,1.1576938894173001
34753.0,13.5,6.5,1.1397195714231
34754.0,14.5,6.5,2.6687045715601
34755.0,15.5,6.5,0.5570073044854
34756.0,16.5,6.5,0.6774146118320999
34757.0,17.5,6.5,1.2874755571237
34758.0,18.5,6.5,0.4959789101222
34759.0,19.5,6.5,1.1787481567169
34760.0,20.5,6.5,0.1097966398248
34761.0,21.5,6.5,0.8218634504125999
34762.0,22.5,6.5,0.2097556260573
34763.0,23.5,6.5,0.01801157313822762
34764.0,24.5,6.5,0.003559095694240363
34765.0,25.5,6.5,0.013226685623458849
34766.0,26.5,6.5,0.0009683580926871698
34767.0,27.5,6.5,-0.0012859885488259706
34768.0,28.5,6.5,-0.0033870403943904517
34769.0,29.5,6.5,-0.0453484462267894
34770.0,30.5,6.5,0.2151233579187
34771.0,31.5,6.5,-0.12873263396850002
34772.0,32.5,6.5,-0.02878358177013424
34773.0,33.5,6.5,0.004778678446446494
34774.0,34.5,6.5,-0.0009369070605422008
34775.0,35.5,6.5,0.016429590713805703
34777.0,37.5,6.5,0.37760023186430003
34778.0,38.5,6.5,0.26411965834670004
34779.0,39.5,6.5,0.23656834539729998
34780.0,40.5,6.5,0.10227601734160001
34781.0,41.5,6.5,0.01835236175612421
34787.0,47.5,6.5,1.7136825740553001
34812.0,72.5,6.5,0.04436405852898542
34820.0,80.5,6.5,9.14232083566
34839.0,99.5,6.5,9.5247027358227
34840.0,100.5,6.5,90.2024381183104
34841.0,101.5,6.5,41.314022215813104
34842.0,102.5,6.5,1.6411178676264
34855.0,115.5,6.5,0.003683489568616255
34856.0,116.5,6.5,20.8282638047422
34857.0,117.5,6.5,2.1565007437001
34858.0,118.5,6.5,0.13778035837139999
34860.0,120.5,6.5,0.7703206413562
34861.0,121.5,6.5,3.6497664008378
34862.0,122.5,6.5,9.477271840013099
34863.0,123.5,6.5,0.02924127003149202
34864.0,124.5,6.5,3.3403140654190002
34865.0,125.5,6.5,21.7207027015355
34866.0,126.5,6.5,3.5230026197915003
35018.0,-81.5,7.5,0.7171597466241999
35019.0,-80.5,7.5,8.579017684281899
35021.0,-78.5,7.5,0.11326865319740001
35022.0,-77.5,7.5,0.1834051553499
35023.0,-76.5,7.5,5.1765130962752
35024.0,-75.5,7.5,5.8931153745052
35025.0,-74.5,7.5,3.5004400202965
35026.0,-73.5,7.5,27.9188682355418
35027.0,-72.5,7.5,39.4820923781003
35028.0,-71.5,7.5,8.8898120882457
35029.0,-70.5,7.5,5.374740461120799
35030.0,-69.5,7.5,1.5516735626911
35031.0,-68.5,7.5,1.7775479424782001
35032.0,-67.5,7.5,6.750325523672401
35033.0,-66.5,7.5,1.7879759687242
35034.0,-65.5,7.5,0.5673966308379
35035.0,-64.5,7.5,0.49520685356249994
35036.0,-63.5,7.5,0.8599917010741
35037.0,-62.5,7.5,1.3618436884248
35038.0,-61.5,7.5,2.485420709837
35039.0,-60.5,7.5,0.08324120070910712
35040.0,-59.5,7.5,0.1163613284919
35041.0,-58.5,7.5,1.1971103956911
35086.0,-13.5,7.5,0.00340325284445669
35087.0,-12.5,7.5,2.028964375909
35088.0,-11.5,7.5,1.9235596746727
35089.0,-10.5,7.5,-0.06214131480863417
35090.0,-9.5,7.5,0.9197300263128
35091.0,-8.5,7.5,2.0340315531656996
35092.0,-7.5,7.5,7.7216082300282
35093.0,-6.5,7.5,0.06549819552568925
35094.0,-5.5,7.5,3.6283424324574
35095.0,-4.5,7.5,0.3528227524762
35097.0,-2.5,7.5,-0.2075751583975
35098.0,-1.5,7.5,-0.1032808794448
35099.0,-0.5,7.5,1.3185532946923
35100.0,0.5,7.5,7.068315730617599
35101.0,1.5,7.5,9.1616097983556
35102.0,2.5,7.5,16.570169040541803
35103.0,3.5,7.5,64.41941438608279
35104.0,4.5,7.5,60.8505880585978
35105.0,5.5,7.5,100.9384291187021
35106.0,6.5,7.5,55.8783751939023
35107.0,7.5,7.5,35.2690870187112
35108.0,8.5,7.5,35.4396698979669
35109.0,9.5,7.5,23.025607073795502
35110.0,10.5,7.5,6.7445024855822
35111.0,11.5,7.5,2.0691520406132002
35112.0,12.5,7.5,1.0729550424196
35113.0,13.5,7.5,6.8018168272011
35114.0,14.5,7.5,0.9627394340015
35115.0,15.5,7.5,2.0294452525357998
35116.0,16.5,7.5,1.3481822542097
35117.0,17.5,7.5,0.4616650699267
35118.0,18.5,7.5,0.5215617971026
35119.0,19.5,7.5,0.2677876480257
35120.0,20.5,7.5,0.06306290959416863
35121.0,21.5,7.5,0.02452010546558037
35122.0,22.5,7.5,0.007903166983375134
35123.0,23.5,7.5,0.008617551767288924
35124.0,24.5,7.5,0.0014288305635643227
35125.0,25.5,7.5,0.0004195354622842613
35127.0,27.5,7.5,-0.0794947799178736
35129.0,29.5,7.5,-0.05956958782749498
35130.0,30.5,7.5,-0.020215603182228314
35131.0,31.5,7.5,-0.06872234088982475
35132.0,32.5,7.5,-0.008132160219979237
35133.0,33.5,7.5,-0.005915349203787228
35134.0,34.5,7.5,-0.001250033255647573
35135.0,35.5,7.5,0.09444259618708556
35138.0,38.5,7.5,-0.061569125089029716
35139.0,39.5,7.5,0.7837421558955
35140.0,40.5,7.5,0.6689631982574
35141.0,41.5,7.5,0.008848764990244389
35142.0,42.5,7.5,-0.002090693077955404
35147.0,47.5,7.5,0.1806122119248
35148.0,48.5,7.5,0.03568969103781629
35179.0,79.5,7.5,4.245454553626
35180.0,80.5,7.5,93.02814298157621
35181.0,81.5,7.5,0.1837686795025
35198.0,98.5,7.5,0.4758251211404
35199.0,99.5,7.5,35.898182631817
35200.0,100.5,7.5,12.6507266006279
35216.0,116.5,7.5,0.04710933111248316
35217.0,117.5,7.5,0.2223049027305
35218.0,118.5,7.5,0.06279484165427533
35221.0,121.5,7.5,0.3894510747384
35222.0,122.5,7.5,8.3670792254503
35223.0,123.5,7.5,11.7536535971756
35224.0,124.5,7.5,30.531003041593102
35225.0,125.5,7.5,62.0311904064513
35226.0,126.5,7.5,9.036639070644199
35376.0,-83.5,8.5,0.004103706050687626
35377.0,-82.5,8.5,5.817333015089701
35378.0,-81.5,8.5,3.6000225231625
35379.0,-80.5,8.5,15.37582620117
35380.0,-79.5,8.5,26.9125297256482
35381.0,-78.5,8.5,0.9579062469819
35382.0,-77.5,8.5,1.3807185086977
35383.0,-76.5,8.5,8.7361238529961
35384.0,-75.5,8.5,20.4961103561127
35385.0,-74.5,8.5,3.4484508289167
35386.0,-73.5,8.5,11.810698682160199
35387.0,-72.5,8.5,14.1533029383183
35388.0,-71.5,8.5,29.0738523817976
35389.0,-70.5,8.5,22.444270320113798
35390.0,-69.5,8.5,7.5412665235071
35391.0,-68.5,8.5,1.6246660706783
35392.0,-67.5,8.5,5.279026635334
35393.0,-66.5,8.5,0.5177263437897
35394.0,-65.5,8.5,1.0418744290325
35395.0,-64.5,8.5,10.803454039401
35396.0,-63.5,8.5,9.2843784319908
35397.0,-62.5,8.5,26.8402367504558
35398.0,-61.5,8.5,0.4999663890284
35399.0,-60.5,8.5,0.14231155895269998
35400.0,-59.5,8.5,0.08257125564817408
35446.0,-13.5,8.5,22.3149613603794
35447.0,-12.5,8.5,2.7049289992237
35448.0,-11.5,8.5,0.6630552453113
35449.0,-10.5,8.5,5.477506519578999
35450.0,-9.5,8.5,0.2688779424952
35451.0,-8.5,8.5,0.8244570366463001
35452.0,-7.5,8.5,1.3706735424859
35453.0,-6.5,8.5,1.4337466428417
35454.0,-5.5,8.5,3.5936766433722003
35455.0,-4.5,8.5,0.5772389430509
35456.0,-3.5,8.5,0.5362942120032
35457.0,-2.5,8.5,0.03650212925480336
35459.0,-0.5,8.5,2.5996964803159
35460.0,0.5,8.5,4.3787543731106
35461.0,1.5,8.5,6.3655679832408
35462.0,2.5,8.5,4.0580910421083
35463.0,3.5,8.5,21.667991942758402
35464.0,4.5,8.5,59.4921653252586
35465.0,5.5,8.5,19.049380208561
35466.0,6.5,8.5,10.0177968671933
35467.0,7.5,8.5,66.2438771762861
35468.0,8.5,8.5,30.6399788854775
35469.0,9.5,8.5,10.3615211847579
35470.0,10.5,8.5,4.480911395137899
35471.0,11.5,8.5,14.808936983112499
35472.0,12.5,8.5,3.7882560256852
35473.0,13.5,8.5,0.9831910644077001
35474.0,14.5,8.5,0.7454005392404
35475.0,15.5,8.5,2.1694004878706
35476.0,16.5,8.5,7.5731753272598
35477.0,17.5,8.5,3.9611585104973
35478.0,18.5,8.5,1.2303996254851
35479.0,19.5,8.5,0.012252206996663788
35480.0,20.5,8.5,0.36281774843069997
35481.0,21.5,8.5,0.0254932334476096
35482.0,22.5,8.5,0.06855819162459868
35483.0,23.5,8.5,0.08635657079025756
35484.0,24.5,8.5,-0.0009893171632929692
35488.0,28.5,8.5,-0.1300784331181
35489.0,29.5,8.5,-0.07209265281654259
35490.0,30.5,8.5,-0.07847973468792036
35491.0,31.5,8.5,-0.01651899370043469
35492.0,32.5,8.5,-0.12369878703269999
35495.0,35.5,8.5,0.5598993694755
35498.0,38.5,8.5,1.1132085756717
35499.0,39.5,8.5,0.8180296194794
35500.0,40.5,8.5,0.9006289505058
35501.0,41.5,8.5,0.1210370187676
35502.0,42.5,8.5,0.04701565118102628
35536.0,76.5,8.5,25.2722358827469
35537.0,77.5,8.5,47.9788431322482
35538.0,78.5,8.5,6.6877685773060005
35539.0,79.5,8.5,5.4429283419997
35540.0,80.5,8.5,28.0842561611971
35558.0,98.5,8.5,25.8585916896653
35559.0,99.5,8.5,41.9414333197516
35560.0,100.5,8.5,4.556272460105601
35564.0,104.5,8.5,3.679770702562
35565.0,105.5,8.5,4.2508588125983
35566.0,106.5,8.5,0.1913586973112
35576.0,116.5,8.5,0.0028127836850960304
35577.0,117.5,8.5,1.6875354374552
35578.0,118.5,8.5,0.05611564482818353
35582.0,122.5,8.5,2.2951507741487003
35583.0,123.5,8.5,19.028119195614
35584.0,124.5,8.5,16.850931087225
35585.0,125.5,8.5,18.8228230496113
35586.0,126.5,8.5,5.609965496299799
35734.0,-85.5,9.5,2.5860044382573997
35735.0,-84.5,9.5,13.200148170478199
35736.0,-83.5,9.5,-0.04942062730490496
35737.0,-82.5,9.5,2.9381386763843
35739.0,-80.5,9.5,0.507617514155
35740.0,-79.5,9.5,46.0967972426295
35741.0,-78.5,9.5,0.39157707462139996
35742.0,-77.5,9.5,0.05302912722144256
35743.0,-76.5,9.5,1.2696225389433
35744.0,-75.5,9.5,21.106995658631398
35745.0,-74.5,9.5,9.8893043729641
35746.0,-73.5,9.5,6.3707884057069
35747.0,-72.5,9.5,2.1943417786087
35748.0,-71.5,9.5,6.9390829926125
35749.0,-70.5,9.5,26.2711985214678
35750.0,-69.5,9.5,35.5419889044708
35751.0,-68.5,9.5,15.010811162451501
35752.0,-67.5,9.5,8.2345777902461
35753.0,-66.5,9.5,7.3582399071278
35754.0,-65.5,9.5,6.5164079879940005
35755.0,-64.5,9.5,9.2556853168483
35756.0,-63.5,9.5,20.1693153330969
35757.0,-62.5,9.5,3.5023120424722
35758.0,-61.5,9.5,0.07770041937449167
35759.0,-60.5,9.5,0.07348506219816564
35806.0,-13.5,9.5,40.393352945200704
35807.0,-12.5,9.5,2.1108543702209
35808.0,-11.5,9.5,0.17172640673689998
35809.0,-10.5,9.5,2.8386380324251
35810.0,-9.5,9.5,0.2124630241052
35811.0,-8.5,9.5,0.2996745641209
35812.0,-7.5,9.5,1.3356861931049
35813.0,-6.5,9.5,3.2489801662172
35814.0,-5.5,9.5,10.489853183899601
35815.0,-4.5,9.5,1.2395785462341
35816.0,-3.5,9.5,1.3510755430219
35817.0,-2.5,9.5,1.8117375028437
35819.0,-0.5,9.5,2.3183607415039997
35820.0,0.5,9.5,3.9844121491671998
35821.0,1.5,9.5,6.9042422366756
35822.0,2.5,9.5,1.1401217380499
35823.0,3.5,9.5,10.9766513301762
35824.0,4.5,9.5,7.657212819735101
35825.0,5.5,9.5,13.175060135479699
35826.0,6.5,9.5,40.1380221233147
35827.0,7.5,9.5,110.2692350638744
35828.0,8.5,9.5,69.3685428152134
35829.0,9.5,9.5,26.6194585170514
35830.0,10.5,9.5,3.4496108670203
35831.0,11.5,9.5,12.7284243480459
35832.0,12.5,9.5,26.9255857615088
35833.0,13.5,9.5,11.112559486874801
35834.0,14.5,9.5,2.8296547681476
35835.0,15.5,9.5,4.9648511508023
35836.0,16.5,9.5,2.4620482359813
35837.0,17.5,9.5,0.7600906581326999
35838.0,18.5,9.5,2.5359539968298
35839.0,19.5,9.5,0.35613509605090005
35840.0,20.5,9.5,0.1943465350921
35841.0,21.5,9.5,0.1362248452341
35842.0,22.5,9.5,0.041242502528985196
35843.0,23.5,9.5,0.0003941382031763021
35845.0,25.5,9.5,0.007730786735767335
35848.0,28.5,9.5,-0.11017568240909999
35849.0,29.5,9.5,0.6991842848262999
35850.0,30.5,9.5,-0.014963046358916932
35851.0,31.5,9.5,-0.1612313790105
35855.0,35.5,9.5,0.1901164320015
35858.0,38.5,9.5,3.1009800359226998
35859.0,39.5,9.5,1.7145593349864
35860.0,40.5,9.5,0.3763485599567
35861.0,41.5,9.5,0.849065067849
35862.0,42.5,9.5,0.6974723363498999
35896.0,76.5,9.5,78.7111165139855
35897.0,77.5,9.5,22.2029467476379
35898.0,78.5,9.5,52.7344388291165
35899.0,79.5,9.5,1.7328083630348001
35900.0,80.5,9.5,-0.1929346207523
35918.0,98.5,9.5,12.3067782950178
35919.0,99.5,9.5,22.237573076165603
35920.0,100.5,9.5,4.4085208086061
35923.0,103.5,9.5,0.024219954017104958
35924.0,104.5,9.5,8.7780920800387
35925.0,105.5,9.5,169.6326401437112
35926.0,106.5,9.5,38.8815962487744
35937.0,117.5,9.5,0.5515828260956
35938.0,118.5,9.5,5.513594319679401
35939.0,119.5,9.5,0.006506638397100932
35941.0,121.5,9.5,0.03386858440094074
35942.0,122.5,9.5,3.2127677163155
35943.0,123.5,9.5,19.1337961669798
35944.0,124.5,9.5,8.878430440342399
35945.0,125.5,9.5,9.436854251794301
35946.0,126.5,9.5,2.2236591963737
36094.0,-85.5,10.5,0.1426872090807
36095.0,-84.5,10.5,0.11755120997969999
36096.0,-83.5,10.5,0.01985661707389828
36104.0,-75.5,10.5,25.9654511782106
36105.0,-74.5,10.5,45.6070113514737
36106.0,-73.5,10.5,13.1294060553862
36107.0,-72.5,10.5,10.6156830457384
36108.0,-71.5,10.5,90.1831116692385
36109.0,-70.5,10.5,5.9855864009073
36110.0,-69.5,10.5,43.241822577308795
36111.0,-68.5,10.5,23.5875968090123
36112.0,-67.5,10.5,28.899695108028702
36113.0,-66.5,10.5,68.9774017889974
36114.0,-65.5,10.5,5.0921021651432
36115.0,-64.5,10.5,32.8099261262457
36116.0,-63.5,10.5,21.874874826655898
36117.0,-62.5,10.5,3.2331738689542
36118.0,-61.5,10.5,62.1878458624696
36119.0,-60.5,10.5,0.2882395298111
36164.0,-15.5,10.5,0.08360508562956531
36165.0,-14.5,10.5,-0.155834946497
36166.0,-13.5,10.5,1.9000711369283
36167.0,-12.5,10.5,10.8255119426277
36168.0,-11.5,10.5,1.5576319294293002
36169.0,-10.5,10.5,1.8390219492787
36170.0,-9.5,10.5,3.9433799498271003
36172.0,-7.5,10.5,-0.003910306388374826
36173.0,-6.5,10.5,4.1740527220725
36174.0,-5.5,10.5,8.1222549563796
36175.0,-4.5,10.5,8.2371939794756
36176.0,-3.5,10.5,8.1764341052876
36177.0,-2.5,10.5,11.0226438530837
36178.0,-1.5,10.5,1.616788329426
36179.0,-0.5,10.5,4.2664462664587
36180.0,0.5,10.5,0.5496692119206
36181.0,1.5,10.5,1.5677303881075
36182.0,2.5,10.5,2.2829461192189
36183.0,3.5,10.5,2.561723274862
36184.0,4.5,10.5,8.0005368904188
36185.0,5.5,10.5,12.534594824379699
36186.0,6.5,10.5,8.610257663925701
36187.0,7.5,10.5,75.1066705904428
36188.0,8.5,10.5,24.270431457598
36189.0,9.5,10.5,28.7607967588255
36190.0,10.5,10.5,8.334182559229099
36191.0,11.5,10.5,30.5363665049856
36192.0,12.5,10.5,15.410118052038401
36193.0,13.5,10.5,26.5151606413984
36194.0,14.5,10.5,11.114772827973201
36195.0,15.5,10.5,3.5191126421855
36196.0,16.5,10.5,1.3195305757384002
36197.0,17.5,10.5,0.2522999073508
36198.0,18.5,10.5,0.02694577385217009
36199.0,19.5,10.5,0.2052723621953
36200.0,20.5,10.5,0.1525628892895
36201.0,21.5,10.5,0.0884682166026893
36202.0,22.5,10.5,0.21724749728819998
36203.0,23.5,10.5,0.07377239200471848
36208.0,28.5,10.5,0.2289740291236
36209.0,29.5,10.5,0.08731636396541906
36210.0,30.5,10.5,0.08487005007776321
36215.0,35.5,10.5,-0.002620295475316838
36218.0,38.5,10.5,-0.035864849530523726
36219.0,39.5,10.5,1.3275886543226
36220.0,40.5,10.5,0.09689375352048275
36222.0,42.5,10.5,-0.0019317166554801287
36252.0,72.5,10.5,0.1334314957811
36253.0,73.5,10.5,0.018111624395967783
36255.0,75.5,10.5,4.8806382346455
36256.0,76.5,10.5,46.464722831336
36257.0,77.5,10.5,56.7551255288058
36258.0,78.5,10.5,89.3865100571861
36259.0,79.5,10.5,60.026955582281204
36278.0,98.5,10.5,5.3288174817655
36279.0,99.5,10.5,16.0085477359317
36283.0,103.5,10.5,11.25863892638
36284.0,104.5,10.5,21.9421612743894
36285.0,105.5,10.5,52.821053041412696
36286.0,106.5,10.5,233.6029695955173
36287.0,107.5,10.5,25.785948422687397
36288.0,108.5,10.5,12.1897794434536
36294.0,114.5,10.5,0.0018910371750116132
36298.0,118.5,10.5,0.1234040322103
36299.0,119.5,10.5,1.9553600464895
36300.0,120.5,10.5,0.025499018754758407
36301.0,121.5,10.5,2.1800876102139
36302.0,122.5,10.5,22.6600817773439
36303.0,123.5,10.5,43.88431376703
36304.0,124.5,10.5,11.4721791311802
36305.0,125.5,10.5,2.6936314454674997
36306.0,126.5,10.5,0.1231225841833
36453.0,-86.5,11.5,5.0164536798751005
36454.0,-85.5,11.5,2.9941775245391
36455.0,-84.5,11.5,1.3926623782193002
36456.0,-83.5,11.5,0.08897634594047941
36465.0,-74.5,11.5,18.2828545355158
36466.0,-73.5,11.5,1.3614401636216
36467.0,-72.5,11.5,10.224253646090698
36468.0,-71.5,11.5,1.6452650467918
36469.0,-70.5,11.5,14.3601467882415
36470.0,-69.5,11.5,11.9864371775613
36471.0,-68.5,11.5,1.7800021201467
36475.0,-64.5,11.5,0.3972433544211
36476.0,-63.5,11.5,5.6228461320333
36478.0,-61.5,11.5,0.08774409854749095
36479.0,-60.5,11.5,3.3178381621084
36523.0,-16.5,11.5,0.6380429977202
36524.0,-15.5,11.5,15.0677484315776
36525.0,-14.5,11.5,2.5520561243352997
36526.0,-13.5,11.5,1.7821519011182
36527.0,-12.5,11.5,15.081050166519098
36528.0,-11.5,11.5,0.44267163583209995
36529.0,-10.5,11.5,0.08962996034891761
36530.0,-9.5,11.5,0.06591944705165663
36532.0,-7.5,11.5,-0.009420652914439076
36533.0,-6.5,11.5,5.1204770733615
36534.0,-5.5,11.5,9.0526489073476
36535.0,-4.5,11.5,23.6588686109479
36536.0,-3.5,11.5,8.668900090869698
36537.0,-2.5,11.5,7.2902554180995995
36538.0,-1.5,11.5,4.7013881019253
36539.0,-0.5,11.5,14.8435740211105
36540.0,0.5,11.5,5.3739840692798
36541.0,1.5,11.5,1.5238208778178999
36542.0,2.5,11.5,3.6440328651382
36543.0,3.5,11.5,9.579766180131099
36544.0,4.5,11.5,9.596024204409
36545.0,5.5,11.5,13.6060328207345
36546.0,6.5,11.5,8.3728574889616
36547.0,7.5,11.5,72.7756565236639
36548.0,8.5,11.5,42.990797725442896
36549.0,9.5,11.5,20.855430878874902
36550.0,10.5,11.5,5.641427347836999
36551.0,11.5,11.5,16.5241368173968
36552.0,12.5,11.5,3.9087887415759
36553.0,13.5,11.5,33.6106346573921
36554.0,14.5,11.5,3.0195700832217
36555.0,15.5,11.5,3.1635922274649
36556.0,16.5,11.5,0.3965415563105
36557.0,17.5,11.5,0.6036927451787
36558.0,18.5,11.5,0.7516111346480999
36559.0,19.5,11.5,0.49257271908410005
36560.0,20.5,11.5,1.0372781436704
36561.0,21.5,11.5,0.19572221326
36562.0,22.5,11.5,0.487287675051
36563.0,23.5,11.5,-0.1082384339554
36568.0,28.5,11.5,0.8717812230679
36574.0,34.5,11.5,3.5179024805237997
36575.0,35.5,11.5,0.04986452262371516
36577.0,37.5,11.5,-0.004790823005518715
36578.0,38.5,11.5,0.6713702452411999
36579.0,39.5,11.5,2.2327726290642
36580.0,40.5,11.5,0.2097515273974
36581.0,41.5,11.5,0.19802335436
36582.0,42.5,11.5,1.2132634385693
36583.0,43.5,11.5,-0.051776847836439606
36612.0,72.5,11.5,-0.005013832574769078
36615.0,75.5,11.5,8.029115683530199
36616.0,76.5,11.5,77.6545979732986
36617.0,77.5,11.5,89.19058315925909
36618.0,78.5,11.5,61.936686273012405
36619.0,79.5,11.5,42.5012571484788
36632.0,92.5,11.5,3.1352659483964
36638.0,98.5,11.5,0.5136064187774
36639.0,99.5,11.5,14.7898637754311
36642.0,102.5,11.5,1.0431435965715
36643.0,103.5,11.5,1.6884526898637
36644.0,104.5,11.5,42.1809468829531
36645.0,105.5,11.5,30.9017924483176
36646.0,106.5,11.5,225.8874157191347
36647.0,107.5,11.5,126.86732164888501
36648.0,108.5,11.5,177.2713607821515
36649.0,109.5,11.5,11.321477194337
36654.0,114.5,11.5,0.0031594724732460925
36659.0,119.5,11.5,0.5896650754376
36660.0,120.5,11.5,0.3784784846556
36661.0,121.5,11.5,1.283089908287
36662.0,122.5,11.5,8.8325258699356
36663.0,123.5,11.5,6.0998020586887005
36664.0,124.5,11.5,5.1166946864745
36665.0,125.5,11.5,4.0700101761077
36812.0,-87.5,12.5,7.1411143218527
36813.0,-86.5,12.5,8.8329358345627
36815.0,-84.5,12.5,0.6886564277082
36816.0,-83.5,12.5,0.9260035305442
36817.0,-82.5,12.5,0.021147320611950536
36818.0,-81.5,12.5,1.2709850561501002
36827.0,-72.5,12.5,0.190262438012
36828.0,-71.5,12.5,0.5573324890833999
36829.0,-70.5,12.5,4.8174841781521005
36830.0,-69.5,12.5,4.7533870353597
36831.0,-68.5,12.5,13.138593848141399
36838.0,-61.5,12.5,5.2713811497771
36883.0,-16.5,12.5,12.0663052509791
36884.0,-15.5,12.5,11.582564053069301
36885.0,-14.5,12.5,9.643127203311
36886.0,-13.5,12.5,2.184453594641
36887.0,-12.5,12.5,0.33686855389570003
36890.0,-9.5,12.5,0.49775449569339997
36892.0,-7.5,12.5,-0.5412554122556
36893.0,-6.5,12.5,5.3543897069408
36894.0,-5.5,12.5,8.7442960455984
36895.0,-4.5,12.5,5.6360500630498995
36896.0,-3.5,12.5,9.7166229016746
36897.0,-2.5,12.5,15.2246829013493
36898.0,-1.5,12.5,64.18780337744839
36899.0,-0.5,12.5,9.4168970486629
36900.0,0.5,12.5,3.9211375982568
36901.0,1.5,12.5,1.4412034679453
36902.0,2.5,12.5,1.6112860237805
36903.0,3.5,12.5,4.2153532247985
36904.0,4.5,12.5,31.898162003154297
36905.0,5.5,12.5,17.1899973412004
36906.0,6.5,12.5,36.6966511931514
36907.0,7.5,12.5,39.2494564002199
36908.0,8.5,12.5,19.396625724533703
36909.0,9.5,12.5,15.074841941308899
36910.0,10.5,12.5,12.2743856215072
36911.0,11.5,12.5,5.962550956654001
36912.0,12.5,12.5,1.4635387143818
36913.0,13.5,12.5,2.659601987111
36914.0,14.5,12.5,7.8175735153076
36915.0,15.5,12.5,28.418330121857903
36916.0,16.5,12.5,0.7769033153028001
36917.0,17.5,12.5,1.2736897978379
36918.0,18.5,12.5,1.6106132398300999
36919.0,19.5,12.5,0.436063812895
36920.0,20.5,12.5,0.48603839489600004
36921.0,21.5,12.5,0.9984449886189001
36922.0,22.5,12.5,0.6107320374347
36928.0,28.5,12.5,0.4147329189481
36934.0,34.5,12.5,1.8264094658025
36937.0,37.5,12.5,-0.03216960454320912
36938.0,38.5,12.5,0.08895479274792936
36939.0,39.5,12.5,0.6430678092086
36940.0,40.5,12.5,0.007739159306132101
36941.0,41.5,12.5,0.00944538497487147
36942.0,42.5,12.5,0.3870265731842
36943.0,43.5,12.5,0.2693489567088
36944.0,44.5,12.5,12.1458107428619
36945.0,45.5,12.5,5.5472113234103
36952.0,52.5,12.5,0.003274979792418942
36974.0,74.5,12.5,5.3699615771902
36975.0,75.5,12.5,15.1512975578827
36976.0,76.5,12.5,54.2236537094806
36977.0,77.5,12.5,8.3037207897048
36978.0,78.5,12.5,19.4593057093639
36979.0,79.5,12.5,48.274908870192704
36980.0,80.5,12.5,29.178769562167798
36992.0,92.5,12.5,-0.016903907265560146
36998.0,98.5,12.5,4.133484150636099
36999.0,99.5,12.5,34.4177088118563
37000.0,100.5,12.5,27.043349522143203
37001.0,101.5,12.5,47.0503902848808
37002.0,102.5,12.5,32.7303112291972
37003.0,103.5,12.5,8.3540729789207
37004.0,104.5,12.5,13.3417401828184
37005.0,105.5,12.5,18.0441496010462
37006.0,106.5,12.5,3.8588992207721997
37007.0,107.5,12.5,21.490617344685
37008.0,108.5,12.5,132.0670149932395
37009.0,109.5,12.5,26.219731960753602
37019.0,119.5,12.5,0.1303695046429
37020.0,120.5,12.5,1.6414369052020998
37021.0,121.5,12.5,6.3616918477271005
37022.0,122.5,12.5,1.5805149185176999
37023.0,123.5,12.5,6.0127088354951
37024.0,124.5,12.5,7.997197676583899
37025.0,125.5,12.5,2.2429371567254
37168.0,-91.5,13.5,0.6222963647438
37169.0,-90.5,13.5,6.571584745991499
37170.0,-89.5,13.5,83.63123268126239
37171.0,-88.5,13.5,12.647260616155801
37172.0,-87.5,13.5,19.1101466292144
37173.0,-86.5,13.5,2.5853165798971
37175.0,-84.5,13.5,0.03280388490228542
37176.0,-83.5,13.5,0.049303772170902094
37178.0,-81.5,13.5,0.1404415989211
37198.0,-61.5,13.5,5.5652179145533
37199.0,-60.5,13.5,2.9401249712930997
37200.0,-59.5,13.5,17.277671906715
37243.0,-16.5,13.5,29.935007865815997
37244.0,-15.5,13.5,7.835437347358301
37245.0,-14.5,13.5,1.2423702368426
37246.0,-13.5,13.5,0.3563495581239
37247.0,-12.5,13.5,-0.03307468598941932
37250.0,-9.5,13.5,1.465619714972
37252.0,-7.5,13.5,-0.08526466666820622
37253.0,-6.5,13.5,6.609858232403
37254.0,-5.5,13.5,5.8594874717597
37255.0,-4.5,13.5,1.2004606895080998
37256.0,-3.5,13.5,2.6031295197914996
37257.0,-2.5,13.5,12.2476089170215
37258.0,-1.5,13.5,10.4478316952478
37259.0,-0.5,13.5,3.7193112745167998
37260.0,0.5,13.5,2.3034560360571
37261.0,1.5,13.5,3.1745007540065
37262.0,2.5,13.5,27.794651827911803
37263.0,3.5,13.5,4.6492820205946
37264.0,4.5,13.5,5.8597613077796
37265.0,5.5,13.5,42.2171507697596
37266.0,6.5,13.5,4.4387565221583
37267.0,7.5,13.5,15.4169634675414
37268.0,8.5,13.5,9.8157897032863
37269.0,9.5,13.5,2.6177902057079
37270.0,10.5,13.5,0.8484864013326
37271.0,11.5,13.5,1.1333040083760002
37272.0,12.5,13.5,2.9291831219496
37273.0,13.5,13.5,1.2755430487734
37274.0,14.5,13.5,2.087039905954
37275.0,15.5,13.5,4.0463953355029005
37276.0,16.5,13.5,1.1421152730847999
37277.0,17.5,13.5,0.631842982302
37278.0,18.5,13.5,1.1993781769829999
37279.0,19.5,13.5,1.0060594787414
37280.0,20.5,13.5,3.6534495983415
37281.0,21.5,13.5,1.3987678851971002
37282.0,22.5,13.5,0.406394844823
37301.0,41.5,13.5,0.05704446699054115
37302.0,42.5,13.5,0.5985110742094001
37303.0,43.5,13.5,11.3523347988282
37304.0,44.5,13.5,35.125119560355
37305.0,45.5,13.5,10.522784699026001
37306.0,46.5,13.5,1.1301028022267001
37307.0,47.5,13.5,-0.006716758222468571
37308.0,48.5,13.5,0.062177719369189324
37334.0,74.5,13.5,14.9241638803596
37335.0,75.5,13.5,56.4180592400288
37336.0,76.5,13.5,19.183815467710403
37337.0,77.5,13.5,62.7303370368809
37338.0,78.5,13.5,7.8023437965830995
37339.0,79.5,13.5,30.5281522939818
37340.0,80.5,13.5,77.3665171742253
37352.0,92.5,13.5,-0.004608813882603476
37358.0,98.5,13.5,2.4308593499830997
37359.0,99.5,13.5,70.8478416477782
37360.0,100.5,13.5,57.1757308076872
37361.0,101.5,13.5,77.6815668830166
37362.0,102.5,13.5,33.3763092904912
37363.0,103.5,13.5,29.1411145960216
37364.0,104.5,13.5,3.5132474930551
37365.0,105.5,13.5,2.5069539456052
37366.0,106.5,13.5,1.5990953542606001
37367.0,107.5,13.5,12.9348455183894
37368.0,108.5,13.5,97.1595352931166
37369.0,109.5,13.5,28.786986052103398
37380.0,120.5,13.5,9.1439861909483
37381.0,121.5,13.5,33.6273374308668
37382.0,122.5,13.5,8.1434330396144
37383.0,123.5,13.5,32.3735245488517
37384.0,124.5,13.5,2.3903946645713
37527.0,-92.5,14.5,26.3245802492982
37528.0,-91.5,14.5,61.5070388981311
37529.0,-90.5,14.5,98.8258033325728
37530.0,-89.5,14.5,24.654922764081302
37531.0,-88.5,14.5,7.3021931474523
37532.0,-87.5,14.5,20.4854401406329
37533.0,-86.5,14.5,0.40791889219849997
37535.0,-84.5,14.5,0.15974704727220002
37536.0,-83.5,14.5,1.0080697810805002
37558.0,-61.5,14.5,13.1478219062264
37559.0,-60.5,14.5,14.8270109965435
37602.0,-17.5,14.5,44.4007246829384
37603.0,-16.5,14.5,21.8500762446746
37604.0,-15.5,14.5,12.9204479443749
37607.0,-12.5,14.5,1.2575792135416999
37608.0,-11.5,14.5,-0.02928631029635496
37610.0,-9.5,14.5,0.40049139851
37611.0,-8.5,14.5,0.08120320519379551
37612.0,-7.5,14.5,-0.023664880438950837
37613.0,-6.5,14.5,1.3023551560328999
37614.0,-5.5,14.5,2.2166093184596
37615.0,-4.5,14.5,0.03965148894646294
37617.0,-2.5,14.5,0.3536644062571
37618.0,-1.5,14.5,1.8227473008631
37619.0,-0.5,14.5,3.3994199996021
37620.0,0.5,14.5,3.334461063622
37621.0,1.5,14.5,4.9813696437803
37622.0,2.5,14.5,0.9676941673669001
37623.0,3.5,14.5,1.6806840738019
37624.0,4.5,14.5,1.0211837682746
37625.0,5.5,14.5,9.0764199169703
37626.0,6.5,14.5,2.2755380218976002
37627.0,7.5,14.5,0.4780769348117
37628.0,8.5,14.5,0.956329253386
37629.0,9.5,14.5,0.4039630081396
37630.0,10.5,14.5,0.2175700521682
37631.0,11.5,14.5,0.053851986288554254
37632.0,12.5,14.5,0.06036955539876394
37633.0,13.5,14.5,0.5646942502608
37634.0,14.5,14.5,0.46473438565999997
37635.0,15.5,14.5,1.5083935518942
37636.0,16.5,14.5,0.13590596840139998
37637.0,17.5,14.5,0.04160945711060152
37638.0,18.5,14.5,0.060451938267707526
37639.0,19.5,14.5,0.04947362979831592
37640.0,20.5,14.5,0.7028933305267
37641.0,21.5,14.5,1.1045721232368
37642.0,22.5,14.5,0.6445530207626
37649.0,29.5,14.5,-0.021386033700785678
37650.0,30.5,14.5,-0.00475279522458748
37652.0,32.5,14.5,0.3454233409249
37658.0,38.5,14.5,1.7078363530733
37659.0,39.5,14.5,0.4616381189846
37660.0,40.5,14.5,0.1533249092562
37661.0,41.5,14.5,0.028445926943272824
37662.0,42.5,14.5,5.948542512802399
37663.0,43.5,14.5,11.452435101070499
37664.0,44.5,14.5,31.739097863674903
37665.0,45.5,14.5,6.4103022615167005
37666.0,46.5,14.5,3.0203305725395
37667.0,47.5,14.5,1.9487801914709
37668.0,48.5,14.5,0.009872400482746164
37669.0,49.5,14.5,-0.09834276415053093
37694.0,74.5,14.5,5.8238795354992
37695.0,75.5,14.5,33.1411672797494
37696.0,76.5,14.5,12.0714854186616
37697.0,77.5,14.5,15.678213610249799
37698.0,78.5,14.5,21.0347332516115
37699.0,79.5,14.5,4.3054664103968
37700.0,80.5,14.5,0.02427595101444731
37717.0,97.5,14.5,0.5547283521116
37718.0,98.5,14.5,9.2327548578445
37719.0,99.5,14.5,56.0565214700519
37720.0,100.5,14.5,232.0854738995796
37721.0,101.5,14.5,75.1161370803665
37722.0,102.5,14.5,34.889668767308905
37723.0,103.5,14.5,52.1469903921312
37724.0,104.5,14.5,47.7360743470553
37725.0,105.5,14.5,19.8002476635663
37726.0,106.5,14.5,2.7064054394377
37727.0,107.5,14.5,33.584392874124404
37728.0,108.5,14.5,38.259021544087005
37729.0,109.5,14.5,13.1487825395286
37740.0,120.5,14.5,92.4051489467839
37741.0,121.5,14.5,66.7051689395219
37742.0,122.5,14.5,4.80544186132
37743.0,123.5,14.5,0.26013345175179997
37744.0,124.5,14.5,0.1510319306589
37882.0,-97.5,15.5,1.5403144433381
37883.0,-96.5,15.5,0.34452452951909995
37887.0,-92.5,15.5,0.360895587377
37888.0,-91.5,15.5,0.371375497903
37889.0,-90.5,15.5,-0.4555675891258
37890.0,-89.5,15.5,8.2243409038902
37891.0,-88.5,15.5,6.1654785155757
37892.0,-87.5,15.5,0.1378326801578
37893.0,-86.5,15.5,5.7999080973299
37895.0,-84.5,15.5,0.0013612757956654273
37896.0,-83.5,15.5,0.3950913060245
37918.0,-61.5,15.5,6.0375549810287
37962.0,-17.5,15.5,0.004594109875346864
37963.0,-16.5,15.5,8.350066631430199
37964.0,-15.5,15.5,1.7157569850897
37965.0,-14.5,15.5,0.06306826078910996
37966.0,-13.5,15.5,2.1290274014037003
37967.0,-12.5,15.5,2.5308358927517998
37968.0,-11.5,15.5,-0.0291467600655658
37969.0,-10.5,15.5,-0.07879731767663142
37970.0,-9.5,15.5,2.0725522029183
37971.0,-8.5,15.5,1.0890145899500001
37972.0,-7.5,15.5,0.6376240455099
37973.0,-6.5,15.5,0.12265513779020001
37974.0,-5.5,15.5,0.3119515440631
37975.0,-4.5,15.5,0.1285621347176
37976.0,-3.5,15.5,0.6415392022767
37977.0,-2.5,15.5,-0.02829087681104324
37979.0,-0.5,15.5,0.023204266114012898
37980.0,0.5,15.5,0.1499209445856
37981.0,1.5,15.5,0.062317672118088814
37982.0,2.5,15.5,0.2039473273306
37983.0,3.5,15.5,0.2370035125129
37984.0,4.5,15.5,0.3743693916002
37985.0,5.5,15.5,2.3645767411975
37986.0,6.5,15.5,0.8354440461675
37987.0,7.5,15.5,0.17478774229660002
37988.0,8.5,15.5,0.2091812428767
37989.0,9.5,15.5,0.06253719258269547
37990.0,10.5,15.5,0.1088268067641
37991.0,11.5,15.5,0.052999766658934654
37992.0,12.5,15.5,0.1916991145766
37993.0,13.5,15.5,0.07617646398852795
37994.0,14.5,15.5,0.05542708690574531
37995.0,15.5,15.5,0.06844843772561358
37996.0,16.5,15.5,0.03612566062388944
37997.0,17.5,15.5,0.015649166375975593
37998.0,18.5,15.5,0.02697982527675763
37999.0,19.5,15.5,0.03134553881476749
38000.0,20.5,15.5,0.5197113982431
38001.0,21.5,15.5,0.29729603840630003
38002.0,22.5,15.5,1.3638902377979
38003.0,23.5,15.5,0.08289059199000338
38004.0,24.5,15.5,-0.02662280555415181
38009.0,29.5,15.5,0.01831983940852775
38010.0,30.5,15.5,-0.002933239827267735
38011.0,31.5,15.5,-0.0017133344561491392
38012.0,32.5,15.5,5.7849051570196
38013.0,33.5,15.5,2.121269834597
38018.0,38.5,15.5,8.560563104631301
38019.0,39.5,15.5,2.8071825600183997
38020.0,40.5,15.5,0.028147476647876604
38022.0,42.5,15.5,1.0404978247544001
38023.0,43.5,15.5,12.934871788750199
38024.0,44.5,15.5,13.0065538566655
38025.0,45.5,15.5,4.2500999014917005
38026.0,46.5,15.5,0.03913091810218017
38030.0,50.5,15.5,0.109335460437
38031.0,51.5,15.5,1.0638490644326
38032.0,52.5,15.5,0.38303940120609997
38053.0,73.5,15.5,4.1481590237545
38054.0,74.5,15.5,45.745496632799494
38055.0,75.5,15.5,42.3584878771687
38056.0,76.5,15.5,43.3814892164373
38057.0,77.5,15.5,24.59729114801
38058.0,78.5,15.5,27.4998994501378
38059.0,79.5,15.5,-1.0630119222314
38060.0,80.5,15.5,3.0684256155043
38074.0,94.5,15.5,0.9927690911536999
38075.0,95.5,15.5,0.9735139996363
38077.0,97.5,15.5,5.3224973968006
38078.0,98.5,15.5,2.6269797737033
38079.0,99.5,15.5,28.6498056561467
38080.0,100.5,15.5,80.4318449889525
38081.0,101.5,15.5,48.1158236382434
38082.0,102.5,15.5,39.742566400167604
38083.0,103.5,15.5,60.666447643713695
38084.0,104.5,15.5,105.5661188469049
38085.0,105.5,15.5,40.9922009623237
38086.0,106.5,15.5,6.804106944505
38087.0,107.5,15.5,8.3123281320357
38088.0,108.5,15.5,80.1621071591145
38091.0,111.5,15.5,0.0007938395268284903
38099.0,119.5,15.5,4.6841413868026
38100.0,120.5,15.5,153.4755998980305
38101.0,121.5,15.5,2.4239322829074
38102.0,122.5,15.5,0.006645165643269786
38239.0,-100.5,16.5,0.018913853856210982
38240.0,-99.5,16.5,18.0007272881334
38241.0,-98.5,16.5,0.7975533199365
38243.0,-96.5,16.5,3.4837981598021
38246.0,-93.5,16.5,12.1864700579553
38247.0,-92.5,16.5,10.8760626844849
38248.0,-91.5,16.5,0.3850883738207
38249.0,-90.5,16.5,-0.1081202640358
38250.0,-89.5,16.5,3.4248243952649
38251.0,-88.5,16.5,1.4639276889933
38253.0,-86.5,16.5,0.7184103848995
38277.0,-62.5,16.5,0.47021388282860005
38278.0,-61.5,16.5,24.623525029973802
38323.0,-16.5,16.5,3.6227291603981997
38324.0,-15.5,16.5,3.7944444205479
38325.0,-14.5,16.5,1.0367209291543
38326.0,-13.5,16.5,0.4414640154047
38327.0,-12.5,16.5,0.8026410169984
38328.0,-11.5,16.5,1.5459437595884
38329.0,-10.5,16.5,0.5223255931037
38330.0,-9.5,16.5,0.8244161476488
38331.0,-8.5,16.5,0.148173363133
38332.0,-7.5,16.5,0.6277300400278001
38335.0,-4.5,16.5,0.03389504733467704
38336.0,-3.5,16.5,1.2686434519276
38337.0,-2.5,16.5,-0.014246003310850346
38344.0,4.5,16.5,0.1275645017266
38345.0,5.5,16.5,0.36984689160659995
38346.0,6.5,16.5,0.3096797221134
38347.0,7.5,16.5,1.6054304031316
38348.0,8.5,16.5,0.5179901117903
38349.0,9.5,16.5,0.012235776228582547
38350.0,10.5,16.5,0.00882514278746746
38351.0,11.5,16.5,0.008651834178995845
38352.0,12.5,16.5,0.0020773346109008925
38353.0,13.5,16.5,0.006874394110486763
38354.0,14.5,16.5,0.0008357191419379442
38355.0,15.5,16.5,0.02217562464026692
38356.0,16.5,16.5,0.444274038287
38357.0,17.5,16.5,0.1714408986456
38358.0,18.5,16.5,0.8115283630936001
38359.0,19.5,16.5,0.02987977820651877
38360.0,20.5,16.5,0.017445086569775187
38361.0,21.5,16.5,0.06204586041554279
38362.0,22.5,16.5,0.36499483439869995
38363.0,23.5,16.5,0.0490567426876781
38364.0,24.5,16.5,0.00016092590134344747
38371.0,31.5,16.5,0.0005603375719324095
38372.0,32.5,16.5,3.8702260729046
38373.0,33.5,16.5,6.341872288735599
38381.0,41.5,16.5,0.1233441909473
38382.0,42.5,16.5,4.9731551529318
38383.0,43.5,16.5,11.6121569194563
38384.0,44.5,16.5,1.7714705440868
38385.0,45.5,16.5,0.046585505048627615
38386.0,46.5,16.5,-0.0023994872047170103
38387.0,47.5,16.5,0.07086899887828783
38391.0,51.5,16.5,-0.056549594270501595
38392.0,52.5,16.5,1.5770225310562
38393.0,53.5,16.5,1.3608427811008001
38394.0,54.5,16.5,0.9867149705645
38413.0,73.5,16.5,4.0872210516242
38414.0,74.5,16.5,32.7962757364316
38415.0,75.5,16.5,48.619329247790404
38416.0,76.5,16.5,7.0136766028115005
38417.0,77.5,16.5,25.0607230329387
38420.0,80.5,16.5,64.6193880625092
38421.0,81.5,16.5,26.034004778890502
38422.0,82.5,16.5,5.3364540577453
38434.0,94.5,16.5,10.9027116070289
38435.0,95.5,16.5,15.168295396405899
38436.0,96.5,16.5,50.8988262982204
38437.0,97.5,16.5,20.1523025337323
38438.0,98.5,16.5,16.662959427425903
38439.0,99.5,16.5,46.397721168686196
38440.0,100.5,16.5,42.538780284744306
38441.0,101.5,16.5,38.9280037755309
38442.0,102.5,16.5,11.523562930194599
38443.0,103.5,16.5,62.871199645536905
38444.0,104.5,16.5,55.9984798891116
38445.0,105.5,16.5,12.3945269547237
38446.0,106.5,16.5,4.7152037409444
38447.0,107.5,16.5,73.72952893443039
38448.0,108.5,16.5,15.8532705843707
38451.0,111.5,16.5,0.021977519798974148
38452.0,112.5,16.5,0.21331430197509998
38459.0,119.5,16.5,5.435765745971801
38460.0,120.5,16.5,61.812531508171006
38461.0,121.5,16.5,28.095594178535798
38462.0,122.5,16.5,0.7080983733966
38597.0,-102.5,17.5,3.6498089665221
38598.0,-101.5,17.5,2.2460189477066996
38603.0,-96.5,17.5,13.4945018459373
38605.0,-94.5,17.5,2.398940004452
38607.0,-92.5,17.5,6.4175693684138
38608.0,-91.5,17.5,1.1148701942998
38610.0,-89.5,17.5,1.8035376071395
38611.0,-88.5,17.5,4.643646610095
38612.0,-87.5,17.5,0.5277344229164
38616.0,-83.5,17.5,0.0010036127301167924
38622.0,-77.5,17.5,12.3862334003675
38623.0,-76.5,17.5,13.9350615631683
38628.0,-71.5,17.5,0.3813309092681
38632.0,-67.5,17.5,0.8469737387194
38633.0,-66.5,17.5,10.207475781925801
38634.0,-65.5,17.5,0.4466356011544
38635.0,-64.5,17.5,4.978112948013701
38636.0,-63.5,17.5,0.1069393445939
38637.0,-62.5,17.5,4.4267914068884
38638.0,-61.5,17.5,5.1303544516481
38683.0,-16.5,17.5,0.4417894304325
38684.0,-15.5,17.5,1.1695083416115999
38685.0,-14.5,17.5,1.1017530386722
38686.0,-13.5,17.5,0.8930535945741
38687.0,-12.5,17.5,0.6550780760921
38688.0,-11.5,17.5,0.08488601012602241
38689.0,-10.5,17.5,-0.0009550817670381212
38690.0,-9.5,17.5,8.151343317020124e-05
38691.0,-8.5,17.5,-0.0005494976322165598
38692.0,-7.5,17.5,0.026048785120887808
38695.0,-4.5,17.5,-0.0026390528314139757
38696.0,-3.5,17.5,-1.8002490524612562e-06
38697.0,-2.5,17.5,-0.00927053131290038
38698.0,-1.5,17.5,-0.012338452666308751
38704.0,4.5,17.5,0.00902735527717812
38705.0,5.5,17.5,0.04294187391263191
38706.0,6.5,17.5,0.090822508549341
38707.0,7.5,17.5,0.24575731606179999
38708.0,8.5,17.5,0.6422577371794
38709.0,9.5,17.5,0.06372633527322734
38710.0,10.5,17.5,0.015533598335985364
38711.0,11.5,17.5,0.011517852211345327
38712.0,12.5,17.5,0.008617155212338214
38713.0,13.5,17.5,0.0016528356510804058
38714.0,14.5,17.5,0.0017329627831053336
38715.0,15.5,17.5,0.0021159564353951366
38716.0,16.5,17.5,0.002353507185420055
38717.0,17.5,17.5,0.023641226400448846
38718.0,18.5,17.5,0.09665873271822369
38719.0,19.5,17.5,0.4968687338423
38720.0,20.5,17.5,0.05969082023025204
38721.0,21.5,17.5,0.2654104389743
38722.0,22.5,17.5,0.08578933391027739
38723.0,23.5,17.5,0.1155911844459
38724.0,24.5,17.5,0.0005063639447559666
38732.0,32.5,17.5,0.0014446900054107274
38733.0,33.5,17.5,7.4575398416545
38734.0,34.5,17.5,2.8199477011371
38737.0,37.5,17.5,-0.014424443389412496
38738.0,38.5,17.5,-0.02961731697728298
38741.0,41.5,17.5,0.5906784473373
38742.0,42.5,17.5,1.9361298641393
38743.0,43.5,17.5,13.1151627760631
38744.0,44.5,17.5,37.2223230914154
38745.0,45.5,17.5,0.23282859977280002
38746.0,46.5,17.5,0.003651708115688615
38747.0,47.5,17.5,5.975389362394
38752.0,52.5,17.5,0.035501451970641903
38753.0,53.5,17.5,0.6785108081115
38754.0,54.5,17.5,14.7637789786472
38773.0,73.5,17.5,13.1378793093559
38774.0,74.5,17.5,24.094545263489398
38775.0,75.5,17.5,58.200215078403296
38776.0,76.5,17.5,36.5279222831875
38777.0,77.5,17.5,38.9033310771352
38778.0,78.5,17.5,466.139554243609
38779.0,79.5,17.5,13.561007374116
38780.0,80.5,17.5,9.2292342835335
38781.0,81.5,17.5,2.2371539801025
38782.0,82.5,17.5,2.8015559467787
38783.0,83.5,17.5,20.6988291760215
38794.0,94.5,17.5,1.9960447034792
38795.0,95.5,17.5,21.336580874258498
38796.0,96.5,17.5,20.3966865668861
38797.0,97.5,17.5,7.3424336661875
38798.0,98.5,17.5,4.3808295198787
38799.0,99.5,17.5,39.3074664168959
38800.0,100.5,17.5,38.2905740976052
38801.0,101.5,17.5,24.974803542144702
38802.0,102.5,17.5,95.7381221451503
38803.0,103.5,17.5,54.0284116740475
38804.0,104.5,17.5,51.3516660530733
38805.0,105.5,17.5,3.4032330828549
38806.0,106.5,17.5,23.6146955246572
38807.0,107.5,17.5,1.6499308079789
38820.0,120.5,17.5,27.037893629663998
38821.0,121.5,17.5,3.7106532818913003
38822.0,122.5,17.5,0.1672072025342
38955.0,-104.5,18.5,-0.001539010255942277
38956.0,-103.5,18.5,-0.08291147113377323
38957.0,-102.5,18.5,0.1712088534796
38959.0,-100.5,18.5,-0.2031798160486
38960.0,-99.5,18.5,9.9600728794228
38961.0,-98.5,18.5,3.9587573045855002
38962.0,-97.5,18.5,7.608834799356099
38963.0,-96.5,18.5,23.0567399849426
38964.0,-95.5,18.5,0.9621309249162999
38965.0,-94.5,18.5,8.9986175258024
38967.0,-92.5,18.5,4.3756683295348
38968.0,-91.5,18.5,4.114506191445
38969.0,-90.5,18.5,-0.030678510410327
38971.0,-88.5,18.5,3.3110175151295
38972.0,-87.5,18.5,0.2423447935832
38981.0,-78.5,18.5,6.5947017008335
38982.0,-77.5,18.5,29.2597234814954
38983.0,-76.5,18.5,21.1973601468192
38985.0,-74.5,18.5,2.0136823053098003
38986.0,-73.5,18.5,8.329334514682099
38987.0,-72.5,18.5,32.743591645399704
38988.0,-71.5,18.5,10.6359544864151
38989.0,-70.5,18.5,30.4580119416906
38990.0,-69.5,18.5,58.7982865521424
38991.0,-68.5,18.5,11.6907207798702
38992.0,-67.5,18.5,29.7135451345229
38993.0,-66.5,18.5,116.827450740524
38994.0,-65.5,18.5,42.4897714733453
38995.0,-64.5,18.5,4.4662275209499995
38996.0,-63.5,18.5,5.228016192834501
38997.0,-62.5,18.5,0.07264445558649896
39043.0,-16.5,18.5,1.6597169863758998
39044.0,-15.5,18.5,12.8159937336947
39045.0,-14.5,18.5,0.00035553709061212664
39046.0,-13.5,18.5,0.0005012192030103817
39047.0,-12.5,18.5,0.06396239804427159
39048.0,-11.5,18.5,-0.005049163950604778
39049.0,-10.5,18.5,0.003400307572683456
39050.0,-9.5,18.5,0.01382486081399722
39051.0,-8.5,18.5,0.0019900572370984485
39057.0,-2.5,18.5,-0.0018060540320933322
39058.0,-1.5,18.5,-0.0005644046324943503
39062.0,2.5,18.5,-0.0021120517241267358
39064.0,4.5,18.5,0.008206370112921099
39065.0,5.5,18.5,0.012584286729771056
39066.0,6.5,18.5,0.014848524849621418
39067.0,7.5,18.5,1.0236435349415
39068.0,8.5,18.5,0.2286297102032
39069.0,9.5,18.5,0.05733488087829541
39070.0,10.5,18.5,0.006400388671473007
39071.0,11.5,18.5,0.07505382411894711
39072.0,12.5,18.5,0.21821411883189998
39073.0,13.5,18.5,0.036633410164876715
39074.0,14.5,18.5,0.4566789442277
39075.0,15.5,18.5,0.006458750711443596
39076.0,16.5,18.5,0.0013584870052467106
39077.0,17.5,18.5,0.0015252045954961652
39078.0,18.5,18.5,0.4566466444403
39079.0,19.5,18.5,0.8452629258966999
39080.0,20.5,18.5,0.0129417791408609
39081.0,21.5,18.5,0.003809439958022391
39082.0,22.5,18.5,0.0020187023651008313
39083.0,23.5,18.5,0.003020987628323108
39084.0,24.5,18.5,0.0001362714255265768
39093.0,33.5,18.5,2.7433525130852
39094.0,34.5,18.5,0.31439070698530003
39097.0,37.5,18.5,-0.06855025726122775
39098.0,38.5,18.5,0.001906294679109856
39101.0,41.5,18.5,6.774974871556401
39102.0,42.5,18.5,81.8829012936537
39103.0,43.5,18.5,4.763400114988899
39104.0,44.5,18.5,0.021001709381316364
39105.0,45.5,18.5,0.277574631925
39113.0,53.5,18.5,0.05575954536152575
39114.0,54.5,18.5,0.07696264298088204
39133.0,73.5,18.5,86.0949177125695
39134.0,74.5,18.5,26.265758155356497
39135.0,75.5,18.5,9.445542455230001
39136.0,76.5,18.5,50.9836116935061
39137.0,77.5,18.5,0.9151230233676
39138.0,78.5,18.5,2.2838547970736
39139.0,79.5,18.5,21.911944796466898
39143.0,83.5,18.5,7.0118151728233
39153.0,93.5,18.5,0.5449425823536
39154.0,94.5,18.5,2.626068731667
39155.0,95.5,18.5,19.3942788054121
39156.0,96.5,18.5,10.888827594339
39157.0,97.5,18.5,3.6739020136616
39158.0,98.5,18.5,58.6959306836725
39159.0,99.5,18.5,85.0182602144
39160.0,100.5,18.5,32.5723660263966
39161.0,101.5,18.5,4.2979028307727996
39162.0,102.5,18.5,21.3624634057315
39163.0,103.5,18.5,12.8029507936264
39164.0,104.5,18.5,3.8645546909785997
39165.0,105.5,18.5,39.082569932541205
39166.0,106.5,18.5,5.469846653709101
39180.0,120.5,18.5,11.4261445104824
39181.0,121.5,18.5,-0.06780169783508214
39182.0,122.5,18.5,-0.0059343851794922
39314.0,-105.5,19.5,-0.01123227320485952
39315.0,-104.5,19.5,4.2086142472162
39316.0,-103.5,19.5,14.589245473117801
39317.0,-102.5,19.5,13.2313497613951
39318.0,-101.5,19.5,43.756057922123496
39319.0,-100.5,19.5,30.7688214556651
39320.0,-99.5,19.5,195.9564185733316
39321.0,-98.5,19.5,-2.474710834053
39322.0,-97.5,19.5,25.9359627336862
39323.0,-96.5,19.5,33.9603334847584
39324.0,-95.5,19.5,0.3694791633397
39329.0,-90.5,19.5,10.369739523083199
39330.0,-89.5,19.5,0.1946278825677
39331.0,-88.5,19.5,2.8313846763
39332.0,-87.5,19.5,0.013931285070471068
39338.0,-81.5,19.5,4.3861405061869
39339.0,-80.5,19.5,0.0400584314464341
39340.0,-79.5,19.5,0.24118172564530002
39342.0,-77.5,19.5,1.0784680674073
39343.0,-76.5,19.5,0.6575591133574
39344.0,-75.5,19.5,1.7341415672564
39345.0,-74.5,19.5,0.05947446718808893
39346.0,-73.5,19.5,1.8150122904494
39347.0,-72.5,19.5,15.8312271593866
39348.0,-71.5,19.5,11.3408265791027
39349.0,-70.5,19.5,47.828402307158996
39350.0,-69.5,19.5,6.9846540926384
39351.0,-68.5,19.5,0.000357278151221121
39403.0,-16.5,19.5,0.019360363657911155
39404.0,-15.5,19.5,0.04665852569622138
39405.0,-14.5,19.5,-0.0009012295733222212
39406.0,-13.5,19.5,0.0012097736940672255
39407.0,-12.5,19.5,0.03699366990496928
39408.0,-11.5,19.5,0.00041880607438414
39420.0,0.5,19.5,-0.0024931601640079608
39422.0,2.5,19.5,-0.0024314790395011682
39424.0,4.5,19.5,0.0006175143886038271
39425.0,5.5,19.5,0.2499366756436
39426.0,6.5,19.5,0.016604069135135232
39427.0,7.5,19.5,0.01859172523355276
39428.0,8.5,19.5,0.14597302359119999
39429.0,9.5,19.5,2.5071497273001997
39430.0,10.5,19.5,0.004300183394465219
39431.0,11.5,19.5,0.0034203170376150825
39432.0,12.5,19.5,0.1436213284311
39433.0,13.5,19.5,0.005165662808717006
39434.0,14.5,19.5,0.3973271129593
39435.0,15.5,19.5,1.2262155036397
39439.0,19.5,19.5,0.03995191029395533
39440.0,20.5,19.5,0.048763480056019694
39441.0,21.5,19.5,0.00019810635539094972
39442.0,22.5,19.5,0.0001008828064394767
39443.0,23.5,19.5,0.00015787696713291088
39452.0,32.5,19.5,0.02893320480198881
39453.0,33.5,19.5,1.7880628734018
39454.0,34.5,19.5,0.007556157021700044
39455.0,35.5,19.5,-0.00144591743070736
39457.0,37.5,19.5,-0.1041945122927
39460.0,40.5,19.5,1.3895456023597998
39461.0,41.5,19.5,23.560984074586703
39462.0,42.5,19.5,6.0945504069676
39465.0,45.5,19.5,0.0041151864543921305
39477.0,57.5,19.5,0.22265618134780002
39492.0,72.5,19.5,4.0409542474213
39493.0,73.5,19.5,120.5272515638056
39494.0,74.5,19.5,67.0607406456098
39495.0,75.5,19.5,65.03925569482551
39496.0,76.5,19.5,31.968268238685898
39497.0,77.5,19.5,18.9281168111751
39499.0,79.5,19.5,14.053725916907501
39504.0,84.5,19.5,6.0051588041345
39505.0,85.5,19.5,1.2531747256167
39506.0,86.5,19.5,-0.046792965770267765
39512.0,92.5,19.5,0.0073361380961045565
39513.0,93.5,19.5,3.1872269441624
39514.0,94.5,19.5,4.2210167273815
39515.0,95.5,19.5,11.405788807806
39516.0,96.5,19.5,19.6409771814224
39517.0,97.5,19.5,5.6228949180792
39518.0,98.5,19.5,13.2264674336514
39519.0,99.5,19.5,63.8064704776852
39520.0,100.5,19.5,32.6651237656073
39521.0,101.5,19.5,2.1413187862374
39522.0,102.5,19.5,3.8279385561416
39523.0,103.5,19.5,3.0414880333157
39524.0,104.5,19.5,7.1508829919417
39525.0,105.5,19.5,16.9842750852903
39526.0,106.5,19.5,-0.01289600424890816
39541.0,121.5,19.5,0.1027352988148
39674.0,-105.5,20.5,7.2172396173883
39676.0,-103.5,20.5,79.98433914786041
39677.0,-102.5,20.5,60.1279121298394
39678.0,-101.5,20.5,31.177163679487098
39679.0,-100.5,20.5,4.919659340799099
39680.0,-99.5,20.5,36.4790521803195
39681.0,-98.5,20.5,31.4261050423965
39682.0,-97.5,20.5,15.8457972915515
39683.0,-96.5,20.5,3.5641436632767998
39689.0,-90.5,20.5,5.197126278541901
39690.0,-89.5,20.5,37.169587234341
39691.0,-88.5,20.5,5.4221508211504
39692.0,-87.5,20.5,9.5107943882705
39693.0,-86.5,20.5,4.2933751063303
39701.0,-78.5,20.5,0.3056674058705
39702.0,-77.5,20.5,8.064738471382599
39703.0,-76.5,20.5,25.788695225264497
39704.0,-75.5,20.5,22.967686550626603
39705.0,-74.5,20.5,4.8291086696344
39706.0,-73.5,20.5,0.07566243932799697
39707.0,-72.5,20.5,0.324820059813
39762.0,-17.5,20.5,-0.022433431693206118
39763.0,-16.5,20.5,0.0050406015760992
39764.0,-15.5,20.5,0.16709948958009999
39766.0,-13.5,20.5,0.7857138757191
39767.0,-12.5,20.5,0.49808100025409996
39768.0,-11.5,20.5,-0.0011286847434718097
39780.0,0.5,20.5,0.0006075461238276948
39786.0,6.5,20.5,0.0012005497481770537
39787.0,7.5,20.5,0.015089289086600217
39788.0,8.5,20.5,0.014113398429237952
39789.0,9.5,20.5,0.02735851345419361
39790.0,10.5,20.5,0.018279372230210762
39791.0,11.5,20.5,0.06016567824883954
39792.0,12.5,20.5,0.12427482357670001
39793.0,13.5,20.5,0.033056515887858746
39794.0,14.5,20.5,0.02443012336730224
39795.0,15.5,20.5,1.2979557497573
39796.0,16.5,20.5,-0.001144814281270743
39797.0,17.5,20.5,0.0010884919581369379
39798.0,18.5,20.5,0.01264720004364606
39799.0,19.5,20.5,0.00012249344502448796
39800.0,20.5,20.5,-0.00016957289681620438
39801.0,21.5,20.5,0.002448198890095067
39802.0,22.5,20.5,4.246873799140412e-05
39803.0,23.5,20.5,0.012992052053811369
39804.0,24.5,20.5,0.025904385421899167
39813.0,33.5,20.5,0.001045623618912423
39814.0,34.5,20.5,0.02032426145153681
39815.0,35.5,20.5,0.00497556031165004
39819.0,39.5,20.5,1.3689490293719
39820.0,40.5,20.5,6.0956832274141
39821.0,41.5,20.5,16.7659758480979
39822.0,42.5,20.5,12.7112121744429
39824.0,44.5,20.5,3.9017385262129998
39825.0,45.5,20.5,6.0584558796654004
39826.0,46.5,20.5,0.010698382211159744
39837.0,57.5,20.5,0.04100834321769867
39838.0,58.5,20.5,0.02978016871714773
39850.0,70.5,20.5,2.578753092725
39852.0,72.5,20.5,11.1165910088642
39853.0,73.5,20.5,43.9631263955757
39854.0,74.5,20.5,80.4786505491397
39855.0,75.5,20.5,14.945156028833201
39856.0,76.5,20.5,24.555268671715602
39857.0,77.5,20.5,26.5519029086851
39858.0,78.5,20.5,37.1954897704316
39859.0,79.5,20.5,3.9527228881276
39862.0,82.5,20.5,1.3501996016828
39865.0,85.5,20.5,45.269395791890304
39866.0,86.5,20.5,8.4697363216689
39867.0,87.5,20.5,0.01097479051272472
39872.0,92.5,20.5,5.508979436722299
39873.0,93.5,20.5,2.8522818891964
39874.0,94.5,20.5,13.32434954351
39875.0,95.5,20.5,15.5138520890638
39876.0,96.5,20.5,15.6956142670026
39877.0,97.5,20.5,10.120886192715899
39878.0,98.5,20.5,1.1881121200323
39879.0,99.5,20.5,17.059467146153
39880.0,100.5,20.5,10.513080448382299
39881.0,101.5,20.5,1.5806201060046001
39882.0,102.5,20.5,1.3794652497034
39883.0,103.5,20.5,1.1968113880723001
39884.0,104.5,20.5,9.570393543099199
39885.0,105.5,20.5,18.150409680122902
39886.0,106.5,20.5,-2.1456785235785
39887.0,107.5,20.5,4.926811293429299
39889.0,109.5,20.5,36.8898794023119
39890.0,110.5,20.5,44.941426823704
40034.0,-105.5,21.5,-0.07369411552152924
40035.0,-104.5,21.5,12.3035869244143
40037.0,-102.5,21.5,37.3294456474013
40038.0,-101.5,21.5,11.3196255112007
40039.0,-100.5,21.5,20.522227823037102
40040.0,-99.5,21.5,14.1295080052461
40041.0,-98.5,21.5,24.092404902907703
40042.0,-97.5,21.5,5.9229454665958
40049.0,-90.5,21.5,0.14345361734610002
40050.0,-89.5,21.5,26.112726334372002
40051.0,-88.5,21.5,3.8649708989176004
40052.0,-87.5,21.5,1.2429812583044
40053.0,-86.5,21.5,24.387043113058603
40055.0,-84.5,21.5,0.4183867022634
40056.0,-83.5,21.5,0.009881369618506506
40057.0,-82.5,21.5,2.4546851679147
40058.0,-81.5,21.5,0.108382652819
40059.0,-80.5,21.5,0.5323089215508
40060.0,-79.5,21.5,7.7011514864868005
40061.0,-78.5,21.5,9.585205088682399
40062.0,-77.5,21.5,12.943712331799501
40063.0,-76.5,21.5,6.261502868550401
40064.0,-75.5,21.5,1.332750822258
40066.0,-73.5,21.5,0.005442457969116438
40067.0,-72.5,21.5,1.5814741337427
40068.0,-71.5,21.5,0.4891877714934
40122.0,-17.5,21.5,-0.0003035175424339852
40123.0,-16.5,21.5,0.07520358471403935
40124.0,-15.5,21.5,0.0037367673731666714
40125.0,-14.5,21.5,0.02010581482644636
40126.0,-13.5,21.5,0.02782283227111594
40127.0,-12.5,21.5,0.003418976637570924
40128.0,-11.5,21.5,0.00460843354521957
40129.0,-10.5,21.5,0.000531687213998124
40130.0,-9.5,21.5,0.0002363355101516523
40136.0,-3.5,21.5,0.0001312108206884281
40137.0,-2.5,21.5,0.00023550507950802172
40138.0,-1.5,21.5,-0.0004599850438500657
40140.0,0.5,21.5,-0.0059633752390150785
40147.0,7.5,21.5,0.0004131630712010986
40148.0,8.5,21.5,0.036428804818014825
40149.0,9.5,21.5,0.09539078221953151
40150.0,10.5,21.5,0.009900348995559602
40151.0,11.5,21.5,0.2041474977178
40152.0,12.5,21.5,0.0829527744722459
40153.0,13.5,21.5,0.034619184676285684
40154.0,14.5,21.5,0.10243783120239999
40155.0,15.5,21.5,0.03240320642363068
40156.0,16.5,21.5,-0.00023935770257468841
40157.0,17.5,21.5,-0.0002031907135373301
40158.0,18.5,21.5,-0.0002663444714454319
40161.0,21.5,21.5,0.005087870497997191
40162.0,22.5,21.5,-8.76394159630585e-06
40163.0,23.5,21.5,0.00023677052692164051
40164.0,24.5,21.5,0.00019276375680044296
40166.0,26.5,21.5,0.0008129858857648865
40169.0,29.5,21.5,0.00014274243843468478
40170.0,30.5,21.5,0.002430905324277096
40171.0,31.5,21.5,0.970712607238
40172.0,32.5,21.5,0.0012049594579962557
40173.0,33.5,21.5,0.004881530249226323
40174.0,34.5,21.5,0.013838475030301119
40175.0,35.5,21.5,0.009092939739870465
40176.0,36.5,21.5,0.06427948379928733
40178.0,38.5,21.5,0.1364175240488
40179.0,39.5,21.5,5.6665135539267
40180.0,40.5,21.5,40.5764034145151
40181.0,41.5,21.5,0.3183045638552
40184.0,44.5,21.5,0.01966479786768629
40185.0,45.5,21.5,0.6240335230670001
40186.0,46.5,21.5,0.377308515521
40188.0,48.5,21.5,0.0024240568764049317
40209.0,69.5,21.5,3.2526755432611
40210.0,70.5,21.5,20.9987091735219
40212.0,72.5,21.5,59.2868445792784
40213.0,73.5,21.5,51.0223343203546
40214.0,74.5,21.5,20.1352269788437
40215.0,75.5,21.5,26.475665907652697
40216.0,76.5,21.5,29.596022143495
40217.0,77.5,21.5,4.7886625581994
40218.0,78.5,21.5,11.9019406795362
40219.0,79.5,21.5,111.206497073049
40220.0,80.5,21.5,17.9804962961647
40221.0,81.5,21.5,62.4233914046331
40222.0,82.5,21.5,-0.016786920104137588
40223.0,83.5,21.5,19.9845945633129
40224.0,84.5,21.5,-0.02811273177087897
40225.0,85.5,21.5,5.6990636603211
40226.0,86.5,21.5,19.995190707777898
40227.0,87.5,21.5,20.567572456137302
40228.0,88.5,21.5,10.3474939897288
40229.0,89.5,21.5,0.0005008806442946597
40230.0,90.5,21.5,2.1075494557307
40231.0,91.5,21.5,5.537508345834
40232.0,92.5,21.5,29.8349422057495
40233.0,93.5,21.5,0.3945127119808
40234.0,94.5,21.5,10.4322552884956
40235.0,95.5,21.5,24.9066750903576
40236.0,96.5,21.5,31.577831204222395
40237.0,97.5,21.5,2.381653056991
40238.0,98.5,21.5,2.3906211438867
40239.0,99.5,21.5,4.0555469615473
40240.0,100.5,21.5,12.4424126403813
40241.0,101.5,21.5,6.4435396040872
40242.0,102.5,21.5,0.39575033830949996
40243.0,103.5,21.5,4.2748462367697
40245.0,105.5,21.5,88.22376573557631
40246.0,106.5,21.5,50.9045446501353
40247.0,107.5,21.5,42.7884917609314
40248.0,108.5,21.5,39.755298252139
40249.0,109.5,21.5,121.4638391946495
40250.0,110.5,21.5,175.6780046611478
40251.0,111.5,21.5,111.68225123616469
40252.0,112.5,21.5,27.2267328860792
40253.0,113.5,21.5,2.3837682241772
40254.0,114.5,21.5,0.019130128301745302
40260.0,120.5,21.5,0.9968787357144001
40390.0,-109.5,22.5,0.8555726615721
40396.0,-103.5,22.5,0.6911174637693
40397.0,-102.5,22.5,19.9860603899812
40398.0,-101.5,22.5,10.5690306878204
40399.0,-100.5,22.5,30.5002648566986
40400.0,-99.5,22.5,7.1535871635838
40401.0,-98.5,22.5,6.7128189366674
40415.0,-84.5,22.5,2.3523222673793
40416.0,-83.5,22.5,14.992713881881
40417.0,-82.5,22.5,19.163807587030497
40418.0,-81.5,22.5,9.743338240607601
40419.0,-80.5,22.5,18.7277565735996
40420.0,-79.5,22.5,17.4229561710183
40421.0,-78.5,22.5,4.1957301781076
40422.0,-77.5,22.5,0.053919145884817235
40424.0,-75.5,22.5,0.008598580380653774
40425.0,-74.5,22.5,0.06432364738527485
40426.0,-73.5,22.5,0.055107548015227735
40427.0,-72.5,22.5,0.014067334574729763
40483.0,-16.5,22.5,0.08651560804086073
40484.0,-15.5,22.5,0.0005727973284057233
40485.0,-14.5,22.5,0.051381674294056726
40486.0,-13.5,22.5,0.003412889483864085
40487.0,-12.5,22.5,0.896899926091
40488.0,-11.5,22.5,0.008104243191070577
40489.0,-10.5,22.5,0.0012740862235261583
40490.0,-9.5,22.5,0.0009768822968182077
40491.0,-8.5,22.5,0.003264492963042373
40492.0,-7.5,22.5,7.87809377402214e-05
40494.0,-5.5,22.5,0.00029020566857226534
40495.0,-4.5,22.5,3.456481402170652e-05
40496.0,-3.5,22.5,0.0007489687166560336
40497.0,-2.5,22.5,9.579092577693045e-05
40509.0,9.5,22.5,0.00021038677168946717
40510.0,10.5,22.5,0.00394387605560703
40511.0,11.5,22.5,0.08516325136331321
40512.0,12.5,22.5,0.024170062604684676
40513.0,13.5,22.5,0.02134678615010449
40514.0,14.5,22.5,0.1019022329824
40515.0,15.5,22.5,0.07062718343637645
40518.0,18.5,22.5,0.0002936389049487019
40519.0,19.5,22.5,0.013169340525184377
40521.0,21.5,22.5,0.0006863134154722267
40522.0,22.5,22.5,0.0007908085884158387
40523.0,23.5,22.5,0.0005975407684401287
40524.0,24.5,22.5,0.00023614010030287289
40526.0,26.5,22.5,0.00019315835763701042
40529.0,29.5,22.5,0.04922680411805905
40530.0,30.5,22.5,0.002058437423931363
40531.0,31.5,22.5,0.9328706308202
40532.0,32.5,22.5,0.028906980396781853
40533.0,33.5,22.5,0.017926110725766588
40534.0,34.5,22.5,0.008947583279285045
40535.0,35.5,22.5,0.002680060238710981
40536.0,36.5,22.5,0.39187174998040003
40538.0,38.5,22.5,0.4903246829385
40539.0,39.5,22.5,16.8548845855417
40540.0,40.5,22.5,0.1621907345505
40541.0,41.5,22.5,-0.05055979336756156
40544.0,44.5,22.5,0.9542230627685
40545.0,45.5,22.5,1.0202112683347
40546.0,46.5,22.5,7.7835714216506
40547.0,47.5,22.5,0.03178266050866911
40548.0,48.5,22.5,18.292389200267102
40549.0,49.5,22.5,0.09441467775605648
40553.0,53.5,22.5,0.9979905085710999
40554.0,54.5,22.5,4.4581345726296995
40568.0,68.5,22.5,0.049944899953452304
40569.0,69.5,22.5,7.4842790786109
40570.0,70.5,22.5,46.8907975081802
40571.0,71.5,22.5,19.7029386477922
40572.0,72.5,22.5,109.56892683649309
40573.0,73.5,22.5,39.197686593552
40574.0,74.5,22.5,19.1964228790525
40575.0,75.5,22.5,6.6221666185099
40576.0,76.5,22.5,10.296468932481199
40577.0,77.5,22.5,23.4920781460368
40578.0,78.5,22.5,1.9461718545332
40579.0,79.5,22.5,4.5918815123674
40580.0,80.5,22.5,-0.9846311154167999
40582.0,82.5,22.5,31.960659377515203
40583.0,83.5,22.5,1.3665337539316
40584.0,84.5,22.5,19.6090475693361
40586.0,86.5,22.5,42.278307396737404
40587.0,87.5,22.5,159.47720101680758
40588.0,88.5,22.5,419.7282867634833
40589.0,89.5,22.5,64.1723431464679
40590.0,90.5,22.5,72.41977784912041
40591.0,91.5,22.5,55.8084954901457
40592.0,92.5,22.5,10.332580446516099
40593.0,93.5,22.5,0.23464964568149999
40594.0,94.5,22.5,5.5006498151451
40595.0,95.5,22.5,21.5324802440504
40596.0,96.5,22.5,16.524326634258998
40597.0,97.5,22.5,7.7975210427628
40598.0,98.5,22.5,2.4132420303711997
40599.0,99.5,22.5,10.6245944597475
40600.0,100.5,22.5,14.1842639547439
40601.0,101.5,22.5,4.3243407041031
40602.0,102.5,22.5,7.9367002380243
40603.0,103.5,22.5,24.1769542961719
40604.0,104.5,22.5,15.6436682305384
40605.0,105.5,22.5,13.3947291842386
40606.0,106.5,22.5,59.9401624154867
40607.0,107.5,22.5,32.7921763048817
40608.0,108.5,22.5,68.0264096791761
40609.0,109.5,22.5,92.3945758852286
40610.0,110.5,22.5,106.2397064735048
40611.0,111.5,22.5,57.2451047779476
40612.0,112.5,22.5,114.9137954580858
40613.0,113.5,22.5,323.473646322387
40614.0,114.5,22.5,234.6739941218282
40615.0,115.5,22.5,65.2546134252604
40616.0,116.5,22.5,22.7969901202166
40620.0,120.5,22.5,203.2660030069415
40621.0,121.5,22.5,8.515456642189
40749.0,-110.5,23.5,0.381358468162
40750.0,-109.5,23.5,0.759047183689
40753.0,-106.5,23.5,9.4153153273109
40759.0,-100.5,23.5,7.4244391881279
40760.0,-99.5,23.5,14.7024741153201
40761.0,-98.5,23.5,0.9225388987327999
40776.0,-83.5,23.5,0.003550273953013838
40777.0,-82.5,23.5,43.066467421453
40778.0,-81.5,23.5,10.5425046664538
40779.0,-80.5,23.5,0.0710014926601153
40782.0,-77.5,23.5,0.029149612126884845
40783.0,-76.5,23.5,0.03551696135542431
40784.0,-75.5,23.5,0.7340624733473999
40785.0,-74.5,23.5,0.06635275003081928
40843.0,-16.5,23.5,0.017292226490006432
40844.0,-15.5,23.5,1.43659636067
40845.0,-14.5,23.5,0.014476382117837038
40846.0,-13.5,23.5,0.02196934603588009
40847.0,-12.5,23.5,0.004136193897690572
40848.0,-11.5,23.5,4.7019076838588415e-05
40849.0,-10.5,23.5,4.050832932034456e-05
40851.0,-8.5,23.5,0.00040704650230687073
40852.0,-7.5,23.5,0.002700004101887797
40853.0,-6.5,23.5,0.00034367148427098343
40854.0,-5.5,23.5,0.0004970960764396318
40855.0,-4.5,23.5,0.000944231135088135
40871.0,11.5,23.5,0.005552144635745645
40872.0,12.5,23.5,0.005426441073747402
40873.0,13.5,23.5,0.001609128335745734
40874.0,14.5,23.5,0.0006595788631891405
40875.0,15.5,23.5,0.0005830643103316415
40878.0,18.5,23.5,0.0005401363599309213
40879.0,19.5,23.5,0.011179943900854049
40881.0,21.5,23.5,1.9795980946496584e-05
40882.0,22.5,23.5,0.0005965472044007973
40883.0,23.5,23.5,3.805287088234033e-05
40890.0,30.5,23.5,-0.001332418521043435
40891.0,31.5,23.5,0.07067537763504496
40892.0,32.5,23.5,0.1489367742125
40893.0,33.5,23.5,0.010913213954791669
40894.0,34.5,23.5,0.001133364943401938
40895.0,35.5,23.5,1.4774925413686
40898.0,38.5,23.5,7.3308746496801
40899.0,39.5,23.5,0.6169979584445
40903.0,43.5,23.5,-0.0013675145522500107
40904.0,44.5,23.5,4.083538057287
40905.0,45.5,23.5,4.5311758877348
40906.0,46.5,23.5,9.3305110786094
40907.0,47.5,23.5,5.6445335274706006
40908.0,48.5,23.5,1.1526283788652
40909.0,49.5,23.5,1.4563169025354
40911.0,51.5,23.5,0.029789846059529355
40912.0,52.5,23.5,-0.030650901550622108
40913.0,53.5,23.5,0.2912612933975
40914.0,54.5,23.5,1.1904645656434
40916.0,56.5,23.5,2.2485459628905002
40918.0,58.5,23.5,45.403038756921994
40928.0,68.5,23.5,-0.07523167070615781
40929.0,69.5,23.5,0.003642755590958864
40932.0,72.5,23.5,229.1913883081067
40933.0,73.5,23.5,15.569237288555899
40934.0,74.5,23.5,10.7198030293345
40935.0,75.5,23.5,28.110672997493698
40936.0,76.5,23.5,4.5521616794363
40937.0,77.5,23.5,102.8506665259559
40938.0,78.5,23.5,28.3603860891346
40939.0,79.5,23.5,49.7818405355721
40940.0,80.5,23.5,21.779566821697497
40944.0,84.5,23.5,-0.865018363194
40945.0,85.5,23.5,59.831346252505696
40946.0,86.5,23.5,81.167144743368
40947.0,87.5,23.5,117.8137086652591
40948.0,88.5,23.5,161.410844441585
40949.0,89.5,23.5,90.2320968242247
40950.0,90.5,23.5,81.78737297112559
40951.0,91.5,23.5,171.9295106987451
40952.0,92.5,23.5,26.891247379644
40953.0,93.5,23.5,0.3283591601399
40954.0,94.5,23.5,3.3261713593062
40955.0,95.5,23.5,1.8291649942944
40956.0,96.5,23.5,1.7243843147308
40957.0,97.5,23.5,16.087201892114997
40958.0,98.5,23.5,11.4013209879887
40959.0,99.5,23.5,20.5652125158197
40960.0,100.5,23.5,16.023481910035198
40961.0,101.5,23.5,8.6483485707635
40962.0,102.5,23.5,22.2364460136844
40963.0,103.5,23.5,39.9024792770402
40964.0,104.5,23.5,23.2234770153325
40965.0,105.5,23.5,9.8465343863555
40966.0,106.5,23.5,24.6776455600058
40967.0,107.5,23.5,32.8042887837637
40968.0,108.5,23.5,58.91287815522
40969.0,109.5,23.5,83.0583617845133
40970.0,110.5,23.5,60.3389673627724
40971.0,111.5,23.5,36.6746106852943
40972.0,112.5,23.5,101.9183950125531
40973.0,113.5,23.5,278.3044427030366
40974.0,114.5,23.5,70.2222387452059
40975.0,115.5,23.5,41.7997159722195
40976.0,116.5,23.5,268.1715821988109
40977.0,117.5,23.5,73.15543458440581
40979.0,119.5,23.5,3.9809379310371003
40980.0,120.5,23.5,253.5318705916778
40981.0,121.5,23.5,15.780525910261503
41107.0,-112.5,24.5,-0.0009857746567859171
41108.0,-111.5,24.5,-0.0010323870301867772
41109.0,-110.5,24.5,5.5527871456099
41112.0,-107.5,24.5,21.1738011195494
41114.0,-105.5,24.5,-0.02258614671137009
41115.0,-104.5,24.5,0.06024128218420631
41118.0,-101.5,24.5,0.040970867662893304
41119.0,-100.5,24.5,2.3122312015824997
41120.0,-99.5,24.5,6.319671110675199
41121.0,-98.5,24.5,0.004929360417912044
41137.0,-82.5,24.5,0.0006822541609764096
41138.0,-81.5,24.5,4.557043240322599
41139.0,-80.5,24.5,1.1680874228267
41141.0,-78.5,24.5,0.005358687668548139
41142.0,-77.5,24.5,0.7534373019258
41143.0,-76.5,24.5,0.38282539788419995
41144.0,-75.5,24.5,0.1975758942151
41145.0,-74.5,24.5,0.08774020327282218
41204.0,-15.5,24.5,0.02214754672361217
41205.0,-14.5,24.5,0.008733497772266235
41206.0,-13.5,24.5,0.010245687597425508
41207.0,-12.5,24.5,0.07515184679588802
41208.0,-11.5,24.5,1.5606084790984105e-05
41209.0,-10.5,24.5,3.365418170135807e-05
41212.0,-7.5,24.5,0.00021328142223326298
41213.0,-6.5,24.5,0.0021908397310027882
41214.0,-5.5,24.5,3.2515943688845996e-05
41215.0,-4.5,24.5,0.002166750931542932
41233.0,13.5,24.5,0.00014434319357378673
41238.0,18.5,24.5,0.0018476470458603255
41239.0,19.5,24.5,3.632613752141047e-05
41241.0,21.5,24.5,0.033199700274344275
41244.0,24.5,24.5,0.0002976494001395642
41245.0,25.5,24.5,0.00015609639987489997
41252.0,32.5,24.5,13.6655724105997
41253.0,33.5,24.5,2.6077961110031
41254.0,34.5,24.5,0.5354758372131001
41255.0,35.5,24.5,0.2203449467685
41257.0,37.5,24.5,2.3548839433367
41258.0,38.5,24.5,20.6091578398533
41259.0,39.5,24.5,64.8007362433185
41260.0,40.5,24.5,0.006386268991383063
41263.0,43.5,24.5,6.238162194467
41264.0,44.5,24.5,13.983014817715
41265.0,45.5,24.5,12.1955096455029
41266.0,46.5,24.5,34.0601024234198
41267.0,47.5,24.5,61.530101499065005
41268.0,48.5,24.5,4.751972665787
41269.0,49.5,24.5,2.0198585832318
41270.0,50.5,24.5,1.2012670182245
41271.0,51.5,24.5,1.3379482415136
41272.0,52.5,24.5,0.031273671646849716
41273.0,53.5,24.5,1.0909365794594
41274.0,54.5,24.5,69.5710410650009
41275.0,55.5,24.5,38.803577180407096
41276.0,56.5,24.5,13.8532072325901
41287.0,67.5,24.5,-3.3067522108079
41288.0,68.5,24.5,7.1675391358915
41289.0,69.5,24.5,5.6199039226702
41290.0,70.5,24.5,1.5710516989028
41291.0,71.5,24.5,-0.6198623691112001
41292.0,72.5,24.5,30.628292370382102
41293.0,73.5,24.5,53.7498549965136
41294.0,74.5,24.5,31.2768030296638
41295.0,75.5,24.5,18.944609465613702
41296.0,76.5,24.5,6.1817373778536
41298.0,78.5,24.5,7.812495801510201
41299.0,79.5,24.5,3.7746403119839003
41300.0,80.5,24.5,14.363721936902701
41301.0,81.5,24.5,11.5601012220248
41302.0,82.5,24.5,0.20791412989400002
41303.0,83.5,24.5,0.1666355927226
41304.0,84.5,24.5,36.8719351965016
41305.0,85.5,24.5,17.360337985132
41306.0,86.5,24.5,-1.3177455835041
41307.0,87.5,24.5,64.3746309259127
41308.0,88.5,24.5,34.848437623208206
41309.0,89.5,24.5,56.412541236698196
41310.0,90.5,24.5,166.9411505953079
41311.0,91.5,24.5,66.8982066519194
41312.0,92.5,24.5,146.3073292644534
41313.0,93.5,24.5,33.1270670693797
41314.0,94.5,24.5,1.9106970972048
41315.0,95.5,24.5,0.17382624579699998
41316.0,96.5,24.5,1.5489878446475
41317.0,97.5,24.5,41.9381140940646
41318.0,98.5,24.5,41.2382668401916
41319.0,99.5,24.5,32.8742481360097
41320.0,100.5,24.5,21.8697182984199
41321.0,101.5,24.5,10.9288647730401
41322.0,102.5,24.5,57.843943324349
41323.0,103.5,24.5,58.7687203558201
41324.0,104.5,24.5,16.690682534853
41325.0,105.5,24.5,8.414075662919801
41326.0,106.5,24.5,7.1578539719592005
41327.0,107.5,24.5,12.6984015555753
41328.0,108.5,24.5,28.5516737998057
41329.0,109.5,24.5,53.0682483837061
41330.0,110.5,24.5,38.0669915601486
41331.0,111.5,24.5,42.0527602588932
41332.0,112.5,24.5,25.3205010997276
41333.0,113.5,24.5,43.260632801956504
41334.0,114.5,24.5,28.1729271369401
41335.0,115.5,24.5,46.4806002059623
41336.0,116.5,24.5,51.5262669093805
41337.0,117.5,24.5,129.6957928579443
41338.0,118.5,24.5,369.2400585521559
41339.0,119.5,24.5,0.3737121562673
41340.0,120.5,24.5,168.4841054471789
41341.0,121.5,24.5,123.5739671958094
41361.0,141.5,24.5,0.061000357266532766
41468.0,-111.5,25.5,0.03595143667396796
41470.0,-109.5,25.5,2.6767368029987
41471.0,-108.5,25.5,7.2782231572946
41475.0,-104.5,25.5,-0.0026369054157892027
41476.0,-103.5,25.5,1.3514459759226
41478.0,-101.5,25.5,10.750546478421
41479.0,-100.5,25.5,155.95251735845588
41480.0,-99.5,25.5,9.8149156524414
41481.0,-98.5,25.5,3.0480796187046
41482.0,-97.5,25.5,23.8277262528193
41498.0,-81.5,25.5,3.4318261468018
41499.0,-80.5,25.5,89.73966334840671
41500.0,-79.5,25.5,0.04419171689403843
41501.0,-78.5,25.5,0.15657913528870002
41502.0,-77.5,25.5,11.1895837266765
41503.0,-76.5,25.5,0.8786012363249
41565.0,-14.5,25.5,0.014960939518104208
41566.0,-13.5,25.5,0.000729257402578612
41567.0,-12.5,25.5,0.014540992167895662
41568.0,-11.5,25.5,0.04604548221064372
41569.0,-10.5,25.5,0.008485139150573853
41570.0,-9.5,25.5,0.0005472605677494994
41572.0,-7.5,25.5,0.00010689029635007381
41575.0,-4.5,25.5,0.0010006471595843524
41611.0,31.5,25.5,0.018813045236708667
41612.0,32.5,25.5,26.7886308413513
41613.0,33.5,25.5,0.1468938518989
41614.0,34.5,25.5,2.6686226750349
41617.0,37.5,25.5,3.3964791182392
41622.0,42.5,25.5,1.0868044971735
41623.0,43.5,25.5,29.4236453449169
41624.0,44.5,25.5,15.6769905707272
41625.0,45.5,25.5,31.5938617622583
41626.0,46.5,25.5,6.9130728446667
41627.0,47.5,25.5,1.4945235846696001
41628.0,48.5,25.5,1.3855063120115
41629.0,49.5,25.5,61.564109993391796
41630.0,50.5,25.5,3.3864487675191
41631.0,51.5,25.5,71.7722971225599
41632.0,52.5,25.5,0.1976288874537
41634.0,54.5,25.5,0.000440903763036683
41635.0,55.5,25.5,158.0436839797433
41636.0,56.5,25.5,11.3274951353708
41639.0,59.5,25.5,0.00713350271543567
41640.0,60.5,25.5,-0.1377587274226
41641.0,61.5,25.5,0.2564820989707
41642.0,62.5,25.5,3.9962051118034996
41643.0,63.5,25.5,2.5187298612269
41644.0,64.5,25.5,-0.010039164692707225
41647.0,67.5,25.5,0.673667167143
41648.0,68.5,25.5,44.2673331515712
41649.0,69.5,25.5,15.1396730752887
41650.0,70.5,25.5,1.607127522929
41652.0,72.5,25.5,12.050079581822601
41653.0,73.5,25.5,23.8247526933997
41654.0,74.5,25.5,23.5792532649652
41655.0,75.5,25.5,48.3762803775726
41656.0,76.5,25.5,5.5744393125789
41657.0,77.5,25.5,7.554662329652301
41658.0,78.5,25.5,9.7908779338982
41660.0,80.5,25.5,2.5642614137365
41661.0,81.5,25.5,0.1838579310148
41662.0,82.5,25.5,51.235083980689396
41663.0,83.5,25.5,32.5109417115058
41664.0,84.5,25.5,51.817201115873104
41665.0,85.5,25.5,138.1362549021785
41666.0,86.5,25.5,32.5579360225537
41667.0,87.5,25.5,44.4277350384381
41668.0,88.5,25.5,68.0153576632878
41669.0,89.5,25.5,33.5893541893669
41670.0,90.5,25.5,27.4147113146877
41671.0,91.5,25.5,56.694757673648
41672.0,92.5,25.5,30.9512163542861
41673.0,93.5,25.5,-0.5341410513704
41674.0,94.5,25.5,0.03910150083085063
41675.0,95.5,25.5,0.6655719915055
41676.0,96.5,25.5,3.3197547969331
41677.0,97.5,25.5,7.949550079266199
41678.0,98.5,25.5,24.9597352616821
41679.0,99.5,25.5,25.534455777586803
41680.0,100.5,25.5,65.542446206725
41681.0,101.5,25.5,36.2106647198966
41682.0,102.5,25.5,36.9258473432129
41683.0,103.5,25.5,58.8596942333064
41684.0,104.5,25.5,34.473799766404206
41685.0,105.5,25.5,16.188823735767603
41686.0,106.5,25.5,11.953258614624001
41687.0,107.5,25.5,11.1329020830102
41688.0,108.5,25.5,7.8355933472035
41689.0,109.5,25.5,17.6378790248141
41690.0,110.5,25.5,51.0976786211265
41691.0,111.5,25.5,46.1145800313829
41692.0,112.5,25.5,58.3539220133113
41693.0,113.5,25.5,33.216799807927906
41694.0,114.5,25.5,54.498969024211505
41695.0,115.5,25.5,35.4819611749909
41696.0,116.5,25.5,39.6669964409115
41697.0,117.5,25.5,33.775676455486405
41698.0,118.5,25.5,117.11030945070141
41699.0,119.5,25.5,129.9483185432189
41701.0,121.5,25.5,94.93530687841111
41711.0,131.5,25.5,0.1264633439874
41826.0,-113.5,26.5,0.002191321183291284
41827.0,-112.5,26.5,0.01191466570655352
41828.0,-111.5,26.5,0.65153177909
41830.0,-109.5,26.5,-0.05018517170032967
41831.0,-108.5,26.5,-0.02663444838011301
41834.0,-105.5,26.5,3.6160768831606
41837.0,-102.5,26.5,0.3942030817504
41838.0,-101.5,26.5,10.771292141135701
41839.0,-100.5,26.5,3.0696645754499
41840.0,-99.5,26.5,4.4717130502102
41841.0,-98.5,26.5,46.3992611163923
41842.0,-97.5,26.5,15.1063243904881
41857.0,-82.5,26.5,29.7928005913347
41858.0,-81.5,26.5,67.48058245777639
41859.0,-80.5,26.5,130.4289469154444
41861.0,-78.5,26.5,3.8822291349039
41862.0,-77.5,26.5,1.3673299861133998
41863.0,-76.5,26.5,0.1174996695507
41925.0,-14.5,26.5,0.8354325215006
41926.0,-13.5,26.5,0.030801855713546142
41927.0,-12.5,26.5,0.05469000772090521
41928.0,-11.5,26.5,0.6073850549386
41929.0,-10.5,26.5,0.032124597160534826
41930.0,-9.5,26.5,0.009295493388653618
41931.0,-8.5,26.5,-2.236419653273383e-05
41932.0,-7.5,26.5,0.0008968343503352128
41968.0,28.5,26.5,0.006205656896316916
41970.0,30.5,26.5,0.0019424966171151705
41971.0,31.5,26.5,60.4772677089503
41972.0,32.5,26.5,60.4156533732678
41973.0,33.5,26.5,4.3984875223252
41974.0,34.5,26.5,1.56654670865
41975.0,35.5,26.5,0.00021873053593214877
41976.0,36.5,26.5,2.9179355766524
41977.0,37.5,26.5,3.9798724729603
41978.0,38.5,26.5,1.1474442800190001
41980.0,40.5,26.5,0.038567191348356955
41981.0,41.5,26.5,3.341354836253
41982.0,42.5,26.5,4.5796964169777
41983.0,43.5,26.5,99.08295591447019
41984.0,44.5,26.5,32.842807905426
41985.0,45.5,26.5,0.7202187003736
41986.0,46.5,26.5,-0.001377440382938331
41987.0,47.5,26.5,0.2670590683707
41989.0,49.5,26.5,40.2269090369988
41990.0,50.5,26.5,115.1825361556519
41991.0,51.5,26.5,1.068065247703
41996.0,56.5,26.5,3.2041376313241
41999.0,59.5,26.5,0.4844180533355
42000.0,60.5,26.5,1.8132770155655
42001.0,61.5,26.5,1.7370749356581
42002.0,62.5,26.5,3.3932159063525003
42003.0,63.5,26.5,3.3856390897882003
42004.0,64.5,26.5,2.0502258099128
42007.0,67.5,26.5,0.6305566178247001
42008.0,68.5,26.5,14.296417552620602
42009.0,69.5,26.5,0.3038566827593
42010.0,70.5,26.5,7.3136399053301
42011.0,71.5,26.5,3.3638811052193
42012.0,72.5,26.5,26.6079336722034
42013.0,73.5,26.5,64.4714084968873
42014.0,74.5,26.5,67.25075778749701
42015.0,75.5,26.5,25.0415628092189
42016.0,76.5,26.5,107.7619293897252
42017.0,77.5,26.5,11.5100278674381
42018.0,78.5,26.5,89.92842831384989
42019.0,79.5,26.5,192.71728546736412
42020.0,80.5,26.5,157.5509857873445
42021.0,81.5,26.5,57.0423986288153
42022.0,82.5,26.5,1.6412721984779
42023.0,83.5,26.5,43.2410524336473
42024.0,84.5,26.5,36.1811692650913
42025.0,85.5,26.5,198.2652338864637
42026.0,86.5,26.5,132.84252859234718
42027.0,87.5,26.5,70.53105718423359
42028.0,88.5,26.5,100.7269383271845
42029.0,89.5,26.5,11.7052506079242
42030.0,90.5,26.5,0.7319515838473001
42031.0,91.5,26.5,48.8137546401713
42032.0,92.5,26.5,1.0914977614723
42033.0,93.5,26.5,6.9023103432037
42035.0,95.5,26.5,0.4190910150875
42036.0,96.5,26.5,0.7901533092423999
42037.0,97.5,26.5,0.09964816822634377
42038.0,98.5,26.5,3.9366733623796
42039.0,99.5,26.5,13.8962007873186
42040.0,100.5,26.5,32.5101616402655
42041.0,101.5,26.5,17.7713388753718
42042.0,102.5,26.5,11.2273799246342
42043.0,103.5,26.5,25.1008484805756
42044.0,104.5,26.5,38.0169480657397
42045.0,105.5,26.5,24.2602317017488
42046.0,106.5,26.5,49.0781275353556
42047.0,107.5,26.5,18.3712562383136
42048.0,108.5,26.5,9.6455741395823
42049.0,109.5,26.5,16.5426840791702
42050.0,110.5,26.5,25.8718896130802
42051.0,111.5,26.5,54.1639997523143
42052.0,112.5,26.5,67.7616945702098
42053.0,113.5,26.5,37.6616962162215
42054.0,114.5,26.5,32.2097413819951
42055.0,115.5,26.5,35.891530409837
42056.0,116.5,26.5,20.8689405958799
42057.0,117.5,26.5,22.3675662007381
42058.0,118.5,26.5,27.129013307324602
42059.0,119.5,26.5,60.8670159558216
42060.0,120.5,26.5,6.492970216880501
42066.0,126.5,26.5,0.04555329764922101
42067.0,127.5,26.5,8.234619544135201
42068.0,128.5,26.5,0.4748294619838
42082.0,142.5,26.5,0.033182694091428204
42185.0,-114.5,27.5,-0.004099278547181514
42187.0,-112.5,27.5,-0.002676537271478888
42188.0,-111.5,27.5,0.020139094188980987
42189.0,-110.5,27.5,3.4733693872179003
42190.0,-109.5,27.5,4.0103483080317
42193.0,-106.5,27.5,-0.00562816856294695
42194.0,-105.5,27.5,0.6984068720754
42195.0,-104.5,27.5,-0.0036208659923749544
42196.0,-103.5,27.5,0.008844883836106555
42197.0,-102.5,27.5,0.0988805835554744
42198.0,-101.5,27.5,4.2701122556356
42199.0,-100.5,27.5,1.0801710088104002
42200.0,-99.5,27.5,28.9731256806477
42201.0,-98.5,27.5,3.5389273304063
42202.0,-97.5,27.5,19.749254819156
42203.0,-96.5,27.5,0.0047858468918606616
42217.0,-82.5,27.5,59.7728465359187
42218.0,-81.5,27.5,22.943419191183
42219.0,-80.5,27.5,43.4250855518231
42221.0,-78.5,27.5,0.0219316513137388
42286.0,-13.5,27.5,-0.009198864186506936
42287.0,-12.5,27.5,0.0035760427571984344
42288.0,-11.5,27.5,0.0014968990965834668
42289.0,-10.5,27.5,0.01816771076314641
42290.0,-9.5,27.5,0.05001611820420107
42291.0,-8.5,27.5,-0.014621618669242248
42328.0,28.5,27.5,0.013890458595509308
42330.0,30.5,27.5,64.4899837895445
42331.0,31.5,27.5,32.3953453651419
42332.0,32.5,27.5,0.00012756330596172457
42333.0,33.5,27.5,12.963282971038499
42334.0,34.5,27.5,4.6644901762391004
42335.0,35.5,27.5,2.9654743777873
42336.0,36.5,27.5,0.02026907276830273
42338.0,38.5,27.5,2.1882164432076
42340.0,40.5,27.5,1.0104497910463
42341.0,41.5,27.5,51.6958730246812
42342.0,42.5,27.5,13.6031525001162
42343.0,43.5,27.5,1.2823318442961
42345.0,45.5,27.5,-0.06346181095414716
42347.0,47.5,27.5,-0.006902308305717155
42348.0,48.5,27.5,0.7685510198987999
42349.0,49.5,27.5,16.8920914843666
42356.0,56.5,27.5,-0.40957745811280005
42364.0,64.5,27.5,0.3533419262399
42367.0,67.5,27.5,7.8951349871098
42368.0,68.5,27.5,39.5913477522332
42369.0,69.5,27.5,7.3079157803495995
42370.0,70.5,27.5,1.1935115933748999
42371.0,71.5,27.5,1.5971128356579
42372.0,72.5,27.5,5.2506622562305
42373.0,73.5,27.5,28.7376557613926
42374.0,74.5,27.5,20.4629984639109
42375.0,75.5,27.5,225.00718128701618
42376.0,76.5,27.5,181.1708976597097
42377.0,77.5,27.5,139.3566398088068
42378.0,78.5,27.5,331.33901026392147
42379.0,79.5,27.5,251.622554978573
42380.0,80.5,27.5,214.4793523096337
42381.0,81.5,27.5,149.2003907188098
42382.0,82.5,27.5,59.4743105032067
42383.0,83.5,27.5,46.4265865290621
42384.0,84.5,27.5,38.1454163126286
42385.0,85.5,27.5,29.2505811806347
42386.0,86.5,27.5,8.2755985622793
42387.0,87.5,27.5,6.7110848600549
42388.0,88.5,27.5,41.6525715999141
42389.0,89.5,27.5,3.7253160663277
42390.0,90.5,27.5,0.2316753326346
42391.0,91.5,27.5,1.2007280340092001
42392.0,92.5,27.5,6.4615185612286
42393.0,93.5,27.5,38.4719583551476
42394.0,94.5,27.5,7.7335773896668
42395.0,95.5,27.5,-0.5894548746087
42396.0,96.5,27.5,1.0773216413101
42397.0,97.5,27.5,1.1386359125533
42398.0,98.5,27.5,2.0831985679392
42399.0,99.5,27.5,9.0455549886523
42400.0,100.5,27.5,3.9536360620040996
42401.0,101.5,27.5,3.0792301529401
42402.0,102.5,27.5,23.398909865072
42403.0,103.5,27.5,24.0850338451434
42404.0,104.5,27.5,12.9883905067022
42405.0,105.5,27.5,18.6375547947188
42406.0,106.5,27.5,33.2600293362766
42407.0,107.5,27.5,18.496096431780703
42408.0,108.5,27.5,16.212139852034902
42409.0,109.5,27.5,29.0995120236679
42410.0,110.5,27.5,34.2527613093618
42411.0,111.5,27.5,78.2803143943194
42412.0,112.5,27.5,57.0790154435639
42413.0,113.5,27.5,84.31731910618021
42414.0,114.5,27.5,62.8704882962141
42415.0,115.5,27.5,51.1313070548868
42416.0,116.5,27.5,39.5578407254858
42417.0,117.5,27.5,14.321356341856099
42418.0,118.5,27.5,27.582803246557
42419.0,119.5,27.5,16.3547677987374
42420.0,120.5,27.5,67.28696946489481
42421.0,121.5,27.5,3.0742583106297
42427.0,127.5,27.5,0.02518695570079224
42428.0,128.5,27.5,1.9704268485696
42429.0,129.5,27.5,0.27378643800929997
42545.0,-114.5,28.5,0.008983503428241706
42546.0,-113.5,28.5,-0.0045484939723058546
42548.0,-111.5,28.5,-0.023234036867103923
42549.0,-110.5,28.5,0.1982611262964
42550.0,-109.5,28.5,0.07177554543456144
42551.0,-108.5,28.5,0.02783747811350374
42552.0,-107.5,28.5,3.4584516282060003
42553.0,-106.5,28.5,12.7253037024611
42554.0,-105.5,28.5,10.0586403355438
42555.0,-104.5,28.5,0.2527363657287
42556.0,-103.5,28.5,0.1450232433153
42557.0,-102.5,28.5,0.04588549934403789
42558.0,-101.5,28.5,0.06952187635539275
42559.0,-100.5,28.5,12.1558449094954
42560.0,-99.5,28.5,2.1670702172269003
42561.0,-98.5,28.5,3.2265041614345003
42562.0,-97.5,28.5,7.6020042351003
42563.0,-96.5,28.5,8.7892442307891
42564.0,-95.5,28.5,5.437645478517901
42570.0,-89.5,28.5,0.0020967254576912436
42577.0,-82.5,28.5,40.6855872337797
42578.0,-81.5,28.5,153.13532952611968
42579.0,-80.5,28.5,39.927538851095605
42643.0,-16.5,28.5,16.4107844575812
42644.0,-15.5,28.5,8.6333763015359
42645.0,-14.5,28.5,2.5000781592
42646.0,-13.5,28.5,5.6022269634796
42689.0,29.5,28.5,-0.005259976241332647
42690.0,30.5,28.5,93.87174556913409
42691.0,31.5,28.5,2.4616385159724
42692.0,32.5,28.5,0.3880057699648
42693.0,33.5,28.5,6.2886472170937004
42694.0,34.5,28.5,3.9722064346684998
42695.0,35.5,28.5,3.65609790946
42696.0,36.5,28.5,39.7366408839704
42697.0,37.5,28.5,0.02436490179521613
42698.0,38.5,28.5,-0.0048870668035118055
42701.0,41.5,28.5,0.7642654997825
42702.0,42.5,28.5,1.5264810320241
42703.0,43.5,28.5,-0.010423067079324508
42704.0,44.5,28.5,0.2669819739559
42705.0,45.5,28.5,15.765058776045102
42706.0,46.5,28.5,5.1744212287558
42707.0,47.5,28.5,-0.008653733169538748
42708.0,48.5,28.5,4.0201276279096
42712.0,52.5,28.5,-0.04757094898041156
42715.0,55.5,28.5,1.2572486509822
42716.0,56.5,28.5,0.2235288612267
42721.0,61.5,28.5,0.6760295094425
42722.0,62.5,28.5,-0.004476057613770864
42723.0,63.5,28.5,0.0017438793229265378
42724.0,64.5,28.5,1.1864740760679
42727.0,67.5,28.5,0.5760686692206001
42728.0,68.5,28.5,9.670838496554099
42729.0,69.5,28.5,7.989927079543199
42730.0,70.5,28.5,0.3343400276369
42731.0,71.5,28.5,1.2639765089438
42732.0,72.5,28.5,2.433309574477
42733.0,73.5,28.5,40.7431347709732
42734.0,74.5,28.5,33.097955278038704
42735.0,75.5,28.5,120.3205500459822
42736.0,76.5,28.5,256.97098787976955
42737.0,77.5,28.5,112.1079367962262
42738.0,78.5,28.5,262.6135558937065
42739.0,79.5,28.5,71.7466162312179
42740.0,80.5,28.5,110.73031051433401
42741.0,81.5,28.5,12.8807920459969
42742.0,82.5,28.5,10.6422522133445
42743.0,83.5,28.5,13.7710796861109
42744.0,84.5,28.5,6.807055394367199
42745.0,85.5,28.5,0.342478306021
42746.0,86.5,28.5,0.08872972832692551
42747.0,87.5,28.5,0.5269572282046
42748.0,88.5,28.5,0.3672770709746
42749.0,89.5,28.5,1.9857109808830002
42750.0,90.5,28.5,0.40315010304230003
42751.0,91.5,28.5,0.7323285731075
42752.0,92.5,28.5,1.3899899368294
42753.0,93.5,28.5,1.7788102482188
42754.0,94.5,28.5,7.4655636134701995
42755.0,95.5,28.5,8.329340811286501
42756.0,96.5,28.5,0.4516021099136
42757.0,97.5,28.5,0.3606393007153
42758.0,98.5,28.5,0.9064806107669
42759.0,99.5,28.5,1.4768421838165
42760.0,100.5,28.5,0.4864676977707
42761.0,101.5,28.5,1.1350507131155
42762.0,102.5,28.5,20.3383853821674
42763.0,103.5,28.5,6.395829072147699
42764.0,104.5,28.5,16.2343681707815
42765.0,105.5,28.5,30.545537411980998
42766.0,106.5,28.5,19.203606092654198
42767.0,107.5,28.5,5.7965775155033
42768.0,108.5,28.5,16.8754770815456
42769.0,109.5,28.5,22.4642021422649
42770.0,110.5,28.5,11.5255909498216
42771.0,111.5,28.5,31.5103302648624
42772.0,112.5,28.5,78.8196812248751
42773.0,113.5,28.5,72.0225316999603
42774.0,114.5,28.5,26.5677741891764
42775.0,115.5,28.5,123.9039144117129
42776.0,116.5,28.5,85.9146344439642
42777.0,117.5,28.5,64.85430355958171
42778.0,118.5,28.5,63.34701700046989
42779.0,119.5,28.5,37.5105851974943
42780.0,120.5,28.5,62.676945550364294
42781.0,121.5,28.5,93.7339069454504
42789.0,129.5,28.5,0.8894618509400001
42904.0,-115.5,29.5,-0.0007817458447002506
42907.0,-112.5,29.5,0.1235438128968
42908.0,-111.5,29.5,4.329206791338
42909.0,-110.5,29.5,15.2554021280945
42910.0,-109.5,29.5,1.2200575498751
42911.0,-108.5,29.5,0.4200169053003
42912.0,-107.5,29.5,3.5695503373227
42913.0,-106.5,29.5,1.6004864043526998
42914.0,-105.5,29.5,0.1728255696309
42915.0,-104.5,29.5,2.1267546635201002
42916.0,-103.5,29.5,0.27768303010740003
42917.0,-102.5,29.5,0.029428197653009264
42918.0,-101.5,29.5,0.6360421223921999
42919.0,-100.5,29.5,6.0425142877786
42920.0,-99.5,29.5,5.7480899684822
42921.0,-98.5,29.5,101.56943624430349
42922.0,-97.5,29.5,15.288118902407199
42923.0,-96.5,29.5,10.482032034815301
42924.0,-95.5,29.5,70.8065187467728
42925.0,-94.5,29.5,15.2109671974574
42926.0,-93.5,29.5,9.3273349293228
42927.0,-92.5,29.5,3.6972739956159
42928.0,-91.5,29.5,12.2028929425666
42929.0,-90.5,29.5,33.3668309554603
42930.0,-89.5,29.5,7.037623757365
42931.0,-88.5,29.5,0.003379307027671258
42934.0,-85.5,29.5,1.7243950801330998
42935.0,-84.5,29.5,1.5955764090342999
42936.0,-83.5,29.5,2.1281754860027
42937.0,-82.5,29.5,37.5356310045383
42938.0,-81.5,29.5,36.7996238681771
43006.0,-13.5,29.5,-0.020106516812790257
43029.0,9.5,29.5,0.1746134942137
43049.0,29.5,29.5,0.09974572528861261
43050.0,30.5,29.5,105.03021063116991
43051.0,31.5,29.5,165.9135470308249
43052.0,32.5,29.5,17.7339496295879
43053.0,33.5,29.5,0.8128792036776
43054.0,34.5,29.5,7.899874728511599
43055.0,35.5,29.5,5.0018719529001
43056.0,36.5,29.5,0.6580353741909
43058.0,38.5,29.5,-0.01213260791074081
43059.0,39.5,29.5,4.0437388023850005
43060.0,40.5,29.5,13.663800571190901
43063.0,43.5,29.5,3.9975829490796997
43064.0,44.5,29.5,-0.001831539228637635
43065.0,45.5,29.5,0.0058386456590868024
43066.0,46.5,29.5,0.24260254723650002
43067.0,47.5,29.5,6.050408997151799
43068.0,48.5,29.5,1.4886600779730998
43072.0,52.5,29.5,8.807380102219899
43075.0,55.5,29.5,13.216571382472699
43076.0,56.5,29.5,0.1658505919501
43080.0,60.5,29.5,15.227654628165299
43081.0,61.5,29.5,0.7987347419576
43082.0,62.5,29.5,0.03479926034809648
43083.0,63.5,29.5,0.2864162629878
43084.0,64.5,29.5,0.9234682061378
43085.0,65.5,29.5,1.046235574404
43086.0,66.5,29.5,2.5084915450282
43088.0,68.5,29.5,0.17385406941940001
43089.0,69.5,29.5,0.6313970084488001
43090.0,70.5,29.5,1.8410391379224
43091.0,71.5,29.5,108.03199362918261
43092.0,72.5,29.5,46.3186318831387
43093.0,73.5,29.5,56.6943834297851
43094.0,74.5,29.5,139.8805078754049
43095.0,75.5,29.5,203.0708676753374
43096.0,76.5,29.5,293.8365359048034
43097.0,77.5,29.5,59.4623355024519
43098.0,78.5,29.5,254.5701016151463
43099.0,79.5,29.5,132.7374985791509
43100.0,80.5,29.5,10.8061474154134
43101.0,81.5,29.5,2.3739648892742
43102.0,82.5,29.5,0.5644314589667
43103.0,83.5,29.5,0.06886460790325297
43104.0,84.5,29.5,0.0316123784198324
43105.0,85.5,29.5,0.06442299642538556
43106.0,86.5,29.5,0.1269339543595
43107.0,87.5,29.5,1.2247562901026
43108.0,88.5,29.5,4.7818831281978005
43109.0,89.5,29.5,3.2586419845709997
43110.0,90.5,29.5,6.5324638466533
43111.0,91.5,29.5,19.581444064396802
43112.0,92.5,29.5,1.5756706812241001
43113.0,93.5,29.5,1.242138697842
43114.0,94.5,29.5,3.9387602180018
43115.0,95.5,29.5,1.2567791500877001
43116.0,96.5,29.5,0.2856065287433
43117.0,97.5,29.5,0.1685288925424
43118.0,98.5,29.5,0.5148287379127
43119.0,99.5,29.5,0.7139968876100999
43120.0,100.5,29.5,1.2018662233056
43121.0,101.5,29.5,0.4351621605956
43122.0,102.5,29.5,8.146081008602
43123.0,103.5,29.5,25.916784182294197
43124.0,104.5,29.5,25.4649898762292
43125.0,105.5,29.5,43.135138937978695
43126.0,106.5,29.5,77.1051701465483
43127.0,107.5,29.5,20.2323619005224
43128.0,108.5,29.5,8.6139896281853
43129.0,109.5,29.5,16.3233670708253
43130.0,110.5,29.5,17.2772560404006
43131.0,111.5,29.5,54.616150525588
43132.0,112.5,29.5,42.9095663539805
43133.0,113.5,29.5,55.876677962848895
43134.0,114.5,29.5,34.2625194465004
43135.0,115.5,29.5,66.2259923809996
43136.0,116.5,29.5,61.39503183546
43137.0,117.5,29.5,33.645070062769804
43138.0,118.5,29.5,36.2603997159666
43139.0,119.5,29.5,92.7169605184725
43140.0,120.5,29.5,121.2684874001701
43141.0,121.5,29.5,117.6033832978261
43142.0,122.5,29.5,13.526773910178202
43149.0,129.5,29.5,0.0011953730133478693
43263.0,-116.5,30.5,0.5443933474024001
43264.0,-115.5,30.5,0.3700807348827
43265.0,-114.5,30.5,0.1879934869316
43266.0,-113.5,30.5,0.0213226828200704
43267.0,-112.5,30.5,3.7526633166272
43268.0,-111.5,30.5,1.4397958465810998
43269.0,-110.5,30.5,3.8295653770871
43270.0,-109.5,30.5,1.2632240548316
43271.0,-108.5,30.5,0.9666437087059
43272.0,-107.5,30.5,4.1389043814347
43273.0,-106.5,30.5,0.7485155744328
43274.0,-105.5,30.5,0.013191530594632864
43275.0,-104.5,30.5,0.5397386784637
43276.0,-103.5,30.5,1.017171479369
43277.0,-102.5,30.5,1.0505731618418
43278.0,-101.5,30.5,0.6131663018488
43279.0,-100.5,30.5,1.0874482203459
43280.0,-99.5,30.5,5.3621304775702
43281.0,-98.5,30.5,14.0511091985717
43282.0,-97.5,30.5,88.6383592844922
43283.0,-96.5,30.5,18.9348734859985
43284.0,-95.5,30.5,36.3317767842426
43285.0,-94.5,30.5,16.282816448908303
43286.0,-93.5,30.5,19.245951619659
43287.0,-92.5,30.5,24.7411927639287
43288.0,-91.5,30.5,35.2662263619961
43289.0,-90.5,30.5,41.7008330857112
43290.0,-89.5,30.5,22.5568996201404
43291.0,-88.5,30.5,30.017383058143402
43292.0,-87.5,30.5,35.3776490482295
43293.0,-86.5,30.5,16.2318932784505
43294.0,-85.5,30.5,15.844508664092
43295.0,-84.5,30.5,20.094935155187297
43296.0,-83.5,30.5,14.292305604142001
43297.0,-82.5,30.5,8.026962270874801
43298.0,-81.5,30.5,65.3561481091104
43376.0,-3.5,30.5,-0.00260114065787349
43382.0,2.5,30.5,2.0494476695739
43383.0,3.5,30.5,0.03602400335090624
43387.0,7.5,30.5,0.0625228759233012
43388.0,8.5,30.5,0.4441433434915
43389.0,9.5,30.5,0.7676055555607
43390.0,10.5,30.5,0.3420891504767
43391.0,11.5,30.5,0.0017253583613911865
43392.0,12.5,30.5,0.0026653323280653412
43393.0,13.5,30.5,0.34811987642409997
43394.0,14.5,30.5,-0.0005286589754766634
43404.0,24.5,30.5,0.00047105712272449966
43405.0,25.5,30.5,0.0010103144644561214
43408.0,28.5,30.5,4.3118039295066
43409.0,29.5,30.5,30.4978244247494
43410.0,30.5,30.5,175.9693931898066
43411.0,31.5,30.5,171.3374986444941
43412.0,32.5,30.5,24.701170447576402
43413.0,33.5,30.5,1.073250829736
43414.0,34.5,30.5,4.4906597986968
43415.0,35.5,30.5,13.244138304069
43416.0,36.5,30.5,-0.0030624038521703057
43419.0,39.5,30.5,0.02124933036684133
43420.0,40.5,30.5,5.9717264828747005
43421.0,41.5,30.5,9.1223837318654
43425.0,45.5,30.5,0.00022642727559503054
43426.0,46.5,30.5,6.7805619957454
43427.0,47.5,30.5,58.1937434314199
43428.0,48.5,30.5,27.442032898095302
43429.0,49.5,30.5,3.4257290637402
43431.0,51.5,30.5,14.2637943668328
43432.0,52.5,30.5,5.7509634679485995
43435.0,55.5,30.5,12.2242150056917
43436.0,56.5,30.5,7.9899701667911005
43440.0,60.5,30.5,0.03508837436876648
43441.0,61.5,30.5,7.905922846271399
43442.0,62.5,30.5,0.1424338280883
43443.0,63.5,30.5,0.635372236466
43444.0,64.5,30.5,1.1561518572176002
43445.0,65.5,30.5,0.007453650685407449
43446.0,66.5,30.5,21.228663257845103
43447.0,67.5,30.5,7.585571313677001
43448.0,68.5,30.5,1.1883141965608
43449.0,69.5,30.5,0.8241197621726
43450.0,70.5,30.5,46.554765498418604
43451.0,71.5,30.5,107.3325915435727
43452.0,72.5,30.5,48.338019923108504
43453.0,73.5,30.5,92.690168694213
43454.0,74.5,30.5,166.48211374731108
43455.0,75.5,30.5,504.03803195729137
43456.0,76.5,30.5,39.6985468692846
43457.0,77.5,30.5,40.9188071464985
43458.0,78.5,30.5,101.9496829286814
43459.0,79.5,30.5,18.1013592901494
43460.0,80.5,30.5,0.1546990864869
43461.0,81.5,30.5,0.2502941816694
43462.0,82.5,30.5,0.0793752203685815
43463.0,83.5,30.5,0.02019152672969736
43464.0,84.5,30.5,0.014303086075008187
43465.0,85.5,30.5,-0.004327701737727165
43466.0,86.5,30.5,0.020730959773938115
43467.0,87.5,30.5,-0.0026052043959052
43468.0,88.5,30.5,0.0676279644006837
43469.0,89.5,30.5,-0.0037495253939590443
43470.0,90.5,30.5,0.21621193408890002
43471.0,91.5,30.5,0.4670727726608
43472.0,92.5,30.5,0.1519173313387
43473.0,93.5,30.5,0.2457729486852
43474.0,94.5,30.5,0.3625787233569
43475.0,95.5,30.5,0.8040762930980999
43476.0,96.5,30.5,0.30887694398570004
43477.0,97.5,30.5,0.5220499677491
43478.0,98.5,30.5,0.1504896235305
43479.0,99.5,30.5,0.5838417452845001
43480.0,100.5,30.5,0.38669273869529996
43481.0,101.5,30.5,1.1215061240653
43482.0,102.5,30.5,4.3252221232765
43483.0,103.5,30.5,62.482127724765895
43484.0,104.5,30.5,63.4405719935254
43485.0,105.5,30.5,24.5325494358155
43486.0,106.5,30.5,44.7851131829487
43487.0,107.5,30.5,27.8427388332613
43488.0,108.5,30.5,23.127457925262398
43489.0,109.5,30.5,18.449051896484303
43490.0,110.5,30.5,8.3799087655009
43491.0,111.5,30.5,52.2263034981586
43492.0,112.5,30.5,61.9325235431369
43493.0,113.5,30.5,70.8608905942581
43494.0,114.5,30.5,122.8541616260277
43495.0,115.5,30.5,69.1635756274556
43496.0,116.5,30.5,75.4850619859653
43497.0,117.5,30.5,58.2704178885837
43498.0,118.5,30.5,43.4762404787185
43499.0,119.5,30.5,76.1229112722027
43500.0,120.5,30.5,277.8884290890208
43501.0,121.5,30.5,257.8521442679014
43502.0,122.5,30.5,22.2244417363186
43510.0,130.5,30.5,0.8769750874960001
43511.0,131.5,30.5,0.013665669886841862
43623.0,-116.5,31.5,12.2370759085667
43624.0,-115.5,31.5,0.2647482366951
43625.0,-114.5,31.5,1.12228357247
43626.0,-113.5,31.5,3.0905879100936
43627.0,-112.5,31.5,0.316462054227
43628.0,-111.5,31.5,0.6194255917647999
43629.0,-110.5,31.5,14.887352270364401
43630.0,-109.5,31.5,4.696617548631
43631.0,-108.5,31.5,0.46367926891660005
43632.0,-107.5,31.5,1.2884362275528
43633.0,-106.5,31.5,93.85084605901001
43634.0,-105.5,31.5,0.322754204728
43635.0,-104.5,31.5,0.3248272351694
43636.0,-103.5,31.5,1.9410340475883
43637.0,-102.5,31.5,16.7239154340533
43638.0,-101.5,31.5,1.1078744543826
43639.0,-100.5,31.5,8.2543417321781
43640.0,-99.5,31.5,3.9754989292403002
43641.0,-98.5,31.5,6.722533948446
43642.0,-97.5,31.5,35.8395900393159
43643.0,-96.5,31.5,8.2283867508371
43644.0,-95.5,31.5,8.0959546067445
43645.0,-94.5,31.5,12.0033631981541
43646.0,-93.5,31.5,6.9440886466324
43647.0,-92.5,31.5,11.150718095427699
43648.0,-91.5,31.5,6.157713594322201
43649.0,-90.5,31.5,9.9336263713563
43650.0,-89.5,31.5,20.9200459798069
43651.0,-88.5,31.5,6.2427547482233
43652.0,-87.5,31.5,6.8672950456422
43653.0,-86.5,31.5,8.5868933762283
43654.0,-85.5,31.5,20.7933186908957
43655.0,-84.5,31.5,10.2802083364544
43656.0,-83.5,31.5,15.7655891005626
43657.0,-82.5,31.5,12.3220936108655
43658.0,-81.5,31.5,16.089365950429702
43659.0,-80.5,31.5,0.4151446081292
43731.0,-8.5,31.5,9.902842812770201
43732.0,-7.5,31.5,5.6907864480615
43742.0,2.5,31.5,5.0741430628274746e-05
43743.0,3.5,31.5,0.489640900727
43744.0,4.5,31.5,0.02264682390487825
43745.0,5.5,31.5,6.8778831947804
43746.0,6.5,31.5,3.1254506670027
43747.0,7.5,31.5,0.006242074415305362
43748.0,8.5,31.5,0.3286839549228
43749.0,9.5,31.5,0.25244590127109995
43750.0,10.5,31.5,1.3165722847360999
43751.0,11.5,31.5,3.2364405609795
43752.0,12.5,31.5,6.019077266892
43753.0,13.5,31.5,2.0136411299988
43754.0,14.5,31.5,2.4966720669647
43755.0,15.5,31.5,0.5862702888651
43763.0,23.5,31.5,-0.0002883391633944012
43764.0,24.5,31.5,0.5447651201991001
43765.0,25.5,31.5,1.496553895279
43767.0,27.5,31.5,1.4948582393287
43768.0,28.5,31.5,1.7392378639499
43769.0,29.5,31.5,34.4334908299824
43770.0,30.5,31.5,89.9877649478744
43771.0,31.5,31.5,57.6622092538636
43772.0,32.5,31.5,10.8738598548506
43773.0,33.5,31.5,4.3976765483058
43774.0,34.5,31.5,74.51000952652
43775.0,35.5,31.5,94.66844401239639
43776.0,36.5,31.5,7.5212848944994
43777.0,37.5,31.5,8.154300583923499
43780.0,40.5,31.5,0.4423979762886
43781.0,41.5,31.5,0.9669307818163
43784.0,44.5,31.5,22.175829667970998
43785.0,45.5,31.5,16.1748611579817
43786.0,46.5,31.5,28.2198319912583
43787.0,47.5,31.5,18.3871295737896
43788.0,48.5,31.5,3.8811014030131
43789.0,49.5,31.5,-0.3761525304731
43791.0,51.5,31.5,0.6706095818141
43792.0,52.5,31.5,-0.07721457013052092
43800.0,60.5,31.5,-0.0313269267299451
43801.0,61.5,31.5,7.853636346039999
43802.0,62.5,31.5,0.7010239212943999
43803.0,63.5,31.5,0.203511967053
43804.0,64.5,31.5,2.9563293252927
43805.0,65.5,31.5,17.5408907244574
43806.0,66.5,31.5,1.9530503342779
43807.0,67.5,31.5,0.8864204086789
43808.0,68.5,31.5,0.3312441465987
43809.0,69.5,31.5,0.9206028106927999
43810.0,70.5,31.5,12.8366725395647
43811.0,71.5,31.5,39.0443071106925
43812.0,72.5,31.5,105.8489270847739
43813.0,73.5,31.5,164.2150124953576
43814.0,74.5,31.5,61.607764252429504
43815.0,75.5,31.5,494.3119929648504
43816.0,76.5,31.5,61.7329063934931
43817.0,77.5,31.5,50.6307385009594
43818.0,78.5,31.5,4.896738071733201
43819.0,79.5,31.5,0.09747768387873866
43820.0,80.5,31.5,0.04497425875696312
43821.0,81.5,31.5,0.00324172497261458
43822.0,82.5,31.5,0.03369732294947338
43823.0,83.5,31.5,0.05046530249926408
43824.0,84.5,31.5,0.1042375223794
43825.0,85.5,31.5,0.061189216908543925
43826.0,86.5,31.5,0.03470131928446727
43827.0,87.5,31.5,0.07224221422845584
43828.0,88.5,31.5,0.012691050979207369
43829.0,89.5,31.5,0.02044384580647668
43830.0,90.5,31.5,0.1713909191633
43831.0,91.5,31.5,0.08184290737785078
43832.0,92.5,31.5,1.3831684516031
43833.0,93.5,31.5,0.31883244782500003
43834.0,94.5,31.5,0.3794271880292
43835.0,95.5,31.5,0.4689421859178
43836.0,96.5,31.5,0.4280656182926
43837.0,97.5,31.5,0.4501132098945
43838.0,98.5,31.5,0.3425787090964
43839.0,99.5,31.5,0.91883628061
43840.0,100.5,31.5,1.5339168392501998
43841.0,101.5,31.5,0.3660015943413
43842.0,102.5,31.5,1.0771183164796
43843.0,103.5,31.5,6.5178964193053
43844.0,104.5,31.5,55.8895419988568
43845.0,105.5,31.5,23.390435535443803
43846.0,106.5,31.5,30.9385035886744
43847.0,107.5,31.5,29.0911440787898
43848.0,108.5,31.5,15.813975581131599
43849.0,109.5,31.5,10.1298948578698
43850.0,110.5,31.5,4.0857979459233995
43851.0,111.5,31.5,14.1638046793769
43852.0,112.5,31.5,39.159024237554696
43853.0,113.5,31.5,37.4053646218566
43854.0,114.5,31.5,32.7073935821728
43855.0,115.5,31.5,36.3855643074774
43856.0,116.5,31.5,58.2374350480456
43857.0,117.5,31.5,102.0596769241956
43858.0,118.5,31.5,124.9877098717041
43859.0,119.5,31.5,170.531037926081
43860.0,120.5,31.5,305.0857840044244
43861.0,121.5,31.5,539.4835282894098
43869.0,129.5,31.5,0.1442867698494
43870.0,130.5,31.5,108.318819732747
43871.0,131.5,31.5,15.394722275020401
43981.0,-118.5,32.5,0.029226631602738144
43982.0,-117.5,32.5,110.20342856740601
43983.0,-116.5,32.5,61.050259086746
43984.0,-115.5,32.5,34.8447961022869
43985.0,-114.5,32.5,17.030724709751002
43986.0,-113.5,32.5,0.2005455890518
43987.0,-112.5,32.5,1.5145512425380998
43988.0,-111.5,32.5,21.309756611532098
43989.0,-110.5,32.5,38.8736584941254
43990.0,-109.5,32.5,2.9639212893655
43991.0,-108.5,32.5,2.2159018382956
43992.0,-107.5,32.5,2.1287915713661
43993.0,-106.5,32.5,27.4444139729003
43994.0,-105.5,32.5,3.236207304246
43995.0,-104.5,32.5,4.659859538096399
43996.0,-103.5,32.5,4.1362389728636995
43997.0,-102.5,32.5,9.9194724469743
43998.0,-101.5,32.5,6.027880687819
43999.0,-100.5,32.5,4.382487409084701
44000.0,-99.5,32.5,11.431894549339201
44001.0,-98.5,32.5,9.845258022275399
44002.0,-97.5,32.5,116.0530379568503
44003.0,-96.5,32.5,16.8836754955828
44004.0,-95.5,32.5,23.472555264313502
44005.0,-94.5,32.5,18.549523347273702
44006.0,-93.5,32.5,20.678231873092802
44007.0,-92.5,32.5,13.2236901640341
44008.0,-91.5,32.5,5.7070649546192005
44009.0,-90.5,32.5,26.6574619382247
44010.0,-89.5,32.5,19.976089705460502
44011.0,-88.5,32.5,14.133762340642699
44012.0,-87.5,32.5,5.4759495307829
44013.0,-86.5,32.5,22.9957221695281
44014.0,-85.5,32.5,18.1265025612987
44015.0,-84.5,32.5,17.5522179326736
44016.0,-83.5,32.5,26.6526098051597
44017.0,-82.5,32.5,11.6488350665444
44018.0,-81.5,32.5,20.7033344755797
44019.0,-80.5,32.5,35.0520803530377
44020.0,-79.5,32.5,19.479718067724498
44083.0,-16.5,32.5,2.356789450676
44097.0,-2.5,32.5,-0.0006491901860719706
44102.0,2.5,32.5,0.0008938060173009265
44103.0,3.5,32.5,10.8327200027842
44104.0,4.5,32.5,2.6436168884374003
44105.0,5.5,32.5,3.6799323405098
44106.0,6.5,32.5,0.1855209434771
44107.0,7.5,32.5,0.02442364075289937
44108.0,8.5,32.5,0.0026992931806499565
44109.0,9.5,32.5,0.034967455264002925
44110.0,10.5,32.5,6.6591762439391
44111.0,11.5,32.5,3.8641303259271
44112.0,12.5,32.5,37.6198524014609
44113.0,13.5,32.5,35.226158617435296
44114.0,14.5,32.5,26.4080172801133
44115.0,15.5,32.5,-0.1145100230694
44123.0,23.5,32.5,0.5163115816491
44124.0,24.5,32.5,0.02273042064763613
44134.0,34.5,32.5,7.310264409739
44135.0,35.5,32.5,175.4354820845773
44136.0,36.5,32.5,12.8638902457072
44137.0,37.5,32.5,-0.004535918681547575
44138.0,38.5,32.5,0.2430780271744
44139.0,39.5,32.5,0.1544616388663
44140.0,40.5,32.5,7.9793401837422e-05
44143.0,43.5,32.5,-0.03666907739430819
44144.0,44.5,32.5,75.4265041321967
44145.0,45.5,32.5,17.354760336565402
44146.0,46.5,32.5,4.1500760745896
44147.0,47.5,32.5,0.8790642397784
44148.0,48.5,32.5,-0.6498515284083
44155.0,55.5,32.5,0.008103436120758256
44160.0,60.5,32.5,0.7328786906935
44161.0,61.5,32.5,1.8387429249829
44162.0,62.5,32.5,7.300293324466001
44163.0,63.5,32.5,1.5754530109139
44164.0,64.5,32.5,6.6184268101491
44165.0,65.5,32.5,8.3932069322139
44166.0,66.5,32.5,4.683860405076301
44167.0,67.5,32.5,6.196186383170001
44168.0,68.5,32.5,2.2495414086707
44169.0,69.5,32.5,13.5337125674766
44170.0,70.5,32.5,35.4842078147816
44171.0,71.5,32.5,58.2590740155958
44172.0,72.5,32.5,107.62190193629779
44173.0,73.5,32.5,125.95696043449689
44174.0,74.5,32.5,92.02596588967971
44175.0,75.5,32.5,202.8413191016392
44176.0,76.5,32.5,71.472866648593
44177.0,77.5,32.5,6.2443322166495
44178.0,78.5,32.5,-0.002705258995965651
44179.0,79.5,32.5,0.03190747955145217
44180.0,80.5,32.5,0.7465459856427
44181.0,81.5,32.5,0.07821983203952894
44182.0,82.5,32.5,-0.00016792300880216519
44183.0,83.5,32.5,0.0199178214528228
44184.0,84.5,32.5,0.059269496674643755
44185.0,85.5,32.5,0.017402045860019876
44186.0,86.5,32.5,-0.0014915427185839703
44187.0,87.5,32.5,0.04967712802856634
44188.0,88.5,32.5,-0.0009973039931141278
44189.0,89.5,32.5,0.01957659817170616
44190.0,90.5,32.5,0.056205252354561336
44191.0,91.5,32.5,0.13378042759210002
44192.0,92.5,32.5,0.2448813654034
44193.0,93.5,32.5,0.1819173440047
44194.0,94.5,32.5,0.1185873964171
44195.0,95.5,32.5,1.1977114692383002
44196.0,96.5,32.5,0.9190435556684999
44197.0,97.5,32.5,0.45699546349790005
44198.0,98.5,32.5,0.2855523990473
44199.0,99.5,32.5,0.1949106799918
44200.0,100.5,32.5,0.7687457658500999
44201.0,101.5,32.5,1.2702552501791
44202.0,102.5,32.5,0.75417899251
44203.0,103.5,32.5,1.4503870842320001
44204.0,104.5,32.5,3.2367592924729003
44205.0,105.5,32.5,13.2695308265862
44206.0,106.5,32.5,12.069562455471601
44207.0,107.5,32.5,5.9272381932317
44208.0,108.5,32.5,9.8021314036371
44209.0,109.5,32.5,9.7809491673478
44210.0,110.5,32.5,17.294410101062
44211.0,111.5,32.5,37.2968834449381
44212.0,112.5,32.5,116.6272618118373
44213.0,113.5,32.5,36.4184007493202
44214.0,114.5,32.5,73.9255594857179
44215.0,115.5,32.5,110.1767936441795
44216.0,116.5,32.5,95.5570283696202
44217.0,117.5,32.5,71.9359494059633
44218.0,118.5,32.5,93.04362366037711
44219.0,119.5,32.5,190.3368103204617
44220.0,120.5,32.5,211.254464566856
44221.0,121.5,32.5,90.9368946144458
44228.0,128.5,32.5,2.1709598743044998
44229.0,129.5,32.5,9.698105551738
44230.0,130.5,32.5,42.4836147742948
44231.0,131.5,32.5,65.18608795976661
44232.0,132.5,32.5,1.9132830228459001
44233.0,133.5,32.5,0.09303848989254047
44339.0,-120.5,33.5,0.0011645449971608571
44340.0,-119.5,33.5,0.03600726607813615
44341.0,-118.5,33.5,2.9439598498779
44342.0,-117.5,33.5,140.1449594827757
44343.0,-116.5,33.5,48.0344916476691
44344.0,-115.5,33.5,4.2559724770288
44345.0,-114.5,33.5,1.6779595817068
44346.0,-113.5,33.5,0.7791860038172
44347.0,-112.5,33.5,17.9654080275351
44348.0,-111.5,33.5,61.6751677612072
44349.0,-110.5,33.5,1.7422866116472
44350.0,-109.5,33.5,1.0297025850184
44351.0,-108.5,33.5,0.3214429963912
44352.0,-107.5,33.5,0.8313390769485001
44353.0,-106.5,33.5,0.4800959908311
44354.0,-105.5,33.5,2.8103852716652002
44355.0,-104.5,33.5,4.6593926066357
44356.0,-103.5,33.5,0.6158918397993
44357.0,-102.5,33.5,4.6060325722787
44358.0,-101.5,33.5,21.4271107770451
44359.0,-100.5,33.5,0.6690534389517
44360.0,-99.5,33.5,2.0702098279035
44361.0,-98.5,33.5,10.5163894695019
44362.0,-97.5,33.5,33.2845143077624
44363.0,-96.5,33.5,79.0743142977566
44364.0,-95.5,33.5,10.8826919306427
44365.0,-94.5,33.5,13.7883455005215
44366.0,-93.5,33.5,7.1031648587239
44367.0,-92.5,33.5,5.8904967611992
44368.0,-91.5,33.5,8.0385767655078
44369.0,-90.5,33.5,8.843075015425
44370.0,-89.5,33.5,6.999063603646601
44371.0,-88.5,33.5,12.7662380525751
44372.0,-87.5,33.5,27.8067054073979
44373.0,-86.5,33.5,51.2968482989886
44374.0,-85.5,33.5,22.9526754608195
44375.0,-84.5,33.5,73.0264993457662
44376.0,-83.5,33.5,17.595182263000698
44377.0,-82.5,33.5,20.4625217168524
44378.0,-81.5,33.5,26.4813675225486
44379.0,-80.5,33.5,25.4226830089892
44380.0,-79.5,33.5,15.924065627167499
44381.0,-78.5,33.5,33.6376141450909
44382.0,-77.5,33.5,0.3240350929685
44443.0,-16.5,33.5,0.5429126069302
44451.0,-8.5,33.5,0.1297424504796
44452.0,-7.5,33.5,36.782444210165
44453.0,-6.5,33.5,23.8202949598335
44454.0,-5.5,33.5,19.6298291220082
44455.0,-4.5,33.5,5.1607282089899
44456.0,-3.5,33.5,0.035937763550549465
44457.0,-2.5,33.5,-0.0046306444496501615
44462.0,2.5,33.5,3.4713906629228
44463.0,3.5,33.5,1.5992279718104
44464.0,4.5,33.5,0.2577041718221
44465.0,5.5,33.5,4.2342965815396
44466.0,6.5,33.5,7.5315270639101
44467.0,7.5,33.5,1.886501138926
44468.0,8.5,33.5,6.9855920409767
44469.0,9.5,33.5,6.1668197847418
44470.0,10.5,33.5,38.204256153845996
44471.0,11.5,33.5,13.4383138955202
44495.0,35.5,33.5,98.83696371218741
44496.0,36.5,33.5,20.483756798566297
44497.0,37.5,33.5,0.0594941223200448
44498.0,38.5,33.5,0.005392981915811865
44499.0,39.5,33.5,0.2022687324361
44500.0,40.5,33.5,0.0290342624872027
44501.0,41.5,33.5,0.03037789986199595
44502.0,42.5,33.5,4.2929524796287
44503.0,43.5,33.5,17.002521455554202
44504.0,44.5,33.5,128.50113571220538
44505.0,45.5,33.5,3.2002388694258
44506.0,46.5,33.5,0.10843953044749999
44509.0,49.5,33.5,0.0855465369888298
44510.0,50.5,33.5,4.1589868095263
44514.0,54.5,33.5,0.3489045688113
44515.0,55.5,33.5,0.7461490909162
44520.0,60.5,33.5,0.3015340886261
44521.0,61.5,33.5,0.373420542122
44522.0,62.5,33.5,3.2229326828077998
44523.0,63.5,33.5,1.5786630133586
44524.0,64.5,33.5,2.2456857683977
44525.0,65.5,33.5,3.6486558090549996
44526.0,66.5,33.5,4.874882450267401
44527.0,67.5,33.5,2.3116624098675
44528.0,68.5,33.5,22.3036024979011
44529.0,69.5,33.5,17.3698139280468
44530.0,70.5,33.5,26.358897937805903
44531.0,71.5,33.5,44.76262772857
44532.0,72.5,33.5,65.0655826914057
44533.0,73.5,33.5,148.0169866723741
44534.0,74.5,33.5,98.2043600449794
44535.0,75.5,33.5,56.3578168434245
44536.0,76.5,33.5,0.8033696871884
44538.0,78.5,33.5,0.015296447366213675
44539.0,79.5,33.5,0.1124692147352
44540.0,80.5,33.5,0.03960841313479719
44541.0,81.5,33.5,0.0225989205635939
44542.0,82.5,33.5,0.06859764375948268
44543.0,83.5,33.5,0.005165989648345526
44545.0,85.5,33.5,0.004399989548868015
44546.0,86.5,33.5,0.002417202663669773
44547.0,87.5,33.5,0.0011335947445912159
44548.0,88.5,33.5,0.011650022194644949
44549.0,89.5,33.5,-0.0015944995193168492
44550.0,90.5,33.5,0.2185713712928
44551.0,91.5,33.5,0.12668964030240001
44552.0,92.5,33.5,0.107982925544
44553.0,93.5,33.5,0.03284614715155411
44554.0,94.5,33.5,0.1689154464047
44555.0,95.5,33.5,0.9718942435079
44556.0,96.5,33.5,0.723448105052
44557.0,97.5,33.5,1.1924202393682
44558.0,98.5,33.5,0.09595526718110461
44559.0,99.5,33.5,0.42224926219639997
44560.0,100.5,33.5,0.2481260854279
44561.0,101.5,33.5,0.4027107361923
44562.0,102.5,33.5,0.8042387290542999
44563.0,103.5,33.5,0.8858080555938
44564.0,104.5,33.5,6.449889794867101
44565.0,105.5,33.5,5.6920223119395
44566.0,106.5,33.5,14.2082022328301
44567.0,107.5,33.5,23.6172237549948
44568.0,108.5,33.5,0.9532711184936999
44569.0,109.5,33.5,5.7114015253237
44570.0,110.5,33.5,7.7502909931384
44571.0,111.5,33.5,26.1941841391563
44572.0,112.5,33.5,64.2251001003871
44573.0,113.5,33.5,150.9122635984625
44574.0,114.5,33.5,197.3942103638697
44575.0,115.5,33.5,191.59236363384198
44576.0,116.5,33.5,139.9842193591022
44577.0,117.5,33.5,104.0089963524985
44578.0,118.5,33.5,102.39255278214219
44579.0,119.5,33.5,95.07579330748479
44580.0,120.5,33.5,44.066084635916404
44589.0,129.5,33.5,14.6438840286818
44590.0,130.5,33.5,158.6765134511794
44591.0,131.5,33.5,86.9271872600938
44592.0,132.5,33.5,26.037265985177303
44593.0,133.5,33.5,92.5310086252006
44594.0,134.5,33.5,4.5932932565221
44595.0,135.5,33.5,10.5746918248325
44596.0,136.5,33.5,1.7428515009688
44599.0,139.5,33.5,0.3999466223298
44699.0,-120.5,34.5,5.8979418639481
44700.0,-119.5,34.5,28.3199278909787
44701.0,-118.5,34.5,37.1655351194859
44702.0,-117.5,34.5,56.5948135715019
44703.0,-116.5,34.5,6.756251771131
44704.0,-115.5,34.5,0.1049697957765
44705.0,-114.5,34.5,8.6264028812154
44706.0,-113.5,34.5,0.2669097155502
44707.0,-112.5,34.5,13.8378773831583
44708.0,-111.5,34.5,6.8371799044359
44709.0,-110.5,34.5,4.1065091008352
44710.0,-109.5,34.5,2.0227131688804
44711.0,-108.5,34.5,0.3032762243685
44712.0,-107.5,34.5,0.3807006471014
44713.0,-106.5,34.5,8.0853319392559
44714.0,-105.5,34.5,0.2348627325321
44715.0,-104.5,34.5,0.5402653673711
44716.0,-103.5,34.5,5.0804406826983
44717.0,-102.5,34.5,4.7449624674062
44718.0,-101.5,34.5,5.208756924293
44719.0,-100.5,34.5,1.8965321138959
44720.0,-99.5,34.5,4.9832498824616
44721.0,-98.5,34.5,10.338537688165099
44722.0,-97.5,34.5,11.1969961219015
44723.0,-96.5,34.5,8.1897749269014
44724.0,-95.5,34.5,5.400473771363
44725.0,-94.5,34.5,6.1591026960666
44726.0,-93.5,34.5,8.4336777334236
44727.0,-92.5,34.5,32.277269682524405
44728.0,-91.5,34.5,4.2681678726631
44729.0,-90.5,34.5,8.0092364616338
44730.0,-89.5,34.5,17.721248425459702
44731.0,-88.5,34.5,15.988418467855501
44732.0,-87.5,34.5,20.1305011385147
44733.0,-86.5,34.5,47.8500297308059
44734.0,-85.5,34.5,21.7269250847127
44735.0,-84.5,34.5,44.1608798348495
44736.0,-83.5,34.5,28.3167995580983
44737.0,-82.5,34.5,60.9380826961761
44738.0,-81.5,34.5,27.772773575875
44739.0,-80.5,34.5,30.6723631291655
44740.0,-79.5,34.5,26.2459582020216
44741.0,-78.5,34.5,18.822776501694097
44742.0,-77.5,34.5,25.7036664724393
44743.0,-76.5,34.5,8.423855254622
44813.0,-6.5,34.5,54.730359356857896
44814.0,-5.5,34.5,44.1691472208298
44815.0,-4.5,34.5,29.7448647580845
44816.0,-3.5,34.5,11.4053892071402
44817.0,-2.5,34.5,20.0500788536052
44818.0,-1.5,34.5,29.9500866192662
44819.0,-0.5,34.5,2.4282573348109
44822.0,2.5,34.5,1.9732874513894
44823.0,3.5,34.5,10.1664131486725
44824.0,4.5,34.5,3.7077262157173
44825.0,5.5,34.5,19.2652159339592
44826.0,6.5,34.5,5.2643244539549
44827.0,7.5,34.5,1.0730379738117002
44828.0,8.5,34.5,19.402002147671
44829.0,9.5,34.5,16.3751750756066
44830.0,10.5,34.5,41.1846925121103
44831.0,11.5,34.5,1.2105329101044
44844.0,24.5,34.5,0.6663451528984
44845.0,25.5,34.5,1.0344650239157
44846.0,26.5,34.5,0.00011232202669009119
44852.0,32.5,34.5,14.447089547070101
44853.0,33.5,34.5,22.1544291167339
44854.0,34.5,34.5,0.2991490570976
44855.0,35.5,34.5,42.451538026241295
44856.0,36.5,34.5,74.52285052036619
44857.0,37.5,34.5,2.7001916763478997
44858.0,38.5,34.5,1.1731968099941001
44859.0,39.5,34.5,0.0015866332770281008
44860.0,40.5,34.5,6.9859505328518
44861.0,41.5,34.5,3.1202202625357
44862.0,42.5,34.5,-0.03978337481358789
44863.0,43.5,34.5,18.1612084148889
44864.0,44.5,34.5,13.5773407494975
44865.0,45.5,34.5,19.785991132401403
44867.0,47.5,34.5,7.5882524410896
44868.0,48.5,34.5,40.0429096015118
44869.0,49.5,34.5,3.7554601752263
44870.0,50.5,34.5,6.8779614049466
44871.0,51.5,34.5,-0.1787654191108
44874.0,54.5,34.5,-0.004005442325084119
44875.0,55.5,34.5,0.003524962517309839
44877.0,57.5,34.5,-0.004512436846862664
44878.0,58.5,34.5,-0.156453457962
44880.0,60.5,34.5,3.4405266553250997
44881.0,61.5,34.5,4.7832216213404
44882.0,62.5,34.5,23.1342789980775
44883.0,63.5,34.5,4.4565308779847
44884.0,64.5,34.5,1.0869692901778
44885.0,65.5,34.5,1.3047979797508
44886.0,66.5,34.5,2.3355562219391
44887.0,67.5,34.5,2.1664135428103
44888.0,68.5,34.5,5.620728049698
44889.0,69.5,34.5,15.4426383860047
44890.0,70.5,34.5,22.1666990089927
44891.0,71.5,34.5,64.163930015626
44892.0,72.5,34.5,65.4328591893635
44893.0,73.5,34.5,62.956756783291404
44894.0,74.5,34.5,70.951000958282
44895.0,75.5,34.5,2.4051125613631004
44896.0,76.5,34.5,0.03860709490191622
44897.0,77.5,34.5,4.0268027746131
44898.0,78.5,34.5,0.032415945520965016
44899.0,79.5,34.5,0.0035229027196599094
44900.0,80.5,34.5,0.005232924555564631
44902.0,82.5,34.5,0.01957793758517892
44903.0,83.5,34.5,0.016714405295649163
44904.0,84.5,34.5,0.011699699828156327
44905.0,85.5,34.5,0.012271610943089336
44908.0,88.5,34.5,0.0009044714054598889
44910.0,90.5,34.5,0.10293710100959999
44911.0,91.5,34.5,0.020169166084698188
44912.0,92.5,34.5,0.02932053629668376
44913.0,93.5,34.5,0.12200298604500001
44914.0,94.5,34.5,0.32050862666080004
44915.0,95.5,34.5,0.5076432355793999
44916.0,96.5,34.5,0.029852961441175958
44917.0,97.5,34.5,0.0038995152584537424
44918.0,98.5,34.5,0.366768626444
44919.0,99.5,34.5,0.1227907550207
44920.0,100.5,34.5,0.949022220915
44921.0,101.5,34.5,0.5965971359562
44922.0,102.5,34.5,1.0697502864892
44923.0,103.5,34.5,4.6795994034793
44924.0,104.5,34.5,16.9222237705378
44925.0,105.5,34.5,33.0059762858433
44926.0,106.5,34.5,8.7213294208213
44927.0,107.5,34.5,49.9891691277047
44928.0,108.5,34.5,124.9686861611784
44929.0,109.5,34.5,108.3875339575697
44930.0,110.5,34.5,46.1453459398889
44931.0,111.5,34.5,35.4363332246801
44932.0,112.5,34.5,156.77400090081912
44933.0,113.5,34.5,216.9814184691354
44934.0,114.5,34.5,199.2762855090538
44935.0,115.5,34.5,197.2631612327862
44936.0,116.5,34.5,202.2640044632877
44937.0,117.5,34.5,222.6584733805525
44938.0,118.5,34.5,191.6533393587477
44939.0,119.5,34.5,92.6189819428041
44940.0,120.5,34.5,8.445547213296699
44949.0,129.5,34.5,0.3566839802636
44950.0,130.5,34.5,2.112281551114
44951.0,131.5,34.5,48.022699627608894
44952.0,132.5,34.5,57.735040735485704
44953.0,133.5,34.5,155.74181310777098
44954.0,134.5,34.5,75.92649447809829
44955.0,135.5,34.5,153.903939903251
44956.0,136.5,34.5,20.341529808174002
44957.0,137.5,34.5,69.6473660350511
44958.0,138.5,34.5,13.2716412479199
44959.0,139.5,34.5,3.3385874911821
45058.0,-121.5,35.5,0.8939217691861999
45059.0,-120.5,35.5,6.1810450159688
45060.0,-119.5,35.5,31.702142183715697
45061.0,-118.5,35.5,12.1210446140218
45062.0,-117.5,35.5,3.7926479312852996
45063.0,-116.5,35.5,1.1646212313201
45064.0,-115.5,35.5,7.087386664885
45065.0,-114.5,35.5,3.5782766880266
45066.0,-113.5,35.5,0.5099255164054001
45067.0,-112.5,35.5,0.8352049401774999
45068.0,-111.5,35.5,5.0357405618569
45069.0,-110.5,35.5,1.0344931574901999
45070.0,-109.5,35.5,1.1914394062872
45071.0,-108.5,35.5,2.9587166255510002
45072.0,-107.5,35.5,1.5854322092109001
45073.0,-106.5,35.5,49.1789567329781
45074.0,-105.5,35.5,7.9684988928489
45075.0,-104.5,35.5,0.36341041747360003
45076.0,-103.5,35.5,1.022187381615
45077.0,-102.5,35.5,1.3013113804174
45078.0,-101.5,35.5,17.9053654820978
45079.0,-100.5,35.5,2.8658193975617996
45080.0,-99.5,35.5,4.0108946423885
45081.0,-98.5,35.5,6.0107798097914
45082.0,-97.5,35.5,74.5533015664581
45083.0,-96.5,35.5,8.4136823916322
45084.0,-95.5,35.5,16.2336820897192
45085.0,-94.5,35.5,20.1148503140056
45086.0,-93.5,35.5,10.794580563782999
45087.0,-92.5,35.5,12.4778889866157
45088.0,-91.5,35.5,5.4721412561151
45089.0,-90.5,35.5,18.13886951509
45090.0,-89.5,35.5,40.9534089976997
45091.0,-88.5,35.5,14.567115981328401
45092.0,-87.5,35.5,11.536243377993
45093.0,-86.5,35.5,36.9527894598979
45094.0,-85.5,35.5,26.330540817546403
45095.0,-84.5,35.5,17.3354121287702
45096.0,-83.5,35.5,14.9722428378269
45097.0,-82.5,35.5,32.6893945331359
45098.0,-81.5,35.5,54.5766326609882
45099.0,-80.5,35.5,92.4917572896275
45100.0,-79.5,35.5,34.3871408493464
45101.0,-78.5,35.5,77.2003050133014
45102.0,-77.5,35.5,33.2196180620088
45103.0,-76.5,35.5,4.650117923461799
45104.0,-75.5,35.5,2.4422754479515
45173.0,-6.5,35.5,10.028112453918299
45174.0,-5.5,35.5,45.6334520399323
45175.0,-4.5,35.5,4.5261455559657
45176.0,-3.5,35.5,16.4748205656018
45177.0,-2.5,35.5,16.3055866585939
45178.0,-1.5,35.5,21.5092708183311
45179.0,-0.5,35.5,43.3294220692565
45180.0,0.5,35.5,18.2298293265118
45181.0,1.5,35.5,0.8371590376323
45182.0,2.5,35.5,10.7733716472893
45183.0,3.5,35.5,10.1552739981668
45184.0,4.5,35.5,25.2950886891103
45185.0,5.5,35.5,31.5168415869643
45186.0,6.5,35.5,16.311413919756102
45187.0,7.5,35.5,20.5117112337366
45188.0,8.5,35.5,21.929193173731697
45189.0,9.5,35.5,27.2923031515977
45190.0,10.5,35.5,23.202195911154
45191.0,11.5,35.5,-0.0333070513250923
45194.0,14.5,35.5,16.924919882907197
45203.0,23.5,35.5,5.4631519704992
45204.0,24.5,35.5,15.557742495843101
45205.0,25.5,35.5,22.9243499705006
45206.0,26.5,35.5,1.4935603457675
45207.0,27.5,35.5,0.7482919345654
45212.0,32.5,35.5,3.1368965225786
45213.0,33.5,35.5,46.1298646029943
45214.0,34.5,35.5,2.2078045417
45215.0,35.5,35.5,30.8612719071602
45216.0,36.5,35.5,52.3079483713627
45217.0,37.5,35.5,7.4345431133674
45218.0,38.5,35.5,8.4647372438517
45219.0,39.5,35.5,11.4510585667311
45220.0,40.5,35.5,1.5342552618290002
45221.0,41.5,35.5,0.09463351716262138
45222.0,42.5,35.5,0.7688128532478
45223.0,43.5,35.5,17.911821391091003
45224.0,44.5,35.5,28.299347062562997
45225.0,45.5,35.5,18.358362772772402
45226.0,46.5,35.5,4.1200504539199
45227.0,47.5,35.5,13.0192595733993
45228.0,48.5,35.5,17.405658724299297
45229.0,49.5,35.5,12.8739944036822
45230.0,50.5,35.5,18.1165578775812
45231.0,51.5,35.5,49.2178491667227
45232.0,52.5,35.5,19.6843566086204
45233.0,53.5,35.5,12.6215219241591
45234.0,54.5,35.5,0.240154140091
45237.0,57.5,35.5,2.2025548603685
45238.0,58.5,35.5,2.8135946747687
45239.0,59.5,35.5,3.8117632766176
45240.0,60.5,35.5,1.2538240697725
45241.0,61.5,35.5,1.4570272879926
45242.0,62.5,35.5,3.9186673104714003
45243.0,63.5,35.5,4.4311899421650995
45244.0,64.5,35.5,8.3167503760999
45245.0,65.5,35.5,4.1467548025723
45246.0,66.5,35.5,3.8458646065604
45247.0,67.5,35.5,0.7495472621124
45248.0,68.5,35.5,7.9909141136091
45249.0,69.5,35.5,13.5749177533087
45250.0,70.5,35.5,0.7039157657467
45251.0,71.5,35.5,-0.017511457327226317
45252.0,72.5,35.5,2.9012949998144
45253.0,73.5,35.5,0.2435597149301
45259.0,79.5,35.5,0.023467003706362694
45262.0,82.5,35.5,0.005078747172425571
45266.0,86.5,35.5,0.058467271325122507
45268.0,88.5,35.5,0.09978605044473013
45269.0,89.5,35.5,-0.001518887300027722
45271.0,91.5,35.5,-0.00019520591703987405
45273.0,93.5,35.5,0.010899132522075269
45274.0,94.5,35.5,0.0557589315339651
45275.0,95.5,35.5,-0.0028886450685369847
45276.0,96.5,35.5,0.02678723966298549
45277.0,97.5,35.5,0.4376497250205
45278.0,98.5,35.5,0.3937732504967
45279.0,99.5,35.5,1.0205537591271
45280.0,100.5,35.5,2.4160038111585003
45281.0,101.5,35.5,2.3676082403407
45282.0,102.5,35.5,9.5045704773296
45283.0,103.5,35.5,41.003077543901405
45284.0,104.5,35.5,23.5659206860079
45285.0,105.5,35.5,26.001593746404602
45286.0,106.5,35.5,22.7468202243358
45287.0,107.5,35.5,23.724826195738302
45288.0,108.5,35.5,9.2140394656148
45289.0,109.5,35.5,29.9111631292962
45290.0,110.5,35.5,83.7300473177218
45291.0,111.5,35.5,97.2618367822607
45292.0,112.5,35.5,60.4468369406716
45293.0,113.5,35.5,146.6797050393697
45294.0,114.5,35.5,208.5574126833536
45295.0,115.5,35.5,226.00062799293318
45296.0,116.5,35.5,202.86460873663862
45297.0,117.5,35.5,146.9836660500357
45298.0,118.5,35.5,181.1910397078846
45299.0,119.5,35.5,74.2556548615758
45300.0,120.5,35.5,13.4447352611366
45312.0,132.5,35.5,9.6406604274247
45313.0,133.5,35.5,10.3039684461824
45314.0,134.5,35.5,27.0388793271009
45315.0,135.5,35.5,141.15609955793252
45316.0,136.5,35.5,149.26367131320632
45317.0,137.5,35.5,126.7910498841855
45318.0,138.5,35.5,91.975861263724
45319.0,139.5,35.5,234.09738643066729
45320.0,140.5,35.5,25.0877596881598
45417.0,-122.5,36.5,2.6453449431181
45418.0,-121.5,36.5,26.546215107026
45419.0,-120.5,36.5,8.1647090722466
45420.0,-119.5,36.5,76.201519726253
45421.0,-118.5,36.5,1.4715722915776
45422.0,-117.5,36.5,0.08167539920628224
45423.0,-116.5,36.5,1.7493117729765
45424.0,-115.5,36.5,87.85287772131389
45425.0,-114.5,36.5,6.7493525536674
45426.0,-113.5,36.5,0.2174240095036
45427.0,-112.5,36.5,0.5060845452546999
45428.0,-111.5,36.5,0.9619693535481
45429.0,-110.5,36.5,0.8176415005409999
45430.0,-109.5,36.5,0.9223051301583001
45431.0,-108.5,36.5,5.5427390299638
45432.0,-107.5,36.5,1.3782409969202
45433.0,-106.5,36.5,2.1861017328791
45434.0,-105.5,36.5,3.4888523283224
45435.0,-104.5,36.5,0.9435185514506
45436.0,-103.5,36.5,0.4787870750463
45437.0,-102.5,36.5,1.7349096762575
45438.0,-101.5,36.5,2.7499124194729
45439.0,-100.5,36.5,2.1886531035346004
45440.0,-99.5,36.5,3.0655962464849997
45441.0,-98.5,36.5,3.8346898378511
45442.0,-97.5,36.5,11.633244937337
45443.0,-96.5,36.5,9.9100568143149
45444.0,-95.5,36.5,38.685820704103705
45445.0,-94.5,36.5,18.6004880928675
45446.0,-93.5,36.5,12.338841911299701
45447.0,-92.5,36.5,6.3642094571777
45448.0,-91.5,36.5,6.8184259944898
45449.0,-90.5,36.5,10.2399464326369
45450.0,-89.5,36.5,6.2082495059992
45451.0,-88.5,36.5,13.9475756305309
45452.0,-87.5,36.5,19.842911762580798
45453.0,-86.5,36.5,55.926487612417695
45454.0,-85.5,36.5,14.4282447652985
45455.0,-84.5,36.5,13.300688397946699
45456.0,-83.5,36.5,19.8300438582007
45457.0,-82.5,36.5,27.6132639675427
45458.0,-81.5,36.5,15.1924154936456
45459.0,-80.5,36.5,32.26717430334
45460.0,-79.5,36.5,40.108805910204
45461.0,-78.5,36.5,19.7429746490369
45462.0,-77.5,36.5,9.4997198206463
45463.0,-76.5,36.5,41.681800793985
45464.0,-75.5,36.5,6.0071126600548
45531.0,-8.5,36.5,0.0004730436986584626
45532.0,-7.5,36.5,0.006777448839999671
45533.0,-6.5,36.5,4.6108706854575
45534.0,-5.5,36.5,4.7535907232072
45535.0,-4.5,36.5,1.5211393764285
45536.0,-3.5,36.5,0.8084950094507
45537.0,-2.5,36.5,0.2756765045523
45540.0,0.5,36.5,16.5374327959499
45541.0,1.5,36.5,29.103668158180803
45542.0,2.5,36.5,66.4759785223564
45543.0,3.5,36.5,77.5550054531806
45544.0,4.5,36.5,54.8816623999422
45545.0,5.5,36.5,20.1086695047949
45546.0,6.5,36.5,47.3819783298359
45547.0,7.5,36.5,41.5608934006095
45548.0,8.5,36.5,26.3890717813103
45549.0,9.5,36.5,20.1725131741582
45550.0,10.5,36.5,34.3033768570885
45551.0,11.5,36.5,3.8888159048677
45554.0,14.5,36.5,55.4754776843843
45555.0,15.5,36.5,9.8568728906437
45561.0,21.5,36.5,1.9114596470719
45562.0,22.5,36.5,4.4937896585362
45563.0,23.5,36.5,0.7052404255127
45564.0,24.5,36.5,0.6223619356804
45565.0,25.5,36.5,2.7698740471116996
45566.0,26.5,36.5,1.2249974576978
45567.0,27.5,36.5,5.9490003939497
45568.0,28.5,36.5,7.6664134383315
45569.0,29.5,36.5,56.9762898055138
45570.0,30.5,36.5,45.981169470788906
45571.0,31.5,36.5,40.2463617698944
45572.0,32.5,36.5,42.2003216170301
45573.0,33.5,36.5,15.4499619550397
45574.0,34.5,36.5,38.4675328832916
45575.0,35.5,36.5,6.587567564784901
45576.0,36.5,36.5,77.9363920232905
45577.0,37.5,36.5,83.1562764370922
45578.0,38.5,36.5,22.8210486856931
45579.0,39.5,36.5,8.5679446158081
45580.0,40.5,36.5,16.4160034864353
45581.0,41.5,36.5,11.7155312084266
45582.0,42.5,36.5,25.6050794590518
45583.0,43.5,36.5,54.0595784210605
45584.0,44.5,36.5,17.1492694255465
45585.0,45.5,36.5,17.0814478842282
45586.0,46.5,36.5,-0.06413923723154094
45587.0,47.5,36.5,6.9008402162578
45588.0,48.5,36.5,28.555095391760503
45589.0,49.5,36.5,31.842379399479398
45590.0,50.5,36.5,32.6017875132312
45591.0,51.5,36.5,24.344553973683702
45592.0,52.5,36.5,73.23808146497281
45593.0,53.5,36.5,13.0427810352993
45599.0,59.5,36.5,80.32513809777619
45600.0,60.5,36.5,1.4452155757449001
45601.0,61.5,36.5,3.8764959126534
45602.0,62.5,36.5,1.8800236637874
45603.0,63.5,36.5,0.009823010248640664
45604.0,64.5,36.5,3.4545647700688003
45605.0,65.5,36.5,11.3733236900023
45606.0,66.5,36.5,14.5640767231341
45607.0,67.5,36.5,17.033857195217198
45608.0,68.5,36.5,9.0543594390572
45609.0,69.5,36.5,17.1162512852366
45610.0,70.5,36.5,4.6380740148012
45611.0,71.5,36.5,0.43596772208289997
45612.0,72.5,36.5,0.6191812060669
45615.0,75.5,36.5,0.03171128107138223
45616.0,76.5,36.5,0.03867781509332518
45617.0,77.5,36.5,-0.003684297676568385
45618.0,78.5,36.5,-0.00038061033138054164
45619.0,79.5,36.5,0.4865006882506
45620.0,80.5,36.5,1.2779657924762
45621.0,81.5,36.5,3.4289486792601
45622.0,82.5,36.5,0.09178221489156071
45623.0,83.5,36.5,0.15236542615479998
45625.0,85.5,36.5,0.0038415921635700507
45628.0,88.5,36.5,0.003587725160813387
45629.0,89.5,36.5,0.003181461814556084
45630.0,90.5,36.5,0.07203450846189213
45631.0,91.5,36.5,0.007082761534904294
45632.0,92.5,36.5,0.009878081553836331
45633.0,93.5,36.5,0.1028011773964
45634.0,94.5,36.5,4.165465048420399
45635.0,95.5,36.5,1.2980045461682
45636.0,96.5,36.5,0.8574168392063
45637.0,97.5,36.5,1.5733390973183001
45638.0,98.5,36.5,2.2786090760548
45639.0,99.5,36.5,0.9683560041199001
45640.0,100.5,36.5,2.3451613296572003
45641.0,101.5,36.5,33.8628711199777
45642.0,102.5,36.5,15.0449478461468
45643.0,103.5,36.5,39.1119292434606
45644.0,104.5,36.5,28.3039506262684
45645.0,105.5,36.5,25.6191883882268
45646.0,106.5,36.5,17.3170823734934
45647.0,107.5,36.5,3.4479310928757
45648.0,108.5,36.5,1.3863979953444998
45649.0,109.5,36.5,3.4097804027653997
45650.0,110.5,36.5,4.848308478056899
45651.0,111.5,36.5,59.696768431619
45652.0,112.5,36.5,25.7241956634657
45653.0,113.5,36.5,61.3743699608004
45654.0,114.5,36.5,305.8581987787783
45655.0,115.5,36.5,252.97631853593526
45656.0,116.5,36.5,158.7794866350676
45657.0,117.5,36.5,178.1682202403857
45658.0,118.5,36.5,206.14877106174228
45659.0,119.5,36.5,153.1730131370575
45660.0,120.5,36.5,139.6767259112461
45661.0,121.5,36.5,39.0494117085849
45662.0,122.5,36.5,14.5489742335434
45672.0,132.5,36.5,0.06793335779861018
45673.0,133.5,36.5,0.09612810092944997
45675.0,135.5,36.5,0.009108216592687006
45676.0,136.5,36.5,178.99612166454608
45677.0,137.5,36.5,173.2439839506749
45678.0,138.5,36.5,148.6716886442779
45679.0,139.5,36.5,398.9790351885774
45680.0,140.5,36.5,26.77809052184
45776.0,-123.5,37.5,1.9084246464378602e-05
45777.0,-122.5,37.5,48.2893897608622
45778.0,-121.5,37.5,41.1336847407306
45779.0,-120.5,37.5,41.852724745285705
45780.0,-119.5,37.5,3.8821330086304
45781.0,-118.5,37.5,1.5777244175626
45782.0,-117.5,37.5,0.3379852135566
45783.0,-116.5,37.5,0.1412333438113
45784.0,-115.5,37.5,0.1833324408747
45785.0,-114.5,37.5,0.24637200522680003
45786.0,-113.5,37.5,15.5829967936591
45787.0,-112.5,37.5,1.6664928992883
45788.0,-111.5,37.5,0.276029876403
45789.0,-110.5,37.5,0.8197759166106
45790.0,-109.5,37.5,0.7379440327086
45791.0,-108.5,37.5,2.6824529930674
45792.0,-107.5,37.5,2.0905154100379
45793.0,-106.5,37.5,2.1712462071810004
45794.0,-105.5,37.5,1.9968926161962999
45795.0,-104.5,37.5,1.7401627932664
45796.0,-103.5,37.5,0.1288303246985
45797.0,-102.5,37.5,0.4766204381984
45798.0,-101.5,37.5,2.2148655411956
45799.0,-100.5,37.5,6.0855536338163
45800.0,-99.5,37.5,1.6731063445032999
45801.0,-98.5,37.5,2.6887645020632003
45802.0,-97.5,37.5,29.5896524330361
45803.0,-96.5,37.5,4.1397939261892995
45804.0,-95.5,37.5,6.6391982334109
45805.0,-94.5,37.5,14.2593422202973
45806.0,-93.5,37.5,25.1724092610859
45807.0,-92.5,37.5,8.8159209851929
45808.0,-91.5,37.5,4.767910757831
45809.0,-90.5,37.5,7.4644013285515
45810.0,-89.5,37.5,14.793783205563301
45811.0,-88.5,37.5,13.216921706823001
45812.0,-87.5,37.5,21.5767867307989
45813.0,-86.5,37.5,12.0920802121143
45814.0,-85.5,37.5,18.5549177616749
45815.0,-84.5,37.5,16.6089434516473
45816.0,-83.5,37.5,6.9016919060422
45817.0,-82.5,37.5,9.900698942135499
45818.0,-81.5,37.5,11.8276974694158
45819.0,-80.5,37.5,13.8299238568083
45820.0,-79.5,37.5,22.1215321996532
45821.0,-78.5,37.5,7.924495923673899
45822.0,-77.5,37.5,44.4742158695561
45823.0,-76.5,37.5,21.993558981965098
45824.0,-75.5,37.5,2.4106163405149
45891.0,-8.5,37.5,33.753521466615
45892.0,-7.5,37.5,45.2522677298957
45893.0,-6.5,37.5,1.015407274201
45894.0,-5.5,37.5,2.0041936679293
45895.0,-4.5,37.5,2.2672190286447
45896.0,-3.5,37.5,4.6221176936847
45898.0,-1.5,37.5,1.4865266210246
45899.0,-0.5,37.5,4.1782364048903
45906.0,6.5,37.5,0.9290618250055
45907.0,7.5,37.5,0.4790791682152
45908.0,8.5,37.5,0.02587126414410569
45909.0,9.5,37.5,12.8641065256459
45910.0,10.5,37.5,3.4188007601415
45911.0,11.5,37.5,0.5895166118528
45912.0,12.5,37.5,11.2581747247497
45913.0,13.5,37.5,12.2271061014725
45914.0,14.5,37.5,8.1471957850879
45915.0,15.5,37.5,10.2156583241975
45916.0,16.5,37.5,0.40739762623829995
45920.0,20.5,37.5,3.4051895279383997
45921.0,21.5,37.5,19.6473547905393
45922.0,22.5,37.5,16.651351000345297
45923.0,23.5,37.5,47.7312515462577
45924.0,24.5,37.5,3.9513055770248
45925.0,25.5,37.5,4.1363432031368
45926.0,26.5,37.5,3.8505483546269
45927.0,27.5,37.5,35.776202337979605
45928.0,28.5,37.5,29.2266723990936
45929.0,29.5,37.5,40.6875886214601
45930.0,30.5,37.5,31.7833074615972
45931.0,31.5,37.5,13.7050095171609
45932.0,32.5,37.5,51.757136400366
45933.0,33.5,37.5,16.2979596892227
45934.0,34.5,37.5,22.979384216305803
45935.0,35.5,37.5,12.5737544787733
45936.0,36.5,37.5,43.3492630069419
45937.0,37.5,37.5,51.4377514360532
45938.0,38.5,37.5,33.254065208967695
45939.0,39.5,37.5,12.3870560607351
45940.0,40.5,37.5,36.681551571188606
45941.0,41.5,37.5,32.9665059385972
45942.0,42.5,37.5,18.9105820045582
45943.0,43.5,37.5,5.9226838768659995
45944.0,44.5,37.5,11.1795808748798
45945.0,45.5,37.5,37.5237913265269
45946.0,46.5,37.5,0.7053460588380001
45947.0,47.5,37.5,9.855884230733599
45948.0,48.5,37.5,7.3654464958634005
45949.0,49.5,37.5,49.1991982802189
45950.0,50.5,37.5,14.3356597018315
45953.0,53.5,37.5,-0.0007850595293882748
45954.0,54.5,37.5,-0.025444104165553292
45955.0,55.5,37.5,-0.02830194968755948
45957.0,57.5,37.5,5.2663615200347
45958.0,58.5,37.5,33.958987767725695
45959.0,59.5,37.5,4.6289602734794
45960.0,60.5,37.5,9.217476452854799
45961.0,61.5,37.5,38.4165592909465
45962.0,62.5,37.5,22.868458066261002
45963.0,63.5,37.5,0.0017876742895043011
45964.0,64.5,37.5,0.0933387461734812
45965.0,65.5,37.5,11.058674257727901
45966.0,66.5,37.5,11.260836195897701
45967.0,67.5,37.5,42.217041385565
45968.0,68.5,37.5,10.548157723348
45969.0,69.5,37.5,9.4248912463512
45970.0,70.5,37.5,6.0427238280096
45971.0,71.5,37.5,1.559732605744
45972.0,72.5,37.5,0.03551485111263343
45973.0,73.5,37.5,0.024982924875098227
45974.0,74.5,37.5,0.012489171570058097
45975.0,75.5,37.5,1.1209623036475
45976.0,76.5,37.5,0.4429274287303
45977.0,77.5,37.5,7.1652824624189
45978.0,78.5,37.5,2.9676179532802003
45979.0,79.5,37.5,15.909193282820901
45980.0,80.5,37.5,6.7877422943546
45981.0,81.5,37.5,0.5226872740452
45982.0,82.5,37.5,0.6160960818369
45983.0,83.5,37.5,0.2669867622825
45984.0,84.5,37.5,0.3201469937932
45985.0,85.5,37.5,0.1403888515866
45987.0,87.5,37.5,0.002564544550308565
45990.0,90.5,37.5,0.007692317209683103
45991.0,91.5,37.5,0.008543563069491757
45992.0,92.5,37.5,0.013463279098170211
45993.0,93.5,37.5,0.040785426609290756
45994.0,94.5,37.5,0.034602257238957344
45995.0,95.5,37.5,0.1784806066439
45996.0,96.5,37.5,0.33081369845299996
45997.0,97.5,37.5,3.0756623895365003
45998.0,98.5,37.5,0.1743710353394
45999.0,99.5,37.5,0.5612299441174
46000.0,100.5,37.5,0.856519166345
46001.0,101.5,37.5,6.2697541369632
46002.0,102.5,37.5,29.1170244096101
46003.0,103.5,37.5,19.322049839718602
46004.0,104.5,37.5,13.658806388735199
46005.0,105.5,37.5,34.1146733148602
46006.0,106.5,37.5,26.638572277779
46007.0,107.5,37.5,13.4786379171381
46008.0,108.5,37.5,14.5635612104867
46009.0,109.5,37.5,2.8622138098088
46010.0,110.5,37.5,6.9736550330467
46011.0,111.5,37.5,39.7297152161169
46012.0,112.5,37.5,126.6176755928224
46013.0,113.5,37.5,12.0802727347067
46014.0,114.5,37.5,208.2498847487688
46015.0,115.5,37.5,229.730732812577
46016.0,116.5,37.5,180.7145855962749
46017.0,117.5,37.5,160.2789427470253
46018.0,118.5,37.5,115.93235924026051
46019.0,119.5,37.5,43.2951268874566
46020.0,120.5,37.5,74.7448168609085
46021.0,121.5,37.5,49.3287311190172
46022.0,122.5,37.5,49.8240958072713
46036.0,136.5,37.5,5.0113021154808
46037.0,137.5,37.5,3.7796165272057998
46038.0,138.5,37.5,35.6776985964309
46039.0,139.5,37.5,69.8564022524428
46040.0,140.5,37.5,181.65379408102518
46041.0,141.5,37.5,1.0589433564411002
46136.0,-123.5,38.5,2.1871555524248
46137.0,-122.5,38.5,36.1787294352679
46138.0,-121.5,38.5,33.6634286740266
46139.0,-120.5,38.5,11.553522609250798
46140.0,-119.5,38.5,3.5268463078077
46141.0,-118.5,38.5,0.5023493040201
46142.0,-117.5,38.5,0.3377711545725
46143.0,-116.5,38.5,0.01951213962464837
46144.0,-115.5,38.5,0.10418120588930001
46145.0,-114.5,38.5,0.04453459163151602
46146.0,-113.5,38.5,0.4066952345249
46147.0,-112.5,38.5,1.8895540022553
46148.0,-111.5,38.5,0.8179207894415
46149.0,-110.5,38.5,0.35783234499780003
46150.0,-109.5,38.5,0.9030089366073001
46151.0,-108.5,38.5,1.4735172661920999
46152.0,-107.5,38.5,4.6901493640434
46153.0,-106.5,38.5,2.3424455325549003
46154.0,-105.5,38.5,4.3609388312579
46155.0,-104.5,38.5,31.685839325413703
46156.0,-103.5,38.5,0.406086877224
46157.0,-102.5,38.5,1.9624517843737999
46158.0,-101.5,38.5,1.2365429766813
46159.0,-100.5,38.5,1.6871790025847
46160.0,-99.5,38.5,3.4657012016895
46161.0,-98.5,38.5,4.4026088397393
46162.0,-97.5,38.5,12.267929113942
46163.0,-96.5,38.5,3.6056515704593
46164.0,-95.5,38.5,10.1244265553882
46165.0,-94.5,38.5,37.3925609525357
46166.0,-93.5,38.5,6.0724333738229
46167.0,-92.5,38.5,20.090378578400703
46168.0,-91.5,38.5,10.1639956108244
46169.0,-90.5,38.5,84.2494991309449
46170.0,-89.5,38.5,20.3392873194531
46171.0,-88.5,38.5,9.536909917397999
46172.0,-87.5,38.5,15.4634025084817
46173.0,-86.5,38.5,9.2820721856145
46174.0,-85.5,38.5,52.0325110023582
46175.0,-84.5,38.5,14.6964920046968
46176.0,-83.5,38.5,10.6242783835138
46177.0,-82.5,38.5,18.6952409560685
46178.0,-81.5,38.5,4.9572476825919
46179.0,-80.5,38.5,4.108029318098899
46180.0,-79.5,38.5,5.1505777359971
46181.0,-78.5,38.5,23.1478147191016
46182.0,-77.5,38.5,50.7618206027216
46183.0,-76.5,38.5,16.5728311553424
46184.0,-75.5,38.5,24.8723243023089
46185.0,-74.5,38.5,2.6637422805263
46250.0,-9.5,38.5,45.2526491404925
46251.0,-8.5,38.5,6.0320554455058
46252.0,-7.5,38.5,14.0768147159928
46253.0,-6.5,38.5,7.7292937485749
46254.0,-5.5,38.5,0.3430032281157
46255.0,-4.5,38.5,4.116352494949
46256.0,-3.5,38.5,13.420661372639799
46257.0,-2.5,38.5,0.12754294592030002
46258.0,-1.5,38.5,2.3738163505326
46259.0,-0.5,38.5,4.7729716172725
46268.0,8.5,38.5,0.33967450981360003
46272.0,12.5,38.5,3.3586089576169003
46273.0,13.5,38.5,-0.1851131516108
46274.0,14.5,38.5,0.1884369084919
46275.0,15.5,38.5,0.010320045355360848
46276.0,16.5,38.5,18.6125972438226
46277.0,17.5,38.5,0.00870152617833833
46280.0,20.5,38.5,6.8746963555731995
46281.0,21.5,38.5,22.2727555738616
46282.0,22.5,38.5,13.015573829826801
46283.0,23.5,38.5,46.5220581815953
46284.0,24.5,38.5,2.383257304142
46285.0,25.5,38.5,0.36700424775679996
46286.0,26.5,38.5,25.6337951877608
46287.0,27.5,38.5,112.9885952277408
46288.0,28.5,38.5,30.1393074563325
46289.0,29.5,38.5,16.7542464332073
46290.0,30.5,38.5,29.9989892678323
46291.0,31.5,38.5,21.791112382733
46292.0,32.5,38.5,14.4465372353469
46293.0,33.5,38.5,15.6734636455954
46294.0,34.5,38.5,30.861574694806702
46295.0,35.5,38.5,42.0381687202171
46296.0,36.5,38.5,10.0888537973053
46297.0,37.5,38.5,14.801080827834001
46298.0,38.5,38.5,24.2919376504214
46299.0,39.5,38.5,22.6034721567828
46300.0,40.5,38.5,16.8373925810191
46301.0,41.5,38.5,8.354901305263901
46302.0,42.5,38.5,7.2396582073012
46303.0,43.5,38.5,20.1958251170639
46304.0,44.5,38.5,25.865751988169198
46305.0,45.5,38.5,21.7650850803048
46306.0,46.5,38.5,-1.1750498072845
46307.0,47.5,38.5,4.8128209028873
46308.0,48.5,38.5,5.9963282102747995
46313.0,53.5,38.5,0.1056259636613
46314.0,54.5,38.5,0.1895668713073
46315.0,55.5,38.5,0.014348097512731315
46317.0,57.5,38.5,2.0933684127573002
46318.0,58.5,38.5,12.3199004766244
46319.0,59.5,38.5,0.01012940869301411
46320.0,60.5,38.5,0.009894625315640929
46321.0,61.5,38.5,0.004447554956638442
46322.0,62.5,38.5,0.011814930795279078
46323.0,63.5,38.5,4.9319666411854
46324.0,64.5,38.5,1.0660299594072
46325.0,65.5,38.5,27.8975555827828
46326.0,66.5,38.5,17.8152331257465
46327.0,67.5,38.5,19.183522702412198
46328.0,68.5,38.5,47.5082365438777
46329.0,69.5,38.5,12.3662180614418
46330.0,70.5,38.5,1.0601509721366
46331.0,71.5,38.5,0.05248592035893765
46332.0,72.5,38.5,0.016500861588511374
46333.0,73.5,38.5,-0.0018968426879414561
46334.0,74.5,38.5,0.05798867092540016
46335.0,75.5,38.5,0.2754859230488
46336.0,76.5,38.5,5.829520437448201
46337.0,77.5,38.5,34.5887717501735
46343.0,83.5,38.5,0.028140048930716654
46344.0,84.5,38.5,0.005356757359585301
46345.0,85.5,38.5,1.779416383617
46346.0,86.5,38.5,0.002366811598059766
46347.0,87.5,38.5,0.3561983500901
46348.0,88.5,38.5,0.06773303720370727
46349.0,89.5,38.5,0.03651601715313024
46350.0,90.5,38.5,0.45096960290809995
46351.0,91.5,38.5,0.02054306372008493
46352.0,92.5,38.5,0.01577888493268849
46353.0,93.5,38.5,0.07573024632678936
46354.0,94.5,38.5,0.09921562647010654
46355.0,95.5,38.5,-0.0008378612365842304
46356.0,96.5,38.5,0.009324587304500186
46357.0,97.5,38.5,0.015828970553361767
46358.0,98.5,38.5,0.06515216473444246
46359.0,99.5,38.5,0.2427270399585
46360.0,100.5,38.5,28.7343764193816
46361.0,101.5,38.5,8.255333850362799
46362.0,102.5,38.5,23.3485245911343
46363.0,103.5,38.5,10.738976713508
46364.0,104.5,38.5,0.038407143172395845
46365.0,105.5,38.5,6.5031715497216
46366.0,106.5,38.5,59.8838644517948
46367.0,107.5,38.5,2.4967756185636003
46368.0,108.5,38.5,4.1990496375273
46369.0,109.5,38.5,15.896470126764001
46370.0,110.5,38.5,4.1519853812526
46371.0,111.5,38.5,12.0431094295087
46372.0,112.5,38.5,36.1786272611565
46373.0,113.5,38.5,13.4446932183335
46374.0,114.5,38.5,190.796796614842
46375.0,115.5,38.5,305.625060060968
46376.0,116.5,38.5,244.1539097763768
46377.0,117.5,38.5,85.3022845993745
46378.0,118.5,38.5,2.9337457059851
46380.0,120.5,38.5,0.394348538124
46381.0,121.5,38.5,42.8710604837121
46398.0,138.5,38.5,2.555452978639
46399.0,139.5,38.5,14.1677521471426
46400.0,140.5,38.5,151.84925960733258
46401.0,141.5,38.5,35.658708267818206
46496.0,-123.5,39.5,4.8339565467431
46497.0,-122.5,39.5,5.8055284378459
46498.0,-121.5,39.5,21.7830367633716
46499.0,-120.5,39.5,5.0256432713339
46500.0,-119.5,39.5,30.4590153480329
46501.0,-118.5,39.5,1.7085488572872
46502.0,-117.5,39.5,0.146733490351
46503.0,-116.5,39.5,0.07285647207286314
46504.0,-115.5,39.5,0.1784777297393
46505.0,-114.5,39.5,0.700391378134
46506.0,-113.5,39.5,0.12536000145339998
46507.0,-112.5,39.5,0.9654926923006
46508.0,-111.5,39.5,3.9369836952105
46509.0,-110.5,39.5,1.4373556248194999
46510.0,-109.5,39.5,0.0284175283179288
46511.0,-108.5,39.5,0.4625216417811
46512.0,-107.5,39.5,3.2927713211312
46513.0,-106.5,39.5,5.5289763983429
46514.0,-105.5,39.5,41.4975043041932
46515.0,-104.5,39.5,68.56995305600711
46516.0,-103.5,39.5,1.0721890730285
46517.0,-102.5,39.5,2.6224462939665
46518.0,-101.5,39.5,2.5760138031522
46519.0,-100.5,39.5,2.1786492739237002
46520.0,-99.5,39.5,2.3961097275598
46521.0,-98.5,39.5,2.3342563650342
46522.0,-97.5,39.5,3.4911933806581
46523.0,-96.5,39.5,7.8025088356731995
46524.0,-95.5,39.5,12.363572419937
46525.0,-94.5,39.5,47.4559623810931
46526.0,-93.5,39.5,6.651346607800599
46527.0,-92.5,39.5,6.2510038567946005
46528.0,-91.5,39.5,7.193053107632
46529.0,-90.5,39.5,6.6515806667737
46530.0,-89.5,39.5,15.2582691433223
46531.0,-88.5,39.5,11.961056589771399
46532.0,-87.5,39.5,12.013307798120499
46533.0,-86.5,39.5,18.1715252970786
46534.0,-85.5,39.5,19.232617272331503
46535.0,-84.5,39.5,61.542569378753605
46536.0,-83.5,39.5,22.269851318546
46537.0,-82.5,39.5,31.224186575153098
46538.0,-81.5,39.5,13.053795326479
46539.0,-80.5,39.5,12.0943967839855
46540.0,-79.5,39.5,12.332793159035601
46541.0,-78.5,39.5,14.6132572227674
46542.0,-77.5,39.5,39.4327528035359
46543.0,-76.5,39.5,59.1290918495289
46544.0,-75.5,39.5,64.7917870755586
46545.0,-74.5,39.5,29.8970587193377
46610.0,-9.5,39.5,21.7938407103612
46611.0,-8.5,39.5,59.7458913722991
46612.0,-7.5,39.5,13.0862190872353
46613.0,-6.5,39.5,4.0920464735527995
46614.0,-5.5,39.5,0.8166786784876
46615.0,-4.5,39.5,2.6307022537563003
46616.0,-3.5,39.5,7.5543597194122
46618.0,-1.5,39.5,1.4847097062971002
46619.0,-0.5,39.5,1.7461579911486
46622.0,2.5,39.5,1.3919310486501
46628.0,8.5,39.5,12.723744659098099
46629.0,9.5,39.5,3.3403365589425
46635.0,15.5,39.5,5.612683747620499
46636.0,16.5,39.5,2.7174223443318004
46637.0,17.5,39.5,0.1412379106559
46638.0,18.5,39.5,4.4487366184571
46639.0,19.5,39.5,5.850344650452
46640.0,20.5,39.5,14.0774449490345
46641.0,21.5,39.5,12.611823881093699
46642.0,22.5,39.5,19.0921499632596
46643.0,23.5,39.5,3.8773985993276
46644.0,24.5,39.5,0.01640636598814925
46645.0,25.5,39.5,1.6459758813977001
46646.0,26.5,39.5,21.847105516521502
46647.0,27.5,39.5,36.5933759690144
46648.0,28.5,39.5,21.118535951725402
46649.0,29.5,39.5,21.1142334401631
46650.0,30.5,39.5,36.1276679718703
46651.0,31.5,39.5,12.0808175565292
46652.0,32.5,39.5,82.3946803768061
46653.0,33.5,39.5,22.2731461882188
46654.0,34.5,39.5,18.6859109372007
46655.0,35.5,39.5,17.2841201039316
46656.0,36.5,39.5,12.2359707271547
46657.0,37.5,39.5,10.2216058911014
46658.0,38.5,39.5,5.0707737839768
46659.0,39.5,39.5,11.1745820525992
46660.0,40.5,39.5,6.504403486673899
46661.0,41.5,39.5,15.337048916401299
46662.0,42.5,39.5,12.4857872442867
46663.0,43.5,39.5,14.225887570722
46664.0,44.5,39.5,31.333717776977597
46665.0,45.5,39.5,4.1990817742871
46666.0,46.5,39.5,5.708138739390701
46667.0,47.5,39.5,4.6209434248916
46668.0,48.5,39.5,19.0885827315776
46669.0,49.5,39.5,2.2812107859895003
46672.0,52.5,39.5,0.3931255979109
46673.0,53.5,39.5,0.07663538172738436
46674.0,54.5,39.5,-0.018210706589414774
46675.0,55.5,39.5,0.644080703121
46676.0,56.5,39.5,-0.0011418800635448296
46677.0,57.5,39.5,0.021498027456622732
46678.0,58.5,39.5,0.05424941230106131
46679.0,59.5,39.5,0.004373628247111905
46680.0,60.5,39.5,0.0070306381262527666
46682.0,62.5,39.5,0.8594324258746
46683.0,63.5,39.5,26.7360133297345
46684.0,64.5,39.5,10.4600724649116
46685.0,65.5,39.5,8.9292745285055
46686.0,66.5,39.5,71.193668405884
46687.0,67.5,39.5,50.2888220058266
46688.0,68.5,39.5,6.0887277530691
46689.0,69.5,39.5,3.3000943529787
46690.0,70.5,39.5,5.039812283153999
46691.0,71.5,39.5,2.760884842
46692.0,72.5,39.5,0.2733024558859
46693.0,73.5,39.5,0.06481420899792603
46694.0,74.5,39.5,0.311981377951
46695.0,75.5,39.5,14.0674791111971
46696.0,76.5,39.5,28.2106357784489
46697.0,77.5,39.5,13.2959992703503
46698.0,78.5,39.5,7.4870767272261
46699.0,79.5,39.5,2.5729683819286
46702.0,82.5,39.5,0.002065885511063617
46703.0,83.5,39.5,0.06724586399942639
46708.0,88.5,39.5,0.7221893553332
46710.0,90.5,39.5,-0.0011419157362567514
46713.0,93.5,39.5,0.02420065955406776
46714.0,94.5,39.5,0.9734324329682
46715.0,95.5,39.5,0.012422372874237758
46716.0,96.5,39.5,0.288204539364
46717.0,97.5,39.5,1.0638151030028
46718.0,98.5,39.5,23.9220846704728
46719.0,99.5,39.5,12.2471303345611
46720.0,100.5,39.5,10.512917124422001
46721.0,101.5,39.5,0.4180927838918
46722.0,102.5,39.5,0.17000388018919999
46723.0,103.5,39.5,0.4834046525156
46724.0,104.5,39.5,0.06693510138764427
46725.0,105.5,39.5,1.0452595938037
46726.0,106.5,39.5,18.7310272385326
46727.0,107.5,39.5,2.6271355174762
46728.0,108.5,39.5,2.3967376150313
46729.0,109.5,39.5,10.1440194010153
46730.0,110.5,39.5,7.7133567072926
46731.0,111.5,39.5,7.6617307746734005
46732.0,112.5,39.5,31.213513324722
46733.0,113.5,39.5,36.279961563915805
46734.0,114.5,39.5,22.5516812322907
46735.0,115.5,39.5,92.7912691239042
46736.0,116.5,39.5,294.3482364362098
46737.0,117.5,39.5,196.4854308577228
46738.0,118.5,39.5,187.8619465771736
46739.0,119.5,39.5,103.3230359598607
46741.0,121.5,39.5,40.8861043919065
46742.0,122.5,39.5,22.738260430178197
46743.0,123.5,39.5,34.523257066716894
46744.0,124.5,39.5,14.8603107708189
46759.0,139.5,39.5,2.150010339906
46760.0,140.5,39.5,28.9290691426702
46761.0,141.5,39.5,117.34807596160731
46762.0,142.5,39.5,0.1015490760383
46855.0,-124.5,40.5,6.7615504995842
46856.0,-123.5,40.5,1.3616674691352
46857.0,-122.5,40.5,12.283925747998799
46858.0,-121.5,40.5,1.2956546670101
46859.0,-120.5,40.5,1.6368737545738
46860.0,-119.5,40.5,0.08561599830437137
46861.0,-118.5,40.5,0.33992756020500003
46862.0,-117.5,40.5,1.0085437010023
46863.0,-116.5,40.5,0.5635829437404001
46864.0,-115.5,40.5,1.6784281628235
46865.0,-114.5,40.5,0.2403358420916
46866.0,-113.5,40.5,1.0181297451832
46867.0,-112.5,40.5,11.4933697553589
46868.0,-111.5,40.5,60.8242580290973
46869.0,-110.5,40.5,1.2830268694326998
46870.0,-109.5,40.5,2.4649750982502
46871.0,-108.5,40.5,0.2853008399637
46872.0,-107.5,40.5,1.2617254083125
46873.0,-106.5,40.5,1.8257014178747
46874.0,-105.5,40.5,24.081219480502202
46875.0,-104.5,40.5,15.950223299451098
46876.0,-103.5,40.5,3.033879035729
46877.0,-102.5,40.5,2.0956170103779996
46878.0,-101.5,40.5,2.3075776802726
46879.0,-100.5,40.5,2.5931443862519004
46880.0,-99.5,40.5,5.4742745364902
46881.0,-98.5,40.5,7.1121317616589
46882.0,-97.5,40.5,5.1579688713097
46883.0,-96.5,40.5,17.2193963593027
46884.0,-95.5,40.5,4.9227186652255
46885.0,-94.5,40.5,4.5187601433595
46886.0,-93.5,40.5,3.1885641490540997
46887.0,-92.5,40.5,4.834931309693601
46888.0,-91.5,40.5,8.3363510210562
46889.0,-90.5,40.5,8.3224565130327
46890.0,-89.5,40.5,16.3877819627044
46891.0,-88.5,40.5,14.5901230801596
46892.0,-87.5,40.5,7.6899673127526
46893.0,-86.5,40.5,17.8010624343227
46894.0,-85.5,40.5,21.2796976243562
46895.0,-84.5,40.5,25.6793743520142
46896.0,-83.5,40.5,27.515655188093
46897.0,-82.5,40.5,31.3228474232859
46898.0,-81.5,40.5,33.7315861002568
46899.0,-80.5,40.5,43.2300027711508
46900.0,-79.5,40.5,42.9523031286952
46901.0,-78.5,40.5,16.298490180459797
46902.0,-77.5,40.5,20.3639219585613
46903.0,-76.5,40.5,52.2664822682562
46904.0,-75.5,40.5,63.84018967148079
46905.0,-74.5,40.5,48.6085430850799
46906.0,-73.5,40.5,108.8492519205929
46907.0,-72.5,40.5,17.7488261007006
46971.0,-8.5,40.5,84.5463134760101
46972.0,-7.5,40.5,38.4374734484666
46973.0,-6.5,40.5,2.4726077275975
46974.0,-5.5,40.5,4.1476024912201
46975.0,-4.5,40.5,5.4783349824366
46976.0,-3.5,40.5,14.3326790630282
46977.0,-2.5,40.5,1.3224376320551
46978.0,-1.5,40.5,2.0272278024698003
46979.0,-0.5,40.5,0.3686699687382
46980.0,0.5,40.5,-0.051740971299608654
46988.0,8.5,40.5,0.8937917487286
46989.0,9.5,40.5,0.42074602785270004
46992.0,12.5,40.5,0.1269231227771
46993.0,13.5,40.5,0.21667736172940003
46994.0,14.5,40.5,76.563855856516
46995.0,15.5,40.5,10.2639188930708
46996.0,16.5,40.5,13.501665613464299
46997.0,17.5,40.5,0.5548927145783
46998.0,18.5,40.5,7.6119837144159
46999.0,19.5,40.5,26.0044537491513
47000.0,20.5,40.5,10.1920138540268
47001.0,21.5,40.5,11.818616740116001
47002.0,22.5,40.5,37.4914110134793
47003.0,23.5,40.5,14.3719262845873
47004.0,24.5,40.5,7.1021178326673
47005.0,25.5,40.5,3.3653076783564
47006.0,26.5,40.5,15.0878162630991
47007.0,27.5,40.5,22.326790944857898
47008.0,28.5,40.5,33.9766443258548
47009.0,29.5,40.5,140.50334888413641
47010.0,30.5,40.5,54.9283633707561
47011.0,31.5,40.5,26.2962423667898
47012.0,32.5,40.5,27.8688753453648
47013.0,33.5,40.5,16.8844952129687
47014.0,34.5,40.5,21.9210052218579
47015.0,35.5,40.5,24.875540438534497
47016.0,36.5,40.5,22.2109086227602
47017.0,37.5,40.5,21.043239756360798
47018.0,38.5,40.5,16.567870692063998
47019.0,39.5,40.5,20.6609933085395
47020.0,40.5,40.5,13.4681729933816
47021.0,41.5,40.5,6.5343510060139005
47022.0,42.5,40.5,6.3175146868181
47023.0,43.5,40.5,15.691482890733601
47024.0,44.5,40.5,45.988915764465695
47025.0,45.5,40.5,7.8837309409903
47026.0,46.5,40.5,7.5856818695584
47027.0,47.5,40.5,19.4955600709667
47028.0,48.5,40.5,10.315444739004901
47029.0,49.5,40.5,43.9110281650078
47030.0,50.5,40.5,13.4300813968958
47032.0,52.5,40.5,0.9968893300391999
47033.0,53.5,40.5,0.3493029693825
47034.0,54.5,40.5,0.058415898091735155
47036.0,56.5,40.5,-0.00014643143775410148
47037.0,57.5,40.5,0.0007254883070161604
47038.0,58.5,40.5,-0.0006573343949872654
47040.0,60.5,40.5,-5.972019767739732e-05
47041.0,61.5,40.5,0.06332951335894735
47042.0,62.5,40.5,1.1832297075257
47043.0,63.5,40.5,0.25012094221430003
47044.0,64.5,40.5,36.086670501099896
47045.0,65.5,40.5,13.4692525123737
47046.0,66.5,40.5,9.4449018301935
47047.0,67.5,40.5,20.9933087005004
47048.0,68.5,40.5,9.144814072096901
47049.0,69.5,40.5,62.013354490402506
47050.0,70.5,40.5,49.880520127534595
47051.0,71.5,40.5,35.582563835193504
47052.0,72.5,40.5,54.5783979193162
47053.0,73.5,40.5,5.0321799176801
47054.0,74.5,40.5,0.09065053361072048
47055.0,75.5,40.5,0.11230460195860001
47056.0,76.5,40.5,0.7124007411771001
47057.0,77.5,40.5,0.3684298691231
47058.0,78.5,40.5,0.5600392100787001
47059.0,79.5,40.5,1.8638617574559
47060.0,80.5,40.5,6.3476727955170995
47061.0,81.5,40.5,4.3174015225366
47062.0,82.5,40.5,0.7190918092115001
47063.0,83.5,40.5,0.4260926741727
47065.0,85.5,40.5,0.1865623574974
47066.0,86.5,40.5,0.3288402812579
47067.0,87.5,40.5,0.7619514736205
47070.0,90.5,40.5,0.0589009446112518
47073.0,93.5,40.5,0.02897522406446559
47074.0,94.5,40.5,5.807259736971
47075.0,95.5,40.5,3.4117406851875
47076.0,96.5,40.5,5.6799291947966
47077.0,97.5,40.5,6.7317348514349
47078.0,98.5,40.5,4.3090249297101
47079.0,99.5,40.5,2.6460247826792
47080.0,100.5,40.5,0.49376482214850004
47083.0,103.5,40.5,0.04251738538733965
47084.0,104.5,40.5,0.2690953257384
47085.0,105.5,40.5,0.04949770968565
47086.0,106.5,40.5,10.1468825534552
47087.0,107.5,40.5,35.308702667374796
47088.0,108.5,40.5,12.4271166593066
47089.0,109.5,40.5,35.9681133696453
47090.0,110.5,40.5,32.2170997541491
47091.0,111.5,40.5,64.13506447986971
47092.0,112.5,40.5,10.848876819258098
47093.0,113.5,40.5,40.7131056852435
47094.0,114.5,40.5,36.2641107869791
47095.0,115.5,40.5,34.6546630940784
47096.0,116.5,40.5,84.2543778186862
47097.0,117.5,40.5,45.633419346502
47098.0,118.5,40.5,35.6865965159645
47099.0,119.5,40.5,22.551352788215898
47100.0,120.5,40.5,33.236165202292796
47101.0,121.5,40.5,12.9569522447761
47102.0,122.5,40.5,63.025886488403096
47103.0,123.5,40.5,12.2725628281335
47104.0,124.5,40.5,13.7521731842121
47105.0,125.5,40.5,1.3528750427918
47106.0,126.5,40.5,-0.2625563095693
47119.0,139.5,40.5,0.32389500372729996
47120.0,140.5,40.5,40.6510267903605
47121.0,141.5,40.5,64.74309561106149
47215.0,-124.5,41.5,1.9243168762401
47216.0,-123.5,41.5,0.30202739601429995
47217.0,-122.5,41.5,2.8480524755613
47218.0,-121.5,41.5,0.8229742005157
47219.0,-120.5,41.5,0.7066901722122
47220.0,-119.5,41.5,0.0286318573553242
47221.0,-118.5,41.5,0.1020595381463
47222.0,-117.5,41.5,0.2796925068379
47223.0,-116.5,41.5,0.1008923033786
47224.0,-115.5,41.5,0.09336649441354072
47225.0,-114.5,41.5,0.1672930134574
47226.0,-113.5,41.5,0.5935553634214
47227.0,-112.5,41.5,10.0371202217963
47228.0,-111.5,41.5,10.138514512985
47229.0,-110.5,41.5,1.3086753742454
47230.0,-109.5,41.5,1.9016936957643
47231.0,-108.5,41.5,0.1078801018397
47232.0,-107.5,41.5,0.6216994101845
47233.0,-106.5,41.5,0.5388472065098999
47234.0,-105.5,41.5,1.700259643585
47235.0,-104.5,41.5,1.9240591824403
47236.0,-103.5,41.5,3.5105180873827
47237.0,-102.5,41.5,1.7198838604131002
47238.0,-101.5,41.5,1.1608211983715
47239.0,-100.5,41.5,2.5059062950466
47240.0,-99.5,41.5,1.773361588904
47241.0,-98.5,41.5,2.9297608903078003
47242.0,-97.5,41.5,6.1339557612552005
47243.0,-96.5,41.5,6.6966085169136
47244.0,-95.5,41.5,0.6692779273699
47245.0,-94.5,41.5,3.2857423499813
47246.0,-93.5,41.5,4.4834807867704
47247.0,-92.5,41.5,5.2868685556326
47248.0,-91.5,41.5,14.1592815012241
47249.0,-90.5,41.5,19.7591816862373
47250.0,-89.5,41.5,11.9119098095541
47251.0,-88.5,41.5,58.5704952889357
47252.0,-87.5,41.5,33.857485517377896
47253.0,-86.5,41.5,25.7984783689395
47254.0,-85.5,41.5,35.3406162695032
47255.0,-84.5,41.5,17.0326699276598
47256.0,-83.5,41.5,25.523429199557
47257.0,-82.5,41.5,18.617758947489502
47258.0,-81.5,41.5,76.57628692110579
47259.0,-80.5,41.5,26.4494270517299
47260.0,-79.5,41.5,8.5001545561683
47261.0,-78.5,41.5,5.984339366419899
47262.0,-77.5,41.5,6.2217251950512
47263.0,-76.5,41.5,11.5149036750022
47264.0,-75.5,41.5,23.2382682845583
47265.0,-74.5,41.5,22.4036420420071
47266.0,-73.5,41.5,49.918738950251
47267.0,-72.5,41.5,52.5009136309396
47268.0,-71.5,41.5,34.8946790433634
47269.0,-70.5,41.5,30.0539028143502
47270.0,-69.5,41.5,1.7948605716855
47331.0,-8.5,41.5,13.7851060506371
47332.0,-7.5,41.5,10.7587193485772
47333.0,-6.5,41.5,3.6284159904109
47334.0,-5.5,41.5,1.1192329573591
47335.0,-4.5,41.5,7.3078575572224
47337.0,-2.5,41.5,1.1876018951413
47339.0,-0.5,41.5,7.6333479317458
47340.0,0.5,41.5,4.214600132207
47341.0,1.5,41.5,4.8929027399158
47342.0,2.5,41.5,30.3607929161821
47343.0,3.5,41.5,0.4198079878631
47348.0,8.5,41.5,1.9851194674413002
47349.0,9.5,41.5,1.0564367245394
47352.0,12.5,41.5,99.9027509550684
47353.0,13.5,41.5,7.2203916636487
47354.0,14.5,41.5,12.5140918536729
47355.0,15.5,41.5,16.2673918108062
47356.0,16.5,41.5,30.893389253915
47357.0,17.5,41.5,0.6655427398589
47359.0,19.5,41.5,32.688103737135705
47360.0,20.5,41.5,19.3936778663981
47361.0,21.5,41.5,17.301706467373798
47362.0,22.5,41.5,17.3995468229067
47363.0,23.5,41.5,17.1880400868001
47364.0,24.5,41.5,9.755523047809
47365.0,25.5,41.5,16.967739805416898
47366.0,26.5,41.5,13.4520346223422
47367.0,27.5,41.5,36.7080544959531
47368.0,28.5,41.5,63.1531770006825
47369.0,29.5,41.5,27.1955147086215
47370.0,30.5,41.5,6.2802808323644
47371.0,31.5,41.5,11.774395949284902
47372.0,32.5,41.5,23.366380075441
47373.0,33.5,41.5,13.2419164318147
47374.0,34.5,41.5,11.0403554169806
47375.0,35.5,41.5,14.0668208069978
47376.0,36.5,41.5,22.866852608001803
47377.0,37.5,41.5,5.136913402744599
47378.0,38.5,41.5,0.41889044938500003
47379.0,39.5,41.5,4.0181761602432
47380.0,40.5,41.5,2.5098938842431
47381.0,41.5,41.5,5.054875254828899
47382.0,42.5,41.5,9.127193982174601
47383.0,43.5,41.5,2.5552648889682
47384.0,44.5,41.5,28.894430218876902
47385.0,45.5,41.5,17.4282822702585
47386.0,46.5,41.5,12.804782870683301
47387.0,47.5,41.5,12.0152728770857
47388.0,48.5,41.5,10.129605745301498
47392.0,52.5,41.5,-0.001692025902182973
47393.0,53.5,41.5,6.058453705558237e-06
47394.0,54.5,41.5,0.0011644016001046541
47396.0,56.5,41.5,-1.466963212207623e-06
47397.0,57.5,41.5,0.001387121160623091
47398.0,58.5,41.5,0.1607873759194
47399.0,59.5,41.5,-0.09036902209032374
47400.0,60.5,41.5,7.6138780384531
47401.0,61.5,41.5,0.07365889860927287
47402.0,62.5,41.5,0.031126539295384528
47403.0,63.5,41.5,0.023904434016644494
47404.0,64.5,41.5,1.4220490212438
47405.0,65.5,41.5,0.1690115964162
47406.0,66.5,41.5,0.006466131246504314
47407.0,67.5,41.5,1.1812036316455001
47408.0,68.5,41.5,4.3303992536878
47409.0,69.5,41.5,109.2082391143539
47410.0,70.5,41.5,3.6046619029464
47411.0,71.5,41.5,15.493887296942301
47412.0,72.5,41.5,12.5834422717428
47413.0,73.5,41.5,3.0220777338166003
47414.0,74.5,41.5,1.1376479745032
47415.0,75.5,41.5,2.3194893040166003
47416.0,76.5,41.5,0.9259346886944
47417.0,77.5,41.5,0.009649803200240064
47418.0,78.5,41.5,0.5003188941692
47419.0,79.5,41.5,5.828148668828399
47420.0,80.5,41.5,10.9954967202962
47421.0,81.5,41.5,3.7270543866658
47422.0,82.5,41.5,13.085660197319699
47423.0,83.5,41.5,6.982129334678
47424.0,84.5,41.5,4.4452877445232
47425.0,85.5,41.5,5.023473822003901
47426.0,86.5,41.5,17.170796297117302
47427.0,87.5,41.5,0.07592504062109079
47428.0,88.5,41.5,0.2292505038137
47431.0,91.5,41.5,0.0002773208993421468
47432.0,92.5,41.5,0.012087820952781289
47433.0,93.5,41.5,0.024713743664091768
47434.0,94.5,41.5,0.008792091581680369
47435.0,95.5,41.5,0.04140336365908612
47436.0,96.5,41.5,0.01723829353802474
47437.0,97.5,41.5,0.03010354794761388
47438.0,98.5,41.5,0.002613062706401958
47439.0,99.5,41.5,0.014548926255587605
47440.0,100.5,41.5,0.7052699710957
47441.0,101.5,41.5,1.0162884694438
47442.0,102.5,41.5,0.006288950756819911
47443.0,103.5,41.5,0.014461137418411641
47444.0,104.5,41.5,0.02537345944090268
47445.0,105.5,41.5,0.0030550624331869562
47446.0,106.5,41.5,0.6215793711028
47447.0,107.5,41.5,16.0090953575664
47448.0,108.5,41.5,17.8029237668942
47449.0,109.5,41.5,4.9988877151686
47450.0,110.5,41.5,6.243379891289
47451.0,111.5,41.5,10.7356078116063
47452.0,112.5,41.5,5.703480922693401
47453.0,113.5,41.5,15.256597505768301
47454.0,114.5,41.5,19.159302021746797
47455.0,115.5,41.5,13.8687618017888
47456.0,116.5,41.5,6.3515809503223
47457.0,117.5,41.5,11.1486768418537
47458.0,118.5,41.5,22.0123104972929
47459.0,119.5,41.5,45.5495738426876
47460.0,120.5,41.5,29.3806808874135
47461.0,121.5,41.5,49.4462702630646
47462.0,122.5,41.5,61.5366021106028
47463.0,123.5,41.5,84.6645357178963
47464.0,124.5,41.5,7.4195456981375
47465.0,125.5,41.5,8.286565069275701
47466.0,126.5,41.5,4.0898482599988
47467.0,127.5,41.5,1.1393899901633
47468.0,128.5,41.5,1.8701279479394999
47479.0,139.5,41.5,0.06179604750966538
47480.0,140.5,41.5,10.9660618515469
47481.0,141.5,41.5,0.4653006873792
47575.0,-124.5,42.5,2.0562707159235
47576.0,-123.5,42.5,6.4060576805198
47577.0,-122.5,42.5,9.8454981725303
47578.0,-121.5,42.5,3.7926876440162998
47579.0,-120.5,42.5,0.44380520793620004
47580.0,-119.5,42.5,0.03567778361957964
47581.0,-118.5,42.5,0.33619886719299996
47582.0,-117.5,42.5,0.06952456955435385
47583.0,-116.5,42.5,0.109377025375
47584.0,-115.5,42.5,0.37917900046799996
47585.0,-114.5,42.5,8.5694715749275
47586.0,-113.5,42.5,4.144218187967001
47587.0,-112.5,42.5,4.9352641387136
47588.0,-111.5,42.5,1.9765967913274
47589.0,-110.5,42.5,1.0799380307635
47590.0,-109.5,42.5,0.5508061721822
47591.0,-108.5,42.5,0.8122474843755999
47592.0,-107.5,42.5,0.07346174290768058
47593.0,-106.5,42.5,3.6823279951123
47594.0,-105.5,42.5,0.9565700941193
47595.0,-104.5,42.5,1.5036925244207
47596.0,-103.5,42.5,0.8728434858624999
47597.0,-102.5,42.5,1.4666414790236
47598.0,-101.5,42.5,0.2331865080249
47599.0,-100.5,42.5,0.7511980953442999
47600.0,-99.5,42.5,0.8674866858564999
47601.0,-98.5,42.5,2.0433877249697
47602.0,-97.5,42.5,3.9653714583713
47603.0,-96.5,42.5,10.417152873608801
47604.0,-95.5,42.5,6.654138177802601
47605.0,-94.5,42.5,6.581138228086
47606.0,-93.5,42.5,9.0151824408681
47607.0,-92.5,42.5,12.4406251114925
47608.0,-91.5,42.5,12.7198092640448
47609.0,-90.5,42.5,12.5144497523774
47610.0,-89.5,42.5,14.1546817731868
47611.0,-88.5,42.5,46.0814901524883
47612.0,-87.5,42.5,41.261735352550694
47613.0,-86.5,42.5,11.502815802025
47614.0,-85.5,42.5,39.4835610205919
47615.0,-84.5,42.5,14.2362961008175
47616.0,-83.5,42.5,118.63358254931369
47617.0,-82.5,42.5,55.261350043936204
47618.0,-81.5,42.5,14.6146887875238
47619.0,-80.5,42.5,14.942854262332999
47620.0,-79.5,42.5,6.4532091919191
47621.0,-78.5,42.5,17.706667717371
47622.0,-77.5,42.5,12.1930234412785
47623.0,-76.5,42.5,11.6394275507642
47624.0,-75.5,42.5,9.7719505822232
47625.0,-74.5,42.5,8.1613949982847
47626.0,-73.5,42.5,14.2866819210901
47627.0,-72.5,42.5,6.6253864860308
47628.0,-71.5,42.5,89.2129184846621
47629.0,-70.5,42.5,32.6247884170584
47690.0,-9.5,42.5,0.2810775576056
47691.0,-8.5,42.5,27.1022196202766
47692.0,-7.5,42.5,1.6642814586360999
47693.0,-6.5,42.5,10.686267970526801
47694.0,-5.5,42.5,17.5452509702903
47695.0,-4.5,42.5,1.9066664987348
47696.0,-3.5,42.5,3.7803126488936
47697.0,-2.5,42.5,7.953712197303699
47698.0,-1.5,42.5,5.192205071466099
47699.0,-0.5,42.5,3.3216420354415
47700.0,0.5,42.5,2.5926375363227
47701.0,1.5,42.5,7.769300357183099
47702.0,2.5,42.5,0.27675675189369997
47703.0,3.5,42.5,2.4033658728884
47708.0,8.5,42.5,2.426084912521
47709.0,9.5,42.5,0.08217700172969228
47711.0,11.5,42.5,2.1767992813199
47712.0,12.5,42.5,29.344232205683202
47713.0,13.5,42.5,9.3736620026254
47714.0,14.5,42.5,30.0977588487308
47715.0,15.5,42.5,0.034079545254296045
47716.0,16.5,42.5,0.5546377149881001
47717.0,17.5,42.5,1.3770622177754999
47718.0,18.5,42.5,7.9815064639518
47719.0,19.5,42.5,14.8941755572378
47720.0,20.5,42.5,29.9787412124271
47721.0,21.5,42.5,37.2450941710893
47722.0,22.5,42.5,10.8922836878332
47723.0,23.5,42.5,33.594521634048505
47724.0,24.5,42.5,24.477724536488402
47725.0,25.5,42.5,10.5217385685398
47726.0,26.5,42.5,15.1034400255406
47727.0,27.5,42.5,13.1928702659816
47728.0,28.5,42.5,0.00023903166498769404
47733.0,33.5,42.5,0.0898031473366179
47734.0,34.5,42.5,0.044039917145224365
47735.0,35.5,42.5,0.7347722374926999
47740.0,40.5,42.5,0.09530720710130888
47741.0,41.5,42.5,1.5178365110315999
47742.0,42.5,42.5,6.2319892024566
47743.0,43.5,42.5,7.0783410349022
47744.0,44.5,42.5,6.2280470369072995
47745.0,45.5,42.5,3.2414526614672003
47746.0,46.5,42.5,11.802016707217
47747.0,47.5,42.5,18.300649006140798
47748.0,48.5,42.5,5.1260795415364
47751.0,51.5,42.5,0.0001866243594327333
47752.0,52.5,42.5,-0.00019485429362360498
47753.0,53.5,42.5,0.04609462043054269
47754.0,54.5,42.5,0.00909692802517477
47755.0,55.5,42.5,0.002136455506032058
47757.0,57.5,42.5,0.001850135954496131
47758.0,58.5,42.5,4.205621902071201
47759.0,59.5,42.5,4.513916577782
47760.0,60.5,42.5,4.0177291453974
47761.0,61.5,42.5,0.010569108805756322
47763.0,63.5,42.5,-0.010379549673283344
47764.0,64.5,42.5,0.0004134135194551118
47765.0,65.5,42.5,0.08067041806678561
47767.0,67.5,42.5,0.013778304434560396
47768.0,68.5,42.5,3.8977594869763004
47769.0,69.5,42.5,25.2146115284147
47770.0,70.5,42.5,6.098171940357499
47771.0,71.5,42.5,3.7976634996562
47772.0,72.5,42.5,4.5938178265716
47773.0,73.5,42.5,6.8800991312318
47774.0,74.5,42.5,29.0820164341157
47775.0,75.5,42.5,8.7557761447656
47776.0,76.5,42.5,3.3778704199306
47777.0,77.5,42.5,4.543217403978099
47778.0,78.5,42.5,7.435275509167
47779.0,79.5,42.5,0.5563852467303999
47780.0,80.5,42.5,1.3316662808219
47781.0,81.5,42.5,0.4515524602186
47782.0,82.5,42.5,0.2140521923446
47783.0,83.5,42.5,0.06681501503612843
47784.0,84.5,42.5,0.034249914191851694
47785.0,85.5,42.5,0.42934072378779997
47786.0,86.5,42.5,14.4423495687425
47787.0,87.5,42.5,1.9928872605840002
47788.0,88.5,42.5,5.0913157376794
47789.0,89.5,42.5,14.977004567573701
47790.0,90.5,42.5,3.2275766896324
47791.0,91.5,42.5,0.02446169875422604
47792.0,92.5,42.5,0.5453177982798
47793.0,93.5,42.5,13.21743575999
47794.0,94.5,42.5,1.2990614267982001
47795.0,95.5,42.5,0.0047576866556642994
47796.0,96.5,42.5,0.015656970678564173
47797.0,97.5,42.5,0.004210257658349378
47798.0,98.5,42.5,0.00862703607496977
47799.0,99.5,42.5,0.0006833787050702888
47800.0,100.5,42.5,0.01313561034102683
47801.0,101.5,42.5,0.5931930140414999
47802.0,102.5,42.5,0.0004824978926258954
47806.0,106.5,42.5,0.00327719910565942
47807.0,107.5,42.5,0.233824505136
47808.0,108.5,42.5,0.0802350808272583
47809.0,109.5,42.5,0.2758616071535
47810.0,110.5,42.5,0.18374963564789998
47811.0,111.5,42.5,0.2328923448213
47812.0,112.5,42.5,1.8555408559034
47813.0,113.5,42.5,1.1013214212963
47814.0,114.5,42.5,2.3479255476788
47815.0,115.5,42.5,4.7159290960375
47816.0,116.5,42.5,4.9629430067147995
47817.0,117.5,42.5,2.9255094969265003
47818.0,118.5,42.5,20.352832616332
47819.0,119.5,42.5,33.1577447732263
47820.0,120.5,42.5,25.9486700639177
47821.0,121.5,42.5,27.4689682506175
47822.0,122.5,42.5,29.265894880579403
47823.0,123.5,42.5,46.7036117231514
47824.0,124.5,42.5,12.9395637971806
47825.0,125.5,42.5,14.9109534954835
47826.0,126.5,42.5,9.503250905717
47827.0,127.5,42.5,4.3125458233579
47828.0,128.5,42.5,2.0190656066898
47829.0,129.5,42.5,8.8174817356934
47830.0,130.5,42.5,7.394940237324501
47831.0,131.5,42.5,-0.004297086303243022
47839.0,139.5,42.5,0.6515685534268999
47840.0,140.5,42.5,6.4066796975547
47841.0,141.5,42.5,11.2247012901938
47842.0,142.5,42.5,11.8152650198781
47843.0,143.5,42.5,7.885033841863299
47844.0,144.5,42.5,0.04802032185717947
47845.0,145.5,42.5,9.422754434395578e-06
47935.0,-124.5,43.5,4.5396718471041995
47936.0,-123.5,43.5,6.334093762183399
47937.0,-122.5,43.5,0.9783281702928
47938.0,-121.5,43.5,1.9505098963812
47939.0,-120.5,43.5,0.20953351057810002
47940.0,-119.5,43.5,0.4279119999769
47941.0,-118.5,43.5,0.2201005413355
47942.0,-117.5,43.5,0.7891930609777
47943.0,-116.5,43.5,37.397722341500895
47944.0,-115.5,43.5,1.4673700154381
47945.0,-114.5,43.5,2.0427948127153
47946.0,-113.5,43.5,0.4969347253413
47947.0,-112.5,43.5,6.792407912271701
47948.0,-111.5,43.5,6.1512133928164
47949.0,-110.5,43.5,1.6077726852859
47950.0,-109.5,43.5,0.2786937098572
47951.0,-108.5,43.5,1.4936147168632
47952.0,-107.5,43.5,0.12325517502790001
47953.0,-106.5,43.5,0.2078032492559
47954.0,-105.5,43.5,0.3285348753551
47955.0,-104.5,43.5,0.43756032194649996
47956.0,-103.5,43.5,1.8203302486689
47957.0,-102.5,43.5,0.6017235444237
47958.0,-101.5,43.5,0.5625194760921001
47959.0,-100.5,43.5,1.2417803778317
47960.0,-99.5,43.5,1.7672681330357
47961.0,-98.5,43.5,3.3461377892388997
47962.0,-97.5,43.5,3.9610782959369
47963.0,-96.5,43.5,13.6680621138615
47964.0,-95.5,43.5,8.3376724922723
47965.0,-94.5,43.5,6.4672420349271995
47966.0,-93.5,43.5,8.3531948353508
47967.0,-92.5,43.5,9.0873682130789
47968.0,-91.5,43.5,11.231278751090901
47969.0,-90.5,43.5,8.8111375657778
47970.0,-89.5,43.5,24.0483321928246
47971.0,-88.5,43.5,34.4603802180012
47972.0,-87.5,43.5,17.451167942825
47973.0,-86.5,43.5,7.986306088865399
47974.0,-85.5,43.5,12.7492730324863
47975.0,-84.5,43.5,11.4666266883181
47976.0,-83.5,43.5,14.4483754321673
47977.0,-82.5,43.5,6.1685987393415
47978.0,-81.5,43.5,12.6767200255881
47979.0,-80.5,43.5,38.4026688502422
47980.0,-79.5,43.5,152.2046244904046
47981.0,-78.5,43.5,14.3782403358357
47982.0,-77.5,43.5,21.7068377359108
47983.0,-76.5,43.5,16.4758548014853
47984.0,-75.5,43.5,9.7750397688505
47985.0,-74.5,43.5,3.2448462071619
47986.0,-73.5,43.5,9.912183420707999
47987.0,-72.5,43.5,7.796993924517101
47988.0,-71.5,43.5,12.008439355114701
47989.0,-70.5,43.5,9.343344065363
47990.0,-69.5,43.5,3.4791365860589
47991.0,-68.5,43.5,0.00845749100887849
47993.0,-66.5,43.5,0.5706644315219
47994.0,-65.5,43.5,0.7217593898649
47995.0,-64.5,43.5,0.039973760952688064
48051.0,-8.5,43.5,3.2186531565915
48052.0,-7.5,43.5,1.723610966296
48053.0,-6.5,43.5,6.806340370426
48054.0,-5.5,43.5,19.39223616933
48055.0,-4.5,43.5,7.4308595051684
48056.0,-3.5,43.5,3.2975399551146998
48057.0,-2.5,43.5,6.3753798983143
48058.0,-1.5,43.5,-0.04207720497954794
48059.0,-0.5,43.5,0.027761373391642755
48060.0,0.5,43.5,0.1745155671276
48061.0,1.5,43.5,0.3746184372381
48062.0,2.5,43.5,0.1208162589752
48063.0,3.5,43.5,0.4872791326705
48064.0,4.5,43.5,0.7190401474820001
48065.0,5.5,43.5,1.1205239490036
48066.0,6.5,43.5,0.55520933762
48067.0,7.5,43.5,5.4103833138616
48070.0,10.5,43.5,8.4169696808372
48071.0,11.5,43.5,14.7229553096984
48072.0,12.5,43.5,24.0249152236958
48073.0,13.5,43.5,4.820348151169401
48075.0,15.5,43.5,5.0862349981885995
48076.0,16.5,43.5,13.4824327426801
48077.0,17.5,43.5,15.8053795576116
48078.0,18.5,43.5,15.3767952714524
48079.0,19.5,43.5,10.466640659985199
48080.0,20.5,43.5,12.9933699716346
48081.0,21.5,43.5,22.611899634743402
48082.0,22.5,43.5,12.888652652460198
48083.0,23.5,43.5,19.1403951424067
48084.0,24.5,43.5,22.8644474566305
48085.0,25.5,43.5,25.566924557241798
48086.0,26.5,43.5,12.789708760060199
48087.0,27.5,43.5,9.983227011345
48088.0,28.5,43.5,4.7348495598267
48099.0,39.5,43.5,9.6847525396065
48100.0,40.5,43.5,3.6438588130030998
48101.0,41.5,43.5,6.5990430971858
48102.0,42.5,43.5,1.6335475879484
48103.0,43.5,43.5,23.0471817725508
48104.0,44.5,43.5,45.708498790259
48105.0,45.5,43.5,47.2282168031484
48106.0,46.5,43.5,45.0374938298334
48107.0,47.5,43.5,3.7776258571655004
48111.0,51.5,43.5,5.5310760662586
48112.0,52.5,43.5,1.8221667836117
48113.0,53.5,43.5,0.24979172818639997
48114.0,54.5,43.5,-0.001665983340011918
48115.0,55.5,43.5,0.0001325577434657749
48116.0,56.5,43.5,7.25762680803042e-05
48117.0,57.5,43.5,0.07983438395661012
48118.0,58.5,43.5,2.5171038894800004
48119.0,59.5,43.5,0.7913149939679
48120.0,60.5,43.5,1.6919593232556
48121.0,61.5,43.5,-0.000814076295985129
48122.0,62.5,43.5,0.00020951736651114242
48123.0,63.5,43.5,-0.00011243108159667299
48124.0,64.5,43.5,0.010573752284771691
48126.0,66.5,43.5,0.07145297835279968
48127.0,67.5,43.5,1.9366570839068
48128.0,68.5,43.5,0.2391690480133
48129.0,69.5,43.5,1.2672377008242
48130.0,70.5,43.5,1.6090190637226
48131.0,71.5,43.5,1.2565440737308
48132.0,72.5,43.5,0.20476441496970002
48133.0,73.5,43.5,2.9725455580588003
48134.0,74.5,43.5,3.2208326046152003
48135.0,75.5,43.5,1.4704178155661
48136.0,76.5,43.5,42.6015966499977
48137.0,77.5,43.5,12.8893350837748
48138.0,78.5,43.5,2.3898062750988
48139.0,79.5,43.5,1.0381201307372998
48140.0,80.5,43.5,6.7845639338043
48141.0,81.5,43.5,21.6263117651764
48142.0,82.5,43.5,11.312318677411001
48143.0,83.5,43.5,5.1170731165541
48144.0,84.5,43.5,0.3042561023016
48145.0,85.5,43.5,0.41762359075169997
48146.0,86.5,43.5,0.9312391480024
48147.0,87.5,43.5,35.2861316236799
48148.0,88.5,43.5,1.4490792643277999
48149.0,89.5,43.5,7.9802941385379995
48150.0,90.5,43.5,4.1284235341654005
48151.0,91.5,43.5,0.10100195899679999
48152.0,92.5,43.5,2.268323857379
48153.0,93.5,43.5,2.5533743775654
48154.0,94.5,43.5,1.1597978564834
48155.0,95.5,43.5,0.2575097095771
48167.0,107.5,43.5,0.0035970795951633066
48168.0,108.5,43.5,-0.00017841210087161973
48170.0,110.5,43.5,0.015762539494335714
48171.0,111.5,43.5,2.2010582315134
48172.0,112.5,43.5,0.37565536740739996
48173.0,113.5,43.5,0.5456957130108
48174.0,114.5,43.5,0.244770164172
48175.0,115.5,43.5,0.7529807004383999
48176.0,116.5,43.5,4.7124762627342
48177.0,117.5,43.5,4.1527323010072
48178.0,118.5,43.5,8.7760051044859
48179.0,119.5,43.5,9.7460794260585
48180.0,120.5,43.5,14.7774544418037
48181.0,121.5,43.5,25.929876251085798
48182.0,122.5,43.5,31.2990697664145
48183.0,123.5,43.5,37.4464391190372
48184.0,124.5,43.5,40.6940613049939
48185.0,125.5,43.5,51.548907919333104
48186.0,126.5,43.5,21.248614922307798
48187.0,127.5,43.5,6.9155775624663995
48188.0,128.5,43.5,7.4240253548411
48189.0,129.5,43.5,3.7426884393782998
48190.0,130.5,43.5,1.2006301610584
48191.0,131.5,43.5,10.0455600495105
48192.0,132.5,43.5,0.15887704183259999
48200.0,140.5,43.5,2.7400549282624
48201.0,141.5,43.5,24.7653970009121
48202.0,142.5,43.5,29.287032860464702
48203.0,143.5,43.5,6.7346274686836
48204.0,144.5,43.5,16.3265880843866
48205.0,145.5,43.5,2.2236211203405
48295.0,-124.5,44.5,2.3112037228984
48296.0,-123.5,44.5,22.175961837989302
48297.0,-122.5,44.5,9.1952389262845
48298.0,-121.5,44.5,9.7109258030522
48299.0,-120.5,44.5,1.4414346749551998
48300.0,-119.5,44.5,0.3307512334018
48301.0,-118.5,44.5,0.5069683875147
48302.0,-117.5,44.5,1.5652785497499
48303.0,-116.5,44.5,3.7193909531994
48304.0,-115.5,44.5,0.3066583764731
48305.0,-114.5,44.5,0.26747457407840003
48306.0,-113.5,44.5,0.1674825883593
48307.0,-112.5,44.5,0.19308296586760001
48308.0,-111.5,44.5,0.7221790630521999
48309.0,-110.5,44.5,0.2672683856659
48310.0,-109.5,44.5,1.0939271061678
48311.0,-108.5,44.5,1.7067503724158
48312.0,-107.5,44.5,0.8551997823334
48313.0,-106.5,44.5,2.1527690038385
48314.0,-105.5,44.5,2.2227130770973997
48315.0,-104.5,44.5,0.878724051304
48316.0,-103.5,44.5,7.9714984527049
48317.0,-102.5,44.5,0.4478125489179
48318.0,-101.5,44.5,0.46306066915620003
48319.0,-100.5,44.5,1.8231196075041
48320.0,-99.5,44.5,1.1001651897213
48321.0,-98.5,44.5,2.6527300647876997
48322.0,-97.5,44.5,3.9962872648248005
48323.0,-96.5,44.5,3.0596049861614
48324.0,-95.5,44.5,5.9266730229927
48325.0,-94.5,44.5,8.627961504531001
48326.0,-93.5,44.5,15.130538209168
48327.0,-92.5,44.5,12.7004536222311
48328.0,-91.5,44.5,13.3904912149665
48329.0,-90.5,44.5,3.2036716396485
48330.0,-89.5,44.5,8.8258076183939
48331.0,-88.5,44.5,27.3634951726639
48332.0,-87.5,44.5,10.173438903282
48333.0,-86.5,44.5,1.6655918717662999
48334.0,-85.5,44.5,9.9431725439252
48335.0,-84.5,44.5,6.0943982238123
48336.0,-83.5,44.5,3.4168928324637
48337.0,-82.5,44.5,0.12430608826359998
48338.0,-81.5,44.5,5.8617315374249
48339.0,-80.5,44.5,7.1709518962805
48340.0,-79.5,44.5,23.2410935799318
48341.0,-78.5,44.5,8.9777727151435
48342.0,-77.5,44.5,6.9146592532451
48343.0,-76.5,44.5,8.5574587057519
48344.0,-75.5,44.5,5.152646919593
48345.0,-74.5,44.5,3.6367955288598
48346.0,-73.5,44.5,7.134007792418999
48347.0,-72.5,44.5,6.7851684376462
48348.0,-71.5,44.5,2.7102076308133003
48349.0,-70.5,44.5,5.8196993005809
48350.0,-69.5,44.5,9.8783076047111
48351.0,-68.5,44.5,6.2880894512599
48352.0,-67.5,44.5,1.2609273241995
48353.0,-66.5,44.5,0.6850471725073001
48354.0,-65.5,44.5,1.0265302837334
48355.0,-64.5,44.5,2.4006670785049002
48356.0,-63.5,44.5,9.305981631164801
48357.0,-62.5,44.5,0.1497705269585
48418.0,-1.5,44.5,8.505112759775901
48419.0,-0.5,44.5,0.01881360170575934
48420.0,0.5,44.5,0.03148458509969463
48421.0,1.5,44.5,0.1017174351657
48422.0,2.5,44.5,0.1278709188494
48423.0,3.5,44.5,0.050089684999474804
48424.0,4.5,44.5,0.4573979057121
48425.0,5.5,44.5,0.1987384614538
48426.0,6.5,44.5,0.18331404514320002
48427.0,7.5,44.5,12.7245608703975
48428.0,8.5,44.5,6.364083642766801
48429.0,9.5,44.5,2.6811584754945
48430.0,10.5,44.5,26.6557430730421
48431.0,11.5,44.5,22.4457169938284
48432.0,12.5,44.5,32.21641888429
48433.0,13.5,44.5,3.1674265757395
48434.0,14.5,44.5,2.1685865861371
48435.0,15.5,44.5,12.5746595802024
48436.0,16.5,44.5,10.113403324833099
48437.0,17.5,44.5,24.1533428080219
48438.0,18.5,44.5,28.6468211877857
48439.0,19.5,44.5,24.0913745562599
48440.0,20.5,44.5,42.5460207766572
48441.0,21.5,44.5,21.9528896245547
48442.0,22.5,44.5,14.7178627895782
48443.0,23.5,44.5,21.5990303534884
48444.0,24.5,44.5,18.3888491598966
48445.0,25.5,44.5,4.3872940811976
48446.0,26.5,44.5,39.497305699643704
48447.0,27.5,44.5,14.8504507714543
48448.0,28.5,44.5,14.2690115260302
48449.0,29.5,44.5,0.08278910100674246
48453.0,33.5,44.5,11.5164794264516
48454.0,34.5,44.5,11.6024996894285
48455.0,35.5,44.5,0.4674238152032
48457.0,37.5,44.5,12.1175786502496
48458.0,38.5,44.5,10.479619999753199
48459.0,39.5,44.5,17.0980597324156
48460.0,40.5,44.5,25.1841625031161
48461.0,41.5,44.5,28.2973649187477
48462.0,42.5,44.5,16.4896549652538
48463.0,43.5,44.5,28.616955674722398
48464.0,44.5,44.5,12.6257435596737
48465.0,45.5,44.5,2.4600201448166
48466.0,46.5,44.5,2.03347653859
48467.0,47.5,44.5,0.0932899859227118
48470.0,50.5,44.5,0.4508595843879
48471.0,51.5,44.5,0.3567148717545
48472.0,52.5,44.5,0.7010231755542999
48473.0,53.5,44.5,0.0990837887828116
48474.0,54.5,44.5,0.06295954615267674
48475.0,55.5,44.5,0.012236443157678354
48476.0,56.5,44.5,0.0789131519393409
48477.0,57.5,44.5,0.016061453539978746
48478.0,58.5,44.5,0.017192053624472996
48481.0,61.5,44.5,0.002483655118382281
48483.0,63.5,44.5,0.05723186630934221
48484.0,64.5,44.5,0.6321414804794
48485.0,65.5,44.5,7.845833566152001
48486.0,66.5,44.5,0.39285265710920003
48487.0,67.5,44.5,0.37338658574649997
48488.0,68.5,44.5,0.5130782001687
48489.0,69.5,44.5,0.057355042150894014
48490.0,70.5,44.5,0.04420575785809229
48491.0,71.5,44.5,-0.0009850022708349088
48492.0,72.5,44.5,0.2903293400583
48493.0,73.5,44.5,0.3419018726341
48494.0,74.5,44.5,0.08697306041459466
48495.0,75.5,44.5,0.06002973074327758
48496.0,76.5,44.5,0.5352274293508
48497.0,77.5,44.5,0.7871891382731
48498.0,78.5,44.5,5.2020767584755
48499.0,79.5,44.5,1.4576833261958
48500.0,80.5,44.5,9.9363376382698
48501.0,81.5,44.5,3.8835009431736
48502.0,82.5,44.5,9.1825152742678
48503.0,83.5,44.5,1.1609116883405
48504.0,84.5,44.5,16.2508898903376
48505.0,85.5,44.5,15.8914734169191
48506.0,86.5,44.5,25.044333117410602
48507.0,87.5,44.5,23.4391138033038
48508.0,88.5,44.5,6.3521110763066
48509.0,89.5,44.5,6.5157837502705
48510.0,90.5,44.5,1.302255116544
48511.0,91.5,44.5,0.05549305345893106
48512.0,92.5,44.5,0.04905777500486989
48513.0,93.5,44.5,0.05016315763974187
48514.0,94.5,44.5,0.008610217575597963
48531.0,111.5,44.5,0.013643073944362205
48532.0,112.5,44.5,0.1236195258337
48533.0,113.5,44.5,0.16758115017189998
48534.0,114.5,44.5,0.4821113349829
48535.0,115.5,44.5,0.4918843601241
48536.0,116.5,44.5,0.9766976192489001
48537.0,117.5,44.5,1.7303741024172998
48538.0,118.5,44.5,2.5731240190637
48539.0,119.5,44.5,6.382120635528399
48540.0,120.5,44.5,7.264558907562299
48541.0,121.5,44.5,5.9463703267007
48542.0,122.5,44.5,9.6973099096512
48543.0,123.5,44.5,24.3904168146249
48544.0,124.5,44.5,29.165766483496398
48545.0,125.5,44.5,46.4898746637526
48546.0,126.5,44.5,33.0966323329943
48547.0,127.5,44.5,10.7931041013433
48548.0,128.5,44.5,4.0566896807647
48549.0,129.5,44.5,16.473578269974702
48550.0,130.5,44.5,5.1355934060254
48551.0,131.5,44.5,7.3989391422175
48561.0,141.5,44.5,1.1456349455669
48562.0,142.5,44.5,13.5721678689632
48563.0,143.5,44.5,2.4939776497943997
48564.0,144.5,44.5,0.2918343877579
48565.0,145.5,44.5,0.125989883576
48655.0,-124.5,45.5,0.07291351464529607
48656.0,-123.5,45.5,8.0939316044213
48657.0,-122.5,45.5,51.8825718188433
48658.0,-121.5,45.5,3.3923811644222
48659.0,-120.5,45.5,1.0025768082888
48660.0,-119.5,45.5,2.6862412181134
48661.0,-118.5,45.5,2.8423444017141
48662.0,-117.5,45.5,1.2847787679217
48663.0,-116.5,45.5,0.6942520394049
48664.0,-115.5,45.5,0.1107561884602
48665.0,-114.5,45.5,0.14519030350190001
48666.0,-113.5,45.5,0.6913762621542999
48667.0,-112.5,45.5,2.0080066503135003
48668.0,-111.5,45.5,6.282662783387099
48669.0,-110.5,45.5,1.4852015732826
48670.0,-109.5,45.5,1.5014968520235001
48671.0,-108.5,45.5,7.854604847154299
48672.0,-107.5,45.5,0.5998375877159
48673.0,-106.5,45.5,0.548690814642
48674.0,-105.5,45.5,0.26463189309810004
48675.0,-104.5,45.5,0.268863248365
48676.0,-103.5,45.5,0.2754173401276
48677.0,-102.5,45.5,0.7200737503729
48678.0,-101.5,45.5,0.6551351575318001
48679.0,-100.5,45.5,0.9964742304943001
48680.0,-99.5,45.5,1.3770202831395
48681.0,-98.5,45.5,2.978894710421
48682.0,-97.5,45.5,1.8218724472527
48683.0,-96.5,45.5,2.4328671304391998
48684.0,-95.5,45.5,4.7403556516649
48685.0,-94.5,45.5,16.117369119233402
48686.0,-93.5,45.5,29.6121359357374
48687.0,-92.5,45.5,7.655783316412901
48688.0,-91.5,45.5,6.0138661760029
48689.0,-90.5,45.5,3.141990788273
48690.0,-89.5,45.5,6.7473459944286
48691.0,-88.5,45.5,3.6301306536278
48692.0,-87.5,45.5,4.8198540492206
48693.0,-86.5,45.5,0.6101838553056
48694.0,-85.5,45.5,2.0574167205038
48695.0,-84.5,45.5,2.312348050544
48696.0,-83.5,45.5,1.9687514391461998
48697.0,-82.5,45.5,0.4204421439722
48698.0,-81.5,45.5,0.4178085514469
48699.0,-80.5,45.5,0.4739263932857
48700.0,-79.5,45.5,2.6911938890652003
48701.0,-78.5,45.5,0.465123442517
48702.0,-77.5,45.5,2.7205358221353
48703.0,-76.5,45.5,4.3545336747519
48704.0,-75.5,45.5,33.0350482844815
48705.0,-74.5,45.5,5.575600644562
48706.0,-73.5,45.5,52.3478958185265
48707.0,-72.5,45.5,16.2427953679833
48708.0,-71.5,45.5,8.083569002212101
48709.0,-70.5,45.5,1.1356672306241
48710.0,-69.5,45.5,1.1315712821780999
48711.0,-68.5,45.5,1.2388101388552
48712.0,-67.5,45.5,1.0801704114583
48713.0,-66.5,45.5,5.6422997340046
48714.0,-65.5,45.5,2.5007756724228
48715.0,-64.5,45.5,3.408350004974
48716.0,-63.5,45.5,2.5101320843536996
48717.0,-62.5,45.5,1.6153127549014
48718.0,-61.5,45.5,0.9101707712313001
48719.0,-60.5,45.5,0.3964127132421
48720.0,-59.5,45.5,0.05464560280330654
48778.0,-1.5,45.5,6.2721450631507
48779.0,-0.5,45.5,0.09973760526484814
48780.0,0.5,45.5,0.004330919505992487
48781.0,1.5,45.5,-0.12014813552629999
48782.0,2.5,45.5,-0.029260155719132493
48783.0,3.5,45.5,-0.02637613861681996
48784.0,4.5,45.5,-0.1274134885896
48785.0,5.5,45.5,-0.05632154352690471
48786.0,6.5,45.5,0.1545742662513
48787.0,7.5,45.5,20.684684683625598
48788.0,8.5,45.5,45.0267721114416
48789.0,9.5,45.5,47.821581738191895
48790.0,10.5,45.5,27.1225391133066
48791.0,11.5,45.5,22.7760453338228
48792.0,12.5,45.5,7.571425822149999
48793.0,13.5,45.5,20.9519144239367
48794.0,14.5,45.5,18.0542557849485
48795.0,15.5,45.5,32.7251269441172
48796.0,16.5,45.5,32.189428158131406
48797.0,17.5,45.5,20.5211538912447
48798.0,18.5,45.5,29.8409984554
48799.0,19.5,45.5,32.142264394677895
48800.0,20.5,45.5,24.4614281148519
48801.0,21.5,45.5,26.842341294035
48802.0,22.5,45.5,12.7337348076331
48803.0,23.5,45.5,16.3500493792475
48804.0,24.5,45.5,18.098972908537
48805.0,25.5,45.5,25.9017521981373
48806.0,26.5,45.5,15.7919492566674
48807.0,27.5,45.5,20.7200407212137
48808.0,28.5,45.5,22.473914688753297
48809.0,29.5,45.5,8.4847998102923
48810.0,30.5,45.5,0.46521732198270005
48812.0,32.5,45.5,1.0783943609003
48813.0,33.5,45.5,17.4356134513289
48814.0,34.5,45.5,20.538795434913897
48815.0,35.5,45.5,5.1026668746691
48816.0,36.5,45.5,5.7129047434385
48817.0,37.5,45.5,7.6744431559096
48818.0,38.5,45.5,34.8933711590848
48819.0,39.5,45.5,34.967478475701895
48820.0,40.5,45.5,24.3425297347774
48821.0,41.5,45.5,25.267500844327902
48822.0,42.5,45.5,13.6814824543585
48823.0,43.5,45.5,8.711243334849401
48824.0,44.5,45.5,2.6632866161059003
48825.0,45.5,45.5,0.3649675957333
48826.0,46.5,45.5,0.2329130224951
48827.0,47.5,45.5,3.733232941846
48828.0,48.5,45.5,0.43330150985480004
48831.0,51.5,45.5,0.1460656110836
48832.0,52.5,45.5,0.001568519260790858
48833.0,53.5,45.5,0.031518883243222114
48834.0,54.5,45.5,0.02509674162714226
48835.0,55.5,45.5,1.2336012928375002
48836.0,56.5,45.5,0.028581231888995987
48837.0,57.5,45.5,7.155900504107647e-05
48838.0,58.5,45.5,0.0005055484011909918
48839.0,59.5,45.5,0.0049039634937695035
48841.0,61.5,45.5,0.5276834786015
48842.0,62.5,45.5,1.5284812392546
48843.0,63.5,45.5,1.5606294692316
48844.0,64.5,45.5,1.0091272697389
48845.0,65.5,45.5,0.1416884352524
48846.0,66.5,45.5,0.0020604602609088397
48847.0,67.5,45.5,0.07696948152266431
48848.0,68.5,45.5,0.1037734690542
48849.0,69.5,45.5,-0.0013077198937967106
48851.0,71.5,45.5,-0.000196096889376726
48852.0,72.5,45.5,0.00026856109155520456
48853.0,73.5,45.5,0.11418510434120001
48854.0,74.5,45.5,0.17234538867660001
48855.0,75.5,45.5,0.09924314834669146
48856.0,76.5,45.5,0.03027583486663387
48857.0,77.5,45.5,-0.010155010128526624
48858.0,78.5,45.5,2.9775239895100003
48859.0,79.5,45.5,1.7372603003088
48860.0,80.5,45.5,1.4159216929453
48861.0,81.5,45.5,2.2975812510128
48862.0,82.5,45.5,0.8147301133175
48863.0,83.5,45.5,0.9017041682353
48864.0,84.5,45.5,3.8012036858083
48865.0,85.5,45.5,2.325475080551
48866.0,86.5,45.5,0.5368265842894
48867.0,87.5,45.5,0.0241074966134424
48868.0,88.5,45.5,0.0005406753967461658
48869.0,89.5,45.5,0.004659713354010524
48870.0,90.5,45.5,0.08048058122226014
48871.0,91.5,45.5,0.00010745691880035886
48872.0,92.5,45.5,-0.0008030345311236895
48873.0,93.5,45.5,-0.00016665720415328777
48878.0,98.5,45.5,-0.0006294260046995435
48888.0,108.5,45.5,-0.0006389004765109329
48891.0,111.5,45.5,-0.0007616880629220484
48892.0,112.5,45.5,0.01301149160154
48893.0,113.5,45.5,-0.0015204522489201907
48894.0,114.5,45.5,0.1035567148713
48895.0,115.5,45.5,0.21136760913619998
48896.0,116.5,45.5,0.6720655356582
48897.0,117.5,45.5,0.3101556661477
48898.0,118.5,45.5,0.6115330279638
48899.0,119.5,45.5,2.3281665482899
48900.0,120.5,45.5,2.3853407985803
48901.0,121.5,45.5,11.4898813089303
48902.0,122.5,45.5,15.745049676323502
48903.0,123.5,45.5,14.7250743060861
48904.0,124.5,45.5,22.1826498454676
48905.0,125.5,45.5,21.6273389129796
48906.0,126.5,45.5,60.7903335983758
48907.0,127.5,45.5,19.5387673376686
48908.0,128.5,45.5,10.3257728311664
48909.0,129.5,45.5,2.8330295209855
48910.0,130.5,45.5,16.9459155903647
48911.0,131.5,45.5,16.0164729980296
48912.0,132.5,45.5,5.380336764365
48913.0,133.5,45.5,4.7612861750571
48914.0,134.5,45.5,-0.003106510615551634
48921.0,141.5,45.5,1.0880986021297
48922.0,142.5,45.5,0.584288045675
49015.0,-124.5,46.5,1.8005068397029
49016.0,-123.5,46.5,4.9980256618896
49017.0,-122.5,46.5,9.8178585537443
49018.0,-121.5,46.5,0.3650923479213
49019.0,-120.5,46.5,10.7077473651389
49020.0,-119.5,46.5,14.963117786544
49021.0,-118.5,46.5,3.7328037339686
49022.0,-117.5,46.5,3.7514675464959
49023.0,-116.5,46.5,3.9454820916237
49024.0,-115.5,46.5,0.3777866061403
49025.0,-114.5,46.5,4.792495295196701
49026.0,-113.5,46.5,1.3770479552781
49027.0,-112.5,46.5,3.4890099674949
49028.0,-111.5,46.5,1.9329942135426
49029.0,-110.5,46.5,0.323262089798
49030.0,-109.5,46.5,0.5842450727514
49031.0,-108.5,46.5,0.8210159843445001
49032.0,-107.5,46.5,0.1928732423105
49033.0,-106.5,46.5,0.24957584084300002
49034.0,-105.5,46.5,0.7542695327442
49035.0,-104.5,46.5,0.6198865811287
49036.0,-103.5,46.5,0.958478926244
49037.0,-102.5,46.5,2.5285748121579
49038.0,-101.5,46.5,1.6763168272091
49039.0,-100.5,46.5,4.818371628193001
49040.0,-99.5,46.5,1.4693308914939
49041.0,-98.5,46.5,2.3386824989089
49042.0,-97.5,46.5,1.9406176762456
49043.0,-96.5,46.5,9.257573046554999
49044.0,-95.5,46.5,6.8768929068101
49045.0,-94.5,46.5,6.353407089471
49046.0,-93.5,46.5,2.5470224523318
49047.0,-92.5,46.5,7.2987896356659
49048.0,-91.5,46.5,2.2459850914752
49049.0,-90.5,46.5,1.9883943387882
49050.0,-89.5,46.5,1.3491296468304
49051.0,-88.5,46.5,1.2360475346827
49052.0,-87.5,46.5,2.0770203716834
49053.0,-86.5,46.5,0.4211756514032
49054.0,-85.5,46.5,0.7663104858186
49055.0,-84.5,46.5,5.3286214286401
49056.0,-83.5,46.5,0.6133532356891
49057.0,-82.5,46.5,0.5079820606378
49058.0,-81.5,46.5,2.5085499399905
49059.0,-80.5,46.5,3.099991455013
49060.0,-79.5,46.5,2.5849978204784
49061.0,-78.5,46.5,0.2263004839104
49062.0,-77.5,46.5,0.2735037917868
49063.0,-76.5,46.5,0.2494185257287
49064.0,-75.5,46.5,1.78712328395
49065.0,-74.5,46.5,0.9305454761981
49066.0,-73.5,46.5,3.1261259908583
49067.0,-72.5,46.5,9.8358223668052
49068.0,-71.5,46.5,24.9534086695906
49069.0,-70.5,46.5,5.9144476733863
49070.0,-69.5,46.5,0.1191802895672
49071.0,-68.5,46.5,1.1202925509689
49072.0,-67.5,46.5,2.8268577119111
49073.0,-66.5,46.5,0.5009230822579
49074.0,-65.5,46.5,0.9773893933852
49075.0,-64.5,46.5,6.3053264521251
49076.0,-63.5,46.5,3.6498248340826
49077.0,-62.5,46.5,1.0530293302318001
49078.0,-61.5,46.5,0.2564436924307
49079.0,-60.5,46.5,1.7819843307693002
49080.0,-59.5,46.5,0.3754153005085
49084.0,-55.5,46.5,0.0008935514285581477
49085.0,-54.5,46.5,0.01799247062708082
49086.0,-53.5,46.5,0.0695589420666249
49087.0,-52.5,46.5,0.02400209197771921
49137.0,-2.5,46.5,1.0997540427124
49138.0,-1.5,46.5,0.00797398352110493
49139.0,-0.5,46.5,-0.07361471868691949
49140.0,0.5,46.5,-0.047047109062792095
49141.0,1.5,46.5,-0.1573260061528
49142.0,2.5,46.5,-0.1017382166311
49143.0,3.5,46.5,-0.0711218743388678
49144.0,4.5,46.5,-0.30223400665129996
49145.0,5.5,46.5,-0.14510439038939998
49146.0,6.5,46.5,-2.4114313666491
49147.0,7.5,46.5,-0.4339176439632
49148.0,8.5,46.5,-0.1409909850768
49149.0,9.5,46.5,-0.3076714117034
49150.0,10.5,46.5,1.9423658728416
49151.0,11.5,46.5,6.5213440643922
49152.0,12.5,46.5,1.9123601273922
49153.0,13.5,46.5,5.962381873132
49154.0,14.5,46.5,33.1167500306554
49155.0,15.5,46.5,35.6513324365289
49156.0,16.5,46.5,38.2543110365387
49157.0,17.5,46.5,21.315811222044502
49158.0,18.5,46.5,23.225300475218603
49159.0,19.5,46.5,28.6217837549438
49160.0,20.5,46.5,27.467391721764102
49161.0,21.5,46.5,30.160808129656598
49162.0,22.5,46.5,12.6211147049576
49163.0,23.5,46.5,21.6292840571309
49164.0,24.5,46.5,22.8118018514517
49165.0,25.5,46.5,14.247696839723
49166.0,26.5,46.5,24.5933160232716
49167.0,27.5,46.5,16.6950518212255
49168.0,28.5,46.5,25.7243589680103
49169.0,29.5,46.5,22.538032405827202
49170.0,30.5,46.5,22.9423472333577
49171.0,31.5,46.5,3.1969136342690003
49172.0,32.5,46.5,0.4889333729619
49173.0,33.5,46.5,8.4992167513447
49174.0,34.5,46.5,5.063358800488601
49175.0,35.5,46.5,8.6444291311024
49176.0,36.5,46.5,5.4423301055636
49177.0,37.5,46.5,1.8303017412361
49178.0,38.5,46.5,16.148311801211598
49179.0,39.5,46.5,17.336158547086598
49180.0,40.5,46.5,10.6090025271297
49181.0,41.5,46.5,11.7530790677975
49182.0,42.5,46.5,4.247455406694001
49183.0,43.5,46.5,2.8979341442547004
49184.0,44.5,46.5,4.9267174654754005
49185.0,45.5,46.5,0.5896562224591
49186.0,46.5,46.5,0.24779969035670002
49187.0,47.5,46.5,8.215813432200099
49188.0,48.5,46.5,18.8015190479728
49189.0,49.5,46.5,0.8101355646992
49190.0,50.5,46.5,0.05482308481924544
49191.0,51.5,46.5,0.219821880032
49192.0,52.5,46.5,-0.00015227737986652325
49193.0,53.5,46.5,0.258375202811
49194.0,54.5,46.5,0.2626930146581
49195.0,55.5,46.5,-0.001618391257625788
49196.0,56.5,46.5,0.009294044809550945
49197.0,57.5,46.5,0.003663634831244324
49198.0,58.5,46.5,0.08711502852975063
49199.0,59.5,46.5,-0.0010078403725331689
49200.0,60.5,46.5,0.04801493712831035
49201.0,61.5,46.5,1.5531003983114
49202.0,62.5,46.5,0.1897257454388
49203.0,63.5,46.5,0.05625176861124047
49204.0,64.5,46.5,0.05500162852373845
49205.0,65.5,46.5,0.2065468298832
49207.0,67.5,46.5,0.0013446822038596573
49208.0,68.5,46.5,0.04293085657644225
49209.0,69.5,46.5,0.0011710614909769945
49210.0,70.5,46.5,-0.0007798018659606739
49211.0,71.5,46.5,0.0007979655593629704
49212.0,72.5,46.5,0.019787536404798967
49213.0,73.5,46.5,0.007124559182785593
49214.0,74.5,46.5,1.1302449426713
49215.0,75.5,46.5,0.274950193557
49216.0,76.5,46.5,0.015552942569876221
49217.0,77.5,46.5,0.09286928635522596
49218.0,78.5,46.5,0.1764520888154
49219.0,79.5,46.5,0.2105009272717
49220.0,80.5,46.5,0.689458409274
49221.0,81.5,46.5,0.5381682495983
49222.0,82.5,46.5,6.9585982531551
49223.0,83.5,46.5,9.9416625049196
49224.0,84.5,46.5,1.145172347525
49225.0,85.5,46.5,1.7827270926557
49226.0,86.5,46.5,1.4525237251625
49227.0,87.5,46.5,0.9831074642533001
49228.0,88.5,46.5,1.4936324755574
49229.0,89.5,46.5,1.4072163536877
49230.0,90.5,46.5,1.2361493760057
49233.0,93.5,46.5,-0.0009857500149384997
49234.0,94.5,46.5,3.878050751003247e-05
49238.0,98.5,46.5,-0.0030926663269036266
49244.0,104.5,46.5,0.0061133581408092715
49253.0,113.5,46.5,0.2345543486243
49254.0,114.5,46.5,-0.0013046203850692346
49256.0,116.5,46.5,0.07192718130526712
49257.0,117.5,46.5,0.07648332434273596
49258.0,118.5,46.5,0.1644273955244
49259.0,119.5,46.5,0.2187579218684
49260.0,120.5,46.5,1.1736379837271
49261.0,121.5,46.5,6.1971484395052
49262.0,122.5,46.5,9.9865879413145
49263.0,123.5,46.5,12.155091163402
49264.0,124.5,46.5,17.2131636865783
49265.0,125.5,46.5,20.727886058786698
49266.0,126.5,46.5,31.6549933373702
49267.0,127.5,46.5,18.9144578448181
49268.0,128.5,46.5,3.7901408145926
49269.0,129.5,46.5,8.7912817619533
49270.0,130.5,46.5,15.3327393876735
49271.0,131.5,46.5,15.329773954079501
49272.0,132.5,46.5,9.9443179839579
49273.0,133.5,46.5,2.243504402266
49274.0,134.5,46.5,2.416942147834
49275.0,135.5,46.5,0.1112741773066
49276.0,136.5,46.5,-2.7482465248193117e-06
49375.0,-124.5,47.5,0.720608773382
49376.0,-123.5,47.5,2.9397049608116
49377.0,-122.5,47.5,123.669092944658
49378.0,-121.5,47.5,4.9938729610511
49379.0,-120.5,47.5,6.2057965598350995
49380.0,-119.5,47.5,4.7673790229789
49381.0,-118.5,47.5,1.2549331360634002
49382.0,-117.5,47.5,20.4318320991045
49383.0,-116.5,47.5,8.468599168568101
49384.0,-115.5,47.5,0.7525694876004
49385.0,-114.5,47.5,2.4606567250005997
49386.0,-113.5,47.5,0.3522948868348
49387.0,-112.5,47.5,0.45117434774640003
49388.0,-111.5,47.5,3.9640679950938
49389.0,-110.5,47.5,0.6787234326396
49390.0,-109.5,47.5,0.8429148455599
49391.0,-108.5,47.5,0.1755788719043
49392.0,-107.5,47.5,0.1040585759818
49393.0,-106.5,47.5,0.1599065571561
49394.0,-105.5,47.5,0.41840594818250004
49395.0,-104.5,47.5,1.3568023848858
49396.0,-103.5,47.5,0.8664263603558
49397.0,-102.5,47.5,1.1098798946055
49398.0,-101.5,47.5,1.6962046436009999
49399.0,-100.5,47.5,1.7355080509715999
49400.0,-99.5,47.5,1.187095016424
49401.0,-98.5,47.5,1.0687423394182
49402.0,-97.5,47.5,3.9386344549589003
49403.0,-96.5,47.5,2.2682532495161
49404.0,-95.5,47.5,1.7138156663005
49405.0,-94.5,47.5,2.7166867965676
49406.0,-93.5,47.5,2.6732700491257
49407.0,-92.5,47.5,3.0817892753022
49408.0,-91.5,47.5,0.8248083589362
49409.0,-90.5,47.5,0.1665827847156
49410.0,-89.5,47.5,0.050521380762008954
49411.0,-88.5,47.5,0.9578508745349
49412.0,-87.5,47.5,0.01998445651245756
49414.0,-85.5,47.5,0.0001479582559752514
49415.0,-84.5,47.5,0.10040642682959999
49416.0,-83.5,47.5,0.1452569376853
49417.0,-82.5,47.5,0.02029456617830305
49418.0,-81.5,47.5,0.04470145369022692
49419.0,-80.5,47.5,0.005177707787303444
49420.0,-79.5,47.5,1.6278677804958
49421.0,-78.5,47.5,0.05284217662619442
49422.0,-77.5,47.5,0.011068437844699889
49423.0,-76.5,47.5,0.01118062421344185
49424.0,-75.5,47.5,0.010617173806148284
49425.0,-74.5,47.5,0.0347262295306499
49426.0,-73.5,47.5,0.08427265699469912
49427.0,-72.5,47.5,0.5042276295968
49428.0,-71.5,47.5,0.2670053012834
49429.0,-70.5,47.5,2.012786416954
49430.0,-69.5,47.5,2.3141682673751998
49431.0,-68.5,47.5,2.8586182008514
49432.0,-67.5,47.5,1.3082891601665
49433.0,-66.5,47.5,0.5116683722544
49434.0,-65.5,47.5,2.1476769373279
49435.0,-64.5,47.5,1.3897620911502
49436.0,-63.5,47.5,0.015712148013148942
49437.0,-62.5,47.5,0.003850468551899083
49438.0,-61.5,47.5,0.2534222895932
49439.0,-60.5,47.5,0.001737031423113982
49440.0,-59.5,47.5,0.1947745647309
49441.0,-58.5,47.5,0.03727520152351266
49442.0,-57.5,47.5,0.027380548089540702
49443.0,-56.5,47.5,0.008979348500670477
49444.0,-55.5,47.5,0.009577622333387771
49445.0,-54.5,47.5,0.11099344606150001
49446.0,-53.5,47.5,1.7334585237176001
49447.0,-52.5,47.5,4.9883958843205995
49495.0,-4.5,47.5,6.0827230057666
49496.0,-3.5,47.5,12.706918611446001
49497.0,-2.5,47.5,34.2938036890001
49498.0,-1.5,47.5,-0.4153325163078
49499.0,-0.5,47.5,-0.3083561203804
49500.0,0.5,47.5,-0.308983357443
49501.0,1.5,47.5,-0.24920812684649998
49502.0,2.5,47.5,-0.27915670547730004
49503.0,3.5,47.5,-0.2702472213962
49504.0,4.5,47.5,-0.1913009488805
49505.0,5.5,47.5,-0.28874132568309996
49506.0,6.5,47.5,-0.31338324162279996
49507.0,7.5,47.5,-0.2936911538323
49508.0,8.5,47.5,-3.235634542743
49509.0,9.5,47.5,-1.7252033046217001
49510.0,10.5,47.5,23.6550775342902
49511.0,11.5,47.5,29.6749961005974
49512.0,12.5,47.5,11.4717104222745
49513.0,13.5,47.5,11.5093435225909
49514.0,14.5,47.5,10.5495617031267
49515.0,15.5,47.5,28.513156666594398
49516.0,16.5,47.5,43.6237197441366
49517.0,17.5,47.5,32.2999329629534
49518.0,18.5,47.5,44.6555118452866
49519.0,19.5,47.5,69.5973241804524
49520.0,20.5,47.5,25.0816054938911
49521.0,21.5,47.5,20.7613783067019
49522.0,22.5,47.5,20.130826841705098
49523.0,23.5,47.5,23.6506161114126
49524.0,24.5,47.5,14.2142791420325
49525.0,25.5,47.5,4.0377063530163
49526.0,26.5,47.5,29.3816628002374
49527.0,27.5,47.5,25.1359664974493
49528.0,28.5,47.5,32.411835309505605
49529.0,29.5,47.5,13.7543813130698
49530.0,30.5,47.5,6.675188351517
49531.0,31.5,47.5,7.981175782363801
49532.0,32.5,47.5,4.8736437808489
49533.0,33.5,47.5,14.0257481783861
49534.0,34.5,47.5,11.133065451757501
49535.0,35.5,47.5,20.5905881382965
49536.0,36.5,47.5,8.178656370483798
49537.0,37.5,47.5,25.5704111394355
49538.0,38.5,47.5,12.890658999350201
49539.0,39.5,47.5,7.728963039283999
49540.0,40.5,47.5,28.835068141182198
49541.0,41.5,47.5,6.826159284766099
49542.0,42.5,47.5,6.4147005289027
49543.0,43.5,47.5,3.8744721442100003
49544.0,44.5,47.5,2.1249656855589
49545.0,45.5,47.5,0.4874476558524
49546.0,46.5,47.5,1.8417830677205
49547.0,47.5,47.5,2.4552177825896
49548.0,48.5,47.5,0.04878599887852867
49549.0,49.5,47.5,0.0013635056856057088
49550.0,50.5,47.5,0.030240077433437706
49551.0,51.5,47.5,6.4531232778386
49552.0,52.5,47.5,0.6046687381568
49553.0,53.5,47.5,0.2770320010054
49554.0,54.5,47.5,0.08595995808739705
49555.0,55.5,47.5,0.049437425087654724
49556.0,56.5,47.5,0.08952097030557404
49557.0,57.5,47.5,0.018931144732067664
49558.0,58.5,47.5,-0.0010826865020515748
49559.0,59.5,47.5,0.8662826698977001
49560.0,60.5,47.5,0.1102898534424
49561.0,61.5,47.5,0.36106420777049997
49562.0,62.5,47.5,0.06715049457620854
49564.0,64.5,47.5,0.017919994925910652
49565.0,65.5,47.5,0.0022958395949305276
49566.0,66.5,47.5,0.07035077984294728
49567.0,67.5,47.5,2.5404404453411003
49568.0,68.5,47.5,0.029332504340571573
49569.0,69.5,47.5,0.010232485586183612
49570.0,70.5,47.5,0.03217626129487453
49571.0,71.5,47.5,0.04611095153342822
49572.0,72.5,47.5,0.038304131788744526
49573.0,73.5,47.5,0.006587151533566122
49574.0,74.5,47.5,0.157603244868
49575.0,75.5,47.5,0.04184347691464
49576.0,76.5,47.5,0.00036708039479696887
49577.0,77.5,47.5,0.01842262898730915
49578.0,78.5,47.5,0.06404856492945933
49579.0,79.5,47.5,0.12190565942949999
49580.0,80.5,47.5,1.2343520712571001
49581.0,81.5,47.5,1.3289748852829
49582.0,82.5,47.5,0.6244066592573
49583.0,83.5,47.5,0.7129803737291
49584.0,84.5,47.5,1.2227891302719
49585.0,85.5,47.5,1.1174093786518
49586.0,86.5,47.5,1.567545599582
49587.0,87.5,47.5,5.8961666301737
49588.0,88.5,47.5,2.2492027399489
49589.0,89.5,47.5,0.4637479337
49590.0,90.5,47.5,0.05323550227788805
49605.0,105.5,47.5,-0.0023324460607033744
49606.0,106.5,47.5,13.459048108234802
49607.0,107.5,47.5,2.4066907906388
49611.0,111.5,47.5,0.002796601104449549
49615.0,115.5,47.5,0.010046091833527764
49616.0,116.5,47.5,0.02023520407653657
49617.0,117.5,47.5,0.04865509850651243
49618.0,118.5,47.5,0.0553189031101983
49619.0,119.5,47.5,0.5280033359634
49620.0,120.5,47.5,0.1137550474378
49621.0,121.5,47.5,0.6871588402601999
49622.0,122.5,47.5,7.7688281597855005
49623.0,123.5,47.5,19.604506794061198
49624.0,124.5,47.5,9.3041950267831
49625.0,125.5,47.5,9.253244006666
49626.0,126.5,47.5,15.549187879936499
49627.0,127.5,47.5,7.1412250821876
49628.0,128.5,47.5,3.051484753401
49629.0,129.5,47.5,2.3880974387020997
49630.0,130.5,47.5,10.0781679958947
49631.0,131.5,47.5,6.5424443030376995
49632.0,132.5,47.5,9.277267049994501
49633.0,133.5,47.5,3.2331631719448
49634.0,134.5,47.5,1.1967033760446002
49734.0,-125.5,48.5,0.03501365541569208
49735.0,-124.5,48.5,0.5241348653863
49736.0,-123.5,48.5,18.1448718496673
49737.0,-122.5,48.5,20.135257410507897
49738.0,-121.5,48.5,0.8782140051888
49739.0,-120.5,48.5,0.4856169357905
49740.0,-119.5,48.5,1.9443675442771
49741.0,-118.5,48.5,1.061281202198
49742.0,-117.5,48.5,2.9897253835894
49743.0,-116.5,48.5,2.8720106885429
49744.0,-115.5,48.5,1.0421441811986
49745.0,-114.5,48.5,5.4995961528335995
49746.0,-113.5,48.5,0.4705443957126
49747.0,-112.5,48.5,0.6534391539373999
49748.0,-111.5,48.5,0.7932038374313
49749.0,-110.5,48.5,0.5271992654148
49750.0,-109.5,48.5,1.4354284787834999
49751.0,-108.5,48.5,0.3009898967466
49752.0,-107.5,48.5,0.4074861324797
49753.0,-106.5,48.5,0.6751706074526
49754.0,-105.5,48.5,0.6549000862757001
49755.0,-104.5,48.5,0.7570294564329001
49756.0,-103.5,48.5,2.2019587442358
49757.0,-102.5,48.5,1.4060374140101
49758.0,-101.5,48.5,3.8739581387519
49759.0,-100.5,48.5,1.4723602406265002
49760.0,-99.5,48.5,1.3591375572384
49761.0,-98.5,48.5,1.3890491268576
49762.0,-97.5,48.5,1.9131384503325999
49763.0,-96.5,48.5,1.93522102961
49764.0,-95.5,48.5,1.1991440054412001
49765.0,-94.5,48.5,0.5810733375252001
49766.0,-93.5,48.5,1.0147337918523
49767.0,-92.5,48.5,0.1593087848415
49768.0,-91.5,48.5,0.155974705465
49769.0,-90.5,48.5,0.1211528242761
49770.0,-89.5,48.5,3.9904014070817997
49771.0,-88.5,48.5,0.0989925588936701
49772.0,-87.5,48.5,0.1156080328076
49773.0,-86.5,48.5,0.1130131764919
49774.0,-85.5,48.5,0.7521016899813999
49775.0,-84.5,48.5,0.03409082886619347
49776.0,-83.5,48.5,2.6556268402009997
49777.0,-82.5,48.5,0.03092101277121111
49778.0,-81.5,48.5,1.1703849158319
49779.0,-80.5,48.5,0.6566880437212
49780.0,-79.5,48.5,1.4751965720608
49781.0,-78.5,48.5,1.1448815613621999
49782.0,-77.5,48.5,1.1187490194787
49783.0,-76.5,48.5,0.007197919332664343
49784.0,-75.5,48.5,0.015241591617118626
49785.0,-74.5,48.5,0.0404926122513627
49786.0,-73.5,48.5,0.00986557384774118
49787.0,-72.5,48.5,1.7613975929677
49788.0,-71.5,48.5,5.3139418397416
49789.0,-70.5,48.5,0.8840903885303
49790.0,-69.5,48.5,0.6707822247097001
49791.0,-68.5,48.5,2.3830927394979
49792.0,-67.5,48.5,1.3796613974637002
49793.0,-66.5,48.5,0.6622819977255
49794.0,-65.5,48.5,0.5747239832784
49795.0,-64.5,48.5,0.6628921367394
49800.0,-59.5,48.5,0.05093143359657342
49801.0,-58.5,48.5,0.5571729974443
49802.0,-57.5,48.5,0.4709718346633
49803.0,-56.5,48.5,0.050522391147402694
49804.0,-55.5,48.5,0.005490057423924357
49805.0,-54.5,48.5,0.4792498667293
49806.0,-53.5,48.5,0.7345818259102
49807.0,-52.5,48.5,0.028238413604795815
49854.0,-5.5,48.5,0.05032401363918065
49855.0,-4.5,48.5,-0.49435509469519995
49856.0,-3.5,48.5,-0.5359107440954
49857.0,-2.5,48.5,-0.4807717279251
49858.0,-1.5,48.5,-0.7268080240485
49859.0,-0.5,48.5,-0.4325501233786
49860.0,0.5,48.5,-0.2801080681663
49861.0,1.5,48.5,-0.4312307110711
49862.0,2.5,48.5,-2.2307894557319
49863.0,3.5,48.5,-0.2127513393741
49864.0,4.5,48.5,-0.2857537294993
49865.0,5.5,48.5,-0.2785170272627
49866.0,6.5,48.5,-0.4967023276914
49867.0,7.5,48.5,-1.1767225946793
49868.0,8.5,48.5,22.0690563162187
49869.0,9.5,48.5,36.2055356457969
49870.0,10.5,48.5,18.0596450951723
49871.0,11.5,48.5,26.0159951555019
49872.0,12.5,48.5,15.361778229697
49873.0,13.5,48.5,50.717521625102
49874.0,14.5,48.5,41.856738145613
49875.0,15.5,48.5,31.4357655646516
49876.0,16.5,48.5,63.2797134662423
49877.0,17.5,48.5,46.613168330037
49878.0,18.5,48.5,22.9343506517798
49879.0,19.5,48.5,11.3335976306653
49880.0,20.5,48.5,20.9364019372539
49881.0,21.5,48.5,28.9368753018054
49882.0,22.5,48.5,27.533691702233398
49883.0,23.5,48.5,12.5386065601724
49884.0,24.5,48.5,18.4169241115748
49885.0,25.5,48.5,32.5001068934088
49886.0,26.5,48.5,23.2949962703861
49887.0,27.5,48.5,11.1780634494479
49888.0,28.5,48.5,11.846962906777
49889.0,29.5,48.5,13.2486798557016
49890.0,30.5,48.5,11.7635648075384
49891.0,31.5,48.5,5.6812811815284
49892.0,32.5,48.5,6.8257948103008
49893.0,33.5,48.5,10.762272950348
49894.0,34.5,48.5,20.845882845939
49895.0,35.5,48.5,23.2473334889795
49896.0,36.5,48.5,7.560082138257299
49897.0,37.5,48.5,28.8476804448294
49898.0,38.5,48.5,19.331812122835
49899.0,39.5,48.5,17.5858010168987
49900.0,40.5,48.5,14.4163147233789
49901.0,41.5,48.5,5.1340069984281
49902.0,42.5,48.5,3.7931400368508004
49903.0,43.5,48.5,4.2541371186536
49904.0,44.5,48.5,37.9942513759247
49905.0,45.5,48.5,3.4609837492043
49906.0,46.5,48.5,3.2257583887798
49907.0,47.5,48.5,0.2370057129086
49908.0,48.5,48.5,0.06157999451139663
49909.0,49.5,48.5,0.09502910006633195
49910.0,50.5,48.5,0.014376448079749601
49911.0,51.5,48.5,0.7232656096556
49912.0,52.5,48.5,0.1114822230884
49913.0,53.5,48.5,0.3029112099934
49914.0,54.5,48.5,0.2036106007743
49915.0,55.5,48.5,0.41657603922139996
49916.0,56.5,48.5,0.11505490247969999
49917.0,57.5,48.5,0.7029978589494
49918.0,58.5,48.5,0.1952024344749
49919.0,59.5,48.5,0.06746705934010512
49920.0,60.5,48.5,0.057332872543672454
49921.0,61.5,48.5,0.2290952035645
49922.0,62.5,48.5,0.058932083009284285
49923.0,63.5,48.5,0.04437054213078719
49924.0,64.5,48.5,-0.00025182552109146014
49925.0,65.5,48.5,0.0037777702006925934
49926.0,66.5,48.5,0.04410274656172205
49927.0,67.5,48.5,0.27949445838840004
49928.0,68.5,48.5,0.055639120530901046
49929.0,69.5,48.5,0.1537358497233
49930.0,70.5,48.5,0.5555399578963001
49931.0,71.5,48.5,0.6204494092232
49932.0,72.5,48.5,0.307595168682
49933.0,73.5,48.5,0.2859551736138
49934.0,74.5,48.5,0.2667048558532
49935.0,75.5,48.5,0.17828104942700002
49936.0,76.5,48.5,0.08962521317792031
49937.0,77.5,48.5,0.014245029059065162
49938.0,78.5,48.5,0.1352737595074
49939.0,79.5,48.5,0.29748303325819997
49940.0,80.5,48.5,0.2343194292293
49941.0,81.5,48.5,0.11339233718410001
49942.0,82.5,48.5,0.7887131026013
49943.0,83.5,48.5,0.6655967668919
49944.0,84.5,48.5,0.2075140849136
49945.0,85.5,48.5,0.8761916308962
49946.0,86.5,48.5,1.6994193421015
49947.0,87.5,48.5,0.5860065146766
49948.0,88.5,48.5,0.02398648844206103
49951.0,91.5,48.5,0.017297615925380084
49955.0,95.5,48.5,-0.00121466236402186
49959.0,99.5,48.5,-0.00023289254675177255
49963.0,103.5,48.5,-0.0067318044098231555
49965.0,105.5,48.5,0.111205770145
49966.0,106.5,48.5,1.9624761321501003
49967.0,107.5,48.5,0.1496408987947
49971.0,111.5,48.5,0.03639054832884337
49972.0,112.5,48.5,0.0016243876724822356
49975.0,115.5,48.5,0.1150976117263
49976.0,116.5,48.5,0.5598513073243999
49977.0,117.5,48.5,0.21690805540629998
49978.0,118.5,48.5,0.559632633697
49979.0,119.5,48.5,1.6191596689571
49980.0,120.5,48.5,0.2014449421211
49981.0,121.5,48.5,0.4021491315378
49982.0,122.5,48.5,1.9602156552624
49983.0,123.5,48.5,5.6023418953036
49984.0,124.5,48.5,8.9750989015395
49985.0,125.5,48.5,7.6822568808823
49986.0,126.5,48.5,7.7007402474883
49987.0,127.5,48.5,0.5761762252231
49988.0,128.5,48.5,0.18712292054479998
49989.0,129.5,48.5,1.0378604423522
49990.0,130.5,48.5,0.9797090655062
49992.0,132.5,48.5,-0.010595244426993944
49993.0,133.5,48.5,0.9929478688278
49994.0,134.5,48.5,3.7526322631618
50093.0,-126.5,49.5,0.0962178630060009
50094.0,-125.5,49.5,1.236060539208
50095.0,-124.5,49.5,6.6405127539322
50096.0,-123.5,49.5,18.1826519743503
50097.0,-122.5,49.5,4.5920572280916
50098.0,-121.5,49.5,3.4065252888757
50099.0,-120.5,49.5,0.2725084247665
50100.0,-119.5,49.5,9.433313229692098
50101.0,-118.5,49.5,0.7100573945881999
50102.0,-117.5,49.5,1.9623672562256003
50103.0,-116.5,49.5,0.7518096387465
50104.0,-115.5,49.5,1.8723679623818
50105.0,-114.5,49.5,0.5672621658392001
50106.0,-113.5,49.5,3.0049146302753
50107.0,-112.5,49.5,9.3295578103713
50108.0,-111.5,49.5,2.1727267113407
50109.0,-110.5,49.5,5.921179617063601
50110.0,-109.5,49.5,0.3390094159891
50111.0,-108.5,49.5,0.5677476061116999
50112.0,-107.5,49.5,0.9336634644660999
50113.0,-106.5,49.5,0.9044254343268
50114.0,-105.5,49.5,0.6979815672559
50115.0,-104.5,49.5,0.5748401260975
50116.0,-103.5,49.5,1.842816871597
50117.0,-102.5,49.5,1.9015979833765
50118.0,-101.5,49.5,1.1609195734996
50119.0,-100.5,49.5,1.8956737162036998
50120.0,-99.5,49.5,3.4936699865845
50121.0,-98.5,49.5,3.3906223585366
50122.0,-97.5,49.5,37.2684413890948
50123.0,-96.5,49.5,6.8994196710383
50124.0,-95.5,49.5,0.4113466619124
50125.0,-94.5,49.5,0.9031297020709
50126.0,-93.5,49.5,0.1778344467182
50127.0,-92.5,49.5,0.4757086233904
50128.0,-91.5,49.5,0.0654000626312626
50129.0,-90.5,49.5,0.008940469495650444
50130.0,-89.5,49.5,0.028114134991582582
50131.0,-88.5,49.5,0.0702471036955928
50132.0,-87.5,49.5,0.1925314416862
50133.0,-86.5,49.5,0.1716533173018
50134.0,-85.5,49.5,0.05558377017100159
50135.0,-84.5,49.5,0.06588917159657802
50136.0,-83.5,49.5,0.2789426670547
50137.0,-82.5,49.5,0.4315413192555
50138.0,-81.5,49.5,0.24628411595090002
50139.0,-80.5,49.5,0.03523798517284568
50140.0,-79.5,49.5,0.04025101059533112
50141.0,-78.5,49.5,0.0025407484803270644
50142.0,-77.5,49.5,0.07104251959298605
50143.0,-76.5,49.5,0.0894868366820527
50144.0,-75.5,49.5,0.02451401734801763
50145.0,-74.5,49.5,0.3754265054034
50146.0,-73.5,49.5,0.057145027040752853
50147.0,-72.5,49.5,0.086024449380369
50148.0,-71.5,49.5,0.052499054137461684
50149.0,-70.5,49.5,0.018227051767315212
50150.0,-69.5,49.5,0.003242727090561605
50151.0,-68.5,49.5,0.7927880772418
50152.0,-67.5,49.5,0.07260459341378644
50153.0,-66.5,49.5,0.32725911378960004
50154.0,-65.5,49.5,0.1050339645813
50155.0,-64.5,49.5,0.07765503052785329
50156.0,-63.5,49.5,0.002002830151020061
50157.0,-62.5,49.5,0.0021449348101702523
50158.0,-61.5,49.5,0.0001615119113339475
50161.0,-58.5,49.5,0.1252009220327
50162.0,-57.5,49.5,0.36829661009290005
50163.0,-56.5,49.5,0.3038943979931
50164.0,-55.5,49.5,0.008227201330076218
50165.0,-54.5,49.5,0.33074576180599996
50166.0,-53.5,49.5,0.09395657650176728
50218.0,-1.5,49.5,-0.3436449684689
50219.0,-0.5,49.5,0.9419863179747
50220.0,0.5,49.5,-0.5515071150095999
50221.0,1.5,49.5,-0.8789988242644
50222.0,2.5,49.5,-0.6187292952194
50223.0,3.5,49.5,-0.5195122845510001
50224.0,4.5,49.5,-0.5836061974555
50225.0,5.5,49.5,-0.5253550512241
50226.0,6.5,49.5,21.2838948455583
50227.0,7.5,49.5,18.6189699387111
50228.0,8.5,49.5,40.3441116183975
50229.0,9.5,49.5,18.166045022349
50230.0,10.5,49.5,10.6303711338242
50231.0,11.5,49.5,14.3779234542863
50232.0,12.5,49.5,5.2482015550918995
50233.0,13.5,49.5,27.3555489355122
50234.0,14.5,49.5,29.1653260944129
50235.0,15.5,49.5,27.394423322865702
50236.0,16.5,49.5,35.2443766647398
50237.0,17.5,49.5,17.194546386705902
50238.0,18.5,49.5,44.836935950466106
50239.0,19.5,49.5,17.827939076051
50240.0,20.5,49.5,32.1313028671409
50241.0,21.5,49.5,27.055999232222
50242.0,22.5,49.5,16.5463118348112
50243.0,23.5,49.5,28.606033001391097
50244.0,24.5,49.5,22.243739747235
50245.0,25.5,49.5,15.5731243474078
50246.0,26.5,49.5,15.6178410046188
50247.0,27.5,49.5,10.1213076971707
50248.0,28.5,49.5,20.8886064570958
50249.0,29.5,49.5,9.432701004142599
50250.0,30.5,49.5,9.4746252459419
50251.0,31.5,49.5,9.149100648114
50252.0,32.5,49.5,4.707210227889901
50253.0,33.5,49.5,3.8680745289421004
50254.0,34.5,49.5,14.0502417336915
50255.0,35.5,49.5,3.1449880828036
50256.0,36.5,49.5,8.6677817881509
50257.0,37.5,49.5,8.6828871623882
50258.0,38.5,49.5,7.161185573579
50259.0,39.5,49.5,2.8335735466213
50260.0,40.5,49.5,6.1787596274646
50261.0,41.5,49.5,5.2273547500115
50262.0,42.5,49.5,3.4078394079347003
50263.0,43.5,49.5,4.6346843068523
50264.0,44.5,49.5,5.300924186593
50265.0,45.5,49.5,2.7529997403203
50266.0,46.5,49.5,1.3303318319175002
50267.0,47.5,49.5,0.1655405158254
50268.0,48.5,49.5,0.4150876507504
50269.0,49.5,49.5,0.1629509838151
50270.0,50.5,49.5,0.3810728495046
50271.0,51.5,49.5,0.29124464208559997
50272.0,52.5,49.5,0.022477212253474616
50273.0,53.5,49.5,0.292044270425
50274.0,54.5,49.5,0.20845891448520001
50275.0,55.5,49.5,0.12458530093319999
50276.0,56.5,49.5,0.4454624038036
50277.0,57.5,49.5,0.637585804719
50278.0,58.5,49.5,0.08308321798926041
50279.0,59.5,49.5,0.056558341547793524
50280.0,60.5,49.5,0.2287805410524
50282.0,62.5,49.5,0.028994553210525967
50283.0,63.5,49.5,0.2337185056187
50284.0,64.5,49.5,0.01273721772979878
50285.0,65.5,49.5,-0.0003513820918375326
50286.0,66.5,49.5,0.01565951263253138
50287.0,67.5,49.5,0.04290296166373388
50288.0,68.5,49.5,0.0611220074431946
50289.0,69.5,49.5,0.08540982704422719
50290.0,70.5,49.5,0.05499958358919768
50291.0,71.5,49.5,0.14146327044839999
50292.0,72.5,49.5,3.5946721848301
50293.0,73.5,49.5,9.496696779878299
50294.0,74.5,49.5,0.1512813757048
50295.0,75.5,49.5,0.6673494834847999
50296.0,76.5,49.5,0.059225133526865134
50297.0,77.5,49.5,0.1327272217553
50298.0,78.5,49.5,0.09910200440348654
50299.0,79.5,49.5,0.0645191130564683
50300.0,80.5,49.5,0.1411120075457
50301.0,81.5,49.5,1.2581679636809
50302.0,82.5,49.5,5.9851623608886
50303.0,83.5,49.5,1.0697867993599
50304.0,84.5,49.5,2.3061258178724002
50305.0,85.5,49.5,0.4939435084265
50306.0,86.5,49.5,0.2058874009792
50307.0,87.5,49.5,0.08644162883123373
50313.0,93.5,49.5,-0.0009224523811930964
50315.0,95.5,49.5,-0.0026282822076631133
50322.0,102.5,49.5,-0.0035245864505206222
50323.0,103.5,49.5,0.002007643027288842
50327.0,107.5,49.5,0.06328175031676117
50328.0,108.5,49.5,0.006955608957526895
50331.0,111.5,49.5,-0.0008784234721402473
50332.0,112.5,49.5,0.052494687877501084
50336.0,116.5,49.5,0.08593417400843788
50337.0,117.5,49.5,3.5671880706872
50338.0,118.5,49.5,0.4366284858307
50339.0,119.5,49.5,5.9984724627917005
50340.0,120.5,49.5,3.041655353416
50341.0,121.5,49.5,0.9980809640976
50342.0,122.5,49.5,0.024786805726868824
50343.0,123.5,49.5,0.5874218463293001
50344.0,124.5,49.5,3.4902926018235
50345.0,125.5,49.5,4.0793026444269
50346.0,126.5,49.5,0.4741212723898
50347.0,127.5,49.5,2.1903930022895
50348.0,128.5,49.5,1.3779420521637
50349.0,129.5,49.5,3.0016975049921
50350.0,130.5,49.5,0.004006674598956615
50351.0,131.5,49.5,0.07588562122266418
50451.0,-128.5,50.5,0.008048710993056311
50452.0,-127.5,50.5,0.21949750077309998
50453.0,-126.5,50.5,0.04248021050872487
50454.0,-125.5,50.5,0.5857076534989001
50455.0,-124.5,50.5,0.01870488277423173
50456.0,-123.5,50.5,0.06348459215206112
50457.0,-122.5,50.5,0.5806542229863
50458.0,-121.5,50.5,0.5240906246728999
50459.0,-120.5,50.5,3.6090832367127
50460.0,-119.5,50.5,5.7530502188044
50461.0,-118.5,50.5,0.9339336402417
50462.0,-117.5,50.5,0.9479240698466
50463.0,-116.5,50.5,1.0873480728102
50464.0,-115.5,50.5,0.2791094206498
50465.0,-114.5,50.5,8.9708749768549
50466.0,-113.5,50.5,15.014312276961501
50467.0,-112.5,50.5,3.6473454844579
50468.0,-111.5,50.5,2.5317084563223
50469.0,-110.5,50.5,2.8385493542805
50470.0,-109.5,50.5,0.8589236772429001
50471.0,-108.5,50.5,0.7594895542146
50472.0,-107.5,50.5,1.5985068628846
50473.0,-106.5,50.5,0.41173193692320004
50474.0,-105.5,50.5,2.3750811754951
50475.0,-104.5,50.5,9.2141086589891
50476.0,-103.5,50.5,1.4148130615174
50477.0,-102.5,50.5,1.2584235398388999
50478.0,-101.5,50.5,1.2223559399202002
50479.0,-100.5,50.5,0.9473936946468
50480.0,-99.5,50.5,5.223261212224401
50481.0,-98.5,50.5,0.7150466384174
50482.0,-97.5,50.5,3.7911078523805
50483.0,-96.5,50.5,2.9030462457914
50484.0,-95.5,50.5,0.3105212677768
50485.0,-94.5,50.5,0.07221019876515412
50486.0,-93.5,50.5,0.08159677013173548
50487.0,-92.5,50.5,0.036999374209973075
50488.0,-91.5,50.5,0.14773562797689999
50489.0,-90.5,50.5,-0.0001607346557467555
50490.0,-89.5,50.5,0.02441023518832024
50491.0,-88.5,50.5,0.0006807303005110289
50492.0,-87.5,50.5,0.0020624402656995735
50493.0,-86.5,50.5,0.2804629082982
50494.0,-85.5,50.5,0.0003972007835519578
50495.0,-84.5,50.5,0.0002268299091466661
50496.0,-83.5,50.5,7.66947629700696e-05
50497.0,-82.5,50.5,0.005563270270905
50498.0,-81.5,50.5,0.001442878314363627
50500.0,-79.5,50.5,0.008162702724808122
50501.0,-78.5,50.5,0.0004249003822863837
50502.0,-77.5,50.5,0.0006575827005373425
50503.0,-76.5,50.5,0.01848397513442547
50504.0,-75.5,50.5,0.00012524587822952506
50505.0,-74.5,50.5,0.0011802015827782886
50506.0,-73.5,50.5,0.0018939625311699061
50507.0,-72.5,50.5,0.004103051994678734
50508.0,-71.5,50.5,0.002416712698151438
50509.0,-70.5,50.5,9.31529169321759e-06
50510.0,-69.5,50.5,0.0005242929894805167
50511.0,-68.5,50.5,0.011488025698566273
50512.0,-67.5,50.5,0.0016957311815272318
50513.0,-66.5,50.5,0.7294472967667001
50514.0,-65.5,50.5,0.022019024031399038
50515.0,-64.5,50.5,0.03252539737183535
50516.0,-63.5,50.5,0.05508812151590496
50517.0,-62.5,50.5,0.007125995860937136
50518.0,-61.5,50.5,0.018116584071502507
50519.0,-60.5,50.5,0.01362782552812286
50520.0,-59.5,50.5,0.009829754552754005
50521.0,-58.5,50.5,0.008767501909641994
50522.0,-57.5,50.5,0.09358861622087788
50523.0,-56.5,50.5,0.04581057133156365
50524.0,-55.5,50.5,0.00011237558775271628
50575.0,-4.5,50.5,0.1197541095579
50576.0,-3.5,50.5,18.6093199262804
50577.0,-2.5,50.5,11.6051133995892
50578.0,-1.5,50.5,6.211211272782401
50579.0,-0.5,50.5,11.9620891422822
50580.0,0.5,50.5,0.6565262251006
50581.0,1.5,50.5,7.6439092888915
50582.0,2.5,50.5,-1.7594079111433
50583.0,3.5,50.5,60.6994168731678
50584.0,4.5,50.5,49.32888200375881
50585.0,5.5,50.5,33.2307032815252
50586.0,6.5,50.5,19.5243438506482
50587.0,7.5,50.5,22.6823315578408
50588.0,8.5,50.5,24.3672861962388
50589.0,9.5,50.5,12.5049502820183
50590.0,10.5,50.5,11.6732086003141
50591.0,11.5,50.5,14.8658235537535
50592.0,12.5,50.5,18.202235421556303
50593.0,13.5,50.5,28.118341465225498
50594.0,14.5,50.5,49.1363644124016
50595.0,15.5,50.5,36.278877317836596
50596.0,16.5,50.5,25.4740871971753
50597.0,17.5,50.5,20.9961658146028
50598.0,18.5,50.5,40.5850153285615
50599.0,19.5,50.5,35.9161409295346
50600.0,20.5,50.5,27.154919092704297
50601.0,21.5,50.5,33.5345572896096
50602.0,22.5,50.5,28.3258492410258
50603.0,23.5,50.5,16.0686665928886
50604.0,24.5,50.5,12.3828746901568
50605.0,25.5,50.5,9.7077075508544
50606.0,26.5,50.5,16.4730348368686
50607.0,27.5,50.5,2.990826911215
50608.0,28.5,50.5,14.4860173067753
50609.0,29.5,50.5,12.2242948870232
50610.0,30.5,50.5,51.221090692765
50611.0,31.5,50.5,12.7113828361661
50612.0,32.5,50.5,11.1234386007193
50613.0,33.5,50.5,7.7171142155423995
50614.0,34.5,50.5,13.9038326080033
50615.0,35.5,50.5,13.968603536659701
50616.0,36.5,50.5,27.6041498144238
50617.0,37.5,50.5,13.298019493144201
50618.0,38.5,50.5,12.8739388479154
50619.0,39.5,50.5,10.044760869597999
50620.0,40.5,50.5,11.264651418921002
50621.0,41.5,50.5,6.362310356059
50622.0,42.5,50.5,6.406285726918201
50623.0,43.5,50.5,6.9980742774525
50624.0,44.5,50.5,4.9979155320075
50625.0,45.5,50.5,6.950216207064201
50626.0,46.5,50.5,3.0895884724813
50627.0,47.5,50.5,2.2511887301708002
50628.0,48.5,50.5,3.085830073517
50629.0,49.5,50.5,0.20928131365740002
50630.0,50.5,50.5,0.2187069332352
50631.0,51.5,50.5,0.9849612349434999
50632.0,52.5,50.5,0.5093904522728
50633.0,53.5,50.5,0.2677862372702
50634.0,54.5,50.5,0.5059061016566999
50635.0,55.5,50.5,1.0726055879063998
50636.0,56.5,50.5,1.1314338089906
50637.0,57.5,50.5,7.7221027960327
50638.0,58.5,50.5,1.3245780225855999
50639.0,59.5,50.5,0.8342037348235
50640.0,60.5,50.5,0.5196665946594
50641.0,61.5,50.5,0.2176991955384
50643.0,63.5,50.5,0.001455762050705103
50644.0,64.5,50.5,0.08183213794877493
50645.0,65.5,50.5,0.3551424942492
50646.0,66.5,50.5,1.0271884221290999
50647.0,67.5,50.5,0.0812485130206344
50648.0,68.5,50.5,0.07738179637103963
50649.0,69.5,50.5,0.17816786498620002
50650.0,70.5,50.5,0.5728023764540999
50651.0,71.5,50.5,2.0568584037705
50652.0,72.5,50.5,3.9218782134935997
50653.0,73.5,50.5,2.4469929155694996
50654.0,74.5,50.5,0.2988168337386
50655.0,75.5,50.5,0.49553579640150003
50656.0,76.5,50.5,0.1194906965908
50657.0,77.5,50.5,0.009782472891664357
50658.0,78.5,50.5,0.06929967944326867
50659.0,79.5,50.5,0.8496989563625
50660.0,80.5,50.5,7.5086574551283
50661.0,81.5,50.5,2.7967997884111
50662.0,82.5,50.5,4.3574139569689
50663.0,83.5,50.5,1.4791096050202002
50664.0,84.5,50.5,-0.0006431984713145523
50665.0,85.5,50.5,0.165121680902
50666.0,86.5,50.5,0.08581585023025062
50670.0,90.5,50.5,-0.0012050847425711935
50671.0,91.5,50.5,-0.0020304301748854964
50673.0,93.5,50.5,-0.000688661389093419
50674.0,94.5,50.5,0.1002020910949
50675.0,95.5,50.5,0.060771060470468825
50677.0,97.5,50.5,0.03917296720639969
50680.0,100.5,50.5,0.003938834798265427
50685.0,105.5,50.5,1.0583275904443998
50686.0,106.5,50.5,0.7752426716077999
50687.0,107.5,50.5,-0.0065295083795590065
50688.0,108.5,50.5,1.2494011736039
50689.0,109.5,50.5,-0.00031345751373811575
50696.0,116.5,50.5,1.1823506194218
50699.0,119.5,50.5,1.1312792056445
50700.0,120.5,50.5,1.5691742525294998
50701.0,121.5,50.5,1.2439727866744
50702.0,122.5,50.5,0.1899354207195
50703.0,123.5,50.5,0.9516798840020001
50704.0,124.5,50.5,1.4818271951119
50705.0,125.5,50.5,0.5187093711917
50706.0,126.5,50.5,0.18206175045679998
50707.0,127.5,50.5,9.3720036047394
50708.0,128.5,50.5,0.005226949668452692
50710.0,130.5,50.5,0.1837914928461
50712.0,132.5,50.5,0.11879970309
50812.0,-127.5,51.5,0.0060706454444939715
50813.0,-126.5,51.5,3.7700179528608276e-05
50815.0,-124.5,51.5,0.014996332079211172
50816.0,-123.5,51.5,0.09540028381758028
50817.0,-122.5,51.5,0.047524932077354
50818.0,-121.5,51.5,0.6183824171405999
50819.0,-120.5,51.5,0.6900268555688
50820.0,-119.5,51.5,0.7905766227097
50821.0,-118.5,51.5,0.1206749668667
50822.0,-117.5,51.5,0.035646692134572874
50823.0,-116.5,51.5,0.3213975895243
50824.0,-115.5,51.5,0.7124784991502
50825.0,-114.5,51.5,24.6241985196962
50826.0,-113.5,51.5,14.5305253907414
50827.0,-112.5,51.5,3.0878074687934998
50828.0,-111.5,51.5,0.5471751383257
50829.0,-110.5,51.5,0.9432500952471
50830.0,-109.5,51.5,0.9997141304507
50831.0,-108.5,51.5,0.564864111107
50832.0,-107.5,51.5,2.2821521747507
50833.0,-106.5,51.5,1.1345823559782
50834.0,-105.5,51.5,0.7646169443013
50835.0,-104.5,51.5,1.2813459664289
50836.0,-103.5,51.5,0.7911145905854
50837.0,-102.5,51.5,1.8645362967553
50838.0,-101.5,51.5,0.8027333686757
50839.0,-100.5,51.5,1.0954877860688
50840.0,-99.5,51.5,0.518215375165
50841.0,-98.5,51.5,0.2405406808336
50842.0,-97.5,51.5,0.32672819343090004
50843.0,-96.5,51.5,0.12429095931949999
50844.0,-95.5,51.5,0.01997407307119775
50845.0,-94.5,51.5,0.0016297151638468609
50846.0,-93.5,51.5,0.13519567456169998
50847.0,-92.5,51.5,0.0009890540296125772
50848.0,-91.5,51.5,-0.00023346472985794436
50849.0,-90.5,51.5,0.02681567646457451
50851.0,-88.5,51.5,0.00010205834339339738
50852.0,-87.5,51.5,0.012538923385991796
50853.0,-86.5,51.5,3.0627124010588714e-05
50854.0,-85.5,51.5,0.003946678892265608
50859.0,-80.5,51.5,0.07708336180424967
50860.0,-79.5,51.5,4.3441537532921284e-05
50861.0,-78.5,51.5,0.06973943356799266
50862.0,-77.5,51.5,0.0008417047204971571
50863.0,-76.5,51.5,0.014328408886201304
50864.0,-75.5,51.5,0.00813562722880701
50865.0,-74.5,51.5,7.825827587488702e-05
50866.0,-73.5,51.5,9.17925868997575e-05
50867.0,-72.5,51.5,0.00013401194718248497
50868.0,-71.5,51.5,0.00022006751731241248
50870.0,-69.5,51.5,1.1361216008568586e-05
50871.0,-68.5,51.5,0.0023662739942301703
50872.0,-67.5,51.5,0.001164896523966963
50873.0,-66.5,51.5,4.864399794690726e-05
50874.0,-65.5,51.5,0.00028238892524403136
50876.0,-63.5,51.5,0.0003514144240453271
50880.0,-59.5,51.5,3.7755078471706326e-05
50881.0,-58.5,51.5,0.01981150993249309
50882.0,-57.5,51.5,0.06360534703278549
50883.0,-56.5,51.5,0.1420967981526
50884.0,-55.5,51.5,0.0016152490961323176
50929.0,-10.5,51.5,0.4863438749926
50930.0,-9.5,51.5,3.1358756109
50931.0,-8.5,51.5,10.5906468403085
50932.0,-7.5,51.5,0.5815806602224001
50934.0,-5.5,51.5,1.1838899658875999
50935.0,-4.5,51.5,9.5958431330059
50936.0,-3.5,51.5,5.3024552510494
50937.0,-2.5,51.5,10.2171659221236
50938.0,-1.5,51.5,4.9267251709925
50939.0,-0.5,51.5,26.1720088680154
50940.0,0.5,51.5,15.1334121375405
50941.0,1.5,51.5,9.0507569739397
50942.0,2.5,51.5,0.7761450010857
50943.0,3.5,51.5,12.181900778888199
50944.0,4.5,51.5,71.1138378900371
50945.0,5.5,51.5,29.0802159772599
50946.0,6.5,51.5,45.686329340615295
50947.0,7.5,51.5,31.5868560575462
50948.0,8.5,51.5,12.2920516966371
50949.0,9.5,51.5,14.230674085017
50950.0,10.5,51.5,11.453474259602
50951.0,11.5,51.5,14.1498809680953
50952.0,12.5,51.5,15.5454112019449
50953.0,13.5,51.5,11.9121519825547
50954.0,14.5,51.5,11.295044826674301
50955.0,15.5,51.5,15.2588931335785
50956.0,16.5,51.5,21.8760159937735
50957.0,17.5,51.5,18.3069508429621
50958.0,18.5,51.5,20.4709491104732
50959.0,19.5,51.5,20.4706638291079
50960.0,20.5,51.5,18.361368493714203
50961.0,21.5,51.5,28.2085699593667
50962.0,22.5,51.5,30.4361244188751
50963.0,23.5,51.5,10.3449470106169
50964.0,24.5,51.5,9.7967266100988
50965.0,25.5,51.5,3.7977590416489
50966.0,26.5,51.5,7.5959125298440995
50967.0,27.5,51.5,0.47277006897859997
50968.0,28.5,51.5,3.516200455021
50969.0,29.5,51.5,3.566336504847
50970.0,30.5,51.5,3.5712833629214003
50971.0,31.5,51.5,10.4396547874779
50972.0,32.5,51.5,5.3210454838227
50973.0,33.5,51.5,7.627795162475199
50974.0,34.5,51.5,9.5081171535685
50975.0,35.5,51.5,5.1492341767243
50976.0,36.5,51.5,20.030579414193
50977.0,37.5,51.5,16.101181392826
50978.0,38.5,51.5,10.6973433996876
50979.0,39.5,51.5,35.8051467943692
50980.0,40.5,51.5,10.3076262746755
50981.0,41.5,51.5,9.0098068615955
50982.0,42.5,51.5,8.907986806637101
50983.0,43.5,51.5,7.6286779911024
50984.0,44.5,51.5,4.7195371799601995
50985.0,45.5,51.5,16.192287883840702
50986.0,46.5,51.5,19.3382966761115
50987.0,47.5,51.5,5.6176451427607
50988.0,48.5,51.5,5.6613960688781
50989.0,49.5,51.5,1.4057065631854
50990.0,50.5,51.5,2.3328425567288003
50991.0,51.5,51.5,11.0284327830918
50992.0,52.5,51.5,1.7504251862994
50993.0,53.5,51.5,4.8902681964033
50994.0,54.5,51.5,7.153369234712001
50995.0,55.5,51.5,23.2972136052459
50996.0,56.5,51.5,4.3351927621546
50997.0,57.5,51.5,0.708808470343
50998.0,58.5,51.5,0.7254414669648
50999.0,59.5,51.5,0.2392622638582
51000.0,60.5,51.5,0.6266572193336
51001.0,61.5,51.5,0.408907112907
51002.0,62.5,51.5,0.305399463679
51003.0,63.5,51.5,0.2612515307812
51004.0,64.5,51.5,0.3174442130255
51005.0,65.5,51.5,0.31785180739929997
51006.0,66.5,51.5,1.3596329489688999
51007.0,67.5,51.5,0.9188088326812001
51008.0,68.5,51.5,1.6716355708253001
51009.0,69.5,51.5,1.4407323334445
51010.0,70.5,51.5,2.0077766021228003
51011.0,71.5,51.5,14.474015775424899
51012.0,72.5,51.5,0.7350698408096
51013.0,73.5,51.5,0.5517485716418
51014.0,74.5,51.5,0.22290774439869998
51015.0,75.5,51.5,2.002716321507
51016.0,76.5,51.5,0.3110141634081
51017.0,77.5,51.5,0.1903561102206
51018.0,78.5,51.5,0.0962282826997737
51019.0,79.5,51.5,1.7833060632192
51020.0,80.5,51.5,0.7248879024541
51021.0,81.5,51.5,0.3507378342869
51026.0,86.5,51.5,0.242599824807
51031.0,91.5,51.5,0.012624329758283988
51032.0,92.5,51.5,0.2289535783045
51034.0,94.5,51.5,2.2831833649223
51040.0,100.5,51.5,0.06140292020227798
51041.0,101.5,51.5,0.010073856115538769
51048.0,108.5,51.5,0.908644873686
51049.0,109.5,51.5,0.2056213971605
51050.0,110.5,51.5,0.005656674383216534
51052.0,112.5,51.5,0.0533385702380624
51058.0,118.5,51.5,0.014738384385693984
51059.0,119.5,51.5,0.3911954484104
51060.0,120.5,51.5,0.1520103197667
51061.0,121.5,51.5,0.4073418888396
51062.0,122.5,51.5,0.0033371269777275362
51063.0,123.5,51.5,0.059261212525927406
51064.0,124.5,51.5,0.3248133606154
51065.0,125.5,51.5,0.02854609655332612
51066.0,126.5,51.5,0.4040746219227
51167.0,-132.5,52.5,0.0004021575488868201
51168.0,-131.5,52.5,0.0006693320064671035
51171.0,-128.5,52.5,0.018055948667650198
51172.0,-127.5,52.5,0.009412673455990688
51173.0,-126.5,52.5,0.0897487563652673
51174.0,-125.5,52.5,0.03170460766623106
51175.0,-124.5,52.5,0.007823554236413848
51176.0,-123.5,52.5,0.029114751356156175
51177.0,-122.5,52.5,1.5020424206641
51178.0,-121.5,52.5,0.2145453907395
51179.0,-120.5,52.5,0.005899254264620669
51180.0,-119.5,52.5,0.1157297181778
51181.0,-118.5,52.5,0.141999032619
51182.0,-117.5,52.5,0.02882626257355501
51183.0,-116.5,52.5,0.022147295233935955
51184.0,-115.5,52.5,0.451252139298
51185.0,-114.5,52.5,6.0418884980095005
51186.0,-113.5,52.5,9.515954653144801
51187.0,-112.5,52.5,2.2102919249963997
51188.0,-111.5,52.5,1.5265722175644
51189.0,-110.5,52.5,2.9070037845618
51190.0,-109.5,52.5,1.0611889631005
51191.0,-108.5,52.5,1.4696922354813
51192.0,-107.5,52.5,0.8931339467702
51193.0,-106.5,52.5,10.0839080685571
51194.0,-105.5,52.5,1.6124983611335
51195.0,-104.5,52.5,1.1961060216047
51196.0,-103.5,52.5,0.5833770507211
51197.0,-102.5,52.5,3.9336354242466998
51198.0,-101.5,52.5,0.8777970342794
51199.0,-100.5,52.5,0.09555458053157784
51200.0,-99.5,52.5,0.0005311789262599549
51201.0,-98.5,52.5,0.00020518809582163708
51202.0,-97.5,52.5,0.020635909085269657
51203.0,-96.5,52.5,0.00920733471900436
51204.0,-95.5,52.5,0.016380585036888537
51205.0,-94.5,52.5,0.014119314701168294
51206.0,-93.5,52.5,0.004335622706449038
51207.0,-92.5,52.5,0.0011523144204876078
51208.0,-91.5,52.5,0.008637225140915084
51209.0,-90.5,52.5,0.009829351542855844
51210.0,-89.5,52.5,0.007146393721681803
51211.0,-88.5,52.5,0.010248324940743292
51212.0,-87.5,52.5,0.008263431038685974
51216.0,-83.5,52.5,0.008294116658266903
51217.0,-82.5,52.5,0.02037968790758806
51218.0,-81.5,52.5,0.02192123969079182
51221.0,-78.5,52.5,0.013875935029577005
51222.0,-77.5,52.5,0.0016612947240944947
51223.0,-76.5,52.5,0.017918428063135695
51224.0,-75.5,52.5,7.162971693530493e-05
51231.0,-68.5,52.5,2.4691372392188962e-05
51232.0,-67.5,52.5,0.05523548916348323
51233.0,-66.5,52.5,0.20409309843489998
51238.0,-61.5,52.5,0.0030989042465508813
51239.0,-60.5,52.5,0.014801495533807883
51241.0,-58.5,52.5,7.667004136765326e-05
51243.0,-56.5,52.5,0.01662017856694537
51244.0,-55.5,52.5,0.0003604016274287738
51289.0,-10.5,52.5,0.5073362004194999
51290.0,-9.5,52.5,8.4004063824381
51291.0,-8.5,52.5,8.8546004737172
51292.0,-7.5,52.5,14.3303698997521
51293.0,-6.5,52.5,12.2604638682883
51294.0,-5.5,52.5,0.02838573635062196
51295.0,-4.5,52.5,3.7361368682915996
51296.0,-3.5,52.5,1.8097866086832
51297.0,-2.5,52.5,7.2619526748233
51298.0,-1.5,52.5,7.0264490848614
51299.0,-0.5,52.5,8.4156570514681
51300.0,0.5,52.5,3.3257550228857
51301.0,1.5,52.5,4.345653044976601
51304.0,4.5,52.5,10.504031004004899
51305.0,5.5,52.5,14.2560593092643
51306.0,6.5,52.5,18.7941247957151
51307.0,7.5,52.5,18.4918028533835
51308.0,8.5,52.5,22.1347081630663
51309.0,9.5,52.5,18.7948963991159
51310.0,10.5,52.5,14.7555564814379
51311.0,11.5,52.5,5.6065117268844
51312.0,12.5,52.5,7.1168407438316
51313.0,13.5,52.5,19.8052514201699
51314.0,14.5,52.5,5.7046722774602
51315.0,15.5,52.5,11.549450992901
51316.0,16.5,52.5,25.0224527283564
51317.0,17.5,52.5,14.419869833471399
51318.0,18.5,52.5,20.2568203139014
51319.0,19.5,52.5,20.752894360151203
51320.0,20.5,52.5,36.8357172589995
51321.0,21.5,52.5,37.497526598475396
51322.0,22.5,52.5,16.7280149389743
51323.0,23.5,52.5,16.0196520121729
51324.0,24.5,52.5,8.2327938944202
51325.0,25.5,52.5,8.5175541899562
51326.0,26.5,52.5,6.4278695164272
51327.0,27.5,52.5,5.9569409044656
51328.0,28.5,52.5,2.4314325551977998
51329.0,29.5,52.5,7.2302651847111
51330.0,30.5,52.5,13.0546760092622
51331.0,31.5,52.5,9.0266719035909
51332.0,32.5,52.5,11.587324012117199
51333.0,33.5,52.5,8.0374225878401
51334.0,34.5,52.5,6.4650152626732
51335.0,35.5,52.5,9.8322408595429
51336.0,36.5,52.5,9.6326433995373
51337.0,37.5,52.5,9.2422535256498
51338.0,38.5,52.5,12.5985395868693
51339.0,39.5,52.5,8.3704403663717
51340.0,40.5,52.5,9.3435232036973
51341.0,41.5,52.5,18.2016185307119
51342.0,42.5,52.5,7.111276933854
51343.0,43.5,52.5,4.4072073223593
51344.0,44.5,52.5,4.5882936190459995
51345.0,45.5,52.5,5.5771796167278
51346.0,46.5,52.5,6.2456925584871
51347.0,47.5,52.5,8.5556336549046
51348.0,48.5,52.5,5.8546299625572
51349.0,49.5,52.5,5.6673817738917
51350.0,50.5,52.5,5.4482554370797
51351.0,51.5,52.5,3.9728373367445
51352.0,52.5,52.5,8.581276984397999
51353.0,53.5,52.5,6.1339151319219996
51354.0,54.5,52.5,3.0365729587912997
51355.0,55.5,52.5,9.6841253312133
51356.0,56.5,52.5,4.0517596701859
51357.0,57.5,52.5,0.0753641633316737
51359.0,59.5,52.5,0.08521055600762252
51360.0,60.5,52.5,0.4456907213386
51361.0,61.5,52.5,0.6947134551056
51362.0,62.5,52.5,2.1541587141371
51363.0,63.5,52.5,2.4594048924261003
51364.0,64.5,52.5,1.5859351722796
51365.0,65.5,52.5,0.7034991319963
51366.0,66.5,52.5,0.4697529686832
51367.0,67.5,52.5,0.4147745135737
51368.0,68.5,52.5,1.1342883862257
51369.0,69.5,52.5,1.2825273661268
51370.0,70.5,52.5,1.7751721779445
51371.0,71.5,52.5,1.0389721467684998
51372.0,72.5,52.5,0.3855012651086
51373.0,73.5,52.5,0.3299543068887
51374.0,74.5,52.5,0.07190851932697279
51375.0,75.5,52.5,0.2058463183834
51376.0,76.5,52.5,5.8194104581434
51377.0,77.5,52.5,2.5004812019968
51378.0,78.5,52.5,1.2665041979344
51379.0,79.5,52.5,0.5848265865646001
51380.0,80.5,52.5,1.9568880684785002
51381.0,81.5,52.5,1.3692567885247
51383.0,83.5,52.5,-0.00560002518246581
51388.0,88.5,52.5,-0.001270809212316831
51395.0,95.5,52.5,-0.00011453400951031257
51396.0,96.5,52.5,0.03258722362792923
51404.0,104.5,52.5,12.160736032791599
51412.0,112.5,52.5,-0.0008917007014756414
51413.0,113.5,52.5,-0.033170874919012806
51419.0,119.5,52.5,0.044443806986190014
51420.0,120.5,52.5,0.02028573802228688
51421.0,121.5,52.5,-0.004676695432505725
51422.0,122.5,52.5,0.8178648439972
51423.0,123.5,52.5,0.48624213026359997
51424.0,124.5,52.5,0.5942437909063001
51425.0,125.5,52.5,0.5183288005189
51426.0,126.5,52.5,0.2710602216657
51430.0,130.5,52.5,-0.000866494069603787
51431.0,131.5,52.5,0.04334995082974198
51457.0,157.5,52.5,0.03849393192602044
51527.0,-132.5,53.5,0.032445464908436444
51528.0,-131.5,53.5,0.02449930148452945
51529.0,-130.5,53.5,0.007550696514431302
51530.0,-129.5,53.5,0.0056120830507485914
51531.0,-128.5,53.5,0.020898459491744646
51532.0,-127.5,53.5,0.006250731032254966
51533.0,-126.5,53.5,0.020419810671439543
51534.0,-125.5,53.5,0.03266505621460014
51535.0,-124.5,53.5,0.07198258084278808
51536.0,-123.5,53.5,0.1647828340596
51537.0,-122.5,53.5,2.9483305427311
51538.0,-121.5,53.5,0.05028585803028776
51539.0,-120.5,53.5,0.04136245619160008
51540.0,-119.5,53.5,0.1256684460178
51541.0,-118.5,53.5,0.009757902002377182
51542.0,-117.5,53.5,0.1292597633681
51543.0,-116.5,53.5,0.6300911986565001
51544.0,-115.5,53.5,0.9687056904985
51545.0,-114.5,53.5,3.2510431661523
51546.0,-113.5,53.5,40.5685213894821
51547.0,-112.5,53.5,3.6975146873584
51548.0,-111.5,53.5,1.6855610928393
51549.0,-110.5,53.5,4.1082064092568995
51550.0,-109.5,53.5,1.4569576665678
51551.0,-108.5,53.5,1.7774492277536
51552.0,-107.5,53.5,0.529988252626
51553.0,-106.5,53.5,0.5295138084644
51554.0,-105.5,53.5,1.8730950496405
51555.0,-104.5,53.5,0.5060488848072
51556.0,-103.5,53.5,0.3345566439443
51557.0,-102.5,53.5,0.04931753135866971
51558.0,-101.5,53.5,0.33200738786
51559.0,-100.5,53.5,0.025941010513687218
51560.0,-99.5,53.5,0.04678241060119604
51561.0,-98.5,53.5,1.1790201413276876e-05
51562.0,-97.5,53.5,0.067322903463902
51564.0,-95.5,53.5,4.8426431850576045e-06
51565.0,-94.5,53.5,0.059438878622690504
51566.0,-93.5,53.5,0.02531855553737449
51567.0,-92.5,53.5,0.011797366724292234
51568.0,-91.5,53.5,0.007053710038794593
51569.0,-90.5,53.5,-0.00010312043200824106
51570.0,-89.5,53.5,0.0258142303790101
51571.0,-88.5,53.5,0.010308447370857635
51577.0,-82.5,53.5,0.00028640654845132093
51580.0,-79.5,53.5,0.00010463213724333582
51581.0,-78.5,53.5,0.07928693031974121
51582.0,-77.5,53.5,0.03351362602198503
51583.0,-76.5,53.5,0.004492230208677022
51584.0,-75.5,53.5,0.003530909357312786
51585.0,-74.5,53.5,0.00016647757907434772
51586.0,-73.5,53.5,0.003852698870382802
51587.0,-72.5,53.5,0.001463597171279035
51589.0,-70.5,53.5,0.00036529502649655757
51593.0,-66.5,53.5,0.012868125390285005
51594.0,-65.5,53.5,6.458959995031603e-06
51595.0,-64.5,53.5,-6.22481735638164e-05
51596.0,-63.5,53.5,0.003363083858633209
51597.0,-62.5,53.5,0.005255881533408286
51598.0,-61.5,53.5,0.0001773722518765011
51599.0,-60.5,53.5,0.26972235984570003
51600.0,-59.5,53.5,0.00016845575323652873
51602.0,-57.5,53.5,0.03731340146906082
51603.0,-56.5,53.5,0.0009833596378831769
51604.0,-55.5,53.5,2.1091362857097063e-05
51649.0,-10.5,53.5,0.2908577079431
51650.0,-9.5,53.5,5.6714449936908995
51651.0,-8.5,53.5,10.2519155098685
51652.0,-7.5,53.5,12.7062525677494
51653.0,-6.5,53.5,3.2418651356772
51655.0,-4.5,53.5,3.2589852292184998
51656.0,-3.5,53.5,12.1888978583937
51657.0,-2.5,53.5,15.9667696624008
51658.0,-1.5,53.5,8.369396482219999
51659.0,-0.5,53.5,6.0592391176966
51660.0,0.5,53.5,4.0831959122178
51664.0,4.5,53.5,0.022122256163021298
51665.0,5.5,53.5,3.4808093582002
51666.0,6.5,53.5,16.2607656975316
51667.0,7.5,53.5,11.179814791578298
51668.0,8.5,53.5,42.2297603801315
51669.0,9.5,53.5,17.604873286900798
51670.0,10.5,53.5,14.1043043367722
51671.0,11.5,53.5,6.3575644504593
51672.0,12.5,53.5,4.9673014086407
51673.0,13.5,53.5,5.2419472289669
51674.0,14.5,53.5,14.663973451556501
51675.0,15.5,53.5,7.3752805936512
51676.0,16.5,53.5,7.6594583164138
51677.0,17.5,53.5,11.3668161755299
51678.0,18.5,53.5,20.0990256513091
51679.0,19.5,53.5,12.3089461015225
51680.0,20.5,53.5,12.387348387742
51681.0,21.5,53.5,10.7523172676414
51682.0,22.5,53.5,13.2904258870611
51683.0,23.5,53.5,17.2983266392615
51684.0,24.5,53.5,10.0784345783654
51685.0,25.5,53.5,11.850109330658
51686.0,26.5,53.5,12.684778720125099
51687.0,27.5,53.5,33.1123136735065
51688.0,28.5,53.5,5.8593080664557
51689.0,29.5,53.5,6.1742371238769
51690.0,30.5,53.5,11.0898748844764
51691.0,31.5,53.5,4.3317525988781
51692.0,32.5,53.5,5.4515986200718
51693.0,33.5,53.5,5.795295389746
51694.0,34.5,53.5,20.9046366532203
51695.0,35.5,53.5,4.6257339337678
51696.0,36.5,53.5,8.5053350540692
51697.0,37.5,53.5,7.071355736435899
51698.0,38.5,53.5,11.8901632013215
51699.0,39.5,53.5,9.4761871673514
51700.0,40.5,53.5,7.125567198532099
51701.0,41.5,53.5,5.6515174472785
51702.0,42.5,53.5,4.4335207272203006
51703.0,43.5,53.5,8.1520827046666
51704.0,44.5,53.5,9.0898690632462
51705.0,45.5,53.5,15.694919152210998
51706.0,46.5,53.5,9.5849830796485
51707.0,47.5,53.5,6.489684808290099
51708.0,48.5,53.5,11.5236279966781
51709.0,49.5,53.5,25.5265862401137
51710.0,50.5,53.5,33.9420166414269
51711.0,51.5,53.5,10.922699209100601
51712.0,52.5,53.5,6.4693932340694
51713.0,53.5,53.5,3.9946560377839004
51714.0,54.5,53.5,5.657466344964
51715.0,55.5,53.5,18.8815582023425
51716.0,56.5,53.5,5.6788474124622
51718.0,58.5,53.5,0.737758982961
51719.0,59.5,53.5,9.8930099772391
51720.0,60.5,53.5,1.6340417911014
51721.0,61.5,53.5,1.8678804244027
51722.0,62.5,53.5,2.3454766449767996
51723.0,63.5,53.5,6.9165060351248
51724.0,64.5,53.5,1.5035767195008
51725.0,65.5,53.5,1.0869711713510999
51726.0,66.5,53.5,0.8927790499846
51727.0,67.5,53.5,1.1368659726425001
51728.0,68.5,53.5,0.6826743438336
51729.0,69.5,53.5,4.592889047968701
51730.0,70.5,53.5,1.0642790165262
51731.0,71.5,53.5,0.5794082887623
51732.0,72.5,53.5,0.5321310078918999
51733.0,73.5,53.5,0.3871664455969
51734.0,74.5,53.5,0.46418107890009996
51735.0,75.5,53.5,1.2845357601808
51736.0,76.5,53.5,0.8528796996904
51737.0,77.5,53.5,0.5856608671089
51738.0,78.5,53.5,2.5857189786804002
51739.0,79.5,53.5,0.48882501897119995
51740.0,80.5,53.5,1.2351308059967
51741.0,81.5,53.5,0.036884457040237476
51743.0,83.5,53.5,12.714120526874199
51744.0,84.5,53.5,0.03335062075616299
51746.0,86.5,53.5,1.1894429386692
51747.0,87.5,53.5,0.039522031697691175
51748.0,88.5,53.5,2.1634298435429002
51750.0,90.5,53.5,0.4231373194659
51772.0,112.5,53.5,0.007439839835896856
51773.0,113.5,53.5,-8.49283062759441e-05
51774.0,114.5,53.5,0.008307394016599256
51778.0,118.5,53.5,0.0017779970199981478
51780.0,120.5,53.5,0.0005257930699960352
51781.0,121.5,53.5,0.05958466414302805
51782.0,122.5,53.5,0.5258875895361
51783.0,123.5,53.5,0.07337146052938553
51784.0,124.5,53.5,0.31915718201919996
51785.0,125.5,53.5,0.07554524166441887
51787.0,127.5,53.5,-0.004300755307353531
51791.0,131.5,53.5,1.1178679918173917e-05
51887.0,-132.5,54.5,0.04299877878853464
51888.0,-131.5,54.5,0.0008411147292527449
51889.0,-130.5,54.5,0.2688420567353
51890.0,-129.5,54.5,0.015003272678076844
51891.0,-128.5,54.5,0.6557518034101001
51892.0,-127.5,54.5,0.2933575442792
51893.0,-126.5,54.5,0.2161537338736
51894.0,-125.5,54.5,0.185919852617
51895.0,-124.5,54.5,0.4110813824085
51896.0,-123.5,54.5,0.1276563385924
51897.0,-122.5,54.5,0.1875836693911
51898.0,-121.5,54.5,0.005166447735321395
51899.0,-120.5,54.5,0.007700840789877482
51900.0,-119.5,54.5,0.08708190023995842
51901.0,-118.5,54.5,0.03136044460207076
51902.0,-117.5,54.5,0.1057061889875
51903.0,-116.5,54.5,0.1362078539295
51904.0,-115.5,54.5,0.9944166056974
51905.0,-114.5,54.5,1.7106730293059
51906.0,-113.5,54.5,3.2599411934361
51907.0,-112.5,54.5,2.9681985744673
51908.0,-111.5,54.5,1.3533899643365999
51909.0,-110.5,54.5,1.9305983299214
51910.0,-109.5,54.5,0.8824015826006
51911.0,-108.5,54.5,1.1215404681357999
51912.0,-107.5,54.5,0.039407369382806784
51913.0,-106.5,54.5,0.001119224753914807
51914.0,-105.5,54.5,0.4491841586343
51915.0,-104.5,54.5,0.012787097728548108
51916.0,-103.5,54.5,0.014658707260033927
51917.0,-102.5,54.5,0.0333049619329838
51918.0,-101.5,54.5,0.3043676664633
51919.0,-100.5,54.5,0.0462883669041922
51920.0,-99.5,54.5,0.011088892398721165
51921.0,-98.5,54.5,0.013143844765302908
51922.0,-97.5,54.5,0.067736073838179
51923.0,-96.5,54.5,8.68485170174583e-06
51924.0,-95.5,54.5,0.02520801785979757
51925.0,-94.5,54.5,0.024087367757732518
51926.0,-93.5,54.5,0.009086882790846705
51934.0,-85.5,54.5,0.00011060813266291683
51940.0,-79.5,54.5,0.0009738791922047197
51948.0,-71.5,54.5,0.0018161775964248002
51949.0,-70.5,54.5,0.003134152742687084
51950.0,-69.5,54.5,0.0008951139229600795
51952.0,-67.5,54.5,0.0010718977275083557
51953.0,-66.5,54.5,0.027354077622731177
51955.0,-64.5,54.5,0.00012125910081488485
51956.0,-63.5,54.5,-1.837111602786808e-05
51960.0,-59.5,54.5,0.0027533846607872637
51961.0,-58.5,54.5,0.005134567532713226
51962.0,-57.5,54.5,0.0003423528492070218
52009.0,-10.5,54.5,0.1330410462267
52010.0,-9.5,54.5,2.0214692479772998
52011.0,-8.5,54.5,4.617698478121601
52012.0,-7.5,54.5,2.6441932514373003
52013.0,-6.5,54.5,2.0119943824987
52014.0,-5.5,54.5,0.25301506743479996
52015.0,-4.5,54.5,3.2018011406469
52016.0,-3.5,54.5,0.1403187995913
52017.0,-2.5,54.5,0.114760401622
52018.0,-1.5,54.5,9.012445568814
52019.0,-0.5,54.5,7.4462228659392
52028.0,8.5,54.5,6.643902314466599
52029.0,9.5,54.5,10.0519565107926
52030.0,10.5,54.5,12.6492591159741
52031.0,11.5,54.5,7.9052975184764
52032.0,12.5,54.5,9.208293009794701
52033.0,13.5,54.5,3.0451056754528
52034.0,14.5,54.5,0.35031973212
52035.0,15.5,54.5,3.0676857787291
52036.0,16.5,54.5,5.920843300893201
52037.0,17.5,54.5,4.2436078619263
52038.0,18.5,54.5,17.73775488077
52039.0,19.5,54.5,5.7860117275886
52040.0,20.5,54.5,22.4083492095287
52041.0,21.5,54.5,9.2053825143213
52042.0,22.5,54.5,10.0711534096826
52043.0,23.5,54.5,16.4899721687862
52044.0,24.5,54.5,10.405556132958601
52045.0,25.5,54.5,18.372349580969402
52046.0,26.5,54.5,9.8612279317154
52047.0,27.5,54.5,9.8781651231129
52048.0,28.5,54.5,7.980499450344901
52049.0,29.5,54.5,3.436805148061
52050.0,30.5,54.5,8.3155582470967
52051.0,31.5,54.5,5.6436213163403
52052.0,32.5,54.5,9.7148181471839
52053.0,33.5,54.5,3.4463941466126
52054.0,34.5,54.5,3.6305609951828
52055.0,35.5,54.5,6.9714619616026
52056.0,36.5,54.5,15.412272356233299
52057.0,37.5,54.5,27.062966282258497
52058.0,38.5,54.5,14.989393369043299
52059.0,39.5,54.5,18.9267283193102
52060.0,40.5,54.5,4.1770971778924
52061.0,41.5,54.5,6.1839602676408
52062.0,42.5,54.5,1.8261467036499
52063.0,43.5,54.5,8.5083468226535
52064.0,44.5,54.5,3.8460921141576003
52065.0,45.5,54.5,13.9644664618502
52066.0,46.5,54.5,7.7170186252340995
52067.0,47.5,54.5,8.099516249973
52068.0,48.5,54.5,22.996683155339202
52069.0,49.5,54.5,8.740632560857499
52070.0,50.5,54.5,7.6398447182774
52071.0,51.5,54.5,3.1207701372223
52072.0,52.5,54.5,16.7355795324916
52073.0,53.5,54.5,17.0188474154412
52074.0,54.5,54.5,8.8844389611852
52075.0,55.5,54.5,10.84927094032
52076.0,56.5,54.5,1.3403627983735
52078.0,58.5,54.5,0.0072646630118491096
52079.0,59.5,54.5,-0.00412689181009083
52080.0,60.5,54.5,5.8641340074974
52081.0,61.5,54.5,0.6373213503352
52082.0,62.5,54.5,0.4260130016769
52083.0,63.5,54.5,1.7533095566116
52084.0,64.5,54.5,1.2441914879812
52085.0,65.5,54.5,1.0399788379093
52086.0,66.5,54.5,0.6916464362036999
52087.0,67.5,54.5,1.1201072060342
52088.0,68.5,54.5,1.9946977740935
52089.0,69.5,54.5,4.6317480170034
52090.0,70.5,54.5,1.4036719483913
52091.0,71.5,54.5,0.8369396906116999
52092.0,72.5,54.5,0.49467767571
52093.0,73.5,54.5,0.3212487442905
52094.0,74.5,54.5,-0.01513731473919374
52095.0,75.5,54.5,0.07173762454673442
52096.0,76.5,54.5,0.4546414841024
52097.0,77.5,54.5,0.0020649838817439485
52098.0,78.5,54.5,0.012465404217760956
52099.0,79.5,54.5,0.8388489247084
52100.0,80.5,54.5,0.0004945148179866172
52102.0,82.5,54.5,10.9705611540346
52103.0,83.5,54.5,1.0841259644033001
52106.0,86.5,54.5,10.5062192164696
52119.0,99.5,54.5,0.040841664393036485
52130.0,110.5,54.5,0.01754641641021569
52131.0,111.5,54.5,0.03546217064979165
52144.0,124.5,54.5,0.1725474884788
52176.0,156.5,54.5,0.00225056844354107
52249.0,-130.5,55.5,-4.873747216181116e-06
52250.0,-129.5,55.5,0.06693577445162935
52251.0,-128.5,55.5,0.04257154934159133
52252.0,-127.5,55.5,0.10904984135950001
52253.0,-126.5,55.5,0.0070066078764851256
52254.0,-125.5,55.5,0.00788355693127259
52255.0,-124.5,55.5,0.002300323655233776
52256.0,-123.5,55.5,0.17501813425840002
52257.0,-122.5,55.5,0.007869948980401309
52258.0,-121.5,55.5,0.29553229595999997
52259.0,-120.5,55.5,0.8870050690631001
52260.0,-119.5,55.5,1.188965475446
52261.0,-118.5,55.5,3.7102693459097003
52262.0,-117.5,55.5,0.642552957657
52263.0,-116.5,55.5,0.8078761105516
52264.0,-115.5,55.5,0.217696065432
52265.0,-114.5,55.5,0.37088753410110004
52266.0,-113.5,55.5,0.1648223888334
52267.0,-112.5,55.5,0.1165774377958
52268.0,-111.5,55.5,0.08009955795849327
52269.0,-110.5,55.5,0.1958120702601
52270.0,-109.5,55.5,0.0007976888902092734
52271.0,-108.5,55.5,0.07154723785320222
52272.0,-107.5,55.5,0.06783048904114296
52273.0,-106.5,55.5,0.02850274281090384
52274.0,-105.5,55.5,0.1463313920593
52275.0,-104.5,55.5,0.03272639890027803
52276.0,-103.5,55.5,0.0001124875826832799
52277.0,-102.5,55.5,0.03236956225141922
52278.0,-101.5,55.5,0.02034764037239685
52279.0,-100.5,55.5,0.0003196019805245882
52280.0,-99.5,55.5,0.00015532600607856965
52281.0,-98.5,55.5,0.04352213790875172
52282.0,-97.5,55.5,0.31337443565190004
52283.0,-96.5,55.5,2.6683064797926426e-05
52284.0,-95.5,55.5,1.5144485978608361e-05
52286.0,-93.5,55.5,1.5560145498926096e-05
52287.0,-92.5,55.5,0.012172924147206114
52289.0,-90.5,55.5,1.5139958566939813e-05
52291.0,-88.5,55.5,3.3516924070111346e-05
52292.0,-87.5,55.5,0.005448068679629857
52293.0,-86.5,55.5,3.304859909927956e-05
52294.0,-85.5,55.5,0.004384689671627698
52302.0,-77.5,55.5,0.0006353112227480808
52312.0,-67.5,55.5,7.293456070124074e-05
52313.0,-66.5,55.5,8.123283875876234e-05
52318.0,-61.5,55.5,2.1485568144307572e-05
52319.0,-60.5,55.5,0.017736481915012602
52320.0,-59.5,55.5,0.0003465608815311092
52321.0,-58.5,55.5,4.055567065964205e-05
52371.0,-8.5,55.5,0.6554930093272
52372.0,-7.5,55.5,4.3668133491866
52373.0,-6.5,55.5,4.894019090166901
52374.0,-5.5,55.5,0.6448521031871001
52375.0,-4.5,55.5,5.4013398320432
52376.0,-3.5,55.5,3.7003348184324
52377.0,-2.5,55.5,0.28793626065949995
52378.0,-1.5,55.5,10.0107034889079
52388.0,8.5,55.5,11.7815122140685
52389.0,9.5,55.5,14.8404700179294
52390.0,10.5,55.5,17.1364896247477
52391.0,11.5,55.5,21.662974572987903
52392.0,12.5,55.5,39.772516538600904
52393.0,13.5,55.5,-1.1587859265537
52394.0,14.5,55.5,3.3450305054276996
52400.0,20.5,55.5,0.02743563064979175
52401.0,21.5,55.5,9.4169344454859
52402.0,22.5,55.5,6.3076647016048
52403.0,23.5,55.5,9.7632476180568
52404.0,24.5,55.5,9.5971536680819
52405.0,25.5,55.5,6.3599046471298
52406.0,26.5,55.5,5.8405648326446
52407.0,27.5,55.5,2.5230328195355
52408.0,28.5,55.5,4.6627177570733
52409.0,29.5,55.5,2.9338418179758
52410.0,30.5,55.5,7.0188068266052
52411.0,31.5,55.5,2.3558764011021003
52412.0,32.5,55.5,3.1045433301756
52413.0,33.5,55.5,3.0013748330028998
52414.0,34.5,55.5,4.1631674845511
52415.0,35.5,55.5,6.4570643208135
52416.0,36.5,55.5,30.5619921688807
52417.0,37.5,55.5,90.9289113812374
52418.0,38.5,55.5,52.3334843454625
52419.0,39.5,55.5,12.696653748718798
52420.0,40.5,55.5,5.0641545772783
52421.0,41.5,55.5,6.698345076573601
52422.0,42.5,55.5,11.1472489904418
52423.0,43.5,55.5,13.7483098122998
52424.0,44.5,55.5,8.5923440002768
52425.0,45.5,55.5,7.4256920193827
52426.0,46.5,55.5,12.0842806321669
52427.0,47.5,55.5,20.639098930558
52428.0,48.5,55.5,18.5645459719539
52429.0,49.5,55.5,29.749629879923802
52430.0,50.5,55.5,9.400610459958301
52431.0,51.5,55.5,5.1261072957673
52432.0,52.5,55.5,20.793000300072798
52433.0,53.5,55.5,8.0255566048207
52434.0,54.5,55.5,10.143893697893299
52435.0,55.5,55.5,2.7724800590617
52436.0,56.5,55.5,2.8738845932120003
52438.0,58.5,55.5,0.5144145360196
52440.0,60.5,55.5,0.1432010160687
52441.0,61.5,55.5,24.250574633328597
52443.0,63.5,55.5,-0.008928363795004576
52445.0,65.5,55.5,7.6410499998456
52447.0,67.5,55.5,0.6691068446003
52448.0,68.5,55.5,0.4197484612752
52449.0,69.5,55.5,0.6529868952258
52450.0,70.5,55.5,0.2222447755834
52451.0,71.5,55.5,0.2617864840108
52454.0,74.5,55.5,0.7029189492747
52455.0,75.5,55.5,0.261928601201
52457.0,77.5,55.5,0.08270905210922351
52462.0,82.5,55.5,12.339019984813
52463.0,83.5,55.5,3.4680750568842003
52464.0,84.5,55.5,1.2026635537925
52466.0,86.5,55.5,4.0787692096105
52467.0,87.5,55.5,-0.002114365239216586
52469.0,89.5,55.5,-0.008536452767144598
52470.0,90.5,55.5,0.008176356412082563
52472.0,92.5,55.5,0.6748266670143
52473.0,93.5,55.5,0.29868372944320004
52474.0,94.5,55.5,0.3158750627848
52479.0,99.5,55.5,0.02212697686445429
52480.0,100.5,55.5,-0.0013538275470722368
52489.0,109.5,55.5,0.005132838287040165
52490.0,110.5,55.5,-6.139472100654118e-05
52504.0,124.5,55.5,-0.007824138483387519
52608.0,-131.5,56.5,0.011656550766791873
52609.0,-130.5,56.5,0.0017144275803301682
52610.0,-129.5,56.5,0.03559215507750224
52612.0,-127.5,56.5,3.4641714431992484e-05
52613.0,-126.5,56.5,0.00040293252896147943
52614.0,-125.5,56.5,0.0021167602009673193
52615.0,-124.5,56.5,0.01775867184432034
52616.0,-123.5,56.5,7.432559116757255e-05
52617.0,-122.5,56.5,0.02814695145191781
52618.0,-121.5,56.5,0.2512055775388
52619.0,-120.5,56.5,1.1437434640349
52620.0,-119.5,56.5,0.8149901404369999
52621.0,-118.5,56.5,0.966578658819
52622.0,-117.5,56.5,1.0127338824471
52623.0,-116.5,56.5,0.1059872840327
52624.0,-115.5,56.5,0.048449729509003
52625.0,-114.5,56.5,0.008206965121257064
52626.0,-113.5,56.5,0.019643950246194662
52627.0,-112.5,56.5,0.0033313806492393455
52628.0,-111.5,56.5,1.5508690265906
52629.0,-110.5,56.5,0.038989684135346904
52630.0,-109.5,56.5,0.047630186694844784
52631.0,-108.5,56.5,0.009274626310931601
52632.0,-107.5,56.5,0.007548893424177447
52633.0,-106.5,56.5,0.0002882940136954398
52634.0,-105.5,56.5,1.1542323126712525e-05
52635.0,-104.5,56.5,1.3222491044458968e-05
52636.0,-103.5,56.5,0.015985302696710106
52638.0,-101.5,56.5,0.0237410953286222
52639.0,-100.5,56.5,0.029918898152590877
52640.0,-99.5,56.5,0.002897508711441017
52641.0,-98.5,56.5,0.010992911121590503
52642.0,-97.5,56.5,0.00014402734212638839
52643.0,-96.5,56.5,0.0230288190312712
52644.0,-95.5,56.5,0.011142516507297261
52645.0,-94.5,56.5,0.14571009099979998
52646.0,-93.5,56.5,0.003017108875649651
52647.0,-92.5,56.5,3.1514159562691724e-05
52651.0,-88.5,56.5,0.0002615661733361001
52652.0,-87.5,56.5,0.0002632207245145049
52660.0,-79.5,56.5,0.31353516968899997
52663.0,-76.5,56.5,3.700097467727207e-05
52677.0,-62.5,56.5,1.6241652699500583e-05
52678.0,-61.5,56.5,0.003150037509343032
52679.0,-60.5,56.5,1.458208517310295e-05
52733.0,-6.5,56.5,0.0644360440201912
52734.0,-5.5,56.5,1.0621341759535
52735.0,-4.5,56.5,0.28742419578960005
52736.0,-3.5,56.5,2.9530973890000003
52737.0,-2.5,56.5,2.4900443456927
52748.0,8.5,56.5,12.5872705528637
52749.0,9.5,56.5,17.1310776830644
52750.0,10.5,56.5,12.320657691724799
52751.0,11.5,56.5,0.1667359686087
52752.0,12.5,56.5,10.5077606309061
52753.0,13.5,56.5,-0.8490049735457
52754.0,14.5,56.5,-1.3615414737291
52755.0,15.5,56.5,-0.7759632981252
52756.0,16.5,56.5,-0.5796445660012001
52758.0,18.5,56.5,0.06289251106245794
52760.0,20.5,56.5,0.12936453820680002
52761.0,21.5,56.5,2.9347432027305
52762.0,22.5,56.5,0.5345183069317
52763.0,23.5,56.5,7.292518656255001
52764.0,24.5,56.5,7.889296189583099
52765.0,25.5,56.5,3.4693084016649003
52766.0,26.5,56.5,2.7453592313563
52767.0,27.5,56.5,3.0049899684208
52768.0,28.5,56.5,2.6017341416229
52769.0,29.5,56.5,2.1446870135492997
52770.0,30.5,56.5,4.7045680392422
52771.0,31.5,56.5,0.6434855093847
52772.0,32.5,56.5,1.8575712048311
52773.0,33.5,56.5,1.0789906268587002
52774.0,34.5,56.5,0.7814095129461001
52775.0,35.5,56.5,13.9860643388265
52776.0,36.5,56.5,14.457569036231801
52777.0,37.5,56.5,11.4722471122674
52778.0,38.5,56.5,19.0260370502081
52779.0,39.5,56.5,7.039846784749099
52780.0,40.5,56.5,11.3930379656749
52781.0,41.5,56.5,12.514743614249301
52782.0,42.5,56.5,6.0955027616839
52783.0,43.5,56.5,33.5125887168456
52784.0,44.5,56.5,15.1519627651419
52785.0,45.5,56.5,4.377315187566101
52786.0,46.5,56.5,5.180441603464
52787.0,47.5,56.5,21.359627285206702
52788.0,48.5,56.5,7.505423844111699
52789.0,49.5,56.5,9.745395992336
52790.0,50.5,56.5,6.1714213411104
52791.0,51.5,56.5,6.4866602957618
52792.0,52.5,56.5,11.883011154829
52793.0,53.5,56.5,24.931382818669302
52794.0,54.5,56.5,8.980523909142
52796.0,56.5,56.5,0.2630503676269
52800.0,60.5,56.5,2.7851820558569
52801.0,61.5,56.5,6.6967362679613
52802.0,62.5,56.5,0.34218659847059996
52813.0,73.5,56.5,0.11733294159909999
52815.0,75.5,56.5,0.027738832482564545
52823.0,83.5,56.5,0.5167555587036999
52824.0,84.5,56.5,8.4893196643371
52825.0,85.5,56.5,2.6357130090593004
52826.0,86.5,56.5,-0.02382778969756984
52827.0,87.5,56.5,0.04312915389111646
52828.0,88.5,56.5,0.020700735419444564
52829.0,89.5,56.5,2.2494145043152
52830.0,90.5,56.5,0.2532147901881
52832.0,92.5,56.5,0.8007350665895999
52833.0,93.5,56.5,0.3941905301075
52834.0,94.5,56.5,0.008169230273216175
52838.0,98.5,56.5,0.07852149577498273
52839.0,99.5,56.5,0.5052687281969
52840.0,100.5,56.5,0.03558674917364209
52841.0,101.5,56.5,1.4149644700199
52846.0,106.5,56.5,0.031228597787643943
52847.0,107.5,56.5,-0.0011993796482570583
52861.0,121.5,56.5,0.0003787871286430487
52864.0,124.5,56.5,-0.013427917983117552
52865.0,125.5,56.5,0.0035348021671392136
52947.0,-152.5,57.5,-0.007760391485191313
52968.0,-131.5,57.5,0.007530824373428334
52969.0,-130.5,57.5,0.0012167225710460394
52970.0,-129.5,57.5,0.004384241754362013
52971.0,-128.5,57.5,0.0004963084254701225
52972.0,-127.5,57.5,5.5626682841151365e-05
52974.0,-125.5,57.5,0.003726918548410361
52976.0,-123.5,57.5,-1.777320270287947e-06
52977.0,-122.5,57.5,0.014161293983072146
52978.0,-121.5,57.5,0.003424959301856652
52979.0,-120.5,57.5,0.0012304926627163895
52980.0,-119.5,57.5,0.0047951930808359505
52981.0,-118.5,57.5,0.0053220747308763755
52982.0,-117.5,57.5,0.08572719590771513
52983.0,-116.5,57.5,0.0168064667694209
52984.0,-115.5,57.5,0.0034848387174487186
52985.0,-114.5,57.5,0.0005308379548500027
52987.0,-112.5,57.5,0.003659145460792072
52988.0,-111.5,57.5,0.6168258089347001
52989.0,-110.5,57.5,0.06108194887404889
52990.0,-109.5,57.5,0.0006019582464000345
52992.0,-107.5,57.5,-5.193382939964536e-05
52993.0,-106.5,57.5,3.6423455466337985e-05
52994.0,-105.5,57.5,0.010983375034157583
52995.0,-104.5,57.5,4.6761855000808944e-05
52996.0,-103.5,57.5,0.0009219570812721508
52997.0,-102.5,57.5,0.0011617713033812073
52998.0,-101.5,57.5,0.007353831898033598
52999.0,-100.5,57.5,1.1242277684024958e-05
53001.0,-98.5,57.5,2.017221196816391e-05
53005.0,-94.5,57.5,0.00021483297258865198
53006.0,-93.5,57.5,1.1418341209270753e-05
53007.0,-92.5,57.5,0.021395964794000532
53030.0,-69.5,57.5,0.0003921707996817063
53092.0,-7.5,57.5,0.1169597569511
53093.0,-6.5,57.5,0.04172125087792302
53094.0,-5.5,57.5,0.05001543380933291
53095.0,-4.5,57.5,0.07006158917577877
53096.0,-3.5,57.5,0.2627628566783
53097.0,-2.5,57.5,-0.02306997678898232
53108.0,8.5,57.5,0.3584198004613
53109.0,9.5,57.5,0.33989634914379996
53110.0,10.5,57.5,0.7553923728401
53111.0,11.5,57.5,9.3327355472433
53112.0,12.5,57.5,-1.7617856912432
53113.0,13.5,57.5,-0.8389995381424
53114.0,14.5,57.5,-1.2472185044316
53115.0,15.5,57.5,-0.593297157068
53116.0,16.5,57.5,-0.5024351339461
53117.0,17.5,57.5,0.24575771482660003
53118.0,18.5,57.5,-0.4600450725914
53119.0,19.5,57.5,0.17986760301479998
53121.0,21.5,57.5,1.4187427126919
53122.0,22.5,57.5,1.7008952930446002
53123.0,23.5,57.5,0.374951328223
53124.0,24.5,57.5,4.4603545198277
53125.0,25.5,57.5,4.0913805003795005
53126.0,26.5,57.5,1.9237075596806
53127.0,27.5,57.5,2.228264781636
53128.0,28.5,57.5,8.1490398005102
53129.0,29.5,57.5,3.8801722951577
53130.0,30.5,57.5,0.7949064602263
53131.0,31.5,57.5,1.1763857419675001
53132.0,32.5,57.5,0.27828047181399995
53133.0,33.5,57.5,2.7350867979566
53134.0,34.5,57.5,4.8761205439343
53135.0,35.5,57.5,4.405634253744201
53136.0,36.5,57.5,2.015121786854
53137.0,37.5,57.5,4.2467608972074
53138.0,38.5,57.5,4.264128784755
53139.0,39.5,57.5,16.1845247259296
53140.0,40.5,57.5,11.8858131412757
53141.0,41.5,57.5,10.5216569346206
53142.0,42.5,57.5,4.9213960415149
53143.0,43.5,57.5,3.6746713885758
53144.0,44.5,57.5,1.2967234146142
53145.0,45.5,57.5,4.2727201156770995
53146.0,46.5,57.5,3.621234878353
53147.0,47.5,57.5,3.4674405477268997
53148.0,48.5,57.5,3.630955713903
53149.0,49.5,57.5,3.4682357890317
53150.0,50.5,57.5,2.6171998954853
53151.0,51.5,57.5,2.2132070948451
53152.0,52.5,57.5,2.8052936467925997
53153.0,53.5,57.5,9.112311655714699
53154.0,54.5,57.5,2.3749577894628
53155.0,55.5,57.5,1.3318760408281
53156.0,56.5,57.5,5.0453345529361995
53157.0,57.5,57.5,1.6335912184189998
53160.0,60.5,57.5,-0.008797666457206074
53175.0,75.5,57.5,0.01850614601460467
53179.0,79.5,57.5,0.0008923693322149112
53180.0,80.5,57.5,-4.15113504414036e-05
53184.0,84.5,57.5,0.06972086757404151
53187.0,87.5,57.5,-0.0009888747910044512
53189.0,89.5,57.5,0.009093262357792942
53193.0,93.5,57.5,0.05691721573440148
53194.0,94.5,57.5,0.36868053839910003
53197.0,97.5,57.5,0.16616066267069998
53201.0,101.5,57.5,0.02891625390616049
53207.0,107.5,57.5,0.08824075486531884
53220.0,120.5,57.5,-0.0003870412495934745
53221.0,121.5,57.5,-0.0003101072127936442
53325.0,-134.5,58.5,0.3504173207673
53326.0,-133.5,58.5,0.0018265056688701704
53328.0,-131.5,58.5,4.8533823997708496e-05
53329.0,-130.5,58.5,0.007001864034333385
53330.0,-129.5,58.5,0.00717281580974471
53334.0,-125.5,58.5,0.0031520574412405686
53335.0,-124.5,58.5,0.0007495927740644777
53336.0,-123.5,58.5,0.0026787429098701697
53337.0,-122.5,58.5,0.21529227883740001
53338.0,-121.5,58.5,0.005588466853825604
53340.0,-119.5,58.5,0.029842939957591026
53341.0,-118.5,58.5,0.018278959667205146
53342.0,-117.5,58.5,0.1723763928349
53343.0,-116.5,58.5,0.3909250107733
53344.0,-115.5,58.5,0.03596528355404894
53345.0,-114.5,58.5,0.014691024908203931
53346.0,-113.5,58.5,0.006324763740536357
53348.0,-111.5,58.5,0.026814784505212453
53349.0,-110.5,58.5,-5.6341590104688667e-05
53350.0,-109.5,58.5,0.012329005909847021
53354.0,-105.5,58.5,2.4021511355511072e-05
53355.0,-104.5,58.5,0.0022734961501802036
53356.0,-103.5,58.5,0.036771322145229046
53358.0,-101.5,58.5,0.008901050717442146
53359.0,-100.5,58.5,6.219007768895484e-05
53361.0,-98.5,58.5,0.0051093460355356255
53365.0,-94.5,58.5,0.03766889956578365
53366.0,-93.5,58.5,0.003183162294172889
53382.0,-77.5,58.5,0.00017625130486998745
53391.0,-68.5,58.5,0.011012992271126381
53452.0,-7.5,58.5,0.0004446888087821948
53453.0,-6.5,58.5,0.3962835910801
53455.0,-4.5,58.5,-0.0002988438858939302
53456.0,-3.5,58.5,-0.0004017696165701991
53465.0,5.5,58.5,7.4067715638763
53466.0,6.5,58.5,-0.3776699114641
53467.0,7.5,58.5,-0.3858025730048
53468.0,8.5,58.5,-0.8008992875958
53469.0,9.5,58.5,1.3586146592189
53470.0,10.5,58.5,0.08577371335654303
53471.0,11.5,58.5,-1.0500196350235
53472.0,12.5,58.5,-1.0210699184432002
53473.0,13.5,58.5,-1.2472025042665
53474.0,14.5,58.5,-0.7516990696429
53475.0,15.5,58.5,-1.1586314816376
53476.0,16.5,58.5,-0.9103467270473999
53477.0,17.5,58.5,1.7718703430847
53478.0,18.5,58.5,-0.0008867159812807445
53481.0,21.5,58.5,0.026604058139668926
53482.0,22.5,58.5,1.6364262532833
53483.0,23.5,58.5,1.3349537210482998
53484.0,24.5,58.5,3.0400842824252003
53485.0,25.5,58.5,3.8345150417157
53486.0,26.5,58.5,5.042889754938
53487.0,27.5,58.5,1.330801966821
53488.0,28.5,58.5,1.4278349223717002
53489.0,29.5,58.5,3.63932675218
53490.0,30.5,58.5,3.0078978780204
53491.0,31.5,58.5,5.410935378386
53492.0,32.5,58.5,1.9845649605221998
53493.0,33.5,58.5,3.4185948939343
53494.0,34.5,58.5,1.0902900124549
53495.0,35.5,58.5,2.3020511057934
53496.0,36.5,58.5,1.5159378108242
53497.0,37.5,58.5,2.306738948519
53498.0,38.5,58.5,5.541079835771
53499.0,39.5,58.5,2.1275234022374003
53500.0,40.5,58.5,2.6016944299481
53501.0,41.5,58.5,2.576817060439
53502.0,42.5,58.5,2.0804933384487003
53503.0,43.5,58.5,1.430008066556
53504.0,44.5,58.5,1.8437549195064
53505.0,45.5,58.5,2.9368135446478
53506.0,46.5,58.5,1.5681278209947
53507.0,47.5,58.5,2.3073113640356
53508.0,48.5,58.5,3.3504445124851
53509.0,49.5,58.5,14.8791660163417
53510.0,50.5,58.5,4.9087099559539
53511.0,51.5,58.5,2.1334209708467
53512.0,52.5,58.5,3.8635810349551
53513.0,53.5,58.5,1.0146461547671002
53514.0,54.5,58.5,0.27969193567589995
53515.0,55.5,58.5,1.5800374887420001
53516.0,56.5,58.5,1.6693957918423
53517.0,57.5,58.5,-0.032585009996613346
53533.0,73.5,58.5,0.008804078964472677
53534.0,74.5,58.5,0.0006028906854106654
53538.0,78.5,58.5,0.05233471366528631
53541.0,81.5,58.5,-0.001117586274054082
53546.0,86.5,58.5,0.07927844357554412
53547.0,87.5,58.5,0.00026026292795315934
53553.0,93.5,58.5,0.11671980459
53562.0,102.5,58.5,0.023992131181781368
53566.0,106.5,58.5,0.0018670178023924696
53567.0,107.5,58.5,0.02069213249932483
53683.0,-136.5,59.5,0.0021172714751825903
53684.0,-135.5,59.5,-0.0019976519794914376
53685.0,-134.5,59.5,0.007961856730310727
53686.0,-133.5,59.5,0.01765688619839643
53688.0,-131.5,59.5,5.10819122958045e-05
53690.0,-129.5,59.5,0.0031208299909277963
53691.0,-128.5,59.5,0.003219551698643192
53692.0,-127.5,59.5,0.0010303569216812284
53693.0,-126.5,59.5,0.0009204408554263092
53694.0,-125.5,59.5,0.0006789520383486559
53695.0,-124.5,59.5,3.745686105918386e-05
53696.0,-123.5,59.5,0.0016550635600893972
53697.0,-122.5,59.5,0.0007374727674201488
53700.0,-119.5,59.5,0.00014224607055341273
53701.0,-118.5,59.5,0.013792530123481368
53702.0,-117.5,59.5,0.006532684723728169
53707.0,-112.5,59.5,0.08709869989858555
53708.0,-111.5,59.5,0.0039787490716904125
53710.0,-109.5,59.5,0.0011144654203920537
53711.0,-108.5,59.5,0.010517221423477946
53712.0,-107.5,59.5,0.01118421888341831
53713.0,-106.5,59.5,3.1474395278618834e-05
53714.0,-105.5,59.5,0.022420346470420183
53725.0,-94.5,59.5,0.002273674846084897
53825.0,5.5,59.5,-1.1001155633908999
53826.0,6.5,59.5,-0.1941397965436
53827.0,7.5,59.5,-0.05721181245630835
53828.0,8.5,59.5,-0.1904855029469
53829.0,9.5,59.5,-1.1300207034247
53830.0,10.5,59.5,23.7775968400484
53831.0,11.5,59.5,-1.5250819054022
53832.0,12.5,59.5,-0.4846451766359
53833.0,13.5,59.5,-0.7193409365432001
53834.0,14.5,59.5,-0.5643971476551
53835.0,15.5,59.5,-0.6827368484975
53836.0,16.5,59.5,-1.3177992056443
53837.0,17.5,59.5,-0.7659829069865001
53838.0,18.5,59.5,5.6187686589013
53839.0,19.5,59.5,0.1512875087403
53840.0,20.5,59.5,0.0468571053255154
53841.0,21.5,59.5,0.0048868871656614675
53842.0,22.5,59.5,0.4031266524241
53843.0,23.5,59.5,0.6768083005491
53844.0,24.5,59.5,0.4533748698526
53845.0,25.5,59.5,1.144706561819
53846.0,26.5,59.5,0.8153661704373
53847.0,27.5,59.5,1.600144891441
53848.0,28.5,59.5,5.1294262131743
53849.0,29.5,59.5,8.5251935976948
53850.0,30.5,59.5,28.612794066067202
53851.0,31.5,59.5,7.1594544233871
53852.0,32.5,59.5,3.4071773340174
53853.0,33.5,59.5,2.0835247862925
53854.0,34.5,59.5,1.2861153813445
53855.0,35.5,59.5,1.4501594374754
53856.0,36.5,59.5,0.2391520966285
53857.0,37.5,59.5,6.4313840849362
53858.0,38.5,59.5,2.6421928639131003
53859.0,39.5,59.5,8.576998694928701
53860.0,40.5,59.5,3.0580898620065
53861.0,41.5,59.5,0.3090054581206
53862.0,42.5,59.5,1.5039502798064
53863.0,43.5,59.5,0.8461924650911
53864.0,44.5,59.5,0.7355228599232999
53865.0,45.5,59.5,2.2545560264866
53866.0,46.5,59.5,0.8266963808515999
53867.0,47.5,59.5,0.3774311402682
53868.0,48.5,59.5,1.2004104899943
53869.0,49.5,59.5,0.6953774149013
53870.0,50.5,59.5,0.005875744194943323
53874.0,54.5,59.5,0.039459524920471334
53875.0,55.5,59.5,0.02143023104001305
53877.0,57.5,59.5,0.911675829517
53887.0,67.5,59.5,0.1978487999556
53888.0,68.5,59.5,0.2965599709835
53889.0,69.5,59.5,0.09905244134321277
53890.0,70.5,59.5,0.03955621343226109
53898.0,78.5,59.5,0.1020783703917
53899.0,79.5,59.5,-0.00018679794586281631
53903.0,83.5,59.5,-8.949680111894516e-06
53905.0,85.5,59.5,0.00028075629359643173
53907.0,87.5,59.5,0.00027689491152394353
53912.0,92.5,59.5,0.07701214101616842
53929.0,109.5,59.5,0.00022620935587693705
53930.0,110.5,59.5,0.0009144420364638456
53931.0,111.5,59.5,0.00034269668040754685
53932.0,112.5,59.5,0.2687587395673
53957.0,137.5,59.5,0.027996451316261012
54030.0,-149.5,60.5,-0.0008600750614618633
54041.0,-138.5,60.5,4.469449553928902e-05
54042.0,-137.5,60.5,0.015605705705926913
54043.0,-136.5,60.5,1.1225639938072782e-05
54044.0,-135.5,60.5,0.3666869242121
54045.0,-134.5,60.5,0.05459981252743911
54046.0,-133.5,60.5,0.0020563392331357628
54047.0,-132.5,60.5,1.2143373264422636e-05
54051.0,-128.5,60.5,0.032290807331743915
54056.0,-123.5,60.5,0.012537290748775189
54058.0,-121.5,60.5,0.002325647044807427
54062.0,-117.5,60.5,0.0008497440547653865
54063.0,-116.5,60.5,0.2830630555316
54064.0,-115.5,60.5,2.3327886365359998
54065.0,-114.5,60.5,0.0010474325274635098
54066.0,-113.5,60.5,0.00019800952533258906
54067.0,-112.5,60.5,0.0028466375120571167
54068.0,-111.5,60.5,0.05882387177946595
54184.0,4.5,60.5,0.5968412836711
54185.0,5.5,60.5,-1.5114946410766998
54186.0,6.5,60.5,-0.1944970984669
54187.0,7.5,60.5,-0.03783267038635197
54188.0,8.5,60.5,-0.08340649578665137
54189.0,9.5,60.5,-0.3316930994812
54190.0,10.5,60.5,-0.2988684186691
54191.0,11.5,60.5,-1.1154257585482
54192.0,12.5,60.5,-0.2498180309914
54193.0,13.5,60.5,-0.2334406873807
54194.0,14.5,60.5,-0.2564423769012
54195.0,15.5,60.5,-1.0228796158246
54196.0,16.5,60.5,-0.4173351472254
54197.0,17.5,60.5,-0.47458976782900003
54198.0,18.5,60.5,0.9938067986274
54199.0,19.5,60.5,0.7916759753938
54200.0,20.5,60.5,0.485772407531
54201.0,21.5,60.5,3.451462174969
54202.0,22.5,60.5,11.2351037834448
54203.0,23.5,60.5,6.7515096169455004
54204.0,24.5,60.5,18.3958512205396
54205.0,25.5,60.5,14.083671532189399
54206.0,26.5,60.5,5.690656550094
54207.0,27.5,60.5,1.6423260759231
54208.0,28.5,60.5,2.4418970943018996
54209.0,29.5,60.5,4.6111816366533995
54210.0,30.5,60.5,4.6452199219648005
54211.0,31.5,60.5,0.2986649655854
54212.0,32.5,60.5,1.7505872205708
54213.0,33.5,60.5,1.5449275251995
54214.0,34.5,60.5,0.9084989694551
54215.0,35.5,60.5,0.14668700817119998
54216.0,36.5,60.5,0.5842512946502
54217.0,37.5,60.5,1.0562165482754
54218.0,38.5,60.5,0.32760335810269997
54219.0,39.5,60.5,0.548440677618
54220.0,40.5,60.5,1.8060201631608
54221.0,41.5,60.5,1.1984489149236999
54222.0,42.5,60.5,0.9848339817455001
54223.0,43.5,60.5,1.4281264485246001
54224.0,44.5,60.5,0.7257504518727
54225.0,45.5,60.5,0.5808080861548001
54226.0,46.5,60.5,2.7115398980363
54227.0,47.5,60.5,1.9607111185687
54228.0,48.5,60.5,0.06626249492599164
54229.0,49.5,60.5,0.07185643533300326
54230.0,50.5,60.5,0.1822526391627
54231.0,51.5,60.5,0.1017010444768
54234.0,54.5,60.5,0.03617391348359888
54237.0,57.5,60.5,0.0022766401374946844
54240.0,60.5,60.5,-0.0034471402206455674
54241.0,61.5,60.5,0.00014649284047459906
54243.0,63.5,60.5,-0.0002659992716157876
54248.0,68.5,60.5,0.03775742031440501
54249.0,69.5,60.5,0.6874104284851
54250.0,70.5,60.5,0.004364618716833805
54262.0,82.5,60.5,0.000545638812927581
54263.0,83.5,60.5,0.0007086822515402592
54269.0,89.5,60.5,-0.00036806340882941283
54272.0,92.5,60.5,0.08145927573650535
54273.0,93.5,60.5,0.19221933631350002
54276.0,96.5,60.5,0.0036697381490455607
54277.0,97.5,60.5,0.00027551194024745437
54293.0,113.5,60.5,-7.687397179679189e-05
54296.0,116.5,60.5,0.003101790155407417
54303.0,123.5,60.5,0.00030826470253695243
54304.0,124.5,60.5,0.005875403359059935
54310.0,130.5,60.5,0.01834530701752392
54311.0,131.5,60.5,0.4814333400884
54312.0,132.5,60.5,0.1218001624005
54313.0,133.5,60.5,0.0006785696206929327
54314.0,134.5,60.5,-0.0002871229608014858
54315.0,135.5,60.5,0.09428205641769796
54317.0,137.5,60.5,0.04974697878705242
54389.0,-150.5,61.5,0.009405734181548976
54390.0,-149.5,61.5,2.9173999048427
54399.0,-140.5,61.5,0.0014331411288604496
54400.0,-139.5,61.5,0.0008793642541701943
54401.0,-138.5,61.5,0.004955323393966812
54403.0,-136.5,61.5,0.00028572960732234815
54404.0,-135.5,61.5,0.010164989549179115
54405.0,-134.5,61.5,0.0004341140861906287
54407.0,-132.5,61.5,-0.00012413411600700102
54409.0,-130.5,61.5,0.0003109768126993756
54411.0,-128.5,61.5,7.678450704405685e-05
54417.0,-122.5,61.5,2.3497051026054884e-05
54418.0,-121.5,61.5,0.022479453725884894
54419.0,-120.5,61.5,0.00022739145838758737
54421.0,-118.5,61.5,9.544857969643509e-05
54422.0,-117.5,61.5,0.013874033741699331
54423.0,-116.5,61.5,0.007039024357498823
54426.0,-113.5,61.5,5.730666444851568e-05
54427.0,-112.5,61.5,6.996447889907144e-05
54533.0,-6.5,61.5,0.2011374905247
54544.0,4.5,61.5,0.1585971853832
54545.0,5.5,61.5,-0.3424250248609
54546.0,6.5,61.5,-0.2235244945907
54547.0,7.5,61.5,-0.10499715385410001
54548.0,8.5,61.5,-0.1082575444613
54549.0,9.5,61.5,-0.2716045058509
54550.0,10.5,61.5,-0.1049443558974
54551.0,11.5,61.5,-0.1011955689985
54552.0,12.5,61.5,-0.1127411332713
54553.0,13.5,61.5,-0.06503193230544495
54554.0,14.5,61.5,-0.1871702379714
54555.0,15.5,61.5,-0.08422891087432872
54556.0,16.5,61.5,-0.4006133820992
54557.0,17.5,61.5,0.8372796732129001
54561.0,21.5,61.5,5.8540243626252
54562.0,22.5,61.5,5.4492906129965
54563.0,23.5,61.5,7.9988248613657005
54564.0,24.5,61.5,3.7704706802411003
54565.0,25.5,61.5,2.8870440827913
54566.0,26.5,61.5,1.6540293343692
54567.0,27.5,61.5,1.6699353089384
54568.0,28.5,61.5,2.8443287179402
54569.0,29.5,61.5,1.4939580913529
54570.0,30.5,61.5,1.4655964067169
54571.0,31.5,61.5,0.5357918435571
54572.0,32.5,61.5,0.6501141759133
54573.0,33.5,61.5,0.49351593863259996
54574.0,34.5,61.5,0.8605508026334
54575.0,35.5,61.5,0.35760337087940003
54576.0,36.5,61.5,1.021873014886
54577.0,37.5,61.5,0.08268367900993014
54578.0,38.5,61.5,0.8760838365126
54579.0,39.5,61.5,0.2400585929749
54580.0,40.5,61.5,1.1525861312295
54581.0,41.5,61.5,0.6388318031064001
54582.0,42.5,61.5,2.2094567832045
54583.0,43.5,61.5,0.852801110065
54584.0,44.5,61.5,0.3719668510677
54585.0,45.5,61.5,0.8718446649268
54586.0,46.5,61.5,2.9660546218874
54587.0,47.5,61.5,0.023889801712998048
54601.0,61.5,61.5,0.03341237052032768
54602.0,62.5,61.5,-0.0010635811193015238
54603.0,63.5,61.5,-0.009289072591686525
54608.0,68.5,61.5,0.05188406229400417
54609.0,69.5,61.5,0.9052473531247001
54610.0,70.5,61.5,0.05277759966490239
54632.0,92.5,61.5,0.006884308831920864
54636.0,96.5,61.5,0.004711873235523057
54640.0,100.5,61.5,0.002909725289811592
54652.0,112.5,61.5,-0.0005738442415700815
54653.0,113.5,61.5,-0.00023276547170169985
54664.0,124.5,61.5,0.000933763241336838
54665.0,125.5,61.5,0.00019706694445241932
54666.0,126.5,61.5,0.09179633746600642
54667.0,127.5,61.5,0.04854047069159638
54668.0,128.5,61.5,0.4772166909165
54669.0,129.5,61.5,1.5663628880433
54670.0,130.5,61.5,0.6524427049181
54671.0,131.5,61.5,0.31073636833659996
54672.0,132.5,61.5,0.729041773117
54673.0,133.5,61.5,0.11811372591550001
54675.0,135.5,61.5,0.016637139615852888
54678.0,138.5,61.5,0.012256959448732348
54688.0,148.5,61.5,0.0001714171713423632
54689.0,149.5,61.5,-0.0002267002197180461
54759.0,-140.5,62.5,0.003199799648774057
54762.0,-137.5,62.5,0.0009959967481547917
54763.0,-136.5,62.5,0.016022259441157195
54764.0,-135.5,62.5,3.666794225456142e-05
54765.0,-134.5,62.5,3.120614252597111e-06
54766.0,-133.5,62.5,0.011217752315927823
54767.0,-132.5,62.5,1.2057864382509545e-05
54776.0,-123.5,62.5,0.00013215609412657215
54777.0,-122.5,62.5,0.0001501976728488011
54783.0,-116.5,62.5,0.011757012834416125
54784.0,-115.5,62.5,-4.631464072562396e-05
54785.0,-114.5,62.5,0.3106060874667
54786.0,-113.5,62.5,0.0045300864569766995
54789.0,-110.5,62.5,0.012881429002000335
54790.0,-109.5,62.5,0.0005296718571437784
54791.0,-108.5,62.5,4.0931006794504526e-05
54807.0,-92.5,62.5,0.037291785160025084
54808.0,-91.5,62.5,2.759020651186899e-05
54892.0,-7.5,62.5,0.1296016370843
54893.0,-6.5,62.5,0.5917429130948
54904.0,4.5,62.5,0.0008104481327329047
54905.0,5.5,62.5,0.8597502619812001
54906.0,6.5,62.5,-0.7022512396897
54907.0,7.5,62.5,-0.31294083981349996
54908.0,8.5,62.5,-0.1101762047247
54909.0,9.5,62.5,-0.08989089405436401
54910.0,10.5,62.5,-0.1922588782157
54911.0,11.5,62.5,-0.07213704743723569
54912.0,12.5,62.5,-0.011749132429437367
54913.0,13.5,62.5,-0.0536915897364268
54914.0,14.5,62.5,-0.1302659329028
54915.0,15.5,62.5,-0.0846535630477738
54916.0,16.5,62.5,-0.06917683912829124
54917.0,17.5,62.5,-0.6791504607809
54918.0,18.5,62.5,0.1591996587304
54921.0,21.5,62.5,3.6061354078472
54922.0,22.5,62.5,5.6652999770288
54923.0,23.5,62.5,1.9134919209521999
54924.0,24.5,62.5,1.4749005510484998
54925.0,25.5,62.5,4.240778279838
54926.0,26.5,62.5,1.4292405783508
54927.0,27.5,62.5,3.5335156727024
54928.0,28.5,62.5,1.3307873667507
54929.0,29.5,62.5,2.6261487368365
54930.0,30.5,62.5,1.5170691347658
54931.0,31.5,62.5,0.1091267621069
54932.0,32.5,62.5,0.508920458817
54933.0,33.5,62.5,0.31513696747360004
54934.0,34.5,62.5,1.5611002300819001
54935.0,35.5,62.5,0.33962066506559996
54936.0,36.5,62.5,0.07342073984921528
54937.0,37.5,62.5,0.014445027574347936
54938.0,38.5,62.5,0.2119350921606
54939.0,39.5,62.5,0.5490483674564
54940.0,40.5,62.5,1.3303203715022
54941.0,41.5,62.5,0.1002852859288
54942.0,42.5,62.5,1.1583178826417
54943.0,43.5,62.5,0.5096452602204
54944.0,44.5,62.5,0.30544213183290003
54945.0,45.5,62.5,0.06492826424871467
54946.0,46.5,62.5,0.2350648925842
54950.0,50.5,62.5,0.00015643263728345726
54963.0,63.5,62.5,0.0007490195476476119
54965.0,65.5,62.5,1.0721175342516
54968.0,68.5,62.5,5.0806425087388244e-05
54970.0,70.5,62.5,0.005118973732278375
54979.0,79.5,62.5,-3.771029640831019e-06
54980.0,80.5,62.5,0.01157146216511062
55017.0,117.5,62.5,0.4084227404334
55024.0,124.5,62.5,0.06365825994026036
55025.0,125.5,62.5,0.04162660108450389
55026.0,126.5,62.5,0.33453518757379996
55027.0,127.5,62.5,0.027728713692908632
55028.0,128.5,62.5,0.06453562024090127
55029.0,129.5,62.5,0.8886209222961
55030.0,130.5,62.5,0.6286420773336
55031.0,131.5,62.5,0.608691322782
55032.0,132.5,62.5,0.4835931320247
55033.0,133.5,62.5,0.5499951207031001
55034.0,134.5,62.5,0.2822728103431
55035.0,135.5,62.5,0.023063445766172974
55037.0,137.5,62.5,8.034311924947107e-05
55038.0,138.5,62.5,1.026871282059571e-05
55039.0,139.5,62.5,0.017202378508533994
55048.0,148.5,62.5,0.0033998895211173356
55049.0,149.5,62.5,0.08827232963825497
55050.0,150.5,62.5,0.08964831279256551
55051.0,151.5,62.5,0.016064662880155605
55052.0,152.5,62.5,0.0003352316805514042
55066.0,166.5,62.5,0.007747393329271092
55119.0,-140.5,63.5,0.0001487360536180553
55120.0,-139.5,63.5,0.0006708258817029781
55121.0,-138.5,63.5,0.0005491946016727042
55136.0,-123.5,63.5,0.004417355110784119
55142.0,-117.5,63.5,0.002030176699841505
55143.0,-116.5,63.5,2.3235470001031177e-05
55146.0,-113.5,63.5,0.0001652848776985114
55147.0,-112.5,63.5,0.0005212902069183118
55148.0,-111.5,63.5,1.1472639154230665e-05
55149.0,-110.5,63.5,9.973751426226523e-05
55167.0,-92.5,63.5,8.324115949920726e-06
55191.0,-68.5,63.5,0.09937380137561401
55237.0,-22.5,63.5,0.32259065204140003
55238.0,-21.5,63.5,0.2218962404196
55239.0,-20.5,63.5,0.2761315479792
55240.0,-19.5,63.5,-0.011912033678600978
55241.0,-18.5,63.5,-0.006774287954297419
55242.0,-17.5,63.5,0.01022638837334283
55243.0,-16.5,63.5,0.006698815012277629
55267.0,7.5,63.5,0.6623740641765
55268.0,8.5,63.5,-0.13176553076300002
55269.0,9.5,63.5,-0.3943555358495
55270.0,10.5,63.5,3.3008076497038
55271.0,11.5,63.5,-0.3259980224485
55272.0,12.5,63.5,-0.029185082115607358
55273.0,13.5,63.5,-0.0763387162849244
55274.0,14.5,63.5,-0.2636937657167
55275.0,15.5,63.5,-0.06310898756578466
55276.0,16.5,63.5,-0.004389393445745935
55277.0,17.5,63.5,-0.12788115293479999
55278.0,18.5,63.5,-0.2988821682376
55279.0,19.5,63.5,-0.08416770461627479
55280.0,20.5,63.5,2.0760711167030004
55281.0,21.5,63.5,2.1167905923584
55282.0,22.5,63.5,2.2720644097871
55283.0,23.5,63.5,2.4181625833973
55284.0,24.5,63.5,1.398948713305
55285.0,25.5,63.5,1.4616217966178
55286.0,26.5,63.5,0.5470914479969
55287.0,27.5,63.5,2.2678989109887
55288.0,28.5,63.5,0.7521511169877
55289.0,29.5,63.5,0.25196950665740003
55290.0,30.5,63.5,0.5498584120448
55291.0,31.5,63.5,0.1771670127712
55292.0,32.5,63.5,0.1533144766185
55293.0,33.5,63.5,0.13869823442440002
55294.0,34.5,63.5,0.7737921953799
55295.0,35.5,63.5,0.0558177119333344
55296.0,36.5,63.5,0.03133827612803175
55297.0,37.5,63.5,0.1355506561785
55298.0,38.5,63.5,0.5859320849879001
55299.0,39.5,63.5,0.270824245598
55300.0,40.5,63.5,0.3635024997113
55301.0,41.5,63.5,0.7365541409891
55302.0,42.5,63.5,0.2486149159078
55303.0,43.5,63.5,0.042262387181240056
55304.0,44.5,63.5,0.3713826337084
55305.0,45.5,63.5,0.3369105598202
55306.0,46.5,63.5,0.10725694548089999
55307.0,47.5,63.5,0.02305285914156924
55310.0,50.5,63.5,0.02006586631686909
55313.0,53.5,63.5,0.6282501357308
55314.0,54.5,63.5,-0.0004733668925608938
55317.0,57.5,63.5,0.2323287369784
55318.0,58.5,63.5,-1.0979726965696212e-05
55329.0,69.5,63.5,0.001915674656028582
55333.0,73.5,63.5,0.0036393362852642375
55335.0,75.5,63.5,1.3383353196345
55347.0,87.5,63.5,0.01408348468443978
55372.0,112.5,63.5,-0.0012469281249043005
55373.0,113.5,63.5,0.044955682984727
55383.0,123.5,63.5,0.019207709468491835
55385.0,125.5,63.5,0.04829493782087753
55386.0,126.5,63.5,0.144942527006
55387.0,127.5,63.5,0.18087866494180002
55388.0,128.5,63.5,0.01997347530206864
55389.0,129.5,63.5,0.06949051197593532
55390.0,130.5,63.5,0.127412927294
55391.0,131.5,63.5,0.002683626185529518
55392.0,132.5,63.5,0.021308926220130163
55393.0,133.5,63.5,0.08718521422100342
55394.0,134.5,63.5,-0.00018645858554003242
55397.0,137.5,63.5,1.7639374404826564e-05
55406.0,146.5,63.5,0.004224846787471743
55407.0,147.5,63.5,0.0190921432608118
55416.0,156.5,63.5,-4.792223006073372e-05
55471.0,-148.5,64.5,0.010689699980265675
55472.0,-147.5,64.5,0.5914353478016999
55479.0,-140.5,64.5,0.000197083325302156
55480.0,-139.5,64.5,0.04441701507092482
55481.0,-138.5,64.5,2.981882835351351e-05
55494.0,-125.5,64.5,0.008163103377664918
55495.0,-124.5,64.5,0.0014707729420463647
55502.0,-117.5,64.5,0.005742428783383039
55505.0,-114.5,64.5,0.0008534338346829056
55506.0,-113.5,64.5,1.659547421405547e-05
55509.0,-110.5,64.5,0.007842330810457463
55510.0,-109.5,64.5,0.00021914332616799082
55595.0,-24.5,64.5,2.3372695825552284e-05
55596.0,-23.5,64.5,0.05130164210648676
55597.0,-22.5,64.5,0.3973223802542
55598.0,-21.5,64.5,-0.6231781670231
55599.0,-20.5,64.5,-0.06361828265953703
55600.0,-19.5,64.5,-0.00236672749989848
55601.0,-18.5,64.5,-0.00026549416660027667
55602.0,-17.5,64.5,-2.009902121884395e-05
55603.0,-16.5,64.5,-0.0009668394905633147
55604.0,-15.5,64.5,-0.01727432389304998
55605.0,-14.5,64.5,-0.010596750519725508
55606.0,-13.5,64.5,0.010849729725360054
55629.0,9.5,64.5,0.016508844954503797
55630.0,10.5,64.5,0.23518806946710002
55631.0,11.5,64.5,-0.3237152171832
55632.0,12.5,64.5,-0.08090518549061733
55633.0,13.5,64.5,-0.02889423442564568
55634.0,14.5,64.5,-0.010470337374088916
55635.0,15.5,64.5,-0.02873291927569351
55636.0,16.5,64.5,-0.04962214614706411
55637.0,17.5,64.5,-0.03282857109031033
55638.0,18.5,64.5,-0.016212863605739147
55639.0,19.5,64.5,-0.06674329976291701
55640.0,20.5,64.5,-0.06512794817046158
55641.0,21.5,64.5,0.6352630235515999
55643.0,23.5,64.5,0.8400298982709999
55644.0,24.5,64.5,2.385930230159
55645.0,25.5,64.5,3.1187837936839
55646.0,26.5,64.5,0.6812119290323
55647.0,27.5,64.5,0.9270712254527
55648.0,28.5,64.5,0.2158191692144
55649.0,29.5,64.5,0.3664593897123
55650.0,30.5,64.5,0.5101368476997
55651.0,31.5,64.5,0.05323884539106482
55652.0,32.5,64.5,0.2350644892936
55653.0,33.5,64.5,0.04104606423933097
55654.0,34.5,64.5,0.8190572865523
55655.0,35.5,64.5,0.05641048209264267
55656.0,36.5,64.5,0.022069443808295827
55657.0,37.5,64.5,0.04824770932234998
55658.0,38.5,64.5,0.1162999967819
55659.0,39.5,64.5,2.3467495680519
55660.0,40.5,64.5,4.9000164773872
55661.0,41.5,64.5,0.8520504743905
55662.0,42.5,64.5,0.05528650318173212
55663.0,43.5,64.5,0.274672395595
55664.0,44.5,64.5,0.4368262018208
55665.0,45.5,64.5,0.2180834740966
55666.0,46.5,64.5,0.1415015206103
55667.0,47.5,64.5,0.10538303442109999
55668.0,48.5,64.5,0.053112097811456926
55680.0,60.5,64.5,-0.000936635851025065
55696.0,76.5,64.5,-0.005571711603281765
55697.0,77.5,64.5,0.04784165602356178
55698.0,78.5,64.5,0.010449703485289829
55734.0,114.5,64.5,-9.563148842055724e-06
55742.0,122.5,64.5,0.019925851148741354
55746.0,126.5,64.5,8.274165000356958e-05
55747.0,127.5,64.5,1.0758028219220027e-05
55750.0,130.5,64.5,0.013602366455462136
55755.0,135.5,64.5,0.016141338358802312
55756.0,136.5,64.5,2.121464670545246e-06
55764.0,144.5,64.5,0.001546032109898674
55765.0,145.5,64.5,-0.0002651098796612892
55774.0,154.5,64.5,7.242937432852237e-05
55831.0,-148.5,65.5,0.00011084883773345747
55832.0,-147.5,65.5,0.007120959765752641
55851.0,-128.5,65.5,0.0014213439950985696
55852.0,-127.5,65.5,7.197889196682177e-05
55853.0,-126.5,65.5,0.029301774113638022
55854.0,-125.5,65.5,5.115328585495592e-06
55855.0,-124.5,65.5,0.004240183439565011
55856.0,-123.5,65.5,0.004670004289927318
55955.0,-24.5,65.5,0.007257435047403891
55956.0,-23.5,65.5,-0.013227628467923963
55957.0,-22.5,65.5,0.05384377837740141
55958.0,-21.5,65.5,-0.01937406202099295
55959.0,-20.5,65.5,-0.0285114843872212
55960.0,-19.5,65.5,-0.03707219195747117
55961.0,-18.5,65.5,-0.1103583576083
55962.0,-17.5,65.5,-0.017210855543476292
55963.0,-16.5,65.5,-0.004039669668422301
55964.0,-15.5,65.5,-0.0018636317919906952
55965.0,-14.5,65.5,-0.05277218408556924
55966.0,-13.5,65.5,0.05545881558685672
55991.0,11.5,65.5,0.1012348071598
55992.0,12.5,65.5,-0.14298822366879999
55993.0,13.5,65.5,-0.106191476369
55994.0,14.5,65.5,-0.014974943445103188
55995.0,15.5,65.5,-0.02074435926612056
55996.0,16.5,65.5,-0.019052668651693635
55997.0,17.5,65.5,-0.05536525630134538
55998.0,18.5,65.5,-0.04014920481449742
55999.0,19.5,65.5,-0.044396197776442776
56000.0,20.5,65.5,-0.06123974541156962
56001.0,21.5,65.5,-0.5254734484083
56002.0,22.5,65.5,1.5407471450138002
56003.0,23.5,65.5,0.5748092585275
56004.0,24.5,65.5,2.0934606711463
56005.0,25.5,65.5,3.0854163661263
56006.0,26.5,65.5,0.2934171261437
56007.0,27.5,65.5,0.1701983100636
56008.0,28.5,65.5,0.185664091732
56009.0,29.5,65.5,0.2886146868794
56010.0,30.5,65.5,0.013556657604484811
56011.0,31.5,65.5,0.27914866243430003
56012.0,32.5,65.5,0.01461886706004248
56013.0,33.5,65.5,0.0682136962867997
56014.0,34.5,65.5,0.009459327409562382
56015.0,35.5,65.5,0.015386823810950336
56016.0,36.5,65.5,0.0012421500821214921
56017.0,37.5,65.5,0.002076080742673943
56020.0,40.5,65.5,0.018040803639230118
56021.0,41.5,65.5,0.030160741460314427
56022.0,42.5,65.5,-4.92765570737698e-06
56023.0,43.5,65.5,0.0565048461869214
56024.0,44.5,65.5,0.2112469493095
56025.0,45.5,65.5,0.0057444833237549
56032.0,52.5,65.5,0.049446730313175855
56033.0,53.5,65.5,0.1600984332963
56057.0,77.5,65.5,0.0006248845928489852
56058.0,78.5,65.5,0.010329369041015554
56091.0,111.5,65.5,-0.0008831145445674928
56092.0,112.5,65.5,-4.1414399680727574e-05
56115.0,135.5,65.5,-3.057319690134176e-05
56119.0,139.5,65.5,7.307843710224986e-06
56203.0,-136.5,66.5,-1.4406338384371723e-06
56211.0,-128.5,66.5,0.011816595389307119
56212.0,-127.5,66.5,2.2654890079915432e-05
56213.0,-126.5,66.5,0.004666464021057738
56231.0,-108.5,66.5,0.0051896572268648146
56316.0,-23.5,66.5,0.0774267885319911
56317.0,-22.5,66.5,0.00869271127202382
56318.0,-21.5,66.5,0.0029557231475460326
56319.0,-20.5,66.5,0.0015223480856589996
56320.0,-19.5,66.5,0.0067984756778451646
56321.0,-18.5,66.5,0.04941335316280981
56322.0,-17.5,66.5,0.042277552323655855
56323.0,-16.5,66.5,0.021577209489408125
56324.0,-15.5,66.5,0.029759583137922912
56325.0,-14.5,66.5,0.0031368732184642637
56352.0,12.5,66.5,0.3354561479819
56353.0,13.5,66.5,-0.1121203745457
56354.0,14.5,66.5,-0.0801664422477496
56355.0,15.5,66.5,-0.008196345826315619
56356.0,16.5,66.5,-0.0004105976349306087
56357.0,17.5,66.5,-0.014262164065271846
56358.0,18.5,66.5,-0.0034516974586780596
56359.0,19.5,66.5,-0.015976113988551387
56360.0,20.5,66.5,-0.014018112678970143
56361.0,21.5,66.5,-0.025313906154724126
56362.0,22.5,66.5,-0.026644140212492264
56363.0,23.5,66.5,-0.1059284771544
56364.0,24.5,66.5,0.31130620354099997
56365.0,25.5,66.5,0.8596394897898
56366.0,26.5,66.5,0.08592319185178321
56367.0,27.5,66.5,0.1982088461879
56368.0,28.5,66.5,0.15758112482089998
56369.0,29.5,66.5,0.15889441536190002
56406.0,66.5,66.5,1.038181705267
56428.0,88.5,66.5,0.01643330715498085
56451.0,111.5,66.5,-0.0002846787453498222
56452.0,112.5,66.5,0.1235794357201
56473.0,133.5,66.5,-5.9343491730762016e-05
56491.0,151.5,66.5,0.0003202223205497852
56492.0,152.5,66.5,-2.0018870076333085e-05
56560.0,-139.5,67.5,0.003280796431151502
56564.0,-135.5,67.5,1.4986477366235181e-05
56565.0,-134.5,67.5,0.0010814540030248704
56712.0,12.5,67.5,0.022022132799152928
56713.0,13.5,67.5,0.0409134266360367
56714.0,14.5,67.5,0.7061819087969
56715.0,15.5,67.5,0.27790115999459997
56716.0,16.5,67.5,-0.002325228983079788
56717.0,17.5,67.5,-0.00035770774662600367
56718.0,18.5,67.5,-0.0005221238148873414
56719.0,19.5,67.5,-0.003310798402377528
56720.0,20.5,67.5,-0.1318406386513
56721.0,21.5,67.5,-0.0219814838393383
56722.0,22.5,67.5,-0.02361456863222008
56723.0,23.5,67.5,0.2511961027765
56724.0,24.5,67.5,0.1313128898127
56725.0,25.5,67.5,0.06590917950162026
56726.0,26.5,67.5,0.18053634741430002
56727.0,27.5,67.5,0.056773016914603985
56728.0,28.5,67.5,0.04149198916021209
56729.0,29.5,67.5,0.005039001916907016
56730.0,30.5,67.5,-0.0027969559034236495
56733.0,33.5,67.5,0.1480041764382
56753.0,53.5,67.5,0.04011872843476724
56763.0,63.5,67.5,0.014462941206000389
56764.0,64.5,67.5,0.6884573423662
56800.0,100.5,67.5,0.00520272561247594
56924.0,-135.5,68.5,0.009494109549579823
56925.0,-134.5,68.5,0.00014956060148095898
56926.0,-133.5,68.5,0.14863551111019999
57073.0,13.5,68.5,0.2115139388783
57074.0,14.5,68.5,0.26598311637989996
57075.0,15.5,68.5,-0.11187533861230001
57076.0,16.5,68.5,0.4760800865285
57077.0,17.5,68.5,-0.07551206375201307
57078.0,18.5,68.5,-0.015722772665429242
57079.0,19.5,68.5,-0.0036439726419650576
57080.0,20.5,68.5,-7.482283756035573e-05
57081.0,21.5,68.5,-0.001258350841011687
57082.0,22.5,68.5,0.0033517386006698944
57083.0,23.5,68.5,0.05385241184733388
57084.0,24.5,68.5,0.019704125397308255
57085.0,25.5,68.5,0.0008045874842876026
57086.0,26.5,68.5,0.0028085989517726167
57087.0,27.5,68.5,0.015803090303658916
57088.0,28.5,68.5,0.009342618209687025
57089.0,29.5,68.5,0.0001947382653182969
57173.0,113.5,68.5,5.251483713896535e-05
57280.0,-139.5,69.5,2.2995519056639232e-05
57286.0,-133.5,69.5,0.007687884493727471
57287.0,-132.5,69.5,0.008090677584274533
57314.0,-105.5,69.5,0.025409256799406088
57435.0,15.5,69.5,0.039237474280290216
57436.0,16.5,69.5,0.056142654535330815
57437.0,17.5,69.5,-0.05123212806287163
57438.0,18.5,69.5,0.5686416687296
57439.0,19.5,69.5,-0.09065240684272466
57440.0,20.5,69.5,-0.04113815876735717
57441.0,21.5,69.5,-0.01668664455561971
57442.0,22.5,69.5,-0.0065443418758389885
57443.0,23.5,69.5,-0.0775403500235387
57444.0,24.5,69.5,-0.0008870616736216533
57445.0,25.5,69.5,-0.011662711627296374
57446.0,26.5,69.5,0.004221453067125206
57447.0,27.5,69.5,0.014707127126622293
57448.0,28.5,69.5,0.003867678298689818
57449.0,29.5,69.5,-0.0186511967218233
57450.0,30.5,69.5,0.12425555881530001
57451.0,31.5,69.5,-0.0019440232546564346
57798.0,18.5,70.5,0.0023027574362854655
57799.0,19.5,70.5,0.028322230306359292
57800.0,20.5,70.5,0.027996383698844808
57801.0,21.5,70.5,0.0021671467832542375
57802.0,22.5,70.5,0.029373492092429516
57803.0,23.5,70.5,-0.04857858544863643
57804.0,24.5,70.5,-0.02048086705174268
57805.0,25.5,70.5,0.04751637838353552
57806.0,26.5,70.5,-0.0027941358575314236
57807.0,27.5,70.5,-0.006711068575567331
57808.0,28.5,70.5,-0.028231031433025473
57809.0,29.5,70.5,-0.036896593993867036
57810.0,30.5,70.5,-0.0045536212907741095
57811.0,31.5,70.5,0.03771403050097528
57983.0,-156.5,71.5,0.04133425279928885
58163.0,23.5,71.5,0.0004765204420981164
58164.0,24.5,71.5,0.004304547014698274
58165.0,25.5,71.5,0.007763383827674165
58167.0,27.5,71.5,0.009903823003707258
58168.0,28.5,71.5,0.0014872388966228574
58422.0,-77.5,72.5,0.01334306782098894
59124.0,-95.5,74.5,0.0019648144447557084
59125.0,-94.5,74.5,0.008738412836961645
