sample_id,country_tag,net_g_co2e_kwh
1,iceland,-29.887855007203317
1,norway,-21.038442883576156
1,paraguay,-1.2150899344572257
1,sweden,-9.191486098243535
1,switzerland,5.261505274590223
2,iceland,-34.97298383236296
2,norway,-25.743569815432373
2,paraguay,-5.477070788115844
2,sweden,-15.317841453792784
2,switzerland,-2.0941107494776428
3,iceland,-37.20321911622744
3,norway,-28.03891041598045
3,paraguay,-6.986198601506596
3,sweden,-18.696691313805843
3,switzerland,-5.396290701486616
4,iceland,-43.66407300149453
4,norway,-35.01957760512299
4,paraguay,-8.929345588513236
4,sweden,-24.096735909140165
4,switzerland,-7.381400484579299
5,iceland,-42.00605888489154
5,norway,-32.68055774022638
5,paraguay,-10.903570389177396
5,sweden,-24.648614400156976
5,switzerland,-12.225027666889783
6,iceland,-26.886451516972205
6,norway,-18.6366521911165
6,paraguay,3.0825116894835816
6,sweden,-4.176165295656195
6,switzerland,12.87501970909201
7,iceland,-31.57390197018008
7,norway,-23.290661779559517
7,paraguay,-0.4948632131521019
7,sweden,-9.745993011668016
7,switzerland,7.177816720124069
8,iceland,-38.68236834307726
8,norway,-29.056732565938745
8,paraguay,-6.934060483319708
8,sweden,-18.26786880169106
8,switzerland,-3.973757420064738
9,iceland,-44.69237362355223
9,norway,-34.770906807869565
9,paraguay,-11.240030380467386
9,sweden,-25.637576726229963
9,switzerland,-11.92719219540322
10,iceland,-41.73029525888799
10,norway,-32.24815675708804
10,paraguay,-11.407996841489457
10,sweden,-25.017522202453364
10,switzerland,-13.45354464310282
11,iceland,-38.38300312886827
11,norway,-29.016195745088385
11,paraguay,-3.559792317958152
11,sweden,-15.309851965251513
11,switzerland,2.4230144473946646
12,iceland,-32.27998092553756
12,norway,-23.390073794570064
12,paraguay,-3.935911046654771
12,sweden,-12.890039199547664
12,switzerland,-0.0050189078788613
13,iceland,-41.33001779477128
13,norway,-31.526049846668407
13,paraguay,-10.708670052558949
13,sweden,-23.655098560867422
13,switzerland,-12.023055226506292
14,iceland,-41.18813528082537
14,norway,-31.891214166913382
14,paraguay,-10.684146372122898
14,sweden,-23.53136206567649
14,switzerland,-11.105541247797843
15,iceland,-31.05519523017509
15,norway,-22.54861656041088
15,paraguay,-0.5298436067611926
15,sweden,-9.672038901247426
15,switzerland,6.637747489991677
16,iceland,-28.48294940678221
16,norway,-19.698804482306944
16,paraguay,-0.0018125764758609
16,sweden,-7.162296677002932
16,switzerland,7.55729008920782
17,iceland,-42.82769424370249
17,norway,-33.60426518073933
17,paraguay,-11.607666327607076
17,sweden,-25.817518939822847
17,switzerland,-13.364270321051048
18,iceland,-33.065430516090736
18,norway,-24.46095651257165
18,paraguay,-4.082596292836522
18,sweden,-14.07803337928318
18,switzerland,-0.3142806005212455
19,iceland,-38.3340602008985
19,norway,-29.20267354062502
19,paraguay,-9.130564179104496
19,sweden,-21.123475963385
19,switzerland,-9.495986234693936
20,iceland,-33.847966053758434
20,norway,-24.787711797360423
20,paraguay,-2.7444794928030785
20,sweden,-12.500001105897164
20,switzerland,2.9681892618400423
21,iceland,-43.70929981310698
21,norway,-33.42417539543451
21,paraguay,-11.846394220529604
21,sweden,-25.042180976232583
21,switzerland,-12.729019950091592
22,iceland,-48.07355460584377
22,norway,-38.57123160634171
22,paraguay,-14.39195032977017
22,sweden,-30.65467289336676
22,switzerland,-17.387744703250473
23,iceland,-35.25243311696086
23,norway,-26.297612214763525
23,paraguay,-2.931048225457633
23,sweden,-13.9081491953877
23,switzerland,2.940582026258582
24,iceland,-29.11186876074881
24,norway,-20.09060693531616
24,paraguay,0.0221867652925201
24,sweden,-7.394236422208847
24,switzerland,7.454136126230435
25,iceland,-42.09406578693788
25,norway,-32.275904523797365
25,paraguay,-10.791870394462755
25,sweden,-23.79716165026005
25,switzerland,-11.339820601930091
26,iceland,-34.83676377067433
26,norway,-26.026107010546987
26,paraguay,-3.493976431359831
26,sweden,-13.60728957245156
26,switzerland,1.888952664511216
27,iceland,-33.05195336637837
27,norway,-24.15849977661313
27,paraguay,-3.990369713476264
27,sweden,-13.946058701468733
27,switzerland,-0.3436270602482136
28,iceland,-31.692752715787048
28,norway,-23.141748133813323
28,paraguay,-1.0979222964681072
28,sweden,-10.636084143444718
28,switzerland,5.367882840136398
29,iceland,-25.54468069839104
29,norway,-17.19875352456556
29,paraguay,2.423667924132254
29,sweden,-4.060870672299347
29,switzerland,11.347088796987336
30,iceland,-32.94844135260466
30,norway,-24.13047353629041
30,paraguay,-4.147066071127561
30,sweden,-13.312007077464845
30,switzerland,0.3866928294125019
31,iceland,-38.68045097175141
31,norway,-29.86713975863307
31,paraguay,-7.300321246859324
31,sweden,-20.013042751291405
31,switzerland,-5.527920766256497
32,iceland,-20.96569924592478
32,norway,-13.143833004256557
32,paraguay,6.226846424386117
32,sweden,1.17093889626959
32,switzerland,17.83222845766528
33,iceland,-38.01961896829967
33,norway,-28.61968531728816
33,paraguay,-7.452743236225373
33,sweden,-19.12190355374617
33,switzerland,-6.129628374293422
34,iceland,-36.04593098717175
34,norway,-26.93109865351461
34,paraguay,-4.719832580965325
34,sweden,-14.941404205986714
34,switzerland,0.3578611552337892
35,iceland,-46.0951206189117
35,norway,-35.81437100009564
35,paraguay,-12.76963328259482
35,sweden,-26.039546417723344
35,switzerland,-11.96985041182961
36,iceland,-41.6128778341219
36,norway,-32.30747732298003
36,paraguay,-11.536569911167176
36,sweden,-25.057069971163724
36,switzerland,-13.55497358132408
37,iceland,-37.31523746817687
37,norway,-28.04017089496031
37,paraguay,-4.599377178343257
37,sweden,-16.191980256499846
37,switzerland,-0.394133083678776
38,iceland,-25.69505356585254
38,norway,-17.67821364905366
38,paraguay,1.1842216836559865
38,sweden,-5.706287899659527
38,switzerland,8.7626210618105
39,iceland,-43.477629919786985
39,norway,-33.8988330908849
39,paraguay,-10.64633603414424
39,sweden,-24.90750349303452
39,switzerland,-11.21723753252338
40,iceland,-34.24517269937421
40,norway,-24.789170234898076
40,paraguay,-2.7082942404526182
40,sweden,-12.061554705429543
40,switzerland,2.932816498476128
41,iceland,-39.94423422252566
41,norway,-30.57928733956099
41,paraguay,-8.118764789343555
41,sweden,-20.721216341656188
41,switzerland,-6.963814286062902
42,iceland,-44.341952019076174
42,norway,-34.924789490855346
42,paraguay,-11.738101298693335
42,sweden,-26.52520579159802
42,switzerland,-13.183337988602574
43,iceland,-45.2528108684846
43,norway,-35.33424227755195
43,paraguay,-14.308213003080786
43,sweden,-28.18047627159297
43,switzerland,-16.834277332962014
44,iceland,-29.375432943964007
44,norway,-21.20053466324184
44,paraguay,-1.2080490568338764
44,sweden,-10.081515882484451
44,switzerland,4.4090522870268565
45,iceland,-34.21181936479499
45,norway,-25.085251612194902
45,paraguay,-3.525631955597907
45,sweden,-13.734496920936095
45,switzerland,1.0966830696174266
46,iceland,-45.12939722678421
46,norway,-35.363160665256984
46,paraguay,-13.750599895912975
46,sweden,-28.46112986461204
46,switzerland,-17.25549188086624
47,iceland,-25.03530231664076
47,norway,-16.863279230003524
47,paraguay,2.2881471409796075
47,sweden,-3.095672028855807
47,switzerland,12.3758681664848
48,iceland,-33.82438591935189
48,norway,-24.869814075618574
48,paraguay,-2.5347500478123486
48,sweden,-12.393912245866025
48,switzerland,3.2786317563287155
49,iceland,-32.6432353646493
49,norway,-23.690964010961444
49,paraguay,-3.899596362669573
49,sweden,-12.93529706307471
49,switzerland,0.4365676317563558
50,iceland,-40.42565260440072
50,norway,-31.186096490374315
50,paraguay,-5.425406047188214
50,sweden,-18.346785383424848
50,switzerland,-0.8444692961686812
51,iceland,-46.03207201232128
51,norway,-36.4551197370199
51,paraguay,-11.192641485661598
51,sweden,-26.38943800229099
51,switzerland,-11.309425851530053
52,iceland,-44.002748124399126
52,norway,-34.16791240470723
52,paraguay,-13.056003829698408
52,sweden,-27.20441740842313
52,switzerland,-15.894552563446284
53,iceland,-33.724006934823855
53,norway,-24.900469300209068
53,paraguay,-1.9392483067968016
53,sweden,-12.504209475860748
53,switzerland,4.149233815802639
54,iceland,-37.31592895535891
54,norway,-28.536761730819524
54,paraguay,-7.028953079778023
54,sweden,-19.074133605095007
54,switzerland,-5.2107484501019785
55,iceland,-49.33393587512464
55,norway,-39.47752798721207
55,paraguay,-15.870422968395482
55,sweden,-32.65077596149379
55,switzerland,-20.508262049677644
56,iceland,-36.43281101165221
56,norway,-26.92033230536501
56,paraguay,-6.747766821072821
56,sweden,-17.655608961743862
56,switzerland,-5.19034448535985
57,iceland,-31.15792152874215
57,norway,-22.50687195755328
57,paraguay,-0.871837917086179
57,sweden,-10.39652622519753
57,switzerland,5.616814670024254
58,iceland,-25.46045578396092
58,norway,-17.59865360669141
58,paraguay,1.827468606849132
58,sweden,-5.441506104234197
58,switzerland,9.86526216559906
59,iceland,-33.82415152278765
59,norway,-24.837183900691844
59,paraguay,-2.995319647976979
59,sweden,-12.691145457400404
59,switzerland,2.2865508958022027
60,iceland,-32.506122196999094
60,norway,-23.705011555061446
60,paraguay,-2.3452320183647606
60,sweden,-12.14385026597457
60,switzerland,2.832203081214395
61,iceland,-45.005185942734165
61,norway,-35.39759892939206
61,paraguay,-12.704891971071069
61,sweden,-27.52771429453723
61,switzerland,-15.099944889597689
62,iceland,-37.25861244405526
62,norway,-28.16964071115699
62,paraguay,-5.680429241268836
62,sweden,-17.609764413880658
62,switzerland,-2.7748451238144867
63,iceland,-34.27556980411535
63,norway,-25.89391496573444
63,paraguay,-4.775574961916954
63,sweden,-15.36807665529367
63,switzerland,-1.228923353322499
64,iceland,-28.13073728090196
64,norway,-20.229822999023344
64,paraguay,1.3237234685321302
64,sweden,-6.93000501651387
64,switzerland,9.768588084523287
65,iceland,-39.703213405649535
65,norway,-30.496233173986344
65,paraguay,-8.652044405841318
65,sweden,-21.132255183132926
65,switzerland,-7.254166307660177
66,iceland,-30.859685921045973
66,norway,-22.304921979363527
66,paraguay,-0.3543693457509203
66,sweden,-9.756631426564976
66,switzerland,6.715537537863697
67,iceland,-37.76247753480981
67,norway,-28.69664492720506
67,paraguay,-5.69874330757598
67,sweden,-17.907843523411753
67,switzerland,-2.5444770861003034
68,iceland,-50.08467228911803
68,norway,-39.71946501202828
68,paraguay,-16.198608442277187
68,sweden,-32.44022290002916
68,switzerland,-20.208512290315216
69,iceland,-45.56038506635131
69,norway,-35.72121085413685
69,paraguay,-14.291955480544766
69,sweden,-27.964477136952556
69,switzerland,-15.74374787013181
70,iceland,-43.86236147188741
70,norway,-34.09393100268909
70,paraguay,-11.469079124249587
70,sweden,-25.703048865917125
70,switzerland,-12.784443365759772
71,iceland,-25.55416641437349
71,norway,-17.720567917049852
71,paraguay,0.680630064639647
71,sweden,-6.4669615525322
71,switzerland,7.622577233713351
72,iceland,-36.990157117073466
72,norway,-27.562293994041543
72,paraguay,-7.1357561640469465
72,sweden,-17.830054247631143
72,switzerland,-4.870811855283165
73,iceland,-28.072972210807706
73,norway,-19.5885652720708
73,paraguay,0.6854279493258736
73,sweden,-7.098660904637884
73,switzerland,8.09379409701092
74,iceland,-31.74186606780516
74,norway,-23.12230831804665
74,paraguay,-0.4666178502809313
74,sweden,-9.821984373792931
74,switzerland,6.7625312094273
75,iceland,-36.05457057961581
75,norway,-27.050460707668183
75,paraguay,-3.8806186297855327
75,sweden,-14.353730233271238
75,switzerland,2.353415845434077
76,iceland,-47.93847617873749
76,norway,-38.5873933847828
76,paraguay,-14.505405851600251
76,sweden,-30.93314910515693
76,switzerland,-17.82982892384979
77,iceland,-40.69294108450828
77,norway,-30.99802419048505
77,paraguay,-8.730216065247571
77,sweden,-21.46711114150709
77,switzerland,-8.013032610704874
78,iceland,-27.437737686388385
78,norway,-19.41444262772641
78,paraguay,0.7853598324096099
78,sweden,-7.059446252741922
78,switzerland,8.263038947661313
79,iceland,-47.52426216445387
79,norway,-37.48244504274279
79,paraguay,-14.185705867156216
79,sweden,-29.85744320814412
79,switzerland,-17.458855319315386
80,iceland,-47.50681308737975
80,norway,-37.073572136275466
80,paraguay,-15.10262563060093
80,sweden,-29.015498776706607
80,switzerland,-16.836740182211134
81,iceland,-40.5564010076009
81,norway,-31.00035224206789
81,paraguay,-9.538341022064085
81,sweden,-22.502711521008287
81,switzerland,-9.810547554016452
82,iceland,-28.17481105173219
82,norway,-19.214525945839306
82,paraguay,1.588668142093602
82,sweden,-5.763164244624628
82,switzerland,10.244863989516569
83,iceland,-32.432392830183936
83,norway,-23.899211989807107
83,paraguay,-4.286609182718835
83,sweden,-13.84836090490779
83,switzerland,-0.8155387404758551
84,iceland,-33.209176448941946
84,norway,-24.748543541199517
84,paraguay,-4.841647503058969
84,sweden,-15.29855476054462
84,switzerland,-2.093048139215443
85,iceland,-42.93346519783176
85,norway,-33.31528308512131
85,paraguay,-11.635248014329298
85,sweden,-25.45503310535017
85,switzerland,-13.442437947687733
86,iceland,-38.92154079473108
86,norway,-29.527477047752004
86,paraguay,-8.974882975980169
86,sweden,-21.38193293246243
86,switzerland,-9.190452338391438
87,iceland,-37.72623670540917
87,norway,-28.133710629825
87,paraguay,-6.277511481176624
87,sweden,-17.814101067962387
87,switzerland,-3.786729094463369
88,iceland,-38.3311289857332
88,norway,-28.722321674395264
88,paraguay,-5.732262979657382
88,sweden,-16.78636248653493
88,switzerland,-1.0537653485147005
89,iceland,-46.47350148026129
89,norway,-36.1845871610338
89,paraguay,-12.546094555194603
89,sweden,-26.65258647614669
89,switzerland,-12.716784434741104
90,iceland,-23.316745185742462
90,norway,-15.614856095440937
90,paraguay,4.9705781810926455
90,sweden,-1.6286812781753892
90,switzerland,15.505196533050746
91,iceland,-32.213301809303886
91,norway,-23.218041407982703
91,paraguay,-2.130249821517949
91,sweden,-11.248097307886503
91,switzerland,3.6302114973633297
92,iceland,-33.205957088708885
92,norway,-24.77373035723098
92,paraguay,-3.078916955790848
92,sweden,-13.38956414806476
92,switzerland,1.8118483730703596
93,iceland,-30.56804496055173
93,norway,-22.029739104580383
93,paraguay,-0.1295834473831247
93,sweden,-9.045801388168655
93,switzerland,7.492945666986714
94,iceland,-30.19142153982644
94,norway,-21.97114583741497
94,paraguay,-1.239674509780685
94,sweden,-10.33276246459026
94,switzerland,4.779916909858827
95,iceland,-50.59955300471104
95,norway,-40.42942602765945
95,paraguay,-13.761220921048128
95,sweden,-30.418418034713188
95,switzerland,-15.258792696697869
96,iceland,-48.23387384123655
96,norway,-38.2240020085227
96,paraguay,-14.707915306478576
96,sweden,-30.520897891572588
96,switzerland,-17.65796502664861
97,iceland,-38.69523922850481
97,norway,-29.165772161851784
97,paraguay,-8.411477481608967
97,sweden,-19.97632666897801
97,switzerland,-7.774562265557668
98,iceland,-28.76975409055214
98,norway,-20.25611505693732
98,paraguay,0.6727514260649746
98,sweden,-7.413038089525287
98,switzerland,8.625250940777715
99,iceland,-30.59803016725168
99,norway,-22.19841850638829
99,paraguay,-0.4377793412491973
99,sweden,-9.510481652410324
99,switzerland,6.653354965068636
100,iceland,-45.0383962564914
100,norway,-35.12336266292705
100,paraguay,-11.54828242950058
100,sweden,-26.205914146492773
100,switzerland,-12.40308108352323
101,iceland,-44.55088941472872
101,norway,-35.13925498366436
101,paraguay,-11.648032038029966
101,sweden,-26.544228029291062
101,switzerland,-13.002042610819936
102,iceland,-33.3139670044963
102,norway,-24.12823665744589
102,paraguay,-1.598895891978618
102,sweden,-11.057838213961512
102,switzerland,4.750625565483677
103,iceland,-31.98014832022038
103,norway,-23.49772028421333
103,paraguay,-0.0665712448674615
103,sweden,-9.25227009431057
103,switzerland,9.033678464471782
104,iceland,-27.058365418551112
104,norway,-18.731873592685236
104,paraguay,1.7768399701191755
104,sweden,-5.648556270156529
104,switzerland,10.405669998243402
105,iceland,-28.76365687837457
105,norway,-19.996417869356016
105,paraguay,0.5397662061438473
105,sweden,-6.900583446064484
105,switzerland,8.375467327053114
106,iceland,-48.71255920185003
106,norway,-38.81363203301692
106,paraguay,-14.210104613586052
106,sweden,-30.665095495604227
106,switzerland,-17.149796406973827
107,iceland,-50.28875128658098
107,norway,-40.15396928022096
107,paraguay,-15.803661573550968
107,sweden,-32.80513531074114
107,switzerland,-20.02003543229825
108,iceland,-42.7635876685593
108,norway,-33.156609209145614
108,paraguay,-11.309234732956464
108,sweden,-25.17044675608796
108,switzerland,-12.92334010270186
109,iceland,-42.531548384424624
109,norway,-32.49042989101606
109,paraguay,-8.952834085163422
109,sweden,-20.80839563835057
109,switzerland,-5.084000751047788
110,iceland,-37.22096126502347
110,norway,-28.18060998674581
110,paraguay,-6.1610833664637
110,sweden,-17.21771740898801
110,switzerland,-2.8729502398544278
111,iceland,-41.10694737883985
111,norway,-31.582463732468533
111,paraguay,-8.640394964704711
111,sweden,-21.58785606704632
111,switzerland,-7.671560262299785
112,iceland,-52.325964855819
112,norway,-41.73894032074132
112,paraguay,-17.063462610818984
112,sweden,-34.73114449724528
112,switzerland,-22.220079985858
113,iceland,-38.8519416394245
113,norway,-29.74042422753921
113,paraguay,-6.236401375823394
113,sweden,-18.29003822630211
113,switzerland,-2.4169734131859486
114,iceland,-45.07967816762581
114,norway,-35.266558425833075
114,paraguay,-12.933028435691144
114,sweden,-27.495978727706586
114,switzerland,-15.463169220989744
115,iceland,-40.12242569270045
115,norway,-30.396630099225813
115,paraguay,-8.82171681189296
115,sweden,-21.51811664636193
115,switzerland,-8.305136164288076
116,iceland,-33.86045121339393
116,norway,-24.758284702946185
116,paraguay,-2.014228248141876
116,sweden,-11.78170148471681
116,switzerland,4.26630076474263
117,iceland,-27.90362149970941
117,norway,-19.79306099318213
117,paraguay,0.6191104044809249
117,sweden,-7.8127475034965
117,switzerland,7.83133620571764
118,iceland,-27.62636666840156
118,norway,-19.1107966827262
118,paraguay,0.4740616014492735
118,sweden,-6.885767819759992
118,switzerland,7.625906673930935
119,iceland,-34.11398506376874
119,norway,-25.07074511918098
119,paraguay,-5.607992993371316
119,sweden,-15.384481156571152
119,switzerland,-2.77143155771088
120,iceland,-48.18404044036524
120,norway,-38.148959894745055
120,paraguay,-14.422706541903567
120,sweden,-30.089561356235038
120,switzerland,-17.476929423870775
121,iceland,-34.89311592307331
121,norway,-25.830293341437333
121,paraguay,-5.022921318290621
121,sweden,-15.82094491866408
121,switzerland,-2.0448018346684136
122,iceland,-22.58035843798407
122,norway,-15.393499967097314
122,paraguay,5.017369507188426
122,sweden,-1.725318287406948
122,switzerland,15.486278338430358
123,iceland,-33.0941099250602
123,norway,-24.62653380117304
123,paraguay,-2.4221932630515264
123,sweden,-12.61506566762379
123,switzerland,3.1674925675053416
124,iceland,-33.55765685190463
124,norway,-24.847302460190875
124,paraguay,-2.816553807751783
124,sweden,-13.04708511968763
124,switzerland,2.5322172027199
125,iceland,-38.62713285647325
125,norway,-29.224077315115025
125,paraguay,-7.613474277319779
125,sweden,-19.133124413694844
125,switzerland,-5.2853457478711405
126,iceland,-27.592479962055425
126,norway,-19.507477052449914
126,paraguay,2.2931974799544808
126,sweden,-5.202817205492218
126,switzerland,12.07975146639307
127,iceland,-29.43089109967882
127,norway,-20.820312934146514
127,paraguay,-0.0022330156484053
127,sweden,-8.15086357324095
127,switzerland,7.223771028129226
128,iceland,-48.460413711973246
128,norway,-38.03164290883655
128,paraguay,-15.862201548456824
128,sweden,-29.80475639385133
128,switzerland,-16.97279332064427
129,iceland,-32.60674464469752
129,norway,-24.17308076914961
129,paraguay,-3.956008132188684
129,sweden,-13.990282798019434
129,switzerland,-0.121372364227989
130,iceland,-28.718732586167658
130,norway,-20.393262650344827
130,paraguay,-0.1322907253889451
130,sweden,-8.342883475278466
130,switzerland,6.533285715418415
131,iceland,-31.168928387962865
131,norway,-21.67195729611196
131,paraguay,-0.1737970111910057
131,sweden,-8.27339150548883
131,switzerland,7.294905355761879
132,iceland,-36.06811534800306
132,norway,-26.95727462943727
132,paraguay,-7.551871630047064
132,sweden,-18.5041320360758
132,switzerland,-6.7834134396005
133,iceland,-32.592232076879824
133,norway,-24.216545509940158
133,paraguay,-2.872305545667135
133,sweden,-12.98298431188911
133,switzerland,2.149437455252381
134,iceland,-38.44685086373061
134,norway,-29.74764665582305
134,paraguay,-7.577578622043989
134,sweden,-20.482105122160057
134,switzerland,-6.391967555825785
135,iceland,-42.49881135777275
135,norway,-33.472426293860835
135,paraguay,-11.59291200028297
135,sweden,-25.65429420440756
135,switzerland,-13.351560843003051
136,iceland,-42.65657127322676
136,norway,-32.93403673058576
136,paraguay,-12.913419098634735
136,sweden,-26.05185300677611
136,switzerland,-15.3621257177861
137,iceland,-41.63221709814295
137,norway,-32.6531567110779
137,paraguay,-9.536088679456272
137,sweden,-23.30485260688891
137,switzerland,-8.87802398996293
138,iceland,-32.20205976584263
138,norway,-23.68214835215346
138,paraguay,-4.441122210594165
138,sweden,-14.09743214911012
138,switzerland,-1.371855353911402
139,iceland,-32.07657593578856
139,norway,-23.296573878676885
139,paraguay,-1.9697024646204917
139,sweden,-11.171789806987537
139,switzerland,3.77470830969016
140,iceland,-40.59536015696597
140,norway,-30.8140053569107
140,paraguay,-8.702713988071006
140,sweden,-21.18975048130064
140,switzerland,-7.658101599712967
141,iceland,-36.13787669845354
141,norway,-27.621136948853582
141,paraguay,-7.443013791674558
141,sweden,-19.00923918785192
141,switzerland,-6.479995413819188
142,iceland,-29.707226746273548
142,norway,-21.42804301804328
142,paraguay,0.5597736773053745
142,sweden,-8.110465112106898
142,switzerland,9.18338825813226
143,iceland,-44.37582937107493
143,norway,-34.32885717092178
143,paraguay,-13.157373398750996
143,sweden,-26.852558561416423
143,switzerland,-15.385422545143582
144,iceland,-37.44737989102941
144,norway,-28.75554767026103
144,paraguay,-7.735727390543764
144,sweden,-19.81067858292332
144,switzerland,-6.687686993068093
145,iceland,-42.05127659975719
145,norway,-32.30893650491181
145,paraguay,-9.3360326218587
145,sweden,-22.969083729500912
145,switzerland,-9.158593343534283
146,iceland,-41.84088402038147
146,norway,-32.169178910726984
146,paraguay,-10.61308951779767
146,sweden,-23.51783583141061
146,switzerland,-11.141042058243157
147,iceland,-31.9790412551337
147,norway,-23.5454300481019
147,paraguay,0.8152745451960621
147,sweden,-8.989434509376323
147,switzerland,9.417314544040616
148,iceland,-29.714614603232
148,norway,-20.779592125212663
148,paraguay,-0.2470852319498199
148,sweden,-7.994383583780157
148,switzerland,6.948411835468357
149,iceland,-22.31450774496061
149,norway,-14.59956527504036
149,paraguay,5.904619296762273
149,sweden,0.1547966104453917
149,switzerland,18.253264551235283
150,iceland,-48.51508359106852
150,norway,-38.48159250993769
150,paraguay,-14.594379990133318
150,sweden,-30.71845048601516
150,switzerland,-17.946910968777487
151,iceland,-37.16933569535355
151,norway,-27.904084351714825
151,paraguay,-5.896992513803322
151,sweden,-17.14494825998636
151,switzerland,-3.0230602235470583
152,iceland,-42.16457119667088
152,norway,-32.12746543065567
152,paraguay,-10.975737867978255
152,sweden,-23.64709226510661
152,switzerland,-11.477486501279964
153,iceland,-30.659770967888036
153,norway,-21.46894195067616
153,paraguay,-1.6016273104092082
153,sweden,-9.801845726033118
153,switzerland,4.065550100369344
154,iceland,-40.7787390689082
154,norway,-31.33101121409748
154,paraguay,-6.02752631796107
154,sweden,-18.68442311239468
154,switzerland,-1.8443743609592955
155,iceland,-33.962645098153935
155,norway,-25.113025595039225
155,paraguay,-4.767756343475579
155,sweden,-15.183413834435036
155,switzerland,-1.6237085411026957
156,iceland,-41.341771813292645
156,norway,-31.83815882211931
156,paraguay,-10.320812645817302
156,sweden,-23.186748917851368
156,switzerland,-10.550088466347365
157,iceland,-22.94467607609263
157,norway,-15.011313900354162
157,paraguay,3.8072510610462698
157,sweden,-1.5646943738063983
157,switzerland,13.67267440544224
158,iceland,-42.37011976306727
158,norway,-32.7055229509149
158,paraguay,-11.86963506514682
158,sweden,-24.86357871049437
158,switzerland,-13.381787674841178
159,iceland,-27.88072632663547
159,norway,-19.82058595264056
159,paraguay,0.4164532114787637
159,sweden,-6.223776076841392
159,switzerland,10.617030346302036
160,iceland,-45.414762780313175
160,norway,-35.647344078755644
160,paraguay,-14.76665619719993
160,sweden,-29.473017112425847
160,switzerland,-18.835738268735504
161,iceland,-33.75147166365965
161,norway,-25.034644582980548
161,paraguay,-5.555183952052066
161,sweden,-15.954829101971663
161,switzerland,-3.3986797176616923
162,iceland,-34.930393540262166
162,norway,-25.853031023950656
162,paraguay,-3.5051334922049198
162,sweden,-13.610717226624445
162,switzerland,1.7219507827545262
163,iceland,-45.37606434172818
163,norway,-35.375354209555994
163,paraguay,-13.27888216340764
163,sweden,-28.168567606994003
163,switzerland,-16.32220691045498
164,iceland,-45.75978150812679
164,norway,-36.0643884966711
164,paraguay,-13.26005808698591
164,sweden,-28.45549330463591
164,switzerland,-16.048092769310898
165,iceland,-40.524985214112405
165,norway,-31.06454518785249
165,paraguay,-8.954054043632519
165,sweden,-21.559244707432487
165,switzerland,-7.829987150911427
166,iceland,-33.120092492117045
166,norway,-23.85501107952136
166,paraguay,-2.590442562112267
166,sweden,-12.262537305601455
166,switzerland,2.508086327842628
167,iceland,-42.081470714813406
167,norway,-33.048775858305945
167,paraguay,-11.725238988360688
167,sweden,-25.870948948250472
167,switzerland,-13.952389160291492
168,iceland,-38.06612661123562
168,norway,-29.116251304391405
168,paraguay,-9.019285640399684
168,sweden,-21.261948441776266
168,switzerland,-9.401879444786
169,iceland,-46.35353240572032
169,norway,-36.107212042653245
169,paraguay,-15.378342160771703
169,sweden,-29.50709858522396
169,switzerland,-18.703327765126645
170,iceland,-27.03234576100365
170,norway,-18.96909090488681
170,paraguay,2.8423999945017404
170,sweden,-4.790092976037498
170,switzerland,12.321379209010392
171,iceland,-27.666239005798356
171,norway,-19.279321754992253
171,paraguay,0.3102222978601798
171,sweden,-7.726496903577659
171,switzerland,7.1000724039085705
172,iceland,-44.71332031602928
172,norway,-34.937916445646934
172,paraguay,-11.960965014788286
172,sweden,-25.562636194994305
172,switzerland,-11.65221185313085
173,iceland,-43.16904315420189
173,norway,-33.494546451834644
173,paraguay,-13.520318039273016
173,sweden,-27.046354202272028
173,switzerland,-16.39903097040734
174,iceland,-30.1098450415739
174,norway,-21.234861082416785
174,paraguay,-0.944687806096146
174,sweden,-8.813223865265497
174,switzerland,5.922525869173471
175,iceland,-39.52702710026527
175,norway,-29.963626297385
175,paraguay,-8.969475955554461
175,sweden,-21.1360780503276
175,switzerland,-8.789578818806618
176,iceland,-48.36914422600525
176,norway,-38.21317474890646
176,paraguay,-12.3150700187196
176,sweden,-28.03247194910188
176,switzerland,-13.048565741221468
177,iceland,-48.75807419140135
177,norway,-38.696330706285536
177,paraguay,-15.04294862889988
177,sweden,-31.4657309439513
177,switzerland,-19.0757435131357
178,iceland,-41.056849442671975
178,norway,-31.768273724554007
178,paraguay,-7.266277852333286
178,sweden,-20.155949985330903
178,switzerland,-4.090037490304517
179,iceland,-32.84899480339185
179,norway,-24.31228724542689
179,paraguay,-5.493240516775668
179,sweden,-15.151955405480184
179,switzerland,-3.203014636951718
180,iceland,-43.59193086837804
180,norway,-34.05873625379474
180,paraguay,-12.0815797033414
180,sweden,-26.33344194287409
180,switzerland,-13.964609930296994
181,iceland,-43.56767434489547
181,norway,-33.78245273113694
181,paraguay,-11.504909786359631
181,sweden,-25.71381597829277
181,switzerland,-13.08045759722791
182,iceland,-33.73972799397446
182,norway,-25.397656153223128
182,paraguay,-3.5128834241058304
182,sweden,-14.14493750663678
182,switzerland,0.9839058510076653
183,iceland,-30.079637521874744
183,norway,-21.781039248307785
183,paraguay,-1.776785602358094
183,sweden,-10.083720361588565
183,switzerland,4.911753967800951
184,iceland,-35.290759415628536
184,norway,-26.356257817740875
184,paraguay,-6.859848465397193
184,sweden,-17.63705841056189
184,switzerland,-5.2055269554559365
185,iceland,-32.1873614531894
185,norway,-24.014276485340243
185,paraguay,-1.303499800752006
185,sweden,-10.11485732985837
185,switzerland,7.420357341139015
186,iceland,-38.78695497503496
186,norway,-29.36828727217403
186,paraguay,-10.145573116656898
186,sweden,-22.03602371948044
186,switzerland,-11.243825499808338
187,iceland,-31.679293334656723
187,norway,-23.33265526662044
187,paraguay,-4.350228117970532
187,sweden,-13.943028957900006
187,switzerland,-1.356089347412268
188,iceland,-42.12526531965575
188,norway,-32.65263271736747
188,paraguay,-12.25769990509624
188,sweden,-25.76697640212968
188,switzerland,-14.529075955785364
189,iceland,-41.81326015936636
189,norway,-31.980754764382954
189,paraguay,-10.89194728436507
189,sweden,-24.11421747710544
189,switzerland,-12.286576840654298
190,iceland,-27.06320031179469
190,norway,-18.50486012490351
190,paraguay,2.123996026219614
190,sweden,-4.882027929815979
190,switzerland,10.848430224474498
191,iceland,-31.39845454228096
191,norway,-22.83217978319836
191,paraguay,-1.863322152252734
191,sweden,-11.607090250286683
191,switzerland,3.6292376185511945
192,iceland,-42.68657515975731
192,norway,-33.118588175827284
192,paraguay,-9.502792418105669
192,sweden,-23.04117047214563
192,switzerland,-8.730248573309568
193,iceland,-39.50641978232395
193,norway,-30.245000365601435
193,paraguay,-7.319241865675852
193,sweden,-19.77388747877149
193,switzerland,-5.209730160841876
194,iceland,-30.95833976697253
194,norway,-22.392734785645903
194,paraguay,-2.5015400150716545
194,sweden,-11.568301074513732
194,switzerland,2.4255421175233494
195,iceland,-40.10242976166384
195,norway,-31.14041355609644
195,paraguay,-8.302183741999023
195,sweden,-21.01267424747771
195,switzerland,-6.893202398310781
196,iceland,-42.55651133226716
196,norway,-32.91955282186045
196,paraguay,-12.681705877810655
196,sweden,-26.40408529243508
196,switzerland,-15.88253426236262
197,iceland,-39.84879249122559
197,norway,-30.136069732231192
197,paraguay,-8.360109294158164
197,sweden,-20.75341659442183
197,switzerland,-7.506876271927228
198,iceland,-45.55326105777664
198,norway,-35.31518456467974
198,paraguay,-13.114920066681345
198,sweden,-27.915199331496883
198,switzerland,-15.936875479458438
199,iceland,-27.793576879869956
199,norway,-19.186206519821575
199,paraguay,1.3863607926466597
199,sweden,-5.665915457734775
199,switzerland,10.5089527768152
200,iceland,-32.04260923811187
200,norway,-23.465415647523237
200,paraguay,-1.4316158191963324
200,sweden,-11.325417684287745
200,switzerland,4.727675686926918
201,iceland,-34.268471517096486
201,norway,-25.70470357715149
201,paraguay,-3.9672715697979055
201,sweden,-14.567513007256505
201,switzerland,0.2557658890271439
202,iceland,-39.3867151660145
202,norway,-30.03411066976264
202,paraguay,-7.05837225003858
202,sweden,-19.39711587763904
202,switzerland,-4.762051535046244
203,iceland,-36.26083464350405
203,norway,-27.48636640992719
203,paraguay,-5.243053761973123
203,sweden,-16.62342078137781
203,switzerland,-1.6035936370521249
204,iceland,-24.07383343585245
204,norway,-16.024602683206044
204,paraguay,3.2026439495888765
204,sweden,-2.6942918630335515
204,switzerland,12.555304599200795
205,iceland,-29.36499992253894
205,norway,-20.1729969142071
205,paraguay,1.1175432282154836
205,sweden,-6.413774015061828
205,switzerland,9.737265238065076
206,iceland,-43.57446356112078
206,norway,-33.86325464085916
206,paraguay,-12.15492498575633
206,sweden,-26.27688161952328
206,switzerland,-14.464650703607116
207,iceland,-36.189737141827415
207,norway,-27.49408331637061
207,paraguay,-4.766866697257431
207,sweden,-16.111760206797513
207,switzerland,-0.3534443646917955
208,iceland,-38.25296692365109
208,norway,-28.72965262354375
208,paraguay,-8.313286911515652
208,sweden,-19.970200396844632
208,switzerland,-7.762746230535003
209,iceland,-42.68334923520533
209,norway,-33.14727355337243
209,paraguay,-11.255507675753092
209,sweden,-25.10718199450004
209,switzerland,-12.790373041590286
210,iceland,-38.15915839927135
210,norway,-28.87648380899248
210,paraguay,-8.582387827504876
210,sweden,-20.33715671869981
210,switzerland,-8.434919242683081
211,iceland,-49.2603354513925
211,norway,-39.244057344745485
211,paraguay,-15.893454223536333
211,sweden,-32.370337910586166
211,switzerland,-20.532832640827625
212,iceland,-35.42633118357326
212,norway,-26.742102901235118
212,paraguay,-3.288731169144548
212,sweden,-14.29483340981123
212,switzerland,2.093751382692796
213,iceland,-32.21317444436775
213,norway,-23.227894778327133
213,paraguay,-2.2091869093900223
213,sweden,-11.56541568827854
213,switzerland,2.977517008389196
214,iceland,-31.289157894289332
214,norway,-22.592948900881407
214,paraguay,-0.9699265934717431
214,sweden,-10.053835258840364
214,switzerland,5.649836885673743
215,iceland,-25.86656789573957
215,norway,-17.29375013359099
215,paraguay,4.502296728311059
215,sweden,-2.007296352794391
215,switzerland,15.742745455303998
216,iceland,-46.5602748500779
216,norway,-36.77180933617618
216,paraguay,-13.710631034621834
216,sweden,-28.32578463896916
216,switzerland,-15.067408533157057
217,iceland,-38.91861446033105
217,norway,-29.20531710145972
217,paraguay,-7.60373577759375
217,sweden,-19.502415733072336
217,switzerland,-6.237653624262742
218,iceland,-27.357259138953104
218,norway,-18.445666046125343
218,paraguay,2.7989303224089035
218,sweden,-3.9908313118242544
218,switzerland,12.50544645252409
219,iceland,-44.392375174512345
219,norway,-34.70423652881565
219,paraguay,-11.202789650349754
219,sweden,-25.47766731102841
219,switzerland,-11.804408719193312
220,iceland,-46.58561617847314
220,norway,-36.91137559825915
220,paraguay,-12.556659016261255
220,sweden,-28.17632094148345
220,switzerland,-14.36915687264683
221,iceland,-29.84063483186772
221,norway,-21.257317987738325
221,paraguay,-1.0777173967896685
221,sweden,-9.78082434909434
221,switzerland,4.93513891980818
222,iceland,-43.41070910360402
222,norway,-33.974119378793816
222,paraguay,-11.837475231215173
222,sweden,-26.127914054856944
222,switzerland,-13.691613498426374
223,iceland,-42.132093444122674
223,norway,-32.22159632949077
223,paraguay,-10.973274913673274
223,sweden,-23.78528686982817
223,switzerland,-11.44980931645058
224,iceland,-43.34332300369592
224,norway,-33.851016436411584
224,paraguay,-13.159724887967894
224,sweden,-27.349937553163947
224,switzerland,-16.54992341446425
225,iceland,-33.808901525965
225,norway,-25.227865116257632
225,paraguay,-2.995303332588344
225,sweden,-13.605257757569706
225,switzerland,1.952617412371594
226,iceland,-33.86371469747961
226,norway,-25.03460761979556
226,paraguay,-1.7679051616711146
226,sweden,-11.91181946132787
226,switzerland,4.89269823637687
227,iceland,-35.537982483635545
227,norway,-26.94089326983624
227,paraguay,-5.660832455490103
227,sweden,-17.32107908129588
227,switzerland,-3.235565911549891
228,iceland,-37.60886250739424
228,norway,-28.435089354463656
228,paraguay,-6.454050744120763
228,sweden,-17.9610550697737
228,switzerland,-3.5492316491679343
229,iceland,-25.95098289473384
229,norway,-18.2128325804336
229,paraguay,0.7910236402262624
229,sweden,-6.498413798727597
229,switzerland,8.006086283605173
230,iceland,-41.88561726201149
230,norway,-31.8445385587938
230,paraguay,-10.007521328208655
230,sweden,-22.366794567228705
230,switzerland,-9.459807106694306
231,iceland,-33.74032588619711
231,norway,-25.171925772743823
231,paraguay,-3.595033959022483
231,sweden,-14.106025661633788
231,switzerland,0.9300454340235604
232,iceland,-44.7938196246559
232,norway,-34.884507826371646
232,paraguay,-13.335194713351417
232,sweden,-27.952235317923847
232,switzerland,-16.31605096946409
233,iceland,-38.882112356579576
233,norway,-29.78371774360688
233,paraguay,-7.623486999350934
233,sweden,-20.01445639275102
233,switzerland,-6.116069624840149
234,iceland,-52.95142821740001
234,norway,-42.55211381786566
234,paraguay,-16.200080960331217
234,sweden,-33.85225526983792
234,switzerland,-19.755220542746237
235,iceland,-47.744204332764944
235,norway,-37.77035428489156
235,paraguay,-14.70911845305373
235,sweden,-30.714334575937084
235,switzerland,-18.613217173052053
236,iceland,-37.958206908575406
236,norway,-29.109464650490047
236,paraguay,-7.91872145260893
236,sweden,-20.012334091088977
236,switzerland,-6.678137046824918
237,iceland,-37.32057307392895
237,norway,-28.01794172870854
237,paraguay,-7.260752156163102
237,sweden,-18.0144205574831
237,switzerland,-4.868033877878204
238,iceland,-49.26773502382501
238,norway,-39.29135418728285
238,paraguay,-16.091381227689908
238,sweden,-32.68051097553947
238,switzerland,-20.966315904937684
239,iceland,-38.83335788707861
239,norway,-29.98053393878603
239,paraguay,-8.387469881649425
239,sweden,-20.385510108762503
239,switzerland,-6.296656115360444
240,iceland,-31.27075151901584
240,norway,-22.791558555227542
240,paraguay,-0.8258653953147459
240,sweden,-9.93033067320434
240,switzerland,6.3260913853278256
241,iceland,-39.65233259882995
241,norway,-30.78511028049124
241,paraguay,-10.016047578703674
241,sweden,-22.95757947261233
241,switzerland,-10.861129773340144
242,iceland,-39.54851263473973
242,norway,-30.5774802272606
242,paraguay,-8.373512177488367
242,sweden,-20.932381640753256
242,switzerland,-6.830618908681179
243,iceland,-31.896283620262498
243,norway,-23.78314925104205
243,paraguay,-0.7197129780445112
243,sweden,-10.62858792538576
243,switzerland,6.627247241938558
244,iceland,-41.81676057237728
244,norway,-32.03805395125761
244,paraguay,-11.323084232916214
244,sweden,-24.510208931662707
244,switzerland,-13.045377998588082
245,iceland,-28.17735586007794
245,norway,-19.900594614069945
245,paraguay,0.311350882740055
245,sweden,-7.137285582493027
245,switzerland,8.576654971215541
246,iceland,-22.083197457001777
246,norway,-14.4313003746336
246,paraguay,5.042736526816576
246,sweden,-0.5566156041383212
246,switzerland,15.564040113549584
247,iceland,-29.399408044245416
247,norway,-21.047468903949174
247,paraguay,-1.3126902163604828
247,sweden,-10.094894676275102
247,switzerland,4.157532963934856
248,iceland,-32.97378749779295
248,norway,-24.282806896495323
248,paraguay,-3.776775231391405
248,sweden,-13.61735222875794
248,switzerland,0.2351698702757935
249,iceland,-31.38521422273036
249,norway,-22.729520440117074
249,paraguay,-1.0298504441887892
249,sweden,-9.811608952998334
249,switzerland,6.364107304362211
250,iceland,-43.55109551708433
250,norway,-34.173549171931455
250,paraguay,-12.34924370756862
250,sweden,-26.690592819256043
250,switzerland,-14.774237509727934
251,iceland,-43.95511400515985
251,norway,-34.27693339515817
251,paraguay,-13.112337433777649
251,sweden,-26.9953096026148
251,switzerland,-15.562773373969982
252,iceland,-37.0403669809817
252,norway,-27.86688423119587
252,paraguay,-6.484063905492938
252,sweden,-18.25853029884206
252,switzerland,-4.528408201759646
253,iceland,-40.58599623187104
253,norway,-31.2793306847876
253,paraguay,-7.838829774914304
253,sweden,-20.8227725195598
253,switzerland,-5.842073526897321
254,iceland,-32.86710334475772
254,norway,-24.62622581564812
254,paraguay,-3.754220164221024
254,sweden,-13.91905279613824
254,switzerland,0.2893809569845365
255,iceland,-39.25913863201014
255,norway,-30.221764559269676
255,paraguay,-8.970105364123821
255,sweden,-21.77565525725795
255,switzerland,-8.940429033609302
256,iceland,-30.31302236535871
256,norway,-21.29113494333041
256,paraguay,-0.5559123962663335
256,sweden,-8.266124251556866
256,switzerland,7.03561921239457
257,iceland,-29.502740625346643
257,norway,-21.030181444815828
257,paraguay,-0.4346242524726363
257,sweden,-9.12566954835366
257,switzerland,6.11757673103446
258,iceland,-33.513232114110245
258,norway,-24.403407562406034
258,paraguay,-4.403212831545921
258,sweden,-13.764278930381492
258,switzerland,-0.6792520747298573
259,iceland,-45.1333378530106
259,norway,-35.01987982511314
259,paraguay,-11.8120473640414
259,sweden,-26.24955100824119
259,switzerland,-13.349036486442126
260,iceland,-43.81922211668888
260,norway,-34.70866478569121
260,paraguay,-8.851990432666634
260,sweden,-23.63175119117713
260,switzerland,-7.164872625103753
261,iceland,-46.02699435587291
261,norway,-36.06932719188271
261,paraguay,-13.706795453593347
261,sweden,-28.880112030642145
261,switzerland,-17.096687930516318
262,iceland,-40.53860031282788
262,norway,-31.42904973274059
262,paraguay,-9.591325935918467
262,sweden,-21.10054785992304
262,switzerland,-6.796110962664637
263,iceland,-39.6133572392177
263,norway,-30.00524323288132
263,paraguay,-9.52418091903068
263,sweden,-21.61008140015012
263,switzerland,-9.873277695785124
264,iceland,-37.90869685420426
264,norway,-28.335977789125423
264,paraguay,-6.0552769078899775
264,sweden,-17.308772391599426
264,switzerland,-2.803878806193922
265,iceland,-42.40287255872132
265,norway,-32.84209808983895
265,paraguay,-10.957825289666443
265,sweden,-24.766365582210017
265,switzerland,-12.271436304799154
266,iceland,-31.151458935089327
266,norway,-22.533484646115625
266,paraguay,-1.256539221541877
266,sweden,-10.220947067243314
266,switzerland,5.785678398917359
267,iceland,-30.340276206764383
267,norway,-21.66803931168686
267,paraguay,0.1241012346108274
267,sweden,-8.147964974448922
267,switzerland,7.956863412352707
268,iceland,-31.157264398153234
268,norway,-22.70174466520825
268,paraguay,-1.7710910748984623
268,sweden,-11.150629390726596
268,switzerland,3.760797881823548
269,iceland,-26.128531635444865
269,norway,-18.4923340761436
269,paraguay,0.0933946065258638
269,sweden,-7.753696724793957
269,switzerland,6.314644283324054
270,iceland,-33.30708213554452
270,norway,-24.17276671923839
270,paraguay,-3.9115213724550895
270,sweden,-13.315151154592147
270,switzerland,0.2237389520715221
271,iceland,-43.26337088137976
271,norway,-33.65119003760394
271,paraguay,-11.199320385544787
271,sweden,-25.09460262848693
271,switzerland,-11.733344223626275
272,iceland,-35.40039999708351
272,norway,-26.56793611610196
272,paraguay,-5.528424054272455
272,sweden,-16.481689282913926
272,switzerland,-2.524298102685571
273,iceland,-52.11009024073865
273,norway,-41.45026601635716
273,paraguay,-15.991258878302697
273,sweden,-33.29946051119737
273,switzerland,-19.998893665171032
274,iceland,-33.97787387098257
274,norway,-25.15170698924709
274,paraguay,-1.9718643739273936
274,sweden,-12.832818857259124
274,switzerland,3.8383159145756207
275,iceland,-40.03721829951533
275,norway,-30.267497242845643
275,paraguay,-9.603627363459776
275,sweden,-21.74631937810168
275,switzerland,-9.94733734786699
276,iceland,-45.71894119202799
276,norway,-36.520133857225865
276,paraguay,-12.70955132162474
276,sweden,-28.17790455443793
276,switzerland,-14.745015730421631
277,iceland,-42.04300667646349
277,norway,-32.909883366384584
277,paraguay,-11.129137627763184
277,sweden,-24.715351542505392
277,switzerland,-12.245482001470114
278,iceland,-28.935053164539088
278,norway,-20.48952812922502
278,paraguay,0.204383342986361
278,sweden,-7.824976384542293
278,switzerland,7.928391338354638
279,iceland,-43.48035415312032
279,norway,-33.49727459101524
279,paraguay,-12.313399825065064
279,sweden,-26.28008529695105
279,switzerland,-14.890409194263938
280,iceland,-43.01558000285386
280,norway,-34.01465669184518
280,paraguay,-11.255227833959951
280,sweden,-25.86395777368653
280,switzerland,-12.652756245576295
281,iceland,-44.31827210679278
281,norway,-35.07321800310943
281,paraguay,-11.545210843471413
281,sweden,-26.35890527049665
281,switzerland,-12.649040689371365
282,iceland,-32.01145919754155
282,norway,-23.27640569542982
282,paraguay,-3.2588327057997306
282,sweden,-11.947062978515238
282,switzerland,1.7149845351919084
283,iceland,-35.86115627958676
283,norway,-26.681722231853914
283,paraguay,-4.552483053155876
283,sweden,-15.082460429302031
283,switzerland,-0.4862844856171892
284,iceland,-41.56000173915268
284,norway,-32.1203391311122
284,paraguay,-10.766873903707328
284,sweden,-24.29803328577321
284,switzerland,-12.10601547713508
285,iceland,-34.69185393969902
285,norway,-26.1798655838094
285,paraguay,-5.505787672005721
285,sweden,-16.43415960172742
285,switzerland,-2.857293456614482
286,iceland,-56.37701789023244
286,norway,-45.8830201571313
286,paraguay,-18.937313532393887
286,sweden,-38.52267857673912
286,switzerland,-24.824379818402885
287,iceland,-39.53129098575224
287,norway,-29.98158294924925
287,paraguay,-7.934424269037358
287,sweden,-20.69978831879988
287,switzerland,-6.970348174940258
288,iceland,-28.483664235008348
288,norway,-19.98336385047336
288,paraguay,0.5191325735117578
288,sweden,-7.571238476597629
288,switzerland,7.889671573817082
289,iceland,-47.297598764513694
289,norway,-37.31347886054147
289,paraguay,-13.508102664285612
289,sweden,-29.044926506367297
289,switzerland,-16.014037233053884
290,iceland,-36.14498045677849
290,norway,-26.898372407827534
290,paraguay,-5.215286786081509
290,sweden,-16.3261522346405
290,switzerland,-1.988269282517117
291,iceland,-47.33842485286386
291,norway,-37.063734938206565
291,paraguay,-15.00405028523497
291,sweden,-28.92907545475169
291,switzerland,-16.399996516156317
292,iceland,-44.54897593748041
292,norway,-34.56052229814608
292,paraguay,-11.196413040386876
292,sweden,-25.29530634804821
292,switzerland,-11.654016029987124
293,iceland,-29.538779336791567
293,norway,-20.85593960322697
293,paraguay,-0.5988286783517246
293,sweden,-9.03778683437864
293,switzerland,5.82650652378011
294,iceland,-31.80365523266065
294,norway,-22.787536174465554
294,paraguay,-1.5252844455633985
294,sweden,-10.45586685751425
294,switzerland,4.719077599932715
295,iceland,-38.0264411514919
295,norway,-28.51697325448834
295,paraguay,-6.702388293597922
295,sweden,-18.15982113432656
295,switzerland,-4.1526327968509404
296,iceland,-24.324076090720087
296,norway,-16.074852026217147
296,paraguay,4.298064461965407
296,sweden,-2.036510901138747
296,switzerland,14.654762198031596
297,iceland,-41.24366515764272
297,norway,-31.63802087493705
297,paraguay,-9.691551988295483
297,sweden,-22.78943053204704
297,switzerland,-9.743643930460363
298,iceland,-29.861044395009856
298,norway,-21.75277186467641
298,paraguay,-1.7735054222124065
298,sweden,-10.60231501801664
298,switzerland,3.791963496272081
299,iceland,-31.443617191376266
299,norway,-23.290172650186364
299,paraguay,-0.4531729761275384
299,sweden,-10.315947253646014
299,switzerland,6.732245545263449
300,iceland,-41.346049243871306
300,norway,-31.36365579100709
300,paraguay,-10.026523544842815
300,sweden,-23.04021878898252
300,switzerland,-10.856033498430504
301,iceland,-32.34339496930254
301,norway,-23.37071034183632
301,paraguay,-3.2969256472568342
301,sweden,-12.460838115649016
301,switzerland,1.2217675440159133
302,iceland,-51.54349119493872
302,norway,-41.31711237695068
302,paraguay,-16.52791653250858
302,sweden,-33.69054121496301
302,switzerland,-20.47880462208519
303,iceland,-43.1912362758868
303,norway,-33.59349129249781
303,paraguay,-11.7996640620625
303,sweden,-25.908437969890905
303,switzerland,-13.710036381543697
304,iceland,-31.4654659578496
304,norway,-23.13817422224857
304,paraguay,-2.124323411135447
304,sweden,-11.873651786781284
304,switzerland,3.159843169340585
305,iceland,-42.65860711635262
305,norway,-32.66131670325592
305,paraguay,-10.081032336453235
305,sweden,-23.373318243339945
305,switzerland,-10.184775006636334
306,iceland,-24.83753661518698
306,norway,-16.9729365310005
306,paraguay,3.21371133795484
306,sweden,-3.4665331120222
306,switzerland,12.708744292507044
307,iceland,-35.10986355731954
307,norway,-26.24340748103097
307,paraguay,-6.467157715661402
307,sweden,-17.204965561013566
307,switzerland,-4.722813691282358
308,iceland,-27.391804399095037
308,norway,-19.562686743364868
308,paraguay,0.1773603826668088
308,sweden,-7.666849856373191
308,switzerland,7.222179675332825
309,iceland,-50.44266997776919
309,norway,-40.43585662576967
309,paraguay,-15.261478432096846
309,sweden,-32.0971762257322
309,switzerland,-18.19516244442566
310,iceland,-40.88960795934265
310,norway,-31.695571443856373
310,paraguay,-9.08115742016138
310,sweden,-22.03690531170265
310,switzerland,-7.604036116714771
311,iceland,-46.386446194764495
311,norway,-36.64119830878683
311,paraguay,-14.45630732698395
311,sweden,-28.297612655202855
311,switzerland,-15.324060941183673
312,iceland,-37.5721267462709
312,norway,-28.258007559432176
312,paraguay,-7.926797635893877
312,sweden,-19.645273411625123
312,switzerland,-7.314213424635852
313,iceland,-50.163398314288784
313,norway,-39.63395632444834
313,paraguay,-16.49735077015952
313,sweden,-32.28545231236783
313,switzerland,-19.960440899912776
314,iceland,-36.39422022397968
314,norway,-27.0430815695848
314,paraguay,-6.024776144868751
314,sweden,-17.147046690836344
314,switzerland,-3.509098897605888
315,iceland,-43.441881412501296
315,norway,-33.80676916523499
315,paraguay,-11.606933482669431
315,sweden,-25.54901454828267
315,switzerland,-13.05822679941793
316,iceland,-37.58026101708271
316,norway,-28.01303512079248
316,paraguay,-3.944357906983376
316,sweden,-15.285957577730052
316,switzerland,1.0201652166011097
317,iceland,-33.9104324495253
317,norway,-25.25903772169852
317,paraguay,-4.117198685175918
317,sweden,-14.387691908071735
317,switzerland,-0.0473671397026828
318,iceland,-39.64507278117387
318,norway,-30.722655712470832
318,paraguay,-8.847699737671302
318,sweden,-21.6885824334034
318,switzerland,-8.288770652089383
319,iceland,-41.002378792017865
319,norway,-31.57941082929777
319,paraguay,-10.792011052758935
319,sweden,-23.88738194038987
319,switzerland,-12.075741344116988
320,iceland,-39.295109725394575
320,norway,-29.858528489620912
320,paraguay,-9.088050909976804
320,sweden,-21.38007585365896
320,switzerland,-9.17840329158069
321,iceland,-43.47029819862463
321,norway,-33.54822437509814
321,paraguay,-9.374027868196032
321,sweden,-22.853701287207265
321,switzerland,-8.231250299723245
322,iceland,-34.85348271141924
322,norway,-26.109433898872407
322,paraguay,-5.591203166953911
322,sweden,-16.26959658149836
322,switzerland,-2.449927253495579
323,iceland,-35.26398322646065
323,norway,-26.246920637890224
323,paraguay,-1.8883954755717205
323,sweden,-12.340907408622051
323,switzerland,5.888529665031068
324,iceland,-36.05426266751369
324,norway,-26.97593385949885
324,paraguay,-4.578384711450793
324,sweden,-15.61466608021406
324,switzerland,-0.4837172479601472
325,iceland,-38.53024664374159
325,norway,-29.16904004087862
325,paraguay,-7.415441795454394
325,sweden,-19.14838450394792
325,switzerland,-5.614400863424986
326,iceland,-33.03325486510562
326,norway,-24.16937827997288
326,paraguay,-3.803202863766914
326,sweden,-13.140076727506514
326,switzerland,0.9336063388837618
327,iceland,-37.63658320891936
327,norway,-28.18252090540309
327,paraguay,-6.0930884498101765
327,sweden,-16.580397603514335
327,switzerland,-1.4540939745773511
328,iceland,-38.51742514140752
328,norway,-29.67349931807494
328,paraguay,-6.49605482868694
328,sweden,-17.405413697193012
328,switzerland,-0.9253684892128072
329,iceland,-27.52164090760956
329,norway,-19.487492666816934
329,paraguay,0.958998773345846
329,sweden,-7.196728332208376
329,switzerland,8.822715671027375
330,iceland,-25.759294874702288
330,norway,-17.629970344015973
330,paraguay,2.584078584237841
330,sweden,-4.456433227442636
330,switzerland,11.794889870435403
331,iceland,-41.71464582337252
331,norway,-31.92939718037952
331,paraguay,-11.332026882282916
331,sweden,-24.31856126371241
331,switzerland,-13.161929856901857
332,iceland,-28.78998822352648
332,norway,-20.18789032413068
332,paraguay,0.8136651208041897
332,sweden,-6.876615202571911
332,switzerland,9.58251860041275
333,iceland,-36.60378097043672
333,norway,-27.161918804354794
333,paraguay,-6.718401904880659
333,sweden,-17.874497657758493
333,switzerland,-5.168731353158909
334,iceland,-40.56112768374068
334,norway,-31.178422104986005
334,paraguay,-9.339152638273552
334,sweden,-21.63798796685225
334,switzerland,-7.741708215069164
335,iceland,-38.11850536663432
335,norway,-29.26270478857092
335,paraguay,-7.643261118392171
335,sweden,-19.90967497896005
335,switzerland,-6.367713069913418
336,iceland,-32.543583495353936
336,norway,-23.669404251674887
336,paraguay,-3.387118045384368
336,sweden,-12.59281943937568
336,switzerland,1.1737032678357533
337,iceland,-30.791040030547933
337,norway,-22.165681539236527
337,paraguay,-0.9359249500162338
337,sweden,-9.856162250472265
337,switzerland,5.619720728707682
338,iceland,-34.351865685735646
338,norway,-25.426377494845408
338,paraguay,-4.043109472906846
338,sweden,-14.085919793122796
338,switzerland,0.8471803474864527
339,iceland,-48.66605071372842
339,norway,-38.117632228482925
339,paraguay,-15.344968272541758
339,sweden,-31.185125627363764
339,switzerland,-19.77004870296434
340,iceland,-51.20468632970648
340,norway,-41.29257295047504
340,paraguay,-17.514387815911615
340,sweden,-34.99329927723748
340,switzerland,-23.28436532666724
341,iceland,-31.0915688319109
341,norway,-22.31555989533572
341,paraguay,-3.096300989837188
341,sweden,-11.758309767859112
341,switzerland,1.6686192992600393
342,iceland,-40.40416447954646
342,norway,-31.048934118697417
342,paraguay,-8.95634562530253
342,sweden,-21.661119534386987
342,switzerland,-7.827052210780649
343,iceland,-41.44571773751147
343,norway,-32.15643942947764
343,paraguay,-11.134531334877853
343,sweden,-24.55723872685044
343,switzerland,-12.81311262491279
344,iceland,-36.88020542262309
344,norway,-27.78103126797272
344,paraguay,-8.117697754712035
344,sweden,-19.43483263406394
344,switzerland,-7.676696157461468
345,iceland,-31.51385803654392
345,norway,-22.865605632104668
345,paraguay,-2.934944579736987
345,sweden,-12.39780388921116
345,switzerland,1.4816874888167892
346,iceland,-41.669744812168574
346,norway,-32.33254474427028
346,paraguay,-9.863513631735826
346,sweden,-23.5027047370823
346,switzerland,-10.21054282208269
347,iceland,-47.418454621067774
347,norway,-37.86617195321372
347,paraguay,-12.327799667217
347,sweden,-27.96507456394013
347,switzerland,-13.086192680602176
348,iceland,-45.93140793491264
348,norway,-35.81068625256047
348,paraguay,-13.313566529908313
348,sweden,-28.08596748375087
348,switzerland,-16.100520236383943
349,iceland,-29.958018130456608
349,norway,-21.476666822714236
349,paraguay,1.043922570927432
349,sweden,-8.048557361825639
349,switzerland,9.137072593757534
350,iceland,-35.840867021876505
350,norway,-27.011577422691424
350,paraguay,-4.79162317979124
350,sweden,-14.93901122292114
350,switzerland,0.6451740070731662
351,iceland,-31.17665527460108
351,norway,-22.359320059691907
351,paraguay,-1.91445035927306
351,sweden,-10.716785988212196
351,switzerland,3.7488053658813327
352,iceland,-26.494883617745813
352,norway,-17.90361264046913
352,paraguay,2.0801114942933507
352,sweden,-4.313684360520077
352,switzerland,10.844156033861676
353,iceland,-44.21498219049225
353,norway,-34.35473995598082
353,paraguay,-13.329730728750336
353,sweden,-27.55427964560737
353,switzerland,-16.565870911457036
354,iceland,-36.125634609466
354,norway,-26.971993943709016
354,paraguay,-6.450508766489491
354,sweden,-17.533726736782803
354,switzerland,-4.545071252298416
355,iceland,-32.81450060218557
355,norway,-24.32436568065892
355,paraguay,-2.0511808466302237
355,sweden,-12.541000723023664
355,switzerland,3.4440019945692946
356,iceland,-21.897678849432936
356,norway,-14.699265241048646
356,paraguay,4.353738309923305
356,sweden,-1.8665988902314463
356,switzerland,14.117186813185375
357,iceland,-44.158626196555325
357,norway,-34.78634983130341
357,paraguay,-9.444853413290822
357,sweden,-23.904244062929923
357,switzerland,-8.292859285150397
358,iceland,-37.69763762228556
358,norway,-28.641771247258507
358,paraguay,-4.99553055535314
358,sweden,-16.571953168241393
358,switzerland,-0.6732821145793579
359,iceland,-35.15246441749258
359,norway,-26.23199021908508
359,paraguay,-5.722906403244545
359,sweden,-16.281167590878123
359,switzerland,-3.058072173856405
360,iceland,-41.49604977864279
360,norway,-32.07762877647297
360,paraguay,-11.866115641622446
360,sweden,-25.259299588763927
360,switzerland,-14.483952033274928
361,iceland,-39.247756881627566
361,norway,-29.78438226013508
361,paraguay,-8.861905345163558
361,sweden,-20.89258580938762
361,switzerland,-8.685239037143724
362,iceland,-44.64709029405314
362,norway,-35.282845740848046
362,paraguay,-11.81594532302546
362,sweden,-26.702243192835272
362,switzerland,-13.110961381457772
363,iceland,-38.767277135423626
363,norway,-29.493517821014677
363,paraguay,-4.781876550418348
363,sweden,-16.6448855073101
363,switzerland,0.1310190492068228
364,iceland,-47.371342078652425
364,norway,-36.804688457985336
364,paraguay,-15.185776693361657
364,sweden,-30.353548633831647
364,switzerland,-19.435433668541368
365,iceland,-37.76873539424181
365,norway,-28.662786264767664
365,paraguay,-8.716119690225613
365,sweden,-20.19018803257448
365,switzerland,-8.525444414277603
366,iceland,-29.13891565319734
366,norway,-20.96012251671429
366,paraguay,-0.1742264039881897
366,sweden,-8.717420245062964
366,switzerland,6.780449900085326
367,iceland,-30.15152298185392
367,norway,-21.47749323090259
367,paraguay,-2.108934143259664
367,sweden,-10.43910968968644
367,switzerland,2.9694685420558486
368,iceland,-29.30450442692712
368,norway,-20.707465694578502
368,paraguay,-0.3675831473951034
368,sweden,-8.730392707944276
368,switzerland,6.203880256753907
369,iceland,-24.066932178112676
369,norway,-16.046437328973887
369,paraguay,4.074497729946613
369,sweden,-2.146263372905385
369,switzerland,14.31179775695104
370,iceland,-42.2329874417504
370,norway,-32.9729305926098
370,paraguay,-12.644559996765024
370,sweden,-26.380362828186986
370,switzerland,-15.328759214315356
371,iceland,-28.208096906344373
371,norway,-19.915036502477324
371,paraguay,-0.0916269820431855
371,sweden,-7.993818827390077
371,switzerland,6.958045515919078
372,iceland,-38.10888813892412
372,norway,-29.01432090979724
372,paraguay,-6.777752341921545
372,sweden,-19.16696531177868
372,switzerland,-4.704774734049934
373,iceland,-42.70818043574221
373,norway,-33.23264730753071
373,paraguay,-11.713025498144084
373,sweden,-25.682255409785345
373,switzerland,-13.688734066554192
374,iceland,-27.20894874151197
374,norway,-18.20735966808365
374,paraguay,2.1842436953097195
374,sweden,-4.275510845577956
374,switzerland,11.676890018214412
375,iceland,-45.75259798574447
375,norway,-35.93551345928172
375,paraguay,-13.53013965311078
375,sweden,-28.461864606332096
375,switzerland,-16.598124256263727
376,iceland,-44.06846497031303
376,norway,-34.75736901765376
376,paraguay,-10.626441934881196
376,sweden,-24.74447186743488
376,switzerland,-10.195932631202664
377,iceland,-35.31138546608916
377,norway,-26.71135471515736
377,paraguay,-6.498922368933475
377,sweden,-17.16569099058091
377,switzerland,-3.767190494616887
378,iceland,-40.38532979822581
378,norway,-30.37630329535816
378,paraguay,-7.703509242742398
378,sweden,-19.778223961963963
378,switzerland,-5.524770567248487
379,iceland,-27.472819057110478
379,norway,-19.469072210581604
379,paraguay,0.133672652568079
379,sweden,-7.620641227626454
379,switzerland,7.224859853814299
380,iceland,-30.051750936858205
380,norway,-21.50385781627207
380,paraguay,-1.6302583077493964
380,sweden,-10.010456987688311
380,switzerland,4.392145483510444
381,iceland,-50.79637364550362
381,norway,-40.89112023331812
381,paraguay,-16.153255813636935
381,sweden,-33.338826826720485
381,switzerland,-20.39906023812852
382,iceland,-46.08475574284759
382,norway,-36.30365698001473
382,paraguay,-13.14525999691554
382,sweden,-27.885086207199716
382,switzerland,-15.38792077345744
383,iceland,-33.794891097556125
383,norway,-24.601300332624987
383,paraguay,-5.233914625446986
383,sweden,-14.79384796240513
383,switzerland,-2.2009846975464127
384,iceland,-42.43466960051998
384,norway,-33.07269762031503
384,paraguay,-6.1685131862893
384,sweden,-19.607553859605563
384,switzerland,-1.5567156433220608
385,iceland,-37.75195408665262
385,norway,-28.32104583325873
385,paraguay,-5.851581739622481
385,sweden,-17.483416841153904
385,switzerland,-2.8060977117030923
386,iceland,-46.501433256909664
386,norway,-36.43398949899612
386,paraguay,-14.397070488571403
386,sweden,-29.668768906415565
386,switzerland,-18.367612584557133
387,iceland,-44.35118063134508
387,norway,-34.24447163255097
387,paraguay,-11.527872134127124
387,sweden,-25.578946965173348
387,switzerland,-12.86637624162057
388,iceland,-40.078172763852336
388,norway,-30.619188792404444
388,paraguay,-7.093723994739306
388,sweden,-19.703828206345168
388,switzerland,-4.773831719600596
389,iceland,-26.45729255216057
389,norway,-18.477348315762512
389,paraguay,1.2702957071669725
389,sweden,-6.221428830800681
389,switzerland,8.970608584539852
390,iceland,-38.17186598385396
390,norway,-29.678131368793963
390,paraguay,-5.379558191904981
390,sweden,-17.24964194086669
390,switzerland,0.0565235232431825
391,iceland,-30.10887759092004
391,norway,-21.93908236828693
391,paraguay,-0.3443118791477194
391,sweden,-9.592704231962028
391,switzerland,6.599550275256063
392,iceland,-37.27784092262562
392,norway,-28.223703010487068
392,paraguay,-7.05603767780698
392,sweden,-18.16509142800405
392,switzerland,-4.679270975362632
393,iceland,-39.915260104536486
393,norway,-29.94641111077053
393,paraguay,-7.881706262313643
393,sweden,-19.836935847741564
393,switzerland,-6.264097520303083
394,iceland,-46.26118744573088
394,norway,-36.67162452591389
394,paraguay,-12.445252502629367
394,sweden,-27.89315763608108
394,switzerland,-14.053310241725727
395,iceland,-38.274548113315305
395,norway,-28.72955940604735
395,paraguay,-5.004763339669952
395,sweden,-16.685784184705675
395,switzerland,-0.7584991607953941
396,iceland,-26.752108165777027
396,norway,-18.593158401890285
396,paraguay,1.8163575938392489
396,sweden,-5.556843203265894
396,switzerland,10.648191245016234
397,iceland,-38.70769147146432
397,norway,-29.55331687085662
397,paraguay,-8.152926050303563
397,sweden,-20.525575155084084
397,switzerland,-7.356395017243423
398,iceland,-41.145435041788936
398,norway,-31.50237495867272
398,paraguay,-6.882769070772139
398,sweden,-19.464575914472555
398,switzerland,-3.4708963330732168
399,iceland,-36.62170009348719
399,norway,-27.709064369041407
399,paraguay,-7.133920425649077
399,sweden,-18.302020937470022
399,switzerland,-5.209856291859452
400,iceland,-27.26917102923069
400,norway,-18.726079712275173
400,paraguay,1.04791904199689
400,sweden,-6.377293864546735
400,switzerland,8.67218493681219
401,iceland,-43.70042205926276
401,norway,-33.44448136479512
401,paraguay,-11.31867619557953
401,sweden,-24.59054737114356
401,switzerland,-11.90157921084683
402,iceland,-42.66060621322077
402,norway,-32.758504259053886
402,paraguay,-10.24997954959858
402,sweden,-23.575603126285408
402,switzerland,-10.648687427141471
403,iceland,-40.72898703074884
403,norway,-30.881515947337306
403,paraguay,-8.590406427972805
403,sweden,-21.232871726348645
403,switzerland,-7.907163167414754
404,iceland,-35.53787235676923
404,norway,-26.034521864284685
404,paraguay,-6.194811033404858
404,sweden,-16.161983552295236
404,switzerland,-3.43300811809656
405,iceland,-40.92580780120223
405,norway,-31.228598850033418
405,paraguay,-10.928478906107314
405,sweden,-23.80758736190049
405,switzerland,-12.622933365200591
406,iceland,-36.972836106755615
406,norway,-27.53063808969913
406,paraguay,-7.685939609599856
406,sweden,-18.64551218002902
406,switzerland,-6.802083563571761
407,iceland,-37.80813733545552
407,norway,-29.351732443487062
407,paraguay,-4.583182000720882
407,sweden,-16.788582437219535
407,switzerland,0.424420283483876
408,iceland,-36.51789809819974
408,norway,-27.278590059140186
408,paraguay,-5.25302234667307
408,sweden,-16.752338434254757
408,switzerland,-2.161979342075933
409,iceland,-35.53626117267802
409,norway,-26.21750082448412
409,paraguay,-5.524851427296091
409,sweden,-15.78235891361372
409,switzerland,-2.478919537495853
410,iceland,-36.33641747867502
410,norway,-27.02445165813789
410,paraguay,-7.471311482726771
410,sweden,-17.753385225004152
410,switzerland,-5.450379964889614
411,iceland,-34.62105026117146
411,norway,-25.9028150312204
411,paraguay,-5.330203930270963
411,sweden,-16.0661744876857
411,switzerland,-2.694316088860323
412,iceland,-38.212949661249326
412,norway,-29.495771706255237
412,paraguay,-8.448056365242104
412,sweden,-21.018303399989325
412,switzerland,-8.092381182309472
413,iceland,-30.107800739821805
413,norway,-21.766044797079548
413,paraguay,-1.6477988673071895
413,sweden,-10.455825283507926
413,switzerland,3.850850311683779
414,iceland,-46.60529360027239
414,norway,-36.258180675694334
414,paraguay,-14.080100311871538
414,sweden,-28.70617063563021
414,switzerland,-16.903680953547536
415,iceland,-44.14090544859495
415,norway,-34.085186499286614
415,paraguay,-13.06630950290382
415,sweden,-27.101415671276467
415,switzerland,-16.207128633957407
416,iceland,-47.23957477440416
416,norway,-37.25121301867686
416,paraguay,-15.172319993124107
416,sweden,-30.74754541611939
416,switzerland,-19.58638405168788
417,iceland,-39.64070099722191
417,norway,-30.767444763996465
417,paraguay,-10.132011694830824
417,sweden,-23.15883718408978
417,switzerland,-11.251742153074115
418,iceland,-49.9305337206914
418,norway,-40.1412199056502
418,paraguay,-16.18182815120736
418,sweden,-32.89429153780087
418,switzerland,-20.62044070137665
419,iceland,-35.78304552582447
419,norway,-26.79474124946477
419,paraguay,-7.33568023196641
419,sweden,-18.60975870888453
419,switzerland,-6.653608220831796
420,iceland,-40.56077169767407
420,norway,-31.2549344532547
420,paraguay,-9.04173457861955
420,sweden,-22.149994222478743
420,switzerland,-8.741266818632187
421,iceland,-26.01545344975656
421,norway,-18.097871688911688
421,paraguay,2.0423914733882365
421,sweden,-5.503344924759137
421,switzerland,10.41809190162223
422,iceland,-31.774760469531326
422,norway,-22.837225209327805
422,paraguay,-2.5213794162964525
422,sweden,-12.004215291793182
422,switzerland,2.294602804581621
423,iceland,-38.32121873253142
423,norway,-29.2045931151784
423,paraguay,-8.932716709638155
423,sweden,-20.9464702370256
423,switzerland,-9.040832031811064
424,iceland,-41.79512126232395
424,norway,-31.912576384994512
424,paraguay,-9.40081318301264
424,sweden,-20.84544255856281
424,switzerland,-5.85939314325342
425,iceland,-35.23851663625717
425,norway,-25.81747658062569
425,paraguay,-3.43070791571793
425,sweden,-13.821397843408688
425,switzerland,1.2721773394486426
426,iceland,-43.14162768082679
426,norway,-33.722676131464844
426,paraguay,-9.409797817189986
426,sweden,-23.15258961972889
426,switzerland,-8.387443455708706
427,iceland,-23.250262461389635
427,norway,-14.923875965793153
427,paraguay,5.065953940994161
427,sweden,-0.3772692031982265
427,switzerland,15.988375803717863
428,iceland,-35.83454669383586
428,norway,-26.98676851298286
428,paraguay,-2.022857957865655
428,sweden,-13.258207585916466
428,switzerland,4.779707504682658
429,iceland,-44.80790940652244
429,norway,-34.93626433223994
429,paraguay,-12.037571433974083
429,sweden,-26.48589975734601
429,switzerland,-13.736858247351964
430,iceland,-32.76727132562388
430,norway,-24.515290526467886
430,paraguay,-3.751293272285929
430,sweden,-14.142528150205235
430,switzerland,0.1510343132300627
431,iceland,-35.44085022050803
431,norway,-26.683353500865994
431,paraguay,-4.441927950083819
431,sweden,-14.984023516496883
431,switzerland,-0.0084399877130287
432,iceland,-39.65437113182455
432,norway,-30.606458996513997
432,paraguay,-10.14353832336568
432,sweden,-23.05305156864432
432,switzerland,-11.24171895984798
433,iceland,-29.65186654765729
433,norway,-21.174032616965192
433,paraguay,-0.3705488871677758
433,sweden,-9.036149486536257
433,switzerland,6.487337340799304
434,iceland,-41.1538539135533
434,norway,-31.199723959907853
434,paraguay,-8.351557413247086
434,sweden,-18.957263159644548
434,switzerland,-3.156300668988733
435,iceland,-27.33582513516452
435,norway,-19.107434534078795
435,paraguay,-0.2076521825287336
435,sweden,-7.565925843869815
435,switzerland,6.350458359664248
436,iceland,-30.95958646249042
436,norway,-22.948962568689875
436,paraguay,-2.0772070632581645
436,sweden,-11.920376108708986
436,switzerland,3.0654727691147703
437,iceland,-36.8452719015456
437,norway,-27.380418984820484
437,paraguay,-7.462228953712821
437,sweden,-18.279668639021857
437,switzerland,-6.016881957040341
438,iceland,-49.94092206193088
438,norway,-39.696682173798365
438,paraguay,-17.14310602099183
438,sweden,-33.074179322243985
438,switzerland,-21.303051406412404
439,iceland,-40.91945263694139
439,norway,-31.314652777823405
439,paraguay,-9.846224485537588
439,sweden,-23.125397605674834
439,switzerland,-10.617318665289456
440,iceland,-34.88402678827458
440,norway,-25.90887087982783
440,paraguay,-4.13202476968539
440,sweden,-14.552739545385206
440,switzerland,0.2808953138165867
441,iceland,-40.563427720041496
441,norway,-30.87621852901156
441,paraguay,-11.47176825424318
441,sweden,-24.0868996564921
441,switzerland,-13.848273870013022
442,iceland,-39.2681800738335
442,norway,-30.453553380535972
442,paraguay,-9.722696025109952
442,sweden,-22.478158613063904
442,switzerland,-10.385682478043051
443,iceland,-38.5078749803627
443,norway,-29.216657871331645
443,paraguay,-8.121220431023465
443,sweden,-20.088262273453974
443,switzerland,-7.388498235447879
444,iceland,-37.708382308379214
444,norway,-29.01042879495413
444,paraguay,-5.24031422488495
444,sweden,-17.776086104255253
444,switzerland,-1.662933064876953
445,iceland,-28.605992185064665
445,norway,-20.47294791279352
445,paraguay,-0.1565045948076049
445,sweden,-8.604050458711267
445,switzerland,6.612417099217966
446,iceland,-42.03268550726576
446,norway,-32.65687820195168
446,paraguay,-9.264417843617304
446,sweden,-23.035563692229893
446,switzerland,-8.83319757962161
447,iceland,-28.89107535421081
447,norway,-20.28558534975076
447,paraguay,-0.4156761863045602
447,sweden,-8.291405470488755
447,switzerland,6.367345029428885
448,iceland,-48.10645965942401
448,norway,-38.1607077918617
448,paraguay,-14.746293216635054
448,sweden,-30.94945645047711
448,switzerland,-18.51135922266248
449,iceland,-32.739546103341645
449,norway,-23.722313482257395
449,paraguay,-4.305016769607523
449,sweden,-13.548330905707486
449,switzerland,-0.5282075130493655
450,iceland,-41.68781648412991
450,norway,-32.54706196005612
450,paraguay,-11.61724383517557
450,sweden,-25.14834238705448
450,switzerland,-13.654999154114446
451,iceland,-19.541165717447548
451,norway,-11.45464162235481
451,paraguay,7.079211477896038
451,sweden,3.5003315695485493
451,switzerland,19.684547063236863
452,iceland,-36.6160545738177
452,norway,-27.602544098899
452,paraguay,-4.324786418947384
452,sweden,-15.264232292312958
452,switzerland,0.7928743555332178
453,iceland,-48.30148638853135
453,norway,-37.89233332929592
453,paraguay,-14.178523370793402
453,sweden,-29.815968249157635
453,switzerland,-17.018789910395434
454,iceland,-40.24727372529493
454,norway,-31.504668732760997
454,paraguay,-7.36000769445025
454,sweden,-20.42391849631816
454,switzerland,-4.585426143330821
455,iceland,-33.0668490245639
455,norway,-23.86067198649318
455,paraguay,-3.5700497702805
455,sweden,-13.03991570897234
455,switzerland,0.5831792373228883
456,iceland,-44.47400320471493
456,norway,-34.550630243514874
456,paraguay,-11.4633865343513
456,sweden,-25.751227966812262
456,switzerland,-12.658787271831285
457,iceland,-40.04236636812881
457,norway,-30.84660996677498
457,paraguay,-9.33688003743334
457,sweden,-22.125935071217988
457,switzerland,-9.403521049734648
458,iceland,-43.34755343264808
458,norway,-33.52337245850391
458,paraguay,-12.283839624215574
458,sweden,-25.52030119142998
458,switzerland,-13.34425089019308
459,iceland,-39.10555313125429
459,norway,-29.67331209120633
459,paraguay,-9.403746264600263
459,sweden,-21.67580131029869
459,switzerland,-9.972828674934442
460,iceland,-40.43839193971426
460,norway,-30.853671910278287
460,paraguay,-10.678276365296712
460,sweden,-23.480764787057986
460,switzerland,-12.304673079972266
461,iceland,-42.07669562142234
461,norway,-32.91210652815783
461,paraguay,-9.97036752092334
461,sweden,-23.85247376371576
461,switzerland,-10.05251101936222
462,iceland,-37.039933167217406
462,norway,-27.76126568818652
462,paraguay,-7.60633946949288
462,sweden,-18.24645605772724
462,switzerland,-5.660846639752963
463,iceland,-31.46080976211972
463,norway,-22.668724332291937
463,paraguay,-3.4747708059440554
463,sweden,-12.225974424055805
463,switzerland,0.7970149316396802
464,iceland,-46.00741215374598
464,norway,-36.41918951317797
464,paraguay,-14.530350038891862
464,sweden,-29.8569099394442
464,switzerland,-18.58582528786144
465,iceland,-37.9791711550184
465,norway,-28.57403171449462
465,paraguay,-9.48227713908741
465,sweden,-21.00938931485163
465,switzerland,-10.079579102246084
466,iceland,-33.926750195695114
466,norway,-25.13392698271681
466,paraguay,-4.108217173608244
466,sweden,-13.801827294894215
466,switzerland,0.7746802267724366
467,iceland,-32.19353345354576
467,norway,-23.84129645392889
467,paraguay,-2.1324015420664746
467,sweden,-12.175297456030677
467,switzerland,3.2905055581165863
468,iceland,-28.94580778570153
468,norway,-20.579760950633045
468,paraguay,-0.5013535848778544
468,sweden,-8.997326328677884
468,switzerland,5.887961635037647
469,iceland,-40.98494009797231
469,norway,-31.01682492552866
469,paraguay,-10.711419250737288
469,sweden,-23.271243192708845
469,switzerland,-12.007189805380682
470,iceland,-43.5124834519549
470,norway,-34.08266881964622
470,paraguay,-12.788265694597609
470,sweden,-26.8529605055941
470,switzerland,-15.018209826645746
471,iceland,-42.67163339643149
471,norway,-33.09593363850822
471,paraguay,-12.297325502146844
471,sweden,-26.160367311230814
471,switzerland,-14.882081420271335
472,iceland,-42.40681517933342
472,norway,-32.93194320779176
472,paraguay,-9.40295208109158
472,sweden,-23.05546099331518
472,switzerland,-8.804432733078938
473,iceland,-28.93694139038924
473,norway,-20.13916632413322
473,paraguay,-0.6923438652400068
473,sweden,-8.312730874565306
473,switzerland,5.9440218010180175
474,iceland,-31.737230340597627
474,norway,-22.76355215154812
474,paraguay,-1.40076479804793
474,sweden,-10.320267976693492
474,switzerland,5.672771538543179
475,iceland,-37.32671207244113
475,norway,-27.92871035130006
475,paraguay,-8.092059093587494
475,sweden,-19.333880444403505
475,switzerland,-7.337190228012285
476,iceland,-26.964625485675217
476,norway,-19.155772954994752
476,paraguay,-0.0399186644151383
476,sweden,-7.930919208359364
476,switzerland,6.47510928393183
477,iceland,-41.93475258565896
477,norway,-32.26542537878032
477,paraguay,-9.746294794427898
477,sweden,-23.330696106782817
477,switzerland,-9.63655337826689
478,iceland,-29.5532254748456
478,norway,-21.093251810764656
478,paraguay,-1.565686886562499
478,sweden,-9.79214965863084
478,switzerland,4.4553365295035325
479,iceland,-31.71313420730419
479,norway,-22.97182443003125
479,paraguay,-1.0525684954758958
479,sweden,-10.653730075969696
479,switzerland,5.480201867454847
480,iceland,-39.13593674168442
480,norway,-30.20248334472205
480,paraguay,-5.538530848557738
480,sweden,-18.42785608498829
480,switzerland,-1.7491900052463465
481,iceland,-42.68115796098469
481,norway,-33.472636133673774
481,paraguay,-11.034040329533134
481,sweden,-24.937321588600707
481,switzerland,-12.035875561587549
482,iceland,-56.66289970438694
482,norway,-46.209364989332414
482,paraguay,-19.719525886642927
482,sweden,-38.81388627331118
482,switzerland,-25.31509166470512
483,iceland,-33.996645735035806
483,norway,-25.09104140422557
483,paraguay,-1.4720005566648071
483,sweden,-11.94366175742623
483,switzerland,5.213991706512552
484,iceland,-45.48261340840509
484,norway,-35.649800432939735
484,paraguay,-13.98270207590181
484,sweden,-28.894201144956583
484,switzerland,-17.694383483104627
485,iceland,-27.8928113940187
485,norway,-18.911606579571167
485,paraguay,1.9001534022732065
485,sweden,-5.25899277351905
485,switzerland,10.65309569464529
486,iceland,-24.290354582082628
486,norway,-16.576749192699765
486,paraguay,3.4163778881788494
486,sweden,-3.0316765431826864
486,switzerland,12.941061835169467
487,iceland,-41.71779287262631
487,norway,-32.32178737016036
487,paraguay,-7.656182432773834
487,sweden,-20.753967284099858
487,switzerland,-5.008793074908057
488,iceland,-26.30313696276809
488,norway,-18.197894059966604
488,paraguay,1.9584401990710825
488,sweden,-4.832173132944601
488,switzerland,10.696323594378828
489,iceland,-35.623505821625095
489,norway,-26.304647185495902
489,paraguay,-4.630439377653922
489,sweden,-15.157986293343036
489,switzerland,-0.5005577892469932
490,iceland,-47.40726017355559
490,norway,-36.77101701628117
490,paraguay,-14.733789736860045
490,sweden,-29.09847394705408
490,switzerland,-17.238130191123464
491,iceland,-34.62296038952619
491,norway,-24.908481948792257
491,paraguay,-3.767568111704492
491,sweden,-12.995251464833215
491,switzerland,1.6681488208719986
492,iceland,-26.61950130307588
492,norway,-18.847636729431823
492,paraguay,1.4574222434151762
492,sweden,-6.535327387660291
492,switzerland,9.323591842018718
493,iceland,-27.87452258314806
493,norway,-19.49535066048216
493,paraguay,0.8814506982693139
493,sweden,-7.398395712026898
493,switzerland,8.152748303590657
494,iceland,-28.238115926264992
494,norway,-19.55239724969885
494,paraguay,-0.9184224690232036
494,sweden,-8.117288077812086
494,switzerland,5.124006059558197
495,iceland,-47.13717306521772
495,norway,-37.06392064550848
495,paraguay,-13.603124455053132
495,sweden,-29.058078043477487
495,switzerland,-16.41561988714082
496,iceland,-43.00867379027702
496,norway,-33.161800479395566
496,paraguay,-12.270829245323874
496,sweden,-26.17718736128808
496,switzerland,-14.922480179429831
497,iceland,-40.53532213315771
497,norway,-31.182043969049708
497,paraguay,-4.481960016072501
497,sweden,-17.734399261928566
497,switzerland,0.9265387971438624
498,iceland,-32.18888536918343
498,norway,-23.412694722090556
498,paraguay,-3.3567668843519662
498,sweden,-12.47048345954298
498,switzerland,1.1550313239343284
499,iceland,-42.00982411209665
499,norway,-32.37748528206629
499,paraguay,-11.174500677072116
499,sweden,-24.61384518462092
499,switzerland,-12.775505204059744
500,iceland,-34.28135260619744
500,norway,-25.75617179703848
500,paraguay,-4.289077080719067
500,sweden,-15.078181601578938
500,switzerland,-0.4989100259770954
501,iceland,-40.382242785911
501,norway,-31.13886075095948
501,paraguay,-10.541268202134106
501,sweden,-23.75158676816252
501,switzerland,-12.149660872413298
502,iceland,-24.42724652369071
502,norway,-16.501882347812373
502,paraguay,4.655540269123978
502,sweden,-2.300026231681562
502,switzerland,15.239572150191597
503,iceland,-33.26326297964909
503,norway,-24.20234503990813
503,paraguay,-2.4297076952766514
503,sweden,-11.973501790528267
503,switzerland,3.2497314182632544
504,iceland,-32.23759302956953
504,norway,-23.38221064555986
504,paraguay,-3.817347822626002
504,sweden,-13.034238032960555
504,switzerland,0.0616845676410337
505,iceland,-44.54936692477664
505,norway,-34.52566051480876
505,paraguay,-11.608715230633557
505,sweden,-26.172362666287984
505,switzerland,-13.121495755809647
506,iceland,-33.587072470575194
506,norway,-24.975596327601483
506,paraguay,-0.7576695126875806
506,sweden,-10.863562458469485
506,switzerland,6.925640832716756
507,iceland,-29.77482453390181
507,norway,-21.45598513105074
507,paraguay,-1.0098574751079576
507,sweden,-9.366912203947216
507,switzerland,5.3329894858601525
508,iceland,-39.46467581913616
508,norway,-30.67601438045947
508,paraguay,-7.124987959562644
508,sweden,-18.504907742288417
508,switzerland,-1.4276252474792095
509,iceland,-36.28008131764378
509,norway,-27.207324024614632
509,paraguay,-7.420926069106455
509,sweden,-18.65860906930788
509,switzerland,-6.63824798514673
510,iceland,-34.4770325803322
510,norway,-25.783329533658083
510,paraguay,-5.789139057320947
510,sweden,-16.580814987686868
510,switzerland,-3.684171802104028
511,iceland,-45.01401832433341
511,norway,-35.3506946812567
511,paraguay,-13.795122105373652
511,sweden,-28.08313294589988
511,switzerland,-16.253620837337362
512,iceland,-40.409326912184056
512,norway,-31.50816468659845
512,paraguay,-9.19587159399308
512,sweden,-22.18766229683025
512,switzerland,-8.56468858853195
513,iceland,-41.170127445158336
513,norway,-31.41246931174824
513,paraguay,-8.565506490757887
513,sweden,-21.48377065879884
513,switzerland,-7.530890400906828
514,iceland,-49.89934806247241
514,norway,-40.02569563409013
514,paraguay,-16.260721570051356
514,sweden,-32.83293257275096
514,switzerland,-19.925069813402622
515,iceland,-35.68714004337496
515,norway,-27.05961569682356
515,paraguay,-2.49967994547877
515,sweden,-14.044699154699464
515,switzerland,3.825101020060925
516,iceland,-39.09052569797088
516,norway,-29.066571970845605
516,paraguay,-5.04542046208002
516,sweden,-15.858783116149509
516,switzerland,0.2666098906727194
517,iceland,-53.923425272638205
517,norway,-43.22137121659795
517,paraguay,-17.969806861112488
517,sweden,-36.19708470399001
517,switzerland,-23.233372334214742
518,iceland,-35.121061353957906
518,norway,-26.36527903103375
518,paraguay,-2.3792226017240523
518,sweden,-12.59098101041186
518,switzerland,5.959544786073803
519,iceland,-35.737870553001706
519,norway,-26.987983919907688
519,paraguay,-5.5452675729352725
519,sweden,-16.630609305949854
519,switzerland,-2.402184746675134
520,iceland,-36.17562160318421
520,norway,-27.46366510594548
520,paraguay,-4.841926632923143
520,sweden,-15.999021600760283
520,switzerland,-0.7123439985674854
521,iceland,-27.985021143438747
521,norway,-20.0008006995026
521,paraguay,0.0787185611635745
521,sweden,-7.969131282783655
521,switzerland,7.353349629898807
522,iceland,-49.37219838635551
522,norway,-39.63875767599583
522,paraguay,-15.360985106047456
522,sweden,-32.20929566174074
522,switzerland,-19.3271072392581
523,iceland,-39.78156801488672
523,norway,-31.00746462077928
523,paraguay,-7.453548541076823
523,sweden,-20.49243575403878
523,switzerland,-5.311717341035517
524,iceland,-36.99829445778276
524,norway,-27.704870127345004
524,paraguay,-7.9603706616113215
524,sweden,-18.59363850289853
524,switzerland,-6.48080739150565
525,iceland,-30.00530891055645
525,norway,-21.135330462760784
525,paraguay,-0.5113246939531988
525,sweden,-8.993303974288613
525,switzerland,6.264320547172274
526,iceland,-40.12440743962971
526,norway,-30.819161226375787
526,paraguay,-9.505409560701567
526,sweden,-22.47198504478873
526,switzerland,-9.881700684059142
527,iceland,-25.25327252703613
527,norway,-16.450545868495656
527,paraguay,3.858349311866008
527,sweden,-1.88280763609668
527,switzerland,14.568866494410145
528,iceland,-36.8715848818044
528,norway,-28.144832054796822
528,paraguay,-7.027441425598393
528,sweden,-18.602323666046768
528,switzerland,-5.353874382158285
529,iceland,-36.46187495695444
529,norway,-27.7645497093434
529,paraguay,-5.5266317027851946
529,sweden,-16.856026580739204
529,switzerland,-1.781776997261301
530,iceland,-32.43267343091181
530,norway,-23.085011687997703
530,paraguay,-1.801621337135077
530,sweden,-10.376590539292724
530,switzerland,4.906834458697497
531,iceland,-22.843520936112256
531,norway,-15.306894946394053
531,paraguay,4.09346059907419
531,sweden,-1.9526676848863969
531,switzerland,14.006240594453203
532,iceland,-50.12820371562434
532,norway,-40.36418088674599
532,paraguay,-16.76809444673141
532,sweden,-33.87603031373834
532,switzerland,-22.04568129984149
533,iceland,-41.06493048061135
533,norway,-31.921259256339507
533,paraguay,-8.404350252530037
533,sweden,-21.93651008108124
533,switzerland,-7.1422104202511445
534,iceland,-26.63897779466452
534,norway,-17.97547234535423
534,paraguay,2.645306996802908
534,sweden,-4.177617836132952
534,switzerland,11.852604605183355
535,iceland,-35.60540082570512
535,norway,-26.310800451185248
535,paraguay,-5.305622048651219
535,sweden,-16.108112220855645
535,switzerland,-2.428653515878536
536,iceland,-47.66716231111185
536,norway,-38.1647630348436
536,paraguay,-14.581078312402225
536,sweden,-30.853295086598667
536,switzerland,-18.22602633245432
537,iceland,-31.209348000174703
537,norway,-23.04936178023844
537,paraguay,-0.9463028401364292
537,sweden,-10.29359220602179
537,switzerland,5.906249582162079
538,iceland,-39.37429740312548
538,norway,-29.91716158752064
538,paraguay,-10.539113265040475
538,sweden,-22.36041600431317
538,switzerland,-11.415174395643303
539,iceland,-44.22174475452023
539,norway,-34.44578946828044
539,paraguay,-9.876169471402642
539,sweden,-24.53904373447616
539,switzerland,-9.598416775311014
540,iceland,-25.92340953978975
540,norway,-17.826247181759864
540,paraguay,1.685115939143414
540,sweden,-5.049082818409616
540,switzerland,9.863462260967555
541,iceland,-32.39916971542104
541,norway,-23.39996269255612
541,paraguay,-2.060560775536157
541,sweden,-11.578272377533
541,switzerland,3.858642706676989
542,iceland,-40.58553618031474
542,norway,-31.113009787997573
542,paraguay,-8.113024683647081
542,sweden,-20.69837628956929
542,switzerland,-6.445581955560192
543,iceland,-38.49144839829204
543,norway,-29.24965548194772
543,paraguay,-9.731016161845355
543,sweden,-21.799107735097596
543,switzerland,-10.683014506929736
544,iceland,-40.57612681748218
544,norway,-31.102580103911617
544,paraguay,-9.217291596860877
544,sweden,-21.596702737175008
544,switzerland,-8.133981493165212
545,iceland,-41.73061068224681
545,norway,-31.97263099050428
545,paraguay,-10.01041465162124
545,sweden,-23.069708252155227
545,switzerland,-10.291247115522568
546,iceland,-36.75032191504171
546,norway,-27.82251362708705
546,paraguay,-5.202392251332195
546,sweden,-15.952086692222284
546,switzerland,-0.308908573337453
547,iceland,-32.92587553913527
547,norway,-23.62503534158562
547,paraguay,-2.4009822853650467
547,sweden,-11.696101978748189
547,switzerland,3.1160562249041948
548,iceland,-39.2149716861623
548,norway,-30.09996412184525
548,paraguay,-9.873429714252246
548,sweden,-22.525739268117427
548,switzerland,-10.78854484247858
549,iceland,-39.54597224303952
549,norway,-30.445768160703768
549,paraguay,-7.163206420147264
549,sweden,-20.140880646588204
549,switzerland,-5.170910791870525
550,iceland,-41.44818552936076
550,norway,-31.74371589849185
550,paraguay,-11.370928763502484
550,sweden,-24.24221774580329
550,switzerland,-12.55109131809946
551,iceland,-39.89234217863768
551,norway,-30.305903810203255
551,paraguay,-9.473702101417686
551,sweden,-22.0793073303988
551,switzerland,-9.894810189462117
552,iceland,-38.957905635971166
552,norway,-29.78369155694309
552,paraguay,-8.998181883820498
552,sweden,-21.22246746499844
552,switzerland,-8.817603000904274
553,iceland,-45.12972610423829
553,norway,-35.157727580498026
553,paraguay,-9.202491514095664
553,sweden,-23.45059267884296
553,switzerland,-7.201982632168976
554,iceland,-53.12575923534246
554,norway,-43.123623503164765
554,paraguay,-18.26363296972572
554,sweden,-36.58532886980114
554,switzerland,-24.202797834043075
555,iceland,-33.42630322751688
555,norway,-24.837315294478067
555,paraguay,-4.811814136115259
555,sweden,-14.91333187987815
555,switzerland,-1.685219373037642
556,iceland,-38.23857156628944
556,norway,-29.030849789432832
556,paraguay,-8.841051279685132
556,sweden,-20.828707158671577
556,switzerland,-9.036644091978284
557,iceland,-25.83465677937335
557,norway,-17.830840938216333
557,paraguay,1.0766734168294538
557,sweden,-5.481583529951171
557,switzerland,9.376191604195284
558,iceland,-33.486604851363424
558,norway,-25.0259275156789
558,paraguay,-4.517112731143517
558,sweden,-15.016983267667902
558,switzerland,-1.238732536723696
559,iceland,-33.64906838532077
559,norway,-25.152690895160667
559,paraguay,-2.050602891069942
559,sweden,-12.657377787535632
559,switzerland,3.966934816511612
560,iceland,-36.9076362282656
560,norway,-27.805523156724107
560,paraguay,-7.157351114591844
560,sweden,-18.83735555644301
560,switzerland,-5.882414428028207
561,iceland,-21.18178221088584
561,norway,-13.96159927494017
561,paraguay,5.357736182819871
561,sweden,-0.4271641283069406
561,switzerland,16.128766065545964
562,iceland,-41.27120890189603
562,norway,-31.17758368949286
562,paraguay,-9.542080359181709
562,sweden,-22.108075537043756
562,switzerland,-9.388026712164573
563,iceland,-39.59753305193158
563,norway,-30.491740677265884
563,paraguay,-9.523603247348296
563,sweden,-22.293108985494214
563,switzerland,-10.009144202099328
564,iceland,-47.97019642558252
564,norway,-38.21845275992987
564,paraguay,-15.617867611878546
564,sweden,-31.69853329990112
564,switzerland,-20.310388699570392
565,iceland,-36.58863752086575
565,norway,-27.322286748157744
565,paraguay,-6.973184291987293
565,sweden,-18.005112629081708
565,switzerland,-5.406047551241808
566,iceland,-41.08944622455432
566,norway,-31.729290475610348
566,paraguay,-9.438253207873538
566,sweden,-22.900700364773765
566,switzerland,-9.431766870771613
567,iceland,-35.48448314669883
567,norway,-26.44160991566019
567,paraguay,-2.9011631651810084
567,sweden,-14.186854112213648
567,switzerland,2.4419695092966727
568,iceland,-41.6020394334796
568,norway,-32.64158110246152
568,paraguay,-11.135000082770665
568,sweden,-24.89420335128836
568,switzerland,-12.64131399495916
569,iceland,-37.91236885813056
569,norway,-28.838480903127834
569,paraguay,-8.231773430345882
569,sweden,-20.20654923444936
569,switzerland,-7.491900047946153
570,iceland,-29.396988714174626
570,norway,-20.9396950749028
570,paraguay,-1.436055762086722
570,sweden,-9.48273319233473
570,switzerland,4.446992802788139
571,iceland,-40.03884232324757
571,norway,-31.09344273391653
571,paraguay,-10.42704162558602
571,sweden,-23.56184329242342
571,switzerland,-11.68001531295159
572,iceland,-47.76270406903531
572,norway,-37.99477098994085
572,paraguay,-15.163633539880264
572,sweden,-31.26976645176334
572,switzerland,-19.427205383552597
573,iceland,-35.384557973171646
573,norway,-26.580258017184136
573,paraguay,-5.686956315217868
573,sweden,-15.98270126786736
573,switzerland,-1.9045875509963288
574,iceland,-29.46250773142865
574,norway,-20.99881100383961
574,paraguay,-1.3112755588432436
574,sweden,-9.897934600069618
574,switzerland,4.406186783367506
575,iceland,-44.17658536611766
575,norway,-34.4090618004741
575,paraguay,-13.766488599094975
575,sweden,-27.765378090887307
575,switzerland,-16.79688185980367
576,iceland,-23.98816233741265
576,norway,-15.11325970427654
576,paraguay,4.999318423406166
576,sweden,0.1998211693409074
576,switzerland,16.830942577231827
577,iceland,-44.889592909842506
577,norway,-35.27448387309465
577,paraguay,-11.729966115847652
577,sweden,-26.408995308607143
577,switzerland,-12.883897263512193
578,iceland,-44.36406243347466
578,norway,-34.65896471145438
578,paraguay,-11.820077864490202
578,sweden,-26.638925761258623
578,switzerland,-13.696453253688665
579,iceland,-41.08311262137678
579,norway,-31.71033764907757
579,paraguay,-7.007144192132971
579,sweden,-19.816919562661063
579,switzerland,-3.251818169368509
580,iceland,-31.366018164677666
580,norway,-23.15743802637931
580,paraguay,-2.9744067743848794
580,sweden,-12.916269922276197
580,switzerland,1.2847846428960412
581,iceland,-28.39611763455118
581,norway,-20.210144973801
581,paraguay,0.4456116662455113
581,sweden,-7.681737571443447
581,switzerland,7.8022801913803
582,iceland,-34.489878096951934
582,norway,-26.443485683730117
582,paraguay,-2.204856216113104
582,sweden,-13.596840393334826
582,switzerland,4.089010234195245
583,iceland,-35.8118561712598
583,norway,-26.303395868365246
583,paraguay,-4.706379949001165
583,sweden,-15.354556651929682
583,switzerland,-1.173080071403115
584,iceland,-35.89910919175472
584,norway,-26.951961023009087
584,paraguay,-2.49819980591551
584,sweden,-13.861033679168312
584,switzerland,3.5614294812664324
585,iceland,-41.096493086547625
585,norway,-31.33574871529372
585,paraguay,-11.4614712920398
585,sweden,-24.204758468848336
585,switzerland,-13.610333422229631
586,iceland,-46.33786756937313
586,norway,-36.45236243233639
586,paraguay,-13.970875428506996
586,sweden,-29.156306831520023
586,switzerland,-17.342553250024267
587,iceland,-35.11747567955307
587,norway,-26.106187110654066
587,paraguay,-3.326780590240031
587,sweden,-13.438757595736291
587,switzerland,2.215896129829496
588,iceland,-35.6845396872438
588,norway,-26.43237229242193
588,paraguay,-6.348957605731029
588,sweden,-16.17193647347023
588,switzerland,-2.9149160009194137
589,iceland,-46.60829025803057
589,norway,-37.13545981793804
589,paraguay,-12.498747850767794
589,sweden,-27.99957471359086
589,switzerland,-13.94267228183108
590,iceland,-27.245797022476072
590,norway,-18.708191523320576
590,paraguay,3.186816065254839
590,sweden,-4.499687279183791
590,switzerland,12.819096390274275
591,iceland,-42.89276875133128
591,norway,-33.49288278009962
591,paraguay,-13.195673773806638
591,sweden,-26.94892808705654
591,switzerland,-16.5072843236466
592,iceland,-45.4262286520479
592,norway,-35.57090217108574
592,paraguay,-11.525955975674478
592,sweden,-26.486637287007177
592,switzerland,-12.568505479813204
593,iceland,-39.28190035326549
593,norway,-29.58436701901675
593,paraguay,-8.299857851456075
593,sweden,-20.11723821511461
593,switzerland,-6.64922620241796
594,iceland,-40.201230392364565
594,norway,-30.816164801492327
594,paraguay,-9.658674103160791
594,sweden,-22.516966788339587
594,switzerland,-10.257924884045432
595,iceland,-30.96272872035513
595,norway,-22.186136642133302
595,paraguay,-2.330248406561193
595,sweden,-10.280840515331995
595,switzerland,3.7799798452252378
596,iceland,-39.88876721530259
596,norway,-30.838932155267123
596,paraguay,-9.02450560053233
596,sweden,-21.78733683016645
596,switzerland,-8.56719082516039
597,iceland,-45.97258483136749
597,norway,-36.09832710284456
597,paraguay,-13.98861996238965
597,sweden,-29.22212024523624
597,switzerland,-17.60962841490268
598,iceland,-26.260617433095263
598,norway,-17.726432517613794
598,paraguay,2.4132239130060475
598,sweden,-4.237339554915635
598,switzerland,11.562838238976855
599,iceland,-32.70028195471026
599,norway,-23.817841733087548
599,paraguay,-1.422384741877175
599,sweden,-10.457472078159633
599,switzerland,5.924200791771848
600,iceland,-37.29449614008749
600,norway,-28.39090827223778
600,paraguay,-4.9884680479119945
600,sweden,-16.62601474468464
600,switzerland,-0.7933308542817641
601,iceland,-30.76546199506253
601,norway,-21.942719195490763
601,paraguay,-1.107127102654726
601,sweden,-9.864563423851056
601,switzerland,5.432669252893717
602,iceland,-42.28871762378575
602,norway,-32.81512157981362
602,paraguay,-11.993645136203156
602,sweden,-25.585639537320944
602,switzerland,-14.281407668743933
603,iceland,-35.18393245775271
603,norway,-26.02512384689159
603,paraguay,-3.676273105766868
603,sweden,-13.04456722480368
603,switzerland,3.0658473097764896
604,iceland,-43.56510050120703
604,norway,-33.526377301647535
604,paraguay,-11.930232802608192
604,sweden,-25.68911557214957
604,switzerland,-13.924882102819105
605,iceland,-35.437519620387086
605,norway,-26.60666982170802
605,paraguay,-4.348919784443611
605,sweden,-15.463652650770756
605,switzerland,-0.2933203348498595
606,iceland,-41.19504859005368
606,norway,-31.93411452699178
606,paraguay,-12.1008114019958
606,sweden,-25.34588394363827
606,switzerland,-14.871781560291112
607,iceland,-37.20770530644793
607,norway,-27.947265171722385
607,paraguay,-5.094105192009333
607,sweden,-16.50598237005161
607,switzerland,-1.2192607575540284
608,iceland,-29.421176103677
608,norway,-20.34924870551091
608,paraguay,1.022984447107269
608,sweden,-6.559146281510721
608,switzerland,9.889130665911187
609,iceland,-31.81536795119368
609,norway,-22.949754482776683
609,paraguay,-2.5412383364599287
609,sweden,-11.55354814496614
609,switzerland,2.6461623169159605
610,iceland,-29.74287484848072
610,norway,-21.179840222836116
610,paraguay,0.4458208945103897
610,sweden,-7.768977764449541
610,switzerland,8.98236279166759
611,iceland,-46.37471971579327
611,norway,-36.800836893224094
611,paraguay,-10.93938320796912
611,sweden,-25.92973938365178
611,switzerland,-10.273088248525104
612,iceland,-44.02408810470836
612,norway,-34.13985360500834
612,paraguay,-12.407967947829125
612,sweden,-26.58618201886226
612,switzerland,-14.808875648843667
613,iceland,-29.926169978789
613,norway,-21.385554382739688
613,paraguay,-0.0347212816334169
613,sweden,-8.117306017204031
613,switzerland,7.828700310908633
614,iceland,-31.678863004749232
614,norway,-22.81244455920766
614,paraguay,-1.0650204069180198
614,sweden,-10.024990479896024
614,switzerland,6.276542508554713
615,iceland,-34.79726942157345
615,norway,-25.833873612546043
615,paraguay,-4.672186434322624
615,sweden,-15.542717771172471
615,switzerland,-1.3836104903370512
616,iceland,-41.88891129508019
616,norway,-32.42493892062443
616,paraguay,-10.700392476646606
616,sweden,-24.27171769335773
616,switzerland,-11.837755584328391
617,iceland,-29.540940183419742
617,norway,-20.99169472893078
617,paraguay,1.6338811789008012
617,sweden,-6.943325753299481
617,switzerland,10.388219589216597
618,iceland,-26.752752613065965
618,norway,-18.6504682141995
618,paraguay,1.408973485736989
618,sweden,-6.448777825961826
618,switzerland,9.125936326336154
619,iceland,-37.53740308745825
619,norway,-28.33776996248899
619,paraguay,-8.420675815220351
619,sweden,-19.827682765220462
619,switzerland,-7.743623189945214
620,iceland,-34.723783911719146
620,norway,-26.252301490704124
620,paraguay,-3.153521079490415
620,sweden,-14.353091671511052
620,switzerland,2.049017744940484
621,iceland,-36.77462718156531
621,norway,-27.944290175696008
621,paraguay,-9.22092702711098
621,sweden,-20.87230096033957
621,switzerland,-10.055497663636368
622,iceland,-39.56651960311312
622,norway,-29.65325614047002
622,paraguay,-9.429496747652044
622,sweden,-21.3524689597162
622,switzerland,-9.839920620543396
623,iceland,-42.60327241876358
623,norway,-32.80892215537327
623,paraguay,-10.872863284155152
623,sweden,-24.3169148643222
623,switzerland,-11.814454281936724
624,iceland,-28.062625910773665
624,norway,-20.17625217438023
624,paraguay,-0.1335188453171739
624,sweden,-8.56248469716471
624,switzerland,6.543426347249086
625,iceland,-32.40185676338403
625,norway,-24.24028071737727
625,paraguay,-2.145842075602658
625,sweden,-11.760255634649798
625,switzerland,4.047313918028764
626,iceland,-45.7057392900511
626,norway,-35.84488382056372
626,paraguay,-13.671788950799698
626,sweden,-28.471359986460453
626,switzerland,-16.63293799422049
627,iceland,-22.16790811062396
627,norway,-14.344035103413333
627,paraguay,4.013317306838925
627,sweden,-1.2282861289233409
627,switzerland,13.767304307645889
628,iceland,-44.08496956748004
628,norway,-34.18667848153061
628,paraguay,-11.40663811975227
628,sweden,-24.993439303613744
628,switzerland,-11.567563763608543
629,iceland,-33.16955225861663
629,norway,-24.70868389911038
629,paraguay,-2.6557115707150003
629,sweden,-12.95495422917572
629,switzerland,2.764355629321736
630,iceland,-33.24084846125313
630,norway,-24.114843633058605
630,paraguay,-2.4200735015948447
630,sweden,-11.868290486430393
630,switzerland,3.0274430004107
631,iceland,-42.07163665244766
631,norway,-32.7038834257356
631,paraguay,-11.333192819849302
631,sweden,-24.888446119660788
631,switzerland,-12.94783011189513
632,iceland,-27.699999924456108
632,norway,-19.200127139664488
632,paraguay,1.7003754569686795
632,sweden,-5.471426058061883
632,switzerland,10.67526541292006
633,iceland,-27.06307921233231
633,norway,-19.02075402352448
633,paraguay,2.2948752446824536
633,sweden,-5.586174925737491
633,switzerland,11.2787280817988
634,iceland,-26.0409828704388
634,norway,-18.275341554538887
634,paraguay,3.1284435590118376
634,sweden,-4.767034218888021
634,switzerland,12.44926161254024
635,iceland,-40.1201670132379
635,norway,-30.449298981197163
635,paraguay,-9.736324249920871
635,sweden,-21.98462186855267
635,switzerland,-9.793887478959729
636,iceland,-35.49797658177742
636,norway,-26.56592206657397
636,paraguay,-4.5921997518179625
636,sweden,-15.225634431796324
636,switzerland,-0.553564147310363
637,iceland,-42.28000900613364
637,norway,-32.024331618170336
637,paraguay,-9.94287077907358
637,sweden,-21.873352317209903
637,switzerland,-8.027508258728574
638,iceland,-31.943427907436064
638,norway,-23.85354705749771
638,paraguay,-2.917424162075912
638,sweden,-13.023785999979644
638,switzerland,1.6807425700043157
639,iceland,-34.50539109286413
639,norway,-25.469319506775214
639,paraguay,-1.8584739500467808
639,sweden,-12.10787281471929
639,switzerland,4.656063081657276
640,iceland,-31.217006936415604
640,norway,-22.688592632901457
640,paraguay,-3.5448407204993524
640,sweden,-12.512119932220395
640,switzerland,0.3339780626807681
641,iceland,-41.21621317996512
641,norway,-31.66401496700408
641,paraguay,-7.320413841588275
641,sweden,-20.533810994781952
641,switzerland,-4.636172801203293
642,iceland,-42.98815900071817
642,norway,-33.57954843241895
642,paraguay,-8.800834949738412
642,sweden,-22.843726565172076
642,switzerland,-7.219749278863613
643,iceland,-36.01540533898885
643,norway,-26.650551522992693
643,paraguay,-3.2261694438062283
643,sweden,-13.291309502275498
643,switzerland,3.4251087532735616
644,iceland,-31.66437288395012
644,norway,-23.495655439481176
644,paraguay,-0.2650373453887876
644,sweden,-10.48639899695506
644,switzerland,7.0515252491092
645,iceland,-31.815438103375776
645,norway,-23.07182312226797
645,paraguay,-3.548906075351906
645,sweden,-12.775560962224349
645,switzerland,0.4130188246851127
646,iceland,-41.52560982521743
646,norway,-31.75641352054608
646,paraguay,-9.376776489868982
646,sweden,-22.747076829426938
646,switzerland,-9.338664848093789
647,iceland,-25.25391131938573
647,norway,-17.79799525511238
647,paraguay,4.005187848100836
647,sweden,-3.635542351784667
647,switzerland,14.2765409923671
648,iceland,-35.34443979534242
648,norway,-26.66241276597884
648,paraguay,-1.7607876893505634
648,sweden,-13.218717484062518
648,switzerland,4.973404323347145
649,iceland,-42.51504926132776
649,norway,-33.0328243608121
649,paraguay,-10.743069884216563
649,sweden,-24.73305705605526
649,switzerland,-11.8016857739976
650,iceland,-34.51853946719823
650,norway,-25.835148545456804
650,paraguay,-6.11025195704616
650,sweden,-16.73727075780022
650,switzerland,-4.167410110463793
651,iceland,-42.95172832748985
651,norway,-33.89610012161625
651,paraguay,-10.731281976825452
651,sweden,-25.12879246537477
651,switzerland,-11.457843830473776
652,iceland,-39.16267240892616
652,norway,-29.85224426279696
652,paraguay,-9.449249570178951
652,sweden,-21.88216632231645
652,switzerland,-9.896837037027028
653,iceland,-37.86005670544668
653,norway,-28.829412340502024
653,paraguay,-8.346411666579629
653,sweden,-20.45766710941709
653,switzerland,-8.064814495929365
654,iceland,-26.344517117935293
654,norway,-17.703515297285012
654,paraguay,1.9099781058394756
654,sweden,-4.530550767539859
654,switzerland,10.48842880998894
655,iceland,-27.198535353024457
655,norway,-18.928757480433905
655,paraguay,1.8768865217129371
655,sweden,-4.809424199846515
655,switzerland,11.635331897193725
656,iceland,-36.14725528218607
656,norway,-26.52308970922452
656,paraguay,-4.487625128481983
656,sweden,-15.14288845267454
656,switzerland,-0.6969193258638511
657,iceland,-43.21897018514666
657,norway,-33.79051670416184
657,paraguay,-13.013378164260043
657,sweden,-26.67424216108305
657,switzerland,-15.34581133021429
658,iceland,-43.04008992478357
658,norway,-33.564470120354514
658,paraguay,-12.735330549227594
658,sweden,-26.2521242255869
658,switzerland,-14.757383591338694
659,iceland,-34.957930883782005
659,norway,-26.641326422587333
659,paraguay,-4.268329662463098
659,sweden,-15.683660997665134
659,switzerland,-0.2283129078384954
660,iceland,-39.51980535705108
660,norway,-30.324520863322235
660,paraguay,-8.760312583364787
660,sweden,-21.579241042969706
660,switzerland,-8.445737250318107
661,iceland,-31.40648184409544
661,norway,-23.197448212296926
661,paraguay,-1.03771552785667
661,sweden,-10.622590556870655
661,switzerland,5.599257873504295
662,iceland,-32.69796015113094
662,norway,-23.624340846228225
662,paraguay,-2.3620654038852624
662,sweden,-11.62356639909282
662,switzerland,3.3564750725643613
663,iceland,-49.933490473792645
663,norway,-39.88974941319779
663,paraguay,-14.276302284684125
663,sweden,-31.17944410563176
663,switzerland,-16.864685049495588
664,iceland,-42.63429025443111
664,norway,-32.67838490707882
664,paraguay,-8.9112163153786
664,sweden,-22.13123416273636
664,switzerland,-7.645948951062612
665,iceland,-37.22850203971393
665,norway,-28.001134674762152
665,paraguay,-8.235959183056474
665,sweden,-19.67653674442446
665,switzerland,-7.745326052737313
666,iceland,-25.114173651863997
666,norway,-17.069347262964076
666,paraguay,3.1745545737786767
666,sweden,-3.711612584014609
666,switzerland,12.866453564526264
667,iceland,-38.56635906350539
667,norway,-29.14061239705372
667,paraguay,-9.737470870938372
667,sweden,-21.289393054763465
667,switzerland,-10.3662686991211
668,iceland,-37.666647819777616
668,norway,-29.06264584771005
668,paraguay,-6.078226361827119
668,sweden,-17.895993694964876
668,switzerland,-2.3152358516451974
669,iceland,-26.78754195782896
669,norway,-18.75053389090548
669,paraguay,0.9678206327496998
669,sweden,-6.496695009815987
669,switzerland,8.809320723540202
670,iceland,-46.22592169848552
670,norway,-36.80688149903316
670,paraguay,-10.71439347761175
670,sweden,-26.51723349016543
670,switzerland,-10.478687322050249
671,iceland,-32.371406835514335
671,norway,-23.815293761985085
671,paraguay,-3.6831692230888566
671,sweden,-13.113131327900708
671,switzerland,0.4469192655462621
672,iceland,-43.54851063647956
672,norway,-34.14444999428917
672,paraguay,-13.487819795940132
672,sweden,-27.67487420808896
672,switzerland,-17.05811215798089
673,iceland,-39.992419030846406
673,norway,-30.74455583706076
673,paraguay,-7.353216516425771
673,sweden,-19.393574823307773
673,switzerland,-3.400343288890188
674,iceland,-32.05293322142637
674,norway,-23.818787013652475
674,paraguay,-5.071176942874543
674,sweden,-15.072556374501575
674,switzerland,-2.8060157815240525
675,iceland,-31.3307740402534
675,norway,-23.032476004434763
675,paraguay,-2.6478251846152534
675,sweden,-12.101089218855469
675,switzerland,2.1377883978508843
676,iceland,-31.760422879544805
676,norway,-22.623894341914404
676,paraguay,-2.4697823987437557
676,sweden,-10.910125954103918
676,switzerland,3.4172015271248424
677,iceland,-45.761593898341744
677,norway,-36.10291777935436
677,paraguay,-12.228066737179002
677,sweden,-27.72455955947954
677,switzerland,-14.077908470572744
678,iceland,-36.199154396887664
678,norway,-27.410456859933017
678,paraguay,-4.774748866236148
678,sweden,-16.308857621692443
678,switzerland,-1.1068564983163391
679,iceland,-41.58480431280721
679,norway,-32.16389768296455
679,paraguay,-11.634978948181914
679,sweden,-24.84855958976233
679,switzerland,-13.411877266345924
680,iceland,-40.69885778514391
680,norway,-30.663136722467907
680,paraguay,-9.771237550860713
680,sweden,-21.66444860271497
680,switzerland,-9.110679066085543
681,iceland,-27.727661923888636
681,norway,-19.341281224050903
681,paraguay,1.482125588923459
681,sweden,-5.773361660030221
681,switzerland,10.017469655661063
682,iceland,-42.65779528240339
682,norway,-33.56418989333139
682,paraguay,-8.653204606489673
682,sweden,-22.897095273596737
682,switzerland,-7.064186846012664
683,iceland,-45.20212115590513
683,norway,-35.230643370844305
683,paraguay,-13.399107406522852
683,sweden,-28.13784660358809
683,switzerland,-16.46137167317467
684,iceland,-38.63602122415568
684,norway,-29.23203812697587
684,paraguay,-7.477011561509748
684,sweden,-18.88094693472291
684,switzerland,-4.4877701082585215
685,iceland,-26.983968056217144
685,norway,-18.42680500226245
685,paraguay,3.398113743765562
685,sweden,-3.4690813852587943
685,switzerland,13.766969784743122
686,iceland,-32.63229488816372
686,norway,-24.18330522018672
686,paraguay,-2.3062499944303325
686,sweden,-12.152324693833483
686,switzerland,3.1989816144208616
687,iceland,-32.39290092082777
687,norway,-23.414968960275623
687,paraguay,-0.3268711558245245
687,sweden,-9.504309772495512
687,switzerland,7.341417202498889
688,iceland,-36.74300454075932
688,norway,-28.193272217771906
688,paraguay,-6.141584532345816
688,sweden,-18.185431093730312
688,switzerland,-3.7722919754594018
689,iceland,-32.678211344314654
689,norway,-24.13429689987717
689,paraguay,-3.4026953640156505
689,sweden,-13.23475778118386
689,switzerland,1.0136976328631824
690,iceland,-47.060444318953536
690,norway,-36.998452456490384
690,paraguay,-14.941526251278049
690,sweden,-30.076979858883465
690,switzerland,-18.73133165348669
691,iceland,-52.25337544355877
691,norway,-41.84924097579237
691,paraguay,-17.120254631290592
691,sweden,-34.78633213620519
691,switzerland,-22.285037694658875
692,iceland,-21.542433531112163
692,norway,-13.768208413295516
692,paraguay,6.1390348076245855
692,sweden,1.0180516515199207
692,switzerland,17.98683574223212
693,iceland,-49.86300399810383
693,norway,-39.99554502801861
693,paraguay,-14.74152082365431
693,sweden,-31.491683999520177
693,switzerland,-17.578562407759815
694,iceland,-39.3975779792486
694,norway,-30.74076238286706
694,paraguay,-3.477002286494558
694,sweden,-16.64820761035267
694,switzerland,3.0180740547118394
695,iceland,-32.50770632991642
695,norway,-24.07121201614972
695,paraguay,-4.620695055106025
695,sweden,-14.518264480437498
695,switzerland,-1.5199013766388636
696,iceland,-35.58730411592377
696,norway,-26.40144763733424
696,paraguay,-6.225916346873066
696,sweden,-16.873682100220755
696,switzerland,-4.096429402837339
697,iceland,-31.16944656514777
697,norway,-22.78479608232901
697,paraguay,-2.470259469987142
697,sweden,-11.799647829330349
697,switzerland,2.36488657724132
698,iceland,-44.87734309714072
698,norway,-35.16166436227548
698,paraguay,-12.491838380445731
698,sweden,-26.52314349470256
698,switzerland,-12.98198532403445
699,iceland,-47.98819492770205
699,norway,-37.95452120034265
699,paraguay,-15.284624780870836
699,sweden,-29.771436022085798
699,switzerland,-16.9179163666698
700,iceland,-49.45046403641467
700,norway,-39.22814627542885
700,paraguay,-15.189666060010238
700,sweden,-30.96421294808379
700,switzerland,-17.734330574169906
701,iceland,-40.609724886522805
701,norway,-30.90048945006629
701,paraguay,-7.087221953850718
701,sweden,-18.644515711292023
701,switzerland,-2.3296760355781387
702,iceland,-44.56112925381984
702,norway,-35.1979052697636
702,paraguay,-12.27025402006801
702,sweden,-27.0407806276667
702,switzerland,-14.112247983518923
703,iceland,-42.08738639532972
703,norway,-32.52686294681321
703,paraguay,-11.005525441583634
703,sweden,-24.51625990161485
703,switzerland,-12.152673539931897
704,iceland,-26.889252953371216
704,norway,-19.28641232657658
704,paraguay,1.0817912812063673
704,sweden,-7.443316469966813
704,switzerland,8.366361024176198
705,iceland,-33.876967021360045
705,norway,-24.9984214038537
705,paraguay,-4.262490092997767
705,sweden,-14.552060361897496
705,switzerland,-0.6460763835337342
706,iceland,-31.64770826876086
706,norway,-22.973147144099222
706,paraguay,-3.2780394294629467
706,sweden,-12.396432697719566
706,switzerland,1.0173666443370637
707,iceland,-31.84926821453699
707,norway,-22.90327572556758
707,paraguay,-2.7262921074406514
707,sweden,-11.798340438643349
707,switzerland,2.079355466923013
708,iceland,-40.38070491896583
708,norway,-31.120278441482185
708,paraguay,-11.259359308560423
708,sweden,-24.05782294393249
708,switzerland,-13.267468959442606
709,iceland,-39.43723065480244
709,norway,-30.30917067453035
709,paraguay,-10.918923166047396
709,sweden,-23.38540789475872
709,switzerland,-12.394245406110906
710,iceland,-43.27447440500729
710,norway,-33.23531739948187
710,paraguay,-9.7847343347187
710,sweden,-22.72304361283828
710,switzerland,-7.912523595483147
711,iceland,-32.81721986170863
711,norway,-24.03732688607031
711,paraguay,-2.909050033681856
711,sweden,-12.45836260114479
711,switzerland,2.2270347493672915
712,iceland,-34.02113943598846
712,norway,-25.413974284121576
712,paraguay,-3.475303941283252
712,sweden,-13.56535129853282
712,switzerland,2.0388532541363458
713,iceland,-48.61882273032751
713,norway,-38.594861510376326
713,paraguay,-16.14591401300219
713,sweden,-32.43673332794118
713,switzerland,-21.31362089595567
714,iceland,-39.169549877474985
714,norway,-29.192831678115347
714,paraguay,-7.106708064101384
714,sweden,-18.35626224226632
714,switzerland,-4.216114190328775
715,iceland,-34.51197889794475
715,norway,-25.262636049863467
715,paraguay,-3.1996148498305845
715,sweden,-12.967885675840089
715,switzerland,2.138268030898614
716,iceland,-28.986549766902098
716,norway,-20.3521319454134
716,paraguay,0.5388325483482502
716,sweden,-7.500708063910364
716,switzerland,8.212394128682377
717,iceland,-37.42838028704845
717,norway,-28.616783774126887
717,paraguay,-6.328860833384145
717,sweden,-18.136643072780448
717,switzerland,-3.502277127953322
718,iceland,-30.12504045825736
718,norway,-21.51090827753045
718,paraguay,-0.9213583363375925
718,sweden,-9.862285841514645
718,switzerland,5.257093059135662
719,iceland,-41.72579126439568
719,norway,-32.21863759633182
719,paraguay,-9.959365025820397
719,sweden,-23.73702255707135
719,switzerland,-10.510028703741632
720,iceland,-39.100236682516254
720,norway,-29.976682703566016
720,paraguay,-9.45100633679056
720,sweden,-20.788810686396477
720,switzerland,-8.007830284810703
721,iceland,-50.80568555951911
721,norway,-40.89800952920518
721,paraguay,-16.69367111451865
721,sweden,-34.02346701183524
721,switzerland,-21.59816856799577
722,iceland,-38.90879399536971
722,norway,-29.72527803647509
722,paraguay,-10.401046421227864
722,sweden,-22.77788420026484
722,switzerland,-11.997962831382322
723,iceland,-33.36141193619306
723,norway,-24.95626793193934
723,paraguay,-2.8631206284012385
723,sweden,-13.279820875946868
723,switzerland,2.216219901088797
724,iceland,-42.78987052192391
724,norway,-33.21795512103128
724,paraguay,-11.939586792295843
724,sweden,-26.10614443482087
724,switzerland,-14.379653807452073
725,iceland,-41.18563160995985
725,norway,-31.522861087052743
725,paraguay,-9.10035668179088
725,sweden,-22.311269994788137
725,switzerland,-8.788802557767658
726,iceland,-35.61654881769725
726,norway,-26.648556944882944
726,paraguay,-4.810852148322501
726,sweden,-15.862914957895937
726,switzerland,-1.323604979599314
727,iceland,-43.57970714474783
727,norway,-34.179083404228834
727,paraguay,-12.814313868047558
727,sweden,-27.02594096513019
727,switzerland,-15.358809841120037
728,iceland,-38.62456957562366
728,norway,-29.519584811198023
728,paraguay,-9.291163717899156
728,sweden,-21.30931469613109
728,switzerland,-9.58065646587078
729,iceland,-41.0821105676206
729,norway,-31.738939684721814
729,paraguay,-8.29356192574469
729,sweden,-21.33201696968104
729,switzerland,-6.819839476649811
730,iceland,-39.29297090623505
730,norway,-29.70877139797327
730,paraguay,-5.7542278010431325
730,sweden,-17.915261965674393
730,switzerland,-2.0459096033031416
731,iceland,-34.351989687957385
731,norway,-25.551649023800334
731,paraguay,-5.077133210468965
731,sweden,-15.756338958856816
731,switzerland,-2.184387798543781
732,iceland,-37.543708685603264
732,norway,-28.572787568509376
732,paraguay,-5.976639616559143
732,sweden,-17.997652852977364
732,switzerland,-3.0994720827909847
733,iceland,-40.32130428620725
733,norway,-30.878470515289223
733,paraguay,-6.260163354460056
733,sweden,-18.68273253140081
733,switzerland,-2.664250253902662
734,iceland,-47.49498012235478
734,norway,-38.22535155185943
734,paraguay,-10.78933962948356
734,sweden,-26.711554678167985
734,switzerland,-9.80346990335605
735,iceland,-39.52915847680776
735,norway,-30.56441404416273
735,paraguay,-9.095227439115943
735,sweden,-21.857690855698213
735,switzerland,-9.032475777491095
736,iceland,-42.24423348510269
736,norway,-32.6428977962131
736,paraguay,-10.73796328138723
736,sweden,-24.18388472334804
736,switzerland,-11.759296012866583
737,iceland,-51.969762543717245
737,norway,-41.7258323579976
737,paraguay,-16.6920420017922
737,sweden,-34.46759079280218
737,switzerland,-21.436929418330312
738,iceland,-26.49969984574888
738,norway,-17.861272211554105
738,paraguay,3.3386935783613327
738,sweden,-3.3860246969445256
738,switzerland,13.263116471496174
739,iceland,-41.23422245295979
739,norway,-31.558429205116155
739,paraguay,-9.741062224238592
739,sweden,-22.811157209036285
739,switzerland,-9.617786677285777
740,iceland,-53.60737886473758
740,norway,-43.08621359818424
740,paraguay,-16.400537220392806
740,sweden,-34.54844016152617
740,switzerland,-20.165586115600316
741,iceland,-39.67234370975416
741,norway,-30.250502507916075
741,paraguay,-9.01688170691054
741,sweden,-21.45717041506011
741,switzerland,-8.907135366120386
742,iceland,-48.08689740053174
742,norway,-38.18781548903998
742,paraguay,-12.586590413322993
742,sweden,-28.163318107413
742,switzerland,-13.440581288103576
743,iceland,-47.26771002939013
743,norway,-37.31757538847007
743,paraguay,-14.31748879439449
743,sweden,-29.92250602628832
743,switzerland,-17.789857471433173
744,iceland,-28.22698928646853
744,norway,-20.15190054072324
744,paraguay,1.599734112096599
744,sweden,-7.215154436534022
744,switzerland,9.822133629399168
745,iceland,-40.08997166989529
745,norway,-30.370421811345004
745,paraguay,-8.25023486488145
745,sweden,-21.082303909357652
745,switzerland,-7.455061148362996
746,iceland,-27.299521006182687
746,norway,-18.561588368811236
746,paraguay,2.5025442049342077
746,sweden,-3.159901754213252
746,switzerland,14.093561816672526
747,iceland,-36.69125304828094
747,norway,-27.58606074112012
747,paraguay,-5.753892552146691
747,sweden,-17.2738858233784
747,switzerland,-2.9030902606198667
748,iceland,-48.62647192777404
748,norway,-38.83609267890797
748,paraguay,-15.661387536766124
748,sweden,-31.67883108691135
748,switzerland,-19.53097156980868
749,iceland,-36.84454201893994
749,norway,-27.682140355449928
749,paraguay,-6.765549713203151
749,sweden,-17.864459105412806
749,switzerland,-4.737291100548825
750,iceland,-49.81442860708109
750,norway,-39.78495425760426
750,paraguay,-13.765922604160911
750,sweden,-30.39268686170756
750,switzerland,-15.604566982883716
751,iceland,-38.77780958055783
751,norway,-29.399257144201574
751,paraguay,-8.286636231633357
751,sweden,-20.38610617140451
751,switzerland,-7.361454142372627
752,iceland,-42.82944861026516
752,norway,-33.21921524477746
752,paraguay,-9.989656477829149
752,sweden,-23.45676852743629
752,switzerland,-8.994213724218737
753,iceland,-34.25535186535497
753,norway,-25.33463709386134
753,paraguay,-5.11980854002568
753,sweden,-15.010695852181769
753,switzerland,-1.2877947458473995
754,iceland,-37.151527853231975
754,norway,-28.11247244308256
754,paraguay,-7.860210070725055
754,sweden,-18.97759484720256
754,switzerland,-6.247906047542993
755,iceland,-55.0083173760174
755,norway,-44.621011146074046
755,paraguay,-18.30234353265996
755,sweden,-37.0011474172314
755,switzerland,-23.58537356523905
756,iceland,-25.725955716730933
756,norway,-17.85717555440243
756,paraguay,2.307486402816654
756,sweden,-5.133679735091881
756,switzerland,10.798177187089808
757,iceland,-41.93512074169587
757,norway,-32.434714003914046
757,paraguay,-8.329360185545413
757,sweden,-21.507674186057532
757,switzerland,-6.2586902047961095
758,iceland,-39.523302453185096
758,norway,-30.05485519567331
758,paraguay,-8.621685081901033
758,sweden,-20.913831729292745
758,switzerland,-7.987284316200916
759,iceland,-35.180078804715734
759,norway,-26.3080922825656
759,paraguay,-5.040712693208538
759,sweden,-16.061783742652374
759,switzerland,-1.9274258782972205
760,iceland,-32.95816054948817
760,norway,-24.469169028521677
760,paraguay,-4.275200993076695
760,sweden,-14.435318677740906
760,switzerland,-0.8688900468237543
761,iceland,-27.252406306416333
761,norway,-18.728778473683672
761,paraguay,1.8360108928630248
761,sweden,-5.271747019480702
761,switzerland,10.57362799688526
762,iceland,-35.9388757060818
762,norway,-26.98588701739913
762,paraguay,-5.616595682186177
762,sweden,-16.89817383784821
762,switzerland,-2.842260326912841
763,iceland,-43.031784740375045
763,norway,-33.80361530574936
763,paraguay,-13.384900426102758
763,sweden,-27.626746467414343
763,switzerland,-17.04624531156768
764,iceland,-36.46104441839043
764,norway,-27.37788608080304
764,paraguay,-6.57371655775281
764,sweden,-17.76282759450708
764,switzerland,-4.627923790007175
765,iceland,-32.61419809595381
765,norway,-24.3208172073717
765,paraguay,-3.956876649643847
765,sweden,-14.16435750356628
765,switzerland,-0.1706712131575561
766,iceland,-27.432858829973675
766,norway,-19.50667446583423
766,paraguay,2.3417879266845545
766,sweden,-6.139864121644486
766,switzerland,11.499439747887513
767,iceland,-36.31769119894028
767,norway,-26.976857325338468
767,paraguay,-5.399972409800792
767,sweden,-16.325579706966543
767,switzerland,-2.211552669976018
768,iceland,-29.264616116059017
768,norway,-20.991304803582757
768,paraguay,0.1881105680231488
768,sweden,-8.518155224023678
768,switzerland,7.389550280537381
769,iceland,-34.74917791474752
769,norway,-25.930497241994903
769,paraguay,-3.4709755079538542
769,sweden,-14.216030400625252
769,switzerland,1.5864509698102265
770,iceland,-33.95331772298777
770,norway,-25.390498198464115
770,paraguay,-2.796437149298258
770,sweden,-13.55132439712609
770,switzerland,2.467321799523424
771,iceland,-25.64230571978281
771,norway,-17.786709666696968
771,paraguay,2.450717418174507
771,sweden,-4.071961191118412
771,switzerland,11.968054885075142
772,iceland,-48.121880638504535
772,norway,-38.39631037017386
772,paraguay,-13.007003476045218
772,sweden,-29.25369052266995
772,switzerland,-14.700784922134469
773,iceland,-40.54248065906735
773,norway,-30.867574301915283
773,paraguay,-6.621108787664665
773,sweden,-18.73038447944117
773,switzerland,-2.6388869662332755
774,iceland,-32.918172111253064
774,norway,-23.969511373665657
774,paraguay,-1.9152837887059984
774,sweden,-11.236487118013349
774,switzerland,4.270012882043878
775,iceland,-38.99705605243122
775,norway,-29.00145726461764
775,paraguay,-7.355373140588346
775,sweden,-17.846357863410613
775,switzerland,-3.636853288584583
776,iceland,-39.84791891015935
776,norway,-30.622485201865807
776,paraguay,-9.873196309676352
776,sweden,-22.31856218162724
776,switzerland,-10.433004560319583
777,iceland,-38.51393132334182
777,norway,-29.401761553731205
777,paraguay,-8.67090763100081
777,sweden,-20.895464903347403
777,switzerland,-8.474147094511705
778,iceland,-38.756097111887165
778,norway,-29.27424880729625
778,paraguay,-6.391597938304768
778,sweden,-18.32118298088984
778,switzerland,-3.6233155134016295
779,iceland,-32.35808289745305
779,norway,-23.85227849358106
779,paraguay,-1.6005765788825426
779,sweden,-11.526587043355915
779,switzerland,4.622583283401424
780,iceland,-33.02867671463434
780,norway,-24.06160573216456
780,paraguay,-2.9798803446672606
780,sweden,-12.650075378872812
780,switzerland,1.9749866375396152
781,iceland,-33.9449130082685
781,norway,-25.374154429278008
781,paraguay,-1.870009015471905
781,sweden,-12.803432270935438
781,switzerland,4.251060427479254
782,iceland,-28.77722680092426
782,norway,-20.073287777389904
782,paraguay,-0.3685825562353882
782,sweden,-8.150187572733643
782,switzerland,6.2751628759942735
783,iceland,-28.79845598859664
783,norway,-20.61699511929995
783,paraguay,1.438872168939825
783,sweden,-7.168816752865796
783,switzerland,9.908615225551248
784,iceland,-41.28742684269416
784,norway,-31.74188208859685
784,paraguay,-9.256200726467448
784,sweden,-22.012568477594154
784,switzerland,-8.586417797303783
785,iceland,-33.16861506066911
785,norway,-24.453580136425952
785,paraguay,-3.4721963073663886
785,sweden,-13.432372479432573
785,switzerland,0.9018262842933108
786,iceland,-36.21236787799676
786,norway,-27.23053341098392
786,paraguay,-6.013760444297474
786,sweden,-17.234675526268667
786,switzerland,-3.5049519780249114
787,iceland,-42.1388448887147
787,norway,-33.22107312574962
787,paraguay,-10.363159352168378
787,sweden,-24.471347240138908
787,switzerland,-10.90085973802515
788,iceland,-37.40351266929987
788,norway,-28.270712170875274
788,paraguay,-9.26432464936115
788,sweden,-20.54204625051088
788,switzerland,-9.436300926038086
789,iceland,-31.19782366183276
789,norway,-22.58498201126732
789,paraguay,0.3809821932483607
789,sweden,-8.615490997424837
789,switzerland,8.90153868654379
790,iceland,-36.11330087350004
790,norway,-27.28725122638161
790,paraguay,-7.433873313865179
790,sweden,-18.90332490118705
790,switzerland,-6.682625295774371
791,iceland,-37.66328260895297
791,norway,-28.53423887072733
791,paraguay,-6.712924524538352
791,sweden,-18.448471610526493
791,switzerland,-4.545917495813808
792,iceland,-33.07499721695173
792,norway,-24.52713744236389
792,paraguay,-3.727620663895844
792,sweden,-13.299650875848029
792,switzerland,0.7782067976284472
793,iceland,-42.43818588087828
793,norway,-32.62501997109678
793,paraguay,-10.017110026886323
793,sweden,-23.573323510097627
793,switzerland,-10.355542475769925
794,iceland,-33.68505987139246
794,norway,-25.296385502104258
794,paraguay,-2.418924280192773
794,sweden,-13.218559276628833
794,switzerland,3.2990040618255576
795,iceland,-36.56467296630074
795,norway,-27.527469948926026
795,paraguay,-6.059995412299428
795,sweden,-17.161732011016632
795,switzerland,-3.515867372756735
796,iceland,-44.50158464658595
796,norway,-34.73722914458664
796,paraguay,-12.607644361307624
796,sweden,-27.119688581478453
796,switzerland,-15.031810796831326
797,iceland,-32.26265089346364
797,norway,-22.926463437620885
797,paraguay,-2.56390432257106
797,sweden,-10.915919963565548
797,switzerland,3.732713105726973
798,iceland,-35.125378944959
798,norway,-26.666078715422163
798,paraguay,-4.713731005658396
798,sweden,-16.253389861341248
798,switzerland,-1.3388329286267342
799,iceland,-39.9958194351537
799,norway,-30.884367313037032
799,paraguay,-9.66424824710568
799,sweden,-23.018573941730896
799,switzerland,-10.469491925185372
800,iceland,-42.85941519155149
800,norway,-32.84467352592639
800,paraguay,-8.978727414656536
800,sweden,-22.2836463958371
800,switzerland,-7.891032601583834
801,iceland,-34.17394563396406
801,norway,-24.957409080135875
801,paraguay,-3.708116713811133
801,sweden,-13.845979697377343
801,switzerland,0.445552646334645
802,iceland,-36.28096516134927
802,norway,-27.40251682366147
802,paraguay,-6.351590210714015
802,sweden,-17.808308849333667
802,switzerland,-4.104145842618713
803,iceland,-37.81780066594354
803,norway,-28.87119616000157
803,paraguay,-8.796875742682024
803,sweden,-20.63700895417521
803,switzerland,-8.942115432166991
804,iceland,-39.38029682297593
804,norway,-30.412562525857275
804,paraguay,-7.460500032537268
804,sweden,-20.280112634188683
804,switzerland,-5.602734995802644
805,iceland,-43.950433437128446
805,norway,-34.09963759726134
805,paraguay,-10.382650777656856
805,sweden,-24.23903188023761
805,switzerland,-10.191439789171437
806,iceland,-23.191363053074145
806,norway,-15.20427612761078
806,paraguay,5.372642807264335
806,sweden,-0.6148220115199078
806,switzerland,16.681889301324198
807,iceland,-28.685117243633467
807,norway,-20.34492935021941
807,paraguay,-0.3133807275059318
807,sweden,-8.565906295831686
807,switzerland,6.259341505358412
808,iceland,-30.43065872572604
808,norway,-22.074555214181228
808,paraguay,1.969701357667736
808,sweden,-7.108915884977147
808,switzerland,11.488707847194554
809,iceland,-41.84134776495997
809,norway,-32.23009339505134
809,paraguay,-10.343289612271215
809,sweden,-23.903204999375884
809,switzerland,-11.221364354763756
810,iceland,-30.905553822974152
810,norway,-22.974135751521565
810,paraguay,-0.5303219942087445
810,sweden,-9.798831640309754
810,switzerland,7.292339674865907
811,iceland,-45.19939618057519
811,norway,-34.98872447824945
811,paraguay,-10.327652684066123
811,sweden,-24.895839795125617
811,switzerland,-10.252666615240422
812,iceland,-40.06777203941588
812,norway,-31.10535404666827
812,paraguay,-8.479942970429727
812,sweden,-21.38692093482452
812,switzerland,-7.281555612568731
813,iceland,-32.81320534725014
813,norway,-23.95963085836231
813,paraguay,-1.98647583063361
813,sweden,-11.72117323174792
813,switzerland,3.866307122057865
814,iceland,-42.02933118573544
814,norway,-32.14229312530737
814,paraguay,-11.318828055668158
814,sweden,-24.81289095393315
814,switzerland,-13.28693784907092
815,iceland,-41.584975191950086
815,norway,-31.93567639784457
815,paraguay,-6.597834869934319
815,sweden,-19.363914637056503
815,switzerland,-2.7212492163161626
816,iceland,-36.57709350824412
816,norway,-27.14926678524715
816,paraguay,-3.954824963211885
816,sweden,-13.743509797052257
816,switzerland,3.5167283857418443
817,iceland,-42.36903161997893
817,norway,-32.44517633611638
817,paraguay,-12.126908087262276
817,sweden,-25.39661881155568
817,switzerland,-14.71961221598513
818,iceland,-41.88057512063934
818,norway,-32.73599490584147
818,paraguay,-9.238609686041924
818,sweden,-22.711292843682006
818,switzerland,-8.241979843020895
819,iceland,-52.79053225996672
819,norway,-42.49695277955039
819,paraguay,-17.907063695292287
819,sweden,-34.68984909525338
819,switzerland,-21.69877356199003
820,iceland,-39.87691020016343
820,norway,-31.02416001108313
820,paraguay,-8.540618710227228
820,sweden,-21.883753554994723
820,switzerland,-8.020610880170116
821,iceland,-43.864982545177966
821,norway,-34.10642617643857
821,paraguay,-9.722635240453018
821,sweden,-24.376525161412225
821,switzerland,-9.414651787587731
822,iceland,-43.817926206352574
822,norway,-34.36011069325224
822,paraguay,-9.537455122301644
822,sweden,-23.8828233374891
822,switzerland,-8.672033042570819
823,iceland,-40.68460472609927
823,norway,-31.53700179393764
823,paraguay,-10.260607667864573
823,sweden,-23.731430901849617
823,switzerland,-11.334987914699452
824,iceland,-40.22414628320136
824,norway,-30.88205238423465
824,paraguay,-5.612967167532036
824,sweden,-18.376879394064243
824,switzerland,-1.3267737308662146
825,iceland,-41.46659100925705
825,norway,-31.7786231521988
825,paraguay,-9.109143679978173
825,sweden,-22.129359317859105
825,switzerland,-8.54072417727438
826,iceland,-30.56787753326929
826,norway,-21.944232160883576
826,paraguay,-0.8515488225184361
826,sweden,-9.529811512312396
826,switzerland,5.883587182498819
827,iceland,-44.40692978728181
827,norway,-35.104775562755
827,paraguay,-13.267118223420674
827,sweden,-28.03263886151934
827,switzerland,-16.405713161427748
828,iceland,-32.95625742801929
828,norway,-24.04375469231774
828,paraguay,-2.7599939705596808
828,sweden,-12.254491177172577
828,switzerland,2.4567254354550405
829,iceland,-31.875523588293166
829,norway,-23.0248535593921
829,paraguay,-1.519967699341386
829,sweden,-10.858301247557538
829,switzerland,4.584141457488006
830,iceland,-38.78831092649846
830,norway,-29.14946603957836
830,paraguay,-9.692429899959084
830,sweden,-20.890253760893057
830,switzerland,-9.591462571784035
831,iceland,-36.365663025626965
831,norway,-27.10109886795234
831,paraguay,-5.286243488104603
831,sweden,-16.351649690632797
831,switzerland,-1.9934032443539964
832,iceland,-35.41081284087814
832,norway,-26.55288888624942
832,paraguay,-6.616033147010237
832,sweden,-17.472896769408084
832,switzerland,-5.094264839714724
833,iceland,-27.05404284973844
833,norway,-18.65346081073832
833,paraguay,1.9436596062535352
833,sweden,-5.667472774497678
833,switzerland,10.448614888798849
834,iceland,-44.049538166781296
834,norway,-34.54737438308418
834,paraguay,-13.508514944091468
834,sweden,-27.96276926542952
834,switzerland,-17.043449801111635
835,iceland,-37.995028778208095
835,norway,-28.750385160090527
835,paraguay,-6.070035235749031
835,sweden,-18.241321203630932
835,switzerland,-3.2926825429741715
836,iceland,-35.2052078605455
836,norway,-26.202681087090134
836,paraguay,-5.048740043480984
836,sweden,-13.661213357889304
836,switzerland,1.5383461449490003
837,iceland,-34.65941693897394
837,norway,-25.80617244281601
837,paraguay,-4.073676929843771
837,sweden,-13.459344331830051
837,switzerland,2.208889246333775
838,iceland,-35.11487186649917
838,norway,-26.447022142469468
838,paraguay,-3.096358103478282
838,sweden,-13.808686473819638
838,switzerland,2.454450161420618
839,iceland,-41.03807252862748
839,norway,-31.625682012358897
839,paraguay,-8.998585071620072
839,sweden,-22.196846514534812
839,switzerland,-8.599024942628958
840,iceland,-36.607781752631446
840,norway,-27.61854893359966
840,paraguay,-6.788908349641293
840,sweden,-18.2115804186642
840,switzerland,-4.976449336791368
841,iceland,-43.89273337292047
841,norway,-34.661683489752726
841,paraguay,-12.709945445614176
841,sweden,-27.33371900268544
841,switzerland,-15.312920845202228
842,iceland,-21.891898965247226
842,norway,-13.85409896355501
842,paraguay,4.892221989965456
842,sweden,0.3732712118339831
842,switzerland,16.29912122456383
843,iceland,-45.88254479925615
843,norway,-36.53580187445181
843,paraguay,-12.11361564129763
843,sweden,-27.34122707707018
843,switzerland,-13.307514173584533
844,iceland,-44.80478495958567
844,norway,-34.667550753273595
844,paraguay,-11.659290674121872
844,sweden,-25.73005686030303
844,switzerland,-12.6680737965596
845,iceland,-29.0819533965588
845,norway,-20.04579617621033
845,paraguay,1.559456839234128
845,sweden,-5.63653804198592
845,switzerland,10.922133983255236
846,iceland,-38.71614203232066
846,norway,-29.456810392225076
846,paraguay,-6.069811086216467
846,sweden,-18.5855891771335
846,switzerland,-3.106324816012256
847,iceland,-33.47227101483212
847,norway,-24.98294843977116
847,paraguay,-3.1533963378861074
847,sweden,-13.690577375693938
847,switzerland,1.405929414765878
848,iceland,-35.70876774151038
848,norway,-26.241778699414287
848,paraguay,-4.667209511410122
848,sweden,-15.05430093856756
848,switzerland,-0.9485791928367306
849,iceland,-33.90524092922381
849,norway,-24.87349920202176
849,paraguay,-2.7598711259777766
849,sweden,-12.784972328525424
849,switzerland,2.857912480854571
850,iceland,-41.640471381058894
850,norway,-32.32180659411748
850,paraguay,-8.954592291537962
850,sweden,-22.705956820186277
850,switzerland,-8.240614825070883
851,iceland,-40.15246019944181
851,norway,-30.56524697286507
851,paraguay,-8.667668470981695
851,sweden,-21.41119498741489
851,switzerland,-8.170538537974558
852,iceland,-35.53604624947619
852,norway,-26.97042589782311
852,paraguay,-5.8804958998954895
852,sweden,-16.312551199420838
852,switzerland,-2.05042555098376
853,iceland,-32.241963075227254
853,norway,-23.499503451708787
853,paraguay,-1.7836253324554183
853,sweden,-11.500455880055403
853,switzerland,3.955725068975749
854,iceland,-35.121409906492055
854,norway,-26.48117197287247
854,paraguay,-5.7479119303145625
854,sweden,-17.113826071335467
854,switzerland,-3.608485195347389
855,iceland,-40.49442908120548
855,norway,-31.22487407868735
855,paraguay,-10.294935973222312
855,sweden,-23.15591901443238
855,switzerland,-11.242537015535731
856,iceland,-36.433275667007855
856,norway,-27.181447645653865
856,paraguay,-5.432237518345834
856,sweden,-16.37802892458032
856,switzerland,-2.1650319752074147
857,iceland,-46.379171488327
857,norway,-36.590720681598725
857,paraguay,-12.80255008557804
857,sweden,-28.12150903779352
857,switzerland,-14.743832558274022
858,iceland,-34.74194578946987
858,norway,-25.575414398454644
858,paraguay,-5.3752524849833945
858,sweden,-14.364020763654382
858,switzerland,-0.5551255736244857
859,iceland,-42.96421622124205
859,norway,-33.39316999424721
859,paraguay,-12.27724610134449
859,sweden,-26.130523863010414
859,switzerland,-14.385739899940342
860,iceland,-26.080976369183706
860,norway,-17.92199362883151
860,paraguay,1.9193139222210245
860,sweden,-4.904358955546092
860,switzerland,10.802891100749134
861,iceland,-37.94251408918412
861,norway,-28.981671775057976
861,paraguay,-8.390502130725599
861,sweden,-20.72672646868592
861,switzerland,-8.137946251202422
862,iceland,-32.912450639156404
862,norway,-24.187386733998764
862,paraguay,-4.575251923080795
862,sweden,-14.19210884746991
862,switzerland,-0.9130838566152786
863,iceland,-30.07434141672308
863,norway,-21.38988117522255
863,paraguay,-1.119186689933474
863,sweden,-9.113100498058635
863,switzerland,5.6921416068697255
864,iceland,-52.39340309546004
864,norway,-42.27698133050087
864,paraguay,-17.302324388035622
864,sweden,-35.219160849103424
864,switzerland,-22.4502554676339
865,iceland,-42.89343561117696
865,norway,-33.189251497075475
865,paraguay,-12.085704062433738
865,sweden,-25.17777901521968
865,switzerland,-13.198976676166952
866,iceland,-30.493969675829543
866,norway,-21.896658857126877
866,paraguay,-3.1188864707647093
866,sweden,-11.698572467508733
866,switzerland,1.0094452826558933
867,iceland,-44.74155592939509
867,norway,-34.90033141598025
867,paraguay,-12.319549021564482
867,sweden,-26.933386346469597
867,switzerland,-14.233867974922116
868,iceland,-50.10034906353764
868,norway,-39.98588978001472
868,paraguay,-15.87408745166394
868,sweden,-32.37815350431419
868,switzerland,-19.689951117205908
869,iceland,-44.14543817636157
869,norway,-34.311138877605295
869,paraguay,-12.819455942693686
869,sweden,-27.051853258921582
869,switzerland,-15.612696965508936
870,iceland,-24.947829696636447
870,norway,-16.7313468469905
870,paraguay,2.87518307468613
870,sweden,-2.959963549316948
870,switzerland,12.910678741951632
871,iceland,-41.570831846226135
871,norway,-31.54337212441901
871,paraguay,-8.570516222985933
871,sweden,-21.376253397039903
871,switzerland,-7.4128174611775295
872,iceland,-34.211136654585495
872,norway,-25.40947735042611
872,paraguay,-3.7848202869801018
872,sweden,-14.11338716639792
872,switzerland,1.0977476272461812
873,iceland,-39.82973942759208
873,norway,-30.381650085942205
873,paraguay,-7.992344727394388
873,sweden,-20.271838097230493
873,switzerland,-6.517628841537848
874,iceland,-39.98649192469755
874,norway,-30.72923813623196
874,paraguay,-10.542973609452384
874,sweden,-22.928852257629742
874,switzerland,-11.117045047093882
875,iceland,-50.74238681001644
875,norway,-39.99162064083775
875,paraguay,-16.08943676736229
875,sweden,-32.748296666320826
875,switzerland,-20.71646801110659
876,iceland,-35.15121625185432
876,norway,-26.617184654072062
876,paraguay,-3.838775148721136
876,sweden,-14.162993783415732
876,switzerland,2.144838584243589
877,iceland,-25.287300156220155
877,norway,-17.29438478847793
877,paraguay,3.061436615939086
877,sweden,-3.789966920509852
877,switzerland,12.207776765001212
878,iceland,-48.11104736935504
878,norway,-37.80860482583796
878,paraguay,-11.520255997516896
878,sweden,-26.363024789364424
878,switzerland,-9.964197637949772
879,iceland,-39.15673420553054
879,norway,-30.05477734088553
879,paraguay,-8.500233384399259
879,sweden,-21.2570179548197
879,switzerland,-8.075225112514095
880,iceland,-33.07195823995431
880,norway,-24.49472178935373
880,paraguay,-3.209376580154168
880,sweden,-13.091425727878814
880,switzerland,2.1224064141400514
881,iceland,-42.20248445042849
881,norway,-33.06996980615978
881,paraguay,-9.169621159456772
881,sweden,-23.088089482155738
881,switzerland,-8.330722797456495
882,iceland,-48.79229593012539
882,norway,-38.77666675590636
882,paraguay,-15.136848505186784
882,sweden,-31.24698292985793
882,switzerland,-18.680874331733676
883,iceland,-33.41154958173626
883,norway,-24.457593920645472
883,paraguay,-3.016517636634809
883,sweden,-12.864948499046326
883,switzerland,1.8863873727680849
884,iceland,-34.81986145776127
884,norway,-25.76646443504029
884,paraguay,-5.160704002670654
884,sweden,-15.493280636116951
884,switzerland,-1.3837278223005944
885,iceland,-38.58620310437878
885,norway,-29.10292628631817
885,paraguay,-6.047740290701593
885,sweden,-18.010665619323724
885,switzerland,-2.9208689262417837
886,iceland,-44.12344599258736
886,norway,-34.232159975447296
886,paraguay,-11.33049814538569
886,sweden,-25.60296050209022
886,switzerland,-12.621241805768518
887,iceland,-31.28963341238589
887,norway,-22.16421311214981
887,paraguay,-1.639944128765189
887,sweden,-9.883396742082688
887,switzerland,4.787766545206681
888,iceland,-37.18623853441778
888,norway,-28.582964371155352
888,paraguay,-7.098740552140724
888,sweden,-18.94968696360352
888,switzerland,-5.052198872746587
889,iceland,-41.40314023894244
889,norway,-31.588760548075232
889,paraguay,-9.197919317384502
889,sweden,-21.37818121398875
889,switzerland,-7.170231329067178
890,iceland,-31.257866769383035
890,norway,-22.338005568466183
890,paraguay,-1.7099158896893791
890,sweden,-10.14353616803263
890,switzerland,4.366648819404649
891,iceland,-35.097898247617
891,norway,-26.147460630522243
891,paraguay,-5.984986629345222
891,sweden,-16.237509089560255
891,switzerland,-2.627294014105534
892,iceland,-44.3150722507836
892,norway,-34.46083043064054
892,paraguay,-13.51032078696755
892,sweden,-27.911163714796416
892,switzerland,-17.175098258112747
893,iceland,-34.409085613699055
893,norway,-26.314901788292083
893,paraguay,-2.704647183308395
893,sweden,-13.9990684045366
893,switzerland,2.941382119556981
894,iceland,-35.134814886886225
894,norway,-26.335070600592644
894,paraguay,-5.866885176856554
894,sweden,-16.41150905503078
894,switzerland,-3.306748473898039
895,iceland,-39.35582634910036
895,norway,-30.04122445921274
895,paraguay,-8.21372092747629
895,sweden,-20.443301558844905
895,switzerland,-7.050633234455757
896,iceland,-45.7141688137698
896,norway,-36.74910409002004
896,paraguay,-11.644319370526526
896,sweden,-27.316499494473117
896,switzerland,-12.295027782966876
897,iceland,-39.88024422406678
897,norway,-31.087308734083454
897,paraguay,-9.84632493014056
897,sweden,-23.1783489351343
897,switzerland,-10.61613566018137
898,iceland,-41.20994500068271
898,norway,-31.68077403609727
898,paraguay,-9.932022045356046
898,sweden,-23.397675480344315
898,switzerland,-10.679729538645445
899,iceland,-40.95486275452615
899,norway,-31.38786696864083
899,paraguay,-8.630495563661059
899,sweden,-21.11180611231524
899,switzerland,-6.728130008028455
900,iceland,-44.79924342694861
900,norway,-34.59870290085632
900,paraguay,-13.265415557414638
900,sweden,-27.60040021173732
900,switzerland,-16.531631170039983
901,iceland,-29.31475196335117
901,norway,-20.373462422356248
901,paraguay,0.079198005159469
901,sweden,-7.819705932358907
901,switzerland,7.218735687654759
902,iceland,-41.37359413369575
902,norway,-31.600431772057743
902,paraguay,-9.241910188226376
902,sweden,-21.537025034210824
902,switzerland,-7.476784301354242
903,iceland,-27.789052318621746
903,norway,-19.379229421335896
903,paraguay,0.3590636277159264
903,sweden,-7.120630432029512
903,switzerland,7.476157172503005
904,iceland,-19.05764314315253
904,norway,-11.25764384425194
904,paraguay,7.040960489564933
904,sweden,3.461434741469345
904,switzerland,19.50224066059296
905,iceland,-41.61431097881257
905,norway,-32.27721045745882
905,paraguay,-10.816661353149687
905,sweden,-24.05235066452044
905,switzerland,-11.958942818923283
906,iceland,-43.90169883143657
906,norway,-34.0775821498855
906,paraguay,-12.697173492128664
906,sweden,-26.940860989169614
906,switzerland,-15.483587617686307
907,iceland,-54.85116903497048
907,norway,-44.73724720637
907,paraguay,-18.718356545613823
907,sweden,-37.734195492403735
907,switzerland,-24.607883631683627
908,iceland,-42.34391276687258
908,norway,-32.78453252868859
908,paraguay,-6.844023729853282
908,sweden,-19.85459079406629
908,switzerland,-2.7757831428499484
909,iceland,-43.93456390376837
909,norway,-34.03678672707081
909,paraguay,-10.26638798785355
909,sweden,-24.22219904261005
909,switzerland,-10.255442174289222
910,iceland,-42.96399924359996
910,norway,-32.995873512434414
910,paraguay,-10.54894306314562
910,sweden,-23.58360758840063
910,switzerland,-10.165264871148878
911,iceland,-41.56065298990252
911,norway,-31.726656108609067
911,paraguay,-9.692964227989576
911,sweden,-22.79746339151577
911,switzerland,-9.83904571863034
912,iceland,-44.972415325141625
912,norway,-35.51388050539737
912,paraguay,-14.072238069147556
912,sweden,-29.057367057750337
912,switzerland,-17.994388181363696
913,iceland,-33.9754038400496
913,norway,-24.78176928250182
913,paraguay,-3.2546960637517284
913,sweden,-12.990374255763244
913,switzerland,1.78453337215271
914,iceland,-28.02218204832317
914,norway,-19.63170059967895
914,paraguay,1.7948488675459289
914,sweden,-5.971227955451704
914,switzerland,10.366698273590195
915,iceland,-44.020070590067775
915,norway,-33.85626590829281
915,paraguay,-8.124022110759357
915,sweden,-21.798224036498603
915,switzerland,-5.450320640968417
916,iceland,-35.564160739639384
916,norway,-26.4568014741398
916,paraguay,-4.3135212024385625
916,sweden,-15.13242644025318
916,switzerland,-0.1699760985048496
917,iceland,-31.47179436102793
917,norway,-23.14309487399925
917,paraguay,-1.7239998800815597
917,sweden,-11.626319392190448
917,switzerland,3.864566470705752
918,iceland,-56.07383051379431
918,norway,-45.47326939984641
918,paraguay,-18.467472404362788
918,sweden,-37.8109052640671
918,switzerland,-23.86344222478865
919,iceland,-42.27323699402004
919,norway,-32.68692600782086
919,paraguay,-11.939897646050492
919,sweden,-25.49489978064231
919,switzerland,-14.26678055050379
920,iceland,-37.27802042787911
920,norway,-28.33283337052908
920,paraguay,-6.383107463647603
920,sweden,-17.70550048285983
920,switzerland,-3.4239092502788204
921,iceland,-47.91599691091555
921,norway,-37.86269301516787
921,paraguay,-14.629645984798312
921,sweden,-30.537768554158333
921,switzerland,-18.296260765874447
922,iceland,-32.02182645370608
922,norway,-23.228212145807397
922,paraguay,-2.2267104267897264
922,sweden,-11.743322352521014
922,switzerland,3.096361647979871
923,iceland,-32.566275193984126
923,norway,-23.748483109203807
923,paraguay,-4.119134409798578
923,sweden,-13.720397634570032
923,switzerland,-0.6858383607285216
924,iceland,-44.53344644835467
924,norway,-34.65806217103899
924,paraguay,-11.437421987472248
924,sweden,-25.727269647246484
924,switzerland,-12.406417595864106
925,iceland,-38.38157204116527
925,norway,-29.888134848901554
925,paraguay,-6.223088048502366
925,sweden,-19.02291510042827
925,switzerland,-3.282373601589092
926,iceland,-39.180220713545815
926,norway,-30.21936372119634
926,paraguay,-7.354648627142927
926,sweden,-19.92245071589475
926,switzerland,-5.067616522694208
927,iceland,-32.173123050185886
927,norway,-23.058148718133776
927,paraguay,-3.2617824961036197
927,sweden,-11.1107283551955
927,switzerland,3.3475147508237657
928,iceland,-45.99379218460111
928,norway,-36.00375824640096
928,paraguay,-11.560464418203166
928,sweden,-26.32473316407996
928,switzerland,-11.897113472712348
929,iceland,-48.47316157563627
929,norway,-38.04122678601912
929,paraguay,-14.94514512221143
929,sweden,-30.649572899870595
929,switzerland,-18.55123805856252
930,iceland,-29.835990532071484
930,norway,-21.00272086035271
930,paraguay,-0.6318718057985004
930,sweden,-8.673886001885705
930,switzerland,6.077763683300278
931,iceland,-28.010459828215524
931,norway,-19.522221915215734
931,paraguay,0.6449443797070462
931,sweden,-6.788007261296861
931,switzerland,8.300504730608587
932,iceland,-47.08416972181824
932,norway,-37.42593051495429
932,paraguay,-12.877285360444858
932,sweden,-28.333627473429303
932,switzerland,-14.477225671318903
933,iceland,-30.979240537469632
933,norway,-22.60353917761768
933,paraguay,-0.6774955588870931
933,sweden,-9.901258406923771
933,switzerland,6.178171302519675
934,iceland,-37.78500633540271
934,norway,-28.56551250941104
934,paraguay,-6.6409859613482
934,sweden,-18.60600323601077
934,switzerland,-4.514292100955777
935,iceland,-29.351317623723933
935,norway,-20.563444169914657
935,paraguay,1.0768051717920295
935,sweden,-7.0548604676316895
935,switzerland,9.458756343365376
936,iceland,-30.407039290534605
936,norway,-21.550460901028877
936,paraguay,-0.9773597912867374
936,sweden,-9.171429403531326
936,switzerland,5.923140896771738
937,iceland,-27.42655481370568
937,norway,-19.305146916749067
937,paraguay,0.0843904428616993
937,sweden,-7.933494710767328
937,switzerland,6.5462289772281705
938,iceland,-31.972273166131043
938,norway,-23.76401351557005
938,paraguay,-1.2538918164771964
938,sweden,-11.488335142558876
938,switzerland,5.132910891363424
939,iceland,-41.47122124234672
939,norway,-32.15721271135274
939,paraguay,-9.34028909148942
939,sweden,-22.92355004763448
939,switzerland,-9.02569102283
940,iceland,-40.64390436817931
940,norway,-31.16764589578167
940,paraguay,-6.654825707272027
940,sweden,-19.233954611265357
940,switzerland,-3.274378451573678
941,iceland,-44.138356845945744
941,norway,-34.52021252571316
941,paraguay,-10.420369051043282
941,sweden,-24.41139500481525
941,switzerland,-9.36196403304355
942,iceland,-45.16642584534679
942,norway,-35.54215138270881
942,paraguay,-10.587280745994942
942,sweden,-25.554627952617192
942,switzerland,-10.48395035801933
943,iceland,-28.51481022690416
943,norway,-20.749366335540227
943,paraguay,0.6140355020658388
943,sweden,-8.259505999412331
943,switzerland,8.140969321538387
944,iceland,-29.3423554253376
944,norway,-21.33417122912882
944,paraguay,2.2171177560621804
944,sweden,-6.435721854438944
944,switzerland,12.02586612627991
945,iceland,-34.962130575786546
945,norway,-26.06247606893236
945,paraguay,-5.353888438313046
945,sweden,-15.807312009775336
945,switzerland,-2.0046587510787486
946,iceland,-45.03108561647044
946,norway,-35.21054601876522
946,paraguay,-13.942390736402116
946,sweden,-28.63886223729882
946,switzerland,-17.711160799378455
947,iceland,-51.18275462992884
947,norway,-41.29463477826277
947,paraguay,-17.453809923365842
947,sweden,-34.65216371583996
947,switzerland,-22.521998048002416
948,iceland,-27.80593796249547
948,norway,-19.04129298337005
948,paraguay,0.9936246120295884
948,sweden,-6.0490231339060445
948,switzerland,9.17244659679109
949,iceland,-44.54415749630567
949,norway,-35.140289759684066
949,paraguay,-12.439843654942685
949,sweden,-27.145457727998387
949,switzerland,-14.312207492776674
950,iceland,-46.65571188646195
950,norway,-36.83135537023385
950,paraguay,-12.221430988117854
950,sweden,-27.4075206579639
950,switzerland,-13.293013889806168
951,iceland,-31.110131725502413
951,norway,-22.571535102650664
951,paraguay,-1.3845318601216503
951,sweden,-10.414695625618103
951,switzerland,4.918177075999055
952,iceland,-42.36604445649271
952,norway,-32.36852358654629
952,paraguay,-10.981776555683645
952,sweden,-23.76115725507967
952,switzerland,-11.096433792188964
953,iceland,-30.51936615004532
953,norway,-21.59624672100941
953,paraguay,-0.5663860525075118
953,sweden,-8.25573986229226
953,switzerland,7.50219182763263
954,iceland,-28.088898157328487
954,norway,-19.93879046269636
954,paraguay,1.5767166251988485
954,sweden,-6.151642330880065
954,switzerland,10.419900597726109
955,iceland,-30.315324759451027
955,norway,-21.71743449538418
955,paraguay,-1.5109582821942271
955,sweden,-10.33130395487162
955,switzerland,4.071520306427087
956,iceland,-34.12802374146041
956,norway,-24.914169985121266
956,paraguay,-5.1846896512369085
956,sweden,-14.911627675388324
956,switzerland,-1.8432976845479316
957,iceland,-37.18416272985128
957,norway,-27.58013296642188
957,paraguay,-5.295086715694454
957,sweden,-16.406483505662717
957,switzerland,-1.68328198647194
958,iceland,-36.34134115220783
958,norway,-27.39328892463031
958,paraguay,-8.292038429524862
958,sweden,-19.413348248782004
958,switzerland,-8.019767870312966
959,iceland,-46.04104611004784
959,norway,-36.07553563405689
959,paraguay,-14.049511506966327
959,sweden,-29.16155478815628
959,switzerland,-17.51325540805834
960,iceland,-46.01216054874968
960,norway,-35.92668460912565
960,paraguay,-13.263289876821366
960,sweden,-28.27661308956444
960,switzerland,-15.835612744764754
961,iceland,-52.6613871829628
961,norway,-42.29730025398592
961,paraguay,-18.8365271010054
961,sweden,-35.30595152398323
961,switzerland,-22.80856027942184
962,iceland,-41.88221140431135
962,norway,-31.90739974771824
962,paraguay,-10.797950964516586
962,sweden,-23.23505177520851
962,switzerland,-10.728350692552938
963,iceland,-41.19716660975994
963,norway,-31.7257678034922
963,paraguay,-10.27236275322071
963,sweden,-23.534150998789645
963,switzerland,-11.138230862740338
964,iceland,-46.29318206643177
964,norway,-36.25682506436919
964,paraguay,-14.4326871438092
964,sweden,-28.990730067293025
964,switzerland,-17.121453461203668
965,iceland,-47.46148645177405
965,norway,-37.17678484877752
965,paraguay,-13.893562178511424
965,sweden,-29.31293612732762
965,switzerland,-16.900411534869505
966,iceland,-46.016983716410856
966,norway,-36.08128208832953
966,paraguay,-14.67925637513161
966,sweden,-29.392646458084645
966,switzerland,-18.000364523799732
967,iceland,-31.475638370272257
967,norway,-22.9653216126178
967,paraguay,-0.3729515759367783
967,sweden,-9.552575506554705
967,switzerland,6.988518488239133
968,iceland,-46.64879079931427
968,norway,-36.87704866361963
968,paraguay,-13.801293609984889
968,sweden,-29.08206347500083
968,switzerland,-16.726393414469953
969,iceland,-32.94088403831693
969,norway,-23.92589133417774
969,paraguay,-4.670211133468922
969,sweden,-14.287727143861831
969,switzerland,-1.73628330822654
970,iceland,-47.20797601874328
970,norway,-36.49710305127782
970,paraguay,-14.569378300417188
970,sweden,-29.126177062779984
970,switzerland,-17.582053399665813
971,iceland,-25.386102521503545
971,norway,-17.521590029038162
971,paraguay,2.9128913846802207
971,sweden,-4.396552234298035
971,switzerland,12.052440284895424
972,iceland,-29.967007290424405
972,norway,-21.37040073914205
972,paraguay,0.8123692059467
972,sweden,-7.895858051178261
972,switzerland,8.923022832926007
973,iceland,-30.26261491625737
973,norway,-21.407981462596503
973,paraguay,0.3769195772528392
973,sweden,-7.999419043793789
973,switzerland,8.583589603396867
974,iceland,-30.756930118118927
974,norway,-21.66230857057598
974,paraguay,-1.4730951104688037
974,sweden,-10.102546097153647
974,switzerland,4.22180638813234
975,iceland,-31.416071738557143
975,norway,-22.93568267987424
975,paraguay,-2.0793338010989477
975,sweden,-11.572650056288843
975,switzerland,3.3715633174479693
976,iceland,-33.87074608390732
976,norway,-24.43971211293857
976,paraguay,-2.049753220911119
976,sweden,-11.89175860935937
976,switzerland,3.950973010443069
977,iceland,-34.58199916690383
977,norway,-25.81629049996076
977,paraguay,-4.564202172525785
977,sweden,-14.814602834082583
977,switzerland,-0.1884593755520635
978,iceland,-38.53149339971333
978,norway,-29.86537107739336
978,paraguay,-7.232391068988633
978,sweden,-19.157397459129875
978,switzerland,-3.888735682340454
979,iceland,-35.44224584175414
979,norway,-26.6056530548368
979,paraguay,-6.58752116172157
979,sweden,-17.265961190935506
979,switzerland,-4.763657516566028
980,iceland,-38.50519666151634
980,norway,-29.820812255741743
980,paraguay,-7.579990290280461
980,sweden,-18.66454020651916
980,switzerland,-3.1493483552657664
981,iceland,-45.03854247788357
981,norway,-35.73434835765444
981,paraguay,-12.35261199772827
981,sweden,-27.842543846432964
981,switzerland,-14.572049705722248
982,iceland,-29.26138189377494
982,norway,-20.655934739852967
982,paraguay,1.2107712466801943
982,sweden,-7.184884043446217
982,switzerland,9.66192714557216
983,iceland,-41.89079627242795
983,norway,-32.41492262112171
983,paraguay,-11.077966980126169
983,sweden,-24.550848926473044
983,switzerland,-12.583961438620008
984,iceland,-47.898709364764
984,norway,-38.16618731755561
984,paraguay,-15.70151476683758
984,sweden,-31.6472195434787
984,switzerland,-20.421337669484647
985,iceland,-26.996528559055797
985,norway,-18.9001935030665
985,paraguay,-0.0010543067921886
985,sweden,-7.44760854271473
985,switzerland,6.601547878056234
986,iceland,-47.07080275723838
986,norway,-37.617676179434746
986,paraguay,-15.284069630600133
986,sweden,-31.2561952248093
986,switzerland,-19.805507884942116
987,iceland,-33.41061345523467
987,norway,-25.044357917724117
987,paraguay,-3.130713920628625
987,sweden,-13.846581258906708
987,switzerland,1.4069329342427053
988,iceland,-44.33659445526947
988,norway,-34.52203261002006
988,paraguay,-11.373710112839436
988,sweden,-25.845691384803903
988,switzerland,-12.52228313611554
989,iceland,-39.21831470898709
989,norway,-29.5461667180304
989,paraguay,-7.3585144860063805
989,sweden,-18.02368693197646
989,switzerland,-3.181832891863712
990,iceland,-41.84935590864095
990,norway,-32.56343392460685
990,paraguay,-11.67396440411692
990,sweden,-25.24389687120025
990,switzerland,-13.889293644970923
991,iceland,-40.15683150412805
991,norway,-31.15859461814348
991,paraguay,-10.657091366410798
991,sweden,-23.815168494483267
991,switzerland,-12.177248331483726
992,iceland,-25.192145745013946
992,norway,-17.11254431148225
992,paraguay,1.4446879043383325
992,sweden,-4.789451625438466
992,switzerland,9.647166818259004
993,iceland,-42.569898682653225
993,norway,-32.969033132358014
993,paraguay,-11.983280914806713
993,sweden,-25.75336389613681
993,switzerland,-14.328922870712557
994,iceland,-39.91443682179708
994,norway,-30.333863033709346
994,paraguay,-9.386894940690086
994,sweden,-21.295794230905027
994,switzerland,-8.485409191595922
995,iceland,-37.79158276070412
995,norway,-28.828807610232914
995,paraguay,-6.070462612128258
995,sweden,-18.048763587841837
995,switzerland,-3.2936416151462766
996,iceland,-30.213358383303955
996,norway,-21.89249076031102
996,paraguay,-0.6266872223548613
996,sweden,-9.824789650452542
996,switzerland,6.001887828756442
997,iceland,-29.059121012725694
997,norway,-20.56868700690063
997,paraguay,-0.1781366845060784
997,sweden,-8.048846239636914
997,switzerland,7.434652808974429
998,iceland,-40.13090210008082
998,norway,-30.92044865441306
998,paraguay,-10.980476464839406
998,sweden,-23.927959936421857
998,switzerland,-12.72326009615941
999,iceland,-47.50660723066108
999,norway,-37.59537118406492
999,paraguay,-11.775173024674348
999,sweden,-27.966674563954143
999,switzerland,-12.67736617783781
1000,iceland,-36.388720185280114
1000,norway,-27.67194556270209
1000,paraguay,-5.797889355052893
1000,sweden,-17.68820303625121
1000,switzerland,-3.290002644188393
1001,iceland,-34.86492872618948
1001,norway,-25.67042654115032
1001,paraguay,-2.855656895627212
1001,sweden,-13.107603633320895
1001,switzerland,2.8028468350315823
1002,iceland,-34.47305366348309
1002,norway,-25.534520360926585
1002,paraguay,-4.447175602449301
1002,sweden,-14.80091393310207
1002,switzerland,-0.7209179243798312
1003,iceland,-36.369301103304494
1003,norway,-27.284265769880594
1003,paraguay,-5.598174377321516
1003,sweden,-17.10893043700741
1003,switzerland,-2.80844784351261
1004,iceland,-38.92962665151438
1004,norway,-29.44643533934998
1004,paraguay,-7.866548350818768
1004,sweden,-19.79561521078197
1004,switzerland,-6.675712228988554
1005,iceland,-32.85919618177171
1005,norway,-24.070776139172622
1005,paraguay,-4.059638022593838
1005,sweden,-13.38222983434244
1005,switzerland,0.0598074371700606
1006,iceland,-33.98752129794024
1006,norway,-24.8328419372425
1006,paraguay,-4.293800485952956
1006,sweden,-13.844176967657436
1006,switzerland,0.1165309179020904
1007,iceland,-49.27389667405074
1007,norway,-39.24390018484296
1007,paraguay,-15.88191931589979
1007,sweden,-32.22288817773152
1007,switzerland,-20.14331494119839
1008,iceland,-45.3999840209818
1008,norway,-35.18317694226655
1008,paraguay,-11.501840725998406
1008,sweden,-26.11365869951004
1008,switzerland,-12.585505877976146
1009,iceland,-29.74139562734747
1009,norway,-21.225676017241597
1009,paraguay,-0.5670308167215459
1009,sweden,-9.069680100031505
1009,switzerland,6.005000879602973
1010,iceland,-45.30442470741316
1010,norway,-35.3457778929189
1010,paraguay,-12.99287270152176
1010,sweden,-27.771554560288447
1010,switzerland,-15.71466846092714
1011,iceland,-36.88114184220814
1011,norway,-27.793546167072968
1011,paraguay,-5.59720690937185
1011,sweden,-17.267259761660245
1011,switzerland,-2.764202377155112
1012,iceland,-42.01103458309542
1012,norway,-32.5554193707004
1012,paraguay,-10.899668954558075
1012,sweden,-24.417819272018317
1012,switzerland,-12.079466815889315
1013,iceland,-43.34623715145539
1013,norway,-33.531276054174064
1013,paraguay,-11.760286985435483
1013,sweden,-25.470743426001576
1013,switzerland,-12.92935010324664
1014,iceland,-40.972523856392215
1014,norway,-31.65508662829933
1014,paraguay,-12.341810231092404
1014,sweden,-25.614671206126367
1014,switzerland,-15.573562353128198
1015,iceland,-48.528143154127314
1015,norway,-38.47492995491383
1015,paraguay,-15.411179811623452
1015,sweden,-31.719805517483287
1015,switzerland,-19.821794930480472
1016,iceland,-29.377508372192803
1016,norway,-20.865969605264777
1016,paraguay,0.2128738274717975
1016,sweden,-8.411455343774414
1016,switzerland,7.478696433396566
1017,iceland,-37.31962321704086
1017,norway,-28.07088791592028
1017,paraguay,-8.064693960633972
1017,sweden,-19.51191923501007
1017,switzerland,-7.213238399132067
1018,iceland,-34.805585711445524
1018,norway,-25.56930569342844
1018,paraguay,-3.76419214048364
1018,sweden,-14.390347366619176
1018,switzerland,0.5030295803377659
1019,iceland,-40.21077346568055
1019,norway,-30.72909158606876
1019,paraguay,-10.296279700791974
1019,sweden,-22.91465112455418
1019,switzerland,-11.39633226226288
1020,iceland,-43.66376961968311
1020,norway,-33.8054799453753
1020,paraguay,-12.305960384490929
1020,sweden,-26.22697287295948
1020,switzerland,-14.568455957049013
1021,iceland,-35.31900642034108
1021,norway,-26.681743997658497
1021,paraguay,-6.184894844840012
1021,sweden,-17.52082001732825
1021,switzerland,-4.302119141858057
1022,iceland,-40.46304890533539
1022,norway,-31.32152537507814
1022,paraguay,-7.896899885521583
1022,sweden,-21.02354690327541
1022,switzerland,-6.247684272408135
1023,iceland,-24.500297387455007
1023,norway,-16.793941469894506
1023,paraguay,3.671063443426251
1023,sweden,-3.607780886029577
1023,switzerland,12.982878874113512
1024,iceland,-34.04472396078884
1024,norway,-25.26204511907521
1024,paraguay,-4.587670707115105
1024,sweden,-14.613676574853995
1024,switzerland,-0.5122642920595355
1025,iceland,-37.6238508220726
1025,norway,-28.465660250207865
1025,paraguay,-7.384271958791572
1025,sweden,-19.24139241563893
1025,switzerland,-6.12668898323546
1026,iceland,-30.555438006440344
1026,norway,-21.71839662763524
1026,paraguay,0.6280985245395999
1026,sweden,-7.6529376905610205
1026,switzerland,8.929659334256998
1027,iceland,-40.49073540092855
1027,norway,-31.280111684146217
1027,paraguay,-11.608280533776536
1027,sweden,-24.56735775278115
1027,switzerland,-14.06235495906053
1028,iceland,-30.91985028023963
1028,norway,-22.245286722495077
1028,paraguay,0.2077037908635337
1028,sweden,-8.72333110968507
1028,switzerland,7.865851230869807
1029,iceland,-50.33642629245912
1029,norway,-40.238050945487416
1029,paraguay,-15.162058319134408
1029,sweden,-31.720157086281308
1029,switzerland,-18.322422458743404
1030,iceland,-33.03191446554908
1030,norway,-24.296789850872017
1030,paraguay,-2.590188240991784
1030,sweden,-12.445143585382962
1030,switzerland,2.7484214268631297
1031,iceland,-40.80120760692206
1031,norway,-31.26741177598967
1031,paraguay,-9.143661072815007
1031,sweden,-22.021780967869063
1031,switzerland,-8.928804791578422
1032,iceland,-42.02126247503869
1032,norway,-32.26678713288436
1032,paraguay,-10.459942940771288
1032,sweden,-23.240618947905958
1032,switzerland,-10.107602515533127
1033,iceland,-43.925961212783285
1033,norway,-34.26358575414066
1033,paraguay,-12.83553221870289
1033,sweden,-27.08179340958447
1033,switzerland,-15.2673687020321
1034,iceland,-29.040918376519578
1034,norway,-20.36458473025566
1034,paraguay,1.240721693200963
1034,sweden,-6.944067821908738
1034,switzerland,9.491725566063664
1035,iceland,-37.96509288086622
1035,norway,-28.92132286720525
1035,paraguay,-8.133376249958232
1035,sweden,-20.079088022328275
1035,switzerland,-7.266047219547497
1036,iceland,-41.71032410961331
1036,norway,-32.10372859685186
1036,paraguay,-9.248393249558967
1036,sweden,-21.83514988034665
1036,switzerland,-7.629357568952432
1037,iceland,-36.48752691082603
1037,norway,-27.723309632089368
1037,paraguay,-5.082425443790396
1037,sweden,-16.11344028257785
1037,switzerland,-0.2211304950382688
1038,iceland,-30.77528793771036
1038,norway,-22.06648878145234
1038,paraguay,-2.908016695502068
1038,sweden,-11.502525281936444
1038,switzerland,1.5488513959950034
1039,iceland,-52.73266372176443
1039,norway,-42.4570078562385
1039,paraguay,-17.27151298639926
1039,sweden,-34.998009561457216
1039,switzerland,-21.61218226605686
1040,iceland,-42.77713400214476
1040,norway,-32.99832765926029
1040,paraguay,-11.893932954287594
1040,sweden,-24.928760286775155
1040,switzerland,-12.710251987621527
1041,iceland,-38.833491776830144
1041,norway,-29.726048122334657
1041,paraguay,-8.230101917581608
1041,sweden,-20.47981573667876
1041,switzerland,-7.406987952270113
1042,iceland,-38.78655748735349
1042,norway,-29.66142855097495
1042,paraguay,-8.512084702734377
1042,sweden,-20.959572331766093
1042,switzerland,-8.185944576846552
1043,iceland,-44.68217049228574
1043,norway,-35.31647620696905
1043,paraguay,-13.35921818816598
1043,sweden,-28.197710266487693
1043,switzerland,-16.439141430798905
1044,iceland,-34.57707911996705
1044,norway,-25.806778793299216
1044,paraguay,-3.066032781005413
1044,sweden,-13.995401705078176
1044,switzerland,1.9887941960026976
1045,iceland,-36.40471985593949
1045,norway,-27.757944956030297
1045,paraguay,-3.841634872866734
1045,sweden,-15.520902784353968
1045,switzerland,1.3660203317377375
1046,iceland,-51.03065145796562
1046,norway,-40.966969254245136
1046,paraguay,-15.867822465914848
1046,sweden,-32.85067544757502
1046,switzerland,-19.547035480237216
1047,iceland,-41.5520564963097
1047,norway,-31.76804462294509
1047,paraguay,-10.565241481843556
1047,sweden,-23.51132253624972
1047,switzerland,-10.997423122411991
1048,iceland,-33.524962867310165
1048,norway,-24.70092162046204
1048,paraguay,-0.5301542428210215
1048,sweden,-11.175059849815272
1048,switzerland,6.803589474176244
1049,iceland,-39.39710383212175
1049,norway,-30.47120733244457
1049,paraguay,-9.807222809228817
1049,sweden,-22.59425359681869
1049,switzerland,-10.62577668513021
1050,iceland,-42.70763587625807
1050,norway,-33.05962079205904
1050,paraguay,-10.311054212997908
1050,sweden,-24.057077969056365
1050,switzerland,-10.698564344871189
1051,iceland,-28.577495431198766
1051,norway,-20.538466803735933
1051,paraguay,0.4633168142467008
1051,sweden,-8.025483172021287
1051,switzerland,7.722511174455968
1052,iceland,-34.68326993259162
1052,norway,-25.591811468081502
1052,paraguay,-5.338032245548908
1052,sweden,-15.24069585420146
1052,switzerland,-1.965520162602653
1053,iceland,-35.76578977466933
1053,norway,-26.771543137538597
1053,paraguay,-6.578345153022435
1053,sweden,-17.734034456998096
1053,switzerland,-4.983285718948303
1054,iceland,-27.37486143009002
1054,norway,-18.79340156676929
1054,paraguay,2.880798119874618
1054,sweden,-4.490381830135777
1054,switzerland,12.898458124359864
1055,iceland,-35.91514457779273
1055,norway,-27.023240583203112
1055,paraguay,-4.393341258668932
1055,sweden,-15.489585675744868
1055,switzerland,0.2800565383377794
1056,iceland,-35.2025083120814
1056,norway,-26.23429570322767
1056,paraguay,-4.404519825189258
1056,sweden,-14.68683360637273
1056,switzerland,0.5006982996336057
1057,iceland,-31.21809831031656
1057,norway,-22.69435383368619
1057,paraguay,-4.46835045457884
1057,sweden,-13.500315157826693
1057,switzerland,-1.6710132219145593
1058,iceland,-51.97966310437106
1058,norway,-41.77550767525574
1058,paraguay,-16.88888480638557
1058,sweden,-34.4530049592163
1058,switzerland,-21.790926919066557
1059,iceland,-28.256481549382087
1059,norway,-19.593801814205214
1059,paraguay,0.8778560362092511
1059,sweden,-6.416496674191356
1059,switzerland,8.884545688651022
1060,iceland,-44.8828347652976
1060,norway,-35.202142157451384
1060,paraguay,-10.768951873603584
1060,sweden,-25.43507869522053
1060,switzerland,-11.02809788475174
1061,iceland,-28.782787997285247
1061,norway,-20.586877917351707
1061,paraguay,-0.2890170263958977
1061,sweden,-8.699520845803013
1061,switzerland,6.707503977110044
1062,iceland,-34.771871319033764
1062,norway,-25.372538236621867
1062,paraguay,-3.8730095643437736
1062,sweden,-13.990705487990166
1062,switzerland,0.5222632381730853
1063,iceland,-41.394187440834585
1063,norway,-31.480261327606925
1063,paraguay,-9.701243540788088
1063,sweden,-22.49549894149689
1063,switzerland,-9.932070961735096
1064,iceland,-50.694115260698965
1064,norway,-40.81148369258457
1064,paraguay,-16.296373345732974
1064,sweden,-33.55886489304742
1064,switzerland,-20.864243296873752
1065,iceland,-44.85018533803966
1065,norway,-34.81248742822352
1065,paraguay,-12.485424043433186
1065,sweden,-26.87318201408941
1065,switzerland,-14.590296932074356
1066,iceland,-28.664467425572663
1066,norway,-20.72462745747088
1066,paraguay,0.1966026371065827
1066,sweden,-7.650072222851387
1066,switzerland,8.938835190879715
1067,iceland,-36.99158478605391
1067,norway,-27.99162196114987
1067,paraguay,-4.429171082957342
1067,sweden,-14.973532555421691
1067,switzerland,1.5080562748992643
1068,iceland,-22.766486214192515
1068,norway,-15.286176894572575
1068,paraguay,5.596615009832649
1068,sweden,-1.2068357022607057
1068,switzerland,16.68251827096824
1069,iceland,-43.72913741813573
1069,norway,-34.351036721672166
1069,paraguay,-11.032137864382197
1069,sweden,-24.476521404500925
1069,switzerland,-9.680296908093384
1070,iceland,-43.49979522687347
1070,norway,-33.676145946175616
1070,paraguay,-9.781041542663864
1070,sweden,-23.453568259700905
1070,switzerland,-8.832242282362753
1071,iceland,-47.10610893950957
1071,norway,-37.13815191438207
1071,paraguay,-12.257874009634396
1071,sweden,-27.208220746483228
1071,switzerland,-12.70794210419534
1072,iceland,-44.911601139474186
1072,norway,-35.33251302769046
1072,paraguay,-11.086772206860289
1072,sweden,-26.175434414503705
1072,switzerland,-11.796790062984556
1073,iceland,-36.54585560917622
1073,norway,-27.46131761025659
1073,paraguay,-4.4623077121534775
1073,sweden,-15.880877111200745
1073,switzerland,-0.1676113546669008
1074,iceland,-31.38199372953113
1074,norway,-22.54129839602661
1074,paraguay,-1.2427264395139053
1074,sweden,-10.00278111408916
1074,switzerland,5.163407650717727
1075,iceland,-31.079358878371885
1075,norway,-22.473672946569128
1075,paraguay,-1.9598315269145008
1075,sweden,-10.945924404761591
1075,switzerland,3.5985482545716825
1076,iceland,-26.43179765174642
1076,norway,-17.997470741559088
1076,paraguay,2.42438683121156
1076,sweden,-4.444822080331732
1076,switzerland,11.372367907869709
1077,iceland,-39.2159537598545
1077,norway,-29.7135935085487
1077,paraguay,-7.046271836553749
1077,sweden,-19.236928319645536
1077,switzerland,-4.82171383145438
1078,iceland,-44.8707084379428
1078,norway,-35.102772493819536
1078,paraguay,-11.254702650250618
1078,sweden,-25.65988352902725
1078,switzerland,-11.883611913362344
1079,iceland,-24.596010478370467
1079,norway,-16.450999140623598
1079,paraguay,4.683992383734739
1079,sweden,-1.5916605170521287
1079,switzerland,15.790152751432847
1080,iceland,-39.39134969087955
1080,norway,-30.167327065261308
1080,paraguay,-10.648124256400449
1080,sweden,-23.06710972833594
1080,switzerland,-12.331786849059386
1081,iceland,-30.64297148779005
1081,norway,-21.826804431000408
1081,paraguay,-1.504619625135675
1081,sweden,-9.760309042826064
1081,switzerland,5.257496480689609
1082,iceland,-31.92976208744921
1082,norway,-23.12630860603838
1082,paraguay,0.5543775267446206
1082,sweden,-8.627222406325828
1082,switzerland,9.077152699915972
1083,iceland,-26.932032168991604
1083,norway,-18.305568123229047
1083,paraguay,1.7529708596018132
1083,sweden,-4.901403632581351
1083,switzerland,10.598960665429992
1084,iceland,-34.77164920833464
1084,norway,-26.326256268680645
1084,paraguay,-4.162588093275695
1084,sweden,-15.581071119335054
1084,switzerland,-0.3048184420684752
1085,iceland,-43.8519593721382
1085,norway,-33.921483178178775
1085,paraguay,-10.483427729975917
1085,sweden,-24.643607097885404
1085,switzerland,-10.693469109080148
1086,iceland,-38.4649510674406
1086,norway,-28.97128907188386
1086,paraguay,-7.41199227651868
1086,sweden,-18.15512779442416
1086,switzerland,-3.766827310378648
1087,iceland,-37.51367196631113
1087,norway,-28.619686480432968
1087,paraguay,-6.357267103577912
1087,sweden,-18.334118471932555
1087,switzerland,-3.8493458108246794
1088,iceland,-24.094230088384304
1088,norway,-15.870486238474914
1088,paraguay,2.741719800863154
1088,sweden,-2.939011461538058
1088,switzerland,11.679485748788467
1089,iceland,-33.27449120776182
1089,norway,-24.587223204787104
1089,paraguay,-2.61056973362222
1089,sweden,-12.958230945946356
1089,switzerland,2.764568252469677
1090,iceland,-31.39404485411956
1090,norway,-23.22917579049737
1090,paraguay,-1.0832862576879283
1090,sweden,-11.04780442545926
1090,switzerland,5.257193104276158
1091,iceland,-47.71231135557127
1091,norway,-37.416034060851615
1091,paraguay,-15.48684627831327
1091,sweden,-30.80301617453985
1091,switzerland,-19.39901108331124
1092,iceland,-39.88864176704568
1092,norway,-30.33101149924986
1092,paraguay,-6.546365012743292
1092,sweden,-18.839228558386456
1092,switzerland,-3.519776502034359
1093,iceland,-32.04559401998132
1093,norway,-23.32790523779907
1093,paraguay,-2.331223896210626
1093,sweden,-11.596517104065674
1093,switzerland,3.2662657447378085
1094,iceland,-42.60167635248545
1094,norway,-32.4993635481376
1094,paraguay,-11.74337058234518
1094,sweden,-24.714499878738817
1094,switzerland,-13.250198618939876
1095,iceland,-35.28777817429079
1095,norway,-26.735340920551742
1095,paraguay,-4.406763600834797
1095,sweden,-15.96386615965596
1095,switzerland,-0.7184268893580107
1096,iceland,-36.82167342550888
1096,norway,-27.6483185611708
1096,paraguay,-7.306519424456066
1096,sweden,-18.585225481008543
1096,switzerland,-5.9991875386746685
1097,iceland,-43.381090981835605
1097,norway,-33.89766205520545
1097,paraguay,-13.27311037803159
1097,sweden,-27.33766164767496
1097,switzerland,-16.646062304044197
1098,iceland,-47.318910157546654
1098,norway,-37.38377467903179
1098,paraguay,-14.16933708638098
1098,sweden,-29.83267978466064
1098,switzerland,-17.496181891517242
1099,iceland,-39.20989512803472
1099,norway,-30.329494210426475
1099,paraguay,-8.070871381798739
1099,sweden,-20.45508593238876
1099,switzerland,-5.967277849190817
1100,iceland,-35.72573628123878
1100,norway,-26.088131872086358
1100,paraguay,-4.964042407480752
1100,sweden,-15.622621741145304
1100,switzerland,-1.8545721574696623
1101,iceland,-41.5218206317735
1101,norway,-32.625391524142415
1101,paraguay,-9.677411043775372
1101,sweden,-23.45956871641033
1101,switzerland,-9.5512032223778
1102,iceland,-41.82811545915281
1102,norway,-32.217956514652805
1102,paraguay,-9.350179252449514
1102,sweden,-21.900401314024595
1102,switzerland,-6.823142051901034
1103,iceland,-34.2190257755314
1103,norway,-24.767563555781003
1103,paraguay,-4.138978609258448
1103,sweden,-13.878842157059069
1103,switzerland,-0.264922334825776
1104,iceland,-28.51628188137092
1104,norway,-19.813794331223807
1104,paraguay,1.271210971771816
1104,sweden,-6.424964951018502
1104,switzerland,9.511504536651143
1105,iceland,-43.6356767260135
1105,norway,-34.20960729665155
1105,paraguay,-9.740294348261855
1105,sweden,-23.85796266624748
1105,switzerland,-8.9068676711552
1106,iceland,-28.356244577760545
1106,norway,-19.58178175543142
1106,paraguay,1.3063738194623582
1106,sweden,-6.420312892985042
1106,switzerland,9.643439591532898
1107,iceland,-45.61879064647103
1107,norway,-35.55159748665317
1107,paraguay,-12.494600024327449
1107,sweden,-27.40957062401041
1107,switzerland,-14.537445544535142
1108,iceland,-49.49378018448509
1108,norway,-38.9311725243396
1108,paraguay,-14.59846210006278
1108,sweden,-30.702560692604436
1108,switzerland,-17.797567559296986
1109,iceland,-45.14317675794174
1109,norway,-35.268131917063776
1109,paraguay,-13.644996012375096
1109,sweden,-27.67687789218857
1109,switzerland,-15.847048914611396
1110,iceland,-34.55530374643937
1110,norway,-25.7096430290808
1110,paraguay,-6.400425669900606
1110,sweden,-17.03681484364207
1110,switzerland,-4.901890955296308
1111,iceland,-25.56524326576512
1111,norway,-17.596334715027602
1111,paraguay,3.2864479121725747
1111,sweden,-3.824789056158037
1111,switzerland,12.93515989985623
1112,iceland,-31.30459665199568
1112,norway,-22.12519854821839
1112,paraguay,-0.6313263685245821
1112,sweden,-9.262620529345138
1112,switzerland,6.412362214374552
1113,iceland,-34.647641789557426
1113,norway,-26.072717749732423
1113,paraguay,-4.926542153382749
1113,sweden,-16.09416153839386
1113,switzerland,-1.9460095794248469
1114,iceland,-40.80459867482092
1114,norway,-31.63868532466176
1114,paraguay,-9.2018549705469
1114,sweden,-22.3909704373196
1114,switzerland,-8.881658617423579
1115,iceland,-37.40894487405974
1115,norway,-28.3496846455544
1115,paraguay,-8.707262608308058
1115,sweden,-20.632883876441078
1115,switzerland,-9.047420319100274
1116,iceland,-38.1588573591797
1116,norway,-28.97739540038469
1116,paraguay,-6.279063655899487
1116,sweden,-18.093665240409837
1116,switzerland,-3.462139157308335
1117,iceland,-42.39302025537837
1117,norway,-33.23865137418758
1117,paraguay,-9.78926058085458
1117,sweden,-23.90769135389132
1117,switzerland,-9.617652496091004
1118,iceland,-33.004300693671475
1118,norway,-24.66676776278096
1118,paraguay,-1.3177525379458397
1118,sweden,-11.250479081753484
1118,switzerland,5.756988372694725
1119,iceland,-35.34061504271045
1119,norway,-26.396174722077568
1119,paraguay,-5.943933454277089
1119,sweden,-17.019302188155244
1119,switzerland,-3.775747742135618
1120,iceland,-25.908948643855503
1120,norway,-17.29045635073297
1120,paraguay,1.912063300168196
1120,sweden,-4.161002075994106
1120,switzerland,10.50748493000535
1121,iceland,-55.45495794897766
1121,norway,-44.935584139021806
1121,paraguay,-19.244634707871995
1121,sweden,-38.2442379298993
1121,switzerland,-25.634222337132243
1122,iceland,-42.821903595976025
1122,norway,-33.35960411568361
1122,paraguay,-9.720705474677052
1122,sweden,-23.0049665788892
1122,switzerland,-8.28190098112106
1123,iceland,-33.192585876524
1123,norway,-24.253649926816923
1123,paraguay,-2.375519007053506
1123,sweden,-12.398246428121718
1123,switzerland,3.0493466134581606
1124,iceland,-50.39379795912491
1124,norway,-40.45023563441743
1124,paraguay,-16.623771460650566
1124,sweden,-33.13330825630449
1124,switzerland,-20.581473787052182
1125,iceland,-42.99488645589364
1125,norway,-32.98655533655209
1125,paraguay,-10.845581910260588
1125,sweden,-24.651857431820584
1125,switzerland,-12.073788626672966
1126,iceland,-52.107125509101806
1126,norway,-41.82131307671631
1126,paraguay,-17.487735282969368
1126,sweden,-34.95241406513623
1126,switzerland,-22.38437010737738
1127,iceland,-37.857075914859074
1127,norway,-28.9750737466609
1127,paraguay,-6.1827251693808645
1127,sweden,-18.01902708970965
1127,switzerland,-3.1703952463158607
1128,iceland,-35.25543494604805
1128,norway,-26.47309881015544
1128,paraguay,-3.168708202968008
1128,sweden,-13.809824284747677
1128,switzerland,2.4275581278279383
1129,iceland,-44.46860816275368
1129,norway,-34.282937796116066
1129,paraguay,-12.019531243722966
1129,sweden,-24.93725957284247
1129,switzerland,-11.554853601022415
1130,iceland,-44.53085205375282
1130,norway,-34.95113692324048
1130,paraguay,-13.557712439486489
1130,sweden,-27.510687077093632
1130,switzerland,-15.738773956964792
1131,iceland,-34.75447449305259
1131,norway,-25.194132681800717
1131,paraguay,-3.020660658790097
1131,sweden,-13.137543137930848
1131,switzerland,2.04137210649664
1132,iceland,-41.283179952183886
1132,norway,-31.28913886674357
1132,paraguay,-9.089848630379414
1132,sweden,-21.901440715898527
1132,switzerland,-8.823702939654543
1133,iceland,-41.874243349599446
1133,norway,-32.08990219134173
1133,paraguay,-10.36854195162449
1133,sweden,-23.54982352222551
1133,switzerland,-10.731003234159486
1134,iceland,-27.565711884703635
1134,norway,-19.38426388369296
1134,paraguay,-0.0802439583984448
1134,sweden,-7.634954963117488
1134,switzerland,6.574384452840868
1135,iceland,-36.56999087490844
1135,norway,-27.51200530112396
1135,paraguay,-7.65884074143217
1135,sweden,-18.89616909653009
1135,switzerland,-6.850110964973986
1136,iceland,-32.59110827975687
1136,norway,-23.927677737177355
1136,paraguay,-3.1627334247880974
1136,sweden,-12.898421099894508
1136,switzerland,1.5958721672277814
1137,iceland,-21.534954654310788
1137,norway,-14.115880562487394
1137,paraguay,4.94187136242202
1137,sweden,-0.7045986952783869
1137,switzerland,15.36471831523103
1138,iceland,-43.17656476212262
1138,norway,-33.70333262354149
1138,paraguay,-11.863742543487929
1138,sweden,-26.08499730840161
1138,switzerland,-13.918432677403777
1139,iceland,-33.60499382398291
1139,norway,-24.729592429517755
1139,paraguay,-3.9134788677744425
1139,sweden,-14.012078177443396
1139,switzerland,0.0506312384053568
1140,iceland,-33.09776359642125
1140,norway,-24.765175660364136
1140,paraguay,-2.410288242403699
1140,sweden,-12.300280970994562
1140,switzerland,3.655975400975086
1141,iceland,-41.7184962056084
1141,norway,-32.53036775414796
1141,paraguay,-11.371712823625714
1141,sweden,-24.81342620458666
1141,switzerland,-12.59312593208802
1142,iceland,-38.90467872594642
1142,norway,-29.83888025865669
1142,paraguay,-8.417787190475961
1142,sweden,-20.716727741658246
1142,switzerland,-7.611641604352737
1143,iceland,-26.69154578440521
1143,norway,-17.85563123011874
1143,paraguay,1.667364763670684
1143,sweden,-4.843940023852578
1143,switzerland,9.98006156594868
1144,iceland,-45.23498256080359
1144,norway,-35.13806849071083
1144,paraguay,-10.462536625826782
1144,sweden,-24.00415773507388
1144,switzerland,-8.326814970363632
1145,iceland,-29.92576724631808
1145,norway,-21.500176372458576
1145,paraguay,-0.3376601785578387
1145,sweden,-9.003337975789956
1145,switzerland,6.6759852976603895
1146,iceland,-47.62391876037403
1146,norway,-37.53097850959253
1146,paraguay,-14.359180277329672
1146,sweden,-29.883133360991835
1146,switzerland,-17.75151985633797
1147,iceland,-39.0286748876701
1147,norway,-30.19726284040221
1147,paraguay,-7.782817203760017
1147,sweden,-20.346194850759947
1147,switzerland,-6.311990221125413
1148,iceland,-27.53498111864718
1148,norway,-19.306412614484813
1148,paraguay,0.1339222564478925
1148,sweden,-7.556016242424736
1148,switzerland,7.241466277778222
1149,iceland,-32.14663885224779
1149,norway,-23.40297025870228
1149,paraguay,-2.577816394609284
1149,sweden,-11.78063784798402
1149,switzerland,2.7680853133405363
1150,iceland,-46.90373471610286
1150,norway,-36.76204688570489
1150,paraguay,-14.715062470402154
1150,sweden,-29.681829060022817
1150,switzerland,-17.974185028398736
1151,iceland,-46.4786751209129
1151,norway,-36.59596603632232
1151,paraguay,-11.84620726612392
1151,sweden,-26.42133954627046
1151,switzerland,-11.611277591441151
1152,iceland,-49.34395707058899
1152,norway,-38.7604051578782
1152,paraguay,-15.13979513605294
1152,sweden,-30.05237722242416
1152,switzerland,-16.480204569951226
1153,iceland,-23.54925631920509
1153,norway,-16.067046458608417
1153,paraguay,2.578077142379256
1153,sweden,-4.061772616237187
1153,switzerland,10.962322895137714
1154,iceland,-49.950620328419554
1154,norway,-39.62138266000619
1154,paraguay,-14.717103230140133
1154,sweden,-31.22680913866933
1154,switzerland,-17.609650277446697
1155,iceland,-36.466767541126586
1155,norway,-27.24919116175382
1155,paraguay,-2.0337914094706018
1155,sweden,-13.116869415670564
1155,switzerland,5.030213133374388
1156,iceland,-37.37274007921496
1156,norway,-28.58154091119803
1156,paraguay,-8.487813051826532
1156,sweden,-20.17574737522917
1156,switzerland,-8.184917663137817
1157,iceland,-39.25430015193304
1157,norway,-29.461951111744725
1157,paraguay,-9.35020544253608
1157,sweden,-20.99324223515598
1157,switzerland,-9.318128962107057
1158,iceland,-44.40335131701399
1158,norway,-34.28009861472276
1158,paraguay,-10.403377627516354
1158,sweden,-24.600053684236453
1158,switzerland,-10.559793785307198
1159,iceland,-40.99922882624466
1159,norway,-31.29099081101586
1159,paraguay,-10.909564932653202
1159,sweden,-23.279407205873984
1159,switzerland,-11.555610710834475
1160,iceland,-39.71558565848334
1160,norway,-31.013384375824337
1160,paraguay,-8.89152614817746
1160,sweden,-21.93270102143876
1160,switzerland,-8.428289121845589
1161,iceland,-30.310899233313275
1161,norway,-21.502171324290597
1161,paraguay,-0.0032624218150733
1161,sweden,-8.429333973692891
1161,switzerland,7.3880546172055475
1162,iceland,-44.93874459296126
1162,norway,-35.12318098159776
1162,paraguay,-10.81955348738072
1162,sweden,-25.422867471284448
1162,switzerland,-11.06824135611375
1163,iceland,-33.97482948167559
1163,norway,-25.58710574187599
1163,paraguay,-4.903153972486068
1163,sweden,-15.681412796866583
1163,switzerland,-1.8672631700788007
1164,iceland,-36.0699736932142
1164,norway,-27.19090986621463
1164,paraguay,-7.162416501144505
1164,sweden,-18.42068270550117
1164,switzerland,-5.94500931258031
1165,iceland,-32.66390813495881
1165,norway,-23.23319944331114
1165,paraguay,-2.814974239078059
1165,sweden,-11.94001386542636
1165,switzerland,1.9496785747495224
1166,iceland,-41.0343228373875
1166,norway,-31.23716314113193
1166,paraguay,-10.10409713342145
1166,sweden,-22.57034113295693
1166,switzerland,-10.111370346729826
1167,iceland,-30.91607845053688
1167,norway,-22.213170688791937
1167,paraguay,-1.3063466774607169
1167,sweden,-10.591610200402409
1167,switzerland,4.60646281898886
1168,iceland,-37.59935390813627
1168,norway,-28.81294007233605
1168,paraguay,-8.000792158262604
1168,sweden,-19.363172250164432
1168,switzerland,-5.822983523556267
1169,iceland,-37.081635114940426
1169,norway,-28.24406321728553
1169,paraguay,-7.873732517162612
1169,sweden,-19.574672244537275
1169,switzerland,-7.1390978499913205
1170,iceland,-39.19628228231284
1170,norway,-29.8023810090102
1170,paraguay,-5.226195828035814
1170,sweden,-17.664355903161074
1170,switzerland,-1.1080859366405733
1171,iceland,-23.8914469337992
1171,norway,-15.957989864485636
1171,paraguay,3.128455734616823
1171,sweden,-2.73106237019996
1171,switzerland,12.69689000409534
1172,iceland,-39.64609319352366
1172,norway,-30.41622416056101
1172,paraguay,-9.746778199452436
1172,sweden,-22.47168038789501
1172,switzerland,-10.515598481691468
1173,iceland,-29.383561511144244
1173,norway,-21.094264791820414
1173,paraguay,0.8441556580213433
1173,sweden,-7.985429218985139
1173,switzerland,8.700069416264993
1174,iceland,-40.82347120606696
1174,norway,-31.349934733770407
1174,paraguay,-9.819551771428092
1174,sweden,-22.870561275682796
1174,switzerland,-10.270103624670677
1175,iceland,-51.09430554622656
1175,norway,-40.82327708628674
1175,paraguay,-16.469011410227
1175,sweden,-33.525504238927766
1175,switzerland,-20.85100737877721
1176,iceland,-44.07505592173713
1176,norway,-34.81711043769132
1176,paraguay,-11.403726136022147
1176,sweden,-26.410066991308085
1176,switzerland,-12.74113385943938
1177,iceland,-31.11418126253648
1177,norway,-21.83204772681526
1177,paraguay,-1.3791748204466827
1177,sweden,-9.701906804370038
1177,switzerland,5.064055915915738
1178,iceland,-31.403303974726537
1178,norway,-22.798035638081732
1178,paraguay,-2.271185147994368
1178,sweden,-10.964918816080104
1178,switzerland,3.599423332502572
1179,iceland,-32.69439445070806
1179,norway,-23.874735904645792
1179,paraguay,-3.4563118582776897
1179,sweden,-12.476743124232293
1179,switzerland,1.9127886571323929
1180,iceland,-48.20860239355973
1180,norway,-37.9769295624129
1180,paraguay,-15.153373101181868
1180,sweden,-31.014435268329287
1180,switzerland,-19.148444036778525
1181,iceland,-44.54557852143528
1181,norway,-35.02255557704411
1181,paraguay,-13.517261878922854
1181,sweden,-28.355355751766098
1181,switzerland,-16.96294573681329
1182,iceland,-37.20402113569728
1182,norway,-28.36782032753653
1182,paraguay,-5.707190340863904
1182,sweden,-17.734084998216755
1182,switzerland,-2.7149362317418486
1183,iceland,-39.24844699553962
1183,norway,-30.027755524253624
1183,paraguay,-5.888386952120965
1183,sweden,-18.37861825181091
1183,switzerland,-2.2311634263704505
1184,iceland,-34.13008323915168
1184,norway,-25.32740484060129
1184,paraguay,-4.0433497703675485
1184,sweden,-14.649633209611178
1184,switzerland,-0.0819793690289107
1185,iceland,-32.163647902665794
1185,norway,-23.53275666187249
1185,paraguay,-3.1126813359018373
1185,sweden,-12.657061600429644
1185,switzerland,1.4586647350836432
1186,iceland,-35.84143778636712
1186,norway,-26.902871087265755
1186,paraguay,-2.0995161490424423
1186,sweden,-13.25262406047844
1186,switzerland,4.5409292439525455
1187,iceland,-32.32838613890734
1187,norway,-23.6016850665716
1187,paraguay,-3.64763187637993
1187,sweden,-13.128769612593578
1187,switzerland,0.2266502339818286
1188,iceland,-35.833192167491426
1188,norway,-26.77279399626881
1188,paraguay,-6.709267395199133
1188,sweden,-17.434972598447573
1188,switzerland,-4.731133166351089
1189,iceland,-34.8218705164368
1189,norway,-25.938465821168837
1189,paraguay,-5.926191571436167
1189,sweden,-16.485727039262684
1189,switzerland,-3.680975520632374
1190,iceland,-43.05558450666005
1190,norway,-33.41876672614451
1190,paraguay,-10.215376250699489
1190,sweden,-24.50391192885273
1190,switzerland,-10.685518622122702
1191,iceland,-36.98322646674998
1191,norway,-28.15887930502896
1191,paraguay,-4.726568550313537
1191,sweden,-16.700218404218624
1191,switzerland,-0.8372286580258536
1192,iceland,-47.44148499638581
1192,norway,-38.04947417028079
1192,paraguay,-13.624233888576086
1192,sweden,-29.791927125822443
1192,switzerland,-16.08718878730433
1193,iceland,-27.893616734744224
1193,norway,-19.723534277840567
1193,paraguay,0.3600992875015933
1193,sweden,-7.530645636430951
1193,switzerland,7.635046924116008
1194,iceland,-33.02253190122167
1194,norway,-24.29822960408804
1194,paraguay,-4.31392840998048
1194,sweden,-14.085773604563023
1194,switzerland,-0.652101345627974
1195,iceland,-36.204254232582336
1195,norway,-27.29619243585748
1195,paraguay,-6.004071371189449
1195,sweden,-17.151128232672214
1195,switzerland,-3.567078780312581
1196,iceland,-42.55613483753688
1196,norway,-32.888546156863704
1196,paraguay,-9.450250907876896
1196,sweden,-22.976725889964182
1196,switzerland,-8.826944246232259
1197,iceland,-32.46555651207229
1197,norway,-23.48381926853357
1197,paraguay,-3.834835359171909
1197,sweden,-12.810718519505526
1197,switzerland,0.3281298145400227
1198,iceland,-29.714463602252557
1198,norway,-20.991103943722845
1198,paraguay,-0.4212646261112713
1198,sweden,-8.69703225726632
1198,switzerland,6.516164685440664
1199,iceland,-41.49251911169305
1199,norway,-31.98375273441845
1199,paraguay,-10.173417124204487
1199,sweden,-23.590860605599115
1199,switzerland,-10.79755781705114
1200,iceland,-48.1077079936349
1200,norway,-38.17344377040676
1200,paraguay,-15.462941627320411
1200,sweden,-31.55878474913566
1200,switzerland,-20.003784812299447
1201,iceland,-34.93551009724517
1201,norway,-26.311826267360438
1201,paraguay,-7.226374639983172
1201,sweden,-18.14032265461537
1201,switzerland,-6.42209695881984
1202,iceland,-43.94929815389765
1202,norway,-34.41948164041459
1202,paraguay,-9.59422737935067
1202,sweden,-24.147160806440823
1202,switzerland,-8.834800168528167
1203,iceland,-22.927169280278964
1203,norway,-14.87583675549908
1203,paraguay,4.88998057403495
1203,sweden,-0.3261290225066909
1203,switzerland,16.327433871689465
1204,iceland,-41.297634599042965
1204,norway,-31.69285784923299
1204,paraguay,-10.349398677788107
1204,sweden,-23.598086562805204
1204,switzerland,-11.376634109686016
1205,iceland,-27.294451114697097
1205,norway,-19.01841391150678
1205,paraguay,2.712196216130624
1205,sweden,-5.050470207595137
1205,switzerland,12.125459433490931
1206,iceland,-41.07924652107696
1206,norway,-31.736393623203927
1206,paraguay,-8.793766384506556
1206,sweden,-21.61652526234127
1206,switzerland,-7.652012490596485
1207,iceland,-43.26051384793316
1207,norway,-33.25877476042382
1207,paraguay,-11.86619399176666
1207,sweden,-25.104137108366672
1207,switzerland,-13.040807522603655
1208,iceland,-41.45254339886052
1208,norway,-32.048535139417815
1208,paraguay,-8.820372145221045
1208,sweden,-22.00503279904024
1208,switzerland,-7.802243839934557
1209,iceland,-36.813131225035725
1209,norway,-27.420056882609877
1209,paraguay,-4.700737887518704
1209,sweden,-15.701788966116696
1209,switzerland,-0.4818247238909162
1210,iceland,-39.12914854521902
1210,norway,-29.28954667808629
1210,paraguay,-7.88262322188328
1210,sweden,-19.84759389792385
1210,switzerland,-6.794827987888302
1211,iceland,-38.143509839370026
1211,norway,-29.23351860190756
1211,paraguay,-7.689655201155388
1211,sweden,-19.73007687631931
1211,switzerland,-6.444244323232655
1212,iceland,-23.326550389022525
1212,norway,-15.579906731618896
1212,paraguay,4.025237219557874
1212,sweden,-1.9005557592968667
1212,switzerland,14.025375088982262
1213,iceland,-43.34985467881334
1213,norway,-33.96811558883403
1213,paraguay,-11.83428998359424
1213,sweden,-26.034903713097737
1213,switzerland,-13.58833725488222
1214,iceland,-34.77100662327017
1214,norway,-25.636270854929084
1214,paraguay,-5.29443491732313
1214,sweden,-14.171792359520683
1214,switzerland,-0.2010001473223711
1215,iceland,-39.266296508853
1215,norway,-29.913071745183096
1215,paraguay,-9.789396306433302
1215,sweden,-22.010525698133947
1215,switzerland,-10.599547693656156
1216,iceland,-42.135332820837256
1216,norway,-32.32829528978178
1216,paraguay,-9.77855853842694
1216,sweden,-22.37037899712376
1216,switzerland,-8.161021442540042
1217,iceland,-36.66376735249966
1217,norway,-27.680547300696677
1217,paraguay,-6.693794320930997
1217,sweden,-17.85930981025505
1217,switzerland,-4.668873852121898
1218,iceland,-46.42784699931986
1218,norway,-36.58461177376649
1218,paraguay,-14.931216170591917
1218,sweden,-29.947748866289995
1218,switzerland,-18.74189412193081
1219,iceland,-42.33877114342987
1219,norway,-32.6579364313937
1219,paraguay,-11.632520450314814
1219,sweden,-24.674323771086616
1219,switzerland,-12.65707297125111
1220,iceland,-41.22692265325026
1220,norway,-32.02956857514464
1220,paraguay,-9.917351525617292
1220,sweden,-23.28110241737563
1220,switzerland,-10.103892927828038
1221,iceland,-42.8657252382658
1221,norway,-33.11959848363622
1221,paraguay,-10.89793681388905
1221,sweden,-24.465745120258525
1221,switzerland,-11.818070102193635
1222,iceland,-40.49532530017547
1222,norway,-30.91959903853803
1222,paraguay,-7.670391664537052
1222,sweden,-20.712380409767626
1222,switzerland,-6.036756457665207
1223,iceland,-32.14626872730675
1223,norway,-23.582743113479477
1223,paraguay,-1.3088962629225476
1223,sweden,-11.12450747124239
1223,switzerland,5.138077045420522
1224,iceland,-38.59364550353577
1224,norway,-29.7606578802279
1224,paraguay,-7.754394859114293
1224,sweden,-20.11507210316422
1224,switzerland,-6.3437741786891015
1225,iceland,-42.27340640736789
1225,norway,-32.757730152206314
1225,paraguay,-11.319798237904532
1225,sweden,-25.063815164053253
1225,switzerland,-13.093181810927948
1226,iceland,-46.94373071579646
1226,norway,-36.850266189667806
1226,paraguay,-11.818978124599315
1226,sweden,-27.058961345260624
1226,switzerland,-12.454443684908505
1227,iceland,-35.14381411285845
1227,norway,-26.021040914597037
1227,paraguay,-4.362238082368403
1227,sweden,-14.505490321734198
1227,switzerland,0.0829928700997831
1228,iceland,-33.021369752449246
1228,norway,-24.303754865269724
1228,paraguay,-4.660161023963785
1228,sweden,-14.63924123225293
1228,switzerland,-1.6315834120703028
1229,iceland,-21.26901750567753
1229,norway,-13.39779664695272
1229,paraguay,5.686141694316949
1229,sweden,1.174075729899143
1229,switzerland,17.529955262954743
1230,iceland,-37.49750443978508
1230,norway,-28.16177832493389
1230,paraguay,-5.993202244766782
1230,sweden,-17.329335412254096
1230,switzerland,-2.663305491176421
1231,iceland,-40.26601495535283
1231,norway,-31.043506990077017
1231,paraguay,-10.45082242488672
1231,sweden,-23.61719859180538
1231,switzerland,-11.881886396652142
1232,iceland,-46.93177413830392
1232,norway,-37.20014104587239
1232,paraguay,-12.359430981606852
1232,sweden,-26.878525229524485
1232,switzerland,-11.814429830004686
1233,iceland,-37.575298533400606
1233,norway,-28.52776422117223
1233,paraguay,-8.384559086068435
1233,sweden,-20.003406789178385
1233,switzerland,-8.05842479083889
1234,iceland,-25.585111958830744
1234,norway,-17.55386859986501
1234,paraguay,1.398411345388033
1234,sweden,-5.232785912564019
1234,switzerland,9.278137317589865
1235,iceland,-32.61841003748579
1235,norway,-24.013077645279253
1235,paraguay,-2.9180948725828597
1235,sweden,-13.005970322773118
1235,switzerland,1.8616067186592968
1236,iceland,-46.12429364185208
1236,norway,-36.24756760996216
1236,paraguay,-13.38196274191807
1236,sweden,-28.46355404861926
1236,switzerland,-16.14981525352151
1237,iceland,-37.901370530667165
1237,norway,-28.75752068081844
1237,paraguay,-6.116863919923729
1237,sweden,-17.661108648185103
1237,switzerland,-2.8286156547810557
1238,iceland,-41.50642430128239
1238,norway,-31.841547955316997
1238,paraguay,-8.716639625637505
1238,sweden,-20.593075728288238
1238,switzerland,-5.558261887991061
1239,iceland,-50.01236246071264
1239,norway,-40.02728339624433
1239,paraguay,-13.900476572034522
1239,sweden,-30.723365606114196
1239,switzerland,-15.870106756475048
1240,iceland,-39.07634569955632
1240,norway,-29.572326771402192
1240,paraguay,-7.64631438473
1240,sweden,-20.144193268540487
1240,switzerland,-6.386387805394532
1241,iceland,-31.762425728206125
1241,norway,-22.98401272491884
1241,paraguay,-2.0016614011121154
1241,sweden,-10.270084044021951
1241,switzerland,5.360777600777437
1242,iceland,-36.67662618300573
1242,norway,-27.21380696246245
1242,paraguay,-3.61892851495775
1242,sweden,-14.466686836343207
1242,switzerland,1.589051585957005
1243,iceland,-40.28156679096472
1243,norway,-30.808912655498663
1243,paraguay,-8.153107949292972
1243,sweden,-20.76815016978412
1243,switzerland,-6.848040264549527
1244,iceland,-37.89921764800679
1244,norway,-29.001957311333182
1244,paraguay,-8.75045552350433
1244,sweden,-20.837437136061524
1244,switzerland,-8.777067032329988
1245,iceland,-45.548887358358215
1245,norway,-35.889677619647195
1245,paraguay,-13.237892018829108
1245,sweden,-28.352198611598173
1245,switzerland,-15.860289311364903
1246,iceland,-30.930977170859904
1246,norway,-22.47342776878884
1246,paraguay,0.0665516804739694
1246,sweden,-9.290641404687056
1246,switzerland,7.769480494212516
1247,iceland,-42.792591759067136
1247,norway,-33.134323676792306
1247,paraguay,-11.712652104719028
1247,sweden,-24.58559872788757
1247,switzerland,-11.99569569996568
1248,iceland,-38.28371621058273
1248,norway,-29.01462403201554
1248,paraguay,-7.768901294776646
1248,sweden,-19.74260300674596
1248,switzerland,-6.643035311015629
1249,iceland,-46.02753814438472
1249,norway,-36.13272275015915
1249,paraguay,-11.61044716565665
1249,sweden,-26.40366637932408
1249,switzerland,-12.060482752322988
1250,iceland,-35.55269814569109
1250,norway,-26.073441212109053
1250,paraguay,-5.364324979049082
1250,sweden,-15.800740893159311
1250,switzerland,-2.4630952289745918
1251,iceland,-36.056805571091736
1251,norway,-27.220907986341704
1251,paraguay,-8.814431482500998
1251,sweden,-19.926884669075136
1251,switzerland,-9.379684926677724
1252,iceland,-36.63457249386178
1252,norway,-28.00785010519948
1252,paraguay,-8.181116606607597
1252,sweden,-20.070090669673643
1252,switzerland,-8.106588778852483
1253,iceland,-34.616346733120785
1253,norway,-26.448025026328665
1253,paraguay,-1.198454496675856
1253,sweden,-11.893995351576892
1253,switzerland,6.8361513368748845
1254,iceland,-42.96220447437678
1254,norway,-33.8548194803015
1254,paraguay,-12.746885911873932
1254,sweden,-26.87646182301905
1254,switzerland,-15.124168001810665
1255,iceland,-37.45263326128094
1255,norway,-28.384674590411464
1255,paraguay,-5.630158352093332
1255,sweden,-17.63889692432087
1255,switzerland,-2.4683205883228503
1256,iceland,-39.18266428400938
1256,norway,-29.596455139894623
1256,paraguay,-8.705574218282878
1256,sweden,-20.395383480468876
1256,switzerland,-7.84946777786088
1257,iceland,-34.43882827126959
1257,norway,-25.111042588971245
1257,paraguay,-3.5821800087686078
1257,sweden,-13.321658045018834
1257,switzerland,1.5701371396250323
1258,iceland,-37.56622521986272
1258,norway,-28.460129703347025
1258,paraguay,-5.935022476125906
1258,sweden,-17.96281290796729
1258,switzerland,-3.2453716202015137
1259,iceland,-38.91694662869908
1259,norway,-29.69146435615491
1259,paraguay,-6.975850625675067
1259,sweden,-18.590816980009656
1259,switzerland,-3.009428444672924
1260,iceland,-34.61216090835208
1260,norway,-25.367985499963403
1260,paraguay,-4.912389509932082
1260,sweden,-14.88222748433539
1260,switzerland,-1.561348090397131
1261,iceland,-36.92160501440687
1261,norway,-28.00710093327969
1261,paraguay,-7.232627474905213
1261,sweden,-19.07650860105791
1261,switzerland,-5.963896784494298
1262,iceland,-42.78369622650534
1262,norway,-33.35186736347949
1262,paraguay,-9.805725320026886
1262,sweden,-23.559308001683927
1262,switzerland,-9.480936855358683
1263,iceland,-24.880353327369907
1263,norway,-16.45324451655616
1263,paraguay,2.9729250311587654
1263,sweden,-2.4339143432402026
1263,switzerland,13.106224943688842
1264,iceland,-21.651144925377537
1264,norway,-13.95965512341522
1264,paraguay,4.326462880082441
1264,sweden,-0.786464928939669
1264,switzerland,14.357967490955652
1265,iceland,-22.63545767879897
1265,norway,-14.73786169501999
1265,paraguay,5.5248832368208
1265,sweden,-0.1613164350822433
1265,switzerland,16.70007397203543
1266,iceland,-22.210893395045808
1266,norway,-14.699856864959235
1266,paraguay,4.165852611893737
1266,sweden,-1.914594298335418
1266,switzerland,13.753237093408524
1267,iceland,-32.18771595362637
1267,norway,-23.74239206497291
1267,paraguay,-4.223054803128317
1267,sweden,-13.655446089574705
1267,switzerland,-0.5089244364057427
1268,iceland,-38.14861538860967
1268,norway,-29.00898128832527
1268,paraguay,-7.574796161579134
1268,sweden,-19.37512715845823
1268,switzerland,-6.150627297733639
1269,iceland,-42.4620354996675
1269,norway,-32.87211141125673
1269,paraguay,-10.98854349717533
1269,sweden,-24.839806116891285
1269,switzerland,-12.360340500708377
1270,iceland,-34.35848243472775
1270,norway,-25.00222579033298
1270,paraguay,-2.2214271232645504
1270,sweden,-12.448340452982928
1270,switzerland,3.785156014581444
1271,iceland,-40.07103640563208
1271,norway,-30.543996990538577
1271,paraguay,-8.262804068906238
1271,sweden,-21.09140463097982
1271,switzerland,-7.4943168980042945
1272,iceland,-40.16892525064226
1272,norway,-30.51757359256941
1272,paraguay,-10.567207767731825
1272,sweden,-23.04200153917727
1272,switzerland,-12.050095739822062
1273,iceland,-45.444822606842855
1273,norway,-35.914225442007634
1273,paraguay,-13.419288236052248
1273,sweden,-28.38891660219192
1273,switzerland,-16.355328402490453
1274,iceland,-31.3905170527918
1274,norway,-22.649482346984826
1274,paraguay,-3.205538398229276
1274,sweden,-12.323765351039174
1274,switzerland,0.9755338862567844
1275,iceland,-47.41668440719875
1275,norway,-37.860760683215176
1275,paraguay,-13.608322874620912
1275,sweden,-29.462091802881304
1275,switzerland,-16.015367438056913
1276,iceland,-32.63039405743326
1276,norway,-23.748771615165044
1276,paraguay,-3.2294087510119254
1276,sweden,-12.57085138659005
1276,switzerland,1.3208761241243716
1277,iceland,-49.57138438169796
1277,norway,-39.81072746245379
1277,paraguay,-13.13035868490932
1277,sweden,-29.820396621868525
1277,switzerland,-14.269723280495906
1278,iceland,-45.772152165442975
1278,norway,-36.10034539018393
1278,paraguay,-14.257256426448505
1278,sweden,-29.30246164880487
1278,switzerland,-17.459958809031136
1279,iceland,-35.711898485116166
1279,norway,-26.763407549288424
1279,paraguay,-6.015018356646333
1279,sweden,-16.54630389383189
1279,switzerland,-2.6583431062150624
1280,iceland,-30.687947484262217
1280,norway,-21.63915097032417
1280,paraguay,-2.1309903189364627
1280,sweden,-10.340488829579344
1280,switzerland,3.2911118499940546
1281,iceland,-35.72300485315362
1281,norway,-26.76005353368953
1281,paraguay,-6.116549636385699
1281,sweden,-16.879575389669995
1281,switzerland,-3.813687404566353
1282,iceland,-34.49406279061689
1282,norway,-25.51996487914121
1282,paraguay,-5.221786113104899
1282,sweden,-15.027236211968903
1282,switzerland,-1.5767581809792983
1283,iceland,-50.43323639988933
1283,norway,-40.79131472190736
1283,paraguay,-15.66577242561612
1283,sweden,-33.08710461201099
1283,switzerland,-19.590816212407944
1284,iceland,-32.64615341086123
1284,norway,-23.602327090511675
1284,paraguay,-3.132500495357448
1284,sweden,-12.306600734836538
1284,switzerland,1.5098665032907417
1285,iceland,-36.67628478350873
1285,norway,-27.67594390435391
1285,paraguay,-6.902182328505128
1285,sweden,-18.53852840900362
1285,switzerland,-5.394149834651301
1286,iceland,-47.651126443969694
1286,norway,-37.87747981871227
1286,paraguay,-14.771626965877688
1286,sweden,-30.641231360616807
1286,switzerland,-18.61852789661813
1287,iceland,-41.12438394166647
1287,norway,-31.608421756380864
1287,paraguay,-9.700439697620856
1287,sweden,-22.76406329594584
1287,switzerland,-9.91829921510962
1288,iceland,-33.81783546941168
1288,norway,-25.336301557259286
1288,paraguay,-3.4248064450358866
1288,sweden,-14.182327942232604
1288,switzerland,1.1106129886105218
1289,iceland,-42.66338850522038
1289,norway,-32.90174800948951
1289,paraguay,-12.006982815427287
1289,sweden,-25.794614373958595
1289,switzerland,-14.482143276411833
1290,iceland,-45.57855089528749
1290,norway,-35.537783335245365
1290,paraguay,-13.46886525324641
1290,sweden,-27.98847122239631
1290,switzerland,-16.175386525926612
1291,iceland,-39.96958862496348
1291,norway,-30.99199312608618
1291,paraguay,-8.34890711961006
1291,sweden,-21.373998786322648
1291,switzerland,-7.286940583454926
1292,iceland,-39.61727618510309
1292,norway,-29.65332496414293
1292,paraguay,-8.113441134763729
1292,sweden,-19.535279124136053
1292,switzerland,-6.095774620886077
1293,iceland,-43.5590250689682
1293,norway,-33.87829883547468
1293,paraguay,-13.022997850045936
1293,sweden,-27.18990368134605
1293,switzerland,-16.274882857815935
1294,iceland,-44.95875534549939
1294,norway,-35.135692683941045
1294,paraguay,-13.734950461598462
1294,sweden,-28.35664490682436
1294,switzerland,-17.30202442122096
1295,iceland,-27.788662432802425
1295,norway,-19.05008975431901
1295,paraguay,0.8084472583423019
1295,sweden,-6.308726501703902
1295,switzerland,8.535106323076333
1296,iceland,-25.674695807299507
1296,norway,-17.80127404345796
1296,paraguay,4.41619597227517
1296,sweden,-3.442528114822713
1296,switzerland,14.990721505635104
1297,iceland,-34.85464089234033
1297,norway,-25.587524790433672
1297,paraguay,-2.9046678484874144
1297,sweden,-13.001060792659311
1297,switzerland,2.772992972894871
1298,iceland,-30.689680724496043
1298,norway,-22.55043226412748
1298,paraguay,-1.0174840441687838
1298,sweden,-10.283273927366348
1298,switzerland,5.586789297341365
1299,iceland,-44.96622100619868
1299,norway,-35.624905229660015
1299,paraguay,-9.850799037850194
1299,sweden,-24.46944446610619
1299,switzerland,-8.063552881600252
1300,iceland,-26.091963670853644
1300,norway,-17.62287318308995
1300,paraguay,1.740412913114634
1300,sweden,-4.973777749676463
1300,switzerland,9.880998934013965
1301,iceland,-26.714619284143
1301,norway,-19.1263614013742
1301,paraguay,0.5312540508121468
1301,sweden,-7.464000921850889
1301,switzerland,7.473011570395252
1302,iceland,-26.59825975929316
1302,norway,-18.47052999674805
1302,paraguay,0.7422801014117387
1302,sweden,-6.352667254336656
1302,switzerland,8.034564734375575
1303,iceland,-38.23873695489904
1303,norway,-29.027040082439605
1303,paraguay,-5.915575594571657
1303,sweden,-17.95885472785451
1303,switzerland,-2.705067354332767
1304,iceland,-40.4907218421724
1304,norway,-31.843056634875666
1304,paraguay,-8.528430750501112
1304,sweden,-22.22058124297505
1304,switzerland,-7.607207562974358
1305,iceland,-35.953800766919294
1305,norway,-26.96975664514095
1305,paraguay,-5.930289120817662
1305,sweden,-16.152438475117986
1305,switzerland,-1.6426808263709385
1306,iceland,-35.1993245718654
1306,norway,-26.398277642373287
1306,paraguay,-6.212730375046315
1306,sweden,-16.899601584729073
1306,switzerland,-3.7267429828781977
1307,iceland,-44.60819922860933
1307,norway,-34.9667050056029
1307,paraguay,-10.72085878003844
1307,sweden,-25.171720947594945
1307,switzerland,-10.801054275458917
1308,iceland,-32.32198850311494
1308,norway,-23.592324042611654
1308,paraguay,-1.2606116942962882
1308,sweden,-10.84375081525674
1308,switzerland,5.629925571763622
1309,iceland,-36.65523471900348
1309,norway,-26.898730565575445
1309,paraguay,-5.305775074836068
1309,sweden,-15.868611232450435
1309,switzerland,-2.000278447326341
1310,iceland,-30.3970150290146
1310,norway,-21.45459299068669
1310,paraguay,-1.5921030220978103
1310,sweden,-9.209355362114351
1310,switzerland,5.399782811777645
1311,iceland,-21.233472864347867
1311,norway,-14.171990336430978
1311,paraguay,4.943065344438371
1311,sweden,-1.1203044650525755
1311,switzerland,15.155003993872793
1312,iceland,-36.88118710808662
1312,norway,-27.721731729366518
1312,paraguay,-6.98470528697828
1312,sweden,-17.390132789286326
1312,switzerland,-3.5137064379416523
1313,iceland,-44.75798914265334
1313,norway,-34.80084628476168
1313,paraguay,-10.965492596085882
1313,sweden,-25.32167435319815
1313,switzerland,-11.39634646794673
1314,iceland,-32.050653795582505
1314,norway,-23.492552199652582
1314,paraguay,-3.083404900812561
1314,sweden,-12.61197661855338
1314,switzerland,1.580530499155332
1315,iceland,-44.52995947129184
1315,norway,-34.27509145523516
1315,paraguay,-12.57495357211224
1315,sweden,-26.497947119205485
1315,switzerland,-14.554813524056655
1316,iceland,-41.593319031675485
1316,norway,-32.08688069196121
1316,paraguay,-10.753481917273126
1316,sweden,-24.10454013643275
1316,switzerland,-12.037168743062844
1317,iceland,-48.3990732697779
1317,norway,-38.462570396878746
1317,paraguay,-13.979131678159805
1317,sweden,-29.685757896887704
1317,switzerland,-15.99019116975832
1318,iceland,-41.25276388887668
1318,norway,-31.593479550726148
1318,paraguay,-9.909103535034417
1318,sweden,-22.75866591404436
1318,switzerland,-10.11625498389123
1319,iceland,-36.45815625205091
1319,norway,-27.212545806094194
1319,paraguay,-5.855015688552307
1319,sweden,-16.9243048646534
1319,switzerland,-3.1539893745507377
1320,iceland,-36.92035807235912
1320,norway,-28.01905622318053
1320,paraguay,-4.86032921924109
1320,sweden,-17.052768300591467
1320,switzerland,-1.3449629848147333
1321,iceland,-26.27582589017652
1321,norway,-18.466590098474686
1321,paraguay,0.558201016123499
1321,sweden,-6.982769938042917
1321,switzerland,7.408260609498497
1322,iceland,-26.85548497179304
1322,norway,-18.78212744678594
1322,paraguay,-0.0670088732428185
1322,sweden,-7.388206846526066
1322,switzerland,6.58172433566271
1323,iceland,-24.509835899506037
1323,norway,-16.69287661766872
1323,paraguay,1.7213545935318235
1323,sweden,-4.639807383027472
1323,switzerland,10.006423092403644
1324,iceland,-33.17161233014203
1324,norway,-24.027780243536565
1324,paraguay,-1.5631873385119477
1324,sweden,-10.722758679543407
1324,switzerland,6.071917891252001
1325,iceland,-26.18580161168814
1325,norway,-17.779335228584916
1325,paraguay,2.363623520495591
1325,sweden,-4.644056171477222
1325,switzerland,11.142817670652931
1326,iceland,-32.03344258000292
1326,norway,-23.126501360800148
1326,paraguay,-2.587342232534815
1326,sweden,-11.609541166159564
1326,switzerland,3.2912295628937183
1327,iceland,-41.572529263156056
1327,norway,-32.26666625480879
1327,paraguay,-11.576523055775246
1327,sweden,-24.91718856995092
1327,switzerland,-13.584018684119831
1328,iceland,-36.00583804752096
1328,norway,-26.815611381178204
1328,paraguay,-7.420923259805764
1328,sweden,-17.87035302343138
1328,switzerland,-5.565782958577397
1329,iceland,-34.28041996834292
1329,norway,-25.14911699061698
1329,paraguay,-3.521391415973405
1329,sweden,-12.512516205636029
1329,switzerland,3.4304251791610283
1330,iceland,-35.71789242822521
1330,norway,-26.667941304108044
1330,paraguay,-4.898908074111323
1330,sweden,-15.841595061005936
1330,switzerland,-1.27342972446836
1331,iceland,-30.08311354944728
1331,norway,-21.95015742476588
1331,paraguay,-1.442614225360281
1331,sweden,-10.55738327894941
1331,switzerland,4.535356491415791
1332,iceland,-27.248577289001403
1332,norway,-18.841139035306515
1332,paraguay,0.4953020795516991
1332,sweden,-6.58365303099577
1332,switzerland,7.781524277657108
1333,iceland,-35.6117106597424
1333,norway,-26.51653077375135
1333,paraguay,-5.796316649375263
1333,sweden,-16.586033759697575
1333,switzerland,-3.209615899581648
1334,iceland,-35.26535475581455
1334,norway,-25.95668273091575
1334,paraguay,-5.382210472612096
1334,sweden,-15.696943489297292
1334,switzerland,-2.1798231353384825
1335,iceland,-37.96830630272255
1335,norway,-28.63273360280719
1335,paraguay,-6.319707424026545
1335,sweden,-17.576062316500767
1335,switzerland,-2.831486241477543
1336,iceland,-34.43325334907797
1336,norway,-25.4916319507653
1336,paraguay,-3.39323736905187
1336,sweden,-13.17470819961126
1336,switzerland,2.622715748592144
1337,iceland,-36.67037205816694
1337,norway,-27.59377819252825
1337,paraguay,-8.517798568773598
1337,sweden,-19.853267043266555
1337,switzerland,-8.67346724878217
1338,iceland,-38.85879142334319
1338,norway,-29.708665473154547
1338,paraguay,-8.864501694798935
1338,sweden,-21.15527674014081
1338,switzerland,-8.811213221455596
1339,iceland,-35.35481304820759
1339,norway,-26.223832075409003
1339,paraguay,-4.316483130717873
1339,sweden,-15.059345494160114
1339,switzerland,-0.1480957369276244
1340,iceland,-35.402249831009364
1340,norway,-26.135025440786503
1340,paraguay,-6.241545496239392
1340,sweden,-16.510386815185758
1340,switzerland,-3.487241716068699
1341,iceland,-45.30891369456264
1341,norway,-35.1506047140204
1341,paraguay,-12.651664635308194
1341,sweden,-27.1393048183084
1341,switzerland,-15.02124835094772
1342,iceland,-44.99702800031619
1342,norway,-35.118538512901694
1342,paraguay,-13.549233583083325
1342,sweden,-28.0321444048994
1342,switzerland,-16.378603949017087
1343,iceland,-34.90515474150683
1343,norway,-25.97714859142893
1343,paraguay,-2.926659001320392
1343,sweden,-12.922425159925474
1343,switzerland,3.0891336718026774
1344,iceland,-30.89609652469172
1344,norway,-22.03222947518286
1344,paraguay,-2.50783842698186
1344,sweden,-11.218931736356982
1344,switzerland,2.2415580528631183
1345,iceland,-34.285165996532825
1345,norway,-25.800264157924342
1345,paraguay,-2.4506963520473835
1345,sweden,-13.284923112768896
1345,switzerland,3.4167819302235234
1346,iceland,-31.75887962048191
1346,norway,-23.36771344980663
1346,paraguay,-1.5421834762157045
1346,sweden,-11.551206664377784
1346,switzerland,4.271415797158678
1347,iceland,-40.73487773952003
1347,norway,-31.107384536629105
1347,paraguay,-10.62763114411408
1347,sweden,-23.552193240074807
1347,switzerland,-12.14795221658331
1348,iceland,-44.16942675598372
1348,norway,-34.05658936820416
1348,paraguay,-12.63509223876378
1348,sweden,-26.60061924243534
1348,switzerland,-15.183126280878929
1349,iceland,-44.72694531976061
1349,norway,-34.98848610392978
1349,paraguay,-12.083820628974069
1349,sweden,-26.74302287095362
1349,switzerland,-13.756704073017543
1350,iceland,-34.30789595309015
1350,norway,-25.468856028251803
1350,paraguay,-4.064533045345185
1350,sweden,-14.426700597398634
1350,switzerland,-0.0384385151663364
1351,iceland,-38.38940489609673
1351,norway,-29.16270092281293
1351,paraguay,-9.143563824765463
1351,sweden,-19.202248737984792
1351,switzerland,-6.294504818543143
1352,iceland,-48.25525046308197
1352,norway,-38.32456448547032
1352,paraguay,-14.538837179559836
1352,sweden,-30.483189515737976
1352,switzerland,-17.86870469364886
1353,iceland,-41.87754464182216
1353,norway,-32.277258527398466
1353,paraguay,-11.105144936556082
1353,sweden,-24.56929998530676
1353,switzerland,-12.760562137772936
1354,iceland,-38.89342551669094
1354,norway,-29.663559873286022
1354,paraguay,-8.666216992097333
1354,sweden,-19.73564484991427
1354,switzerland,-6.170421476788092
1355,iceland,-28.398686762610613
1355,norway,-20.250596103106123
1355,paraguay,-0.8788443087621679
1355,sweden,-8.987580503006571
1355,switzerland,5.173991689536467
1356,iceland,-29.782363506801417
1356,norway,-21.77485287136176
1356,paraguay,-0.4397522725150967
1356,sweden,-9.787156895108868
1356,switzerland,6.147624193024735
1357,iceland,-41.04898225539338
1357,norway,-32.05360494459404
1357,paraguay,-11.38801073875967
1357,sweden,-24.84300976847941
1357,switzerland,-13.354972014245616
1358,iceland,-34.39640464943602
1358,norway,-25.33818312856369
1358,paraguay,-2.782823593073563
1358,sweden,-12.962659317225835
1358,switzerland,2.8285755142174
1359,iceland,-32.799246994741495
1359,norway,-24.233765964177184
1359,paraguay,-2.5599755900935084
1359,sweden,-12.37342399106218
1359,switzerland,3.393150682670648
1360,iceland,-32.25171805063813
1360,norway,-23.86714800080385
1360,paraguay,-0.5113116447068793
1360,sweden,-10.241305250730395
1360,switzerland,7.078638980360112
1361,iceland,-23.44676537663374
1361,norway,-15.728699927782012
1361,paraguay,3.815444342014928
1361,sweden,-2.2269284374177283
1361,switzerland,13.669013293720598
1362,iceland,-40.40022584124106
1362,norway,-30.33329432379336
1362,paraguay,-8.670261787670844
1362,sweden,-20.989813568688067
1362,switzerland,-8.057329668394997
1363,iceland,-34.14886086478271
1363,norway,-24.94924398832991
1363,paraguay,-1.4891234852988613
1363,sweden,-11.475841161382194
1363,switzerland,5.256676608588593
1364,iceland,-39.979400094528415
1364,norway,-30.536238083151517
1364,paraguay,-10.339358446924262
1364,sweden,-22.970862747822377
1364,switzerland,-11.649935429101497
1365,iceland,-43.10092090847592
1365,norway,-33.52491556549776
1365,paraguay,-10.585730227928217
1365,sweden,-24.560664994571383
1365,switzerland,-11.140901525795178
1366,iceland,-39.40380944714967
1366,norway,-30.6605088699717
1366,paraguay,-7.533503430475491
1366,sweden,-20.120796934223986
1366,switzerland,-5.414271023873337
1367,iceland,-45.31757527336549
1367,norway,-35.179121054814765
1367,paraguay,-13.43919736728008
1367,sweden,-28.021684747091705
1367,switzerland,-16.708940013028442
1368,iceland,-30.222906558387105
1368,norway,-21.17770094218771
1368,paraguay,0.7558075866171633
1368,sweden,-7.323800817134248
1368,switzerland,9.087964540179383
1369,iceland,-28.858865306004176
1369,norway,-20.764432649407635
1369,paraguay,-1.0153146225351444
1369,sweden,-9.176917028791722
1369,switzerland,5.164057772608017
1370,iceland,-53.14227379619943
1370,norway,-42.84579934559308
1370,paraguay,-17.478215941260377
1370,sweden,-35.546185263365075
1370,switzerland,-22.578268758775693
1371,iceland,-35.29665353461233
1371,norway,-26.11650663329433
1371,paraguay,-4.334855944115277
1371,sweden,-14.978733912638852
1371,switzerland,-0.3757778325937803
1372,iceland,-31.501609327522
1372,norway,-22.511599834946907
1372,paraguay,-1.2416709081289254
1372,sweden,-9.811869657338113
1372,switzerland,5.210608958374578
1373,iceland,-47.99838235363929
1373,norway,-38.343792991891306
1373,paraguay,-15.16688483790377
1373,sweden,-31.140571800575422
1373,switzerland,-18.6951666575176
1374,iceland,-50.800913941042936
1374,norway,-40.55787641285792
1374,paraguay,-16.171077563849092
1374,sweden,-33.1955396753255
1374,switzerland,-20.609623526147757
1375,iceland,-38.53474942089606
1375,norway,-29.011399937311698
1375,paraguay,-6.924715546205024
1375,sweden,-18.690348032823078
1375,switzerland,-4.839435762795943
1376,iceland,-34.25343614806852
1376,norway,-25.201162742417644
1376,paraguay,-2.07850377913917
1376,sweden,-12.313046181032274
1376,switzerland,4.096369728457638
1377,iceland,-34.12726686606191
1377,norway,-25.26665795258912
1377,paraguay,-5.714891264720866
1377,sweden,-16.126666530619683
1377,switzerland,-3.632155465361195
1378,iceland,-32.25676734580828
1378,norway,-23.10962936783291
1378,paraguay,-2.736180059050075
1378,sweden,-11.849584348041803
1378,switzerland,2.423723151399497
1379,iceland,-33.92938917530264
1379,norway,-24.69121019335432
1379,paraguay,-3.4498127440732445
1379,sweden,-13.11443463338994
1379,switzerland,1.297975048363842
1380,iceland,-39.75880921620672
1380,norway,-30.80964155877803
1380,paraguay,-10.067639874996534
1380,sweden,-22.88284218364816
1380,switzerland,-10.589352511103126
1381,iceland,-32.95941563595986
1381,norway,-23.638574673207508
1381,paraguay,-3.920365655415836
1381,sweden,-13.067851214387977
1381,switzerland,-0.0775820181245394
1382,iceland,-30.43325635262899
1382,norway,-22.460013386667526
1382,paraguay,-0.22184520723926
1382,sweden,-9.612113166511945
1382,switzerland,7.210683678602564
1383,iceland,-36.40717063686337
1383,norway,-27.556427320748902
1383,paraguay,-4.407705509415397
1383,sweden,-15.471551102731995
1383,switzerland,0.2142221600986034
1384,iceland,-24.8151836400622
1384,norway,-17.163294361791216
1384,paraguay,3.493986896739396
1384,sweden,-3.640716140430112
1384,switzerland,13.154288661304996
1385,iceland,-35.62244913614342
1385,norway,-26.45613673745849
1385,paraguay,-4.390464460879748
1385,sweden,-14.961024970094542
1385,switzerland,-0.1672933200693845
1386,iceland,-42.81642647702152
1386,norway,-32.73705341039096
1386,paraguay,-10.137831985237902
1386,sweden,-23.609234334362498
1386,switzerland,-10.604749722062634
1387,iceland,-48.127561330982736
1387,norway,-37.86336700745348
1387,paraguay,-14.005642304825962
1387,sweden,-29.73280199417392
1387,switzerland,-16.977191234506165
1388,iceland,-31.92890716174296
1388,norway,-23.09691142023504
1388,paraguay,-3.052846492289129
1388,sweden,-12.067409133792234
1388,switzerland,1.608764820708673
1389,iceland,-49.52502066061857
1389,norway,-39.76008578026416
1389,paraguay,-15.628391651498896
1389,sweden,-32.68127321783268
1389,switzerland,-20.01120245396689
1390,iceland,-28.14725182469195
1390,norway,-19.92164937968303
1390,paraguay,2.121004297310749
1390,sweden,-5.904913349858028
1390,switzerland,11.17957551681571
1391,iceland,-46.33037682737135
1391,norway,-36.20475164143965
1391,paraguay,-14.195362292867204
1391,sweden,-29.24781921411861
1391,switzerland,-17.837209013442845
1392,iceland,-43.56854399124046
1392,norway,-34.07443538495684
1392,paraguay,-12.509063461393774
1392,sweden,-26.83564076876137
1392,switzerland,-15.164374894516095
1393,iceland,-34.61229281998194
1393,norway,-25.86551567149176
1393,paraguay,-3.936287607016503
1393,sweden,-14.729340592860217
1393,switzerland,0.4048432134744957
1394,iceland,-37.59038257832098
1394,norway,-28.37571371515116
1394,paraguay,-5.519401505040751
1394,sweden,-17.21652066054928
1394,switzerland,-1.9079774463943453
1395,iceland,-29.270149942014555
1395,norway,-20.882157313724317
1395,paraguay,-1.5912302882499023
1395,sweden,-9.444998125102453
1395,switzerland,4.640102813016178
1396,iceland,-42.21522612312816
1396,norway,-33.137539517437006
1396,paraguay,-9.843230571802955
1396,sweden,-23.6490873696032
1396,switzerland,-9.572113567570122
1397,iceland,-46.40294684386884
1397,norway,-36.016330728274745
1397,paraguay,-12.243141133979789
1397,sweden,-27.355132880737496
1397,switzerland,-13.920098611923072
1398,iceland,-30.168532243995717
1398,norway,-21.44814871200612
1398,paraguay,0.2425462589444978
1398,sweden,-8.290381361676827
1398,switzerland,7.599703789754128
1399,iceland,-29.65321686197352
1399,norway,-21.088041586865486
1399,paraguay,-0.5811331247253689
1399,sweden,-9.03168893955802
1399,switzerland,6.002951959050525
1400,iceland,-46.11166740247637
1400,norway,-36.09239750946304
1400,paraguay,-12.734918357738277
1400,sweden,-27.247420448279403
1400,switzerland,-13.236716027006038
1401,iceland,-20.44886416065624
1401,norway,-12.81565574042082
1401,paraguay,6.404346851184484
1401,sweden,1.781005649901252
1401,switzerland,18.358489436101404
1402,iceland,-27.344600020868945
1402,norway,-19.027133855993124
1402,paraguay,0.6166957299818576
1402,sweden,-6.770495041406431
1402,switzerland,8.135855921209698
1403,iceland,-32.9066645249211
1403,norway,-24.432351756339564
1403,paraguay,-2.9442945376648666
1403,sweden,-13.294326216805374
1403,switzerland,1.8479318427060765
1404,iceland,-39.482453196895335
1404,norway,-30.83932826613649
1404,paraguay,-7.17333797147077
1404,sweden,-20.48048430289187
1404,switzerland,-5.099711209241926
1405,iceland,-26.49924399368265
1405,norway,-18.03102271313101
1405,paraguay,2.6512993813555727
1405,sweden,-4.684426812199618
1405,switzerland,11.986427242017346
1406,iceland,-44.19407323545934
1406,norway,-34.38782280511935
1406,paraguay,-11.070928519835803
1406,sweden,-25.262936194828058
1406,switzerland,-11.524925846990898
1407,iceland,-28.238599598897203
1407,norway,-19.78976304914645
1407,paraguay,-0.8836115623288314
1407,sweden,-8.432744868835778
1407,switzerland,5.320957138872118
1408,iceland,-42.02987333366322
1408,norway,-33.10582381123854
1408,paraguay,-9.08544744293782
1408,sweden,-23.125393013543
1408,switzerland,-7.979448609596231
1409,iceland,-48.29317547803164
1409,norway,-37.97008293664414
1409,paraguay,-14.758154590871689
1409,sweden,-30.769295650493817
1409,switzerland,-18.573136803025
1410,iceland,-36.314120224677765
1410,norway,-27.278153791258735
1410,paraguay,-4.880567344328238
1410,sweden,-16.154473219026535
1410,switzerland,-0.8604853592084512
1411,iceland,-30.92883447304905
1411,norway,-22.32323789353969
1411,paraguay,-1.0459435387758529
1411,sweden,-10.60532590982168
1411,switzerland,5.015600181072433
1412,iceland,-36.61006921432946
1412,norway,-27.164360770746885
1412,paraguay,-5.390367836642007
1412,sweden,-16.545970155965556
1412,switzerland,-2.367745145566017
1413,iceland,-21.274754140264232
1413,norway,-13.076136048495998
1413,paraguay,6.522950139204392
1413,sweden,1.9051503560727077
1413,switzerland,18.49236271866769
1414,iceland,-43.171719117784434
1414,norway,-33.91683430226973
1414,paraguay,-10.25124520313813
1414,sweden,-24.54083100974744
1414,switzerland,-10.430633971679857
1415,iceland,-44.37551177499066
1415,norway,-34.44487099083867
1415,paraguay,-12.76019081878208
1415,sweden,-27.140508537723964
1415,switzerland,-15.544188640207896
1416,iceland,-44.971930011380415
1416,norway,-35.17571085504545
1416,paraguay,-9.792833235626672
1416,sweden,-24.154843251504197
1416,switzerland,-8.590006571446327
1417,iceland,-35.380254841096026
1417,norway,-26.262736437835034
1417,paraguay,-5.113211833774109
1417,sweden,-16.342477987808557
1417,switzerland,-2.32617719293508
1418,iceland,-43.99291244827278
1418,norway,-34.288398663201825
1418,paraguay,-11.82606936450405
1418,sweden,-26.13415565703804
1418,switzerland,-13.489381528882658
1419,iceland,-26.592711722945
1419,norway,-18.219650527623852
1419,paraguay,3.157002104748209
1419,sweden,-4.08146247008388
1419,switzerland,13.206426202097152
1420,iceland,-36.04692745897009
1420,norway,-27.27470577380804
1420,paraguay,-6.427692987036247
1420,sweden,-18.0306075784258
1420,switzerland,-4.660549558580181
1421,iceland,-40.80422260684471
1421,norway,-31.494329792249147
1421,paraguay,-8.113891926203983
1421,sweden,-18.913720787332647
1421,switzerland,-2.3636949418594093
1422,iceland,-40.191240880322034
1422,norway,-31.18704345584334
1422,paraguay,-11.784804339937043
1422,sweden,-24.88979655106772
1422,switzerland,-14.550336361238523
1423,iceland,-37.41776511719932
1423,norway,-28.055339162984325
1423,paraguay,-6.323489023049759
1423,sweden,-16.999856600502664
1423,switzerland,-2.5153042890635646
1424,iceland,-31.9622802272864
1424,norway,-23.51072289199229
1424,paraguay,-2.6300033574779405
1424,sweden,-12.22064386407473
1424,switzerland,2.3890119154282936
1425,iceland,-49.8241275779229
1425,norway,-39.77683375157029
1425,paraguay,-16.42940731356313
1425,sweden,-32.289946453005065
1425,switzerland,-19.71351536835969
1426,iceland,-41.641192622730536
1426,norway,-32.13287732339465
1426,paraguay,-10.570412540049835
1426,sweden,-23.55864467748404
1426,switzerland,-10.90937081235022
1427,iceland,-32.53735718585921
1427,norway,-24.03323480943655
1427,paraguay,-4.790082170149511
1427,sweden,-14.392272270316496
1427,switzerland,-1.8228344670287715
1428,iceland,-35.259634413132815
1428,norway,-25.93035114216927
1428,paraguay,-4.859463082737745
1428,sweden,-15.11800383875516
1428,switzerland,-1.318761981890744
1429,iceland,-39.09104269337693
1429,norway,-30.01184355761776
1429,paraguay,-8.439130140103332
1429,sweden,-21.100086705554165
1429,switzerland,-7.816611297405745
1430,iceland,-41.16417259077
1430,norway,-31.70002227276806
1430,paraguay,-8.828775218487772
1430,sweden,-21.75320670344625
1430,switzerland,-7.896971007925916
1431,iceland,-44.54113519498194
1431,norway,-34.80751310281965
1431,paraguay,-12.130995066924248
1431,sweden,-26.71801101204177
1431,switzerland,-13.69403411116419
1432,iceland,-47.09710498364417
1432,norway,-37.09678647520576
1432,paraguay,-14.416964602699563
1432,sweden,-29.944055578571767
1432,switzerland,-18.137787639226342
1433,iceland,-37.792917432390645
1433,norway,-27.86243036091737
1433,paraguay,-4.427762641239509
1433,sweden,-15.06564507698392
1433,switzerland,0.6127330182790818
1434,iceland,-29.80365819127505
1434,norway,-21.15688850415276
1434,paraguay,-1.8034541727838425
1434,sweden,-9.976990706183834
1434,switzerland,3.477481727156022
1435,iceland,-40.26935573172376
1435,norway,-30.7360526189734
1435,paraguay,-9.50453718653683
1435,sweden,-22.00976424120181
1435,switzerland,-9.586367083426412
1436,iceland,-38.02613081411653
1436,norway,-28.794970388521413
1436,paraguay,-5.949222002445411
1436,sweden,-17.489562138238675
1436,switzerland,-2.727324273797849
1437,iceland,-40.24140718482519
1437,norway,-31.400859964260636
1437,paraguay,-7.505645086584917
1437,sweden,-20.61044879130055
1437,switzerland,-5.296589723903905
1438,iceland,-25.690203373658843
1438,norway,-17.9748132478718
1438,paraguay,1.152793738230604
1438,sweden,-6.070837902364278
1438,switzerland,9.215073290621598
1439,iceland,-39.14355625247104
1439,norway,-30.158559070474105
1439,paraguay,-9.615276905248187
1439,sweden,-22.1921676021541
1439,switzerland,-10.328152201817698
1440,iceland,-38.29708345448682
1440,norway,-29.22456596277053
1440,paraguay,-6.861961124925711
1440,sweden,-18.797436854227723
1440,switzerland,-4.467117727598062
1441,iceland,-49.24275735442434
1441,norway,-38.8473822532363
1441,paraguay,-14.56365550688235
1441,sweden,-29.488002707084146
1441,switzerland,-15.099115834426335
1442,iceland,-29.19740395927955
1442,norway,-19.957282024539204
1442,paraguay,2.580301091152764
1442,sweden,-4.991227406477175
1442,switzerland,12.444027935608784
1443,iceland,-45.09068679029264
1443,norway,-35.92293556232618
1443,paraguay,-12.10194445158896
1443,sweden,-27.454270690955937
1443,switzerland,-13.679814751294124
1444,iceland,-42.76089993828026
1444,norway,-32.831972332226854
1444,paraguay,-12.065939411207513
1444,sweden,-25.803015800559617
1444,switzerland,-14.707386088679524
1445,iceland,-37.36835020135592
1445,norway,-28.33998997981578
1445,paraguay,-8.466256060605506
1445,sweden,-20.366762434886585
1445,switzerland,-8.507451957757263
1446,iceland,-32.186442209880354
1446,norway,-23.48079135765553
1446,paraguay,-4.003891308218051
1446,sweden,-13.335175698150763
1446,switzerland,-0.3036210973912004
1447,iceland,-42.4976588732884
1447,norway,-32.40953419965876
1447,paraguay,-10.23347322638572
1447,sweden,-23.484796774157346
1447,switzerland,-10.819387154118711
1448,iceland,-34.241302908822696
1448,norway,-25.86508716199532
1448,paraguay,-3.061822360680004
1448,sweden,-14.024354458214376
1448,switzerland,2.1109689988897684
1449,iceland,-43.75957886728749
1449,norway,-34.41399660129515
1449,paraguay,-11.565709589585447
1449,sweden,-25.13657691892785
1449,switzerland,-10.865888632042306
1450,iceland,-35.83024497593629
1450,norway,-26.88184970524445
1450,paraguay,-6.238466221350953
1450,sweden,-17.338153024444473
1450,switzerland,-4.085029120231109
1451,iceland,-37.690586288209424
1451,norway,-28.64760121893158
1451,paraguay,-7.960423319823082
1451,sweden,-19.937509772301244
1451,switzerland,-7.254511149815765
1452,iceland,-37.40271285043103
1452,norway,-28.16084679095345
1452,paraguay,-7.577886498623058
1452,sweden,-18.955932486485874
1452,switzerland,-6.475152442209962
1453,iceland,-40.7862103581819
1453,norway,-31.25127549202034
1453,paraguay,-8.288513260106486
1453,sweden,-20.916510152755784
1453,switzerland,-6.745814869744299
1454,iceland,-33.29571911280869
1454,norway,-24.697061454421263
1454,paraguay,-3.854195765551091
1454,sweden,-13.974742004371096
1454,switzerland,0.2574484545270583
1455,iceland,-32.0829404175202
1455,norway,-22.92953521906817
1455,paraguay,-1.5561916844290458
1455,sweden,-10.536733618567538
1455,switzerland,4.754928627142959
1456,iceland,-43.92755333894784
1456,norway,-34.59062964403768
1456,paraguay,-11.78846213638889
1456,sweden,-26.08108743205717
1456,switzerland,-13.230595080950142
1457,iceland,-41.36724373461909
1457,norway,-31.431634924876157
1457,paraguay,-10.736888346562887
1457,sweden,-23.921246122815745
1457,switzerland,-12.281971926631083
1458,iceland,-24.09536321720609
1458,norway,-15.813152937458554
1458,paraguay,3.940824874188402
1458,sweden,-1.7313906506016696
1458,switzerland,14.467849725562129
1459,iceland,-41.09636432621417
1459,norway,-31.93755940554392
1459,paraguay,-8.659227907883224
1459,sweden,-22.16488250923265
1459,switzerland,-7.731721689806719
1460,iceland,-36.19197278540983
1460,norway,-27.386353657390533
1460,paraguay,-8.372734432506428
1460,sweden,-19.677943358898084
1460,switzerland,-8.44981719048225
1461,iceland,-45.066475568762726
1461,norway,-34.58020280744058
1461,paraguay,-13.43633422572944
1461,sweden,-27.64416815530734
1461,switzerland,-16.528217110660755
1462,iceland,-37.38733171475359
1462,norway,-28.48509421751732
1462,paraguay,-7.222772005234289
1462,sweden,-18.972238839122003
1462,switzerland,-5.683777723572334
1463,iceland,-30.484459673459785
1463,norway,-21.757790924882062
1463,paraguay,-0.6929267652700569
1463,sweden,-9.513798362081662
1463,switzerland,5.946708414332427
1464,iceland,-44.89874495860143
1464,norway,-34.65932390306092
1464,paraguay,-12.702328571445843
1464,sweden,-26.949385399884427
1464,switzerland,-15.110243696137164
1465,iceland,-43.28432294854178
1465,norway,-33.45909276159182
1465,paraguay,-12.631466845299068
1465,sweden,-26.43204576959652
1465,switzerland,-15.443980195280645
1466,iceland,-30.85398667590553
1466,norway,-22.475332606715217
1466,paraguay,-1.902841279085534
1466,sweden,-10.865604818384126
1466,switzerland,4.128943299027919
1467,iceland,-36.65627572431151
1467,norway,-27.47331291610672
1467,paraguay,-4.570394832113913
1467,sweden,-15.679506553143217
1467,switzerland,-0.3085822170978023
1468,iceland,-51.08944095377331
1468,norway,-40.990934031528006
1468,paraguay,-16.541483176133696
1468,sweden,-33.337920909936145
1468,switzerland,-20.085451771126984
1469,iceland,-27.174842512656724
1469,norway,-19.14557207653442
1469,paraguay,0.4019060620382438
1469,sweden,-6.978029187583282
1469,switzerland,7.718585282041319
1470,iceland,-38.53820296292563
1470,norway,-29.401926240629237
1470,paraguay,-8.333427974443628
1470,sweden,-20.83877618053579
1470,switzerland,-7.977042542185256
1471,iceland,-35.11293720779843
1471,norway,-25.798229453402577
1471,paraguay,-3.111267420127543
1471,sweden,-13.3533521126093
1471,switzerland,2.679575691283754
1472,iceland,-35.19778773546573
1472,norway,-26.47252693649069
1472,paraguay,-3.6718297241995135
1472,sweden,-15.144493661388193
1472,switzerland,0.7970048479884678
1473,iceland,-43.35230279588001
1473,norway,-33.66590081149295
1473,paraguay,-12.13880987429399
1473,sweden,-26.380690126023065
1473,switzerland,-14.512648335037076
1474,iceland,-41.80416670414696
1474,norway,-32.43303232437974
1474,paraguay,-8.971769090716421
1474,sweden,-22.20570434967921
1474,switzerland,-7.9515090108774
1475,iceland,-36.07835054892365
1475,norway,-27.524859678956645
1475,paraguay,-5.363007367983852
1475,sweden,-16.85975316035986
1475,switzerland,-2.034523286858468
1476,iceland,-47.4150123852137
1476,norway,-36.99858670745166
1476,paraguay,-15.229045952620742
1476,sweden,-30.127079498541686
1476,switzerland,-18.766374300427724
1477,iceland,-41.998343775971286
1477,norway,-32.71126113359075
1477,paraguay,-10.058127138518422
1477,sweden,-23.78389663046587
1477,switzerland,-10.398120331203804
1478,iceland,-26.486203445643284
1478,norway,-17.922255168206622
1478,paraguay,1.786356126516332
1478,sweden,-4.695117538285286
1478,switzerland,10.555336339040336
1479,iceland,-34.73395696692388
1479,norway,-25.96392162125066
1479,paraguay,-6.483809822167955
1479,sweden,-17.269118646330405
1479,switzerland,-4.994884830686083
1480,iceland,-31.12645302038279
1480,norway,-22.923985856037977
1480,paraguay,-1.4945307432472568
1480,sweden,-10.76158124054393
1480,switzerland,5.266516932585525
1481,iceland,-51.85754388671749
1481,norway,-41.64019138441243
1481,paraguay,-17.519636350514933
1481,sweden,-34.87153458271368
1481,switzerland,-22.5121033931132
1482,iceland,-36.031937206492096
1482,norway,-26.812805460775333
1482,paraguay,-6.027841003011069
1482,sweden,-16.58878847423468
1482,switzerland,-2.7343458511472227
1483,iceland,-48.48667315757155
1483,norway,-38.1404999068231
1483,paraguay,-12.404196622686696
1483,sweden,-28.04841838797724
1483,switzerland,-13.231869795284526
1484,iceland,-44.62555741844032
1484,norway,-34.44174057300698
1484,paraguay,-13.101368796775564
1484,sweden,-26.89189987075222
1484,switzerland,-14.960439903336576
1485,iceland,-34.01556364271306
1485,norway,-25.299675237747405
1485,paraguay,-2.7355744957861363
1485,sweden,-13.550612344708894
1485,switzerland,2.462157096804228
1486,iceland,-42.485158103045904
1486,norway,-32.90621504223126
1486,paraguay,-9.717230993480332
1486,sweden,-23.153052554969857
1486,switzerland,-9.203897191706057
1487,iceland,-40.20683425955548
1487,norway,-30.926636317613607
1487,paraguay,-8.725322222976834
1487,sweden,-21.69002911938773
1487,switzerland,-8.182705544588849
1488,iceland,-29.21230791778376
1488,norway,-20.99709420171657
1488,paraguay,0.5982686942835914
1488,sweden,-7.756468751546425
1488,switzerland,9.1522146865353
1489,iceland,-40.75281203844483
1489,norway,-31.45525190390281
1489,paraguay,-8.213310265350325
1489,sweden,-21.202676124009063
1489,switzerland,-6.716156125729312
1490,iceland,-38.80232261512232
1490,norway,-29.411288807158787
1490,paraguay,-8.03189757825234
1490,sweden,-19.94463013988502
1490,switzerland,-6.948604449630811
1491,iceland,-26.683761349563863
1491,norway,-18.531281242761075
1491,paraguay,1.641214705398591
1491,sweden,-5.522151491544159
1491,switzerland,10.282538266572685
1492,iceland,-26.992583688020314
1492,norway,-18.463670364677117
1492,paraguay,0.7143594310052149
1492,sweden,-6.147723108304975
1492,switzerland,8.10328260169556
1493,iceland,-29.22967503203469
1493,norway,-20.484536799433183
1493,paraguay,-0.4959755374942158
1493,sweden,-8.14050058086538
1493,switzerland,6.338821610072679
1494,iceland,-36.57166108086057
1494,norway,-27.4314791335054
1494,paraguay,-7.887026359136093
1494,sweden,-18.981631794000062
1494,switzerland,-7.301440462167408
1495,iceland,-46.008535268335706
1495,norway,-36.32368109489607
1495,paraguay,-12.296882726690637
1495,sweden,-27.45326456793294
1495,switzerland,-13.833084452887327
1496,iceland,-44.08833566170766
1496,norway,-34.32937767334001
1496,paraguay,-10.92615535791454
1496,sweden,-25.55966873999729
1496,switzerland,-11.87851265112514
1497,iceland,-33.84995065576377
1497,norway,-24.338051460997956
1497,paraguay,-3.1278302928503456
1497,sweden,-12.096910108338118
1497,switzerland,2.8694118521777416
1498,iceland,-48.96473968976103
1498,norway,-39.05226800912992
1498,paraguay,-13.755312099766533
1498,sweden,-30.424609565734052
1498,switzerland,-16.259146732263883
1499,iceland,-39.70758654792129
1499,norway,-30.43152942859785
1499,paraguay,-7.6897173563001875
1499,sweden,-20.54629425911103
1499,switzerland,-6.228931440600303
1500,iceland,-30.58001477928888
1500,norway,-21.523742538831304
1500,paraguay,-0.5347921483604707
1500,sweden,-9.040321736990668
1500,switzerland,6.124414599816606
1501,iceland,-39.523152056650325
1501,norway,-30.029564440066103
1501,paraguay,-5.569917896126777
1501,sweden,-17.787615277056364
1501,switzerland,-1.484882866592538
1502,iceland,-35.674683602351834
1502,norway,-26.9697984515034
1502,paraguay,-4.995004329127996
1502,sweden,-16.406492933570032
1502,switzerland,-1.626683418141444
1503,iceland,-39.732822321868
1503,norway,-30.58884636549765
1503,paraguay,-5.938471563158088
1503,sweden,-18.65424412517929
1503,switzerland,-2.250869076640785
1504,iceland,-38.94998140988358
1504,norway,-29.277561148714067
1504,paraguay,-9.036453427287888
1504,sweden,-20.29439657935125
1504,switzerland,-7.999652560391936
1505,iceland,-29.359405536625022
1505,norway,-20.91676898513144
1505,paraguay,0.185641644302811
1505,sweden,-8.472559787430571
1505,switzerland,7.337209631085821
1506,iceland,-30.87532519321
1506,norway,-22.298115269619203
1506,paraguay,-2.718058116682188
1506,sweden,-11.187539957314025
1506,switzerland,2.1939810319162896
1507,iceland,-35.23328096196642
1507,norway,-26.471022688325583
1507,paraguay,-3.6308535114359337
1507,sweden,-14.18836928415591
1507,switzerland,2.3718023303533577
1508,iceland,-36.06150688209372
1508,norway,-27.802840233287988
1508,paraguay,-3.76082926949036
1508,sweden,-15.448830461177955
1508,switzerland,1.4183852172297229
1509,iceland,-24.20777307714781
1509,norway,-16.37197547685143
1509,paraguay,3.20233151723332
1509,sweden,-3.284034562002823
1509,switzerland,12.363857482653712
1510,iceland,-28.40573134441824
1510,norway,-19.927392767749712
1510,paraguay,-0.9925313469386576
1510,sweden,-8.107492429622768
1510,switzerland,6.032845738002251
1511,iceland,-41.722385190628216
1511,norway,-31.855405016062686
1511,paraguay,-11.376924919236798
1511,sweden,-24.201298383674875
1511,switzerland,-12.96848266036284
1512,iceland,-27.35654050304201
1512,norway,-19.0455197461644
1512,paraguay,0.9527621271872636
1512,sweden,-6.572112301335421
1512,switzerland,8.714734868584605
1513,iceland,-43.62487347415302
1513,norway,-33.80565192826643
1513,paraguay,-12.818297116565647
1513,sweden,-26.68186947255309
1513,switzerland,-15.15125843003321
1514,iceland,-26.54760399802912
1514,norway,-18.297714995254523
1514,paraguay,1.5422177095705816
1514,sweden,-5.382492983304857
1514,switzerland,10.11227839060152
1515,iceland,-50.50435088987963
1515,norway,-39.917299907046086
1515,paraguay,-16.076258390212217
1515,sweden,-32.7589830467487
1515,switzerland,-20.743173588342465
1516,iceland,-30.77720319361494
1516,norway,-22.200250609906945
1516,paraguay,-2.360878650638101
1516,sweden,-10.896356178402073
1516,switzerland,2.965535356849416
1517,iceland,-35.5085264154236
1517,norway,-26.573608942609013
1517,paraguay,-2.141186675873887
1517,sweden,-12.77317589789608
1517,switzerland,4.720085614641211
1518,iceland,-45.23927170847611
1518,norway,-35.34360690049559
1518,paraguay,-13.28524446244519
1518,sweden,-27.69371591034196
1518,switzerland,-15.708740424989898
1519,iceland,-36.297150443452935
1519,norway,-26.667999328075503
1519,paraguay,-6.303682762545458
1519,sweden,-16.763338455260946
1519,switzerland,-4.104952863823537
1520,iceland,-36.37489869485772
1520,norway,-27.129013855526846
1520,paraguay,-5.3261827592080015
1520,sweden,-16.00818937940758
1520,switzerland,-1.8011054576722998
1521,iceland,-42.01976322506962
1521,norway,-32.36530384513375
1521,paraguay,-11.451000759593532
1521,sweden,-24.068542110706225
1521,switzerland,-11.470003468431818
1522,iceland,-43.97237408685446
1522,norway,-34.54765232214652
1522,paraguay,-12.678789221822354
1522,sweden,-27.258684160396783
1522,switzerland,-15.314258594317426
1523,iceland,-33.197472930602046
1523,norway,-24.53477026935449
1523,paraguay,-1.7177019325121123
1523,sweden,-11.631891580303655
1523,switzerland,4.772459920326891
1524,iceland,-30.48550793158406
1524,norway,-22.14495264649748
1524,paraguay,1.0685178872413572
1524,sweden,-8.420577557980446
1524,switzerland,9.512871123619874
1525,iceland,-44.87774512099652
1525,norway,-34.692366699474746
1525,paraguay,-12.471883316228848
1525,sweden,-26.69494077247832
1525,switzerland,-14.561625590960224
1526,iceland,-37.878290072021606
1526,norway,-28.709389315678145
1526,paraguay,-4.737069127310285
1526,sweden,-16.943044370035878
1526,switzerland,-0.5041867710090648
1527,iceland,-34.44296881286168
1527,norway,-25.645456235770293
1527,paraguay,-5.847486567007385
1527,sweden,-16.530978165317496
1527,switzerland,-3.846772158677141
1528,iceland,-29.24199300775716
1528,norway,-20.38310119520328
1528,paraguay,0.7237342754592269
1528,sweden,-6.763313554398182
1528,switzerland,9.393425196893364
1529,iceland,-33.548291501363934
1529,norway,-24.6689182844733
1529,paraguay,-1.4657516062877718
1529,sweden,-11.46713421373193
1529,switzerland,5.981675047533915
1530,iceland,-47.56661298480891
1530,norway,-37.233371836938005
1530,paraguay,-10.780910174149597
1530,sweden,-25.750695740785822
1530,switzerland,-9.982331538314654
1531,iceland,-50.192141880546174
1531,norway,-40.61844239892265
1531,paraguay,-15.516399929192758
1531,sweden,-32.686058979771055
1531,switzerland,-18.998801702671635
1532,iceland,-42.11249937182747
1532,norway,-32.45404126961214
1532,paraguay,-9.370248359064242
1532,sweden,-22.157879535464694
1532,switzerland,-7.9359217211597235
1533,iceland,-45.402121466473154
1533,norway,-36.02005256125839
1533,paraguay,-14.118002460514097
1533,sweden,-29.02236446017165
1533,switzerland,-17.623453986840428
1534,iceland,-32.17005546779856
1534,norway,-23.634659771190123
1534,paraguay,-0.8733321971434587
1534,sweden,-10.731432694337023
1534,switzerland,6.00946505967461
1535,iceland,-29.45248446750832
1535,norway,-20.74738412069287
1535,paraguay,0.8582231708812653
1535,sweden,-7.297469388631692
1535,switzerland,9.142886454334024
1536,iceland,-35.06216772417345
1536,norway,-26.4877629675857
1536,paraguay,-3.582752251387935
1536,sweden,-14.69591341926966
1536,switzerland,1.358120243300718
1537,iceland,-34.275862219991645
1537,norway,-25.43968645324571
1537,paraguay,-4.997470826830038
1537,sweden,-15.606518217547436
1537,switzerland,-2.0823210510475274
1538,iceland,-35.061658152892385
1538,norway,-26.4942724389193
1538,paraguay,-5.058561903063243
1538,sweden,-15.966500613894477
1538,switzerland,-1.52296138274675
1539,iceland,-30.70058519213621
1539,norway,-21.819611433135965
1539,paraguay,-0.2422785694785675
1539,sweden,-9.083020366624387
1539,switzerland,6.772165821567472
1540,iceland,-44.85894262986909
1540,norway,-35.189526679337405
1540,paraguay,-11.814221916976097
1540,sweden,-26.434063107346176
1540,switzerland,-13.127105636691397
1541,iceland,-30.083546006819734
1541,norway,-21.76163613155445
1541,paraguay,-1.8128845661437625
1541,sweden,-10.74447920978403
1541,switzerland,3.523287995355893
1542,iceland,-37.49334588809602
1542,norway,-28.689501681219408
1542,paraguay,-4.614179908340438
1542,sweden,-16.426979911872838
1542,switzerland,0.0027263812340072
1543,iceland,-21.700979939659707
1543,norway,-14.14003767497947
1543,paraguay,5.157115174231774
1543,sweden,-0.4054642109154425
1543,switzerland,16.350100754149718
1544,iceland,-28.633865613433752
1544,norway,-20.77061181020588
1544,paraguay,-1.038990842398464
1544,sweden,-9.666281791508974
1544,switzerland,4.825710986031205
1545,iceland,-24.3085665085762
1545,norway,-15.542848504219013
1545,paraguay,3.4695109172524434
1545,sweden,-1.699916828432211
1545,switzerland,13.365156933800904
1546,iceland,-48.3178675771023
1546,norway,-38.09105281931622
1546,paraguay,-15.862607594301531
1546,sweden,-31.192752126304686
1546,switzerland,-19.71715192020063
1547,iceland,-38.83615331803643
1547,norway,-29.54099794664146
1547,paraguay,-10.261462084601328
1547,sweden,-22.17943964748826
1547,switzerland,-11.48169018490191
1548,iceland,-39.58758541258113
1548,norway,-30.34360235017902
1548,paraguay,-6.900522553063042
1548,sweden,-19.55343909106359
1548,switzerland,-4.070570142165591
1549,iceland,-42.60648290084818
1549,norway,-33.24531262934073
1549,paraguay,-9.992223315707236
1549,sweden,-23.39760635863855
1549,switzerland,-9.08704243648284
1550,iceland,-28.121710201178256
1550,norway,-19.45189645439852
1550,paraguay,1.886005398886068
1550,sweden,-5.621506510867223
1550,switzerland,11.552746340794169
1551,iceland,-35.550332408874134
1551,norway,-27.1835944973988
1551,paraguay,-5.179154463787557
1551,sweden,-16.72493855995555
1551,switzerland,-2.05581917776678
1552,iceland,-38.82133805275332
1552,norway,-29.853852391899025
1552,paraguay,-8.71299405336109
1552,sweden,-21.034170428882696
1552,switzerland,-8.422468717638358
1553,iceland,-43.81774547080472
1553,norway,-34.3201736356034
1553,paraguay,-12.771051248856676
1553,sweden,-26.957988433825484
1553,switzerland,-15.447588953882208
1554,iceland,-32.08923716225807
1554,norway,-23.458640652291624
1554,paraguay,-3.287774292899666
1554,sweden,-11.909170078571451
1554,switzerland,2.6839445136020545
1555,iceland,-25.85366100452268
1555,norway,-17.21397988908754
1555,paraguay,3.3336462699389333
1555,sweden,-2.9760481248260358
1555,switzerland,13.214053020489128
1556,iceland,-31.180593468126197
1556,norway,-23.100003273658885
1556,paraguay,-2.7428843870479893
1556,sweden,-12.21759179449396
1556,switzerland,2.191435847337848
1557,iceland,-36.81552840339476
1557,norway,-27.501063953665398
1557,paraguay,-5.99783029902349
1557,sweden,-17.122217865641066
1557,switzerland,-3.485148344666225
1558,iceland,-43.5498446769116
1558,norway,-33.50031107077278
1558,paraguay,-10.896916708879896
1558,sweden,-24.673937955232542
1558,switzerland,-11.772498334930743
1559,iceland,-34.75816102463005
1559,norway,-26.28481666042759
1559,paraguay,-2.954320044514826
1559,sweden,-13.687440342655623
1559,switzerland,2.7632605578240903
1560,iceland,-24.134599099313508
1560,norway,-15.497102795328065
1560,paraguay,4.021346932429358
1560,sweden,-1.436049689852937
1560,switzerland,14.157044272816076
1561,iceland,-32.10879947800183
1561,norway,-23.33529795496183
1561,paraguay,-2.2759614755227924
1561,sweden,-11.949831410171416
1561,switzerland,2.8722547769512285
1562,iceland,-42.10073229897015
1562,norway,-32.68425054864933
1562,paraguay,-13.15945410879814
1562,sweden,-26.60638760050438
1562,switzerland,-16.459458643244638
1563,iceland,-36.73237644863604
1563,norway,-27.989238518205752
1563,paraguay,-7.5386428511214705
1563,sweden,-19.278598826001733
1563,switzerland,-6.554143333284261
1564,iceland,-42.17949617217171
1564,norway,-32.631100588954986
1564,paraguay,-12.326823167624251
1564,sweden,-25.439552265225508
1564,switzerland,-14.295088589059135
1565,iceland,-37.85244167930137
1565,norway,-28.03492145860406
1565,paraguay,-5.970695930308585
1565,sweden,-17.270147277562614
1565,switzerland,-3.075871604800623
1566,iceland,-27.764260744098895
1566,norway,-19.74298219754581
1566,paraguay,0.3586974262735432
1566,sweden,-8.016140616645872
1566,switzerland,7.229024067150604
1567,iceland,-40.07986222309109
1567,norway,-31.14414540299364
1567,paraguay,-4.107408115411497
1567,sweden,-17.145663513106072
1567,switzerland,2.0056233246979263
1568,iceland,-42.490792592368
1568,norway,-33.042123160384214
1568,paraguay,-11.546905339614842
1568,sweden,-25.204387224342995
1568,switzerland,-13.27054415816328
1569,iceland,-46.27157414866881
1569,norway,-36.537979297946606
1569,paraguay,-13.805062005318218
1569,sweden,-28.974121824425723
1569,switzerland,-16.895869060462303
1570,iceland,-31.48379150156234
1570,norway,-22.97802602022969
1570,paraguay,-1.526401748513296
1570,sweden,-10.95497053174224
1570,switzerland,5.055254707740208
1571,iceland,-28.42794956605049
1571,norway,-20.14951122689148
1571,paraguay,-0.7978480138106421
1571,sweden,-8.767454466564807
1571,switzerland,5.338313046311152
1572,iceland,-41.57798979265656
1572,norway,-32.29941425868792
1572,paraguay,-10.765483101029144
1572,sweden,-23.926841551160063
1572,switzerland,-10.915746128185583
1573,iceland,-32.08013184604662
1573,norway,-23.04037182944888
1573,paraguay,-0.9244494523178142
1573,sweden,-10.108187550941237
1573,switzerland,5.788451879323049
1574,iceland,-31.10651876319103
1574,norway,-22.666791048162484
1574,paraguay,-0.7104283930421716
1574,sweden,-10.299379112020272
1574,switzerland,5.979880762723712
1575,iceland,-45.99329450636981
1575,norway,-35.566529515399736
1575,paraguay,-12.886890148403657
1575,sweden,-27.451758679471546
1575,switzerland,-15.284012171901262
1576,iceland,-27.29427976303265
1576,norway,-18.59951361722363
1576,paraguay,1.4462148139143736
1576,sweden,-5.559883230519401
1576,switzerland,9.748722849476904
1577,iceland,-49.21187714980165
1577,norway,-38.98233641222483
1577,paraguay,-15.021805938854282
1577,sweden,-31.234687668257536
1577,switzerland,-18.69817017152431
1578,iceland,-43.96780510484663
1578,norway,-34.139423228730365
1578,paraguay,-11.690177483408055
1578,sweden,-25.79202289290077
1578,switzerland,-13.244334158907913
1579,iceland,-28.4474208270779
1579,norway,-20.040550532444247
1579,paraguay,0.9797590556081236
1579,sweden,-7.133569161750224
1579,switzerland,8.939016209509267
1580,iceland,-40.61270376717071
1580,norway,-31.34120693026672
1580,paraguay,-11.193213492054564
1580,sweden,-23.971170523451296
1580,switzerland,-12.503510195763829
1581,iceland,-20.532956728726667
1581,norway,-12.64831452360975
1581,paraguay,6.947702776587547
1581,sweden,2.105460897263697
1581,switzerland,19.107590075611878
1582,iceland,-36.6789315055164
1582,norway,-27.67994388810265
1582,paraguay,-7.228847709964898
1582,sweden,-18.91563650643909
1582,switzerland,-6.182767325364963
1583,iceland,-37.14152870691216
1583,norway,-28.12347955013256
1583,paraguay,-6.343919384004376
1583,sweden,-18.1481886744504
1583,switzerland,-4.133776732870471
1584,iceland,-36.8316421379534
1584,norway,-27.938237674979405
1584,paraguay,-6.424053777397797
1584,sweden,-18.08377421246033
1584,switzerland,-4.203942510972444
1585,iceland,-38.09228903950624
1585,norway,-28.953039803055333
1585,paraguay,-9.821884689530489
1585,sweden,-21.82021275280134
1585,switzerland,-11.027813275479264
1586,iceland,-38.064148161694256
1586,norway,-28.59984557806221
1586,paraguay,-6.84696851127479
1586,sweden,-18.177444038848183
1586,switzerland,-4.518971827437002
1587,iceland,-33.658650170998285
1587,norway,-24.675586261575173
1587,paraguay,-2.7276929957644325
1587,sweden,-12.663234714357262
1587,switzerland,3.160933183177156
1588,iceland,-23.33569209510573
1588,norway,-15.172929323330308
1588,paraguay,4.517549073699855
1588,sweden,-0.905200405628721
1588,switzerland,15.192817986488652
1589,iceland,-33.1699107385312
1589,norway,-24.695583937045733
1589,paraguay,-2.733089173889888
1589,sweden,-13.034049759579055
1589,switzerland,2.451117434732383
1590,iceland,-41.86602356566619
1590,norway,-31.991717774827144
1590,paraguay,-8.687418218972518
1590,sweden,-21.75123561523656
1590,switzerland,-7.550700113054952
1591,iceland,-44.726707932206544
1591,norway,-35.0945371742338
1591,paraguay,-10.927963753727502
1591,sweden,-25.668283731927083
1591,switzerland,-11.472772673450748
1592,iceland,-37.87230032018324
1592,norway,-28.54054408699981
1592,paraguay,-5.110796243701614
1592,sweden,-17.00343233305695
1592,switzerland,-1.2214437396011708
1593,iceland,-45.35026864033023
1593,norway,-35.65504847677624
1593,paraguay,-10.129489996014303
1593,sweden,-25.17564854801537
1593,switzerland,-9.471081521468149
1594,iceland,-44.40507791091299
1594,norway,-34.32186239301137
1594,paraguay,-11.675515789782049
1594,sweden,-25.85602354994408
1594,switzerland,-13.143285517475713
1595,iceland,-35.87840481407908
1595,norway,-26.97135937221522
1595,paraguay,-3.6752489445907
1595,sweden,-15.043898238501797
1595,switzerland,1.1353788663142297
1596,iceland,-37.23681504091208
1596,norway,-28.094671404739884
1596,paraguay,-8.979310792679978
1596,sweden,-20.518479412868697
1596,switzerland,-9.541724742520966
1597,iceland,-40.25238647279876
1597,norway,-30.740040860440324
1597,paraguay,-6.806147768001143
1597,sweden,-19.478733734751952
1597,switzerland,-4.065712847874921
1598,iceland,-36.42087472399155
1598,norway,-27.346305528469863
1598,paraguay,-5.356507469158382
1598,sweden,-16.678003846155722
1598,switzerland,-2.308624888148119
1599,iceland,-41.99786835687794
1599,norway,-32.3019261588308
1599,paraguay,-10.111813139260528
1599,sweden,-23.46381342422628
1599,switzerland,-10.482640046618757
1600,iceland,-33.68715040483805
1600,norway,-25.06036246892135
1600,paraguay,-3.660539117989019
1600,sweden,-14.270279045475997
1600,switzerland,0.6091825293837457
1601,iceland,-36.16458237686624
1601,norway,-27.24355393191336
1601,paraguay,-6.273874320194321
1601,sweden,-17.71275509842441
1601,switzerland,-4.196342501102518
1602,iceland,-50.651755125202136
1602,norway,-40.76204252658852
1602,paraguay,-16.657330079490585
1602,sweden,-33.82583877817481
1602,switzerland,-21.609541134457277
1603,iceland,-39.31433785487391
1603,norway,-29.887598213277
1603,paraguay,-6.38652426221059
1603,sweden,-17.883166207113888
1603,switzerland,-2.057401981497049
1604,iceland,-31.762196644680884
1604,norway,-22.82725477236592
1604,paraguay,-1.4084426932916572
1604,sweden,-10.673753684743664
1604,switzerland,4.997520838231942
1605,iceland,-39.857284626292895
1605,norway,-30.48899221992771
1605,paraguay,-7.798818516476879
1605,sweden,-20.420064554070635
1605,switzerland,-6.183742872804811
1606,iceland,-50.46126326154481
1606,norway,-40.2739003350483
1606,paraguay,-11.495793275644862
1606,sweden,-28.358628309032877
1606,switzerland,-10.647893114425653
1607,iceland,-42.21612736657301
1607,norway,-32.70909721783008
1607,paraguay,-11.64916821378067
1607,sweden,-25.34274184389976
1607,switzerland,-13.75084285006787
1608,iceland,-36.71888487005842
1608,norway,-27.65625236785865
1608,paraguay,-6.573822757152771
1608,sweden,-17.769941608211326
1608,switzerland,-4.598727306115034
1609,iceland,-42.02802813405622
1609,norway,-32.20206440869347
1609,paraguay,-12.08255418187278
1609,sweden,-25.02998215468637
1609,switzerland,-14.2231578186356
1610,iceland,-32.69277395310649
1610,norway,-24.071767979175203
1610,paraguay,-5.0765896033385935
1610,sweden,-14.835780061507606
1610,switzerland,-2.6164650785019687
1611,iceland,-38.990044738225
1611,norway,-29.405593213258623
1611,paraguay,-8.092423062718197
1611,sweden,-20.39865676011402
1611,switzerland,-7.405831702453975
1612,iceland,-39.04224796440635
1612,norway,-29.92873420821369
1612,paraguay,-8.083947550947295
1612,sweden,-20.72622231775133
1612,switzerland,-7.161217938204942
1613,iceland,-41.30071262582718
1613,norway,-32.33598895643196
1613,paraguay,-9.633707589491005
1613,sweden,-21.996164296495163
1613,switzerland,-7.044798193623141
1614,iceland,-38.262006846933545
1614,norway,-29.01303181717145
1614,paraguay,-8.10417423131623
1614,sweden,-20.086861207532547
1614,switzerland,-7.370073591978866
1615,iceland,-50.38346032778264
1615,norway,-40.22603101349634
1615,paraguay,-16.89277229677223
1615,sweden,-33.265284745088074
1615,switzerland,-21.211627179037865
1616,iceland,-34.27849256665761
1616,norway,-25.4761818948721
1616,paraguay,-2.3844292496870363
1616,sweden,-12.984388427424
1616,switzerland,3.6363547742785496
1617,iceland,-34.98481535109542
1617,norway,-25.911799404832504
1617,paraguay,-5.218050272260438
1617,sweden,-15.651150173344424
1617,switzerland,-2.266969409018679
1618,iceland,-34.57856758096503
1618,norway,-25.477149370360863
1618,paraguay,-2.965764017916127
1618,sweden,-12.85187913244
1618,switzerland,2.8111112980821176
1619,iceland,-45.55407231318871
1619,norway,-36.11417888788306
1619,paraguay,-10.28054656794612
1619,sweden,-25.820381556470043
1619,switzerland,-9.910944150135151
1620,iceland,-41.062223086305
1620,norway,-31.404939766155987
1620,paraguay,-9.051017481440232
1620,sweden,-21.459819283484872
1620,switzerland,-7.950224663269015
1621,iceland,-32.09464153610451
1621,norway,-23.328756371402186
1621,paraguay,-1.652307449791423
1621,sweden,-11.137254478953812
1621,switzerland,4.512473709528583
1622,iceland,-40.1087223836542
1622,norway,-30.96029204768286
1622,paraguay,-11.418729817971093
1622,sweden,-24.425022156137494
1622,switzerland,-13.782659986788778
1623,iceland,-39.20920864162413
1623,norway,-29.63529025241848
1623,paraguay,-7.823845943019901
1623,sweden,-19.707457260286454
1623,switzerland,-6.297292531093351
1624,iceland,-39.534626107923465
1624,norway,-30.599685728111247
1624,paraguay,-8.084162505189106
1624,sweden,-21.16933426395259
1624,switzerland,-6.991031907013296
1625,iceland,-33.582212573717655
1625,norway,-24.68627633765767
1625,paraguay,-4.939709430954751
1625,sweden,-14.906986926361624
1625,switzerland,-2.026328645563188
1626,iceland,-37.5537524975375
1626,norway,-28.511611146636728
1626,paraguay,-6.788974719248121
1626,sweden,-18.890121758472773
1626,switzerland,-4.965456386930262
1627,iceland,-29.940882335795067
1627,norway,-21.44925303536965
1627,paraguay,0.0505039868350726
1627,sweden,-9.12611520875024
1627,switzerland,7.025119375132541
1628,iceland,-34.927785946778364
1628,norway,-26.36928119889092
1628,paraguay,-5.335331896812084
1628,sweden,-16.195257139162862
1628,switzerland,-2.2611160780926847
1629,iceland,-44.64117364127454
1629,norway,-34.68024936446999
1629,paraguay,-10.561380051462791
1629,sweden,-23.91750781293187
1629,switzerland,-8.248723398419827
1630,iceland,-35.551065873840585
1630,norway,-26.14682002211149
1630,paraguay,-3.3644641126545403
1630,sweden,-12.878516400091993
1630,switzerland,3.0672382239827725
1631,iceland,-31.40046277865857
1631,norway,-22.534460023566
1631,paraguay,-1.614250061165825
1631,sweden,-10.222932018584872
1631,switzerland,5.348617746835614
1632,iceland,-37.32117940800715
1632,norway,-28.179266233131205
1632,paraguay,-3.913680735348783
1632,sweden,-15.697243596361927
1632,switzerland,1.096247660696434
1633,iceland,-45.86448510104808
1633,norway,-36.13574445295383
1633,paraguay,-12.558974754268489
1633,sweden,-27.65895169264588
1633,switzerland,-13.990765968122268
1634,iceland,-45.57821801838958
1634,norway,-35.80722981811444
1634,paraguay,-12.362170443271989
1634,sweden,-27.317045091204516
1634,switzerland,-14.16106794324421
1635,iceland,-43.12786260848572
1635,norway,-33.573004078090285
1635,paraguay,-13.182715903337328
1635,sweden,-27.16115433129998
1635,switzerland,-16.675603592739524
1636,iceland,-37.01258232281953
1636,norway,-28.49919295301655
1636,paraguay,-5.966513451000541
1636,sweden,-17.87498591057033
1636,switzerland,-3.160460034495271
1637,iceland,-47.83741693623965
1637,norway,-38.19682491847643
1637,paraguay,-13.017377521638844
1637,sweden,-29.239278835626184
1637,switzerland,-14.745540435995558
1638,iceland,-37.47103332834058
1638,norway,-28.06525118649869
1638,paraguay,-6.39376530414219
1638,sweden,-17.507703732564828
1638,switzerland,-3.1815708034772623
1639,iceland,-29.72087919677152
1639,norway,-21.418758870054365
1639,paraguay,-0.2892729061504161
1639,sweden,-8.871312509053354
1639,switzerland,6.715140181474073
1640,iceland,-38.43266925709318
1640,norway,-29.566260223363148
1640,paraguay,-7.1777991126713925
1640,sweden,-19.52078383566464
1640,switzerland,-5.185516647959847
1641,iceland,-40.00833949881329
1641,norway,-30.471541408875808
1641,paraguay,-9.808737380664764
1641,sweden,-22.26073152951565
1641,switzerland,-10.183441466939756
1642,iceland,-42.80293684647523
1642,norway,-33.48173097058567
1642,paraguay,-11.565379472782496
1642,sweden,-25.686932358043265
1642,switzerland,-13.291230387667689
1643,iceland,-33.35994897777022
1643,norway,-24.565608123183047
1643,paraguay,-4.562738038224135
1643,sweden,-14.55964296215521
1643,switzerland,-1.3743584285941086
1644,iceland,-22.870600991723357
1644,norway,-14.749699951955847
1644,paraguay,5.764257142013905
1644,sweden,0.073495220516245
1644,switzerland,17.380710869554903
1645,iceland,-50.93183576654578
1645,norway,-40.08564017877307
1645,paraguay,-16.66760785794757
1645,sweden,-32.08079914455196
1645,switzerland,-19.14946976711644
1646,iceland,-40.6165570586786
1646,norway,-31.178287284174782
1646,paraguay,-6.45670231179853
1646,sweden,-18.97103789879723
1646,switzerland,-2.746948633638375
1647,iceland,-41.44361034915903
1647,norway,-32.20199200927257
1647,paraguay,-10.37760900300098
1647,sweden,-23.83044078220479
1647,switzerland,-11.182514890419553
1648,iceland,-36.07210668090223
1648,norway,-27.265757983450825
1648,paraguay,-2.6188106437229504
1648,sweden,-13.86535665677025
1648,switzerland,3.646536360857217
1649,iceland,-43.61088468934967
1649,norway,-33.944203360646306
1649,paraguay,-11.33754333656024
1649,sweden,-25.273066561150475
1649,switzerland,-12.415959324489188
1650,iceland,-26.44161551925917
1650,norway,-17.953801450513822
1650,paraguay,2.800181893110778
1650,sweden,-4.2601909680864
1650,switzerland,11.84030970907748
1651,iceland,-49.94743250587097
1651,norway,-40.00676618690732
1651,paraguay,-11.840003241869272
1651,sweden,-28.52741242253022
1651,switzerland,-11.361847471228945
1652,iceland,-37.42379718176538
1652,norway,-28.7941278126217
1652,paraguay,-5.522971833152905
1652,sweden,-17.453888614564125
1652,switzerland,-1.9492366897140696
1653,iceland,-21.529350928788983
1653,norway,-14.067625370104585
1653,paraguay,5.202081887206962
1653,sweden,-0.357472858055084
1653,switzerland,15.792898143591636
1654,iceland,-41.00993803026493
1654,norway,-31.4501128750888
1654,paraguay,-8.651864965773662
1654,sweden,-21.317419464637112
1654,switzerland,-7.507211226764675
1655,iceland,-32.58674828791847
1655,norway,-23.62133923105709
1655,paraguay,-2.587719765271866
1655,sweden,-11.417194527060328
1655,switzerland,3.670922612076368
1656,iceland,-32.49391551023874
1656,norway,-23.938715034931324
1656,paraguay,-0.8118351675061503
1656,sweden,-10.508880989144322
1656,switzerland,6.5713806526774245
1657,iceland,-40.49346758360384
1657,norway,-30.871261797090668
1657,paraguay,-7.871333383476635
1657,sweden,-19.795329561042237
1657,switzerland,-5.048143245971365
1658,iceland,-35.738077370935066
1658,norway,-27.16247184426213
1658,paraguay,-3.9825812502662896
1658,sweden,-15.240197544089828
1658,switzerland,0.9180866884286272
1659,iceland,-28.574272024604927
1659,norway,-20.3325191360954
1659,paraguay,0.5061546278706232
1659,sweden,-7.9010339815868225
1659,switzerland,8.295977442072484
1660,iceland,-28.716646579068936
1660,norway,-20.578440231976927
1660,paraguay,1.362067705499516
1660,sweden,-6.468124911480317
1660,switzerland,10.836762623341382
1661,iceland,-33.95549475500036
1661,norway,-25.22500505506258
1661,paraguay,-3.3787168256289264
1661,sweden,-14.097094881514789
1661,switzerland,0.976006670114149
1662,iceland,-43.11815821415247
1662,norway,-33.64888251056043
1662,paraguay,-8.7001327814573
1662,sweden,-22.98529310132475
1662,switzerland,-7.274138515529426
1663,iceland,-36.87223033341241
1663,norway,-27.75977245287934
1663,paraguay,-6.078637267225558
1663,sweden,-17.663676769014142
1663,switzerland,-3.644464431187102
1664,iceland,-37.32487983950258
1664,norway,-27.73691602835789
1664,paraguay,-7.587756443195743
1664,sweden,-18.712346098398783
1664,switzerland,-6.483209803311254
1665,iceland,-38.96170392812541
1665,norway,-29.37532701428068
1665,paraguay,-6.541985921594159
1665,sweden,-18.28583869421443
1665,switzerland,-3.7542155561120873
1666,iceland,-41.37419737451546
1666,norway,-31.71153582518874
1666,paraguay,-9.677784228858156
1666,sweden,-22.95002903775836
1666,switzerland,-10.015724512464882
1667,iceland,-38.79204232832283
1667,norway,-29.4825440680812
1667,paraguay,-8.544482926895068
1667,sweden,-20.641839550210467
1667,switzerland,-8.06204100775033
1668,iceland,-37.24331855623812
1668,norway,-28.420689338128337
1668,paraguay,-5.472591341601341
1668,sweden,-17.293113720335977
1668,switzerland,-1.9869302801896531
1669,iceland,-43.21739482529693
1669,norway,-33.882441909879404
1669,paraguay,-11.979148549399577
1669,sweden,-26.26501005675692
1669,switzerland,-14.08522518036108
1670,iceland,-28.82142836921062
1670,norway,-20.584230799457472
1670,paraguay,-1.6206970141665715
1670,sweden,-9.990095745578348
1670,switzerland,3.654526136280524
1671,iceland,-27.494680586504817
1671,norway,-19.025189172372112
1671,paraguay,1.1843699492991302
1671,sweden,-5.849601958411816
1671,switzerland,9.432424699004276
1672,iceland,-25.405022245832207
1672,norway,-17.62580116200629
1672,paraguay,3.0491607593098573
1672,sweden,-4.063158171336873
1672,switzerland,12.42232434607956
1673,iceland,-35.405346236337785
1673,norway,-26.69003393124571
1673,paraguay,-6.019814433765607
1673,sweden,-17.266047909873183
1673,switzerland,-3.887925224829957
1674,iceland,-34.38502750155687
1674,norway,-25.930868856051998
1674,paraguay,-5.889312364520012
1674,sweden,-16.740053167979035
1674,switzerland,-3.7483353858086903
1675,iceland,-44.683763535796245
1675,norway,-35.56822314999486
1675,paraguay,-8.752510983501871
1675,sweden,-23.49068518375284
1675,switzerland,-6.187723559211106
1676,iceland,-22.997975215077517
1676,norway,-15.152751486629342
1676,paraguay,4.061732627871968
1676,sweden,-1.7729433974920696
1676,switzerland,13.93505460264223
1677,iceland,-36.441789520397
1677,norway,-27.211391548714342
1677,paraguay,-5.162016914242503
1677,sweden,-16.370966327329157
1677,switzerland,-1.914301286685398
1678,iceland,-37.89430544845701
1678,norway,-28.8194790767466
1678,paraguay,-8.065820566932613
1678,sweden,-20.171972202187167
1678,switzerland,-7.596003308742191
1679,iceland,-31.1592765337894
1679,norway,-21.95416883942853
1679,paraguay,-1.341804710690332
1679,sweden,-8.77549095823708
1679,switzerland,6.524223643294305
1680,iceland,-34.29858555817407
1680,norway,-25.401988627767427
1680,paraguay,-1.708831055532957
1680,sweden,-12.005557846379494
1680,switzerland,4.906321882397627
1681,iceland,-45.178682992521466
1681,norway,-35.41433194438587
1681,paraguay,-11.876960076347004
1681,sweden,-26.556869848231383
1681,switzerland,-12.526747636011752
1682,iceland,-44.66966679374556
1682,norway,-34.77666374796899
1682,paraguay,-13.053809623580788
1682,sweden,-27.271712734481888
1682,switzerland,-15.318390730818557
1683,iceland,-47.289573795885744
1683,norway,-37.36038973723132
1683,paraguay,-11.327022142446516
1683,sweden,-27.295863661770525
1683,switzerland,-11.657196165075131
1684,iceland,-28.103724674330337
1684,norway,-20.48827602403089
1684,paraguay,2.645243060742191
1684,sweden,-6.414986751071126
1684,switzerland,12.079302558994796
1685,iceland,-32.03214676053457
1685,norway,-22.842370767663617
1685,paraguay,-1.620832868221966
1685,sweden,-10.442619651833793
1685,switzerland,4.605193408053475
1686,iceland,-40.23286828339268
1686,norway,-31.24232598703581
1686,paraguay,-11.570553745820094
1686,sweden,-24.482999205441875
1686,switzerland,-13.572513632066888
1687,iceland,-41.32664580604954
1687,norway,-31.739668999061436
1687,paraguay,-9.34950617145078
1687,sweden,-22.491672613907703
1687,switzerland,-9.197983758391292
1688,iceland,-32.09971313332501
1688,norway,-23.127370932480844
1688,paraguay,-1.2795916939579348
1688,sweden,-11.029416709839149
1688,switzerland,4.728618513353333
1689,iceland,-36.67415085446521
1689,norway,-26.939748690535065
1689,paraguay,-3.769771938308132
1689,sweden,-14.74325374297466
1689,switzerland,1.087738380594098
1690,iceland,-33.29628995920135
1690,norway,-24.150471582006247
1690,paraguay,-1.8884485515042848
1690,sweden,-12.040430595838076
1690,switzerland,3.853470146604311
1691,iceland,-35.31576013211373
1691,norway,-25.857351514161103
1691,paraguay,-3.9306131935077886
1691,sweden,-13.752221823370215
1691,switzerland,1.4579564779090903
1692,iceland,-41.34063211332427
1692,norway,-31.30101104256209
1692,paraguay,-9.763675942462116
1692,sweden,-22.53678551667789
1692,switzerland,-10.257437746363657
1693,iceland,-38.347462428356174
1693,norway,-28.65353267741776
1693,paraguay,-7.37604205288636
1693,sweden,-17.77372810306709
1693,switzerland,-3.297145642914604
1694,iceland,-35.69995885778437
1694,norway,-26.968076015375296
1694,paraguay,-7.646985757410201
1694,sweden,-18.61237119923573
1694,switzerland,-6.548711839994836
1695,iceland,-37.85808343446328
1695,norway,-28.90039207337648
1695,paraguay,-9.76217517300542
1695,sweden,-21.808053831125825
1695,switzerland,-10.959289156208628
1696,iceland,-49.08548033375087
1696,norway,-39.78708966916944
1696,paraguay,-13.96011567967767
1696,sweden,-30.966675516305926
1696,switzerland,-16.16487614434684
1697,iceland,-36.69329227230507
1697,norway,-27.358211741519987
1697,paraguay,-6.212058182621677
1697,sweden,-17.33910572585952
1697,switzerland,-3.700226042367333
1698,iceland,-35.94251233387064
1698,norway,-27.224816297273637
1698,paraguay,-7.2316380888202145
1698,sweden,-18.565581445953416
1698,switzerland,-6.189045504112191
1699,iceland,-36.15651732464528
1699,norway,-27.61647806173569
1699,paraguay,-6.78013491752067
1699,sweden,-18.11799419119308
1699,switzerland,-4.55268663463735
1700,iceland,-42.13051869405911
1700,norway,-33.00301361451849
1700,paraguay,-11.127450719595515
1700,sweden,-25.26067371189106
1700,switzerland,-12.685464300597312
1701,iceland,-32.035396719661954
1701,norway,-23.293088188211744
1701,paraguay,-2.270043016647931
1701,sweden,-10.970064254753844
1701,switzerland,4.614520986846671
1702,iceland,-32.43233406763266
1702,norway,-23.19279577491464
1702,paraguay,-0.1043371663692552
1702,sweden,-9.543014231576874
1702,switzerland,7.603295025528998
1703,iceland,-43.71224871915191
1703,norway,-34.39931795184866
1703,paraguay,-13.520967700564
1703,sweden,-28.00064713657896
1703,switzerland,-17.154161989937474
1704,iceland,-36.030059548643095
1704,norway,-27.511907563784305
1704,paraguay,-5.7308553163372
1704,sweden,-16.724561213101737
1704,switzerland,-1.7732803826107877
1705,iceland,-30.492589043249843
1705,norway,-22.18890558941163
1705,paraguay,-3.21977297639526
1705,sweden,-12.231440584441232
1705,switzerland,0.6784851376516641
1706,iceland,-37.23161077709287
1706,norway,-28.180711371249277
1706,paraguay,-5.592623458585948
1706,sweden,-17.131521654135447
1706,switzerland,-1.9403756222718045
1707,iceland,-32.214998370423906
1707,norway,-23.40684413954873
1707,paraguay,-2.9235776888035483
1707,sweden,-12.376737468275309
1707,switzerland,1.8702451009386032
1708,iceland,-47.54973985678926
1708,norway,-37.432968039033454
1708,paraguay,-14.542817707273269
1708,sweden,-30.067370531965985
1708,switzerland,-18.151236582834045
1709,iceland,-29.1223900577461
1709,norway,-20.065617834590757
1709,paraguay,2.3294357032694983
1709,sweden,-5.35227708604526
1709,switzerland,11.999335058051557
1710,iceland,-36.56448913207983
1710,norway,-27.278948075624356
1710,paraguay,-5.153220729091201
1710,sweden,-16.27611583203067
1710,switzerland,-1.5041541549911612
1711,iceland,-35.918311231397865
1711,norway,-27.018242405340875
1711,paraguay,-6.959686609377323
1711,sweden,-18.05653101365054
1711,switzerland,-5.103947129561622
1712,iceland,-29.099118924084443
1712,norway,-20.39196777940132
1712,paraguay,0.6474199320453305
1712,sweden,-7.507584037969803
1712,switzerland,8.354530854810044
1713,iceland,-48.444420196873146
1713,norway,-38.49519980273625
1713,paraguay,-14.911258702867842
1713,sweden,-29.91306222813872
1713,switzerland,-16.159318805884162
1714,iceland,-32.21098102006868
1714,norway,-23.78719098876163
1714,paraguay,-2.341085489445053
1714,sweden,-11.886781686770158
1714,switzerland,3.2898722730561105
1715,iceland,-43.24025322460535
1715,norway,-33.51570174665065
1715,paraguay,-10.45512312268904
1715,sweden,-24.36724233788711
1715,switzerland,-10.951236776034388
1716,iceland,-35.81006116311295
1716,norway,-26.521775516064505
1716,paraguay,-6.239701868253936
1716,sweden,-16.81486798530703
1716,switzerland,-3.843944280402007
1717,iceland,-29.77034851236509
1717,norway,-21.44281839342492
1717,paraguay,0.3902720075851993
1717,sweden,-8.881325105010657
1717,switzerland,7.760032829234533
1718,iceland,-36.282236861959575
1718,norway,-27.21221037879361
1718,paraguay,-8.080038976832954
1718,sweden,-19.073157570296264
1718,switzerland,-7.626345574038036
1719,iceland,-47.76081723354951
1719,norway,-37.70273816878355
1719,paraguay,-14.642924827356236
1719,sweden,-30.671289144131958
1719,switzerland,-18.59332715544832
1720,iceland,-22.254922254793456
1720,norway,-14.125716045581113
1720,paraguay,4.107627978990262
1720,sweden,-0.5433149595341328
1720,switzerland,14.459561858518889
1721,iceland,-40.89395733906197
1721,norway,-31.35648106137857
1721,paraguay,-10.01733901561178
1721,sweden,-23.152289127992024
1721,switzerland,-10.7701398474738
1722,iceland,-37.198102143841766
1722,norway,-28.058907318856804
1722,paraguay,-4.578572880440579
1722,sweden,-15.863508959992892
1722,switzerland,0.0676473780537191
1723,iceland,-35.00012170304152
1723,norway,-26.159007216503543
1723,paraguay,-2.9776688435964886
1723,sweden,-13.622479218011629
1723,switzerland,2.7052712299921446
1724,iceland,-36.93142013998124
1724,norway,-27.86978479717192
1724,paraguay,-7.449189123692093
1724,sweden,-18.88139186696976
1724,switzerland,-6.275747458001996
1725,iceland,-40.864314404262544
1725,norway,-31.071290758602256
1725,paraguay,-9.663169416210534
1725,sweden,-22.18718931673541
1725,switzerland,-9.370970766567702
1726,iceland,-25.05582214130057
1726,norway,-16.411948984655556
1726,paraguay,4.765626741912941
1726,sweden,-1.8523240781028163
1726,switzerland,15.36286611846447
1727,iceland,-30.77193486164987
1727,norway,-21.673508853928627
1727,paraguay,1.5964933028616175
1727,sweden,-6.8776211440826645
1727,switzerland,10.934169467098297
1728,iceland,-39.57940103801236
1728,norway,-29.88769841147986
1728,paraguay,-8.113378255218093
1728,sweden,-20.26805462626797
1728,switzerland,-7.070820557583385
1729,iceland,-38.42228816780316
1729,norway,-29.30330883910765
1729,paraguay,-8.92911014625047
1729,sweden,-20.891532723165845
1729,switzerland,-8.952537416571095
1730,iceland,-42.89553695347285
1730,norway,-33.88730145649982
1730,paraguay,-9.87025803576898
1730,sweden,-24.217997295112788
1730,switzerland,-9.540075966365285
1731,iceland,-44.58226296297691
1731,norway,-34.97157843987281
1731,paraguay,-13.251301556196118
1731,sweden,-27.93533355366108
1731,switzerland,-16.351898813840226
1732,iceland,-26.113156839471397
1732,norway,-18.48147655646754
1732,paraguay,1.9888559812087547
1732,sweden,-5.736668835535091
1732,switzerland,10.30780522074452
1733,iceland,-35.285758057965175
1733,norway,-26.51526027754823
1733,paraguay,-4.1363874264674445
1733,sweden,-15.348243646849353
1733,switzerland,0.1015439712862039
1734,iceland,-31.946624664781535
1734,norway,-23.21575366218164
1734,paraguay,-2.5047370368016777
1734,sweden,-12.149784240639828
1734,switzerland,2.5399041383316106
1735,iceland,-30.701773830024003
1735,norway,-22.439819175201343
1735,paraguay,-0.2896248812604221
1735,sweden,-9.097701652799302
1735,switzerland,7.38476104418774
1736,iceland,-34.90349403793156
1736,norway,-26.421617238616506
1736,paraguay,-5.024653344463688
1736,sweden,-16.078328723376565
1736,switzerland,-1.6087101129562789
1737,iceland,-39.07003247614538
1737,norway,-29.929801586081293
1737,paraguay,-7.386793270800789
1737,sweden,-19.22847553007246
1737,switzerland,-4.24497141724966
1738,iceland,-37.71718406638392
1738,norway,-28.412590037824646
1738,paraguay,-4.73805417245804
1738,sweden,-15.966937312250597
1738,switzerland,-0.0013218837249276
1739,iceland,-33.27574429146727
1739,norway,-24.571613279518672
1739,paraguay,-2.097274146805532
1739,sweden,-11.829005133457038
1739,switzerland,4.825025986978851
1740,iceland,-51.501887400324776
1740,norway,-40.89797217603982
1740,paraguay,-16.936726752078002
1740,sweden,-33.74675881162288
1740,switzerland,-21.26842776809754
1741,iceland,-27.82679324074764
1741,norway,-19.473273350332057
1741,paraguay,1.3670725559362864
1741,sweden,-6.227654773887092
1741,switzerland,9.481730590000373
1742,iceland,-40.92785352129704
1742,norway,-31.64241208256289
1742,paraguay,-11.034865557724396
1742,sweden,-24.266532518150463
1742,switzerland,-12.72992287182372
1743,iceland,-25.220395835308945
1743,norway,-17.2864301914975
1743,paraguay,1.7342821094691985
1743,sweden,-5.264456916955015
1743,switzerland,9.673484304703129
1744,iceland,-36.689050991088855
1744,norway,-27.156323936054537
1744,paraguay,-6.138011217320444
1744,sweden,-17.067725181549825
1744,switzerland,-3.5805677698736544
1745,iceland,-33.91997475236357
1745,norway,-25.446982008267987
1745,paraguay,-3.7750591654049663
1745,sweden,-14.487766338252412
1745,switzerland,0.4066988379373545
1746,iceland,-45.6273293545524
1746,norway,-35.736235914703656
1746,paraguay,-12.966327653856684
1746,sweden,-27.581988802114832
1746,switzerland,-15.11017285003173
1747,iceland,-36.63539264944895
1747,norway,-27.767653217597427
1747,paraguay,-5.636479028558016
1747,sweden,-17.163492374957794
1747,switzerland,-2.617863315761443
1748,iceland,-28.77784958212011
1748,norway,-20.881783144918256
1748,paraguay,0.8391169187793541
1748,sweden,-7.798762646654034
1748,switzerland,8.79085972965492
1749,iceland,-46.55056124390418
1749,norway,-36.68981951644344
1749,paraguay,-13.84907238409044
1749,sweden,-29.14312628538169
1749,switzerland,-16.96491472241535
1750,iceland,-41.03368887804348
1750,norway,-31.593152954239457
1750,paraguay,-12.226650557790604
1750,sweden,-25.124775887306097
1750,switzerland,-15.039622081479951
1751,iceland,-34.023929708686474
1751,norway,-24.85490464046691
1751,paraguay,-3.952029273295684
1751,sweden,-13.604122516900992
1751,switzerland,0.6477154296280205
1752,iceland,-42.04854284829744
1752,norway,-32.43209406403072
1752,paraguay,-10.821691764017704
1752,sweden,-24.17351152196421
1752,switzerland,-11.995515548481738
1753,iceland,-48.03510546850576
1753,norway,-38.17574669483714
1753,paraguay,-14.455316875722572
1753,sweden,-30.525216906863516
1753,switzerland,-17.83151233156801
1754,iceland,-49.44029713518634
1754,norway,-39.16716404705285
1754,paraguay,-12.889164876955078
1754,sweden,-29.098350495063865
1754,switzerland,-13.8724943848399
1755,iceland,-29.3743887501221
1755,norway,-21.028737622023016
1755,paraguay,0.2899757461617458
1755,sweden,-7.131867882425295
1755,switzerland,9.85282637058507
1756,iceland,-45.9637809893125
1756,norway,-35.6901440192967
1756,paraguay,-14.084383227354303
1756,sweden,-27.621179066879023
1756,switzerland,-15.389361480439456
1757,iceland,-44.83943364637797
1757,norway,-35.051222270868465
1757,paraguay,-12.286199961629553
1757,sweden,-26.85015979403579
1757,switzerland,-14.126720977846189
1758,iceland,-45.72893791029631
1758,norway,-36.081427727938426
1758,paraguay,-12.10913315503998
1758,sweden,-26.94581344093754
1758,switzerland,-13.262874412016378
1759,iceland,-41.98072730217756
1759,norway,-32.08661798595647
1759,paraguay,-10.584788946752612
1759,sweden,-23.95094895295284
1759,switzerland,-11.682701708552536
1760,iceland,-40.49315181533683
1760,norway,-31.031072663032116
1760,paraguay,-11.189036100597658
1760,sweden,-24.016111956533315
1760,switzerland,-13.117361309737417
1761,iceland,-34.57329215291171
1761,norway,-24.98570903714773
1761,paraguay,-3.773240159472984
1761,sweden,-13.035802383508823
1761,switzerland,1.5340756772045518
1762,iceland,-36.74459759163745
1762,norway,-27.747590135720728
1762,paraguay,-3.543353031346786
1762,sweden,-14.55356458503617
1762,switzerland,2.0842209916633183
1763,iceland,-30.61117014932981
1763,norway,-21.84229754899789
1763,paraguay,-0.9306561969207088
1763,sweden,-8.725398256413662
1763,switzerland,6.5886136144619485
1764,iceland,-42.67964366079646
1764,norway,-33.26741021651006
1764,paraguay,-12.947219895126633
1764,sweden,-26.884700383230832
1764,switzerland,-16.251653794153057
1765,iceland,-29.09884029794956
1765,norway,-21.151536674250814
1765,paraguay,0.4210525979141187
1765,sweden,-7.9622602391711
1765,switzerland,8.178883204955902
1766,iceland,-42.20981931787714
1766,norway,-32.74971737540945
1766,paraguay,-10.889118469215587
1766,sweden,-24.42755901161448
1766,switzerland,-11.953961890932067
1767,iceland,-43.0762767832427
1767,norway,-33.43807629895919
1767,paraguay,-9.49372777910639
1767,sweden,-23.48177217190284
1767,switzerland,-8.552380684558118
1768,iceland,-44.661165773444
1768,norway,-34.52650925856443
1768,paraguay,-12.40601950891454
1768,sweden,-26.87073588839205
1768,switzerland,-14.793452518122068
1769,iceland,-25.48351297982782
1769,norway,-17.696172442370965
1769,paraguay,1.777641233185902
1769,sweden,-5.116018863090816
1769,switzerland,10.089981503677134
1770,iceland,-42.66544395960714
1770,norway,-33.59566395215103
1770,paraguay,-11.924128355027197
1770,sweden,-26.011898672263897
1770,switzerland,-13.99089734542753
1771,iceland,-37.489575932706735
1771,norway,-28.733376561126143
1771,paraguay,-4.849327011427152
1771,sweden,-16.791322916158308
1771,switzerland,0.0950633236923743
1772,iceland,-37.74823410158921
1772,norway,-29.13002874059429
1772,paraguay,-3.94919604763624
1772,sweden,-15.986968105994894
1772,switzerland,1.9729008868853677
1773,iceland,-24.74321443049449
1773,norway,-16.76946826783498
1773,paraguay,2.844100282175387
1773,sweden,-3.650860250890165
1773,switzerland,11.965132765239945
1774,iceland,-31.82430066138318
1774,norway,-23.10331370988859
1774,paraguay,-1.8276464939754025
1774,sweden,-11.008105658996168
1774,switzerland,3.949285965841964
1775,iceland,-27.1566479028036
1775,norway,-18.15158315103637
1775,paraguay,1.7839605158273697
1775,sweden,-4.712809841878176
1775,switzerland,10.574253471978786
1776,iceland,-30.77317716140089
1776,norway,-22.398103532369227
1776,paraguay,-1.7040061802523023
1776,sweden,-11.362243629187736
1776,switzerland,3.6888241067346206
1777,iceland,-31.064912724387444
1777,norway,-22.524839889922596
1777,paraguay,-2.9061445644592507
1777,sweden,-11.827473445727351
1777,switzerland,1.7283535644134629
1778,iceland,-39.43186122320273
1778,norway,-29.95896481036423
1778,paraguay,-8.024948959083423
1778,sweden,-20.045149399431583
1778,switzerland,-6.486350159757134
1779,iceland,-32.534660503461055
1779,norway,-23.69214712871481
1779,paraguay,-4.016319872231961
1779,sweden,-13.54651191078333
1779,switzerland,-0.1866470311839
1780,iceland,-36.803361021431584
1780,norway,-28.045223660022184
1780,paraguay,-3.9118179110163114
1780,sweden,-16.0593006061688
1780,switzerland,0.7805243834903628
1781,iceland,-31.51045781072353
1781,norway,-23.007002865794465
1781,paraguay,-1.3699619993105778
1781,sweden,-10.50153783537947
1781,switzerland,5.881596109109864
1782,iceland,-43.54415691148904
1782,norway,-33.52727784017472
1782,paraguay,-8.581023154947358
1782,sweden,-21.594529198294364
1782,switzerland,-5.43163674382566
1783,iceland,-51.95286223975542
1783,norway,-41.443298731367456
1783,paraguay,-17.329407264308536
1783,sweden,-34.93132720060051
1783,switzerland,-22.93771897529558
1784,iceland,-48.60735652598824
1784,norway,-39.0577206337695
1784,paraguay,-11.731474177019589
1784,sweden,-28.487220265570404
1784,switzerland,-11.77184504422024
1785,iceland,-47.14639565171996
1785,norway,-37.55851936754107
1785,paraguay,-13.511696479927467
1785,sweden,-29.047303644652068
1785,switzerland,-15.22619279640158
1786,iceland,-26.417138757293145
1786,norway,-18.756827288902706
1786,paraguay,0.871742233716588
1786,sweden,-6.888715169799906
1786,switzerland,8.52459551206485
1787,iceland,-24.79535385764195
1787,norway,-16.438599549335745
1787,paraguay,4.618099045231844
1787,sweden,-1.4552010077435764
1787,switzerland,15.824930458526158
1788,iceland,-32.718047244808766
1788,norway,-24.10725283413459
1788,paraguay,-0.663720953585721
1788,sweden,-10.790735027561258
1788,switzerland,6.39077708435392
1789,iceland,-53.48055428961185
1789,norway,-43.17547198103983
1789,paraguay,-18.162698603541426
1789,sweden,-36.30955380512882
1789,switzerland,-23.872666628711677
1790,iceland,-32.22943860713839
1790,norway,-23.25461094289213
1790,paraguay,-1.9064679519956549
1790,sweden,-11.06147058471764
1790,switzerland,3.913088791741127
1791,iceland,-35.95420240742221
1791,norway,-27.19086292880647
1791,paraguay,-5.3794944193551935
1791,sweden,-16.787027840437524
1791,switzerland,-2.2812829874162124
1792,iceland,-35.624082684506746
1792,norway,-26.52399598090372
1792,paraguay,-3.709112225784904
1792,sweden,-14.194043842935526
1792,switzerland,1.5469198516618383
1793,iceland,-41.04641792573883
1793,norway,-31.927954164041623
1793,paraguay,-8.083956124246493
1793,sweden,-21.27050768514517
1793,switzerland,-6.248254697126886
1794,iceland,-38.12824696302887
1794,norway,-28.727926169467576
1794,paraguay,-6.802639613583219
1794,sweden,-18.26210865357601
1794,switzerland,-4.496450201059384
1795,iceland,-36.4592661956182
1795,norway,-27.68690682982765
1795,paraguay,-4.236976357415408
1795,sweden,-15.778620690387264
1795,switzerland,0.3128802202280661
1796,iceland,-38.76306032063905
1796,norway,-29.963674067231175
1796,paraguay,-9.99986506740745
1796,sweden,-22.6787360575108
1796,switzerland,-11.162286940479635
1797,iceland,-44.4530961117901
1797,norway,-35.0632090641293
1797,paraguay,-10.906545663730892
1797,sweden,-25.59288370653494
1797,switzerland,-11.258737174851731
1798,iceland,-38.34200863667498
1798,norway,-29.099443476022955
1798,paraguay,-8.469797819637476
1798,sweden,-20.45331050083868
1798,switzerland,-7.774331394365984
1799,iceland,-33.989632109049026
1799,norway,-24.701150862091797
1799,paraguay,-1.746019489933759
1799,sweden,-10.845594616620248
1799,switzerland,6.066568778479492
1800,iceland,-47.38317009984
1800,norway,-37.83635967143188
1800,paraguay,-14.3230934549955
1800,sweden,-30.303565156284943
1800,switzerland,-17.70533328966009
1801,iceland,-26.930247358677622
1801,norway,-18.463397830386054
1801,paraguay,0.9024092231682715
1801,sweden,-6.260093628192429
1801,switzerland,8.616578637488159
1802,iceland,-37.66577293929532
1802,norway,-28.81220611080093
1802,paraguay,-6.729806810677813
1802,sweden,-18.49799138173349
1802,switzerland,-4.3811378751412615
1803,iceland,-37.64063026820391
1803,norway,-28.746923377358907
1803,paraguay,-4.35339210035773
1803,sweden,-16.016505396837385
1803,switzerland,0.8656784859846638
1804,iceland,-31.71381710944804
1804,norway,-22.883510617123864
1804,paraguay,-3.4711378584665447
1804,sweden,-12.46196076374417
1804,switzerland,0.7127862945088433
1805,iceland,-56.42541760835755
1805,norway,-46.08251206262018
1805,paraguay,-18.703237849139583
1805,sweden,-38.16364956378844
1805,switzerland,-23.983284549728243
1806,iceland,-41.69787566013569
1806,norway,-32.488544335777284
1806,paraguay,-10.078822967252478
1806,sweden,-23.659819857325477
1806,switzerland,-10.452192670172604
1807,iceland,-39.44496229245151
1807,norway,-29.989423740322707
1807,paraguay,-8.825573040350948
1807,sweden,-21.0322479255049
1807,switzerland,-8.124950599782208
1808,iceland,-40.77222201928437
1808,norway,-31.35976675162484
1808,paraguay,-9.869203527068729
1808,sweden,-22.693090180604905
1808,switzerland,-10.216051669977784
1809,iceland,-38.7701410110304
1809,norway,-29.5405454574921
1809,paraguay,-9.469158382572097
1809,sweden,-21.775673164808744
1809,switzerland,-10.160081275327409
1810,iceland,-25.973738487823397
1810,norway,-17.755478664429713
1810,paraguay,3.208775298208705
1810,sweden,-3.8901687469778414
1810,switzerland,12.88323224912853
1811,iceland,-26.16453684179364
1811,norway,-17.8533154305081
1811,paraguay,1.268592486022904
1811,sweden,-5.110146973433101
1811,switzerland,9.528020384634166
1812,iceland,-34.3947360817023
1812,norway,-25.32277136753517
1812,paraguay,-4.124429882141545
1812,sweden,-13.38676459419698
1812,switzerland,1.5958276932643358
1813,iceland,-43.23385621590093
1813,norway,-33.51101042259928
1813,paraguay,-10.159092462869438
1813,sweden,-24.47495032898809
1813,switzerland,-10.563260950512957
1814,iceland,-39.26389310149403
1814,norway,-30.27644091895811
1814,paraguay,-8.830727505093934
1814,sweden,-21.28157904953982
1814,switzerland,-8.378573110689134
1815,iceland,-45.34394268783145
1815,norway,-35.14095987669621
1815,paraguay,-11.345575692723742
1815,sweden,-25.535219721807486
1815,switzerland,-11.328180269947389
1816,iceland,-33.662765764651
1816,norway,-25.142287604237485
1816,paraguay,-4.755142503335296
1816,sweden,-15.111050164373747
1816,switzerland,-1.3373672855819287
1817,iceland,-27.253266186512644
1817,norway,-18.846765414114174
1817,paraguay,1.534067223074335
1817,sweden,-5.772175215989756
1817,switzerland,9.834986796936656
1818,iceland,-50.64262314559339
1818,norway,-40.29138955832762
1818,paraguay,-16.10145421128201
1818,sweden,-33.165719166639846
1818,switzerland,-20.68940460959013
1819,iceland,-49.01706387098875
1819,norway,-39.302037272523584
1819,paraguay,-13.263122413987434
1819,sweden,-28.759730000734248
1819,switzerland,-12.706243712925888
1820,iceland,-30.990512943809552
1820,norway,-22.46996256865444
1820,paraguay,0.8305338825808308
1820,sweden,-8.171354950570704
1820,switzerland,9.43949101958853
1821,iceland,-36.03712949319775
1821,norway,-27.04009616064293
1821,paraguay,-2.5876529251177
1821,sweden,-13.346583654150034
1821,switzerland,3.933526423996279
1822,iceland,-24.774552347955463
1822,norway,-16.75069121915605
1822,paraguay,2.840316792308938
1822,sweden,-3.7546773316512416
1822,switzerland,11.668827344085932
1823,iceland,-26.71173915129566
1823,norway,-18.42611254575152
1823,paraguay,1.1124419981936131
1823,sweden,-5.937170231570189
1823,switzerland,8.714069073495564
1824,iceland,-36.18147487885794
1824,norway,-26.97598412259445
1824,paraguay,-7.0419287284578544
1824,sweden,-17.787638446523733
1824,switzerland,-5.215543695186577
1825,iceland,-33.35026749541012
1825,norway,-24.468839164703333
1825,paraguay,-2.064005854143735
1825,sweden,-11.992485366760905
1825,switzerland,3.860699309827194
1826,iceland,-40.1484728870752
1826,norway,-31.18060269097911
1826,paraguay,-11.153656144992338
1826,sweden,-24.50088932414064
1826,switzerland,-13.442231683909144
1827,iceland,-40.98583275363737
1827,norway,-31.699495862886664
1827,paraguay,-11.180041223081256
1827,sweden,-24.513975907013155
1827,switzerland,-13.160396344442454
1828,iceland,-28.022275901860617
1828,norway,-19.434273935535607
1828,paraguay,-0.0782424432593249
1828,sweden,-7.547267988138624
1828,switzerland,6.558461350301204
1829,iceland,-29.46134023978336
1829,norway,-21.16874639353516
1829,paraguay,1.1620643834328876
1829,sweden,-7.672203670761134
1829,switzerland,9.456840030873758
1830,iceland,-36.44394981513622
1830,norway,-27.67645645811687
1830,paraguay,-4.338546918169153
1830,sweden,-15.8046542532
1830,switzerland,0.1747825045671007
1831,iceland,-28.058393054977564
1831,norway,-19.408976753638157
1831,paraguay,1.0340729072426256
1831,sweden,-6.458496054578692
1831,switzerland,9.255600378988866
1832,iceland,-39.93338894865799
1832,norway,-29.94628456238924
1832,paraguay,-7.790159326681229
1832,sweden,-18.989138678967
1832,switzerland,-4.741427963040287
1833,iceland,-39.32717611519951
1833,norway,-30.113983825887463
1833,paraguay,-9.582243538421189
1833,sweden,-22.116268304976963
1833,switzerland,-10.147313238710678
1834,iceland,-38.20225215972482
1834,norway,-28.678101607235178
1834,paraguay,-4.362551034447827
1834,sweden,-15.639801601680825
1834,switzerland,1.126703417052371
1835,iceland,-36.8039059451729
1835,norway,-27.245912900273023
1835,paraguay,-6.8497175563292085
1835,sweden,-17.376056452025647
1835,switzerland,-4.607711539208322
1836,iceland,-52.70368674222096
1836,norway,-42.65190423670802
1836,paraguay,-17.614221996912487
1836,sweden,-35.74588086718568
1836,switzerland,-23.05580797473809
1837,iceland,-30.993766381207653
1837,norway,-22.344849712169317
1837,paraguay,-1.1445705715458103
1837,sweden,-10.402214176437912
1837,switzerland,4.96495902460683
1838,iceland,-39.46744349469588
1838,norway,-30.00633001747575
1838,paraguay,-10.174481865371186
1838,sweden,-22.619563883895022
1838,switzerland,-11.357735604735122
1839,iceland,-35.13289194269006
1839,norway,-25.963838510691502
1839,paraguay,-4.2392911778133024
1839,sweden,-14.366469188072482
1839,switzerland,0.1288589403119182
1840,iceland,-38.20570436926688
1840,norway,-28.56041079230924
1840,paraguay,-7.7560545468163165
1840,sweden,-19.434156224461457
1840,switzerland,-6.78942405290848
1841,iceland,-53.19349153508628
1841,norway,-42.58737143907919
1841,paraguay,-17.5366499161203
1841,sweden,-35.120743018160816
1841,switzerland,-22.14099047708506
1842,iceland,-37.79163371515778
1842,norway,-28.485234434289243
1842,paraguay,-8.454602203208832
1842,sweden,-20.144080723068804
1842,switzerland,-8.295416967624098
1843,iceland,-38.629945248814224
1843,norway,-29.183337163136574
1843,paraguay,-7.000234461215803
1843,sweden,-19.097308567805417
1843,switzerland,-4.705903170015423
1844,iceland,-37.263420888996
1844,norway,-28.424688824267506
1844,paraguay,-6.788348130791829
1844,sweden,-18.05318174179552
1844,switzerland,-3.772873351502752
1845,iceland,-30.97973239624477
1845,norway,-22.77703496157917
1845,paraguay,-1.5921287991224755
1845,sweden,-11.141028744271589
1845,switzerland,4.485781267703008
1846,iceland,-39.72039859844661
1846,norway,-30.28533188205117
1846,paraguay,-9.806581325986778
1846,sweden,-21.75331939662059
1846,switzerland,-9.708567490074836
1847,iceland,-29.824901522192093
1847,norway,-21.09444434452841
1847,paraguay,-0.4500311916864776
1847,sweden,-8.73835369056269
1847,switzerland,6.49412034192701
1848,iceland,-36.18860268198458
1848,norway,-27.47824618147463
1848,paraguay,-8.761331580004319
1848,sweden,-20.27336031597438
1848,switzerland,-9.370949155933838
1849,iceland,-32.82987793962987
1849,norway,-23.53804941538236
1849,paraguay,-2.231833475100212
1849,sweden,-10.784704988517774
1849,switzerland,4.645846768161079
1850,iceland,-45.26981722217344
1850,norway,-35.101387266373365
1850,paraguay,-12.04590939643843
1850,sweden,-26.627838842391824
1850,switzerland,-13.85758107825822
1851,iceland,-35.727465357328064
1851,norway,-26.55607340019974
1851,paraguay,-4.57521183080272
1851,sweden,-15.45452941360914
1851,switzerland,-0.8570198387174334
1852,iceland,-36.73494212747983
1852,norway,-28.1878941822523
1852,paraguay,-6.266427557153463
1852,sweden,-18.00077840869007
1852,switzerland,-3.801320572519143
1853,iceland,-32.89395373087406
1853,norway,-23.952890869783275
1853,paraguay,-1.7276633214118369
1853,sweden,-11.527976266289588
1853,switzerland,4.32884838482473
1854,iceland,-28.435787506280352
1854,norway,-20.085814946328327
1854,paraguay,1.0801487312317133
1854,sweden,-6.81871191175921
1854,switzerland,9.22684377743228
1855,iceland,-40.13218036574862
1855,norway,-30.546924138131292
1855,paraguay,-7.528008672268063
1855,sweden,-19.3287321106343
1855,switzerland,-4.378610997595996
1856,iceland,-39.859271913039166
1856,norway,-30.39573598203536
1856,paraguay,-10.099714263136656
1856,sweden,-22.686061346838372
1856,switzerland,-11.161337694486363
1857,iceland,-43.48819692703283
1857,norway,-33.28131469576434
1857,paraguay,-11.465672691183112
1857,sweden,-25.10538550219345
1857,switzerland,-12.989162063223734
1858,iceland,-27.549230755502943
1858,norway,-19.485246075409904
1858,paraguay,0.2755729629770188
1858,sweden,-7.30417671642473
1858,switzerland,7.344446520571113
1859,iceland,-39.346509364666574
1859,norway,-30.29102965921788
1859,paraguay,-6.272396328802674
1859,sweden,-18.90614864660961
1859,switzerland,-2.708329792175757
1860,iceland,-42.58219338122542
1860,norway,-32.98656242679245
1860,paraguay,-8.334385957040492
1860,sweden,-21.786916475473685
1860,switzerland,-6.390666746619164
1861,iceland,-44.54951398573623
1861,norway,-34.27661686913407
1861,paraguay,-12.894519743699783
1861,sweden,-26.69669878129878
1861,switzerland,-14.931337635640414
1862,iceland,-49.32911722074351
1862,norway,-38.971178938414745
1862,paraguay,-14.507671861122102
1862,sweden,-30.593511552205925
1862,switzerland,-17.514536258362916
1863,iceland,-42.152590523203415
1863,norway,-33.083181690320046
1863,paraguay,-10.206851693808982
1863,sweden,-24.225663465637247
1863,switzerland,-10.624429187728756
1864,iceland,-42.61299380265819
1864,norway,-33.07493764261626
1864,paraguay,-10.796648180461233
1864,sweden,-24.71620252295074
1864,switzerland,-11.917021338229464
1865,iceland,-25.5387594611286
1865,norway,-17.296184722776495
1865,paraguay,4.389569690094604
1865,sweden,-2.7365049871688987
1865,switzerland,14.857243924694597
1866,iceland,-36.24904214452159
1866,norway,-26.7930505442455
1866,paraguay,-6.357208580728287
1866,sweden,-17.20611296469631
1866,switzerland,-4.1459413717204106
1867,iceland,-28.58840713298916
1867,norway,-19.641231194281893
1867,paraguay,0.0518009640356298
1867,sweden,-6.9710491670644
1867,switzerland,7.477979912068739
1868,iceland,-41.391388023209615
1868,norway,-32.28553110135368
1868,paraguay,-9.203079518523625
1868,sweden,-22.89301660334256
1868,switzerland,-8.815485570956369
1869,iceland,-50.05464779536003
1869,norway,-39.915993502954144
1869,paraguay,-15.133544380496131
1869,sweden,-31.78491568599252
1869,switzerland,-18.57991166766291
1870,iceland,-39.82374011854271
1870,norway,-30.400021103222315
1870,paraguay,-10.592554103098736
1870,sweden,-22.91598033384861
1870,switzerland,-11.746373784599228
1871,iceland,-30.23495783180674
1871,norway,-21.76420380629236
1871,paraguay,-1.682108043391969
1871,sweden,-10.499476602942831
1871,switzerland,3.874995351930102
1872,iceland,-32.31019859898526
1872,norway,-24.169738061252108
1872,paraguay,0.1307143052844938
1872,sweden,-10.087982315881646
1872,switzerland,8.333679300808697
1873,iceland,-39.686062344589175
1873,norway,-29.592390768071628
1873,paraguay,-8.437068988942478
1873,sweden,-20.184270656618065
1873,switzerland,-7.5272093020301245
1874,iceland,-33.515276763555924
1874,norway,-24.8941963231821
1874,paraguay,-4.118371492968164
1874,sweden,-14.311308714959946
1874,switzerland,-0.2184962877359945
1875,iceland,-33.55705013907768
1875,norway,-24.6174359833722
1875,paraguay,-3.1137807278551044
1875,sweden,-13.03108682510705
1875,switzerland,1.8572910154377575
1876,iceland,-33.655166979821146
1876,norway,-24.591535653851885
1876,paraguay,-4.993223428685544
1876,sweden,-14.848639376412375
1876,switzerland,-2.195250169914258
1877,iceland,-30.95573721712513
1877,norway,-22.11630390670248
1877,paraguay,-0.4574154940455787
1877,sweden,-9.551897914161833
1877,switzerland,6.355656044836284
1878,iceland,-34.276666618476945
1878,norway,-25.65129092649364
1878,paraguay,-4.33352253035952
1878,sweden,-15.099940691691286
1878,switzerland,-0.589886257750725
1879,iceland,-26.779731024362604
1879,norway,-18.93082062864707
1879,paraguay,1.2303820241754495
1879,sweden,-6.781311474956449
1879,switzerland,8.85743427997978
1880,iceland,-44.449535616848806
1880,norway,-34.64019162605463
1880,paraguay,-13.206786067027169
1880,sweden,-27.47864641229624
1880,switzerland,-16.296793643839933
1881,iceland,-46.25644731728854
1881,norway,-36.6292191816634
1881,paraguay,-12.566586647229045
1881,sweden,-27.62324065071293
1881,switzerland,-14.120050373428356
1882,iceland,-31.101204965549407
1882,norway,-22.722592740712013
1882,paraguay,-1.961522216691415
1882,sweden,-11.557653057577983
1882,switzerland,3.3040670844524214
1883,iceland,-29.20553833819041
1883,norway,-20.817112353901987
1883,paraguay,-1.0273408915882054
1883,sweden,-9.176411132955865
1883,switzerland,5.458416781461316
1884,iceland,-35.42006222230925
1884,norway,-26.357195908015917
1884,paraguay,-3.0605753438567653
1884,sweden,-13.977823446595588
1884,switzerland,2.2564535595338877
1885,iceland,-41.0217432032098
1885,norway,-31.999146299384705
1885,paraguay,-11.663241461981894
1885,sweden,-24.745259475390387
1885,switzerland,-13.00488069432098
1886,iceland,-25.686214510353587
1886,norway,-17.75771649031974
1886,paraguay,3.1776880818874464
1886,sweden,-4.5124156682254615
1886,switzerland,12.37313959797823
1887,iceland,-43.96941497220811
1887,norway,-34.46086350029428
1887,paraguay,-13.60514195568664
1887,sweden,-28.127484763891708
1887,switzerland,-17.278380652230155
1888,iceland,-35.36586585384099
1888,norway,-26.66793832854304
1888,paraguay,-4.426477745794325
1888,sweden,-15.913569844164218
1888,switzerland,-0.8626461569100943
1889,iceland,-37.94539185123752
1889,norway,-29.51016199561744
1889,paraguay,-2.5718519933778987
1889,sweden,-15.337498815649845
1889,switzerland,4.458756146493212
1890,iceland,-26.694025220763084
1890,norway,-18.810336364463517
1890,paraguay,2.4699297270545104
1890,sweden,-5.375368117212275
1890,switzerland,11.575588894653391
1891,iceland,-33.206641356042404
1891,norway,-24.96537899128611
1891,paraguay,-0.7882385939782033
1891,sweden,-11.165130578946966
1891,switzerland,6.672015243767027
1892,iceland,-33.93706621192706
1892,norway,-24.84045530566904
1892,paraguay,-3.701913163646205
1892,sweden,-13.60668815383393
1892,switzerland,1.1227888286559211
1893,iceland,-39.83799478914451
1893,norway,-30.243587968076227
1893,paraguay,-6.722229242893152
1893,sweden,-18.777804722054277
1893,switzerland,-3.621568446130892
1894,iceland,-51.96327322472997
1894,norway,-41.8361903874569
1894,paraguay,-17.476864725952534
1894,sweden,-35.09653403925873
1894,switzerland,-22.974745939739197
1895,iceland,-36.064100754253296
1895,norway,-26.82741556542254
1895,paraguay,-3.984728752983731
1895,sweden,-14.85325734902078
1895,switzerland,0.8500193959803791
1896,iceland,-39.68688706751098
1896,norway,-30.55490709614208
1896,paraguay,-3.4916360186586117
1896,sweden,-16.002897496501944
1896,switzerland,3.186059305671733
1897,iceland,-39.42294332399489
1897,norway,-30.108640122833293
1897,paraguay,-8.930812717012985
1897,sweden,-21.32004622955334
1897,switzerland,-8.43362467033192
1898,iceland,-40.41430162803782
1898,norway,-31.05316689354303
1898,paraguay,-11.652141701534482
1898,sweden,-24.585162191342985
1898,switzerland,-14.258624353975032
1899,iceland,-37.418048892361
1899,norway,-27.96062084914858
1899,paraguay,-5.537978211383243
1899,sweden,-16.88810091102506
1899,switzerland,-2.1916267090120325
1900,iceland,-42.85329728274729
1900,norway,-33.063822217457066
1900,paraguay,-11.968671682279894
1900,sweden,-24.984188002390997
1900,switzerland,-13.222335382545277
1901,iceland,-44.33332973817083
1901,norway,-34.465807360699664
1901,paraguay,-12.929102290173024
1901,sweden,-27.40728136881629
1901,switzerland,-15.950897538159406
1902,iceland,-28.97564465360192
1902,norway,-20.22564038609619
1902,paraguay,-0.0353880454490879
1902,sweden,-7.427292180073618
1902,switzerland,7.510841353449861
1903,iceland,-51.7190191527922
1903,norway,-41.618191133744695
1903,paraguay,-16.68251857666136
1903,sweden,-34.44438099538006
1903,switzerland,-21.517184594527382
1904,iceland,-37.65069213901418
1904,norway,-28.75092516962346
1904,paraguay,-8.890202258894854
1904,sweden,-21.089305658321987
1904,switzerland,-9.2942898593783
1905,iceland,-39.15757050388159
1905,norway,-29.75389632973538
1905,paraguay,-7.833770293074132
1905,sweden,-19.4042121248216
1905,switzerland,-4.595908534845591
1906,iceland,-38.45714142110259
1906,norway,-28.81800050721004
1906,paraguay,-5.549669683853677
1906,sweden,-17.28847013147135
1906,switzerland,-1.9044417602608792
1907,iceland,-36.78592382593443
1907,norway,-27.375849564402213
1907,paraguay,-3.299472599387979
1907,sweden,-14.146487290568391
1907,switzerland,2.4322942357515034
1908,iceland,-39.1882658247912
1908,norway,-30.297978052594345
1908,paraguay,-9.482733088329043
1908,sweden,-22.018091903906036
1908,switzerland,-9.81011306949052
1909,iceland,-27.26257952357277
1909,norway,-18.97317320052726
1909,paraguay,-0.0207729661853457
1909,sweden,-7.226499572872871
1909,switzerland,6.776365985920633
1910,iceland,-35.00133919006916
1910,norway,-25.940164067614287
1910,paraguay,-3.1934870349815405
1910,sweden,-13.669310658382257
1910,switzerland,2.4472366270851382
1911,iceland,-35.41219630356117
1911,norway,-26.406065031571725
1911,paraguay,-5.799714593140847
1911,sweden,-16.114257304757704
1911,switzerland,-2.338154356748062
1912,iceland,-33.171700769215185
1912,norway,-24.888044219307464
1912,paraguay,-3.4420682261416595
1912,sweden,-13.587190812033532
1912,switzerland,1.2263804143721575
1913,iceland,-40.49339260800412
1913,norway,-31.58115481911826
1913,paraguay,-9.166551089120183
1913,sweden,-22.45667849219492
1913,switzerland,-8.83033056368291
1914,iceland,-32.29650652383783
1914,norway,-23.99206974551132
1914,paraguay,-2.8926247927247823
1914,sweden,-12.514680582627133
1914,switzerland,2.598638961614565
1915,iceland,-39.01255472004861
1915,norway,-30.195689668103626
1915,paraguay,-8.736682274310143
1915,sweden,-21.004683314647693
1915,switzerland,-8.048761377371132
1916,iceland,-38.73777978718458
1916,norway,-29.85296267710944
1916,paraguay,-8.495610237015573
1916,sweden,-21.353599021061083
1916,switzerland,-8.211025222387795
1917,iceland,-44.274790549291104
1917,norway,-34.05196851269405
1917,paraguay,-11.326613062843446
1917,sweden,-25.754020579062693
1917,switzerland,-12.817646822832645
1918,iceland,-30.38466653748461
1918,norway,-21.587920493673774
1918,paraguay,-1.9241989618887247
1918,sweden,-10.00368454247426
1918,switzerland,4.052776726474338
1919,iceland,-29.36790619174432
1919,norway,-21.04546924784805
1919,paraguay,-1.2978402003233307
1919,sweden,-9.296867910828494
1919,switzerland,4.943247841837403
1920,iceland,-41.38239383040067
1920,norway,-31.72365631230662
1920,paraguay,-11.75842883765387
1920,sweden,-24.981761222310027
1920,switzerland,-14.166136005555362
1921,iceland,-42.55124777978503
1921,norway,-33.16107547512851
1921,paraguay,-11.977057683874676
1921,sweden,-25.971434738306275
1921,switzerland,-14.322426121461357
1922,iceland,-30.02544069435686
1922,norway,-21.456767255607783
1922,paraguay,-0.686385697837267
1922,sweden,-9.208153042081378
1922,switzerland,5.939060352623318
1923,iceland,-46.67901444966936
1923,norway,-36.75315999100175
1923,paraguay,-13.90833073860498
1923,sweden,-29.34151330874218
1923,switzerland,-17.173495230683372
1924,iceland,-41.5024730514978
1924,norway,-31.861802007084048
1924,paraguay,-11.971207743038107
1924,sweden,-25.13815160492878
1924,switzerland,-14.617461786167553
1925,iceland,-36.84809814577929
1925,norway,-28.104650993352696
1925,paraguay,-5.336740168158587
1925,sweden,-16.9308919657505
1925,switzerland,-1.6798855569391993
1926,iceland,-27.48063648675238
1926,norway,-19.43429462740633
1926,paraguay,1.3054532650508284
1926,sweden,-6.416180063134633
1926,switzerland,9.446920895177849
1927,iceland,-43.61532182509942
1927,norway,-33.557009720710894
1927,paraguay,-11.342976372823424
1927,sweden,-24.74369939518498
1927,switzerland,-12.01641252642809
1928,iceland,-39.90060439622212
1928,norway,-30.239859425997587
1928,paraguay,-8.262098222494346
1928,sweden,-20.81174943067856
1928,switzerland,-7.222037269023042
1929,iceland,-42.827416893593245
1929,norway,-33.093776786460296
1929,paraguay,-9.659500705751052
1929,sweden,-22.37465207574952
1929,switzerland,-7.391661213252923
1930,iceland,-36.39284364932741
1930,norway,-27.60720295440148
1930,paraguay,-5.374718840293368
1930,sweden,-16.9888327486097
1930,switzerland,-2.3126035872308264
1931,iceland,-32.30979022091351
1931,norway,-23.702655734639706
1931,paraguay,-0.5659318989098858
1931,sweden,-10.248059460862846
1931,switzerland,6.884503669714769
1932,iceland,-29.89502132102213
1932,norway,-20.79932602859929
1932,paraguay,-1.4392527576937584
1932,sweden,-9.210785509677477
1932,switzerland,4.35322782038249
1933,iceland,-42.87836129665459
1933,norway,-33.03858263453992
1933,paraguay,-11.23592280266277
1933,sweden,-24.82861117685352
1933,switzerland,-12.6174618460305
1934,iceland,-27.58101049911953
1934,norway,-19.239593962543776
1934,paraguay,-0.7109734265325421
1934,sweden,-7.948923963215253
1934,switzerland,5.770748910727292
1935,iceland,-37.584605000460506
1935,norway,-28.58906912919181
1935,paraguay,-8.317972222614962
1935,sweden,-20.200146861057792
1935,switzerland,-8.054046660549913
1936,iceland,-40.31413213389754
1936,norway,-30.80949040583427
1936,paraguay,-7.899626762877905
1936,sweden,-20.773708540892347
1936,switzerland,-6.356040583767787
1937,iceland,-44.99236513792975
1937,norway,-35.47838208651651
1937,paraguay,-13.798803145126088
1937,sweden,-28.73837430100964
1937,switzerland,-17.007298094400202
1938,iceland,-37.1519040486109
1938,norway,-27.77673454036744
1938,paraguay,-5.487187665913212
1938,sweden,-16.62200263281442
1938,switzerland,-2.1557804301094343
1939,iceland,-39.52326688405108
1939,norway,-30.70314595616326
1939,paraguay,-7.675711809805816
1939,sweden,-20.49765053514476
1939,switzerland,-5.880565706068872
1940,iceland,-37.4409714413268
1940,norway,-28.115749641477723
1940,paraguay,-7.494755806521955
1940,sweden,-18.915359894967363
1940,switzerland,-6.14898805708461
1941,iceland,-32.44080893676108
1941,norway,-24.17413420118049
1941,paraguay,-2.5016097384784985
1941,sweden,-12.541824880400393
1941,switzerland,2.8008592388960967
1942,iceland,-28.01359417326364
1942,norway,-19.539617109848844
1942,paraguay,-0.1097124926926234
1942,sweden,-7.583803759543948
1942,switzerland,6.579636261793976
1943,iceland,-37.674770749619256
1943,norway,-28.34175819092796
1943,paraguay,-5.37294660447714
1943,sweden,-16.926465450382924
1943,switzerland,-1.7529231713567894
1944,iceland,-39.696017865442926
1944,norway,-30.44981970594089
1944,paraguay,-7.071396646223652
1944,sweden,-19.6965616872533
1944,switzerland,-4.625965512880161
1945,iceland,-45.29716110391298
1945,norway,-35.7716825479732
1945,paraguay,-13.274517428251084
1945,sweden,-28.08895569797429
1945,switzerland,-15.86074313050634
1946,iceland,-44.15179792705671
1946,norway,-34.083400536893144
1946,paraguay,-12.701035966833295
1946,sweden,-26.894209654424188
1946,switzerland,-15.458578441403406
1947,iceland,-31.680274167753183
1947,norway,-22.692812085226453
1947,paraguay,0.1538737411496186
1947,sweden,-8.914912368693123
1947,switzerland,8.118553943994774
1948,iceland,-43.21078981737836
1948,norway,-33.027092136196266
1948,paraguay,-11.7893386596996
1948,sweden,-25.171617630471854
1948,switzerland,-13.373509321182972
1949,iceland,-31.986321086769266
1949,norway,-22.87915671820045
1949,paraguay,-0.420424553654653
1949,sweden,-8.74902341322076
1949,switzerland,8.063838012577378
1950,iceland,-38.31211758951837
1950,norway,-29.331692397174745
1950,paraguay,-8.537776106834391
1950,sweden,-20.482942813793084
1950,switzerland,-7.984400895177456
1951,iceland,-32.511844467027935
1951,norway,-23.53227992092011
1951,paraguay,-3.252321508214284
1951,sweden,-12.643159548265194
1951,switzerland,1.177290894978395
1952,iceland,-45.36055651145022
1952,norway,-35.50377186120597
1952,paraguay,-13.781312597567744
1952,sweden,-28.105956106132997
1952,switzerland,-16.193932167426677
1953,iceland,-36.14217775664865
1953,norway,-26.92252205816284
1953,paraguay,-3.8449905261359913
1953,sweden,-14.647809022405603
1953,switzerland,1.1104095951999364
1954,iceland,-32.42108427668102
1954,norway,-23.327888366078252
1954,paraguay,-1.6711640170436983
1954,sweden,-10.759253077894124
1954,switzerland,4.635249702331099
1955,iceland,-41.743299881317846
1955,norway,-32.35500364774468
1955,paraguay,-10.718427859504132
1955,sweden,-24.224513051201807
1955,switzerland,-11.9760154619375
1956,iceland,-41.39687235786207
1956,norway,-31.924592320876947
1956,paraguay,-7.623680457134579
1956,sweden,-20.774578584887035
1956,switzerland,-5.11194574142008
1957,iceland,-41.89726188082743
1957,norway,-32.11836210096859
1957,paraguay,-10.801612703121052
1957,sweden,-23.84417157030624
1957,switzerland,-11.88331880944731
1958,iceland,-31.971538459333093
1958,norway,-23.60875524290252
1958,paraguay,-0.8615454840450514
1958,sweden,-10.69239967899641
1958,switzerland,6.143004710190878
1959,iceland,-32.553537695697145
1959,norway,-24.053225244005223
1959,paraguay,0.7989742435356021
1959,sweden,-9.854736968328837
1959,switzerland,9.339790189072492
1960,iceland,-35.0298917077672
1960,norway,-26.59246111776747
1960,paraguay,-5.203343259953948
1960,sweden,-15.977121352181973
1960,switzerland,-1.877515162791604
1961,iceland,-42.091898842522845
1961,norway,-32.23716205034179
1961,paraguay,-11.687600279777792
1961,sweden,-24.241209707006096
1961,switzerland,-12.385718319942342
1962,iceland,-31.40580290343225
1962,norway,-22.664812383532723
1962,paraguay,-2.2192496983647194
1962,sweden,-11.167291739984227
1962,switzerland,3.14012080176445
1963,iceland,-33.094472993869864
1963,norway,-24.360670873248203
1963,paraguay,-3.413783354593094
1963,sweden,-13.2397278371755
1963,switzerland,0.8931358683017842
1964,iceland,-32.28884472167228
1964,norway,-23.64837978390917
1964,paraguay,-1.4826254323984394
1964,sweden,-10.368416044263547
1964,switzerland,6.44360292351033
1965,iceland,-28.410230604210028
1965,norway,-20.40239296230283
1965,paraguay,1.8443652518604683
1965,sweden,-7.13930976165573
1965,switzerland,10.343192804398008
1966,iceland,-36.9513166664184
1966,norway,-27.71305190813388
1966,paraguay,-6.612438844087202
1966,sweden,-17.972279183471482
1966,switzerland,-4.613180713668386
1967,iceland,-42.37676555472646
1967,norway,-32.92049959011105
1967,paraguay,-12.175964696995358
1967,sweden,-25.93426464212157
1967,switzerland,-14.79653015310702
1968,iceland,-39.55997657900976
1968,norway,-29.772720812413898
1968,paraguay,-8.68216878339436
1968,sweden,-20.73075477649072
1968,switzerland,-8.247444239334875
1969,iceland,-46.32452509505366
1969,norway,-36.37427706680577
1969,paraguay,-14.589244040957931
1969,sweden,-29.45510426581568
1969,switzerland,-18.22217176834447
1970,iceland,-43.64258823364006
1970,norway,-33.66641197821264
1970,paraguay,-11.401088667601789
1970,sweden,-25.15256348740748
1970,switzerland,-12.344387359391945
1971,iceland,-32.79535899365381
1971,norway,-24.60208548770444
1971,paraguay,-3.6481226683129058
1971,sweden,-14.163938696149694
1971,switzerland,0.3844950468780201
1972,iceland,-40.41361755173196
1972,norway,-30.93457416887525
1972,paraguay,-5.989479107854941
1972,sweden,-18.2657358182592
1972,switzerland,-1.2310059916162042
1973,iceland,-43.677193971803305
1973,norway,-33.77513121257943
1973,paraguay,-9.57891743162542
1973,sweden,-23.67531579000931
1973,switzerland,-8.924219075090877
1974,iceland,-39.51438154655148
1974,norway,-30.289885746111032
1974,paraguay,-10.306173016758814
1974,sweden,-22.5576809060573
1974,switzerland,-11.24769808621416
1975,iceland,-36.03924214637875
1975,norway,-27.03320758232661
1975,paraguay,-6.231136443006933
1975,sweden,-17.50068967830479
1975,switzerland,-4.140133829396382
1976,iceland,-44.97858048967249
1976,norway,-35.56562316979972
1976,paraguay,-11.756921564309096
1976,sweden,-26.83611172618177
1976,switzerland,-12.9926779023518
1977,iceland,-42.28015020635095
1977,norway,-32.659419956629904
1977,paraguay,-12.294277838142667
1977,sweden,-25.509958991702447
1977,switzerland,-14.389062134145563
1978,iceland,-37.98658533347316
1978,norway,-28.7855131523084
1978,paraguay,-7.681846768417225
1978,sweden,-19.75860412797548
1978,switzerland,-6.79131883798755
1979,iceland,-47.40798229593837
1979,norway,-37.49679596962296
1979,paraguay,-14.489705345497722
1979,sweden,-28.465018871490432
1979,switzerland,-14.686654340356034
1980,iceland,-37.090891632716406
1980,norway,-27.54476741247859
1980,paraguay,-7.198012345974375
1980,sweden,-18.095290636261733
1980,switzerland,-5.629605692264886
1981,iceland,-45.59982435560613
1981,norway,-35.43324285102743
1981,paraguay,-13.524429048496536
1981,sweden,-28.024736574839796
1981,switzerland,-16.15980925150657
1982,iceland,-45.93014665795107
1982,norway,-36.00807795960911
1982,paraguay,-13.342307060856989
1982,sweden,-28.39045022568183
1982,switzerland,-16.186964101162108
1983,iceland,-45.0461682715836
1983,norway,-35.187837343184064
1983,paraguay,-13.539895943489638
1983,sweden,-28.027664285609426
1983,switzerland,-16.19262888052314
1984,iceland,-33.604303803813565
1984,norway,-24.67177711865925
1984,paraguay,-2.3390210880034634
1984,sweden,-12.430240814207634
1984,switzerland,3.3120710395097177
1985,iceland,-30.318229047666858
1985,norway,-21.37117572555197
1985,paraguay,-1.0076799112416186
1985,sweden,-9.351470334755202
1985,switzerland,5.331095311570316
1986,iceland,-47.406294757303264
1986,norway,-37.91504814128996
1986,paraguay,-13.819561489523217
1986,sweden,-29.89269604614346
1986,switzerland,-16.638754198632284
1987,iceland,-47.60254100865845
1987,norway,-37.49747392639495
1987,paraguay,-14.575607256299632
1987,sweden,-30.521289438488857
1987,switzerland,-18.344249367030475
1988,iceland,-31.88783377073907
1988,norway,-23.003614671542152
1988,paraguay,-1.8087925593157907
1988,sweden,-10.901425725433882
1988,switzerland,4.134637726272729
1989,iceland,-48.4119759377343
1989,norway,-38.62216283863961
1989,paraguay,-15.151130431429255
1989,sweden,-31.6903078127511
1989,switzerland,-19.317691633869185
1990,iceland,-43.79716483385542
1990,norway,-34.0277041289972
1990,paraguay,-12.592577141942591
1990,sweden,-26.862098590145003
1990,switzerland,-15.333866722491496
1991,iceland,-37.0347239035443
1991,norway,-27.73871980933465
1991,paraguay,-6.802933238009549
1991,sweden,-18.475268006968115
1991,switzerland,-5.245509320640989
1992,iceland,-43.60435539064299
1992,norway,-34.1749789707323
1992,paraguay,-10.298333215077818
1992,sweden,-24.37939565584877
1992,switzerland,-10.036039777123626
1993,iceland,-34.17569131349963
1993,norway,-25.050120573935644
1993,paraguay,-5.486324161119627
1993,sweden,-15.163294957003764
1993,switzerland,-2.6000153858039
1994,iceland,-31.4231889351524
1994,norway,-22.80686878079679
1994,paraguay,-2.7480794396838144
1994,sweden,-12.172883536916444
1994,switzerland,1.8786117218607656
1995,iceland,-33.60939457408497
1995,norway,-24.78736304034113
1995,paraguay,-5.846632460367591
1995,sweden,-15.8393608011101
1995,switzerland,-3.707123488950536
1996,iceland,-35.80956366834855
1996,norway,-26.7524908060406
1996,paraguay,-5.36794707846675
1996,sweden,-16.214106408911984
1996,switzerland,-2.1515878320900423
1997,iceland,-35.50690240192004
1997,norway,-26.231971549730623
1997,paraguay,-4.57073356050664
1997,sweden,-14.704267274814631
1997,switzerland,-0.4162965097288064
1998,iceland,-51.75935420432731
1998,norway,-41.59013947300416
1998,paraguay,-17.268132336576848
1998,sweden,-34.62580318729567
1998,switzerland,-22.135223416779144
1999,iceland,-37.62849334534671
1999,norway,-28.71468991132602
1999,paraguay,-7.247805776510562
1999,sweden,-19.23179041425276
1999,switzerland,-5.110670235991143
2000,iceland,-35.830475367255204
2000,norway,-27.011326916882958
2000,paraguay,-8.131941408132903
2000,sweden,-19.272506595727247
2000,switzerland,-8.12956691356997
2001,iceland,-42.64667008974581
2001,norway,-32.67399358466472
2001,paraguay,-10.698296363313757
2001,sweden,-24.304327900809557
2001,switzerland,-11.6519646771283
2002,iceland,-31.287441783262626
2002,norway,-23.078296609970227
2002,paraguay,-1.2737664382433127
2002,sweden,-10.622160989751798
2002,switzerland,5.417824084650593
2003,iceland,-43.87261124837397
2003,norway,-34.32984447833274
2003,paraguay,-12.63181390994698
2003,sweden,-26.56203479081824
2003,switzerland,-14.53150886662344
2004,iceland,-49.556822870952224
2004,norway,-39.12130122100284
2004,paraguay,-15.290696588060822
2004,sweden,-31.00325205350044
2004,switzerland,-17.775491685297734
2005,iceland,-27.629207183266328
2005,norway,-19.52198156303478
2005,paraguay,0.75601568109331
2005,sweden,-6.926413107786576
2005,switzerland,8.45339296682557
2006,iceland,-46.13496671402488
2006,norway,-36.14760458558061
2006,paraguay,-13.393476468738328
2006,sweden,-28.373828595639026
2006,switzerland,-16.128970007774647
2007,iceland,-46.25251602032724
2007,norway,-36.44445834000536
2007,paraguay,-12.426125154766908
2007,sweden,-27.637171746727343
2007,switzerland,-14.117989803780786
2008,iceland,-43.20297743021516
2008,norway,-34.16635373267375
2008,paraguay,-9.923112911349802
2008,sweden,-24.66412601284712
2008,switzerland,-9.783557778015554
2009,iceland,-24.475190956897578
2009,norway,-16.28866015989561
2009,paraguay,3.184182233879244
2009,sweden,-2.6590611281887924
2009,switzerland,13.098916578264324
2010,iceland,-42.81564087719169
2010,norway,-33.430100408620234
2010,paraguay,-12.935615993447025
2010,sweden,-26.55810479114482
2010,switzerland,-15.405656154874004
2011,iceland,-29.101252371022408
2011,norway,-20.57038847753772
2011,paraguay,-0.313257295191568
2011,sweden,-7.903944365924829
2011,switzerland,6.728008437975999
2012,iceland,-28.432578802358385
2012,norway,-20.10439550934157
2012,paraguay,2.504990776558691
2012,sweden,-5.627887401415551
2012,switzerland,12.171714024141624
2013,iceland,-33.82052719059625
2013,norway,-25.27444002253005
2013,paraguay,-4.135436798697073
2013,sweden,-14.7437574762364
2013,switzerland,-0.4063064297342075
2014,iceland,-35.68818035659077
2014,norway,-26.553452767658463
2014,paraguay,-5.809605897091558
2014,sweden,-15.637150416164296
2014,switzerland,-1.1894637671904564
2015,iceland,-44.6216878068836
2015,norway,-34.9412038664106
2015,paraguay,-13.445473087490877
2015,sweden,-28.18287413755333
2015,switzerland,-16.82529944963824
2016,iceland,-40.61944820319008
2016,norway,-31.289140802391
2016,paraguay,-10.324686351476112
2016,sweden,-23.14971920764965
2016,switzerland,-10.567984162139451
2017,iceland,-42.59091147747154
2017,norway,-32.93907854996424
2017,paraguay,-11.01162423625718
2017,sweden,-24.94900082508902
2017,switzerland,-12.368918049373107
2018,iceland,-28.02913700448869
2018,norway,-19.43249191078743
2018,paraguay,0.7450300182490792
2018,sweden,-6.809209132320341
2018,switzerland,8.341606997064366
2019,iceland,-34.81406764227115
2019,norway,-25.304299908373498
2019,paraguay,-3.219141857566081
2019,sweden,-12.96623762289981
2019,switzerland,1.972964791174772
2020,iceland,-41.096141059272426
2020,norway,-31.519791640007625
2020,paraguay,-11.235168453332898
2020,sweden,-24.201587254730796
2020,switzerland,-12.845841076032563
2021,iceland,-28.10860118292297
2021,norway,-19.372933484625232
2021,paraguay,0.420649768921194
2021,sweden,-6.9144205824513385
2021,switzerland,7.438010097275822
2022,iceland,-35.685910607395606
2022,norway,-26.96091585543953
2022,paraguay,-4.30576945289048
2022,sweden,-15.065390859698612
2022,switzerland,0.6144599638587536
2023,iceland,-45.009277161464745
2023,norway,-35.06064628144716
2023,paraguay,-12.196157341988965
2023,sweden,-26.41275049044603
2023,switzerland,-13.208980595121853
2024,iceland,-32.94242379702534
2024,norway,-24.119704541379274
2024,paraguay,-2.313358918233746
2024,sweden,-12.13213145645007
2024,switzerland,3.4242222278373737
2025,iceland,-32.86635810140219
2025,norway,-24.575229697489945
2025,paraguay,-4.435763127866768
2025,sweden,-14.769094763807962
2025,switzerland,-1.2014934143392004
2026,iceland,-37.34837929424118
2026,norway,-27.994138610408715
2026,paraguay,-7.322565565117466
2026,sweden,-18.768836791262316
2026,switzerland,-6.15660205409053
2027,iceland,-40.10885219304434
2027,norway,-30.8706282476571
2027,paraguay,-9.701866572343064
2027,sweden,-22.86001923394437
2027,switzerland,-10.442171446731166
2028,iceland,-35.49284639081975
2028,norway,-26.09965671822013
2028,paraguay,-4.631999139311416
2028,sweden,-15.303247153562088
2028,switzerland,-0.645977528219976
2029,iceland,-32.59063105109282
2029,norway,-23.249628191476607
2029,paraguay,-2.6573146161168077
2029,sweden,-11.68877180321854
2029,switzerland,2.709895901757013
2030,iceland,-34.779905278676374
2030,norway,-25.846294584258487
2030,paraguay,-4.727856695281371
2030,sweden,-15.59755184893014
2030,switzerland,-1.487862490095431
2031,iceland,-39.92637248741941
2031,norway,-30.974884985067558
2031,paraguay,-9.823869718068076
2031,sweden,-22.37326163034294
2031,switzerland,-9.548387746747538
2032,iceland,-39.02433255139298
2032,norway,-29.66136391584927
2032,paraguay,-6.737571197499317
2032,sweden,-19.186063148112503
2032,switzerland,-4.419226982088772
2033,iceland,-37.13662122697498
2033,norway,-27.34123618955749
2033,paraguay,-4.824797947977453
2033,sweden,-15.840291715176864
2033,switzerland,-0.8428414119871317
2034,iceland,-41.96218266357623
2034,norway,-32.50222944218557
2034,paraguay,-12.37377111284897
2034,sweden,-25.61485108757664
2034,switzerland,-14.473655382871636
2035,iceland,-37.08540595676987
2035,norway,-27.59672898065956
2035,paraguay,-5.676914930264244
2035,sweden,-16.148412005180962
2035,switzerland,-1.3233337350595753
2036,iceland,-35.83745106850739
2036,norway,-26.69267994943598
2036,paraguay,-4.227681455571072
2036,sweden,-14.471254225905424
2036,switzerland,1.432569447077828
2037,iceland,-46.189607389759296
2037,norway,-36.53922668720391
2037,paraguay,-14.39785139404404
2037,sweden,-29.81008817076776
2037,switzerland,-18.33975965274529
2038,iceland,-37.923187812461485
2038,norway,-28.64590430284442
2038,paraguay,-6.0031952550516365
2038,sweden,-17.839990110502978
2038,switzerland,-3.080920545586885
2039,iceland,-32.347085520954785
2039,norway,-23.72355940779236
2039,paraguay,-3.565521077187607
2039,sweden,-13.044641642943176
2039,switzerland,0.730216608443758
2040,iceland,-40.41277004935597
2040,norway,-31.01871846616672
2040,paraguay,-6.634646095614976
2040,sweden,-18.599011737227745
2040,switzerland,-1.726404888500752
2041,iceland,-39.28969051604157
2041,norway,-30.53844991043856
2041,paraguay,-7.6194055814213
2041,sweden,-20.21340797444118
2041,switzerland,-5.654539995670619
2042,iceland,-38.50927260531238
2042,norway,-29.383553808030424
2042,paraguay,-5.178079483528451
2042,sweden,-17.24848123712556
2042,switzerland,-0.8731329585440122
2043,iceland,-46.005518132623095
2043,norway,-36.684363384097566
2043,paraguay,-13.745730895658005
2043,sweden,-29.251603652878032
2043,switzerland,-16.84995324368957
2044,iceland,-37.59992132517483
2044,norway,-28.36552096128524
2044,paraguay,-9.097067860023769
2044,sweden,-20.612003095569413
2044,switzerland,-9.45947136030835
2045,iceland,-39.55466935625905
2045,norway,-30.16592539511853
2045,paraguay,-6.85528421044918
2045,sweden,-19.09896982289601
2045,switzerland,-4.103521056951397
2046,iceland,-38.13596966373667
2046,norway,-28.94197467109861
2046,paraguay,-8.205055809664737
2046,sweden,-20.235358720593307
2046,switzerland,-7.703544290079908
2047,iceland,-39.45692845395908
2047,norway,-30.103386566132656
2047,paraguay,-6.569383314996181
2047,sweden,-19.41757342165237
2047,switzerland,-4.075893112338281
2048,iceland,-43.689109661733625
2048,norway,-34.169950923781634
2048,paraguay,-10.430698969221297
2048,sweden,-24.272930953406
2048,switzerland,-9.7406845578852
