sample_id,scenario,strategy,coverage_pct,target_twh,delivered_twh,net_gt,negative_countries,displaced_ef_multiplier
0,Procurement,Uniform,50.0,351384.50816323987,351384.50816323987,85.70059685316514,4,1.0
0,Procurement,Screened,50.32532978012796,351384.50816323987,351384.50814260746,86.22217455215535,0,1.0
1,Procurement,Uniform,50.0,395586.4795208995,395586.4795208995,121.89778539197782,3,1.2474932319881862
1,Procurement,Screened,50.32088645632605,395586.4795208995,395586.47949762316,122.6294194978609,0,1.2474932319881862
2,Procurement,Uniform,50.0,405459.8998404227,405459.8998404227,103.77084072346452,4,0.9758148680795384
2,Procurement,Screened,50.30885815621335,405459.8998404227,405459.8998404228,104.40536331966324,0,0.9758148680795384
3,Procurement,Uniform,50.0,313598.76124598563,313598.76124598563,63.647251587882984,4,0.9984860692690948
3,Procurement,Screened,50.31055668236527,313598.76124598563,313598.76124598563,64.04027941093585,0,0.9984860692690948
4,Procurement,Uniform,50.0,281405.2811984792,281405.2811984792,69.27215496309351,3,1.1256342630085403
4,Procurement,Screened,50.31800996342242,281405.2811984792,281405.2811984791,69.6819526419362,0,1.1256342630085403
5,Procurement,Uniform,50.0,325427.8191585659,325427.8191585659,51.653415102123276,5,0.7127337115397584
5,Procurement,Screened,50.309086845954404,325427.8191585659,325427.81915856584,51.97966129221259,0,0.7127337115397584
6,Procurement,Uniform,50.0,324805.8836074585,324805.8836074585,128.91127172003937,2,1.4990735785215938
6,Procurement,Screened,50.32482511303668,324805.8836074585,324805.88359024364,129.67104323656864,0,1.4990735785215938
7,Procurement,Uniform,50.0,316581.89478629915,316581.89478629915,113.90041082836835,2,1.3442218235291716
7,Procurement,Screened,50.32027400509934,316581.89478629915,316581.8947675866,114.55080550810202,0,1.3442218235291716
8,Procurement,Uniform,50.0,401853.446260329,401853.446260329,108.29342660847271,4,1.0348026115843667
8,Procurement,Screened,50.323428750185755,401853.446260329,401853.44623681845,108.94935702236097,0,1.0348026115843667
9,Procurement,Uniform,50.0,373895.8581183856,373895.8581183856,69.71480425461075,5,0.7874279254732466
9,Procurement,Screened,50.315267278534776,373895.8581183856,373895.85809627455,70.14688724880335,0,0.7874279254732466
10,Procurement,Uniform,50.0,386848.9795673735,386848.9795673735,49.241097680111686,6,0.6810760734772741
10,Procurement,Screened,50.30747043689489,386848.9795673735,386848.9795597626,49.55712691575291,1,0.6810760734772741
11,Procurement,Uniform,50.0,329206.43132322986,329206.43132322986,118.0794340232902,3,1.486171731746431
11,Procurement,Screened,50.328034279244314,329206.43132322986,329206.43130394106,118.78107432885051,0,1.486171731746431
12,Procurement,Uniform,50.0,392113.2902737217,392113.2902737217,100.24033947002376,4,0.9976172827236424
12,Procurement,Screened,50.31687228679391,392113.2902737217,392113.2902737216,100.85999836924414,0,0.9976172827236424
13,Procurement,Uniform,50.0,353830.1210536375,353830.1210536375,54.14180960508926,5,0.6911894310729345
13,Procurement,Screened,50.31040021359711,353830.1210536375,353830.1210344817,54.49367463889785,0,0.6911894310729345
14,Procurement,Uniform,50.0,314868.53304712963,314868.53304712963,55.33298022093309,5,0.7079866746820151
14,Procurement,Screened,50.31250613233773,314868.53304712963,314868.53304712963,55.678058611400374,0,0.7079866746820151
15,Procurement,Uniform,50.0,370470.6119287838,370470.6119287838,121.62245639355223,2,1.3383263977260562
15,Procurement,Screened,50.31567225346162,370470.6119287838,370470.61191321566,122.33256059200095,0,1.3383263977260562
16,Procurement,Uniform,50.0,400052.7837848532,400052.7837848532,129.19371488711369,2,1.26021821307592
16,Procurement,Screened,50.31589555407064,400052.7837848532,400052.78378485324,129.97613810472427,0,1.26021821307592
17,Procurement,Uniform,50.0,295572.5488873571,295572.5488873571,43.94361953658949,5,0.8032978371116517
17,Procurement,Screened,50.311519080965724,295572.5488873571,295572.5488873571,44.222398585689916,0,0.8032978371116517
18,Procurement,Uniform,50.0,302868.8698342758,302868.8698342758,75.9251268528034,3,1.1505178028418266
18,Procurement,Screened,50.312266281416704,302868.8698342758,302868.8698342758,76.38115401865804,0,1.1505178028418266
19,Procurement,Uniform,50.0,404043.0959334896,404043.0959334896,67.59353545777486,5,0.8124633641033454
19,Procurement,Screened,50.31075442496398,404043.0959334896,404043.0959337801,68.01832956919928,0,0.8124633641033454
20,Procurement,Uniform,50.0,325553.57746166165,325553.57746166165,104.12904276171248,3,1.3882771280752313
20,Procurement,Screened,50.32163098688809,325553.57746166165,325553.5774425129,104.75207206423156,0,1.3882771280752313
21,Procurement,Uniform,50.0,428319.4155624078,428319.4155624078,72.15350450807922,5,0.7257633179487044
21,Procurement,Screened,50.32277852714233,428319.4155624078,428319.4155513083,72.62803980238016,0,0.7257633179487044
22,Procurement,Uniform,50.0,285131.61773368093,285131.61773368093,40.66588844808311,5,0.8354530726261726
22,Procurement,Screened,50.315247876339875,285131.61773368093,285131.61771679495,40.884475899641934,0,0.8354530726261726
23,Procurement,Uniform,50.0,380402.9361012762,380402.9361012762,116.50168763709885,3,1.2432605413253586
23,Procurement,Screened,50.31879045584529,380402.9361012762,380402.93607898883,117.19863659242237,0,1.2432605413253586
24,Procurement,Uniform,50.0,297108.8488122499,297108.8488122499,97.05451295870013,2,1.3707192292263275
24,Procurement,Screened,50.31613007961828,297108.8488122499,297108.84881224984,97.63380989359054,0,1.3707192292263275
25,Procurement,Uniform,50.0,304943.0306537718,304943.0306537718,52.224154962009884,5,0.7283452709192215
25,Procurement,Screened,50.30863394666469,304943.0306537718,304943.03065377194,52.55679255353889,0,0.7283452709192215
26,Procurement,Uniform,50.0,373803.0143878448,373803.0143878448,125.07606443140516,3,1.3088610463545458
26,Procurement,Screened,50.32166361674067,373803.0143878448,373803.014365829,125.815098719213,0,1.3088610463545458
27,Procurement,Uniform,50.0,364318.79821906734,364318.79821906734,82.6469090265942,4,0.898944933779144
27,Procurement,Screened,50.3165829764997,364318.79821906734,364318.7981975485,83.16017425908738,0,0.898944933779144
28,Procurement,Uniform,50.0,281197.5334179798,281197.5334179798,90.6808709049891,2,1.2969263268271716
28,Procurement,Screened,50.3220649042457,281197.5334179798,281197.5334015889,91.2184881457186,0,1.2969263268271716
29,Procurement,Uniform,50.0,388053.8625585601,388053.8625585601,134.19768044498815,2,1.2928767979775593
29,Procurement,Screened,50.31984016699328,388053.8625585601,388053.86253563245,135.00136118401264,0,1.2928767979775593
30,Procurement,Uniform,50.0,383259.35547938605,383259.35547938605,104.86369733429028,4,1.1062857764969949
30,Procurement,Screened,50.311763982683466,383259.35547938605,383259.35547938594,105.50012322775038,0,1.1062857764969949
31,Procurement,Uniform,50.0,295687.70380695624,295687.70380695624,63.17427873198118,3,1.00017063120998
31,Procurement,Screened,50.30615109155174,295687.70380695624,295687.7038069563,63.54920158185109,0,1.00017063120998
32,Procurement,Uniform,50.0,361318.8080078816,361318.8080078816,138.41412083075443,2,1.4129358132321106
32,Procurement,Screened,50.31846582913438,361318.8080078816,361318.80798657116,139.2318976123336,0,1.4129358132321106
33,Procurement,Uniform,50.0,366821.1334890373,366821.1334890373,78.71866246220097,4,0.902141859895382
33,Procurement,Screened,50.31383972330286,366821.1334890373,366821.13348903734,79.20616326890988,0,0.902141859895382
34,Procurement,Uniform,50.0,348158.4514897922,348158.4514897922,108.2841909858777,3,1.197747116898321
34,Procurement,Screened,50.33117869544445,348158.4514897922,348158.4514694006,108.929376802062,0,1.197747116898321
35,Procurement,Uniform,50.0,410766.7434348844,410766.7434348844,88.28986040737249,5,1.0249131520051633
35,Procurement,Screened,50.328384025273266,410766.7434348844,410766.7434107909,88.84024846602057,0,1.0249131520051633
36,Procurement,Uniform,50.0,338053.3791395544,338053.3791395544,43.250021466255895,6,0.7397967679778781
36,Procurement,Screened,50.31640310752445,338053.3791395544,338053.37913955445,43.5379006999895,1,0.7397967679778781
37,Procurement,Uniform,50.0,317005.3523789608,317005.3523789608,93.95372395173713,3,1.123966707505942
37,Procurement,Screened,50.314685635912944,317005.3523789608,317005.3523789608,94.51209463053452,0,1.123966707505942
38,Procurement,Uniform,50.0,383214.7698123347,383214.7698123347,120.61828696538146,2,1.2732437951855218
38,Procurement,Screened,50.31376006990601,383214.7698123347,383214.7698123346,121.33861109369367,0,1.2732437951855218
39,Procurement,Uniform,50.0,341489.07684081513,341489.07684081513,63.30717186148503,4,0.8094432036959085
39,Procurement,Screened,50.31818723489205,341489.07684081513,341489.0768206192,63.689293855494725,0,0.8094432036959085
40,Procurement,Uniform,50.0,416997.52624320006,416997.52624320006,142.58243863863996,3,1.3138059648448706
40,Procurement,Screened,50.312472488483955,416997.52624320006,416997.5262185833,143.43785023145867,0,1.3138059648448706
41,Procurement,Uniform,50.0,305014.46233301656,305014.46233301656,68.04503316017572,4,0.8936330354896241
41,Procurement,Screened,50.311903335293735,305014.46233301656,305014.4623156709,68.46290393656825,0,0.8936330354896241
42,Procurement,Uniform,50.0,298631.2071566902,298631.2071566902,49.80101989249565,5,0.7615147443377668
42,Procurement,Screened,50.31895898713667,298631.2071566902,298631.2071390685,50.10560650994857,0,0.7615147443377668
43,Procurement,Uniform,50.0,370589.17564876354,370589.17564876354,47.807982517645065,7,0.5564957159799832
43,Procurement,Screened,50.323553838976515,370589.17564876354,370589.17562695895,48.12246336917359,2,0.5564957159799832
44,Procurement,Uniform,50.0,379561.5228832437,379561.52288324374,105.99711881758644,3,1.0730121924329836
44,Procurement,Screened,50.31749144663024,379561.5228832437,379561.5228716234,106.62555832282396,0,1.0730121924329836
45,Procurement,Uniform,50.0,324133.82976961334,324133.82976961334,88.4813220534187,3,1.051317229841326
45,Procurement,Screened,50.321601624794376,324133.82976961334,324133.82975344243,89.0123905639349,0,1.051317229841326
46,Procurement,Uniform,50.0,320456.74528233724,320456.74528233724,36.3966681446671,7,0.5170012699668884
46,Procurement,Screened,50.31800458693955,320456.74528233724,320456.74526385684,36.644125769276,2,0.5170012699668884
47,Procurement,Uniform,50.0,399114.7372743584,399114.7372743584,156.31691189351193,2,1.3971055326819788
47,Procurement,Screened,50.321020788445175,399114.7372743584,399114.7372743584,157.23634981929578,0,1.3971055326819788
48,Procurement,Uniform,50.0,300236.4967662605,300236.4967662605,97.80106445816789,3,1.3390073106792453
48,Procurement,Screened,50.31238092549053,300236.4967662605,300236.4967662605,98.38013906152263,0,1.3390073106792453
49,Procurement,Uniform,50.0,402806.8055902768,402806.80559027684,109.02640810751643,4,1.143886704712738
49,Procurement,Screened,50.304348354023766,402806.8055902768,402806.8055902767,109.68783091255052,0,1.143886704712738
50,Procurement,Uniform,50.0,284433.3534930225,284433.3534930225,91.38084947143346,2,1.275014261484543
50,Procurement,Screened,50.315635781138084,284433.3534930225,284433.3534761965,91.90170079180031,0,1.275014261484543
51,Procurement,Uniform,50.0,286455.89942223544,286455.89942223544,63.32696718363634,5,1.048725181068463
51,Procurement,Screened,50.3184448689969,286455.89942223544,286455.89940539066,63.71043494272573,0,1.048725181068463
52,Procurement,Uniform,50.0,426477.68390656594,426477.68390656594,49.923250756442464,7,0.5766745066217188
52,Procurement,Screened,50.31884256303658,426477.68390656594,426477.6838815329,50.26645570645154,2,0.5766745066217188
53,Procurement,Uniform,50.0,305802.608789203,305802.608789203,89.99016827594453,2,1.2015011471163466
53,Procurement,Screened,50.32890777104809,305802.608789203,305802.6087711579,90.51053073620056,0,1.2015011471163466
54,Procurement,Uniform,50.0,303753.32696927007,303753.32696927007,61.94625003934409,4,0.8691139401673659
54,Procurement,Screened,50.31308111434055,303753.32696927007,303753.32696927007,62.32310420814041,0,0.8691139401673659
55,Procurement,Uniform,50.0,294317.2476479913,294317.2476479913,29.561779068080355,7,0.5402786387353103
55,Procurement,Screened,50.316043804786794,294317.2476479913,294317.2476479914,29.761237674120647,2,0.5402786387353103
56,Procurement,Uniform,50.0,351775.13756927906,351775.13756927906,73.34515522130025,4,0.8903310056617073
56,Procurement,Screened,50.30829428394267,351775.13756927906,351775.13756927906,73.79920506272697,0,0.8903310056617073
57,Procurement,Uniform,50.0,397017.5141345382,397017.5141345382,119.40705388444759,3,1.1903436830483043
57,Procurement,Screened,50.306988899643336,397017.5141345382,397017.5141345381,120.11435402233107,0,1.1903436830483043
58,Procurement,Uniform,50.0,308932.73302023695,308932.73302023695,93.26505538641005,2,1.3053612061764013
58,Procurement,Screened,50.30626618531439,308932.73302023695,308932.73300227197,93.81584621202217,0,1.3053612061764013
59,Procurement,Uniform,50.0,311460.20635830576,311460.20635830576,97.6700544153911,3,1.343585710975866
59,Procurement,Screened,50.31825801978751,311460.20635830576,311460.2063399547,98.25705569088315,0,1.343585710975866
60,Procurement,Uniform,50.0,358203.15952120104,358203.15952120104,103.49300254157343,3,1.2171375907889006
60,Procurement,Screened,50.31321837837152,358203.15952120104,358203.1595001038,104.11364274644085,0,1.2171375907889006
61,Procurement,Uniform,50.0,390931.9643172484,390931.9643172484,58.785082465972806,6,0.6236849607633603
61,Procurement,Screened,50.327725420159354,390931.9643172484,390931.9642943192,59.159124368226315,1,0.6236849607633603
62,Procurement,Uniform,50.0,315607.5799754179,315607.5799754179,75.29512557681419,3,1.0325286159535811
62,Procurement,Screened,50.31786838116614,315607.5799754179,315607.579956797,75.75139405516246,0,1.0325286159535811
63,Procurement,Uniform,50.0,294087.8439451292,294087.8439451292,73.8421764354527,3,1.2660957039713474
63,Procurement,Screened,50.31687795164394,294087.8439451292,294087.84392817994,74.28622583773688,0,1.2660957039713474
64,Procurement,Uniform,50.0,289102.7103842357,289102.7103842357,100.84971184604743,2,1.3253161299487162
64,Procurement,Screened,50.316264577053275,289102.7103842357,289102.7103671539,101.43063808587215,0,1.3253161299487162
65,Procurement,Uniform,50.0,348384.4480424515,348384.4480424515,71.73244021767768,4,0.8504410434202936
65,Procurement,Screened,50.32732571443144,348384.4480424515,348384.44802206336,72.17097946157392,0,0.8504410434202936
66,Procurement,Uniform,50.0,323083.1018049008,323083.1018049008,97.60943013614484,2,1.396859847984548
66,Procurement,Screened,50.3120447518576,323083.1018049008,323083.1018049007,98.1901886947009,0,1.396859847984548
67,Procurement,Uniform,50.0,327948.7173358021,327948.7173358021,80.00867719470045,3,1.03840252852377
67,Procurement,Screened,50.313516925966624,327948.7173358021,327948.7173170959,80.48313161371595,0,1.03840252852377
68,Procurement,Uniform,50.0,363528.6774292832,363528.67742928315,43.50137119411583,7,0.5048361269368329
68,Procurement,Screened,50.31885225417363,363528.6774292832,363528.6774078323,43.79263605363938,2,0.5048361269368329
69,Procurement,Uniform,50.0,412930.1868984657,412930.1868984657,62.07859267155369,7,0.6972214522429218
69,Procurement,Screened,50.31414102282315,412930.1868984657,412930.1868984657,62.47805192465872,2,0.6972214522429218
70,Procurement,Uniform,50.0,371780.57274900127,371780.57274900127,61.024254105250265,5,0.8666174967110669
70,Procurement,Screened,50.31060358212941,371780.57274900127,371780.5727490013,61.40397098705246,0,0.8666174967110669
71,Procurement,Uniform,50.0,329694.01149228844,329694.01149228844,90.08959789055146,2,1.385935140269997
71,Procurement,Screened,50.312211787155185,329694.01149228844,329694.0114922885,90.63073512033053,0,1.385935140269997
72,Procurement,Uniform,50.0,410889.2989727641,410889.2989727641,91.61077665287232,4,0.8310248682250225
72,Procurement,Screened,50.303080927231306,410889.2989727641,410889.29895942187,92.17236906142001,0,0.8310248682250225
73,Procurement,Uniform,50.0,383740.7037684292,383740.70376842923,122.2346597446361,2,1.1603685932439471
73,Procurement,Screened,50.30349793437773,383740.7037684292,383740.70376842923,122.96278866331194,0,1.1603685932439471
74,Procurement,Uniform,50.0,322948.2852736423,322948.2852736423,114.57566086729769,2,1.337819725892886
74,Procurement,Screened,50.31326975289626,322948.2852736423,322948.2852736423,115.24451549177098,0,1.337819725892886
75,Procurement,Uniform,50.0,391088.6686855442,391088.6686855442,128.6805912774008,3,1.412147309148711
75,Procurement,Screened,50.32537571740038,391088.6686855442,391088.66866256937,129.4410874838993,0,1.412147309148711
76,Procurement,Uniform,50.0,294381.1178074861,294381.1178074861,38.89546011053758,5,0.7063867446329402
76,Procurement,Screened,50.31797695875151,294381.1178074861,294381.1177900884,39.138191846548146,0,0.7063867446329402
77,Procurement,Uniform,50.0,315588.8995053655,315588.8995053655,66.43102771330643,4,0.9550540952399568
77,Procurement,Screened,50.32346880643162,315588.8995053655,315588.89948676253,66.84320720692114,0,0.9550540952399568
78,Procurement,Uniform,50.0,314872.2845345496,314872.2845345496,99.0850222746112,2,1.1673912016298342
78,Procurement,Screened,50.315656917735716,314872.2845345496,314872.284515913,99.66205473639529,0,1.1673912016298342
79,Procurement,Uniform,50.0,287378.77341640845,287378.77341640845,38.190795890625544,5,0.5859736354239833
79,Procurement,Screened,50.3127376602766,287378.77341640845,287378.7734164085,38.41592458882262,0,0.5859736354239833
80,Procurement,Uniform,50.0,421579.58642487467,421579.58642487467,67.78133806138456,6,0.6571153427947121
80,Procurement,Screened,50.32788221511437,421579.58642487467,421579.58640051686,68.21396193470828,1,0.6571153427947121
81,Procurement,Uniform,50.0,335531.63298365707,335531.63298365707,57.15755114001419,5,0.7551700698149406
81,Procurement,Screened,50.309930054528074,335531.63298365707,335531.6329836572,57.50880218626998,0,0.7551700698149406
82,Procurement,Uniform,50.0,355729.9848059747,355729.9848059747,124.39310298053425,2,1.3311588707211337
82,Procurement,Screened,50.325906444142376,355729.9848059747,355729.9847850178,125.14188314492142,0,1.3311588707211337
83,Procurement,Uniform,50.0,322700.95058308105,322700.95058308105,76.19481542929584,3,1.0291724945587415
83,Procurement,Screened,50.309675746749114,322700.95058308105,322700.950583081,76.65774954740563,0,1.0291724945587415
84,Procurement,Uniform,50.0,321495.2228898355,321495.2228898355,67.12512714027696,4,0.9868633550250698
84,Procurement,Screened,50.30597199928976,321495.2228898355,321495.22288983554,67.53759909211352,0,0.9868633550250698
85,Procurement,Uniform,50.0,330420.5077166056,330420.50771660556,49.128666799771906,5,0.6186386160488906
85,Procurement,Screened,50.30967599995783,330420.5077166056,330420.5076988876,49.441068321833434,0,0.6186386160488906
86,Procurement,Uniform,50.0,374803.2171123835,374803.2171123835,58.335649470707544,5,0.7706662794962855
86,Procurement,Screened,50.32461770241934,374803.2171123835,374803.21709030087,58.71489492479481,0,0.7706662794962855
87,Procurement,Uniform,50.0,373876.1115556128,373876.11155561276,87.8431008308389,4,0.849857522087629
87,Procurement,Screened,50.31154427354492,373876.1115556128,373876.1115556127,88.3738523398516,0,0.849857522087629
88,Procurement,Uniform,50.0,340324.96911971713,340324.96911971713,101.44851816049741,3,1.0723492885461243
88,Procurement,Screened,50.32389914696287,340324.96911971713,340324.96909970586,102.05445034058755,0,1.0723492885461243
89,Procurement,Uniform,50.0,323338.6616765233,323338.6616765233,65.5021386589645,5,0.8459822048846779
89,Procurement,Screened,50.33281017642285,323338.6616765233,323338.6616575838,65.91296199113368,0,0.8459822048846779
90,Procurement,Uniform,50.0,370707.0473763306,370707.0473763306,139.6339947371747,2,1.4338535672433843
90,Procurement,Screened,50.32002520979091,370707.0473763306,370707.0473544876,140.4489516751364,0,1.4338535672433843
91,Procurement,Uniform,50.0,364011.53500212525,364011.53500212525,111.45830681508066,3,1.3589623402390965
91,Procurement,Screened,50.31314064372411,364011.53500212525,364011.5350021254,112.12966979785108,0,1.3589623402390965
92,Procurement,Uniform,50.0,284690.05489100266,284690.05489100266,80.19158888858556,3,1.1327480649226374
92,Procurement,Screened,50.306957946529025,284690.05489100266,284690.0548910027,80.66369401351324,0,1.1327480649226374
93,Procurement,Uniform,50.0,415769.3119977332,415769.3119977332,141.945790948231,3,1.400435856630192
93,Procurement,Screened,50.33152816366369,415769.3119977332,415769.3119733946,142.7888679620545,0,1.400435856630192
94,Procurement,Uniform,50.0,303841.29713186366,303841.29713186366,86.80356067570887,2,1.162335342670876
94,Procurement,Screened,50.31683725264472,303841.29713186366,303841.29711389367,87.31837211070618,0,1.162335342670876
95,Procurement,Uniform,50.0,319736.8371064437,319736.8371064437,69.38839920806605,4,0.8741128124748997
95,Procurement,Screened,50.32521098459526,319736.8371064437,319736.83708758093,69.8013853153759,0,0.8741128124748997
96,Procurement,Uniform,50.0,359071.7968836995,359071.7968836995,50.19131509082134,6,0.6709882735628683
96,Procurement,Screened,50.32697903302269,359071.7968836995,359071.796862744,50.51402026590477,1,0.6709882735628683
97,Procurement,Uniform,50.0,406058.4092052508,406058.4092052508,87.32016362966102,5,0.8547503641226284
97,Procurement,Screened,50.32765463970599,406058.4092052508,406058.40918131603,87.85933763618478,0,0.8547503641226284
98,Procurement,Uniform,50.0,360639.0550135341,360639.0550135341,121.43365446267649,2,1.4433058378651662
98,Procurement,Screened,50.31354699389883,360639.0550135341,360639.05501353403,122.15123823895571,0,1.4433058378651662
99,Procurement,Uniform,50.0,285308.61517996306,285308.61517996306,93.59157357576639,2,1.3446843108657935
99,Procurement,Screened,50.306667068144904,285308.61517996306,285308.6151799632,94.13773554780921,0,1.3446843108657935
100,Procurement,Uniform,50.0,296051.7258124009,296051.7258124009,53.15462173243331,5,0.7138287614441134
100,Procurement,Screened,50.32141190166033,296051.7258124009,296051.72579494596,53.48396605287951,0,0.7138287614441134
101,Procurement,Uniform,50.0,318701.6114722529,318701.6114722529,54.44735716300208,5,0.8766334567560761
101,Procurement,Screened,50.31105588683729,318701.6114722529,318701.61147225293,54.78596519699627,0,0.8766334567560761
102,Procurement,Uniform,50.0,404493.7313532275,404493.7313532275,140.05742541858228,2,1.2291828423764235
102,Procurement,Screened,50.318475106127586,404493.7313532275,404493.731329437,140.875397102026,0,1.2291828423764235
103,Procurement,Uniform,50.0,350308.40895581513,350308.40895581513,134.43874002037887,2,1.4450367321467803
103,Procurement,Screened,50.340247233704865,350308.40895581513,350308.40893540526,135.2223197057535,0,1.4450367321467803
104,Procurement,Uniform,50.0,295044.43115763826,295044.43115763826,99.38939887721132,2,1.4852989345855576
104,Procurement,Screened,50.3167311662409,295044.43115763826,295044.4311576384,99.97386693183464,0,1.4852989345855576
105,Procurement,Uniform,50.0,349333.4484369246,349333.4484369246,120.89738283075991,2,1.4759100791657287
105,Procurement,Screened,50.32002110600361,349333.4484369246,349333.44841629505,121.62317788513425,0,1.4759100791657287
106,Procurement,Uniform,50.0,341393.99240391003,341393.99240391003,50.438989959263594,5,0.6442047775378932
106,Procurement,Screened,50.33592263637789,341393.99240391003,341393.9923838568,50.74326398425093,0,0.6442047775378932
107,Procurement,Uniform,50.0,284445.2234769787,284445.2234769787,33.368941003867874,7,0.6700754286101008
107,Procurement,Screened,50.31201549195775,284445.2234769787,284445.2234769787,33.58421540115192,2,0.6700754286101008
108,Procurement,Uniform,50.0,417124.8445491871,417124.8445491871,64.206762051922,5,0.5976985543509543
108,Procurement,Screened,50.31506606510978,417124.8445491871,417124.8445342461,64.61843011489461,0,0.5976985543509543
109,Procurement,Uniform,50.0,419126.1393924942,419126.1393924942,119.64049753391964,4,1.0264875889275915
109,Procurement,Screened,50.33647721742568,419126.1393924942,419126.1393679736,120.36449116866218,0,1.0264875889275915
110,Procurement,Uniform,50.0,309843.1463606473,309843.1463606473,83.34869381596876,3,1.1022175863564234
110,Procurement,Screened,50.32108129947176,309843.1463606473,309843.14634239115,83.85282719592134,0,1.1022175863564234
111,Procurement,Uniform,50.0,300902.2710401058,300902.2710401058,68.10563623381688,4,0.9227318155121988
111,Procurement,Screened,50.31777788766818,300902.2710401058,300902.27103918715,68.51937264258324,0,0.9227318155121988
112,Procurement,Uniform,50.0,288759.324883617,288759.324883617,29.269811180845245,7,0.6095384811473213
112,Procurement,Screened,50.33842904914558,288759.324883617,288759.32486669574,29.46311228512924,2,0.6095384811473213
113,Procurement,Uniform,50.0,281382.0949640237,281382.0949640237,77.85960722435432,3,1.181227499305486
113,Procurement,Screened,50.31316032562814,281382.0949640237,281382.0949640237,78.32446537155234,0,1.181227499305486
114,Procurement,Uniform,50.0,323866.8223468737,323866.8223468737,46.447628532769315,5,0.7010244667596667
114,Procurement,Screened,50.31986039443633,323866.8223468737,323866.82232773537,46.750083243278304,0,0.7010244667596667
115,Procurement,Uniform,50.0,418839.58678854286,418839.58678854286,74.87967610924562,5,0.7467778379995798
115,Procurement,Screened,50.30731887797805,418839.58678854286,418839.58678854274,75.34606784610284,0,0.7467778379995798
116,Procurement,Uniform,50.0,316122.9579736851,316122.9579736851,110.96220212678509,3,1.3580410724745469
116,Procurement,Screened,50.31813224764175,316122.9579736851,316122.957973685,111.6194825033898,0,1.3580410724745469
117,Procurement,Uniform,50.0,328983.4535195349,328983.4535195349,95.06405376474648,2,1.1701512560706364
117,Procurement,Screened,50.310807521302436,328983.4535195349,328983.45351953496,95.62432014636818,0,1.1701512560706364
118,Procurement,Uniform,50.0,348254.51737877884,348254.51737877884,112.98355918134875,3,1.3403166025782536
118,Procurement,Screened,50.30672899714998,348254.51737877884,348254.51735879213,113.6564049197432,0,1.3403166025782536
119,Procurement,Uniform,50.0,348110.76222527924,348110.76222527924,78.66474818401774,4,0.961936683539911
119,Procurement,Screened,50.30778641853796,348110.76222527924,348110.76222527924,79.15145860453234,0,0.961936683539911
120,Procurement,Uniform,50.0,336302.0515562453,336302.0515562453,51.27203545017414,5,0.7144103295221937
120,Procurement,Screened,50.30332514447665,336302.0515562453,336302.0515562453,51.58775354577808,0,0.7144103295221937
121,Procurement,Uniform,50.0,365809.533077385,365809.533077385,80.34832259451365,4,0.8995311900357326
121,Procurement,Screened,50.30391300204741,365809.533077385,365809.53307738504,80.84360677597958,0,0.8995311900357326
122,Procurement,Uniform,50.0,331904.625361215,331904.625361215,119.34382588256526,2,1.498955224925934
122,Procurement,Screened,50.313778249412984,331904.625361215,331904.6253612151,120.04057703090707,0,1.498955224925934
123,Procurement,Uniform,50.0,296505.29236646,296505.29236645997,88.9210661797659,3,1.321215568481973
123,Procurement,Screened,50.31731957267692,296505.29236646,296505.29234896164,89.44818647077105,0,1.321215568481973
124,Procurement,Uniform,50.0,314328.7546480086,314328.7546480086,89.6218859477808,2,1.1647204208433315
124,Procurement,Screened,50.30526782785192,314328.7546480086,314328.7546480085,90.14711206012011,0,1.1647204208433315
125,Procurement,Uniform,50.0,377593.0320516456,377593.03205164557,89.84338437987375,4,0.8403462583227002
125,Procurement,Screened,50.312911052209834,377593.0320516456,377593.03205164545,90.38859056992098,0,0.8403462583227002
126,Procurement,Uniform,50.0,308940.3582306252,308940.35823062516,119.77443484756785,2,1.4956725781638798
126,Procurement,Screened,50.30851179644334,308940.3582306252,308940.35823062505,120.47367708181311,0,1.4956725781638798
127,Procurement,Uniform,50.0,383014.3708003666,383014.3708003666,127.65732963968823,2,1.3454863942168296
127,Procurement,Screened,50.31133921973606,383014.3708003666,383014.37080036657,128.41349414561162,0,1.3454863942168296
128,Procurement,Uniform,50.0,427756.9969267653,427756.9969267653,68.68729666543724,7,0.6603912600549009
128,Procurement,Screened,50.32679001570707,427756.9969267653,427756.99690169207,69.11913727159458,2,0.6603912600549009
129,Procurement,Uniform,50.0,329781.1683333433,329781.1683333433,76.17660262763621,3,0.9289769660469638
129,Procurement,Screened,50.310506695046264,329781.1683333433,329781.16833334323,76.6411468523112,0,0.9289769660469638
130,Procurement,Uniform,50.0,368194.36533264566,368194.36533264566,114.90432010231449,2,1.2103130444153938
130,Procurement,Screened,50.31078744893762,368194.36533264566,368194.3653326456,115.58639441742241,0,1.2103130444153938
131,Procurement,Uniform,50.0,434755.5800713162,434755.5800713162,155.23652534887302,2,1.3179901241321343
131,Procurement,Screened,50.31309871523999,434755.5800713162,434755.5800717034,156.16400744837176,0,1.3179901241321343
132,Procurement,Uniform,50.0,297408.3421714317,297408.34217143175,52.83988748962206,5,0.8016296876690738
132,Procurement,Screened,50.305276733649215,297408.3421714317,297408.34217143175,53.171914700369356,0,0.8016296876690738
133,Procurement,Uniform,50.0,318501.63508577726,318501.63508577726,88.14041492155965,3,1.1545872915266786
133,Procurement,Screened,50.31371728840231,318501.63508577726,318501.63506736,88.66402648531766,0,1.1545872915266786
134,Procurement,Uniform,50.0,298280.6695484646,298280.6695484646,58.79959491330576,4,0.8427431153835707
134,Procurement,Screened,50.311968006156434,298280.6695484646,298280.66954846465,59.14454413822696,0,0.8427431153835707
135,Procurement,Uniform,50.0,291417.5831316451,291417.5831316451,44.82089071948479,5,0.6387930649416562
135,Procurement,Screened,50.31146768395604,291417.5831316451,291417.58311470854,45.101084396093235,0,0.6387930649416562
136,Procurement,Uniform,50.0,412739.6929379477,412739.6929379477,50.572421851736856,7,0.5357567641767521
136,Procurement,Screened,50.31761177462535,412739.6929379477,412739.6929136281,50.91212830777934,2,0.5357567641767521
137,Procurement,Uniform,50.0,282443.16146656725,282443.16146656725,56.43277592179499,4,0.8808064299965972
137,Procurement,Screened,50.32365014242858,282443.16146656725,282443.16146672284,56.76940955027002,0,0.8808064299965972
138,Procurement,Uniform,50.0,363495.5838422551,363495.58384225506,80.19002455176538,4,0.8843021041167346
138,Procurement,Screened,50.30848618603058,363495.5838422551,363495.583842255,80.68534267216975,0,0.8843021041167346
139,Procurement,Uniform,50.0,321040.9690536321,321040.9690536321,101.71386842334965,3,1.3229483556473172
139,Procurement,Screened,50.31881109197329,321040.9690536321,321040.9690354408,102.32470866074239,0,1.3229483556473172
140,Procurement,Uniform,50.0,340956.53458372306,340956.53458372306,72.55746394773593,4,0.7808393477603806
140,Procurement,Screened,50.31740155923093,340956.53458372306,340956.53456361406,73.00593617008481,0,0.7808393477603806
141,Procurement,Uniform,50.0,305401.28448812047,305401.28448812047,55.905004434707415,4,0.7532431279330825
141,Procurement,Screened,50.30718133978712,305401.28448812047,305401.2844881204,56.24675606491604,0,0.7532431279330825
142,Procurement,Uniform,50.0,282897.29776264814,282897.29776264814,94.88045467335884,2,1.461235657609438
142,Procurement,Screened,50.312413487105516,282897.29776264814,282897.2977626482,95.44014776680424,0,1.461235657609438
143,Procurement,Uniform,50.0,428290.33397579065,428290.33397579065,59.52436222977895,7,0.604295701293872
143,Procurement,Screened,50.30688109810921,428290.33397579065,428290.33397579065,59.919313201354434,2,0.604295701293872
144,Procurement,Uniform,50.0,324400.6374371208,324400.6374371208,64.2160899164659,4,0.7729746850847341
144,Procurement,Screened,50.31651759960401,324400.6374371208,324400.63743712066,64.6074184511677,0,0.7729746850847341
145,Procurement,Uniform,50.0,375260.0782143413,375260.0782143413,73.32298188178935,5,0.8529397650790762
145,Procurement,Screened,50.322421732279935,375260.0782143413,375260.0781922469,73.77653293314044,0,0.8529397650790762
146,Procurement,Uniform,50.0,418983.969812416,418983.96981241595,79.60345488599012,5,0.7092380272659179
146,Procurement,Screened,50.3283378765782,418983.969812416,418983.9697879045,80.10493293179196,0,0.7092380272659179
147,Procurement,Uniform,50.0,303689.92957379454,303689.92957379454,118.68983247119573,2,1.4813680710342902
147,Procurement,Screened,50.32055581789917,303689.92957379454,303689.929555921,119.38298855701576,0,1.4813680710342902
148,Procurement,Uniform,50.0,385205.11109964165,385205.11109964165,135.60425706093207,3,1.326175391983602
148,Procurement,Screened,50.31041038404773,385205.11109964165,385205.11109964165,136.40752527337975,0,1.326175391983602
149,Procurement,Uniform,50.0,394324.85344639415,394324.85344639415,151.98271774001398,2,1.4973156780772252
149,Procurement,Screened,50.31006940743009,394324.85344639415,394324.8534463941,152.87097313323918,0,1.4973156780772252
150,Procurement,Uniform,50.0,310648.9367501844,310648.9367501844,42.42085643160611,6,0.717144553601909
150,Procurement,Screened,50.307903112181236,310648.9367501844,310648.9367501844,42.69828150491789,1,0.717144553601909
151,Procurement,Uniform,50.0,395390.1437780437,395390.14377804374,103.88348868892511,4,1.0257062897261204
151,Procurement,Screened,50.310604985726584,395390.1437780437,395390.14375601313,104.50408734928159,0,1.0257062897261204
152,Procurement,Uniform,50.0,426017.89214180375,426017.89214180375,78.06963089994677,5,0.7110658933248263
152,Procurement,Screened,50.316715743264844,426017.89214180375,426017.89211701613,78.56140456384496,0,0.7110658933248263
153,Procurement,Uniform,50.0,383033.0542950011,383033.0542950011,113.82298314370965,3,1.0993060899607348
153,Procurement,Screened,50.3177639563555,383033.0542950011,383033.054272373,114.5153637820797,0,1.0993060899607348
154,Procurement,Uniform,50.0,315583.306096022,315583.306096022,98.13184258605332,3,1.2885554853035197
154,Procurement,Screened,50.31939343401582,315583.306096022,315583.30607762665,98.70408840315794,0,1.2885554853035197
155,Procurement,Uniform,50.0,392794.265377833,392794.26537783304,89.41865939120466,4,1.137772164970738
155,Procurement,Screened,50.30887807753784,392794.265377833,392794.2653778329,89.96116207688492,0,1.137772164970738
156,Procurement,Uniform,50.0,347560.9795645445,347560.9795645445,63.86983838707446,5,0.6760196689991779
156,Procurement,Screened,50.32045514561204,347560.9795645445,347560.979544025,64.26613258686193,0,0.6760196689991779
157,Procurement,Uniform,50.0,286595.8895301334,286595.8895301334,102.65919526411511,2,1.4237681225737862
157,Procurement,Screened,50.31447131887946,286595.8895301334,286595.8895301335,103.2668887874882,0,1.4237681225737862
158,Procurement,Uniform,50.0,404115.9351383244,404115.9351383244,61.73780787292562,5,0.6579659568637832
158,Procurement,Screened,50.3139187484195,404115.9351383244,404115.9351366028,62.140725142921866,0,0.6579659568637832
159,Procurement,Uniform,50.0,409025.9897450021,409025.9897450021,149.71927694865272,2,1.424384566081966
159,Procurement,Screened,50.31570952601982,409025.9897450021,409025.9897450022,150.5935787997437,0,1.424384566081966
160,Procurement,Uniform,50.0,384175.821516555,384175.821516555,35.792307834849375,7,0.5028879733869459
160,Procurement,Screened,50.31839633998333,384175.821516555,384175.82149388455,36.040716107027116,2,0.5028879733869459
161,Procurement,Uniform,50.0,363755.9140892776,363755.9140892776,69.16038914457417,4,0.7752390676263693
161,Procurement,Screened,50.31161673954018,363755.9140892776,363755.9140892776,69.59631604658742,0,0.7752390676263693
162,Procurement,Uniform,50.0,311867.0026043571,311867.0026043571,96.69340988357635,2,1.2952067408498245
162,Procurement,Screened,50.30287098354271,311867.0026043571,311867.0026043571,97.26122361592721,0,1.2952067408498245
163,Procurement,Uniform,50.0,357650.63196315727,357650.63196315727,43.30439871576704,7,0.6887703105803507
163,Procurement,Screened,50.31558615900497,357650.63196315727,357650.63196315756,43.58899159266984,2,0.6887703105803507
164,Procurement,Uniform,50.0,323364.3767969944,323364.3767969944,42.98527325735187,5,0.5691266554215614
164,Procurement,Screened,50.31527390938064,323364.3767969944,323364.3767778602,43.256827701686525,0,0.5691266554215614
165,Procurement,Uniform,50.0,297039.37898980203,297039.37898980203,61.725893973441195,5,0.8609602189870345
165,Procurement,Screened,50.31877177585719,297039.37898980203,297039.3789723334,62.10809790402852,0,0.8609602189870345
166,Procurement,Uniform,50.0,370880.2809583555,370880.2809583555,107.31761239714564,3,1.2747037729110589
166,Procurement,Screened,50.31047866191479,370880.2809583555,370880.2809583555,107.9655562835126,0,1.2747037729110589
167,Procurement,Uniform,50.0,316734.62534502894,316734.62534502894,39.40603342969406,5,0.5589543825358783
167,Procurement,Screened,50.31241869769801,316734.62534502894,316734.6253450288,39.65233498647876,0,0.5589543825358783
168,Procurement,Uniform,50.0,287873.5647178339,287873.5647178339,43.48269132751773,5,0.6298757575874346
168,Procurement,Screened,50.31297755358076,287873.5647178339,287873.56471783394,43.75507984761307,0,0.6298757575874346
169,Procurement,Uniform,50.0,429407.9980203833,429407.9980203833,45.03099752198924,7,0.529176011631794
169,Procurement,Screened,50.312981282900914,429407.9980203833,429407.9980203833,45.349040618609486,2,0.529176011631794
170,Procurement,Uniform,50.0,304943.8512643059,304943.8512643059,116.4931940084215,2,1.3954028680823374
170,Procurement,Screened,50.32066157559276,304943.8512643059,304943.85124633793,117.17823261117428,0,1.3954028680823374
171,Procurement,Uniform,50.0,432933.291693962,432933.29169396195,120.06870929027056,3,1.1053957799641494
171,Procurement,Screened,50.3011555347441,432933.291693962,432933.29169396195,120.78823082784018,0,1.1053957799641494
172,Procurement,Uniform,50.0,428053.2463272544,428053.24632725434,85.01339137494546,5,0.7626274448948652
172,Procurement,Screened,50.33904253776449,428053.2463272544,428053.2463023545,85.5445619593921,0,0.7626274448948652
173,Procurement,Uniform,50.0,419922.3381601295,419922.3381601295,43.235669296180255,7,0.5205161751684837
173,Procurement,Screened,50.31147273672005,419922.3381601295,419922.3381601295,43.533784726632874,2,0.5205161751684837
174,Procurement,Uniform,50.0,358509.9968841779,358509.9968841779,116.83693562050937,2,1.387364107728975
174,Procurement,Screened,50.31309884752156,358509.9968841779,358509.9968841778,117.53712277229333,0,1.387364107728975
175,Procurement,Uniform,50.0,433146.8323672104,433146.8323672104,83.2877857825572,5,0.8614693015873714
175,Procurement,Screened,50.30424814165653,433146.8323672104,433146.8323676929,83.8036107647372,0,0.8614693015873714
176,Procurement,Uniform,50.0,290456.30036951054,290456.30036951054,66.5210476008108,5,1.0567990864202463
176,Procurement,Screened,50.31415095667943,290456.30036951054,290456.30035247083,66.92597692952324,0,1.0567990864202463
177,Procurement,Uniform,50.0,277507.45756523544,277507.45756523544,33.547444868465675,7,0.5625896174016838
177,Procurement,Screened,50.310510448920574,277507.45756523544,277507.45756523544,33.76878687388836,2,0.5625896174016838
178,Procurement,Uniform,50.0,298959.44177372265,298959.44177372265,84.33201937445062,3,1.1307582774056606
178,Procurement,Screened,50.32407853011583,298959.44177372265,298959.4417560946,84.83255955877846,0,1.1307582774056606
179,Procurement,Uniform,50.0,289711.0493584769,289711.0493584769,60.548891959277775,4,0.9567126036574948
179,Procurement,Screened,50.3039813669167,289711.0493584769,289711.04935847694,60.924192361237914,0,0.9567126036574948
180,Procurement,Uniform,50.0,313069.2541001077,313069.2541001077,46.46302898401001,5,0.8177345404820902
180,Procurement,Screened,50.31353242427104,313069.2541001077,313069.2540817002,46.757435473720165,0,0.8177345404820902
181,Procurement,Uniform,50.0,324039.82527220785,324039.82527220785,48.065493549773365,5,0.8349035725715339
181,Procurement,Screened,50.31767538627226,324039.82527220785,324039.8252530498,48.375129977393726,0,0.8349035725715339
182,Procurement,Uniform,50.0,346380.3137016233,346380.31370162335,93.92020398149981,3,1.0565464596331884
182,Procurement,Screened,50.30966411378027,346380.3137016233,346380.3137016233,94.47934871464855,0,1.0565464596331884
183,Procurement,Uniform,50.0,359916.6656486923,359916.6656486923,106.42884093799063,3,1.2682366523151547
183,Procurement,Screened,50.3048146114158,359916.6656486923,359916.6656486924,107.05824510802064,0,1.2682366523151547
184,Procurement,Uniform,50.0,398111.7997754583,398111.7997754583,72.71434122655954,5,0.7594155978259693
184,Procurement,Screened,50.32273007413522,398111.7997754583,398111.7997520398,73.17675363032518,0,0.7594155978259693
185,Procurement,Uniform,50.0,282304.796129333,282304.796129333,107.50140507166724,2,1.4274248021702125
185,Procurement,Screened,50.31379580048661,282304.796129333,282304.796129333,108.12209750341596,0,1.4274248021702125
186,Procurement,Uniform,50.0,391939.14632184175,391939.14632184175,52.51802285368606,6,0.5409850310785563
186,Procurement,Screened,50.30660220496616,391939.14632184175,391939.1463218415,52.87220506257113,1,0.5409850310785563
187,Procurement,Uniform,50.0,299863.9250891146,299863.9250891146,63.56854039976606,4,0.846478566222314
187,Procurement,Screened,50.310315861687855,299863.9250891146,299863.9250891146,63.95073111959749,0,0.846478566222314
188,Procurement,Uniform,50.0,383141.3242885665,383141.3242885665,44.184046574266375,7,0.6380296989112191
188,Procurement,Screened,50.308831873251414,383141.3242885665,383141.3242885666,44.48079172029078,2,0.6380296989112191
189,Procurement,Uniform,50.0,345739.86076771107,345739.86076771107,49.26275360550385,5,0.6658191131902003
189,Procurement,Screened,50.30496718663812,345739.86076771107,345739.86075660744,49.58516202791507,0,0.6658191131902003
190,Procurement,Uniform,50.0,398109.2281372108,398109.2281372108,148.96753142274807,2,1.2775750590298087
190,Procurement,Screened,50.30791737330173,398109.2281372108,398109.22813721065,149.8456934914308,0,1.2775750590298087
191,Procurement,Uniform,50.0,350194.48661866365,350194.48661866365,92.9753274821613,3,1.1466001209678396
191,Procurement,Screened,50.314427367181416,350194.48661866365,350194.48661866365,93.53125416670174,0,1.1466001209678396
192,Procurement,Uniform,50.0,299124.4406468444,299124.4406468444,66.86775368944174,4,0.9745101817961506
192,Procurement,Screened,50.305141054595055,299124.4406468444,299124.44064684445,67.27054416298157,0,0.9745101817961506
193,Procurement,Uniform,50.0,324949.4051089885,324949.4051089885,77.21267453905938,4,1.0769938097487546
193,Procurement,Screened,50.31727839863599,324949.4051089885,324949.40508982976,77.68254516255983,0,1.0769938097487546
194,Procurement,Uniform,50.0,353642.1952734703,353642.1952734703,92.88678854864891,3,1.2441962306061316
194,Procurement,Screened,50.3030283814149,353642.1952734703,353642.19527347037,93.44421370402479,0,1.2441962306061316
195,Procurement,Uniform,50.0,280813.5034124782,280813.5034124782,65.84254733671682,4,1.0351748877118785
195,Procurement,Screened,50.313973606690496,280813.5034124782,280813.50341247814,66.24395524509374,0,1.0351748877118785
196,Procurement,Uniform,50.0,357267.24643550976,357267.24643550976,37.95575998117967,7,0.5496881042413834
196,Procurement,Screened,50.306187104040276,357267.24643550976,357267.24643550965,38.22013640594708,2,0.5496881042413834
197,Procurement,Uniform,50.0,340007.5782792657,340007.5782792657,66.34328774700187,4,0.8381874545428782
197,Procurement,Screened,50.31820214140432,340007.5782792657,340007.57825915364,66.76085303463564,0,0.8381874545428782
198,Procurement,Uniform,50.0,428918.96373126144,428918.96373126144,56.48089926033923,7,0.5264411859992519
198,Procurement,Screened,50.3268643569223,428918.96373126144,428918.96370604995,56.8543196107169,2,0.5264411859992519
199,Procurement,Uniform,50.0,408777.54492997815,408777.54492997815,145.09130402624754,2,1.411128430263772
199,Procurement,Screened,50.32134306041051,408777.54492997815,408777.54490583093,145.95677551111152,0,1.411128430263772
200,Procurement,Uniform,50.0,344489.9703378485,344489.9703378485,101.74944755577431,2,1.2916131141176208
200,Procurement,Screened,50.30609892728016,344489.9703378485,344489.97031750437,102.34432504903374,0,1.2916131141176208
201,Procurement,Uniform,50.0,280513.5887838973,280513.5887838973,77.7851676052792,3,1.0902252361483993
201,Procurement,Screened,50.315727966758814,280513.5887838973,280513.5887685212,78.24451169101854,0,1.0902252361483993
202,Procurement,Uniform,50.0,330496.9442877772,330496.9442877772,81.63412845324513,4,1.0474943879058756
202,Procurement,Screened,50.31527982113466,330496.9442877772,330496.9442877772,82.13128646068171,0,1.0474943879058756
203,Procurement,Uniform,50.0,324206.53933752887,324206.53933752887,81.46452711751667,3,1.0447852890987748
203,Procurement,Screened,50.318115167922,324206.53933752887,324206.53932042676,81.95896019020206,0,1.0447852890987748
204,Procurement,Uniform,50.0,319603.6387998656,319603.6387998656,116.38701174151223,2,1.4574868829469607
204,Procurement,Screened,50.319342839662546,319603.6387998656,319603.6387909646,117.07381912525013,0,1.4574868829469607
205,Procurement,Uniform,50.0,405669.3441085303,405669.3441085303,153.18556638178458,2,1.418185297170504
205,Procurement,Screened,50.32691785040672,405669.3441085303,405669.3440846999,154.098642834124,0,1.418185297170504
206,Procurement,Uniform,50.0,350735.1964141336,350735.1964141336,50.98097849150166,6,0.7164624899609904
206,Procurement,Screened,50.31749138299099,350735.1964141336,350735.1963935633,51.3159588079843,1,0.7164624899609904
207,Procurement,Uniform,50.0,318833.2000701885,318833.2000701885,85.90754025301638,3,1.288894898424783
207,Procurement,Screened,50.31721654965929,318833.2000701885,318833.20005144784,86.42272644031345,0,1.288894898424783
208,Procurement,Uniform,50.0,302052.87620196777,302052.87620196777,55.681595092893076,5,0.7852639953127684
208,Procurement,Screened,50.314867585665745,302052.87620196777,302052.8762019677,56.028482842876436,0,0.7852639953127684
209,Procurement,Uniform,50.0,422151.65742795833,422151.65742795833,66.41177822283063,5,0.7316233193333862
209,Procurement,Screened,50.319950595247136,422151.65742795833,422151.65740701824,66.84017995852638,0,0.7316233193333862
210,Procurement,Uniform,50.0,326028.5539243838,326028.5539243838,58.630774157318605,5,0.7924153223181534
210,Procurement,Screened,50.311799000276004,326028.5539243838,326028.55390612886,59.005623801834496,0,0.7924153223181534
211,Procurement,Uniform,50.0,348963.91235125944,348963.91235125944,39.59236048566606,7,0.5235076962979951
211,Procurement,Screened,50.32393940081439,348963.91235125944,348963.9123306974,39.85311472890445,2,0.5235076962979951
212,Procurement,Uniform,50.0,315482.1238575366,315482.1238575366,97.72687558575186,2,1.1740045845195448
212,Procurement,Screened,50.31089314240398,315482.1238575366,315482.1238575365,98.29723869001845,0,1.1740045845195448
213,Procurement,Uniform,50.0,325666.30979319743,325666.30979319743,97.18245806817443,3,1.1242042936547776
213,Procurement,Screened,50.32139084747308,325666.30979319743,325666.3097740737,97.77070996297067,0,1.1242042936547776
214,Procurement,Uniform,50.0,339465.59156222804,339465.59156222804,109.26408149373194,2,1.1723279585269837
214,Procurement,Screened,50.3108422013198,339465.59156222804,339465.591562228,109.90828761362529,0,1.1723279585269837
215,Procurement,Uniform,50.0,332771.37829032075,332771.37829032075,138.7071290897673,2,1.4885878058388196
215,Procurement,Screened,50.31491372242189,332771.37829032075,332771.378270624,139.50942599397715,0,1.4885878058388196
216,Procurement,Uniform,50.0,326439.3915278296,326439.3915278296,53.207752409223836,5,0.6955496947074404
216,Procurement,Screened,50.3310914588037,326439.3915278296,326439.3915222149,53.54399865247878,0,0.6955496947074404
217,Procurement,Uniform,50.0,424962.1027546503,424962.1027546503,91.15392808230011,4,0.8021680502361803
217,Procurement,Screened,50.31748542511927,424962.1027546503,424962.10272954486,91.72573084153514,0,0.8021680502361803
218,Procurement,Uniform,50.0,417216.71246275,417216.71246275003,166.1464917791909,2,1.421844264000489
218,Procurement,Screened,50.322182715609294,417216.71246275,417216.7124381644,167.133782379337,0,1.421844264000489
219,Procurement,Uniform,50.0,314395.0395553819,314395.0395553819,62.027955994485744,4,0.943949354959606
219,Procurement,Screened,50.31441117932898,314395.0395553819,314395.039555382,62.39434727961499,0,0.943949354959606
220,Procurement,Uniform,50.0,280675.90572854865,280675.90572854865,50.25411019123462,5,0.6989797462811278
220,Procurement,Screened,50.31325314415147,280675.90572854865,280675.9057120566,50.563927219614214,0,0.6989797462811278
221,Procurement,Uniform,50.0,415030.7748953168,415030.7748953168,115.13757220490164,3,1.213845216029566
221,Procurement,Screened,50.30702385435175,415030.7748953168,415030.7748953169,115.83069755190823,0,1.213845216029566
222,Procurement,Uniform,50.0,318252.0970887903,318252.0970887903,47.07945207419399,5,0.6615389806629091
222,Procurement,Screened,50.30417469880566,318252.0970887903,318252.0970887904,47.368218744424254,0,0.6615389806629091
223,Procurement,Uniform,50.0,414017.784288925,414017.784288925,71.28459390899039,5,0.638583023477461
223,Procurement,Screened,50.320608022268516,414017.784288925,414017.7842646075,71.73789105870456,0,0.638583023477461
224,Procurement,Uniform,50.0,309991.8754638183,309991.8754638183,31.830642709902804,7,0.5081088714465378
224,Procurement,Screened,50.30577538025718,309991.8754638183,309991.87546381843,32.04746465354936,2,0.5081088714465378
225,Procurement,Uniform,50.0,323519.31413152977,323519.31413152977,94.19508532702835,3,1.1352806962553244
225,Procurement,Screened,50.31104017799804,323519.31413152977,323519.3141315298,94.74922697346217,0,1.1352806962553244
226,Procurement,Uniform,50.0,362366.0883593084,362366.0883593084,121.98176921446972,2,1.4734016897601705
226,Procurement,Screened,50.31061536638953,362366.0883593084,362366.0883593084,122.69255170518755,0,1.4734016897601705
227,Procurement,Uniform,50.0,282135.0472396877,282135.0472396877,60.463335787494096,4,1.1180733729691403
227,Procurement,Screened,50.30787564129523,282135.0472396877,282135.04723968764,60.82754004799214,0,1.1180733729691403
228,Procurement,Uniform,50.0,389225.4198064449,389225.4198064449,95.43947649693494,3,1.2040991290536582
228,Procurement,Screened,50.30336043728731,389225.4198064449,389225.4198065891,95.99755586239573,0,1.2040991290536582
229,Procurement,Uniform,50.0,313530.49707604555,313530.49707604555,92.54632131647935,2,1.1874099233710416
229,Procurement,Screened,50.30744332093891,313530.49707604555,313530.49707604555,93.09229045706556,0,1.1874099233710416
230,Procurement,Uniform,50.0,418118.584482511,418118.584482511,90.12486620174437,5,0.8569001614254432
230,Procurement,Screened,50.339185365774014,418118.584482511,418118.5844580633,90.69314456184723,0,0.8569001614254432
231,Procurement,Uniform,50.0,314095.4535501702,314095.4535501702,82.43319112179472,3,1.0974980971403068
231,Procurement,Screened,50.308372421513184,314095.4535501702,314095.453533354,82.91942922046807,0,1.0974980971403068
232,Procurement,Uniform,50.0,380596.9588505984,380596.9588505984,42.875409826111515,7,0.5662569223439485
232,Procurement,Screened,50.31519595782999,380596.9588505984,380596.958834694,43.16506871228525,2,0.5662569223439485
233,Procurement,Uniform,50.0,288872.3963229394,288872.3963229394,63.63060867830465,4,0.8602758127569412
233,Procurement,Screened,50.314475399023486,288872.3963229394,288872.3963249868,64.01619969504964,0,0.8602758127569412
234,Procurement,Uniform,50.0,296046.6141298723,296046.6141298723,49.3690793666259,6,0.783283035647595
234,Procurement,Screened,50.32039505459834,296046.6141298723,296046.6141124223,49.66928570877376,1,0.783283035647595
235,Procurement,Uniform,50.0,341843.63746633474,341843.63746633474,36.99474547371139,7,0.5886575005740107
235,Procurement,Screened,50.32193334715101,341843.63746633474,341843.6374705692,37.23068527768841,2,0.5886575005740107
236,Procurement,Uniform,50.0,369707.2075368602,369707.2075368602,71.30189788061338,5,0.8374741666178072
236,Procurement,Screened,50.30893713045994,369707.2075368602,369707.2075210852,71.74522752862056,0,0.8374741666178072
237,Procurement,Uniform,50.0,411070.76648361946,411070.76648361946,101.7000494799988,4,1.03805091338038
237,Procurement,Screened,50.327797591310265,411070.76648361946,411070.7664595756,102.32595382451092,0,1.03805091338038
238,Procurement,Uniform,50.0,294035.32864584494,294035.32864584494,28.688342906575038,7,0.5259977714227787
238,Procurement,Screened,50.32895925686974,294035.32864584494,294035.32862857333,28.884961454682053,2,0.5259977714227787
239,Procurement,Uniform,50.0,342756.8179553816,342756.8179553816,73.78698547145423,4,0.955115366198474
239,Procurement,Screened,50.31028397750551,342756.8179553816,342756.8179553816,74.23462096003071,0,0.955115366198474
240,Procurement,Uniform,50.0,279566.2322828522,279566.2322828522,92.71843798866452,2,1.3870339172032091
240,Procurement,Screened,50.3106078111006,279566.2322828522,279566.2322663718,93.2675909627108,0,1.3870339172032091
241,Procurement,Uniform,50.0,297392.4548980135,297392.4548980135,44.945921182683044,5,0.7941612211659763
241,Procurement,Screened,50.30744852742532,297392.4548980135,297392.45489801344,45.21514634383427,0,0.7941612211659763
242,Procurement,Uniform,50.0,365530.1362843303,365530.1362843303,77.7019956717388,4,0.9712240012266364
242,Procurement,Screened,50.32282417970425,365530.1362843303,365530.1362638855,78.17190733453552,0,0.9712240012266364
243,Procurement,Uniform,50.0,358447.5980836026,358447.5980836026,119.27449037357385,2,1.4207190021769538
243,Procurement,Screened,50.30648573899907,358447.5980836026,358447.59806241054,119.95242759269605,0,1.4207190021769538
244,Procurement,Uniform,50.0,424124.4664246534,424124.4664246534,61.58236564663902,6,0.6643733252818597
244,Procurement,Screened,50.30797590989679,424124.4664246534,424124.4664246533,61.986545918808254,1,0.6643733252818597
245,Procurement,Uniform,50.0,371060.0292333085,371060.0292333085,124.33507321179519,2,1.3466071083925066
245,Procurement,Screened,50.31263634758433,371060.0292333085,371060.0292333086,125.06861826421614,0,1.3466071083925066
246,Procurement,Uniform,50.0,391987.2612342685,391987.2612342685,148.32267883737603,2,1.408795430047233
246,Procurement,Screened,50.31114728139739,391987.2612342685,391987.2612342684,149.19524003491765,0,1.408795430047233
247,Procurement,Uniform,50.0,413246.7921565562,413246.7921565562,112.26547517148431,3,1.1152662717072044
247,Procurement,Screened,50.315210309422376,413246.7921565562,413246.79215655616,112.9397085010162,0,1.1152662717072044
248,Procurement,Uniform,50.0,305772.6032450208,305772.6032450208,80.57329343966964,3,1.0311944467955665
248,Procurement,Screened,50.30864173055642,305772.6032450208,305772.60324502084,81.05099770273544,0,1.0311944467955665
249,Procurement,Uniform,50.0,417636.9029818878,417636.9029818878,141.3405462471408,2,1.238568553121992
249,Procurement,Screened,50.33021634534818,417636.9029818878,417636.90295732627,142.1758166646854,0,1.238568553121992
250,Procurement,Uniform,50.0,338548.21428936045,338548.21428936045,46.8845324817975,6,0.6463112362176454
250,Procurement,Screened,50.31759515076169,338548.21428936045,338548.2142734148,47.18726277183337,1,0.6463112362176454
251,Procurement,Uniform,50.0,340249.2231368643,340249.2231368643,44.94958666215764,7,0.6126215606441769
251,Procurement,Screened,50.312305139864606,340249.2231368643,340249.2231368644,45.249951590896025,2,0.6126215606441769
252,Procurement,Uniform,50.0,384312.1082240367,384312.1082240367,79.92239428568163,4,0.8585631639966163
252,Procurement,Screened,50.305016893572244,384312.1082240367,384312.10820134333,80.40860869702473,0,0.8585631639966163
253,Procurement,Uniform,50.0,356109.55643633765,356109.55643633765,86.01966619172853,4,1.1384569243728393
253,Procurement,Screened,50.32299128185628,356109.55643633765,356109.5564154391,86.53732225501399,0,1.1384569243728393
254,Procurement,Uniform,50.0,299462.21577664826,299462.21577664826,77.97815355439056,3,1.0826521825600652
254,Procurement,Screened,50.30943002562402,299462.21577664826,299462.2157766483,78.44737214076193,0,1.0826521825600652
255,Procurement,Uniform,50.0,298384.159936437,298384.159936437,49.698123898066044,5,0.719642135745987
255,Procurement,Screened,50.311848027416126,298384.159936437,298384.1599364369,50.01439508726162,0,0.719642135745987
256,Procurement,Uniform,50.0,393341.0520495428,393341.0520495428,138.89406612092466,3,1.2870292130232337
256,Procurement,Screened,50.314919782155805,393341.0520495428,393341.0520495429,139.72397006210724,0,1.2870292130232337
257,Procurement,Uniform,50.0,285548.9152795929,285548.9152795929,83.0607883637332,3,1.1302310118017118
257,Procurement,Screened,50.30482952899435,285548.9152795929,285548.9152795929,83.55659823755715,0,1.1302310118017118
258,Procurement,Uniform,50.0,380474.3267196972,380474.3267196972,98.980341946831,3,1.0671882400907178
258,Procurement,Screened,50.31425186940626,380474.3267196972,380474.3267196974,99.5843450539605,0,1.0671882400907178
259,Procurement,Uniform,50.0,379075.005467572,379075.00546757196,69.89401497341353,5,0.726497135850119
259,Procurement,Screened,50.32002689340742,379075.005467572,379075.00544529274,70.33994409289124,0,0.726497135850119
260,Procurement,Uniform,50.0,342513.81628903805,342513.81628903805,88.24285724030611,4,1.026254584222806
260,Procurement,Screened,50.320433650344256,342513.81628903805,342513.816268908,88.75929703785039,0,1.026254584222806
261,Procurement,Uniform,50.0,326686.8818905651,326686.8818905651,40.71470220886609,7,0.5839927250076584
261,Procurement,Screened,50.31650852531254,326686.8818905651,326686.88187136187,40.98439760510001,2,0.5839927250076584
262,Procurement,Uniform,50.0,339983.684737032,339983.684737032,82.47036545521914,4,0.9466851052674404
262,Procurement,Screened,50.32127617097622,339983.684737032,339983.6847370321,82.97241705258087,0,0.9466851052674404
263,Procurement,Uniform,50.0,315170.43485718244,315170.43485718244,53.901740928094775,5,0.7824544960071678
263,Procurement,Screened,50.31589528095256,315170.43485718244,315170.43484058033,54.24609234027634,0,0.7824544960071678
264,Procurement,Uniform,50.0,424010.8329770058,424010.8329770058,117.45738437689799,4,1.1029046508523122
264,Procurement,Screened,50.33320299875548,424010.8329770058,424010.8329559052,118.17021503738013,0,1.1029046508523122
265,Procurement,Uniform,50.0,347474.0330299642,347474.0330299642,53.03831917170743,5,0.6647836666687853
265,Procurement,Screened,50.30978683118517,347474.0330299642,347474.03300958534,53.37699748626924,0,0.6647836666687853
266,Procurement,Uniform,50.0,390964.72449701,390964.72449701,121.82358795498882,3,1.315901883158413
266,Procurement,Screened,50.31439720084395,390964.72449701,390964.7244970101,122.54841481402684,0,1.315901883158413
267,Procurement,Uniform,50.0,374056.3484480812,374056.3484480812,135.65669241273585,2,1.4653082529451402
267,Procurement,Screened,50.301012012846044,374056.3484480812,374056.3484480812,136.44614305317722,0,1.4653082529451402
268,Procurement,Uniform,50.0,309068.5377072615,309068.5377072615,90.3257922567282,3,1.0916488164066385
268,Procurement,Screened,50.31355661340763,309068.5377072615,309068.5377072616,90.85984520519126,0,1.0916488164066385
269,Procurement,Uniform,50.0,284272.051948562,284272.051948562,71.05923597257711,2,1.074609524105055
269,Procurement,Screened,50.301768831212456,284272.051948562,284272.0519485619,71.47965053544566,0,1.074609524105055
270,Procurement,Uniform,50.0,398007.430542482,398007.43054248195,104.0840390729971,3,1.1141823119118883
270,Procurement,Screened,50.30736860937297,398007.430542482,398007.43054248206,104.71658421671479,0,1.1141823119118883
271,Procurement,Uniform,50.0,411644.4921146418,411644.4921146418,68.99073219906265,5,0.7117049313697286
271,Procurement,Screened,50.318217504118145,411644.4921146418,411644.49211464176,69.43029440038742,0,0.7117049313697286
272,Procurement,Uniform,50.0,310973.17521721206,310973.17521721206,71.0374511659666,4,0.9346290656902012
272,Procurement,Screened,50.315504023229074,310973.17521721206,310973.17519885435,71.47007976708095,0,0.9346290656902012
273,Procurement,Uniform,50.0,355744.323956558,355744.323956558,51.630194064795326,7,0.5797128443531085
273,Procurement,Screened,50.32062252321815,355744.323956558,355744.32393564715,51.969230311516235,2,0.5797128443531085
274,Procurement,Uniform,50.0,334316.9328459775,334316.9328459775,98.6616085437373,3,1.1970037825849118
274,Procurement,Screened,50.32617976353726,334316.9328459775,334316.9328262652,99.24651190447013,0,1.1970037825849118
275,Procurement,Uniform,50.0,432721.65730555344,432721.65730555344,76.61679879504969,5,0.7578723525568697
275,Procurement,Screened,50.30868450937441,432721.65730555344,432721.65730555344,77.11448733683676,0,0.7578723525568697
276,Procurement,Uniform,50.0,340354.2288658296,340354.2288658296,54.66210767290888,5,0.6744337858807867
276,Procurement,Screened,50.31911500619058,340354.2288658296,340354.22884572786,54.9924290407576,0,0.6744337858807867
277,Procurement,Uniform,50.0,302183.32774418034,302183.32774418034,50.81224819999794,5,0.6550142598680287
277,Procurement,Screened,50.31431469314094,302183.32774418034,302183.3277441802,51.13066963249573,0,0.6550142598680287
278,Procurement,Uniform,50.0,403803.8778082545,403803.8778082545,136.65346968697045,3,1.3823625264795427
278,Procurement,Screened,50.31942373582807,403803.8778082545,403803.87778461067,137.4625323863939,0,1.3823625264795427
279,Procurement,Uniform,50.0,353198.99229543604,353198.99229543604,43.032637646187105,7,0.5914592283908952
279,Procurement,Screened,50.3119607652466,353198.99229543604,353198.99227518117,43.324576272527786,2,0.5914592283908952
280,Procurement,Uniform,50.0,295404.1992636991,295404.1992636991,45.479083930385144,5,0.6967253407056937
280,Procurement,Screened,50.32100971212787,295404.1992636991,295404.1992463056,45.7569017405783,0,0.6967253407056937
281,Procurement,Uniform,50.0,321666.3552560109,321666.3552560109,57.66319588116027,5,0.98739942704719
281,Procurement,Screened,50.32358647658842,321666.3552560109,321666.35525641293,57.995503381565335,0,0.98739942704719
282,Procurement,Uniform,50.0,371905.7852487352,371905.7852487352,109.44068654439872,3,1.1905288181573328
282,Procurement,Screened,50.31270729717126,371905.7852487352,371905.7852487352,110.10296753405213,0,1.1905288181573328
283,Procurement,Uniform,50.0,362196.5139302173,362196.5139302173,106.90435086516234,3,1.1200195353594435
283,Procurement,Screened,50.3258235259664,362196.5139302173,362196.5139088465,107.5296355859234,0,1.1200195353594435
284,Procurement,Uniform,50.0,311135.9913480461,311135.9913480461,44.935977392150505,5,0.6400302940691085
284,Procurement,Screened,50.30329376162776,311135.9913480461,311135.9913480461,45.22238587472984,0,0.6400302940691085
285,Procurement,Uniform,50.0,281760.834763294,281760.83476329397,60.64196510856766,3,0.8516235818723146
285,Procurement,Screened,50.308470308697956,281760.834763294,281760.83476329385,61.01222096778727,0,0.8516235818723146
286,Procurement,Uniform,50.0,309759.2339087047,309759.2339087047,34.02654396325485,7,0.5181980333963321
286,Procurement,Screened,50.33376558939278,309759.2339087047,309759.2338905347,34.24050841208165,2,0.5181980333963321
287,Procurement,Uniform,50.0,360369.8722702014,360369.8722702014,66.99817043819593,5,0.789066723781785
287,Procurement,Screened,50.312891199123,360369.8722702014,360369.87227020145,67.42107157391148,0,0.789066723781785
288,Procurement,Uniform,50.0,310411.3070946625,310411.3070946625,100.23317268187053,3,1.3218492037637468
288,Procurement,Screened,50.306686063325934,310411.3070946625,310411.3070946625,100.82753040502357,0,1.3218492037637468
289,Procurement,Uniform,50.0,312020.2675147755,312020.2675147755,48.88074013512164,5,0.7069562232703025
289,Procurement,Screened,50.32570144216056,312020.2675147755,312020.2674963586,49.18917243870606,0,0.7069562232703025
290,Procurement,Uniform,50.0,409489.12014351645,409489.12014351645,99.26267347617936,4,1.172393458464975
290,Procurement,Screened,50.32563127787855,409489.12014351645,409489.1201194423,99.87259588045191,0,1.172393458464975
291,Procurement,Uniform,50.0,389260.63365817576,389260.63365817576,60.48184446095062,7,0.7505126830265982
291,Procurement,Screened,50.329516705650406,389260.63365817576,389260.6336581756,60.873418761445045,2,0.7505126830265982
292,Procurement,Uniform,50.0,314634.4185254016,314634.4185254016,61.75459070023596,5,0.8590299443038598
292,Procurement,Screened,50.32520645650672,314634.4185254016,314634.41850693757,62.14310432907455,0,0.8590299443038598
293,Procurement,Uniform,50.0,355824.67540857324,355824.67540857324,103.28693949287022,3,1.1287692811063563
293,Procurement,Screened,50.31155686626187,355824.67540857324,355824.67540857324,103.90756844848748,0,1.1287692811063563
294,Procurement,Uniform,50.0,344608.9622533213,344608.9622533213,109.97489378027284,3,1.3588476255226285
294,Procurement,Screened,50.31674413694329,344608.9622533213,344608.9622533214,110.631758526599,0,1.3588476255226285
295,Procurement,Uniform,50.0,349613.4895059711,349613.4895059711,82.51637535214915,4,0.8773039090376655
295,Procurement,Screened,50.30858441356277,349613.4895059711,349613.48950597114,83.02505263423275,0,0.8773039090376655
296,Procurement,Uniform,50.0,309078.714169721,309078.714169721,114.67995625698728,2,1.3635783915001125
296,Procurement,Screened,50.313085434316555,309078.714169721,309078.7141697209,115.35283354059591,0,1.3635783915001125
297,Procurement,Uniform,50.0,382197.934511926,382197.934511926,72.70189521361273,5,0.713040771520465
297,Procurement,Screened,50.30962484286135,382197.934511926,382197.934511926,73.15634227626194,0,0.713040771520465
298,Procurement,Uniform,50.0,284995.7496041998,284995.7496041998,78.18306367079457,3,1.3781302894232377
298,Procurement,Screened,50.312355185271024,284995.7496041998,284995.74960419984,78.64978972405171,0,1.3781302894232377
299,Procurement,Uniform,50.0,351010.51910237805,351010.51910237805,116.25486222796341,2,1.2820691603180898
299,Procurement,Screened,50.31831835837053,351010.51910237805,351010.51908162294,116.92705982683044,0,1.2820691603180898
300,Procurement,Uniform,50.0,406817.4671594471,406817.4671594471,66.22390478649744,5,0.6208184892008457
300,Procurement,Screened,50.32063156001848,406817.4671594471,406817.46713543,66.6536861025278,0,0.6208184892008457
301,Procurement,Uniform,50.0,316981.3360376656,316981.3360376656,86.50311645798881,3,1.1055321397360744
301,Procurement,Screened,50.303259375130125,316981.3360376656,316981.33603766566,87.02237089173711,0,1.1055321397360744
302,Procurement,Uniform,50.0,354584.0269274227,354584.0269274227,45.69598423620044,7,0.6806411107666591
302,Procurement,Screened,50.33036844015741,354584.0269274227,354584.02691539924,45.98973741802202,2,0.6806411107666591
303,Procurement,Uniform,50.0,305674.0347139973,305674.0347139973,42.34088969809514,5,0.7175350097540533
303,Procurement,Screened,50.30847664776219,305674.0347139973,305674.0347139974,42.61178618793971,0,0.7175350097540533
304,Procurement,Uniform,50.0,344342.7800262096,344342.7800262096,94.55520279056527,3,1.2652059780204723
304,Procurement,Screened,50.30817262972295,344342.7800262096,344342.7800262096,95.11656315414008,0,1.2652059780204723
305,Procurement,Uniform,50.0,318959.7314343337,318959.7314343337,64.22320034245962,4,0.9182113958909984
305,Procurement,Screened,50.320001919275434,318959.7314343337,318959.7314154741,64.60905792114227,0,0.9182113958909984
306,Procurement,Uniform,50.0,336667.7416702596,336667.7416702596,123.04037734360237,2,1.489666532905352
306,Procurement,Screened,50.30771614301364,336667.7416702596,336667.7416702595,123.75531981505569,0,1.489666532905352
307,Procurement,Uniform,50.0,364537.4107849387,364537.4107849387,73.94405591863122,4,0.8855507683161956
307,Procurement,Screened,50.30887111435303,364537.4107849387,364537.4107849387,74.39973195057178,0,0.8855507683161956
308,Procurement,Uniform,50.0,322434.62911883835,322434.62911883835,97.48462323905093,2,1.4454002426492774
308,Procurement,Screened,50.30859552861944,322434.62911883835,322434.62909985636,98.064991800999,0,1.4454002426492774
309,Procurement,Uniform,50.0,280529.4044372043,280529.4044372043,42.839790174920275,5,0.7025730045117066
309,Procurement,Screened,50.31154542210418,280529.4044372043,280529.40443720424,43.10999996439835,0,0.7025730045117066
310,Procurement,Uniform,50.0,314151.4876349972,314151.4876349972,65.41078349742935,4,0.8970351181179324
310,Procurement,Screened,50.325578160303166,314151.4876349972,314151.48761889257,65.81165778622646,0,0.8970351181179324
311,Procurement,Uniform,50.0,373456.71950302616,373456.71950302616,62.09104750960687,6,0.7307028907956425
311,Procurement,Screened,50.328520561716196,373456.71950302616,373456.719481197,62.48390089816703,1,0.7307028907956425
312,Procurement,Uniform,50.0,307680.7032225396,307680.70322253957,53.88199969138232,5,0.8108789976505908
312,Procurement,Screened,50.319881076023634,307680.7032225396,307680.70320445916,54.223498511624285,0,0.8108789976505908
313,Procurement,Uniform,50.0,423008.15729775815,423008.15729775815,53.47074453424997,7,0.5995686164527018
313,Procurement,Screened,50.32596098018358,423008.15729775815,423008.1572730345,53.82296665610832,2,0.5995686164527018
314,Procurement,Uniform,50.0,379083.58180320775,379083.58180320775,83.62934870758536,4,1.088123026104645
314,Procurement,Screened,50.30760270861604,379083.58180320775,379083.58180320763,84.14822304653003,0,1.088123026104645
315,Procurement,Uniform,50.0,283676.1736998118,283676.1736998118,46.93346197868425,5,0.752643661629667
315,Procurement,Screened,50.30227966826883,283676.1736998118,283676.17369981186,47.22089714912847,0,0.752643661629667
316,Procurement,Uniform,50.0,389686.3544036054,389686.3544036054,126.98792256118823,3,1.2592766405766969
316,Procurement,Screened,50.33447278749418,389686.3544036054,389686.3543886499,127.75387566359164,0,1.2592766405766969
317,Procurement,Uniform,50.0,310547.7704071959,310547.7704071959,81.73751392594153,3,1.220114374324404
317,Procurement,Screened,50.30731680893978,310547.7704071959,310547.770407196,82.22849374994532,0,1.220114374324404
318,Procurement,Uniform,50.0,307910.4411530503,307910.4411530503,59.69841276424376,4,0.797056691597223
318,Procurement,Screened,50.31098273980633,307910.4411530503,307910.4411530504,60.029565598461566,0,0.797056691597223
319,Procurement,Uniform,50.0,312178.6571988128,312178.6571988128,43.4693046432616,5,0.6270166605991372
319,Procurement,Screened,50.306955858356396,312178.6571988128,312178.6571988128,43.75442725343896,0,0.6270166605991372
320,Procurement,Uniform,50.0,393032.6078734964,393032.6078734964,68.39719584485172,5,0.8699505317329224
320,Procurement,Screened,50.32724746976225,393032.6078734964,393032.60785135295,68.83429415030564,0,0.8699505317329224
321,Procurement,Uniform,50.0,313196.7985581225,313196.7985581225,77.95916571096625,4,1.077602193373375
321,Procurement,Screened,50.31898940715035,313196.7985581225,313196.7985588647,78.42989010074984,0,1.077602193373375
322,Procurement,Uniform,50.0,432392.2902279735,432392.2902279735,97.61800369162441,4,0.925286444365878
322,Procurement,Screened,50.313036995988696,432392.2902279735,432392.29022797325,98.2171578142406,0,0.925286444365878
323,Procurement,Uniform,50.0,315202.9909733436,315202.9909733436,112.12566297223385,2,1.4753792878320875
323,Procurement,Screened,50.31955964128365,315202.9909733436,315202.9909548271,112.7874411767265,0,1.4753792878320875
324,Procurement,Uniform,50.0,335016.61998104583,335016.61998104583,92.93511999568608,3,1.3249782589482555
324,Procurement,Screened,50.31579983918298,335016.61998104583,335016.61996124405,93.48311331530614,0,1.3249782589482555
325,Procurement,Uniform,50.0,382974.0930204253,382974.09302042524,88.85640927942194,4,0.87371245030804
325,Procurement,Screened,50.309241762845716,382974.0930204253,382974.0930204252,89.40438184305513,0,0.87371245030804
326,Procurement,Uniform,50.0,300928.8563388392,300928.85633883916,82.37307285975116,3,1.0904929527311262
326,Procurement,Screened,50.308336920394886,300928.8563388392,300928.85633883905,82.86608842289077,0,1.0904929527311262
327,Procurement,Uniform,50.0,358104.20862145536,358104.20862145536,102.830062077329,4,1.0236690906202446
327,Procurement,Screened,50.30844131720672,358104.20862145536,358104.20862145536,103.44771349233656,0,1.0236690906202446
328,Procurement,Uniform,50.0,340818.09645729617,340818.09645729617,107.17947502444134,3,1.4529379358008605
328,Procurement,Screened,50.3239713669905,340818.09645729617,340818.0964572962,107.80898823345753,0,1.4529379358008605
329,Procurement,Uniform,50.0,308215.1473898865,308215.1473898865,92.16802278649698,2,1.367768701747
329,Procurement,Screened,50.312067420374674,308215.1473898865,308215.14738988655,92.71307872220395,0,1.367768701747
330,Procurement,Uniform,50.0,362325.7548959176,362325.7548959176,120.59034506392807,2,1.481812713934005
330,Procurement,Screened,50.30685333738771,362325.7548959176,362325.7548959176,121.30838765839694,0,1.481812713934005
331,Procurement,Uniform,50.0,408252.4127186688,408252.41271866875,61.90821256211981,6,0.6258472068319554
331,Procurement,Screened,50.325456439554344,408252.4127186688,408252.4126946657,62.31457192302639,1,0.6258472068319554
332,Procurement,Uniform,50.0,408560.2620981348,408560.2620981348,142.7562510959393,2,1.333606516185637
332,Procurement,Screened,50.313686252883976,408560.2620981348,408560.2620981347,143.60026241834183,0,1.333606516185637
333,Procurement,Uniform,50.0,379242.4143954665,379242.41439546645,74.78340266313079,4,0.775472391221238
333,Procurement,Screened,50.318319071702945,379242.4143954665,379242.4143730485,75.25873744585382,0,0.775472391221238
334,Procurement,Uniform,50.0,338133.8811532884,338133.8811532884,70.80763197420691,5,0.9104559005706938
334,Procurement,Screened,50.31174970888839,338133.8811532884,338133.8811532885,71.24402132423745,0,0.9104559005706938
335,Procurement,Uniform,50.0,297853.0401331044,297853.04013310437,60.7602723205271,4,0.8363151480718243
335,Procurement,Screened,50.3175737370861,297853.0401331044,297853.04011548497,61.126646130715585,0,0.8363151480718243
336,Procurement,Uniform,50.0,368757.4935714351,368757.4935714351,102.01168746353964,3,1.1332129198732468
336,Procurement,Screened,50.30188562354553,368757.4935714351,368757.493571435,102.62058100612528,0,1.1332129198732468
337,Procurement,Uniform,50.0,395757.59540387546,395757.59540387546,126.98043718070195,3,1.1510658612337892
337,Procurement,Screened,50.31593434547135,395757.59540387546,395757.5953805712,127.72916400554384,0,1.1510658612337892
338,Procurement,Uniform,50.0,345761.7429579667,345761.7429579667,94.5168884926168,3,1.0494601193536883
338,Procurement,Screened,50.325814989703225,345761.7429579667,345761.7429580835,95.0843034595234,0,1.0494601193536883
339,Procurement,Uniform,50.0,358459.55211045337,358459.55211045337,39.71653619436373,7,0.5144999734407696
339,Procurement,Screened,50.32647137617813,358459.55211045337,358459.55208933254,39.99231525028011,2,0.5144999734407696
340,Procurement,Uniform,50.0,306781.16890686366,306781.16890686366,27.607485338194078,7,0.5064121675917713
340,Procurement,Screened,50.31851742770141,306781.16890686366,306781.16890686355,27.7965219863883,2,0.5064121675917713
341,Procurement,Uniform,50.0,349707.7051107916,349707.7051107916,90.21057442548693,3,1.1987989425870151
341,Procurement,Screened,50.306934943524816,349707.7051107916,349707.70511079166,90.75626331022109,0,1.1987989425870151
342,Procurement,Uniform,50.0,323107.83935036056,323107.83935036056,65.73785224995285,5,0.9705649376268256
342,Procurement,Screened,50.321119327489924,323107.83935036056,323107.8393314093,66.14482854106856,0,0.9705649376268256
343,Procurement,Uniform,50.0,306361.40388814645,306361.40388814645,43.663855593586845,5,0.5962685611609505
343,Procurement,Screened,50.30436219733946,306361.40388814645,306361.4038881464,43.938567965499345,0,0.5962685611609505
344,Procurement,Uniform,50.0,333665.1707617266,333665.1707617266,57.12180256932897,5,0.8001523167549993
344,Procurement,Screened,50.30134034083862,333665.1707617266,333665.1707455694,57.47911748123845,0,0.8001523167549993
345,Procurement,Uniform,50.0,289617.3775751931,289617.3775751931,68.3383935945396,3,0.9405965248358684
345,Procurement,Screened,50.31246556333003,289617.3775751931,289617.37757519307,68.75594676068745,0,0.9405965248358684
346,Procurement,Uniform,50.0,284184.3077427233,284184.3077427233,52.99254956096277,5,0.7155919307959259
346,Procurement,Screened,50.31000248082754,284184.3077427233,284184.3077436547,53.318747367612424,0,0.7155919307959259
347,Procurement,Uniform,50.0,302858.5993724916,302858.5993724916,66.46959629544149,4,0.8625239979835528
347,Procurement,Screened,50.30462222843133,302858.5993724916,302858.5993724916,66.84335724991794,0,0.8625239979835528
348,Procurement,Uniform,50.0,349905.25211992,349905.25211992,49.51043505848753,6,0.6546133801679905
348,Procurement,Screened,50.320378958938015,349905.25211992,349905.2520992396,49.83318490292521,1,0.6546133801679905
349,Procurement,Uniform,50.0,297482.01369191497,297482.01369191497,105.30327448815454,2,1.3992146319578065
349,Procurement,Screened,50.312480046419026,297482.01369191497,297482.01367445313,105.917919446979,0,1.3992146319578065
350,Procurement,Uniform,50.0,393150.204785855,393150.204785855,121.39244133399833,3,1.2158336018867542
350,Procurement,Screened,50.3198943195515,393150.204785855,393150.2047626523,122.11493058503612,0,1.2158336018867542
351,Procurement,Uniform,50.0,335104.6964666109,335104.6964666109,97.73786536242656,3,1.1822615431193495
351,Procurement,Screened,50.31096779421233,335104.6964666109,335104.6964666109,98.32228459787069,0,1.1822615431193495
352,Procurement,Uniform,50.0,409475.49294760026,409475.49294760026,156.78990510544315,2,1.471497755794379
352,Procurement,Screened,50.31162488741317,409475.49294760026,409475.4929476004,157.71623172335225,0,1.471497755794379
353,Procurement,Uniform,50.0,287180.5071530411,287180.5071530411,31.46108700414398,7,0.5777714186726376
353,Procurement,Screened,50.30247521339322,287180.5071530411,287180.5071530411,31.677173939532118,2,0.5777714186726376
354,Procurement,Uniform,50.0,285295.8964182837,285295.89641828375,57.70551936398255,4,0.8298422305630205
354,Procurement,Screened,50.3184049247595,285295.8964182837,285295.8964014142,58.064493000520535,0,0.8298422305630205
355,Procurement,Uniform,50.0,315325.5003441916,315325.5003441916,92.0248619905305,3,1.171377548203551
355,Procurement,Screened,50.33017150328081,315325.5003441916,315325.5003257481,92.57115534673983,0,1.171377548203551
356,Procurement,Uniform,50.0,312225.83906256745,312225.83906256745,103.02740822463116,2,1.4066824704950776
356,Procurement,Screened,50.30388165831032,312225.83906256745,312225.8390542928,103.62784305730594,0,1.4066824704950776
357,Procurement,Uniform,50.0,279660.06947331177,279660.06947331177,72.95704297937066,4,1.031740114528245
357,Procurement,Screened,50.324109728422236,279660.06947331177,279660.06945692643,73.39440935643286,0,1.031740114528245
358,Procurement,Uniform,50.0,294444.74275527743,294444.74275527743,88.6575332088314,3,1.2286401968856069
358,Procurement,Screened,50.31362901401805,294444.74275527743,294444.7427552774,89.17862205259745,0,1.2286401968856069
359,Procurement,Uniform,50.0,315876.8395430097,315876.8395430097,72.13565159543145,4,1.0700048933000592
359,Procurement,Screened,50.317664236482145,315876.8395430097,315876.83954300964,72.57923939433441,0,1.0700048933000592
360,Procurement,Uniform,50.0,434302.7510456455,434302.75104564545,51.37700671769111,7,0.5007585820492184
360,Procurement,Screened,50.31527873297179,434302.7510456455,434302.75104598596,51.71093574809587,2,0.5007585820492184
361,Procurement,Uniform,50.0,387083.71520137583,387083.71520137583,74.911796471104,5,0.7887496837151102
361,Procurement,Screened,50.30911067546731,387083.71520137583,387083.7152013758,75.38465549648885,0,0.7887496837151102
362,Procurement,Uniform,50.0,280270.9112645924,280270.9112645924,46.63723273796824,5,0.885813706215655
362,Procurement,Screened,50.32468519073452,280270.9112645924,280270.9112480839,46.92504602626286,0,0.885813706215655
363,Procurement,Uniform,50.0,337108.9518604062,337108.9518604062,109.11198241088076,3,1.1601316839930438
363,Procurement,Screened,50.32151526868538,337108.9518604062,337108.9518404939,109.74346031016678,0,1.1601316839930438
364,Procurement,Uniform,50.0,390073.42650115455,390073.42650115455,37.20170561224288,7,0.5032663696696831
364,Procurement,Screened,50.31997407254957,390073.42650115455,390073.4264782106,37.46992924631926,2,0.5032663696696831
365,Procurement,Uniform,50.0,331133.98878934444,331133.98878934444,59.07252067401015,5,0.8052780302436359
365,Procurement,Screened,50.30416691637985,331133.98878934444,331133.98878934444,59.4401583605486,0,0.8052780302436359
366,Procurement,Uniform,50.0,298879.09355348995,298879.09355348995,92.91309497788338,2,1.4360308059916649
366,Procurement,Screened,50.31410179073054,298879.09355348995,298879.09355348995,93.46031822089559,0,1.4360308059916649
367,Procurement,Uniform,50.0,348050.83366574463,348050.83366574463,96.20865869004953,3,1.0969999788169136
367,Procurement,Screened,50.31124820587116,348050.83366574463,348050.83366574475,96.79546105845981,0,1.0969999788169136
368,Procurement,Uniform,50.0,404236.4024610724,404236.4024610724,122.09225215083794,2,1.163880400462301
368,Procurement,Screened,50.31649588511292,404236.4024610724,404236.40243813297,122.8140433630613,0,1.163880400462301
369,Procurement,Uniform,50.0,282024.3796090647,282024.3796090647,104.85754336465821,2,1.482956063529531
369,Procurement,Screened,50.30480706344393,282024.3796090647,282024.3795924544,105.47320000808216,0,1.482956063529531
370,Procurement,Uniform,50.0,324373.4690255223,324373.4690255223,34.84402343244672,7,0.5710352015716146
370,Procurement,Screened,50.30491846302287,324373.4690255223,324373.46902552224,35.080262098489335,2,0.5710352015716146
371,Procurement,Uniform,50.0,363721.1208800705,363721.1208800705,110.93375110184515,3,1.3764599192119236
371,Procurement,Screened,50.30363153957242,363721.1208800705,363721.1208800706,111.59023034479544,0,1.3764599192119236
372,Procurement,Uniform,50.0,282851.0339462443,282851.0339462443,59.907406728753365,4,1.079529684982428
372,Procurement,Screened,50.30815664725523,282851.0339462443,282851.03394624416,60.25982746735295,0,1.079529684982428
373,Procurement,Uniform,50.0,313968.00268059864,313968.00268059864,44.01720581054325,5,0.6854355963544103
373,Procurement,Screened,50.30561362507315,313968.00268059864,313968.0026805987,44.2957100182113,0,0.6854355963544103
374,Procurement,Uniform,50.0,370174.67902467423,370174.67902467423,138.6816552328427,2,1.368866202249246
374,Procurement,Screened,50.31966161833945,370174.67902467423,370174.6790028472,139.51144766235666,0,1.368866202249246
375,Procurement,Uniform,50.0,342101.20474235073,342101.20474235073,46.415224945351596,6,0.6650942512469364
375,Procurement,Screened,50.32868324313187,342101.20474235073,342101.2047374303,46.72215850686551,1,0.6650942512469364
376,Procurement,Uniform,50.0,369467.6769695112,369467.67696951114,84.68268124510561,5,0.9536921029015272
376,Procurement,Screened,50.33270158449401,369467.6769695112,369467.67694786086,85.19762230643578,0,0.9536921029015272
377,Procurement,Uniform,50.0,351014.1912543568,351014.1912543568,77.453458362122,4,0.86284707548649
377,Procurement,Screened,50.31002482840533,351014.1912543568,351014.1912543568,77.92312369560739,0,0.86284707548649
378,Procurement,Uniform,50.0,430437.9105626087,430437.9105626087,108.08519372300876,4,0.9339021618436236
378,Procurement,Screened,50.32619066597416,430437.9105626087,430437.91053725145,108.74813604945172,0,0.9339021618436236
379,Procurement,Uniform,50.0,323072.43790338014,323072.43790338014,95.3565359355383,2,1.490281550150344
379,Procurement,Screened,50.30080998638172,323072.43790338014,323072.4379033801,95.91618111630204,0,1.490281550150344
380,Procurement,Uniform,50.0,390656.0495027042,390656.0495027042,114.16991994143706,3,1.1784045936439915
380,Procurement,Screened,50.3143660260314,390656.0495027042,390656.0495027042,114.85676590627142,0,1.1784045936439915
381,Procurement,Uniform,50.0,297238.80915768066,297238.80915768066,39.24503337124618,6,0.6563447590863846
381,Procurement,Screened,50.326494047750124,297238.80915768066,297238.8091401735,39.48521811109474,1,0.6563447590863846
382,Procurement,Uniform,50.0,426893.4267393727,426893.42673937266,75.03426920338036,5,0.7274852151184932
382,Procurement,Screened,50.32622389051591,426893.4267393727,426893.42671422055,75.50730830492188,0,0.7274852151184932
383,Procurement,Uniform,50.0,359388.2700524635,359388.2700524635,83.32829129504516,4,0.8754003030913917
383,Procurement,Screened,50.32147809581509,359388.2700524635,359388.27003127226,83.84104464488333,0,0.8754003030913917
384,Procurement,Uniform,50.0,291847.8231575344,291847.8231575344,101.30325851745305,2,1.3319042564086492
384,Procurement,Screened,50.32045647346,291847.8231575344,291847.8231403162,101.88587926346224,0,1.3319042564086492
385,Procurement,Uniform,50.0,322982.15362618107,322982.15362618107,83.95190735796464,4,1.1985658825226704
385,Procurement,Screened,50.33201665844251,322982.15362618107,322982.15360908036,84.4613477641438,0,1.1985658825226704
386,Procurement,Uniform,50.0,349570.85423813364,349570.85423813364,36.525357815754106,7,0.5725536871167589
386,Procurement,Screened,50.319920626263624,349570.85423813364,349570.85422020254,36.780555224559954,2,0.5725536871167589
387,Procurement,Uniform,50.0,437768.67314012,437768.67314012,76.62856889113144,5,0.7004088746602848
387,Procurement,Screened,50.31042284615827,437768.67314012,437768.67314012,77.12284306531468,0,0.7004088746602848
388,Procurement,Uniform,50.0,321178.37680098094,321178.37680098094,83.14983709045869,4,0.967310047571456
388,Procurement,Screened,50.32260333307746,321178.37680098094,321178.37678205373,83.65250467586449,0,0.967310047571456
389,Procurement,Uniform,50.0,332593.50752467755,332593.50752467755,105.32323713720388,2,1.1795572272913857
389,Procurement,Screened,50.30819098608783,332593.50752467755,332593.5075246776,105.94375108552632,0,1.1795572272913857
390,Procurement,Uniform,50.0,292063.56029246177,292063.56029246177,90.3648792274147,3,1.3143195557148202
390,Procurement,Screened,50.31213468081412,292063.56029246177,292063.56027536467,90.89480632794327,0,1.3143195557148202
391,Procurement,Uniform,50.0,331043.6892098638,331043.6892098638,101.00919957914024,2,1.4261723841406808
391,Procurement,Screened,50.31021479800655,331043.6892098638,331043.6892098637,101.5979320729455,0,1.4261723841406808
392,Procurement,Uniform,50.0,364544.6622286545,364544.6622286545,88.26904704809104,4,0.905532062972218
392,Procurement,Screened,50.318563178799295,364544.6622286545,364544.66220759344,88.7991131196918,0,0.905532062972218
393,Procurement,Uniform,50.0,383361.09136945166,383361.09136945166,88.30269689639542,4,0.9678168149771902
393,Procurement,Screened,50.31929562734228,383361.09136945166,383361.0913468159,88.85188584125211,0,0.9678168149771902
394,Procurement,Uniform,50.0,349322.61021778366,349322.61021778366,61.126355583990126,5,0.8315097451159057
394,Procurement,Screened,50.32829533200833,349322.61021778366,349322.6101972036,61.50133099083759,0,0.8315097451159057
395,Procurement,Uniform,50.0,301044.11671648815,301044.11671648815,86.71165899681817,3,1.0934093114604737
395,Procurement,Screened,50.31850447391134,301044.11671648815,301044.11669867573,87.22383396336397,0,1.0934093114604737
396,Procurement,Uniform,50.0,372646.8474358464,372646.84743584634,126.0503654228443,2,1.4669308479901146
396,Procurement,Screened,50.304714001759066,372646.8474358464,372646.84743584634,126.79692320449371,0,1.4669308479901146
397,Procurement,Uniform,50.0,355970.91843187367,355970.91843187367,67.34555602371067,5,0.8451302400754012
397,Procurement,Screened,50.32597968329888,355970.91843187367,355970.9184113624,67.76010446426297,0,0.8451302400754012
398,Procurement,Uniform,50.0,312899.87551552337,312899.87551552337,92.57651268539249,3,1.3418936875095189
398,Procurement,Screened,50.330859057887274,312899.87551552337,312899.87549712276,93.12781368166527,0,1.3418936875095189
399,Procurement,Uniform,50.0,399766.4105182014,399766.4105182014,85.99329597117045,4,0.8980411939296513
399,Procurement,Screened,50.31642866813877,399766.4105182014,399766.4105182012,86.52812054377434,0,0.8980411939296513
400,Procurement,Uniform,50.0,364255.5783577426,364255.57835774263,112.98097336330966,2,1.1262992603848545
400,Procurement,Screened,50.30047480311751,364255.5783577426,364255.5783577425,113.65222323400025,0,1.1262992603848545
401,Procurement,Uniform,50.0,412650.8573911396,412650.85739113955,78.95290764090697,5,0.7695463720930795
401,Procurement,Screened,50.3093515618041,412650.8573911396,412650.8573911395,79.45133932149044,0,0.7695463720930795
402,Procurement,Uniform,50.0,401487.5079317611,401487.5079317611,79.24297757511201,5,0.7419808889059626
402,Procurement,Screened,50.316256952655486,401487.5079317611,401487.5079087629,79.73767765404564,0,0.7419808889059626
403,Procurement,Uniform,50.0,371600.3332807438,371600.3332807438,79.1211775553919,4,0.8291292166104898
403,Procurement,Screened,50.339696832639554,371600.3332807438,371600.33325902047,79.61176513280704,0,0.8291292166104898
404,Procurement,Uniform,50.0,428023.55595955614,428023.55595955614,97.59034104367385,4,0.9776746612667676
404,Procurement,Screened,50.31007149431195,428023.55595955614,428023.555959556,98.20053320889853,0,0.9776746612667676
405,Procurement,Uniform,50.0,409441.646339714,409441.646339714,55.97872930527144,6,0.6609580080066924
405,Procurement,Screened,50.30770004451064,409441.646339714,409441.64633971406,56.34777307595437,1,0.6609580080066924
406,Procurement,Uniform,50.0,378588.3118835541,378588.3118835541,74.3072846828538,5,0.8368431073157867
406,Procurement,Screened,50.31877523250311,378588.3118835541,378588.3118835542,74.77925824724966,0,0.8368431073157867
407,Procurement,Uniform,50.0,300774.64018535346,300774.64018535346,94.32745757611494,3,1.2326523063634984
407,Procurement,Screened,50.322828024128015,300774.64018535346,300774.6401853536,94.87696623677984,0,1.2326523063634984
408,Procurement,Uniform,50.0,307928.2673283906,307928.2673283906,74.70673825927804,4,0.9294936377722728
408,Procurement,Screened,50.3158342604202,307928.2673283906,307928.267310261,75.15737787164674,0,0.9294936377722728
409,Procurement,Uniform,50.0,367494.6686593686,367494.6686593686,92.28219127961198,4,1.0042057218031195
409,Procurement,Screened,50.31643540142748,367494.6686593686,367494.66865936865,92.84881911540054,0,1.0042057218031195
410,Procurement,Uniform,50.0,439774.4490347707,439774.4490347707,93.94269887738248,4,0.7638783647340994
410,Procurement,Screened,50.313191320333864,439774.4490347707,439774.4490087712,94.51738158823247,0,0.7638783647340994
411,Procurement,Uniform,50.0,320534.54658848443,320534.54658848443,75.02505871474636,4,0.9235013087097064
411,Procurement,Screened,50.31889438909428,320534.54658848443,320534.5465696035,75.47923749764828,0,0.9235013087097064
412,Procurement,Uniform,50.0,302376.7299823002,302376.7299823002,52.30851349001698,4,0.8115385637006478
412,Procurement,Screened,50.3058430259203,302376.7299823002,302376.72997130296,52.62279906676324,0,0.8115385637006478
413,Procurement,Uniform,50.0,396053.8894060326,396053.8894060326,112.19930127249025,3,1.200792590878177
413,Procurement,Screened,50.30950119482452,396053.8894060326,396053.88940603286,112.87345688087129,0,1.200792590878177
414,Procurement,Uniform,50.0,414228.0918704716,414228.0918704716,57.89484764997311,7,0.6039585168423284
414,Procurement,Screened,50.3267391888272,414228.0918704716,414228.0918460518,58.274871605645394,2,0.6039585168423284
415,Procurement,Uniform,50.0,358137.26278002094,358137.26278002094,43.626279024352556,7,0.5464226519570445
415,Procurement,Screened,50.3186881134662,358137.26278002094,358137.2627588542,43.919518563513385,2,0.5464226519570445
416,Procurement,Uniform,50.0,291085.4588211202,291085.4588211202,28.47339498716771,7,0.5339366759427991
416,Procurement,Screened,50.31448808713776,291085.4588211202,291085.4588211202,28.671123719320455,2,0.5339366759427991
417,Procurement,Uniform,50.0,293593.2624712445,293593.26247124455,43.291392762442136,5,0.7223131298796995
417,Procurement,Screened,50.31791780437071,293593.2624712445,293593.2624539281,43.56087931425336,0,0.7223131298796995
418,Procurement,Uniform,50.0,294777.0119638185,294777.0119638185,36.690769333001356,7,0.6181311350497247
418,Procurement,Screened,50.31946147109481,294777.0119638185,294777.01194640493,36.925743488839416,2,0.6181311350497247
419,Procurement,Uniform,50.0,384836.3027548078,384836.3027548078,61.698313618403766,5,0.728798472843043
419,Procurement,Screened,50.300579685395554,384836.3027548078,384836.30275480764,62.09185597113251,0,0.728798472843043
420,Procurement,Uniform,50.0,361697.8479679921,361697.8479679921,70.3253734581364,5,0.944580455402533
420,Procurement,Screened,50.31881057263131,361697.8479679921,361697.8479466678,70.76100571429403,0,0.944580455402533
421,Procurement,Uniform,50.0,335855.905397742,335855.905397742,106.85154726444141,2,1.4175455222445037
421,Procurement,Screened,50.30488819647963,335855.905397742,335855.90539774206,107.47855190611413,0,1.4175455222445037
422,Procurement,Uniform,50.0,394963.5643422153,394963.5643422153,99.67683845076162,3,1.1001371218321976
422,Procurement,Screened,50.32119704185238,394963.5643422153,394963.5643188841,100.28420981145722,0,1.1001371218321976
423,Procurement,Uniform,50.0,347631.51371688367,347631.51371688367,59.76343191458551,5,0.7838711700027376
423,Procurement,Screened,50.31897178410328,347631.51371688367,347631.51369643817,60.14479199130374,0,0.7838711700027376
424,Procurement,Uniform,50.0,417818.2536733822,417818.2536733822,112.03283581889107,4,1.1820148858333202
424,Procurement,Screened,50.31646986085315,417818.2536733822,417818.25364896975,112.70755730170285,0,1.1820148858333202
425,Procurement,Uniform,50.0,369985.8066733133,369985.8066733133,113.32838340034073,3,1.1112644873329058
425,Procurement,Screened,50.32152977993355,369985.8066733133,369985.806651548,114.01474575302873,0,1.1112644873329058
426,Procurement,Uniform,50.0,310307.7831858415,310307.7831858415,79.51655140284925,4,1.0536773792996406
426,Procurement,Screened,50.31435326397824,310307.7831858415,310307.7831676218,79.99213539619356,0,1.0536773792996406
427,Procurement,Uniform,50.0,366059.9240364946,366059.9240364946,149.3527288249149,2,1.4480830837163865
427,Procurement,Screened,50.310147544484295,366059.9240364946,366059.92403649463,150.22668651728048,0,1.4480830837163865
428,Procurement,Uniform,50.0,337414.7753865232,337414.7753865232,118.30923002998428,2,1.3384887313458609
428,Procurement,Screened,50.32880485798932,337414.7753865232,337414.77536664065,118.99968156213485,0,1.3384887313458609
429,Procurement,Uniform,50.0,320827.6277804666,320827.6277804666,55.61262603067479,5,0.7449753175907347
429,Procurement,Screened,50.311556030975,320827.6277804666,320827.6277804666,55.96349608757151,0,0.7449753175907347
430,Procurement,Uniform,50.0,298213.8296124581,298213.8296124581,72.67659455361412,3,0.9643196114027864
430,Procurement,Screened,50.31494296611274,298213.8296124581,298213.8296124581,73.10889217202659,0,0.9643196114027864
431,Procurement,Uniform,50.0,335350.9054804095,335350.9054804095,100.09896094960457,3,1.2305838520150256
431,Procurement,Screened,50.329900922550905,335350.9054804095,335350.9054606589,100.69395567800703,0,1.2305838520150256
432,Procurement,Uniform,50.0,282395.87165871286,282395.87165871286,39.129029664244,5,0.7497518928859896
432,Procurement,Screened,50.30420877155596,282395.87165871286,282395.87165871286,39.38121642489008,0,0.7497518928859896
433,Procurement,Uniform,50.0,285285.80031542707,285285.80031542707,85.13482479088448,2,1.283667415940522
433,Procurement,Screened,50.31482806546476,285285.80031542707,285285.80031542695,85.63835904691649,0,1.283667415940522
434,Procurement,Uniform,50.0,422592.861016175,422592.861016175,134.44731997855146,4,1.264197574940616
434,Procurement,Screened,50.32844257855995,422592.861016175,422592.86099146167,135.25142236440394,0,1.264197574940616
435,Procurement,Uniform,50.0,333630.6402628364,333630.64026283636,96.76402577953733,3,1.277861969829701
435,Procurement,Screened,50.30341710941278,333630.6402628364,333630.6402628366,97.34629493004486,0,1.277861969829701
436,Procurement,Uniform,50.0,310629.13498597324,310629.13498597324,82.72962225160688,3,1.16954338770375
436,Procurement,Screened,50.316428811038335,310629.13498597324,310629.13496765523,83.21888891006978,0,1.16954338770375
437,Procurement,Uniform,50.0,424384.4579926878,424384.4579926878,82.85059926782601,5,0.7234682258250189
437,Procurement,Screened,50.30571563035726,424384.4579926878,424384.45799268776,83.38516045113042,0,0.7234682258250189
438,Procurement,Uniform,50.0,356109.3781608775,356109.3781608775,34.008356311098474,7,0.5631828558481482
438,Procurement,Screened,50.316653110639116,356109.3781608775,356109.3781608776,34.24692242714234,2,0.5631828558481482
439,Procurement,Uniform,50.0,402324.95340417087,402324.95340417087,64.58165667549038,5,0.6556570800627982
439,Procurement,Screened,50.32967085372724,402324.95340417087,402324.95338046877,64.98889560237359,0,0.6556570800627982
440,Procurement,Uniform,50.0,394645.2988856448,394645.29888564476,108.14110781506704,3,1.1877101390341551
440,Procurement,Screened,50.30444320176866,394645.2988856448,394645.2988856449,108.79304906401916,0,1.1877101390341551
441,Procurement,Uniform,50.0,419901.6777671366,419901.6777671366,47.90277981385478,7,0.5075233461819896
441,Procurement,Screened,50.31239752789382,419901.6777671366,419901.6777671368,48.24104987336225,2,0.5075233461819896
442,Procurement,Uniform,50.0,285124.91381552053,285124.91381552053,44.30890357038842,5,0.7929644416467989
442,Procurement,Screened,50.30981858116591,285124.91381552053,285124.9138155206,44.58940993918562,0,0.7929644416467989
443,Procurement,Uniform,50.0,383807.7869985167,383807.78699851665,78.39726411935351,5,0.907611917330125
443,Procurement,Screened,50.31198455662294,383807.7869985167,383807.7869758907,78.88415299653822,0,0.907611917330125
444,Procurement,Uniform,50.0,311430.8769120426,311430.8769120426,83.14735978069824,3,1.1761397896339651
444,Procurement,Screened,50.30922220796204,311430.8769120426,311430.8769120426,83.63726555885711,0,1.1761397896339651
445,Procurement,Uniform,50.0,364174.29496235296,364174.29496235296,106.96305384065808,2,1.2965413616194312
445,Procurement,Screened,50.305121825758135,364174.29496235296,364174.2949623531,107.59342770667597,0,1.2965413616194312
446,Procurement,Uniform,50.0,298948.59429542883,298948.59429542883,63.27999265986329,4,0.8710968162031603
446,Procurement,Screened,50.31823801349878,298948.59429542883,298948.59427783685,63.668055683818274,0,0.8710968162031603
447,Procurement,Uniform,50.0,288773.03590669105,288773.03590669105,86.92916376167034,2,1.271203547595535
447,Procurement,Screened,50.30001081444064,288773.03590669105,288773.035906691,87.44092283455002,0,1.271203547595535
448,Procurement,Uniform,50.0,287664.1725803871,287664.1725803871,31.90709082196278,7,0.5850750738056436
448,Procurement,Screened,50.312536439877235,287664.1725803871,287664.17256426765,32.12195725685915,2,0.5850750738056436
449,Procurement,Uniform,50.0,362409.8677116319,362409.8677116319,90.33785311869634,4,1.0928898017447222
449,Procurement,Screened,50.3051832571823,362409.8677116319,362409.86771163193,90.88517486111701,0,1.0928898017447222
450,Procurement,Uniform,50.0,284732.7317216459,284732.7317216459,39.59121365288828,5,0.6470918273581179
450,Procurement,Screened,50.30861409762545,284732.7317216459,284732.73172164586,39.84570937610734,0,0.6470918273581179
451,Procurement,Uniform,50.0,414456.2169652544,414456.2169652544,176.78987687763137,2,1.451638014036564
451,Procurement,Screened,50.30857268489316,414456.2169652544,414456.2169652545,177.82114616699573,0,1.451638014036564
452,Procurement,Uniform,50.0,380424.096037042,380424.096037042,120.01498374677747,3,1.3666235381349592
452,Procurement,Screened,50.32108931068826,380424.096037042,380424.0960146495,120.73333306707318,0,1.3666235381349592
453,Procurement,Uniform,50.0,339666.8288995584,339666.8288995584,51.78284763312798,6,0.6136778339828619
453,Procurement,Screened,50.318448124882046,339666.8288995584,339666.8288796289,52.12086920654361,1,0.6136778339828619
454,Procurement,Uniform,50.0,300838.8012422801,300838.8012422801,79.54465434207924,4,1.0687544457438256
454,Procurement,Screened,50.32011581465955,300838.8012422801,300838.80124228005,80.01179572087986,0,1.0687544457438256
455,Procurement,Uniform,50.0,368159.6455390084,368159.64553900843,95.86607022211086,3,1.0126363010228103
455,Procurement,Screened,50.306797938888145,368159.6455390084,368159.6455236498,96.44970934729591,0,1.0126363010228103
456,Procurement,Uniform,50.0,285079.1380234249,285079.1380234249,50.65611372623067,5,0.7565794873409962
456,Procurement,Screened,50.326133093689094,285079.1380234249,285079.13800664037,50.97654402692058,0,0.7565794873409962
457,Procurement,Uniform,50.0,343690.7498942764,343690.7498942764,62.77892443291435,4,0.7431291771186811
457,Procurement,Screened,50.30360667929696,343690.7498942764,343690.74989427644,63.164193244560806,0,0.7431291771186811
458,Procurement,Uniform,50.0,343854.2338737502,343854.2338737502,53.14521420971939,5,0.6869284012694167
458,Procurement,Screened,50.32148762301201,343854.2338737502,343854.2338534951,53.48708659025949,0,0.6869284012694167
459,Procurement,Uniform,50.0,314968.2288270754,314968.2288270754,48.70723744818147,5,0.6705814318054407
459,Procurement,Screened,50.31270224408809,314968.2288270754,314968.22882707533,49.020252106913986,0,0.6705814318054407
460,Procurement,Uniform,50.0,359267.39385793515,359267.39385793515,48.85359471520699,5,0.5244883715643358
460,Procurement,Screened,50.31314017777692,359267.39385793515,359267.3938579353,49.16847815409441,0,0.5244883715643358
461,Procurement,Uniform,50.0,331381.9443170323,331381.9443170323,62.78765753834648,5,1.0233949187299474
461,Procurement,Screened,50.3194573402493,331381.9443170323,331381.9442974967,63.17515012470371,0,1.0233949187299474
462,Procurement,Uniform,50.0,377614.1187646357,377614.1187646357,83.92645780901096,4,0.8955817260732122
462,Procurement,Screened,50.31783898656485,377614.1187646357,377614.1187423263,84.44305339290999,0,0.8955817260732122
463,Procurement,Uniform,50.0,382005.2158252368,382005.2158252368,96.44590363132417,3,1.0942159549589223
463,Procurement,Screened,50.316878341932984,382005.2158252368,382005.2158186878,97.04268438790827,0,1.0942159549589223
464,Procurement,Uniform,50.0,290846.77043237526,290846.77043237526,30.361809737897616,7,0.5114204148175584
464,Procurement,Screened,50.313733471306506,290846.77043237526,290846.77043237526,30.55776547444091,2,0.5114204148175584
465,Procurement,Uniform,50.0,412582.3828473396,412582.3828473396,61.19160813447477,5,0.5607679799380179
465,Procurement,Screened,50.30859949033662,412582.3828473396,412582.3828473395,61.59003405833337,0,0.5607679799380179
466,Procurement,Uniform,50.0,377713.8045597429,377713.8045597429,107.1218712219106,3,1.120915245942833
466,Procurement,Screened,50.32229084891959,377713.8045597429,377713.8045541852,107.76135673767659,0,1.120915245942833
467,Procurement,Uniform,50.0,299504.57250949874,299504.57250949874,85.84073104793076,3,1.384751055307338
467,Procurement,Screened,50.31982241679152,299504.57250949874,299504.5724941006,86.35461330121974,0,1.384751055307338
468,Procurement,Uniform,50.0,306386.2443742051,306386.2443742051,88.06491699412426,3,1.273940551344575
468,Procurement,Screened,50.30492535320396,306386.2443742051,306386.24437420507,88.58793235343636,0,1.273940551344575
469,Procurement,Uniform,50.0,428081.83897290914,428081.83897290914,64.30756407451905,6,0.6068553345242926
469,Procurement,Screened,50.30815643580178,428081.83897290914,428081.83897290914,64.73644036438307,1,0.6068553345242926
470,Procurement,Uniform,50.0,307441.24345131894,307441.24345131894,38.62837224665191,6,0.5299877003534627
470,Procurement,Screened,50.30394981290694,307441.24345131894,307441.24345131905,38.88229821968602,1,0.5299877003534627
471,Procurement,Uniform,50.0,396030.5186653595,396030.5186653595,47.74076093045884,7,0.5675917993231792
471,Procurement,Screened,50.307667513880986,396030.5186653595,396030.5186653595,48.05691827517631,2,0.5675917993231792
472,Procurement,Uniform,50.0,282288.0918068449,282288.0918068449,61.49192377684971,4,0.8542186557667577
472,Procurement,Screened,50.32082158062438,282288.0918068449,282288.0917902436,61.868961913254246,0,0.8542186557667577
473,Procurement,Uniform,50.0,431638.2067498215,431638.2067498215,130.79704353222468,3,1.152611094621581
473,Procurement,Screened,50.310332878475236,431638.2067498215,431638.20674982155,131.57838294749476,0,1.152611094621581
474,Procurement,Uniform,50.0,425363.2117060353,425363.21170603525,134.18701492218116,3,1.4441651921384846
474,Procurement,Screened,50.31565719662581,425363.2117060353,425363.2116810881,134.9913197787186,0,1.4441651921384846
475,Procurement,Uniform,50.0,396924.5377024196,396924.53770241956,71.88680273571312,5,0.6873812602435537
475,Procurement,Screened,50.32529950794761,396924.5377024196,396924.53767905163,72.34454133896797,0,0.6873812602435537
476,Procurement,Uniform,50.0,283294.6540110675,283294.6540110675,75.62094482473525,2,1.2049706056298275
476,Procurement,Screened,50.304802385059844,283294.6540110675,283294.65401106747,76.07085297745414,0,1.2049706056298275
477,Procurement,Uniform,50.0,306852.5564033983,306852.5564033983,52.87241285731618,5,0.8864295877403048
477,Procurement,Screened,50.31477531907621,306852.5564033983,306852.5563852829,53.20652177215738,0,0.8864295877403048
478,Procurement,Uniform,50.0,335997.4894945731,335997.4894945731,94.24400198083438,3,1.165375668931647
478,Procurement,Screened,50.311389373398555,335997.4894945731,335997.4894747542,94.80822371691148,0,1.165375668931647
479,Procurement,Uniform,50.0,296806.8650979422,296806.8650979422,89.681750186512,2,1.4771357187242824
479,Procurement,Screened,50.322033288627395,296806.8650979422,296806.8650804,90.21280937716817,0,1.4771357187242824
480,Procurement,Uniform,50.0,300021.4539289428,300021.4539289428,82.50356801128584,3,1.2319518072779458
480,Procurement,Screened,50.31512808458223,300021.4539289428,300021.45392894273,82.99484702867976,0,1.2319518072779458
481,Procurement,Uniform,50.0,357380.67107741977,357380.67107741977,63.282472003630616,4,0.7630944015461014
481,Procurement,Screened,50.30119513367496,357380.67107741977,357380.67107741995,63.660297633549824,0,0.7630944015461014
482,Procurement,Uniform,50.0,279365.42353551823,279365.42353551823,32.56258400467607,7,0.5474889036476542
482,Procurement,Screened,50.321923582696435,279365.42353551823,279365.42351910943,32.7787604613052,2,0.5474889036476542
483,Procurement,Uniform,50.0,297031.2633521465,297031.2633521465,100.85570663286606,3,1.4525487481309027
483,Procurement,Screened,50.31626741190103,297031.2633521465,297031.26335214655,101.4494807812868,0,1.4525487481309027
484,Procurement,Uniform,50.0,334819.26138592494,334819.26138592494,36.803881766929045,7,0.5224610192159539
484,Procurement,Screened,50.31505018415273,334819.26138592494,334819.2613859248,37.0494231439126,2,0.5224610192159539
485,Procurement,Uniform,50.0,423720.2701092926,423720.2701092926,160.0231146619448,2,1.2530242149977
485,Procurement,Screened,50.31302423263519,423720.2701092926,423720.2701092927,160.96687900427665,0,1.2530242149977
486,Procurement,Uniform,50.0,314036.4363835593,314036.4363835593,117.03430893227117,2,1.3850087752336888
486,Procurement,Screened,50.30724081120123,314036.4363835593,314036.43638355937,117.71442632997329,0,1.3850087752336888
487,Procurement,Uniform,50.0,307649.3489878545,307649.34898785455,85.87452617907768,3,1.1840379224141273
487,Procurement,Screened,50.31387724932954,307649.3489878545,307649.3489878545,86.38263520734544,0,1.1840379224141273
488,Procurement,Uniform,50.0,320444.722119482,320444.722119482,114.8206195604268,2,1.380712851610873
488,Procurement,Screened,50.31616808120818,320444.722119482,320444.7221005836,115.49038061772669,0,1.380712851610873
489,Procurement,Uniform,50.0,325805.3387882121,325805.3387882121,88.0398419012952,3,1.141931219279537
489,Procurement,Screened,50.31496851289477,325805.3387882121,325805.33878821204,88.57131769700611,0,1.141931219279537
490,Procurement,Uniform,50.0,384577.2331900533,384577.2331900533,52.562073801611575,7,0.6290151495962542
490,Procurement,Screened,50.324395109704845,384577.2331900533,384577.2331674407,52.9158632076969,2,0.6290151495962542
491,Procurement,Uniform,50.0,408628.5171935133,408628.51719351334,119.23609280414264,3,1.0074868308744933
491,Procurement,Screened,50.31537972941412,408628.5171935133,408628.5171693711,119.96590072871574,0,1.0074868308744933
492,Procurement,Uniform,50.0,317178.2902953446,317178.2902953446,98.04390938766231,2,1.2129302705785188
492,Procurement,Screened,50.308425437395215,317178.2902953446,317178.2902953445,98.61964930202787,0,1.2129302705785188
493,Procurement,Uniform,50.0,404539.7310683109,404539.7310683109,123.73926767251862,3,1.2193914530561625
493,Procurement,Screened,50.319291606754454,404539.7310683109,404539.7310444865,124.47316727937307,0,1.2193914530561625
494,Procurement,Uniform,50.0,392102.7040275668,392102.70402756677,115.35235244315243,3,1.1135951964812567
494,Procurement,Screened,50.302944612667694,392102.7040275668,392102.7040275668,116.04416819053782,0,1.1135951964812567
495,Procurement,Uniform,50.0,345999.1271273912,345999.1271273912,51.00662154231611,6,0.6905807822092034
495,Procurement,Screened,50.31923043482082,345999.1271273912,345999.12710704585,51.34161008148373,1,0.6905807822092034
496,Procurement,Uniform,50.0,310711.9593603895,310711.9593603895,36.467690635473865,7,0.575015564714679
496,Procurement,Screened,50.31150654263237,310711.9593603895,310711.9593603894,36.71153563265742,2,0.575015564714679
497,Procurement,Uniform,50.0,311016.530700256,311016.530700256,102.31348804117872,3,1.3396864530979535
497,Procurement,Screened,50.34316437806303,311016.530700256,311016.5306820741,102.91445847811737,0,1.3396864530979535
498,Procurement,Uniform,50.0,306723.0816815082,306723.0816815082,81.84539583285785,3,1.0800933123818823
498,Procurement,Screened,50.315753368098406,306723.0816815082,306723.0816633496,82.33676898374377,0,1.0800933123818823
499,Procurement,Uniform,50.0,312149.69114196603,312149.69114196603,45.35973984962465,5,0.5848184396245686
499,Procurement,Screened,50.30644293329752,312149.69114196603,312149.6911419659,45.64038654908968,0,0.5848184396245686
500,Procurement,Uniform,50.0,288420.6660741101,288420.6660741101,72.12361666909189,3,1.2466683334773394
500,Procurement,Screened,50.312829689216436,288420.6660741101,288420.66607411,72.55908074691492,0,1.2466683334773394
501,Procurement,Uniform,50.0,348605.07599085267,348605.07599085267,47.83578070163875,5,0.5784287677763494
501,Procurement,Screened,50.31669776550077,348605.07599085267,348605.0759908528,48.13962407204245,0,0.5784287677763494
502,Procurement,Uniform,50.0,380011.1104981282,380011.1104981282,139.6687659887899,2,1.4324038270355397
502,Procurement,Screened,50.32023247531595,380011.1104981282,380011.11047571804,140.49445026206183,0,1.4324038270355397
503,Procurement,Uniform,50.0,301835.80422604905,301835.80422604905,94.61740933804307,3,1.3914593039220535
503,Procurement,Screened,50.30759362785568,301835.80422604905,301835.80422604893,95.18341671301671,0,1.3914593039220535
504,Procurement,Uniform,50.0,344949.64917520666,344949.64917520666,84.3657519357579,3,0.9259024838053856
504,Procurement,Screened,50.30434436892236,344949.64917520666,344949.64917520666,84.8806526160072,0,0.9259024838053856
505,Procurement,Uniform,50.0,307621.0600448732,307621.06004487316,47.48831993488999,5,0.7012307915328343
505,Procurement,Screened,50.32304383043078,307621.0600448732,307621.06002902135,47.78630500001401,0,0.7012307915328343
506,Procurement,Uniform,50.0,296366.59788619546,296366.59788619546,112.23215997127963,2,1.3739121977592617
506,Procurement,Screened,50.31848388875252,296366.59788619546,296366.59786871617,112.88417774108387,0,1.3739121977592617
507,Procurement,Uniform,50.0,301879.81917069794,301879.81917069794,93.64086742797586,2,1.2235610200927771
507,Procurement,Screened,50.306493026508434,301879.81917069794,301879.81917069794,94.19471292012206,0,1.2235610200927771
508,Procurement,Uniform,50.0,299548.12827813614,299548.12827813614,90.17562961946278,3,1.303772767396567
508,Procurement,Screened,50.32043299431252,299548.12827813614,299548.12827899394,90.70050403951107,0,1.303772767396567
509,Procurement,Uniform,50.0,401442.3516007754,401442.3516007754,72.32703320255993,5,0.7186782976567975
509,Procurement,Screened,50.30714512741539,401442.3516007754,401442.3516007755,72.77712760169833,0,0.7186782976567975
510,Procurement,Uniform,50.0,390782.5320877234,390782.5320877234,80.08567094360764,4,1.0242499148038235
510,Procurement,Screened,50.31291040135258,390782.5320877234,390782.5320647559,80.58106224092782,0,1.0242499148038235
511,Procurement,Uniform,50.0,331126.72420404234,331126.72420404234,42.27119532284323,7,0.5333464348595658
511,Procurement,Screened,50.30628797331957,331126.72420404234,331126.72420404246,42.55190306525628,2,0.5333464348595658
512,Procurement,Uniform,50.0,284359.2257881123,284359.2257881123,57.994314494801095,4,0.8214811799630272
512,Procurement,Screened,50.31366024331937,284359.2257881123,284359.22578811226,58.349421830295334,0,0.8214811799630272
513,Procurement,Uniform,50.0,307463.4058799518,307463.4058799518,66.86320061023163,4,0.8327878484431719
513,Procurement,Screened,50.32101028113257,307463.4058799518,307463.4058617725,67.27172578562626,0,0.8327878484431719
514,Procurement,Uniform,50.0,282823.16212424834,282823.16212424834,31.958315460817456,7,0.5484745154002068
514,Procurement,Screened,50.31303424291818,282823.16212424834,282823.1621264492,32.168969868371256,2,0.5484745154002068
515,Procurement,Uniform,50.0,281400.3843977028,281400.3843977028,89.38502178136692,2,1.2985137629162695
515,Procurement,Screened,50.31732076851255,281400.3843977028,281400.38438107655,89.89339830973861,0,1.2985137629162695
516,Procurement,Uniform,50.0,417323.8277848573,417323.82778485725,148.62890088472804,3,1.3626843374075588
516,Procurement,Screened,50.336777486987884,417323.8277848573,417323.82776327094,149.51834771537955,0,1.3626843374075588
517,Procurement,Uniform,50.0,328355.643382026,328355.643382026,33.66169859973526,7,0.5010668702574586
517,Procurement,Screened,50.32484929930012,328355.643382026,328355.6433627367,33.890116419501204,2,0.5010668702574586
518,Procurement,Uniform,50.0,377997.7534752055,377997.7534752055,133.1515464043089,2,1.4282708274163274
518,Procurement,Screened,50.34049356591385,377997.7534752055,377997.7534532492,133.9344221341841,0,1.4282708274163274
519,Procurement,Uniform,50.0,378154.0054248821,378154.0054248821,92.62139632977662,4,1.0527724498162687
519,Procurement,Screened,50.324213235441476,378154.0054248821,378154.0054028885,93.18678368096786,0,1.0527724498162687
520,Procurement,Uniform,50.0,307157.4980859378,307157.4980859378,86.99411553479614,3,1.2806530834024814
520,Procurement,Screened,50.31729690336087,307157.4980859378,307157.49808801233,87.50313235896314,0,1.2806530834024814
521,Procurement,Uniform,50.0,338482.1855906887,338482.1855906887,105.11933041809176,2,1.3560060549161426
521,Procurement,Screened,50.31177400077994,338482.1855906887,338482.18559068866,105.73947235778307,0,1.3560060549161426
522,Procurement,Uniform,50.0,300863.375572327,300863.375572327,37.73100397888247,6,0.5644027145692644
522,Procurement,Screened,50.3150793425013,300863.375572327,300863.3755577407,37.96973740745141,1,0.5644027145692644
523,Procurement,Uniform,50.0,281271.1040969085,281271.1040969085,69.23959751216407,4,1.1567784664857883
523,Procurement,Screened,50.32512888560953,281271.1040969085,281271.1040854864,69.64914309883905,0,1.1567784664857883
524,Procurement,Uniform,50.0,390962.2912301256,390962.2912301256,80.3228387441432,5,0.8606395267663915
524,Procurement,Screened,50.320329481006056,390962.2912301256,390962.2912071195,80.83400352221645,0,0.8606395267663915
525,Procurement,Uniform,50.0,417539.3429317567,417539.3429317567,128.49656036844368,3,1.223640445741764
525,Procurement,Screened,50.30897888084506,417539.3429317567,417539.3429317567,129.26608914859062,0,1.223640445741764
526,Procurement,Uniform,50.0,370352.2444600895,370352.2444600895,61.25270216891202,5,0.8789450151187501
526,Procurement,Screened,50.309152798076475,370352.2444600895,370352.2444387232,61.631441424320286,0,0.8789450151187501
527,Procurement,Uniform,50.0,425547.1043214359,425547.10432143585,172.5547760590277,2,1.4790543418506328
527,Procurement,Screened,50.306685574859415,425547.1043214359,425547.1043214359,173.56790723926244,0,1.4790543418506328
528,Procurement,Uniform,50.0,351861.45684523525,351861.45684523525,75.59641781620789,4,0.9331617287217108
528,Procurement,Screened,50.31843196514224,351861.45684523525,351861.45682442875,76.04559758091582,0,0.9331617287217108
529,Procurement,Uniform,50.0,339860.7724521067,339860.7724521067,88.98183777356739,4,1.057409074817741
529,Procurement,Screened,50.321530649128384,339860.7724521067,339860.7724521068,89.5154276794772,0,1.057409074817741
530,Procurement,Uniform,50.0,427465.4570800498,427465.4570800498,145.0134917370025,3,1.361007286066653
530,Procurement,Screened,50.32213441052262,427465.4570800498,427465.4570549318,145.88218469452872,0,1.361007286066653
531,Procurement,Uniform,50.0,302969.21594693104,302969.21594693104,106.67040808857689,2,1.491010257026076
531,Procurement,Screened,50.303199557920784,302969.21594693104,302969.21594693104,107.29836706851826,0,1.491010257026076
532,Procurement,Uniform,50.0,321397.2040393303,321397.2040393303,29.92090523963632,7,0.5240641732712196
532,Procurement,Screened,50.31320043238945,321397.2040393303,321397.20402048103,30.125590549043203,2,0.5240641732712196
533,Procurement,Uniform,50.0,286020.69128862803,286020.69128862803,62.18560863587749,4,0.8620694608151549
533,Procurement,Screened,50.30794793594532,286020.69128862803,286020.69128862803,62.55500915752187,0,0.8620694608151549
534,Procurement,Uniform,50.0,378339.13833183306,378339.13833183306,140.77040513893067,2,1.4421103542149225
534,Procurement,Screened,50.30718276608641,378339.13833183306,378339.138331833,141.60417693011038,0,1.4421103542149225
535,Procurement,Uniform,50.0,419278.2090738145,419278.20907381445,97.97384682197765,4,1.017333455262755
535,Procurement,Screened,50.31312713091187,419278.2090738145,419278.20905011706,98.57906085004579,0,1.017333455262755
536,Procurement,Uniform,50.0,289393.40265522816,289393.40265522816,34.09783553671652,5,0.5673102998153079
536,Procurement,Screened,50.30867937438816,289393.40265522816,289393.40265522816,34.297446951369245,0,0.5673102998153079
537,Procurement,Uniform,50.0,294347.2506786108,294347.25067861076,97.04434601014233,2,1.4377612074084505
537,Procurement,Screened,50.31990650415211,294347.2506786108,294347.2506612337,97.61629033272382,0,1.4377612074084505
538,Procurement,Uniform,50.0,417764.4545266332,417764.4545266332,60.78048085634181,6,0.5947808326285872
538,Procurement,Screened,50.30781108809378,417764.4545266332,417764.4545266332,61.1881651017436,1,0.5947808326285872
539,Procurement,Uniform,50.0,385452.1564055664,385452.1564055664,80.46802400675085,4,0.8893867203046041
539,Procurement,Screened,50.31085655690315,385452.1564055664,385452.1564055663,80.95981927903276,0,0.8893867203046041
540,Procurement,Uniform,50.0,337828.00803078595,337828.00803078595,118.90697211995854,2,1.4483287797288216
540,Procurement,Screened,50.31409631436393,337828.00803078595,337828.00803078606,119.6123457707776,0,1.4483287797288216
541,Procurement,Uniform,50.0,355901.6624787454,355901.6624787454,104.52832938129075,3,1.1040797559166924
541,Procurement,Screened,50.320552352142265,355901.6624787454,355901.6624625094,105.15365036897548,0,1.1040797559166924
542,Procurement,Uniform,50.0,329231.0442809573,329231.0442809573,80.31489479166383,3,1.0272467626451809
542,Procurement,Screened,50.30496714317652,329231.0442809573,329231.0442668708,80.79120404984245,0,1.0272467626451809
543,Procurement,Uniform,50.0,324030.8605237977,324030.8605237977,45.77976664220656,5,0.7050456864672915
543,Procurement,Screened,50.312300174695025,324030.8605237977,324030.86052379775,46.07154866828063,0,0.7050456864672915
544,Procurement,Uniform,50.0,425575.1021153394,425575.1021153394,89.810876149342,4,0.9013285661795276
544,Procurement,Screened,50.322013533240394,425575.1021153394,425575.1020902393,90.37317457374557,0,0.9013285661795276
545,Procurement,Uniform,50.0,369958.2236482755,369958.2236482755,69.71546261290824,5,0.7722359183941476
545,Procurement,Screened,50.3149149989656,369958.2236482755,369958.2236482756,70.15104721578541,0,0.7722359183941476
546,Procurement,Uniform,50.0,435348.1327210767,435348.13272107666,129.67286946523802,3,1.325957128736276
546,Procurement,Screened,50.31581647865489,435348.1327210767,435348.1326953861,130.43837196310756,0,1.325957128736276
547,Procurement,Uniform,50.0,375175.8261065001,375175.8261065001,109.67126374740575,3,1.2022688436488669
547,Procurement,Screened,50.30433838287754,375175.8261065001,375175.8260844336,110.33426772448172,0,1.2022688436488669
548,Procurement,Uniform,50.0,379113.1610188744,379113.1610188744,55.5630970347855,5,0.7844885828260497
548,Procurement,Screened,50.317216005498075,379113.1610188744,379113.16101887444,55.91974679654442,0,0.7844885828260497
549,Procurement,Uniform,50.0,352808.4481239042,352808.4481239042,82.70164116392759,4,1.0627848907404336
549,Procurement,Screened,50.32915573549954,352808.4481239042,352808.4481031345,83.19655832376218,0,1.0627848907404336
550,Procurement,Uniform,50.0,391241.08674195287,391241.08674195287,52.76066001087564,6,0.6034250243925716
550,Procurement,Screened,50.3157480650229,391241.08674195287,391241.086741953,53.10864941030349,1,0.6034250243925716
551,Procurement,Uniform,50.0,363466.73800372606,363466.73800372606,57.60664780287699,5,0.7728018183898299
551,Procurement,Screened,50.30779475640767,363466.73800372606,363466.7380037262,57.97987485935369,0,0.7728018183898299
552,Procurement,Uniform,50.0,294337.45263853064,294337.45263853064,53.93915361950251,5,0.7817494314553589
552,Procurement,Screened,50.31750389199853,294337.45263853064,294337.45263853064,54.27626386628225,0,0.7817494314553589
553,Procurement,Uniform,50.0,316553.99595969927,316553.99595969927,92.71293912268894,4,1.2513002897599577
553,Procurement,Screened,50.33057472818739,316553.99595969927,316553.9959411596,93.26572489310293,0,1.2513002897599577
554,Procurement,Uniform,50.0,297263.77454192546,297263.77454192546,28.220442744189455,7,0.5480211531668626
554,Procurement,Screened,50.31646401595362,297263.77454192546,297263.7745243461,28.398622626090354,2,0.5480211531668626
555,Procurement,Uniform,50.0,307396.1555157831,307396.1555157831,71.36215335210116,3,0.9430427917488836
555,Procurement,Screened,50.31206284721752,307396.1555157831,307396.155515783,71.79321403513478,0,0.9430427917488836
556,Procurement,Uniform,50.0,351732.9770028929,351732.9770028929,59.904372234116174,5,0.6431485771282477
556,Procurement,Screened,50.30659484511211,351732.9770028929,351732.9770028927,60.28176722422951,0,0.6431485771282477
557,Procurement,Uniform,50.0,372564.08414752944,372564.08414752944,117.80491813014412,2,1.1443230737570982
557,Procurement,Screened,50.30814952122447,372564.08414752944,372564.08414752956,118.51038114069377,0,1.1443230737570982
558,Procurement,Uniform,50.0,279919.6627774786,279919.6627774786,64.12525236812431,3,0.9784440943214476
558,Procurement,Screened,50.31504435857485,279919.6627774786,279919.6627774786,64.5144546539116,0,0.9784440943214476
559,Procurement,Uniform,50.0,348032.1901619153,348032.1901619153,106.79752596043276,2,1.233194733212981
559,Procurement,Screened,50.31200630199345,348032.1901619153,348032.1901619153,107.42940118310082,0,1.233194733212981
560,Procurement,Uniform,50.0,310320.68277446995,310320.68277446995,57.9278667479635,4,1.052434961921285
560,Procurement,Screened,50.31295188668959,310320.68277446995,310320.68277446995,58.290172959516156,0,1.052434961921285
561,Procurement,Uniform,50.0,334869.7516119918,334869.7516119918,118.80840456239181,2,1.4604174223638529
561,Procurement,Screened,50.30656303828395,334869.7516119918,334869.7515929067,119.49692387904857,0,1.4604174223638529
562,Procurement,Uniform,50.0,337140.3344636911,337140.3344636911,66.16425587533567,5,0.8649664220250914
562,Procurement,Screened,50.32351242206664,337140.3344636911,337140.33444388304,66.58500982785237,0,0.8649664220250914
563,Procurement,Uniform,50.0,326882.07543937454,326882.07543937454,52.49123896148941,5,0.6862279337838234
563,Procurement,Screened,50.30733268234926,326882.07543937454,326882.07543937466,52.82778622394387,0,0.6862279337838234
564,Procurement,Uniform,50.0,278029.98689458857,278029.98689458857,27.738077638842274,7,0.5002456562410903
564,Procurement,Screened,50.311812884946285,278029.98689458857,278029.9868945886,27.929518420372936,2,0.5002456562410903
565,Procurement,Uniform,50.0,314590.80847568135,314590.80847568135,66.03469241730241,4,0.9543490968418598
565,Procurement,Screened,50.30870504488781,314590.80847568135,314590.8084571279,66.44472590273519,0,0.9543490968418598
566,Procurement,Uniform,50.0,341540.6040101617,341540.6040101617,60.2115490532002,5,0.770440022836725
566,Procurement,Screened,50.31848558662715,341540.6040101617,341540.6039899881,60.586614486107386,0,0.770440022836725
567,Procurement,Uniform,50.0,376722.6043645325,376722.6043645325,111.73406322539206,3,1.1733864301308703
567,Procurement,Screened,50.3215304000489,376722.6043645325,376722.60434313706,112.3968609424407,0,1.1733864301308703
568,Procurement,Uniform,50.0,330294.2155960474,330294.2155960474,47.79228717652376,5,0.8369839146668132
568,Procurement,Screened,50.3103298223117,330294.2155960474,330294.21559604746,48.09157211020137,0,0.8369839146668132
569,Procurement,Uniform,50.0,294118.66098406166,294118.66098406166,52.67393366778144,5,0.8538521489016548
569,Procurement,Screened,50.31026651954655,294118.66098406166,294118.6609840617,53.00062799895744,0,0.8538521489016548
570,Procurement,Uniform,50.0,284700.36314784834,284700.36314784834,81.09057982004326,2,1.2181563011953844
570,Procurement,Screened,50.30591699893881,284700.36314784834,284700.36314784846,81.57781163765458,0,1.2181563011953844
571,Procurement,Uniform,50.0,292666.83009974565,292666.83009974565,41.440862467285406,5,0.701940775474876
571,Procurement,Screened,50.30875068303252,292666.83009974565,292666.83009988884,41.701760384562256,0,0.701940775474876
572,Procurement,Uniform,50.0,295993.03966659075,295993.03966659075,30.097919533135933,7,0.6228440005227678
572,Procurement,Screened,50.30827890843864,295993.03966659075,295993.03966659075,30.29674271721525,2,0.6228440005227678
573,Procurement,Uniform,50.0,350269.8807295584,350269.8807295584,90.05802304315489,4,1.14951048054302
573,Procurement,Screened,50.31185573341156,350269.8807295584,350269.8807295583,90.60305335606849,0,1.14951048054302
574,Procurement,Uniform,50.0,318335.4697597679,318335.4697597679,83.77183933758849,3,1.2449438315524817
574,Procurement,Screened,50.308361456676856,318335.4697597679,318335.46974106075,84.27976826041602,0,1.2449438315524817
575,Procurement,Uniform,50.0,405712.91131426406,405712.91131426406,42.37556246675119,7,0.5223502104131809
575,Procurement,Screened,50.30625292234546,405712.91131426406,405712.91131426423,42.67185755546321,2,0.5223502104131809
576,Procurement,Uniform,50.0,420939.5251379396,420939.52513793955,181.90376675038624,2,1.4799313614746676
576,Procurement,Screened,50.31303221297394,420939.5251379396,420939.52513793943,182.98047300988674,0,1.4799313614746676
577,Procurement,Uniform,50.0,292557.67617266625,292557.67617266625,51.78370592407162,5,0.859439584243309
577,Procurement,Screened,50.306613029961945,292557.67617266625,292557.67617266625,52.101451417554586,0,0.859439584243309
578,Procurement,Uniform,50.0,356166.0490086073,356166.0490086073,53.36967622756363,5,0.6452380792434647
578,Procurement,Screened,50.30764233750659,356166.0490086073,356166.0490086075,53.710901747929064,0,0.6452380792434647
579,Procurement,Uniform,50.0,392902.20184075925,392902.20184075925,114.10110500487912,4,1.493210848631927
579,Procurement,Screened,50.320634133612785,392902.20184075925,392902.20181798015,114.78472693264949,0,1.493210848631927
580,Procurement,Uniform,50.0,295210.1226223287,295210.1226223287,67.56083646752249,3,0.9839804755112692
580,Procurement,Screened,50.31838480459478,295210.1226223287,295210.12260485964,67.96375025967144,0,0.9839804755112692
581,Procurement,Uniform,50.0,283226.94564966724,283226.94564966724,91.8363356552814,2,1.1804938899897488
581,Procurement,Screened,50.32021293986759,283226.94564966724,283226.9456367851,92.3800373002639,0,1.1804938899897488
582,Procurement,Uniform,50.0,282346.28744215105,282346.28744215105,89.04234991165058,2,1.4699061657196455
582,Procurement,Screened,50.31209967275114,282346.28744215105,282346.28744215117,89.5595801600963,0,1.4699061657196455
583,Procurement,Uniform,50.0,358917.7115997296,358917.7115997296,94.36198794132872,3,0.9634976682038846
583,Procurement,Screened,50.319017011894275,358917.7115997296,358917.71157853946,94.93822072392872,0,0.9634976682038846
584,Procurement,Uniform,50.0,377953.747957309,377953.747957309,127.08165200333077,3,1.4779659252833928
584,Procurement,Screened,50.32454980729494,377953.747957309,377953.7479351068,127.83028615330463,0,1.4779659252833928
585,Procurement,Uniform,50.0,367882.58892684034,367882.58892684034,47.101238569030855,7,0.5816274816961124
585,Procurement,Screened,50.305573590899634,367882.58892684034,367882.5889268404,47.41725131797368,2,0.5816274816961124
586,Procurement,Uniform,50.0,375135.17169373296,375135.17169373296,49.41677208817499,6,0.545645333986887
586,Procurement,Screened,50.30393041512707,375135.17169373296,375135.17169373296,49.72697717453073,1,0.545645333986887
587,Procurement,Uniform,50.0,414702.31247921305,414702.31247921305,140.18204133924021,3,1.4404767438448105
587,Procurement,Screened,50.32910658048847,414702.31247921305,414702.312454832,141.01837290260258,0,1.4404767438448105
588,Procurement,Uniform,50.0,438317.50772867136,438317.50772867136,106.20804322796742,4,0.970707128628195
588,Procurement,Screened,50.311177509049124,438317.50772867136,438317.5077032588,106.86653220989989,0,0.970707128628195
589,Procurement,Uniform,50.0,300655.46048495814,300655.46048495814,59.216095208784985,5,0.8562301833261325
589,Procurement,Screened,50.316237834589174,300655.46048495814,300655.46048495814,59.57953387209324,0,0.8562301833261325
590,Procurement,Uniform,50.0,296407.05060783017,296407.05060783017,113.83716839753667,2,1.443711555154955
590,Procurement,Screened,50.319994057409126,296407.05060783017,296407.0505903776,114.49645701950926,0,1.443711555154955
591,Procurement,Uniform,50.0,322164.2646320678,322164.2646320678,35.01401039075338,7,0.5158362479143748
591,Procurement,Screened,50.318536960906194,322164.2646320678,322164.2646130878,35.252291003243016,2,0.5158362479143748
592,Procurement,Uniform,50.0,288480.5174328184,288480.5174328184,53.29020786091667,5,0.734555450177166
592,Procurement,Screened,50.32108557387424,288480.5174328184,288480.5174157972,53.61886984275838,0,0.734555450177166
593,Procurement,Uniform,50.0,429640.594633263,429640.594633263,89.5591960600365,5,1.002143442145019
593,Procurement,Screened,50.32087183198392,429640.594633263,429640.59460798855,90.11849627817011,0,1.002143442145019
594,Procurement,Uniform,50.0,372793.6021839471,372793.6021839471,61.52921792490447,5,0.6515808461371156
594,Procurement,Screened,50.31045550076568,372793.6021839471,372793.6021849812,61.91056773943941,0,0.6515808461371156
595,Procurement,Uniform,50.0,382201.1374421608,382201.13744216075,121.21942148158088,3,1.2465181045689022
595,Procurement,Screened,50.312284584067115,382201.1374421608,382201.1374421608,121.94349431307705,0,1.2465181045689022
596,Procurement,Uniform,50.0,307593.1665434471,307593.1665434471,59.908330749296944,4,0.981083592225531
596,Procurement,Screened,50.30979140586192,307593.1665434471,307593.1665434473,60.27139167253252,0,0.981083592225531
597,Procurement,Uniform,50.0,316093.23026118334,316093.23026118334,35.275132590397746,7,0.6150235133375885
597,Procurement,Screened,50.309252104334846,316093.23026118334,316093.2302430681,35.51091153863675,2,0.6150235133375885
598,Procurement,Uniform,50.0,326248.9186846176,326248.9186846176,115.47984404688356,2,1.476381184470282
598,Procurement,Screened,50.30876162239474,326248.9186846176,326248.9186723703,116.16425892168674,0,1.476381184470282
599,Procurement,Uniform,50.0,362923.0745086777,362923.0745086777,127.48722260176484,3,1.2569656105790243
599,Procurement,Screened,50.31946633060676,362923.0745086777,362923.07450867764,128.24609387462604,0,1.2569656105790243
600,Procurement,Uniform,50.0,290778.731836281,290778.731836281,83.5982122110381,3,1.1530319862043248
600,Procurement,Screened,50.31201611436358,290778.731836281,290778.7318440409,84.07394638251219,0,1.1530319862043248
601,Procurement,Uniform,50.0,286071.29068654875,286071.29068654875,86.12939317642399,3,1.4635318408056253
601,Procurement,Screened,50.31694567906962,286071.29068654875,286071.2906872995,86.64585828158293,0,1.4635318408056253
602,Procurement,Uniform,50.0,326908.1616470897,326908.1616470897,41.42597626958624,6,0.6542063323763498
602,Procurement,Screened,50.30736019448656,326908.1616470897,326908.1616470897,41.6984003799612,1,0.6542063323763498
603,Procurement,Uniform,50.0,413204.9335432765,413204.9335432765,144.37071396847577,3,1.336729444951037
603,Procurement,Screened,50.33084221318549,413204.9335432765,413204.933519059,145.2293352308266,0,1.336729444951037
604,Procurement,Uniform,50.0,353711.12609171704,353711.12609171704,52.39355078940324,5,0.6059253275915011
604,Procurement,Screened,50.316331475771136,353711.12609171704,353711.12609171716,52.732686406698434,0,0.6059253275915011
605,Procurement,Uniform,50.0,307757.7069388513,307757.7069388513,80.63008499103854,3,1.211009869303675
605,Procurement,Screened,50.31435647040402,307757.7069388513,307757.7069388513,81.11836449720197,0,1.211009869303675
606,Procurement,Uniform,50.0,331181.627242278,331181.62724227796,35.20086247110805,7,0.531072856618045
606,Procurement,Screened,50.30956926466426,331181.627242278,331181.62724227813,35.43870990248528,2,0.531072856618045
607,Procurement,Uniform,50.0,290879.4564560262,290879.4564560262,81.05903739223342,3,1.25032716075297
607,Procurement,Screened,50.30666888548552,290879.4564560262,290879.4564560262,81.54179942003913,0,1.25032716075297
608,Procurement,Uniform,50.0,368284.18973785394,368284.18973785394,137.4664210820793,2,1.3614724109177525
608,Procurement,Screened,50.33031562208813,368284.18973785394,368284.1897163217,138.28269388268802,0,1.3614724109177525
609,Procurement,Uniform,50.0,286453.5193843702,286453.5193843702,82.41669674422404,3,1.2389329535726656
609,Procurement,Screened,50.31623741794678,286453.5193843702,286453.5193843702,82.91173761562965,0,1.2389329535726656
610,Procurement,Uniform,50.0,367888.79307501775,367888.79307501775,130.36976450340387,2,1.4193979310094471
610,Procurement,Screened,50.31061056770806,367888.79307501775,367888.7930750179,131.13676643160184,0,1.4193979310094471
611,Procurement,Uniform,50.0,303225.8595422411,303225.8595422411,76.6766288375248,4,1.078977710229251
611,Procurement,Screened,50.32016515418848,303225.8595422411,303225.8595422412,77.13711653284527,0,1.078977710229251
612,Procurement,Uniform,50.0,351432.9671224996,351432.9671224996,48.76851752688666,6,0.6368622358871205
612,Procurement,Screened,50.30827850584147,351432.9671224996,351432.9671017155,49.08335285493432,1,0.6368622358871205
613,Procurement,Uniform,50.0,355034.5283715673,355034.5283715673,127.58145229441256,2,1.3047275107532084
613,Procurement,Screened,50.322532895639675,355034.5283715673,355034.5283506148,128.33335153152612,0,1.3047275107532084
614,Procurement,Uniform,50.0,371701.6373721793,371701.6373721793,124.76278507929847,3,1.4666475888841837
614,Procurement,Screened,50.323010292384154,371701.6373721793,371701.6373723595,125.50496868173967,0,1.4666475888841837
615,Procurement,Uniform,50.0,354140.72591778584,354140.72591778584,83.1320481196376,3,0.965869713105451
615,Procurement,Screened,50.311686914045964,354140.72591778584,354140.72591818677,83.63570516503162,0,0.965869713105451
616,Procurement,Uniform,50.0,391779.0972072647,391779.0972072647,62.217143391719596,5,0.7770178015529109
616,Procurement,Screened,50.328319319564656,391779.0972072647,391779.0971841819,62.61167880958046,0,0.7770178015529109
617,Procurement,Uniform,50.0,390076.272421687,390076.272421687,150.33884872027664,2,1.3702277207823406
617,Procurement,Screened,50.33025822887045,390076.272421687,390076.27239882504,151.21744729133303,0,1.3702277207823406
618,Procurement,Uniform,50.0,382354.8672984729,382354.86729847285,115.5932858378262,2,1.1913063236789094
618,Procurement,Screened,50.3184309281289,382354.8672984729,382354.8672758619,116.27656937576982,0,1.1913063236789094
619,Procurement,Uniform,50.0,411647.6675569404,411647.66755694035,74.27244265073892,5,0.8207191297855927
619,Procurement,Screened,50.31107090124808,411647.6675569404,411647.66755694046,74.74779562027474,0,0.8207191297855927
620,Procurement,Uniform,50.0,299360.0830699549,299360.0830699549,85.44691915020321,2,1.407894230101956
620,Procurement,Screened,50.30760908299851,299360.0830699549,299360.0830699549,85.94640629555614,0,1.407894230101956
621,Procurement,Uniform,50.0,380076.9207216435,380076.9207216435,50.13550944126989,6,0.6408591583056729
621,Procurement,Screened,50.303388483253336,380076.9207216435,380076.9207216434,50.463789665119414,1,0.6408591583056729
622,Procurement,Uniform,50.0,404749.52302452165,404749.52302452165,69.01652955042223,5,0.7055819957196996
622,Procurement,Screened,50.304653299262064,404749.52302452165,404749.52302452154,69.46367734570418,0,0.7055819957196996
623,Procurement,Uniform,50.0,288217.92387125094,288217.92387125094,48.55327821678952,5,0.7710512365989857
623,Procurement,Screened,50.312398629782734,288217.92387125094,288217.92387125094,48.85949366015098,0,0.7710512365989857
624,Procurement,Uniform,50.0,286684.0355945451,286684.0355945451,81.02583162612999,2,1.3483472831183925
624,Procurement,Screened,50.31152114349895,286684.0355945451,286684.0355945451,81.50528818161152,0,1.3483472831183925
625,Procurement,Uniform,50.0,301165.1578422842,301165.1578422842,96.62895614494332,2,1.4174786732522386
625,Procurement,Screened,50.30428827447484,301165.1578422842,301165.1578422842,97.17846551256918,0,1.4174786732522386
626,Procurement,Uniform,50.0,373622.3581155567,373622.35811555665,48.62762089713782,7,0.5152862639534699
626,Procurement,Screened,50.31923427297208,373622.3581155567,373622.3580935955,48.95522822563924,2,0.5152862639534699
627,Procurement,Uniform,50.0,373048.2083055074,373048.20830550743,129.12922864189167,2,1.3579090997820362
627,Procurement,Screened,50.3012412575814,373048.2083055074,373048.20830550743,129.89076142090514,0,1.3579090997820362
628,Procurement,Uniform,50.0,399398.44627865823,399398.44627865823,81.0724230303898,5,0.8137752636271849
628,Procurement,Screened,50.32620824239457,399398.44627865823,399398.446255298,81.57757815729957,0,0.8137752636271849
629,Procurement,Uniform,50.0,310004.3958111921,310004.3958111921,87.8801502031448,2,1.4149280288762287
629,Procurement,Screened,50.31401652010083,310004.3958111921,310004.395811192,88.40038112399883,0,1.4149280288762287
630,Procurement,Uniform,50.0,426059.6848774376,426059.68487743754,141.08898062686453,3,1.1630436831532591
630,Procurement,Screened,50.3215621627482,426059.6848774376,426059.6848523373,141.92836226276327,0,1.1630436831532591
631,Procurement,Uniform,50.0,317562.6176433484,317562.6176433484,48.88182696853503,5,0.6573438377254952
631,Procurement,Screened,50.30743186742561,317562.6176433484,317562.61764334847,49.188780108649894,0,0.6573438377254952
632,Procurement,Uniform,50.0,402295.55985246407,402295.55985246407,153.9133886566097,2,1.4532705066085398
632,Procurement,Screened,50.319812128832154,402295.55985246407,402295.5598295764,154.82420956882993,0,1.4532705066085398
633,Procurement,Uniform,50.0,285173.69516619074,285173.69516619074,99.60520399596945,2,1.396014993318359
633,Procurement,Screened,50.3046708889072,285173.69516619074,285173.6951661906,100.18467896147627,0,1.396014993318359
634,Procurement,Uniform,50.0,300546.1658688318,300546.1658688318,103.24544270269861,2,1.4844612961197998
634,Procurement,Screened,50.311411904260446,300546.1658688318,300546.16586883174,103.85131574037143,0,1.4844612961197998
635,Procurement,Uniform,50.0,365609.6950976193,365609.6950976193,63.14702140948881,5,0.6585084417486053
635,Procurement,Screened,50.329512482301915,365609.6950976193,365609.695076124,63.55350076061098,0,0.6585084417486053
636,Procurement,Uniform,50.0,281461.42735409015,281461.42735409015,79.04218996328817,3,1.242566482373043
636,Procurement,Screened,50.32038786289727,281461.42735409015,281461.42733747885,79.51836102607366,0,1.242566482373043
637,Procurement,Uniform,50.0,406124.5875086584,406124.5875086584,94.90304783240784,5,0.8828671489230111
637,Procurement,Screened,50.33802451647873,406124.5875086584,406124.58748489205,95.49082725648347,0,0.8828671489230111
638,Procurement,Uniform,50.0,325415.191884586,325415.191884586,86.02973643904514,3,1.302623437626954
638,Procurement,Screened,50.31137386203263,325415.191884586,325415.1918845859,86.53915819699309,0,1.302623437626954
639,Procurement,Uniform,50.0,323390.89164724725,323390.89164724725,114.63310138522228,3,1.4264586556831484
639,Procurement,Screened,50.3086849609048,323390.89164724725,323390.89164724725,115.3125121023337,0,1.4264586556831484
640,Procurement,Uniform,50.0,340462.38863941224,340462.38863941224,83.54637404771044,3,1.0852167339815848
640,Procurement,Screened,50.31255239269603,340462.38863941224,340462.38863941224,84.05945517919714,0,1.0852167339815848
641,Procurement,Uniform,50.0,335803.75473450404,335803.75473450404,88.34903113751099,4,1.2084621331144527
641,Procurement,Screened,50.32283038487277,335803.75473450404,335803.7547147799,88.87874483124898,0,1.2084621331144527
642,Procurement,Uniform,50.0,310116.500222644,310116.500222644,75.09450063629247,3,1.2480862320611656
642,Procurement,Screened,50.31924241451106,310116.500222644,310116.5002044048,75.5385604594501,0,1.2480862320611656
643,Procurement,Uniform,50.0,349799.28592575964,349799.28592575964,121.81718268962014,3,1.34605435141992
643,Procurement,Screened,50.31685637061367,349799.28592575964,349799.28590517316,122.53971605596765,0,1.34605435141992
644,Procurement,Uniform,50.0,286715.57889667904,286715.57889667904,91.39964742791221,2,1.390628699392483
644,Procurement,Screened,50.30963018261421,286715.57889667904,286715.5788966791,91.93354923249596,0,1.390628699392483
645,Procurement,Uniform,50.0,308918.64487908786,308918.64487908786,75.28887111546453,3,0.9138687902520712
645,Procurement,Screened,50.31137764960958,308918.64487908786,308918.6448790879,75.74570146616638,0,0.9138687902520712
646,Procurement,Uniform,50.0,369009.9647194157,369009.96471941564,66.68805807307047,5,0.9069390235626166
646,Procurement,Screened,50.32078526929443,369009.9647194157,369009.964697668,67.11270323725671,0,0.9069390235626166
647,Procurement,Uniform,50.0,311157.01614491874,311157.01614491874,117.72723951599092,2,1.4543590090958376
647,Procurement,Screened,50.31124818185445,311157.01614491874,311157.0161449186,118.40267027358841,0,1.4543590090958376
648,Procurement,Uniform,50.0,305910.75640985754,305910.75640985754,105.68262174550192,3,1.3481414271009162
648,Procurement,Screened,50.313820619641284,305910.75640985754,305910.75640985754,106.29839790388678,0,1.3481414271009162
649,Procurement,Uniform,50.0,318372.9837922608,318372.9837922608,51.129032925651174,5,0.8511722342489532
649,Procurement,Screened,50.315585832532086,318372.9837922608,318372.9837922609,51.45142889929165,0,0.8511722342489532
650,Procurement,Uniform,50.0,316856.06199762714,316856.06199762714,62.99541427155107,4,0.863998606295572
650,Procurement,Screened,50.30838461941735,316856.06199762714,316856.06199762726,63.385270638007874,0,0.863998606295572
651,Procurement,Uniform,50.0,287861.9967624964,287861.9967624964,51.20397297321234,5,0.7659939553915326
651,Procurement,Screened,50.31680655900334,287861.9967624964,287861.9967624963,51.513853226177396,0,0.7659939553915326
652,Procurement,Uniform,50.0,374139.9539897847,374139.9539897847,59.48120284295004,5,0.6915451153604004
652,Procurement,Screened,50.32719789255108,374139.9539897847,374139.95396774646,59.85757651300549,0,0.6915451153604004
653,Procurement,Uniform,50.0,292691.9734785336,292691.97347853356,50.58337187334166,5,0.8837021146041731
653,Procurement,Screened,50.310441215394384,292691.9734785336,292691.97347853344,50.90043913309761,0,0.8837021146041731
654,Procurement,Uniform,50.0,390297.1946287944,390297.19462879444,136.73297111127818,2,1.4169169406222144
654,Procurement,Screened,50.30606254066844,390297.1946287944,390297.1946057631,137.54430862511794,0,1.4169169406222144
655,Procurement,Uniform,50.0,318465.1166901952,318465.11669019517,125.08664189906509,2,1.4519097480377776
655,Procurement,Screened,50.32549233738804,318465.1166901952,318465.11667146825,125.82094407341506,0,1.4519097480377776
656,Procurement,Uniform,50.0,400637.2637024798,400637.2637024798,112.65875311968964,3,0.9878355812680414
656,Procurement,Screened,50.31656693330503,400637.2637024798,400637.2636940444,113.34576255556226,0,0.9878355812680414
657,Procurement,Uniform,50.0,301637.73747622187,301637.73747622187,38.627801181085474,7,0.5753151331703232
657,Procurement,Screened,50.313419674279466,301637.73747622187,301637.73747622175,38.88370942618982,2,0.5753151331703232
658,Procurement,Uniform,50.0,345517.12018018536,345517.12018018536,46.54662461724181,7,0.6336781524845899
658,Procurement,Screened,50.31449753709915,345517.12018018536,345517.12018018553,46.85228679267799,2,0.6336781524845899
659,Procurement,Uniform,50.0,284228.40365499223,284228.40365499223,72.34585520916258,3,1.2921949054153647
659,Procurement,Screened,50.31599476175925,284228.40365499223,284228.4036549921,72.77331343114815,0,1.2921949054153647
660,Procurement,Uniform,50.0,303257.27505195874,303257.27505195874,54.59932378759518,5,0.894415119886972
660,Procurement,Screened,50.317423071890396,303257.27505195874,303257.2750519588,54.93705015949803,0,0.894415119886972
661,Procurement,Uniform,50.0,338725.2126215253,338725.2126215253,110.24514538626264,2,1.4979939327165996
661,Procurement,Screened,50.31629309615929,338725.2126215253,338725.21260152303,110.8885311103404,0,1.4979939327165996
662,Procurement,Uniform,50.0,306612.5564372846,306612.5564372846,91.97745136950097,3,1.3002997984573597
662,Procurement,Screened,50.3101372462878,306612.5564372846,306612.5564372847,92.52339011779543,0,1.3002997984573597
663,Procurement,Uniform,50.0,297185.5816941866,297185.5816941866,48.15163485173685,5,0.7296560912264761
663,Procurement,Screened,50.317097644814275,297185.5816941866,297185.5816765977,48.436044206518936,0,0.7296560912264761
664,Procurement,Uniform,50.0,297668.58269628085,297668.58269628085,73.84222652886871,4,1.084739619376124
664,Procurement,Screened,50.32032011033166,297668.58269628085,297668.5826786958,74.28242689871685,0,1.084739619376124
665,Procurement,Uniform,50.0,373891.4725189411,373891.4725189411,62.64260726998826,5,0.7569416936440541
665,Procurement,Screened,50.304657128028474,373891.4725189411,373891.4725189411,63.042973243858434,0,0.7569416936440541
666,Procurement,Uniform,50.0,387627.99035756505,387627.99035756505,133.41201068487885,2,1.4867406187725896
666,Procurement,Screened,50.306094042040755,387627.99035756505,387627.99035756505,134.19811072378434,0,1.4867406187725896
667,Procurement,Uniform,50.0,409881.3070390319,409881.3070390319,65.05084710687032,5,0.6617808890520982
667,Procurement,Screened,50.2991520275989,409881.3070390319,409881.30702426133,65.46949784389466,0,0.6617808890520982
668,Procurement,Uniform,50.0,373915.2171413992,373915.21714139916,101.61467902887901,3,1.2421842492739126
668,Procurement,Screened,50.324916962743146,373915.2171413992,373915.2171194642,102.21354419756541,0,1.2421842492739126
669,Procurement,Uniform,50.0,343857.2023749382,343857.2023749382,107.88449231143454,2,1.3768936232555535
669,Procurement,Screened,50.30501432957222,343857.2023749382,343857.2023749383,108.52261256219508,0,1.3768936232555535
670,Procurement,Uniform,50.0,309706.8198935193,309706.8198935193,66.56795554874697,3,0.918513921840416
670,Procurement,Screened,50.32498326393898,309706.8198935193,309706.819875323,66.95386770593382,0,0.918513921840416
671,Procurement,Uniform,50.0,355539.9847510762,355539.9847510762,97.27519727304283,3,0.9796368322943496
671,Procurement,Screened,50.32029981525873,355539.9847510762,355539.98475107615,97.86032282103183,0,0.9796368322943496
672,Procurement,Uniform,50.0,288998.1359804722,288998.1359804722,30.842772660895584,7,0.5421864744934268
672,Procurement,Screened,50.315823517072005,288998.1359804722,288998.1359633851,31.047829941907228,2,0.5421864744934268
673,Procurement,Uniform,50.0,368321.7494496633,368321.74944966333,101.25912335244456,3,1.0837533407851745
673,Procurement,Screened,50.314231194060284,368321.7494496633,368321.749428008,101.85704620502386,0,1.0837533407851745
674,Procurement,Uniform,50.0,338522.580914361,338522.580914361,64.12333608276258,4,0.8267023277448948
674,Procurement,Screened,50.303393731454165,338522.580914361,338522.580914361,64.51655016990796,0,0.8267023277448948
675,Procurement,Uniform,50.0,315706.246529597,315706.246529597,84.40761523536557,3,1.032930393284848
675,Procurement,Screened,50.308078909181255,315706.246529597,315706.24652821885,84.90217521306684,0,1.032930393284848
676,Procurement,Uniform,50.0,404077.0287706578,404077.02877065784,118.08337272514397,3,1.0607148583124677
676,Procurement,Screened,50.313534470306195,404077.0287706578,404077.0287486813,118.80537807530433,0,1.0607148583124677
677,Procurement,Uniform,50.0,340210.06237295864,340210.06237295864,53.21190889884383,5,0.7095267444144748
677,Procurement,Screened,50.320739684148016,340210.06237295864,340210.0623529246,53.540722542049245,0,0.7095267444144748
678,Procurement,Uniform,50.0,293840.53479240986,293840.53479240986,77.11617634720311,4,1.166329057098906
678,Procurement,Screened,50.30964524538193,293840.53479240986,293840.5347924098,77.5818441399,0,1.166329057098906
679,Procurement,Uniform,50.0,354316.4719346557,354316.4719346557,47.94046088011674,6,0.6087048348310978
679,Procurement,Screened,50.317953081542825,354316.4719346557,354316.4719346555,48.25425996235727,1,0.6087048348310978
680,Procurement,Uniform,50.0,423598.13172415737,423598.13172415737,79.32080934383603,5,0.7413064321743528
680,Procurement,Screened,50.30769684362638,423598.13172415737,423598.1317241573,79.82929348773924,0,0.7413064321743528
681,Procurement,Uniform,50.0,418875.9828332313,418875.9828332313,161.07446280571796,2,1.2914938065821784
681,Procurement,Screened,50.31667568984434,418875.9828332313,418875.98280952754,162.01434611695953,0,1.2914938065821784
682,Procurement,Uniform,50.0,339311.0735295707,339311.0735295707,82.50195229732597,4,0.969569184409538
682,Procurement,Screened,50.33894944262448,339311.0735295707,339311.0735096222,82.9830137232134,0,0.969569184409538
683,Procurement,Uniform,50.0,434371.3733695303,434371.3733695303,49.68418179176632,7,0.5177237739395508
683,Procurement,Screened,50.31061287458738,434371.3733695303,434371.37336953054,50.02646493014387,2,0.5177237739395508
684,Procurement,Uniform,50.0,372820.38345746207,372820.38345746207,89.38224223264207,4,0.9724481931567052
684,Procurement,Screened,50.30691987039466,372820.38345746207,372820.38345746195,89.92532518491241,0,0.9724481931567052
685,Procurement,Uniform,50.0,435581.7464643278,435581.7464643278,183.74343032009224,2,1.425021459392172
685,Procurement,Screened,50.31218009940923,435581.7464643278,435581.7464751793,184.80278622094522,0,1.425021459392172
686,Procurement,Uniform,50.0,406270.9408156743,406270.94081567426,124.45741242256513,2,1.148592937265267
686,Procurement,Screened,50.311821265280024,406270.9408156743,406270.94081696967,125.1921278638367,0,1.148592937265267
687,Procurement,Uniform,50.0,384156.0459853293,384156.0459853293,144.75998187711642,2,1.278689559021959
687,Procurement,Screened,50.31740637402929,384156.0459853293,384156.04596265557,145.60499941674405,0,1.278689559021959
688,Procurement,Uniform,50.0,331672.0304056285,331672.0304056285,76.07929170550122,4,1.005376010066084
688,Procurement,Screened,50.31113499424272,331672.0304056285,331672.0304056285,76.5358667388059,0,1.005376010066084
689,Procurement,Uniform,50.0,342496.2301147195,342496.2301147195,91.29843365012215,3,1.0432463409446604
689,Procurement,Screened,50.30507224103174,342496.2301147195,342496.2301147194,91.84396967127995,0,1.0432463409446604
690,Procurement,Uniform,50.0,379070.19572135474,379070.19572135474,46.55740263619118,7,0.516331465308348
690,Procurement,Screened,50.319111514673885,379070.19572135474,379070.19569915906,46.866980998442344,2,0.516331465308348
691,Procurement,Uniform,50.0,307878.1794565888,307878.1794565888,34.02305631056352,7,0.5270228702241263
691,Procurement,Screened,50.32450300360597,307878.1794565888,307878.1794385336,34.2490795446463,2,0.5270228702241263
692,Procurement,Uniform,50.0,317068.7527994625,317068.7527994625,126.68318889987702,2,1.4313153118285142
692,Procurement,Screened,50.30010401751707,317068.7527994625,317068.7527994625,127.41408792154338,0,1.4313153118285142
693,Procurement,Uniform,50.0,296356.201218612,296356.20121861197,48.82845546224523,5,0.8257483502790297
693,Procurement,Screened,50.31072593697065,296356.201218612,296356.2012186119,49.10274321923742,0,0.8257483502790297
694,Procurement,Uniform,50.0,287804.43830297154,287804.43830297154,101.57140799900533,2,1.422349559286857
694,Procurement,Screened,50.321161744211466,287804.43830297154,287804.43830036843,102.14048510301943,0,1.422349559286857
695,Procurement,Uniform,50.0,290992.4211602309,290992.4211602309,63.3795193672561,4,0.8731781163663874
695,Procurement,Screened,50.309607793939,290992.4211602309,290992.4211602309,63.765447969554664,0,0.8731781163663874
696,Procurement,Uniform,50.0,324132.15404541226,324132.15404541226,66.9921005503557,4,0.9063792762673326
696,Procurement,Screened,50.31343307875508,324132.15404541226,324132.1540325439,67.40950728686495,0,0.9063792762673326
697,Procurement,Uniform,50.0,297353.97680593777,297353.97680593777,81.18783686690404,3,1.0190155471602913
697,Procurement,Screened,50.30870741173288,297353.97680593777,297353.97680593777,81.67496118146772,0,1.0190155471602913
698,Procurement,Uniform,50.0,322996.94918499736,322996.94918499736,55.11660654119351,5,0.8782727214670155
698,Procurement,Screened,50.309853748354826,322996.94918499736,322996.94916611793,55.46066957311138,0,0.8782727214670155
699,Procurement,Uniform,50.0,384548.6965476687,384548.69654766866,59.631640986550394,7,0.6093080278312639
699,Procurement,Screened,50.328673145323684,384548.6965476687,384548.69652517803,60.021172274590384,2,0.6093080278312639
700,Procurement,Uniform,50.0,378009.3361119244,378009.3361119244,60.72637290587969,7,0.7293942075249615
700,Procurement,Screened,50.32173170936258,378009.3361119244,378009.3361119245,61.11335013807784,2,0.7293942075249615
701,Procurement,Uniform,50.0,342044.71627191576,342044.71627191576,106.8925722847868,4,1.35230422347349
701,Procurement,Screened,50.33670191195025,342044.71627191576,342044.7162519356,107.53303306251355,0,1.35230422347349
702,Procurement,Uniform,50.0,337766.2015167073,337766.2015167073,53.4556003914323,5,0.790942358438161
702,Procurement,Screened,50.31070992535512,337766.2015167073,337766.2015167074,53.78119143867509,0,0.790942358438161
703,Procurement,Uniform,50.0,288429.4290829732,288429.42908297316,43.790675974020914,5,0.8083467593075131
703,Procurement,Screened,50.31348491622405,288429.4290829732,288429.42908297316,44.07078921778035,0,0.8083467593075131
704,Procurement,Uniform,50.0,278247.19124666025,278247.19124666025,79.52670725716055,2,1.2936568669332231
704,Procurement,Screened,50.31634992577778,278247.19124666025,278247.1912466602,79.99736237851825,0,1.2936568669332231
705,Procurement,Uniform,50.0,402848.1224436161,402848.1224436161,99.98503108239247,3,0.942356207855182
705,Procurement,Screened,50.31384227063394,402848.1224436161,402848.12244361604,100.58477832219889,0,0.942356207855182
706,Procurement,Uniform,50.0,386680.0659325097,386680.0659325097,97.60796625417203,3,1.042342790573021
706,Procurement,Screened,50.30363982026924,386680.0659325097,386680.0659325096,98.20603401548341,0,1.042342790573021
707,Procurement,Uniform,50.0,401870.1150448694,401870.1150448694,113.3558661399722,3,0.9762413784133452
707,Procurement,Screened,50.314549617024376,401870.1150448694,401870.11504486925,114.03784404448136,0,0.9762413784133452
708,Procurement,Uniform,50.0,316386.79877674754,316386.79877674754,41.101566704835534,5,0.5941964119231151
708,Procurement,Screened,50.2999321383599,316386.79877674754,316386.79878106224,41.363483132122916,0,0.5941964119231151
709,Procurement,Uniform,50.0,371886.3944067346,371886.3944067346,44.89662798181608,6,0.6351631205703872
709,Procurement,Screened,50.31564568529578,371886.3944067346,371886.3944067347,45.199117255182834,2,0.6351631205703872
710,Procurement,Uniform,50.0,376423.0425290249,376423.0425290249,90.88580138629615,4,0.872896114639424
710,Procurement,Screened,50.31741805340207,376423.0425290249,376423.0425068159,91.43541199561939,0,0.872896114639424
711,Procurement,Uniform,50.0,289051.0209615328,289051.0209615328,82.17019636736757,3,1.332431099057259
711,Procurement,Screened,50.31813616012008,289051.0209615328,289051.0209444296,82.65725069246542,0,1.332431099057259
712,Procurement,Uniform,50.0,379480.9893224852,379480.98932248517,113.06588283820948,3,1.267340370786557
712,Procurement,Screened,50.315575407948096,379480.9893224852,379480.98930019327,113.7406982081807,0,1.267340370786557
713,Procurement,Uniform,50.0,291931.1330969597,291931.1330969597,23.359420158192297,7,0.5284155290690753
713,Procurement,Screened,50.31424296229204,291931.1330969597,291931.13308439276,23.52387283898824,2,0.5284155290690753
714,Procurement,Uniform,50.0,435212.9166086202,435212.9166086202,115.06105023353086,4,1.0386183238716329
714,Procurement,Screened,50.330885381454834,435212.9166086202,435212.91658308497,115.76650865331878,0,1.0386183238716329
715,Procurement,Uniform,50.0,346501.91423596547,346501.91423596547,110.52533457457406,3,1.332691135122296
715,Procurement,Screened,50.30557103480632,346501.91423596547,346501.9142359656,111.17644239829853,0,1.332691135122296
716,Procurement,Uniform,50.0,354103.36455555167,354103.36455555167,115.96715360353923,2,1.230025667887956
716,Procurement,Screened,50.31646635445871,354103.36455555167,354103.36453459953,116.65242498118369,0,1.230025667887956
717,Procurement,Uniform,50.0,302908.00982413086,302908.00982413086,73.40285531936792,3,0.9485987068803406
717,Procurement,Screened,50.31415439847944,302908.00982413086,302908.00982413086,73.84696175033692,0,0.9485987068803406
718,Procurement,Uniform,50.0,389350.4979149584,389350.4979149584,109.3773420374903,3,1.119612725006987
718,Procurement,Screened,50.316859176846826,389350.4979149584,389350.49789192795,110.02694373952727,0,1.119612725006987
719,Procurement,Uniform,50.0,290398.4898170286,290398.4898170286,46.835173532926966,5,0.8408488446605638
719,Procurement,Screened,50.31208111837454,290398.4898170286,290398.48981702863,47.12037649041218,0,0.8408488446605638
720,Procurement,Uniform,50.0,391503.8484673328,391503.8484673328,82.44957023940819,5,0.8658280301276493
720,Procurement,Screened,50.319319561462606,391503.8484673328,391503.8484673328,82.95861427654938,0,0.8658280301276493
721,Procurement,Uniform,50.0,290457.4587217161,290457.4587217161,31.393871410451887,7,0.6260244604671197
721,Procurement,Screened,50.31423889087075,290457.4587217161,290457.4587045703,31.594469431982272,2,0.6260244604671197
722,Procurement,Uniform,50.0,365819.92525923066,365819.92525923066,45.360615647437214,6,0.5622071880276905
722,Procurement,Screened,50.31450515312433,365819.92525923066,365819.9252592308,45.66253894782823,1,0.5622071880276905
723,Procurement,Uniform,50.0,387041.6651579995,387041.6651579995,114.42880700074177,3,1.1769325300359592
723,Procurement,Screened,50.322321497229595,387041.6651579995,387041.66513516335,115.10003432932861,0,1.1769325300359592
724,Procurement,Uniform,50.0,292485.1327532796,292485.1327532796,34.172643334712305,6,0.6316845834561533
724,Procurement,Screened,50.30893569799371,292485.1327532796,292485.13275327964,34.399356169933405,1,0.6316845834561533
725,Procurement,Uniform,50.0,341442.54017899535,341442.54017899535,64.58993413299696,5,0.8445551801502957
725,Procurement,Screened,50.325297704143956,341442.54017899535,341442.54015892616,64.99566284491762,0,0.8445551801502957
726,Procurement,Uniform,50.0,358449.6903737544,358449.69037375436,93.59085247493165,4,1.3279826695216386
726,Procurement,Screened,50.31987523986157,358449.6903737544,358449.6903526908,94.1584245390522,0,1.3279826695216386
727,Procurement,Uniform,50.0,391666.7531544569,391666.75315445685,49.972311706590965,7,0.5508982751869731
727,Procurement,Screened,50.316390846191226,391666.7531544569,391666.753154457,50.303557514222916,2,0.5508982751869731
728,Procurement,Uniform,50.0,284209.86914596567,284209.86914596567,46.778271434144024,5,0.7573501263807663
728,Procurement,Screened,50.30868202733003,284209.86914596567,284209.86914596567,47.078901420861946,0,0.7573501263807663
729,Procurement,Uniform,50.0,282421.11056481727,282421.11056481727,70.36670271391934,4,1.1189033517813316
729,Procurement,Screened,50.31653965997819,282421.11056481727,282421.1105648173,70.79232690831263,0,1.1189033517813316
730,Procurement,Uniform,50.0,276808.6454686437,276808.64546864375,81.89546706742102,3,1.4308152849854303
730,Procurement,Screened,50.329340005963964,276808.6454686437,276808.6454524559,82.38688688203516,0,1.4308152849854303
731,Procurement,Uniform,50.0,332596.0978141256,332596.0978141256,71.82102046219245,4,1.161008077623834
731,Procurement,Screened,50.30732276568047,332596.0978141256,332596.0978143689,72.25353302426272,0,1.161008077623834
732,Procurement,Uniform,50.0,343930.51591396646,343930.51591396646,84.38654585689002,3,1.3269031659582078
732,Procurement,Screened,50.309686988098065,343930.51591396646,343930.51591396646,84.8894513372614,0,1.3269031659582078
733,Procurement,Uniform,50.0,399765.3881258177,399765.3881258177,124.4477346893683,3,1.1885907721857825
733,Procurement,Screened,50.33609079186333,399765.3881258177,399765.38810242945,125.19273286962068,0,1.1885907721857825
734,Procurement,Uniform,50.0,279000.40649748605,279000.40649748605,76.16229952932932,4,1.0471221004201543
734,Procurement,Screened,50.321819421412975,279000.40649748605,279000.4064811111,76.6124902843151,0,1.0471221004201543
735,Procurement,Uniform,50.0,303081.6038231448,303081.6038231448,56.47090203472264,4,0.7869051826100876
735,Procurement,Screened,50.31508336455217,303081.6038231448,303081.603805435,56.818847634003205,0,0.7869051826100876
736,Procurement,Uniform,50.0,397624.70367981866,397624.70367981866,68.84564821977462,5,0.8172679749141305
736,Procurement,Screened,50.3122690649282,397624.70367981866,397624.7036563456,69.28417082304841,0,0.8172679749141305
737,Procurement,Uniform,50.0,279936.9729177609,279936.9729177609,30.96516001956702,6,0.5998505100970095
737,Procurement,Screened,50.32238037175468,279936.9729177609,279936.97290120623,31.14448397013377,1,0.5998505100970095
738,Procurement,Uniform,50.0,318558.35265761067,318558.35265761067,127.08716887566736,2,1.4491902059199635
738,Procurement,Screened,50.32804197048188,318558.35265761067,318558.35263883125,127.83362776931851,0,1.4491902059199635
739,Procurement,Uniform,50.0,375854.9981715895,375854.99817158945,66.79622385841773,5,0.8814190815798308
739,Procurement,Screened,50.31141417557205,375854.9981715895,375854.9981715894,67.21613613237277,0,0.8814190815798308
740,Procurement,Uniform,50.0,378118.5308457841,378118.5308457841,61.12604041071202,5,0.8272568726407832
740,Procurement,Screened,50.31427016516665,378118.5308457841,378118.53082343144,61.495111560022394,0,0.8272568726407832
741,Procurement,Uniform,50.0,336498.0756295475,336498.0756295475,61.599800913130665,5,0.7337742711977187
741,Procurement,Screened,50.31079081799681,336498.0756295475,336498.07562954753,61.989665932854585,0,0.7337742711977187
742,Procurement,Uniform,50.0,329621.7595087602,329621.7595087602,74.80916390787353,4,0.936312239575254
742,Procurement,Screened,50.32770290843882,329621.7595087602,329621.75949020614,75.24755857414834,0,0.936312239575254
743,Procurement,Uniform,50.0,311270.44416760665,311270.44416760665,39.97706985361226,7,0.610057087827436
743,Procurement,Screened,50.31713485293266,311270.44416760665,311270.4441492363,40.23983071122843,2,0.610057087827436
744,Procurement,Uniform,50.0,294874.202475762,294874.202475762,95.01881653237895,2,1.3295805097214983
744,Procurement,Screened,50.31091051398655,294874.202475762,294874.202475762,95.5718384662371,0,1.3295805097214983
745,Procurement,Uniform,50.0,400616.2061132545,400616.2061132545,75.59263327823894,4,0.8048638906292387
745,Procurement,Screened,50.320911761564496,400616.2061132545,400616.2060895753,76.0609656560928,0,0.8048638906292387
746,Procurement,Uniform,50.0,413033.6924144744,413033.69241447444,184.95434084934556,2,1.4836297962091376
746,Procurement,Screened,50.35106022148457,413033.6924144744,413033.6923905576,186.0378008053054,0,1.4836297962091376
747,Procurement,Uniform,50.0,372794.4491739837,372794.4491739837,87.31367803419457,4,1.2019818704229737
747,Procurement,Screened,50.318389304295444,372794.4491739837,372794.449151987,87.84891806954268,0,1.2019818704229737
748,Procurement,Uniform,50.0,294274.04874615074,294274.04874615074,34.47327431158762,7,0.5581942839999738
748,Procurement,Screened,50.32650964366822,294274.04874615074,294274.0487288822,34.70590702139651,2,0.5581942839999738
749,Procurement,Uniform,50.0,306649.1204648361,306649.1204648361,67.21812575012142,4,0.9570745600765492
749,Procurement,Screened,50.31040429719954,306649.1204648361,306649.1204648362,67.6324213758462,0,0.9570745600765492
750,Procurement,Uniform,50.0,292932.07848032966,292932.07848032966,56.965938726544366,5,0.938121416318238
750,Procurement,Screened,50.31031594225606,292932.07848032966,292932.0784803296,57.305228970267,0,0.938121416318238
751,Procurement,Uniform,50.0,300927.77567014145,300927.77567014145,56.97560375516047,5,0.927077868397455
751,Procurement,Screened,50.31042675153689,300927.77567014145,300927.77565239405,57.33023307910206,0,0.927077868397455
752,Procurement,Uniform,50.0,334378.07275018084,334378.07275018084,70.77757070728649,5,0.904788329070377
752,Procurement,Screened,50.31087131244644,334378.07275018084,334378.0727501809,71.2127903688985,0,0.904788329070377
753,Procurement,Uniform,50.0,379601.1653843532,379601.1653843532,94.8028859645322,4,1.118489424673552
753,Procurement,Screened,50.31499698878657,379601.1653843532,379601.165384353,95.37600601425234,0,1.118489424673552
754,Procurement,Uniform,50.0,354790.86149888433,354790.86149888433,71.84464047138653,4,0.8278273412467899
754,Procurement,Screened,50.316143410534785,354790.86149888433,354790.8614988845,72.29506685903718,0,0.8278273412467899
755,Procurement,Uniform,50.0,310058.9774628765,310058.9774628765,39.909802750262415,7,0.5923006226959655
755,Procurement,Screened,50.32191201988955,310058.9774628765,310058.97744459,40.1464848487853,2,0.5923006226959655
756,Procurement,Uniform,50.0,284295.9344671983,284295.9344671983,92.80696901484892,2,1.3854534642690792
756,Procurement,Screened,50.309832274394616,284295.9344671983,284295.9344671983,93.35329243440006,0,1.3854534642690792
757,Procurement,Uniform,50.0,334884.02033748955,334884.02033748955,86.33044561569615,4,0.9912473471178792
757,Procurement,Screened,50.32863772419541,334884.02033748955,334884.0203178851,86.85653690826587,0,0.9912473471178792
758,Procurement,Uniform,50.0,328182.3122767934,328182.3122767934,62.85814245910829,5,0.9274536452274704
758,Procurement,Screened,50.31503093266197,328182.3122767934,328182.31226343306,63.254311331898364,0,0.9274536452274704
759,Procurement,Uniform,50.0,368878.5666889982,368878.5666889982,86.92326161357181,4,0.9750855888301138
759,Procurement,Screened,50.33301193794445,368878.5666889982,368878.5666692654,87.45001138575815,0,0.9750855888301138
760,Procurement,Uniform,50.0,396657.040143508,396657.04014350794,95.8705868177833,4,1.1124581438259402
760,Procurement,Screened,50.30956337227212,396657.040143508,396657.040143508,96.4481199558952,0,1.1124581438259402
761,Procurement,Uniform,50.0,375829.45744032814,375829.45744032814,133.36973582918915,2,1.4694190994459753
761,Procurement,Screened,50.30605175563271,375829.45744032814,375829.4574247033,134.16020607157228,0,1.4694190994459753
762,Procurement,Uniform,50.0,305717.0844486736,305717.08444867353,69.90088626758548,4,1.0101351909678078
762,Procurement,Screened,50.31172393036867,305717.0844486736,305717.0844486734,70.3229866132855,0,1.0101351909678078
763,Procurement,Uniform,50.0,284847.7025698066,284847.7025698066,27.130598357398195,7,0.5107970025135509
763,Procurement,Screened,50.30830951317085,284847.7025698066,284847.7025699333,27.310677169700043,2,0.5107970025135509
764,Procurement,Uniform,50.0,288223.55863165995,288223.55863165995,63.15504809154459,4,0.9940305119026948
764,Procurement,Screened,50.31531537183254,288223.55863165995,288223.5586315212,63.54227348351698,0,0.9940305119026948
765,Procurement,Uniform,50.0,323817.79855063034,323817.79855063034,75.0231448888421,3,1.1584811409784657
765,Procurement,Screened,50.30060112779793,323817.79855063034,323817.7985506301,75.46745083758422,0,1.1584811409784657
766,Procurement,Uniform,50.0,294154.0757139845,294154.0757139845,99.68811443957809,2,1.416320702776274
766,Procurement,Screened,50.309365500264796,294154.0757139845,294154.07571398444,100.2700429952009,0,1.416320702776274
767,Procurement,Uniform,50.0,299374.0645754664,299374.0645754664,73.0361577134455,3,1.0339566724428968
767,Procurement,Screened,50.31414114236413,299374.0645754664,299374.0645754663,73.4826142349837,0,1.0339566724428968
768,Procurement,Uniform,50.0,408313.9542758691,408313.9542758691,128.35305520768324,2,1.3642599921105136
768,Procurement,Screened,50.30943305212205,408313.9542758691,408313.954275869,129.11227923693193,0,1.3642599921105136
769,Procurement,Uniform,50.0,307872.2412024329,307872.24120243295,89.22673285503504,3,1.3073155338852809
769,Procurement,Screened,50.320567221233915,307872.2412024329,307872.2411843981,89.75676892411158,0,1.3073155338852809
770,Procurement,Uniform,50.0,289487.3732382002,289487.3732382002,83.87200876363049,3,1.1232195269970493
770,Procurement,Screened,50.311803414367986,289487.3732382002,289487.3732217299,84.36060814033881,0,1.1232195269970493
771,Procurement,Uniform,50.0,311559.7895067922,311559.7895067922,118.5789159884023,2,1.4654113501113946
771,Procurement,Screened,50.31182508352143,311559.7895067922,311559.78950679215,119.27444453870896,0,1.4654113501113946
772,Procurement,Uniform,50.0,277377.27804971766,277377.27804971766,51.876009815440696,5,0.7774098921505632
772,Procurement,Screened,50.32797329170689,277377.27804971766,277377.27803341066,52.1882031240347,0,0.7774098921505632
773,Procurement,Uniform,50.0,415125.6967715206,415125.6967715206,123.73591401166048,3,1.140612099621313
773,Procurement,Screened,50.32013915263752,415125.6967715206,415125.6967780704,124.45988098672741,0,1.140612099621313
774,Procurement,Uniform,50.0,339419.0879317569,339419.0879317569,113.43991074056973,3,1.378995738314773
774,Procurement,Screened,50.31424951462854,339419.0879317569,339419.08791267354,114.1191745722027,0,1.378995738314773
775,Procurement,Uniform,50.0,424994.8622511339,424994.8622511339,118.53040759170497,4,1.0164134265483238
775,Procurement,Screened,50.31812301535069,424994.8622511339,424994.86222611635,119.24915807509444,0,1.0164134265483238
776,Procurement,Uniform,50.0,349750.5034858739,349750.5034858739,62.021345218962175,5,0.7356102549412982
776,Procurement,Screened,50.3064088206121,349750.5034858739,349750.503485874,62.40380776472797,0,0.7356102549412982
777,Procurement,Uniform,50.0,299110.0235009913,299110.0235009913,52.51430282087228,5,0.6894572290167749
777,Procurement,Screened,50.30846916460119,299110.0235009913,299110.02348344756,52.83851546163079,0,0.6894572290167749
778,Procurement,Uniform,50.0,352802.80345243844,352802.80345243844,93.60602995059132,4,1.0045661825579857
778,Procurement,Screened,50.32662033620143,352802.80345243844,352802.80345243844,94.17250012807135,0,1.0045661825579857
779,Procurement,Uniform,50.0,322405.8742126416,322405.87421264156,99.24152780019985,2,1.2399711288041295
779,Procurement,Screened,50.306385306984744,322405.8742126416,322405.87419464753,99.8199486138533,0,1.2399711288041295
780,Procurement,Uniform,50.0,350116.6091595577,350116.6091595577,96.51590185874949,3,1.0960638979953965
780,Procurement,Screened,50.31406184632197,350116.6091595577,350116.6091595576,97.09674244675472,0,1.0960638979953965
781,Procurement,Uniform,50.0,330319.2352689391,330319.2352689391,102.49441951903434,3,1.312080550866515
781,Procurement,Screened,50.31762104001389,330319.2352689391,330319.23526893905,103.0966290376531,0,1.312080550866515
782,Procurement,Uniform,50.0,349059.80633358867,349059.80633358867,106.5080037278054,3,1.2567606259447208
782,Procurement,Screened,50.30999673793986,349059.80633358867,349059.80633358867,107.14135410783717,0,1.2567606259447208
783,Procurement,Uniform,50.0,394467.4261238889,394467.42612388893,143.12965741398966,2,1.4643538252756731
783,Procurement,Screened,50.33004429892541,394467.4261238889,394467.4261238889,143.96324976925555,0,1.4643538252756731
784,Procurement,Uniform,50.0,344818.59864273487,344818.59864273487,75.89023505690669,4,0.9663278855136164
784,Procurement,Screened,50.31269854465591,344818.59864273487,344818.5986427348,76.34770845285622,0,0.9663278855136164
785,Procurement,Uniform,50.0,276631.2819511395,276631.2819511395,76.18517343986603,3,1.2206390682313937
785,Procurement,Screened,50.31609829478798,276631.2819511395,276631.2819524124,76.64333527731381,0,1.2206390682313937
786,Procurement,Uniform,50.0,283767.0997706817,283767.0997706817,63.12573634972216,3,0.9415864724543792
786,Procurement,Screened,50.31596983963636,283767.0997706817,283767.0997706817,63.511510477674875,0,0.9415864724543792
787,Procurement,Uniform,50.0,290908.1447517654,290908.1447517654,51.32254383497621,4,0.7985918020417551
787,Procurement,Screened,50.31395687258468,290908.1447517654,290908.14475176536,51.63798339587678,0,0.7985918020417551
788,Procurement,Uniform,50.0,412768.143543541,412768.143543541,62.89994939261937,5,0.6104047966325192
788,Procurement,Screened,50.30688125876449,412768.143543541,412768.1435435412,63.31254546497484,0,0.6104047966325192
789,Procurement,Uniform,50.0,311978.16441967466,311978.16441967466,116.56814770040505,2,1.4644523423435976
789,Procurement,Screened,50.32823080938735,311978.16441967466,311978.164401386,117.25480131934602,0,1.4644523423435976
790,Procurement,Uniform,50.0,428615.7794633976,428615.7794633976,76.46465001660222,5,0.8315747249845091
790,Procurement,Screened,50.315617412224206,428615.7794633976,428615.7794380769,76.94099220390457,0,0.8315747249845091
791,Procurement,Uniform,50.0,343678.1292402188,343678.1292402188,78.8316799635654,4,1.0591132050292418
791,Procurement,Screened,50.32131449338643,343678.1292402188,343678.12921991677,79.30989256817585,0,1.0591132050292418
792,Procurement,Uniform,50.0,294470.4934358627,294470.4934358627,83.40326448994846,3,1.214460981251082
792,Procurement,Screened,50.3102857440153,294470.4934358627,294470.4934184899,83.89955034345867,0,1.214460981251082
793,Procurement,Uniform,50.0,403207.9253159693,403207.9253159693,78.24078351987096,5,0.8104744405405492
793,Procurement,Screened,50.32205656274257,403207.9253159693,403207.9252926345,78.7330406949294,0,0.8104744405405492
794,Procurement,Uniform,50.0,281748.7259718672,281748.7259718672,83.77696116319026,2,1.4686092678697131
794,Procurement,Screened,50.31719285377944,281748.7259718672,281748.7259718672,84.26460704561802,0,1.4686092678697131
795,Procurement,Uniform,50.0,349784.9749267233,349784.9749267233,88.31471858834551,4,1.0091037544120214
795,Procurement,Screened,50.307976969807385,349784.9749267233,349784.974906233,88.84930583351192,0,1.0091037544120214
796,Procurement,Uniform,50.0,314132.789150672,314132.789150672,43.247545576554515,6,0.71413564105662
796,Procurement,Screened,50.30855484092267,314132.789150672,314132.7891322008,43.53077273003589,1,0.71413564105662
797,Procurement,Uniform,50.0,415142.5414134002,415142.5414134002,125.51598141503757,3,1.057762440467311
797,Procurement,Screened,50.31122468002024,415142.5414134002,415142.5413964344,126.2733739569741,0,1.057762440467311
798,Procurement,Uniform,50.0,279385.9636049749,279385.9636049749,66.50474109204238,3,1.1446332175021143
798,Procurement,Screened,50.31546203453815,279385.9636049749,279385.9636049748,66.90048796488085,0,1.1446332175021143
799,Procurement,Uniform,50.0,289875.2796367201,289875.2796367201,42.401034672186356,5,0.6748738891087898
799,Procurement,Screened,50.312388213789184,289875.2796367201,289875.27962226386,42.66663922417781,0,0.6748738891087898
800,Procurement,Uniform,50.0,405558.3889500556,405558.3889500556,97.71170122926529,4,0.8927088420764535
800,Procurement,Screened,50.32351085745465,405558.3889500556,405558.3889261186,98.31253723575671,0,0.8927088420764535
801,Procurement,Uniform,50.0,329918.7741152394,329918.7741152394,89.09549318483297,3,1.0679654474524716
801,Procurement,Screened,50.322017484110255,329918.7741152394,329918.77409584285,89.64187880368613,0,1.0679654474524716
802,Procurement,Uniform,50.0,331440.7412248879,331440.7412248879,69.45861703011268,4,0.9321999878071489
802,Procurement,Screened,50.31915883699383,331440.7412248879,331440.7412053596,69.88675406595956,0,0.9321999878071489
803,Procurement,Uniform,50.0,368107.2662041504,368107.2662041504,65.89108906842782,5,0.721005478717254
803,Procurement,Screened,50.31574630091129,368107.2662041504,368107.2661825597,66.30682287543718,0,0.721005478717254
804,Procurement,Uniform,50.0,300833.22963718954,300833.22963718954,68.22225536660385,4,0.9832280486943562
804,Procurement,Screened,50.312414952727515,300833.22963718954,300833.22963718965,68.63767442558951,0,0.9832280486943562
805,Procurement,Uniform,50.0,317186.91622035706,317186.91622035706,69.45935024646208,4,0.9579551837758143
805,Procurement,Screened,50.315600110689914,317186.91622035706,317186.916201588,69.8692046062814,0,0.9579551837758143
806,Procurement,Uniform,50.0,284249.4006279354,284249.4006279354,109.79866232840898,2,1.4594847160771396
806,Procurement,Screened,50.30462366957478,284249.4006279354,284249.4006279354,110.43398308472874,0,1.4594847160771396
807,Procurement,Uniform,50.0,283938.0294004448,283938.0294004448,82.40502488131328,2,1.2230556537848942
807,Procurement,Screened,50.31450954271207,283938.0294004448,283938.02938381943,82.90017879283275,0,1.2230556537848942
808,Procurement,Uniform,50.0,279186.5840317955,279186.5840317955,114.8987937924653,2,1.4942121344095844
808,Procurement,Screened,50.31388119607592,279186.5840317955,279186.5840317955,115.5624762360257,0,1.4942121344095844
809,Procurement,Uniform,50.0,410197.0459089833,410197.0459089833,67.20725007028125,5,0.7849033495287545
809,Procurement,Screened,50.31550897129684,410197.0459089833,410197.0459089832,67.62252569032506,0,0.7849033495287545
810,Procurement,Uniform,50.0,335195.05355378217,335195.05355378217,114.49380234074124,2,1.377514298287846
810,Procurement,Screened,50.31700972306305,335195.05355378217,335195.0535537823,115.16236530716101,0,1.377514298287846
811,Procurement,Uniform,50.0,409533.4653024312,409533.46530243114,89.34694360732146,4,0.865701131687391
811,Procurement,Screened,50.3291802294368,409533.4653024312,409533.46527831274,89.8926713326306,0,0.865701131687391
812,Procurement,Uniform,50.0,337263.31963320327,337263.31963320327,72.94299906908071,4,1.1092009499307394
812,Procurement,Screened,50.32354072630938,337263.31963320327,337263.31961343973,73.38556050452793,0,1.1092009499307394
813,Procurement,Uniform,50.0,405776.0637733805,405776.0637733805,124.3810108063932,3,1.2176525040630977
813,Procurement,Screened,50.30771430772538,405776.0637733805,405776.06377338053,125.1235950283591,0,1.2176525040630977
814,Procurement,Uniform,50.0,353073.2782757587,353073.2782757587,45.112553335818546,6,0.6877648763178879
814,Procurement,Screened,50.32151246493696,353073.2782757587,353073.27825495554,45.40971381430037,1,0.6877648763178879
815,Procurement,Uniform,50.0,316058.09270721616,316058.09270721616,101.27339987860604,3,1.366840888311806
815,Procurement,Screened,50.312658040854465,316058.09270721616,316058.09268871025,101.87667483964258,0,1.366840888311806
816,Procurement,Uniform,50.0,415591.1773736759,415591.17737367586,147.82765545328286,3,1.4212354158496885
816,Procurement,Screened,50.334840495070786,415591.1773736759,415591.1773675838,148.69759654681977,0,1.4212354158496885
817,Procurement,Uniform,50.0,344338.9456155257,344338.9456155257,41.09183959055029,7,0.5514174225193185
817,Procurement,Screened,50.31442152242973,344338.9456155257,344338.94561552565,41.377253580445185,2,0.5514174225193185
818,Procurement,Uniform,50.0,364358.9727968045,364358.9727968045,83.32621434123956,4,1.0642227858880902
818,Procurement,Screened,50.31968883494692,364358.9727968045,364358.97277602594,83.83062404359693,0,1.0642227858880902
819,Procurement,Uniform,50.0,330697.8096724897,330697.8096724897,46.07902870651145,7,0.6662939795087602
819,Procurement,Screened,50.315990548393366,330697.8096724897,330697.80967248976,46.381178172585216,2,0.6662939795087602
820,Procurement,Uniform,50.0,292714.83804227464,292714.83804227464,55.93391439857018,4,0.8236495076099193
820,Procurement,Screened,50.313175848951985,292714.83804227464,292714.8380422747,56.27956428941746,0,0.8236495076099193
821,Procurement,Uniform,50.0,315017.855902811,315017.855902811,62.35688896323026,4,0.8429316206150311
821,Procurement,Screened,50.32449888364531,315017.855902811,315017.8558842062,62.73001656073825,0,0.8429316206150311
822,Procurement,Uniform,50.0,394146.9271919024,394146.9271919024,94.90240347945804,4,0.989475859517122
822,Procurement,Screened,50.33549092662646,394146.9271919024,394146.92716900614,95.48028762771631,0,0.989475859517122
823,Procurement,Uniform,50.0,312341.15833622124,312341.15833622124,45.33086083270778,5,0.668142277144495
823,Procurement,Screened,50.304628026870404,312341.15833622124,312341.1583362211,45.6162878820722,0,0.668142277144495
824,Procurement,Uniform,50.0,367497.9175648498,367497.91756484983,114.96299392313836,3,1.414053300719555
824,Procurement,Screened,50.32358063049772,367497.9175648498,367497.9175664602,115.63748207349072,0,1.414053300719555
825,Procurement,Uniform,50.0,312770.5727876151,312770.5727876151,68.2605917944385,5,0.9655992946704576
825,Procurement,Screened,50.32221319173875,312770.5727876151,312770.5727692039,68.68263644977172,0,0.9655992946704576
826,Procurement,Uniform,50.0,383170.7872389943,383170.78723899426,122.45889607530246,2,1.471021592021446
826,Procurement,Screened,50.31488935809513,383170.7872389943,383170.7872389943,123.18478962442752,0,1.471021592021446
827,Procurement,Uniform,50.0,299907.5102874683,299907.5102874683,37.31519741399768,7,0.5351727005393763
827,Procurement,Screened,50.30762242629056,299907.5102874683,299907.51028746826,37.558810938774734,2,0.5351727005393763
828,Procurement,Uniform,50.0,371825.4801254786,371825.4801254786,109.52684927964856,3,1.1348202991562484
828,Procurement,Screened,50.31387287674735,371825.4801254786,371825.4801254786,110.18404882190273,0,1.1348202991562484
829,Procurement,Uniform,50.0,350866.97150702565,350866.97150702565,107.13868612626744,3,1.176543315784485
829,Procurement,Screened,50.31244543028908,350866.97150702565,350866.9715070256,107.7770230538589,0,1.176543315784485
830,Procurement,Uniform,50.0,417261.5921049537,417261.5921049537,70.71687662260264,5,0.7378069223362907
830,Procurement,Screened,50.31151713530147,417261.5921049537,417261.59210495354,71.18029342551715,0,0.7378069223362907
831,Procurement,Uniform,50.0,360918.6354610723,360918.6354610723,88.71394660131125,3,1.0120048526831855
831,Procurement,Screened,50.31569835421266,360918.6354610723,360918.6354397149,89.25233259593026,0,1.0120048526831855
832,Procurement,Uniform,50.0,343029.0965676196,343029.0965676196,68.94426891144427,4,0.8880350811693597
832,Procurement,Screened,50.31384897350593,343029.0965676196,343029.0965676194,69.37818922435554,0,0.8880350811693597
833,Procurement,Uniform,50.0,366652.87559582543,366652.87559582543,120.53954016890245,2,1.2311209664459604
833,Procurement,Screened,50.3087118531062,366652.87559582543,366652.8755958254,121.24798743873123,0,1.2311209664459604
834,Procurement,Uniform,50.0,281163.85357334383,281163.85357334383,31.4973737974177,7,0.5451489223076195
834,Procurement,Screened,50.30937125859631,281163.85357334383,281163.85357334383,31.70548569018985,2,0.5451489223076195
835,Procurement,Uniform,50.0,379713.683836656,379713.68383665604,89.11361587150057,4,1.0478743169562912
835,Procurement,Screened,50.308423384955184,379713.683836656,379713.6838366561,89.66089925596745,0,1.0478743169562912
836,Procurement,Uniform,50.0,414265.5572179094,414265.5572179094,142.14493706384826,3,1.3493133021434731
836,Procurement,Screened,50.32863931494194,414265.5572179094,414265.5571948571,142.98977501520815,0,1.3493133021434731
837,Procurement,Uniform,50.0,369579.7538287128,369579.75382871274,120.54847050408765,3,1.2253606682544524
837,Procurement,Screened,50.320940659802815,369579.7538287128,369579.75382871274,121.25880428532625,0,1.2253606682544524
838,Procurement,Uniform,50.0,299283.5755837457,299283.5755837457,99.0888891171295,3,1.2139089543300452
838,Procurement,Screened,50.31885618038902,299283.5755837457,299283.5755837456,99.6699631810635,0,1.2139089543300452
839,Procurement,Uniform,50.0,388340.42024374567,388340.42024374567,81.50862539975613,5,0.8964289104801592
839,Procurement,Screened,50.32151931811601,388340.42024374567,388340.42022090376,82.00955608211403,0,0.8964289104801592
840,Procurement,Uniform,50.0,293246.1300624214,293246.1300624214,61.24949496462138,4,1.099980181043452
840,Procurement,Screened,50.30627975232074,293246.1300624214,293246.13006242143,61.626347524535234,0,1.099980181043452
841,Procurement,Uniform,50.0,292066.8431263206,292066.8431263206,38.54707723723996,5,0.6027064181449149
841,Procurement,Screened,50.312326409427925,292066.8431263206,292066.8431263205,38.78708355613747,0,0.6027064181449149
842,Procurement,Uniform,50.0,420079.2814638677,420079.2814638677,166.11904321019298,2,1.3794205322468696
842,Procurement,Screened,50.305495731925724,420079.2814638677,420079.28146386775,167.09080805960713,0,1.3794205322468696
843,Procurement,Uniform,50.0,279695.09613489686,279695.09613489686,55.871426143398295,5,0.8189095772869085
843,Procurement,Screened,50.31907288827198,279695.09613489686,279695.0961184584,56.21223210004685,0,0.8189095772869085
844,Procurement,Uniform,50.0,397487.971251486,397487.971251486,76.38260864870207,5,0.7438029254537352
844,Procurement,Screened,50.320527139742026,397487.971251486,397487.9712281878,76.86674172780664,0,0.7438029254537352
845,Procurement,Uniform,50.0,427708.67250291456,427708.67250291456,175.01599189792694,2,1.405887273128437
845,Procurement,Screened,50.331271317063084,427708.67250291456,427708.67248517193,176.04731048468847,0,1.405887273128437
846,Procurement,Uniform,50.0,318541.187584882,318541.187584882,78.52233628014929,3,1.3273319687768876
846,Procurement,Screened,50.30985883595479,318541.187584882,318541.187584882,78.99369300955934,0,1.3273319687768876
847,Procurement,Uniform,50.0,337781.1732077042,337781.1732077042,94.43675156826436,3,1.0459534193089053
847,Procurement,Screened,50.31318120946547,337781.1732077042,337781.1732077042,94.99885149228882,0,1.0459534193089053
848,Procurement,Uniform,50.0,429611.21718170337,429611.21718170337,117.89673550122517,3,0.9632103490695852
848,Procurement,Screened,50.31600807333265,429611.21718170337,429611.21715630044,118.60719969671563,0,0.9632103490695852
849,Procurement,Uniform,50.0,288534.807503414,288534.807503414,85.29917052167919,3,1.4287166756826268
849,Procurement,Screened,50.315386126293824,288534.807503414,288534.80750341405,85.80572099775725,0,1.4287166756826268
850,Procurement,Uniform,50.0,283884.8092037814,283884.8092037814,57.786177349693254,4,0.9164805401722008
850,Procurement,Screened,50.311037031579694,283884.8092037814,283884.8092037813,58.13736539618487,0,0.9164805401722008
851,Procurement,Uniform,50.0,330351.8223006068,330351.82230060676,65.47416925541755,5,0.8467095916038492
851,Procurement,Screened,50.30792091591208,330351.8223006068,330351.82230060664,65.87914762837896,0,0.8467095916038492
852,Procurement,Uniform,50.0,319042.0752154502,319042.0752154502,82.46776502806232,4,1.2440294725379386
852,Procurement,Screened,50.309669651696254,319042.0752154502,319042.07521545026,82.96717050986967,0,1.2440294725379386
853,Procurement,Uniform,50.0,344876.73515270243,344876.73515270243,104.63074400601664,3,1.3207381342662434
853,Procurement,Screened,50.329999700139275,344876.73515270243,344876.7351323891,105.24884378290781,0,1.3207381342662434
854,Procurement,Uniform,50.0,334908.78781051084,334908.78781051084,70.43084446950262,4,1.0067068459065704
854,Procurement,Screened,50.313187393237705,334908.78781051084,334908.7878105107,70.86043747293985,0,1.0067068459065704
855,Procurement,Uniform,50.0,309133.2468269008,309133.2468269008,49.188658538264676,5,0.7350807409466339
855,Procurement,Screened,50.320275237298226,309133.2468269008,309133.2468086306,49.50246160427898,0,0.7350807409466339
856,Procurement,Uniform,50.0,292968.8836079429,292968.8836079429,77.35836730096656,4,1.0603284400247133
856,Procurement,Screened,50.31862128090987,292968.8836079429,292968.8835907305,77.82579539057174,0,1.0603284400247133
857,Procurement,Uniform,50.0,424620.21092256,424620.21092255996,72.81682766139468,5,0.7815257976730734
857,Procurement,Screened,50.34494105331008,424620.21092256,424620.2109261586,73.25856409433275,0,0.7815257976730734
858,Procurement,Uniform,50.0,400212.43580042187,400212.43580042187,118.05749889910417,3,1.1408484499606086
858,Procurement,Screened,50.337873657180126,400212.43580042187,400212.43577697163,118.76908534997658,0,1.1408484499606086
859,Procurement,Uniform,50.0,369273.7188058832,369273.7188058832,46.85815639627029,6,0.5973011859582247
859,Procurement,Screened,50.31417212911276,369273.7188058832,369273.71878413245,47.16813265217169,1,0.5973011859582247
860,Procurement,Uniform,50.0,336842.9041628607,336842.9041628607,113.66570480778779,2,1.3536528695062349
860,Procurement,Screened,50.31897337185572,336842.9041628607,336842.9041429823,114.34265608292671,0,1.3536528695062349
861,Procurement,Uniform,50.0,351045.19689724816,351045.19689724816,57.73893543582204,5,0.7539568392745503
861,Procurement,Screened,50.3120290039523,351045.19689724816,351045.19689724816,58.10223776341719,0,0.7539568392745503
862,Procurement,Uniform,50.0,393969.0889250313,393969.0889250313,91.90392416675182,4,0.904685222686521
862,Procurement,Screened,50.30563905874408,393969.0889250313,393969.08892503125,92.46451599199305,0,0.904685222686521
863,Procurement,Uniform,50.0,327132.8495186089,327132.8495186089,106.7286522099586,3,1.235866355924481
863,Procurement,Screened,50.31776967205905,327132.8495186089,327132.84949933644,107.36297963618364,0,1.235866355924481
864,Procurement,Uniform,50.0,304409.52769888303,304409.52769888303,32.84417689405152,7,0.5982401432921756
864,Procurement,Screened,50.30213992628265,304409.52769888303,304409.52769888286,33.04805176407635,2,0.5982401432921756
865,Procurement,Uniform,50.0,339376.3159024401,339376.3159024401,54.36594692003751,5,0.7301154413044563
865,Procurement,Screened,50.311720331743096,339376.3159024401,339376.3159024403,54.71482177528112,0,0.7301154413044563
866,Procurement,Uniform,50.0,360153.7911119605,360153.7911119605,86.70612376722016,3,0.8900248601548608
866,Procurement,Screened,50.30461577947221,360153.7911119605,360153.79111196054,87.24024050805198,0,0.8900248601548608
867,Procurement,Uniform,50.0,304525.56950970844,304525.56950970844,46.5425136241812,5,0.6436007035303595
867,Procurement,Screened,50.31254676838558,304525.56950970844,304525.5695097084,46.83861259361048,0,0.6436007035303595
868,Procurement,Uniform,50.0,369250.5422937075,369250.5422937075,51.118807574320584,7,0.6284190053078286
868,Procurement,Screened,50.31637350792978,369250.5422937075,369250.5422721286,51.45380765247713,2,0.6284190053078286
869,Procurement,Uniform,50.0,361182.4149974809,361182.4149974809,45.84284861909408,7,0.5813133635753442
869,Procurement,Screened,50.30988691040173,361182.4149974809,361182.4149974809,46.14623835914035,2,0.5813133635753442
870,Procurement,Uniform,50.0,350092.8670107116,350092.8670107116,131.9294444150491,2,1.4115247245195004
870,Procurement,Screened,50.30677734622323,350092.8670107116,350092.86701071163,132.70297814041507,0,1.4115247245195004
871,Procurement,Uniform,50.0,337604.3126427402,337604.3126427402,77.33252453101302,5,0.9966743074046572
871,Procurement,Screened,50.340503837047315,337604.3126427402,337604.3126229695,77.81659008741534,0,0.9966743074046572
872,Procurement,Uniform,50.0,282509.3971770893,282509.3971770893,75.77212437852907,3,1.3125494781184566
872,Procurement,Screened,50.31748168085823,282509.3971770893,282509.3971604199,76.22621454092139,0,1.3125494781184566
873,Procurement,Uniform,50.0,374474.5522267032,374474.55222670315,88.35006387025028,4,0.8819299398841243
873,Procurement,Screened,50.31451130812431,374474.5522267032,374474.5522045472,88.87547608783721,0,0.8819299398841243
874,Procurement,Uniform,50.0,395285.9769467265,395285.9769467265,62.51911071368536,5,0.7960031704965322
874,Procurement,Screened,50.318845062533,395285.9769467265,395285.9769234712,62.917103527412095,0,0.7960031704965322
875,Procurement,Uniform,50.0,425853.3397001512,425853.33970015123,50.214298099898876,7,0.541747022919894
875,Procurement,Screened,50.33320746281275,425853.3397001512,425853.3397005936,50.55400347579593,2,0.541747022919894
876,Procurement,Uniform,50.0,348104.3090267035,348104.3090267035,112.52431783583597,3,1.3061134637114016
876,Procurement,Screened,50.32171021493087,348104.3090267035,348104.30900626734,113.19074610785374,0,1.3061134637114016
877,Procurement,Uniform,50.0,353397.076308336,353397.076308336,130.94118541305565,2,1.38925003015424
877,Procurement,Screened,50.31372660457196,353397.076308336,353397.07629268605,131.7077479010261,0,1.38925003015424
878,Procurement,Uniform,50.0,343455.2133764442,343455.2133764442,93.74018949401064,4,1.0714783469327158
878,Procurement,Screened,50.34662310487026,343455.2133764442,343455.213356351,94.29654486693263,0,1.0714783469327158
879,Procurement,Uniform,50.0,283015.2080231237,283015.2080231237,50.6999880101397,4,0.8153552613373469
879,Procurement,Screened,50.31510709478467,283015.2080231237,283015.2080231237,51.01283293985893,0,0.8153552613373469
880,Procurement,Uniform,50.0,415702.6961677474,415702.6961677474,116.57980254817632,3,1.3416044014000574
880,Procurement,Screened,50.31013305321832,415702.6961677474,415702.69614402857,117.26975039903438,0,1.3416044014000574
881,Procurement,Uniform,50.0,349739.73608008627,349739.73608008627,78.50481329696795,4,1.0284393727763217
881,Procurement,Screened,50.32220692169983,349739.73608008627,349739.7360594617,78.97326599934955,0,1.0284393727763217
882,Procurement,Uniform,50.0,282849.0174712256,282849.0174712256,38.15917842581854,7,0.6458352971334593
882,Procurement,Screened,50.326448949821135,282849.0174712256,282849.01745462493,38.406026050206364,2,0.6458352971334593
883,Procurement,Uniform,50.0,423399.8698200402,423399.8698200402,122.76829926889951,3,1.0782049687581077
883,Procurement,Screened,50.32439583749309,423399.8698200402,423399.8697950552,123.50129131584019,0,1.0782049687581077
884,Procurement,Uniform,50.0,332390.91391719284,332390.91391719284,78.13485306728172,4,1.037302026507998
884,Procurement,Screened,50.31371748300766,332390.91391719284,332390.9139171927,78.60827134447386,0,1.037302026507998
885,Procurement,Uniform,50.0,312345.4626085056,312345.4626085056,82.3438748892527,4,1.2184101465776067
885,Procurement,Screened,50.32559786138267,312345.4626085056,312345.4625901452,82.84666146696159,0,1.2184101465776067
886,Procurement,Uniform,50.0,316740.09320563445,316740.09320563445,56.70321526891683,5,0.8065220850718735
886,Procurement,Screened,50.31814619493445,316740.09320563445,316740.0932056345,57.06200396895458,0,0.8065220850718735
887,Procurement,Uniform,50.0,359807.9607060135,359807.9607060135,117.6122625589098,3,1.3867175919073145
887,Procurement,Screened,50.31354318364243,359807.9607060135,359807.9606848996,118.31824416637448,0,1.3867175919073145
888,Procurement,Uniform,50.0,326813.9215441283,326813.9215441283,69.57948174468721,4,1.0408909741037726
888,Procurement,Screened,50.31435614407227,326813.9215441283,326813.92154412833,70.00230431526985,0,1.0408909741037726
889,Procurement,Uniform,50.0,439020.7209434992,439020.72094349924,104.76215193173887,4,1.039562577061695
889,Procurement,Screened,50.321246218911064,439020.7209434992,439020.72094435384,105.39735665766266,0,1.039562577061695
890,Procurement,Uniform,50.0,376615.6404406494,376615.6404406494,118.28181340593629,2,1.3020941768045082
890,Procurement,Screened,50.316635160035496,376615.6404406494,376615.64042385365,118.99792802261567,0,1.3020941768045082
891,Procurement,Uniform,50.0,425476.14545079815,425476.14545079815,97.51057249165866,4,1.0405180976614468
891,Procurement,Screened,50.31815445564551,425476.14545079815,425476.145450798,98.10990318435447,0,1.0405180976614468
892,Procurement,Uniform,50.0,383755.6011859108,383755.60118591075,40.342634861474004,7,0.5139520228269086
892,Procurement,Screened,50.32583509885763,383755.6011859108,383755.60116328835,40.6209981116632,2,0.5139520228269086
893,Procurement,Uniform,50.0,307878.00068291835,307878.00068291835,94.0937870648518,3,1.2840408148013285
893,Procurement,Screened,50.31704291236564,307878.00068291835,307878.0006829182,94.64316557609662,0,1.2840408148013285
894,Procurement,Uniform,50.0,325150.7350564292,325150.7350564292,75.38305482298004,3,0.96837668809861
894,Procurement,Screened,50.30718073259691,325150.7350564292,325150.7350564293,75.83367161002835,0,0.96837668809861
895,Procurement,Uniform,50.0,309195.56898041745,309195.56898041745,68.70184186219873,4,0.961700888044466
895,Procurement,Screened,50.30815923509669,309195.56898041745,309195.56898041745,69.12158703491144,0,0.961700888044466
896,Procurement,Uniform,50.0,283307.57317018206,283307.57317018206,55.52175452158059,4,1.020776119263979
896,Procurement,Screened,50.30980694024613,283307.57317018206,283307.573170182,55.846567244286355,0,1.020776119263979
897,Procurement,Uniform,50.0,286394.97919144045,286394.97919144045,42.08826310421844,5,0.7151627943975712
897,Procurement,Screened,50.304817749593184,286394.97919144045,286394.9791914403,42.34787805262271,0,0.7151627943975712
898,Procurement,Uniform,50.0,385084.3406490605,385084.34064906044,61.84186720050405,5,0.6818328199836753
898,Procurement,Screened,50.31295231292615,385084.3406490605,385084.3406267353,62.24039482813239,0,0.6818328199836753
899,Procurement,Uniform,50.0,388047.2354502186,388047.2354502186,92.9458620109995,4,0.8668587756491712
899,Procurement,Screened,50.32176267685543,388047.2354502186,388047.2354274267,93.50943043228733,0,0.8668587756491712
900,Procurement,Uniform,50.0,381899.1000048456,381899.1000048456,43.324916372226646,7,0.5281360232445728
900,Procurement,Screened,50.307005519713215,381899.1000048456,381899.10000484553,43.628880853914275,2,0.5281360232445728
901,Procurement,Uniform,50.0,361792.8990885298,361792.89908852987,116.48710814075439,2,1.132224803559137
901,Procurement,Screened,50.30285122077789,361792.8990885298,361792.89908853,117.17342208087902,0,1.132224803559137
902,Procurement,Uniform,50.0,314850.45293057314,314850.45293057314,72.26827163035676,4,1.0217606061048945
902,Procurement,Screened,50.324502136351484,314850.45293057314,314850.4529120553,72.71400430492207,0,1.0217606061048945
903,Procurement,Uniform,50.0,399478.05768456496,399478.05768456496,128.6782309975685,2,1.1993556251453026
903,Procurement,Screened,50.31241823456518,399478.05768456496,399478.05768529704,129.4421184779409,0,1.1993556251453026
904,Procurement,Uniform,50.0,428744.7484668059,428744.7484668059,178.9911144810083,2,1.489151438552336
904,Procurement,Screened,50.30483802388139,428744.7484668059,428744.7484668058,180.04393144561936,0,1.489151438552336
905,Procurement,Uniform,50.0,302912.6518589241,302912.6518589241,50.35382854166392,5,0.7487207997192258
905,Procurement,Screened,50.31852269318995,302912.6518589241,302912.651841016,50.67022504585274,0,0.7487207997192258
906,Procurement,Uniform,50.0,350441.5725792865,350441.5725792865,41.84917639277884,7,0.5821302573970788
906,Procurement,Screened,50.30975037524043,350441.5725792865,350441.5725592409,42.13323344019291,2,0.5821302573970788
907,Procurement,Uniform,50.0,330737.251802954,330737.251802954,33.486422283815834,7,0.5098061645352504
907,Procurement,Screened,50.31341706898702,330737.251802954,330737.2517833805,33.66475079113682,2,0.5098061645352504
908,Procurement,Uniform,50.0,293418.96291611297,293418.96291611297,96.84558974407982,2,1.392025659679752
908,Procurement,Screened,50.317144599779894,293418.96291611297,293418.9628987494,97.38839309847164,0,1.392025659679752
909,Procurement,Uniform,50.0,330691.82860580506,330691.82860580506,71.22974732225248,4,0.8576944905688811
909,Procurement,Screened,50.31837517551045,330691.82860580506,330691.8286067748,71.6596904706956,0,0.8576944905688811
910,Procurement,Uniform,50.0,438434.0514987251,438434.0514987251,91.17705476475476,5,0.9211651586675028
910,Procurement,Screened,50.3110904868597,438434.0514987251,438434.0514987251,91.74062347000756,0,0.9211651586675028
911,Procurement,Uniform,50.0,316132.0238377118,316132.0238377118,56.06233108810703,5,0.711963587121817
911,Procurement,Screened,50.31338643352027,316132.0238377118,316132.0238190603,56.423498784104595,0,0.711963587121817
912,Procurement,Uniform,50.0,349430.4308407586,349430.4308407586,34.139725285700706,7,0.5596374190553349
912,Procurement,Screened,50.31058340766934,349430.4308407586,349430.4308407586,34.37737656605063,2,0.5596374190553349
913,Procurement,Uniform,50.0,360812.0514981675,360812.0514981675,104.71849559626096,3,1.2128377375421264
913,Procurement,Screened,50.313360516012,360812.0514981675,360812.0514981676,105.35075800043505,0,1.2128377375421264
914,Procurement,Uniform,50.0,320359.2580507996,320359.2580507996,120.46506204664607,2,1.4154948389404989
914,Procurement,Screened,50.32077400664877,320359.2580507996,320359.2580507996,121.17518072942971,0,1.4154948389404989
915,Procurement,Uniform,50.0,416071.60199439735,416071.60199439735,123.86727748728316,4,1.2551411045582976
915,Procurement,Screened,50.346521596638894,416071.60199439735,416071.6019702556,124.6092749613941,0,1.2551411045582976
916,Procurement,Uniform,50.0,368485.6796563375,368485.6796563375,102.89066306875387,3,1.1581933344877442
916,Procurement,Screened,50.31142083416056,368485.6796563375,368485.6796347196,103.51191493420095,0,1.1581933344877442
917,Procurement,Uniform,50.0,326778.81589106825,326778.81589106825,90.94319230837952,3,1.254796192537566
917,Procurement,Screened,50.31391671507209,326778.81589106825,326778.8158910683,91.48580744730884,0,1.254796192537566
918,Procurement,Uniform,50.0,347460.38476162346,347460.38476162346,44.53944906142751,7,0.7465409713139214
918,Procurement,Screened,50.3171182712963,347460.38476162346,347460.3847413096,44.826528867787225,2,0.7465409713139214
919,Procurement,Uniform,50.0,308949.90717213287,308949.90717213287,39.87889283359908,6,0.649036817737624
919,Procurement,Screened,50.311453925593064,308949.90717213287,308949.9071561744,40.13936041041082,1,0.649036817737624
920,Procurement,Uniform,50.0,286312.8100878615,286312.8100878615,74.34481966012834,3,1.1202885854758555
920,Procurement,Screened,50.31394255216065,286312.8100878615,286312.81008786144,74.78964758478516,0,1.1202885854758555
921,Procurement,Uniform,50.0,337173.9079287787,337173.9079287787,41.34015608373504,7,0.6737002029707491
921,Procurement,Screened,50.31428871412043,337173.9079287787,337173.90792877856,41.61092415929582,2,0.6737002029707491
922,Procurement,Uniform,50.0,362147.4082811401,362147.4082811401,101.82998508591793,3,1.136934749032127
922,Procurement,Screened,50.3189008313063,362147.4082811401,362147.4082597571,102.44120259863766,0,1.136934749032127
923,Procurement,Uniform,50.0,364019.9952010925,364019.99520109245,85.80132792876347,4,0.9094173197928948
923,Procurement,Screened,50.31161034798846,364019.9952010925,364019.9951796037,86.32410357502744,0,0.9094173197928948
924,Procurement,Uniform,50.0,299603.41541976674,299603.41541976674,54.86851397420393,5,0.8395251548031607
924,Procurement,Screened,50.31542012511218,299603.41541976674,299603.4154021032,55.20330120796995,0,0.8395251548031607
925,Procurement,Uniform,50.0,342117.53399579856,342117.53399579856,85.55419565818063,3,1.1643611418207391
925,Procurement,Screened,50.308623407072105,342117.53399579856,342117.53399579856,86.05617014199547,0,1.1643611418207391
926,Procurement,Uniform,50.0,330413.03052445775,330413.03052445775,76.24139309456812,4,0.9768690221467772
926,Procurement,Screened,50.31893698062995,330413.03052445775,330413.03050499555,76.69925043505654,0,0.9768690221467772
927,Procurement,Uniform,50.0,396205.6744182027,396205.6744182027,122.39990565178091,3,1.137466092670663
927,Procurement,Screened,50.312899611465895,396205.6744182027,396205.6743948237,123.13043536516678,0,1.137466092670663
928,Procurement,Uniform,50.0,373705.1908100657,373705.1908100657,80.28266520337779,5,0.8323168361206443
928,Procurement,Screened,50.325372081988846,373705.1908100657,373705.19078810024,80.7701500432514,0,0.8323168361206443
929,Procurement,Uniform,50.0,423969.19060016586,423969.19060016586,54.26802537262069,7,0.6232486770230837
929,Procurement,Screened,50.31487498398747,423969.19060016586,423969.1905751828,54.63027709684484,2,0.6232486770230837
930,Procurement,Uniform,50.0,318262.6529076793,318262.6529076793,102.66642577451763,3,1.3943269461416663
930,Procurement,Screened,50.30669607497311,318262.6529076793,318262.6528889596,103.28058667245047,0,1.3943269461416663
931,Procurement,Uniform,50.0,290660.13611289667,290660.13611289667,99.25315695690004,2,1.458793250149574
931,Procurement,Screened,50.306729149774064,290660.13611289667,290660.13611289667,99.83775254510164,0,1.458793250149574
932,Procurement,Uniform,50.0,286774.3574119008,286774.3574119008,54.86415082554469,5,0.8984601200656088
932,Procurement,Screened,50.32046020585622,286774.3574119008,286774.3574119008,55.20192318268605,0,0.8984601200656088
933,Procurement,Uniform,50.0,277744.08044837543,277744.08044837543,90.89052517389646,2,1.3841607478405171
933,Procurement,Screened,50.32441939094623,277744.08044837543,277744.08043203526,91.42831429052461,0,1.3841607478405171
934,Procurement,Uniform,50.0,428787.9478747882,428787.9478747882,95.27601384860309,4,0.9774952280393876
934,Procurement,Screened,50.32881375311587,428787.9478747882,428787.9478495379,95.85556471777737,0,0.9774952280393876
935,Procurement,Uniform,50.0,363630.5529929189,363630.5529929189,129.97756436198404,2,1.3752400497396016
935,Procurement,Screened,50.312122063319705,363630.5529929189,363630.55299291876,130.74580889296755,0,1.3752400497396016
936,Procurement,Uniform,50.0,335485.14133608626,335485.14133608626,107.16635593184957,3,1.3148111348848808
936,Procurement,Screened,50.30858730216576,335485.14133608626,335485.1413360865,107.8061457512241,0,1.3148111348848808
937,Procurement,Uniform,50.0,391598.8704859053,391598.8704859053,114.42196793092027,3,1.1414227164875317
937,Procurement,Screened,50.30952909739574,391598.8704859053,391598.8704859053,115.10005564157694,0,1.1414227164875317
938,Procurement,Uniform,50.0,326289.56434386206,326289.56434386206,97.04813128478742,2,1.3817229523907493
938,Procurement,Screened,50.314518552276006,326289.56434386206,326289.5643245972,97.61959128405408,0,1.3817229523907493
939,Procurement,Uniform,50.0,296859.72869094764,296859.72869094764,56.451774461198944,4,0.9933685287150922
939,Procurement,Screened,50.3154678854805,296859.72869094764,296859.72869094764,56.79291804494065,0,0.9933685287150922
940,Procurement,Uniform,50.0,345225.4902192039,345225.4902192039,100.68091586795103,3,1.1557649627198463
940,Procurement,Screened,50.30226633745926,345225.4902192039,345225.4902192038,101.2638111710313,0,1.1557649627198463
941,Procurement,Uniform,50.0,299401.9635708998,299401.9635708998,68.15884935133573,5,0.9396123884736604
941,Procurement,Screened,50.32989155170236,299401.9635708998,299401.9635708998,68.56927236178723,0,0.9396123884736604
942,Procurement,Uniform,50.0,310647.0110281988,310647.0110281988,66.63426962228671,4,0.8787719153878069
942,Procurement,Screened,50.33287495173817,310647.0110281988,310647.01100996725,67.03498936983863,0,0.8787719153878069
943,Procurement,Uniform,50.0,282603.4322149204,282603.4322149204,88.05955936927562,2,1.3550339891249918
943,Procurement,Screened,50.31212020017817,282603.4322149204,282603.4321987386,88.57716948399185,0,1.3550339891249918
944,Procurement,Uniform,50.0,282485.2928546057,282485.2928546057,114.33168531952452,2,1.4784970235922816
944,Procurement,Screened,50.307120325514056,282485.2928546057,282485.29285460577,114.9849654604306,0,1.4784970235922816
945,Procurement,Uniform,50.0,377290.09832423006,377290.09832423006,90.64879589204578,4,1.0176988236649986
945,Procurement,Screened,50.31780317986681,377290.09832423006,377290.09830216604,91.20585333472907,0,1.0176988236649986
946,Procurement,Uniform,50.0,338149.3745133481,338149.3745133481,34.154684231103815,7,0.5061508186104177
946,Procurement,Screened,50.32026780295245,338149.3745133481,338149.37449339265,34.39378422972976,2,0.5061508186104177
947,Procurement,Uniform,50.0,305197.4948319105,305197.4948319105,29.900638881215222,7,0.5855926830374667
947,Procurement,Screened,50.31962092946704,305197.4948319105,305197.49481390824,30.09542128982923,2,0.5855926830374667
948,Procurement,Uniform,50.0,386300.3743793593,386300.3743793593,135.29865308449226,2,1.3660000680094688
948,Procurement,Screened,50.32357091932397,386300.3743793593,386300.3743566244,136.10867286482025,0,1.3660000680094688
949,Procurement,Uniform,50.0,375933.221725048,375933.22172504803,57.66599691573234,6,0.6633237108040358
949,Procurement,Screened,50.317342768036255,375933.221725048,375933.22170314484,58.030620802493644,1,0.6633237108040358
950,Procurement,Uniform,50.0,372358.6031513974,372358.6031513974,77.36328195777682,5,0.95169673392544
950,Procurement,Screened,50.31692769849331,372358.6031513974,372358.6031293943,77.80559731086623,0,0.95169673392544
951,Procurement,Uniform,50.0,343603.8109486586,343603.8109486586,107.51717811122768,2,1.459306373756303
951,Procurement,Screened,50.3124061403192,343603.8109486586,343603.81094865856,108.15188113014433,0,1.459306373756303
952,Procurement,Uniform,50.0,414900.0150902592,414900.01509025914,74.7529321233321,5,0.6893498753373366
952,Procurement,Screened,50.31960350023424,414900.0150902592,414900.0150659854,75.22290375850024,0,0.6893498753373366
953,Procurement,Uniform,50.0,395852.11982346064,395852.11982346064,143.18710203910408,2,1.296290573963286
953,Procurement,Screened,50.32093873989896,395852.11982346064,395852.119800138,144.04499095955384,0,1.296290573963286
954,Procurement,Uniform,50.0,322172.3398897168,322172.3398897168,119.69762071397518,2,1.4882444734083573
954,Procurement,Screened,50.302937339600675,322172.3398897168,322172.3398903117,120.38894921085391,0,1.4882444734083573
955,Procurement,Uniform,50.0,366310.881906133,366310.881906133,104.27435179389536,3,1.16586263242225
955,Procurement,Screened,50.32234608173456,366310.881906133,366310.88189326634,104.89532305906981,0,1.16586263242225
956,Procurement,Uniform,50.0,420458.2111458621,420458.2111458621,96.22158200875093,4,0.9246550945672072
956,Procurement,Screened,50.30664478228298,420458.2111458621,420458.211145862,96.82078057363154,0,0.9246550945672072
957,Procurement,Uniform,50.0,415452.7308255709,415452.7308255709,114.18102638471069,4,1.0811162278168829
957,Procurement,Screened,50.32254307366157,415452.7308255709,415452.73080150585,114.87305274443393,0,1.0811162278168829
958,Procurement,Uniform,50.0,307536.3963774177,307536.3963774177,49.6924581419031,5,0.7741864220711939
958,Procurement,Screened,50.30357047349469,307536.3963774177,307536.3963774176,50.010057433091916,0,0.7741864220711939
959,Procurement,Uniform,50.0,411949.7796770047,411949.77967700467,46.17388346628643,7,0.5668160776081432
959,Procurement,Screened,50.316407144643634,411949.7796770047,411949.7796526473,46.471950830596505,2,0.5668160776081432
960,Procurement,Uniform,50.0,355171.95003130287,355171.95003130287,47.81803601646235,7,0.7967254099209029
960,Procurement,Screened,50.30976848414638,355171.95003130287,355171.95003130275,48.135817103715695,2,0.7967254099209029
961,Procurement,Uniform,50.0,357458.6449621909,357458.6449621909,38.72408444684188,7,0.5791761991002139
961,Procurement,Screened,50.31993588620666,357458.6449621909,357458.6449411303,38.97276247573575,2,0.5791761991002139
962,Procurement,Uniform,50.0,421663.5362533102,421663.5362533102,77.048918100375,5,0.7028893856932876
962,Procurement,Screened,50.31790827737153,421663.5362533102,421663.5362533101,77.53659360346722,0,0.7028893856932876
963,Procurement,Uniform,50.0,287479.53524070047,287479.53524070047,46.342520374586876,5,0.7197459015549317
963,Procurement,Screened,50.30804734905534,287479.53524070047,287479.53524070047,46.6351652870235,0,0.7197459015549317
964,Procurement,Uniform,50.0,412764.74989213166,412764.74989213166,54.36223424256977,7,0.6595143737436588
964,Procurement,Screened,50.323997625003905,412764.74989213166,412764.74986796133,54.71976376802016,2,0.6595143737436588
965,Procurement,Uniform,50.0,291357.7622991691,291357.7622991691,43.09225262298819,6,0.6774856545618546
965,Procurement,Screened,50.32370362360089,291357.7622991691,291357.7622819989,43.36881948581914,1,0.6774856545618546
966,Procurement,Uniform,50.0,401476.7821651856,401476.78216518555,42.4956648894597,7,0.5460175123047472
966,Procurement,Screened,50.31371614415553,401476.7821651856,401476.78216518566,42.78731329148048,2,0.5460175123047472
967,Procurement,Uniform,50.0,393574.5936310988,393574.59363109875,141.31201252083395,2,1.401621178116871
967,Procurement,Screened,50.32183774741476,393574.5936310988,393574.59360793687,142.14138815498458,0,1.401621178116871
968,Procurement,Uniform,50.0,346893.25769034907,346893.25769034907,50.96350672326222,5,0.6121549590234232
968,Procurement,Screened,50.31279258728218,346893.25769034907,346893.2576698291,51.273041885958804,0,0.6121549590234232
969,Procurement,Uniform,50.0,419500.0629186627,419500.0629186627,91.63026212058674,4,0.8193858720690803
969,Procurement,Screened,50.30814586754998,419500.0629186627,419500.06291866256,92.20408645889808,0,0.8193858720690803
970,Procurement,Uniform,50.0,433790.3769429941,433790.3769429941,56.756408671402895,7,0.5645313197327431
970,Procurement,Screened,50.325274750283356,433790.3769429941,433790.3769188361,57.14067501333942,2,0.5645313197327431
971,Procurement,Uniform,50.0,289425.6167156028,289425.6167156028,97.711175789758,2,1.393402956096573
971,Procurement,Screened,50.31505336579031,289425.6167156028,289425.61669949326,98.28417464584317,0,1.393402956096573
972,Procurement,Uniform,50.0,304108.89782780537,304108.89782780537,107.03725623761923,2,1.3360149179587832
972,Procurement,Screened,50.31064806856452,304108.89782780537,304108.89782780537,107.66759327059177,0,1.3360149179587832
973,Procurement,Uniform,50.0,389217.1134826434,389217.1134826434,137.9112191121711,2,1.351806120753496
973,Procurement,Screened,50.3180698357361,389217.1134826434,389217.11345965846,138.72338532995911,0,1.351806120753496
974,Procurement,Uniform,50.0,394181.8229009523,394181.8229009523,112.99634846354432,3,1.0711418046205798
974,Procurement,Screened,50.32018345249207,394181.8229009523,394181.8228777064,113.68095053174731,0,1.0711418046205798
975,Procurement,Uniform,50.0,314844.26402229816,314844.26402229816,87.81969759603497,3,1.1008253111645652
975,Procurement,Screened,50.30666763144747,314844.26402229816,314844.2640222983,88.3430435885125,0,1.1008253111645652
976,Procurement,Uniform,50.0,395203.26566121855,395203.26566121855,124.30366846942921,3,1.4277690296967562
976,Procurement,Screened,50.32609289840732,395203.26566121855,395203.2656379432,125.06185748405744,0,1.4277690296967562
977,Procurement,Uniform,50.0,310118.0420596804,310118.0420596804,84.36459453038277,3,1.0796277320003884
977,Procurement,Screened,50.31133524483327,310118.0420596804,310118.0420596805,84.86927567705712,0,1.0796277320003884
978,Procurement,Uniform,50.0,346161.4832324487,346161.4832324487,85.8839608002626,3,1.0622679010538656
978,Procurement,Screened,50.3146796670971,346161.4832324487,346161.4832324487,86.3999220563546,0,1.0622679010538656
979,Procurement,Uniform,50.0,341875.37346705253,341875.37346705253,73.58108760322902,4,0.9584189664178502
979,Procurement,Screened,50.3093992938651,341875.37346705253,341875.3734670526,74.02582023131114,0,0.9584189664178502
980,Procurement,Uniform,50.0,317056.12766179425,317056.12766179425,84.6635238317683,4,1.2638031061825314
980,Procurement,Screened,50.320859030045376,317056.12766179425,317056.12766179425,85.16518927222207,0,1.2638031061825314
981,Procurement,Uniform,50.0,313045.9028398226,313045.9028398226,45.87434287392009,5,0.6882684595124505
981,Procurement,Screened,50.31338641526945,313045.9028398226,313045.9028214048,46.157812789627556,0,0.6882684595124505
982,Procurement,Uniform,50.0,279055.79979580914,279055.79979580914,97.88117476654286,2,1.3544401856568378
982,Procurement,Screened,50.32245212278441,279055.79979580914,279055.7997793603,98.45883096931819,0,1.3544401856568378
983,Procurement,Uniform,50.0,326494.0546133111,326494.0546133111,50.3197536359732,5,0.6857764313762365
983,Procurement,Screened,50.30906629524159,326494.0546133111,326494.0546133111,50.64145782396604,0,0.6857764313762365
984,Procurement,Uniform,50.0,283486.00974031247,283486.00974031247,29.80740676970034,7,0.5344299942270103
984,Procurement,Screened,50.31513919533446,283486.00974031247,283486.0097236977,30.009511143367995,2,0.5344299942270103
985,Procurement,Uniform,50.0,308080.82147688686,308080.82147688686,89.1756137216317,3,1.3008759776951566
985,Procurement,Screened,50.308044866136655,308080.82147688686,308080.82147688686,89.71108874457896,0,1.3008759776951566
986,Procurement,Uniform,50.0,289270.8515879608,289270.8515879608,27.980243943279596,7,0.5428930832688768
986,Procurement,Screened,50.31530329533727,289270.8515879608,289270.85157086956,28.15483101357748,2,0.5428930832688768
987,Procurement,Uniform,50.0,308865.139047223,308865.139047223,84.3434666695824,3,1.1100689335462757
987,Procurement,Screened,50.31467180235412,308865.139047223,308865.13904722297,84.84590855174154,0,1.1100689335462757
988,Procurement,Uniform,50.0,356472.3944460619,356472.3944460619,61.30286694706852,5,0.8179184836140676
988,Procurement,Screened,50.31544597145047,356472.3944460619,356472.3944249737,61.68169549249831,0,0.8179184836140676
989,Procurement,Uniform,50.0,417859.9372306281,417859.9372306281,120.16658889013371,3,1.055026428338111
989,Procurement,Screened,50.31819707523906,417859.9372306281,417859.9372065258,120.8916802796794,0,1.055026428338111
990,Procurement,Uniform,50.0,335701.51149932394,335701.51149932394,47.82015593322143,6,0.6007174665505493
990,Procurement,Screened,50.310328246068174,335701.51149932394,335701.5114796371,48.130838241355995,1,0.6007174665505493
991,Procurement,Uniform,50.0,298979.195585334,298979.195585334,38.98217216559927,5,0.7684260296983402
991,Procurement,Screened,50.313981834521044,298979.195585334,298979.19558533415,39.23336334376813,0,0.7684260296983402
992,Procurement,Uniform,50.0,350136.70049796987,350136.70049796987,112.94566645959083,2,1.4029262680859036
992,Procurement,Screened,50.315370905703055,350136.70049796987,350136.70049797004,113.62431057362896,0,1.4029262680859036
993,Procurement,Uniform,50.0,319950.48009846447,319950.48009846447,39.640181655741245,7,0.577324994902674
993,Procurement,Screened,50.30591796224663,319950.48009846447,319950.4800984645,39.90711735595684,2,0.577324994902674
994,Procurement,Uniform,50.0,411711.3201183688,411711.32011836884,80.95189590342228,5,0.7641637708057711
994,Procurement,Screened,50.327554179733504,411711.3201183688,411711.3200942344,81.46156025756326,0,0.7641637708057711
995,Procurement,Uniform,50.0,384688.200657028,384688.20065702795,101.66779066302175,4,1.0985804909814472
995,Procurement,Screened,50.317439861205635,384688.200657028,384688.2006343956,102.2775244269093,0,1.0985804909814472
996,Procurement,Uniform,50.0,306157.3375630804,306157.3375630804,91.29376351553232,2,1.419598206405893
996,Procurement,Screened,50.305326747421404,306157.3375630804,306157.33754640125,91.83176766462849,0,1.419598206405893
997,Procurement,Uniform,50.0,326825.7650954081,326825.7650954081,105.53964102743376,3,1.309826754795869
997,Procurement,Screened,50.30313747701117,326825.7650954081,326825.76509540813,106.16321265810689,0,1.309826754795869
998,Procurement,Uniform,50.0,298029.9955125839,298029.9955125839,35.17329485398587,6,0.7051535962867049
998,Procurement,Screened,50.31009928919541,298029.9955125839,298029.99551258376,35.40867702449645,1,0.7051535962867049
999,Procurement,Uniform,50.0,302461.36074648803,302461.36074648803,60.246597683265755,5,0.9088242821538568
999,Procurement,Screened,50.32621547366586,302461.36074648803,302461.3607307301,60.61514517731092,0,0.9088242821538568
1000,Procurement,Uniform,50.0,292481.0002198031,292481.0002198031,63.17071089765998,3,0.9177591981645062
1000,Procurement,Screened,50.309363299418514,292481.0002198031,292481.0002198031,63.55394882503772,0,0.9177591981645062
1001,Procurement,Uniform,50.0,328088.7809356213,328088.78093562135,105.52624828117354,3,1.4704110001508868
1001,Procurement,Screened,50.320265310654726,328088.7809356213,328088.7809162603,106.15819089443058,0,1.4704110001508868
1002,Procurement,Uniform,50.0,310002.0030706045,310002.0030706045,79.83746750148622,3,1.0720293351603338
1002,Procurement,Screened,50.31723778439594,310002.0030706045,310002.0030522723,80.31615915205265,0,1.0720293351603338
1003,Procurement,Uniform,50.0,392634.3135064234,392634.3135064234,87.98007558902867,3,0.921800492488486
1003,Procurement,Screened,50.30199877051962,392634.3135064234,392634.3135064235,88.51129630830067,0,0.921800492488486
1004,Procurement,Uniform,50.0,388195.0943755634,388195.09437556344,85.11983303922436,4,0.8212867304201841
1004,Procurement,Screened,50.31731406869407,388195.0943755634,388195.0943541225,85.65480442593778,0,0.8212867304201841
1005,Procurement,Uniform,50.0,343445.63026567,343445.63026567,90.32586248016072,3,1.1513885056098698
1005,Procurement,Screened,50.31269857835955,343445.63026567,343445.63026566996,90.87885492820934,0,1.1513885056098698
1006,Procurement,Uniform,50.0,406395.2260721984,406395.22607219836,109.79898304831765,3,0.9787778762174272
1006,Procurement,Screened,50.30988108645717,406395.2260721984,406395.22607219813,110.4700489632533,0,0.9787778762174272
1007,Procurement,Uniform,50.0,322819.7880634167,322819.7880634167,37.36890720166284,7,0.5760913956077256
1007,Procurement,Screened,50.34028312683623,322819.7880634167,322819.7880544846,37.61604643944327,2,0.5760913956077256
1008,Procurement,Uniform,50.0,402888.8904206826,402888.89042068267,76.21587378358468,5,0.7074910591505345
1008,Procurement,Screened,50.300907501106764,402888.8904206826,402888.89042068284,76.6782951675386,0,0.7074910591505345
1009,Procurement,Uniform,50.0,314688.83837741887,314688.83837741887,99.00317255508843,2,1.2241519675362036
1009,Procurement,Screened,50.30718660858274,314688.83837741887,314688.8383774189,99.58675905443425,0,1.2241519675362036
1010,Procurement,Uniform,50.0,292804.1654673492,292804.1654673492,40.93237199578091,6,0.6318816587884147
1010,Procurement,Screened,50.3127297873665,292804.1654673492,292804.165467349,41.19816181272308,1,0.6318816587884147
1011,Procurement,Uniform,50.0,381340.4606500185,381340.46065001853,93.47850473834592,4,0.9790764482520888
1011,Procurement,Screened,50.31648171722832,381340.4606500185,381340.46062760556,94.04913311085446,0,0.9790764482520888
1012,Procurement,Uniform,50.0,348376.8539220836,348376.8539220836,55.03548149818656,5,0.6926593329384745
1012,Procurement,Screened,50.31981204978356,348376.8539220836,348376.8539015042,55.38658185493052,0,0.6926593329384745
1013,Procurement,Uniform,50.0,383979.9599547093,383979.9599547093,60.91959500159305,5,0.6596974442834656
1013,Procurement,Screened,50.314737875909756,383979.9599547093,383979.95995470916,61.30888058585467,0,0.6596974442834656
1014,Procurement,Uniform,50.0,411769.15419279167,411769.15419279167,37.02474952276808,7,0.5216082198882614
1014,Procurement,Screened,50.30864497931985,411769.15419279167,411769.15416847594,37.287810284452796,2,0.5216082198882614
1015,Procurement,Uniform,50.0,293816.79710203747,293816.79710203747,29.296767502075227,7,0.635867509772994
1015,Procurement,Screened,50.31401991743928,293816.79710203747,293816.79708499287,29.492176663986307,2,0.635867509772994
1016,Procurement,Uniform,50.0,411313.0961337461,411313.0961337461,129.38475263844802,2,1.402135479848143
1016,Procurement,Screened,50.30823335660115,411313.0961337461,411313.096133746,130.13597621322793,0,1.402135479848143
1017,Procurement,Uniform,50.0,311299.52346248226,311299.52346248226,55.7326580647799,5,0.7377146714220402
1017,Procurement,Screened,50.310064448581365,311299.52346248226,311299.52346248215,56.080858746597286,0,0.7377146714220402
1018,Procurement,Uniform,50.0,394469.7682770432,394469.76827704324,104.47309799818615,3,1.106512867980331
1018,Procurement,Screened,50.32002600664855,394469.7682770432,394469.7682545186,105.10295924795646,0,1.106512867980331
1019,Procurement,Uniform,50.0,351015.054944116,351015.054944116,52.601560156973385,5,0.7205852605059793
1019,Procurement,Screened,50.320952004699826,351015.054944116,351015.0549234258,52.943678762351674,0,0.7205852605059793
1020,Procurement,Uniform,50.0,286639.1916433293,286639.1916433293,40.309704536181954,5,0.6753360919484889
1020,Procurement,Screened,50.31463016350899,286639.1916433293,286639.19164332934,40.568088597865724,0,0.6753360919484889
1021,Procurement,Uniform,50.0,295368.9270323694,295368.9270323694,56.10017822921685,4,0.8186527463910129
1021,Procurement,Screened,50.30776868551649,295368.9270323694,295368.92701489985,56.44386037758837,0,0.8186527463910129
1022,Procurement,Uniform,50.0,301272.0743152698,301272.0743152698,69.81970564202312,4,1.1706336521771972
1022,Procurement,Screened,50.324002693400864,301272.0743152698,301272.0743088275,70.24084132437801,0,1.1706336521771972
1023,Procurement,Uniform,50.0,352435.8453213159,352435.8453213159,120.95381589051262,2,1.3370103887706386
1023,Procurement,Screened,50.314755447139035,352435.8453213159,352435.84530095017,121.66753733476992,0,1.3370103887706386
1024,Procurement,Uniform,50.0,389810.4166803112,389810.41668031114,103.61034523758391,4,1.1956383115703364
1024,Procurement,Screened,50.32052222840821,389810.4166803112,389810.4166803112,104.2359334956056,0,1.1956383115703364
1025,Procurement,Uniform,50.0,283513.0652635057,283513.0652635057,55.550717273156465,4,0.8332669764556582
1025,Procurement,Screened,50.31691561550522,283513.0652635057,283513.0652467514,55.89610208113244,0,0.8332669764556582
1026,Procurement,Uniform,50.0,374570.2547521887,374570.2547521887,142.99359724306035,2,1.4203606770626602
1026,Procurement,Screened,50.31940708012018,374570.2547521887,374570.254730358,143.83566285758707,0,1.4203606770626602
1027,Procurement,Uniform,50.0,342028.81714897405,342028.81714897405,41.065692427981155,7,0.5320251582572038
1027,Procurement,Screened,50.307373028923706,342028.81714897405,342028.81714897405,41.334242377642646,2,0.5320251582572038
1028,Procurement,Uniform,50.0,391175.3647426827,391175.3647426827,141.92350111721888,2,1.3921251683452878
1028,Procurement,Screened,50.32697644164844,391175.3647426827,391175.36471964547,142.75914525906092,0,1.3921251683452878
1029,Procurement,Uniform,50.0,327798.1428523819,327798.1428523819,54.948459455747056,5,0.7665230909763695
1029,Procurement,Screened,50.318257079196094,327798.1428523819,327798.14285284333,55.29196441988879,0,0.7665230909763695
1030,Procurement,Uniform,50.0,346923.94920623454,346923.94920623454,102.62324367107047,3,1.1926564297578337
1030,Procurement,Screened,50.305839869701124,346923.94920623454,346923.94920623436,103.23987201684388,0,1.1926564297578337
1031,Procurement,Uniform,50.0,404093.4200297216,404093.4200297216,80.94017188604067,5,0.8029543659621665
1031,Procurement,Screened,50.32445799363353,404093.4200297216,404093.42002987815,81.45178573220609,0,0.8029543659621665
1032,Procurement,Uniform,50.0,363654.1933503019,363654.1933503019,71.64857467359343,5,0.8416162165005728
1032,Procurement,Screened,50.31233196359028,363654.1933503019,363654.1933503019,72.09298682271461,0,0.8416162165005728
1033,Procurement,Uniform,50.0,405471.0562208616,405471.0562208616,51.00426741198902,7,0.5350262156653933
1033,Procurement,Screened,50.315761644429706,405471.0562208616,405471.0562208618,51.341327439284306,2,0.5350262156653933
1034,Procurement,Uniform,50.0,357825.8377202794,357825.8377202794,127.09755215075657,2,1.4027772568871697
1034,Procurement,Screened,50.31624373837761,357825.8377202794,357825.837699128,127.8477824430256,0,1.4027772568871697
1035,Procurement,Uniform,50.0,287714.61536977364,287714.61536977364,53.10613910153137,5,0.7368524371285885
1035,Procurement,Screened,50.3032847512176,287714.61536977364,287714.6153697737,53.43732977707257,0,0.7368524371285885
1036,Procurement,Uniform,50.0,427329.5201476279,427329.5201476279,103.69458849710492,4,0.9815769128942292
1036,Procurement,Screened,50.3241538792792,427329.5201476279,427329.5201482176,104.3261951209543,0,0.9815769128942292
1037,Procurement,Uniform,50.0,291726.37163225753,291726.37163225753,84.58913716128967,3,1.281158270751782
1037,Procurement,Screened,50.31855238825866,291726.37163225753,291726.37161514553,85.0881287692749,0,1.281158270751782
1038,Procurement,Uniform,50.0,349601.8940180513,349601.8940180513,87.74243096207697,3,0.9286775314531368
1038,Procurement,Screened,50.29950792702718,349601.8940180513,349601.8940180512,88.27682471353553,0,0.9286775314531368
1039,Procurement,Uniform,50.0,297787.1728064928,297787.1728064928,34.28415479376588,7,0.6266863515522024
1039,Procurement,Screened,50.33260249300853,297787.1728064928,297787.17278906226,34.51189291567428,2,0.6266863515522024
1040,Procurement,Uniform,50.0,335091.58096472244,335091.58096472244,51.31262387772189,5,0.6073698228012024
1040,Procurement,Screened,50.31815062313637,335091.58096472244,335091.58096472244,51.64725484190377,0,0.6073698228012024
1041,Procurement,Uniform,50.0,412632.9095596702,412632.9095596702,85.02188257819921,4,0.96267659953846
1041,Procurement,Screened,50.311826850539454,412632.9095596702,412632.90955967037,85.545572413176,0,0.96267659953846
1042,Procurement,Uniform,50.0,387054.842990342,387054.84299034195,70.10765314764264,5,0.9593021670439692
1042,Procurement,Screened,50.32211225006723,387054.842990342,387054.8429675528,70.5520408508765,0,0.9593021670439692
1043,Procurement,Uniform,50.0,382220.5637161476,382220.56371614756,47.80668765760971,6,0.6788977103335304
1043,Procurement,Screened,50.31392945240502,382220.5637161476,382220.56371628144,48.10654472391891,1,0.6788977103335304
1044,Procurement,Uniform,50.0,367493.2894323461,367493.2894323461,104.91384326188532,3,1.330046941067911
1044,Procurement,Screened,50.324315467093534,367493.2894323461,367493.2894106727,105.53952709572295,0,1.330046941067911
1045,Procurement,Uniform,50.0,283571.5873959589,283571.58739595895,84.94477307429487,3,1.216465728034131
1045,Procurement,Screened,50.31497638423257,283571.5873959589,283571.5873959589,85.44201471024105,0,1.216465728034131
1046,Procurement,Uniform,50.0,288727.38903610385,288727.38903610385,44.41646297227203,5,0.7517324283771805
1046,Procurement,Screened,50.3230370987761,288727.38903610385,288727.3890190425,44.6860943135417,0,0.7517324283771805
1047,Procurement,Uniform,50.0,422357.26950170926,422357.26950170926,68.75852839396757,5,0.7651033986403686
1047,Procurement,Screened,50.314458003133645,422357.26950170926,422357.2694768178,69.20090621703199,0,0.7651033986403686
1048,Procurement,Uniform,50.0,342934.81232198013,342934.81232198013,117.91319811969814,3,1.4953473818850296
1048,Procurement,Screened,50.32477882204566,342934.81232198013,342934.8123018254,118.60544559866906,0,1.4953473818850296
1049,Procurement,Uniform,50.0,325414.79413096653,325414.79413096653,51.31343372579851,5,0.721470401945722
1049,Procurement,Screened,50.31496252687216,325414.79413096653,325414.7941117217,51.630754691395396,0,0.721470401945722
1050,Procurement,Uniform,50.0,330096.3099993443,330096.3099993443,63.45367705825895,5,0.8910514850906996
1050,Procurement,Screened,50.32617385815397,330096.3099993443,330096.309979926,63.84493778360343,0,0.8910514850906996
1051,Procurement,Uniform,50.0,284140.40766014514,284140.40766014514,94.81337688693915,2,1.4964336413855055
1051,Procurement,Screened,50.31696912853243,284140.40766014514,284140.4076601452,95.37032622374882,0,1.4964336413855055
1052,Procurement,Uniform,50.0,394812.96628714405,394812.96628714405,98.74494421297182,4,0.8931237752649238
1052,Procurement,Screened,50.3187815456732,394812.96628714405,394812.9662644787,99.35218543542604,0,0.8931237752649238
1053,Procurement,Uniform,50.0,321783.0984924107,321783.0984924107,61.024420825859934,4,0.9108486946523264
1053,Procurement,Screened,50.313383024343764,321783.0984924107,321783.09849241073,61.40722568612489,0,0.9108486946523264
1054,Procurement,Uniform,50.0,327749.5339578021,327749.5339578021,123.90284454435016,2,1.4039572048390765
1054,Procurement,Screened,50.31884751515904,327749.5339578021,327749.53395780205,124.63484563620008,0,1.4039572048390765
1055,Procurement,Uniform,50.0,287431.29275816504,287431.29275816504,80.50491277071227,3,1.1145352557146628
1055,Procurement,Screened,50.320935002256654,287431.29275816504,287431.2927459957,80.98632123940823,0,1.1145352557146628
1056,Procurement,Uniform,50.0,279183.7079779267,279183.7079779267,81.79764466095381,3,1.2667790370275944
1056,Procurement,Screened,50.313562019387234,279183.7079779267,279183.7079779267,82.28591224606699,0,1.2667790370275944
1057,Procurement,Uniform,50.0,385595.9127600001,385595.9127600001,79.89153542965144,4,0.8011531503936156
1057,Procurement,Screened,50.30442579324694,385595.9127600001,385595.9127600001,80.39321095681758,0,0.8011531503936156
1058,Procurement,Uniform,50.0,412289.7250963358,412289.7250963358,50.0710550332622,7,0.5134675071765608
1058,Procurement,Screened,50.3298512056449,412289.7250963358,412289.7250721152,50.40297822327133,2,0.5134675071765608
1059,Procurement,Uniform,50.0,361844.61057266704,361844.61057266704,131.13765772425407,2,1.35977690136742
1059,Procurement,Screened,50.310877749717186,361844.61057266704,361844.6105726669,131.9127229179887,0,1.35977690136742
1060,Procurement,Uniform,50.0,314626.95335676824,314626.95335676824,69.060631217677,5,0.8506414098527643
1060,Procurement,Screened,50.31801694685489,314626.95335676824,314626.9533567681,69.48177425822924,0,0.8506414098527643
1061,Procurement,Uniform,50.0,358820.2993413556,358820.2993413556,106.84042534931504,3,1.2346341046594675
1061,Procurement,Screened,50.31454702057901,358820.2993413556,358820.2993413557,107.47747449147477,0,1.2346341046594675
1062,Procurement,Uniform,50.0,336783.4606729323,336783.4606729323,91.94102919012013,3,1.0979961726165053
1062,Procurement,Screened,50.322101002725546,336783.4606729323,336783.4606530352,92.50263897321419,0,1.0979961726165053
1063,Procurement,Uniform,50.0,428686.6816607751,428686.6816607751,81.9516765477462,5,0.7107273613061141
1063,Procurement,Screened,50.319438454781505,428686.6816607751,428686.681635519,82.47859586914846,0,0.7107273613061141
1064,Procurement,Uniform,50.0,323654.9174096525,323654.91740965255,39.89311762225071,7,0.5786632107473615
1064,Procurement,Screened,50.32861972630763,323654.9174096525,323654.91740965255,40.145969035582056,2,0.5786632107473615
1065,Procurement,Uniform,50.0,389622.4103369238,389622.4103369238,58.365588365469286,6,0.6973575124667021
1065,Procurement,Screened,50.31740197305719,389622.4103369238,389622.41031913704,58.74831498847594,1,0.6973575124667021
1066,Procurement,Uniform,50.0,321919.940574375,321919.940574375,112.35068346196495,2,1.3686398838629628
1066,Procurement,Screened,50.31037421555555,321919.940574375,321919.940574375,113.00463861959099,0,1.3686398838629628
1067,Procurement,Uniform,50.0,334106.70361919963,334106.70361919963,114.28613860274298,2,1.3154287396133972
1067,Procurement,Screened,50.33415873428267,334106.70361919963,334106.7035995944,114.9662619180737,0,1.3154287396133972
1068,Procurement,Uniform,50.0,299548.5074965487,299548.5074965487,108.69693798523019,2,1.474543358813969
1068,Procurement,Screened,50.3099545274346,299548.5074965487,299548.50749654864,109.32511750382768,0,1.474543358813969
1069,Procurement,Uniform,50.0,350837.5118188241,350837.5118188241,77.02234458572113,4,1.0690717177654765
1069,Procurement,Screened,50.340052291298186,350837.5118188241,350837.51179839764,77.49083703739042,0,1.0690717177654765
1070,Procurement,Uniform,50.0,377862.9788520856,377862.97885208554,87.67572514014707,4,1.007032834125976
1070,Procurement,Screened,50.321256735918396,377862.9788520856,377862.97882988804,88.21885648560317,0,1.007032834125976
1071,Procurement,Uniform,50.0,337717.4170957238,337717.4170957238,76.14811333732386,5,0.935082933619808
1071,Procurement,Screened,50.3224087483841,337717.4170957238,337717.41707593563,76.61764482788655,0,0.935082933619808
1072,Procurement,Uniform,50.0,299933.1217585172,299933.1217585172,55.22181004183706,5,0.8952630938162914
1072,Procurement,Screened,50.31413271906026,299933.1217585172,299933.1217585173,55.56114352718321,0,0.8952630938162914
1073,Procurement,Uniform,50.0,338905.8032923038,338905.8032923038,96.1289953844857,3,1.101415588442486
1073,Procurement,Screened,50.32206794497935,338905.8032923038,338905.80327242886,96.70250676894663,0,1.101415588442486
1074,Procurement,Uniform,50.0,350037.3328918241,350037.3328918241,115.37016565889017,2,1.3994692991746052
1074,Procurement,Screened,50.32912875425635,350037.3328918241,350037.33287122427,116.06580850483037,0,1.3994692991746052
1075,Procurement,Uniform,50.0,409729.3372792095,409729.3372792095,118.03292611397353,3,1.3638999392997828
1075,Procurement,Screened,50.312065208025636,409729.3372792095,409729.33725741925,118.73569739085924,0,1.3638999392997828
1076,Procurement,Uniform,50.0,370568.3790065964,370568.3790065964,136.50874761069264,2,1.3307895638399825
1076,Procurement,Screened,50.31165167937887,370568.3790065964,370568.37900659634,137.31382723088694,0,1.3307895638399825
1077,Procurement,Uniform,50.0,288474.36160014785,288474.36160014785,67.89445685306941,4,0.9472185851490073
1077,Procurement,Screened,50.3134834012197,288474.36160014785,288474.3616001479,68.3082616868022,0,0.9472185851490073
1078,Procurement,Uniform,50.0,398954.1273476449,398954.1273476449,81.28738054031625,4,0.9125077729257176
1078,Procurement,Screened,50.32018221626492,398954.1273476449,398954.1273719284,81.7665142688648,0,0.9125077729257176
1079,Procurement,Uniform,50.0,302554.1399768223,302554.1399768223,123.98856509675366,2,1.4966244778754567
1079,Procurement,Screened,50.31716538802689,302554.1399768223,302554.1399768224,124.71497514806646,0,1.4966244778754567
1080,Procurement,Uniform,50.0,317755.84121179883,317755.84121179883,40.8390882120778,5,0.5575158223339118
1080,Procurement,Screened,50.306626800082995,317755.84121179883,317755.8412117988,41.102667210606285,0,0.5575158223339118
1081,Procurement,Uniform,50.0,429458.1392550792,429458.13925507915,132.39159279703188,3,1.382953437068623
1081,Procurement,Screened,50.31737196665721,429458.1392550792,429458.1392550792,133.19178235172288,0,1.382953437068623
1082,Procurement,Uniform,50.0,322955.8140099314,322955.8140099314,126.62317261035814,2,1.430172476008655
1082,Procurement,Screened,50.32179031861381,322955.8140099314,322955.8139908719,127.36347577015827,0,1.430172476008655
1083,Procurement,Uniform,50.0,367792.01530223165,367792.01530223165,135.01396359112903,2,1.2850057915450428
1083,Procurement,Screened,50.32527853138941,367792.01530223165,367792.0152805515,135.81036223676526,0,1.2850057915450428
1084,Procurement,Uniform,50.0,294393.7073579216,294393.7073579216,73.62325110682956,3,1.224705574140707
1084,Procurement,Screened,50.31742156439392,294393.7073579216,294393.7073405392,74.05327991242955,0,1.224705574140707
1085,Procurement,Uniform,50.0,367695.0216259927,367695.02162599267,71.83383367789268,5,0.7764186075877197
1085,Procurement,Screened,50.3245426760921,367695.0216259927,367695.02162599255,72.27560005583027,0,0.7764186075877197
1086,Procurement,Uniform,50.0,411982.69457687193,411982.69457687193,106.28662453968151,4,1.0153910508126582
1086,Procurement,Screened,50.32086572428977,411982.69457687193,411982.694552686,106.93873505818986,0,1.0153910508126582
1087,Procurement,Uniform,50.0,318682.2059599038,318682.2059599038,74.67825179007855,4,1.2801277744860506
1087,Procurement,Screened,50.3168008299304,318682.2059599038,318682.2059599038,75.12991727132558,0,1.2801277744860506
1088,Procurement,Uniform,50.0,390384.9933879412,390384.9933879412,139.23558371841446,2,1.3044094180618635
1088,Procurement,Screened,50.31156655836335,390384.9933879412,390384.9933649398,140.05941727615968,0,1.3044094180618635
1089,Procurement,Uniform,50.0,307568.7288832456,307568.7288832456,84.98171186307295,3,1.1431390490485565
1089,Procurement,Screened,50.30733947085483,307568.7288832456,307568.7288832455,85.48138174030173,0,1.1431390490485565
1090,Procurement,Uniform,50.0,315153.362426738,315153.362426738,94.18866330963674,2,1.215178739091268
1090,Procurement,Screened,50.323902342142524,315153.362426738,315153.36240813497,94.73789858378335,0,1.215178739091268
1091,Procurement,Uniform,50.0,341910.9195590027,341910.9195590027,32.10392707385705,7,0.5567706217229584
1091,Procurement,Screened,50.31421845929212,341910.9195590027,341910.91955900285,32.334776095496316,2,0.5567706217229584
1092,Procurement,Uniform,50.0,381684.3987736703,381684.3987736703,105.78221081632587,4,1.061059046529146
1092,Procurement,Screened,50.31733196492759,381684.3987736703,381684.39877367043,106.42256112277244,0,1.061059046529146
1093,Procurement,Uniform,50.0,329503.32942105725,329503.32942105725,99.45080329162957,3,1.313472167427128
1093,Procurement,Screened,50.327850896632654,329503.32942105725,329503.32940173754,100.04547567735762,0,1.313472167427128
1094,Procurement,Uniform,50.0,429869.877579468,429869.87757946795,64.72101949429823,6,0.6144352873800726
1094,Procurement,Screened,50.31208184350724,429869.877579468,429869.87757946795,65.14018152173728,1,0.6144352873800726
1095,Procurement,Uniform,50.0,282859.69936765166,282859.69936765166,70.01579217931217,3,1.1166990811718307
1095,Procurement,Screened,50.30813832165254,282859.69936765166,282859.69936765154,70.4358328139979,0,1.1166990811718307
1096,Procurement,Uniform,50.0,293926.5295574077,293926.5295574077,57.716481081501655,4,0.7737942002784867
1096,Procurement,Screened,50.303515321435704,293926.5295574077,293926.5295574076,58.069857491399404,0,0.7737942002784867
1097,Procurement,Uniform,50.0,290381.6682498361,290381.6682498361,32.06037130341892,7,0.5326692457279023
1097,Procurement,Screened,50.316877690402336,290381.6682498361,290381.6682498361,32.271662511450195,2,0.5326692457279023
1098,Procurement,Uniform,50.0,282787.033012482,282787.03301248193,36.852848705637044,6,0.5744654369679159
1098,Procurement,Screened,50.313038258506076,282787.033012482,282787.0330124819,37.09254501787168,1,0.5744654369679159
1099,Procurement,Uniform,50.0,373226.1487990335,373226.1487990335,81.6346100823309,4,0.985898763349213
1099,Procurement,Screened,50.32273199010793,373226.1487990335,373226.14877711004,82.1346678874954,0,0.985898763349213
1100,Procurement,Uniform,50.0,419316.9992004084,419316.99920040835,102.49081187232001,4,0.9006868071931329
1100,Procurement,Screened,50.31884071753924,419316.9992004084,419316.9991756688,103.12528496326662,0,0.9006868071931329
1101,Procurement,Uniform,50.0,282847.5308156508,282847.5308156508,53.487847776253965,4,0.8303355528784531
1101,Procurement,Screened,50.30266062189271,282847.5308156508,282847.5308156509,53.8024461584546,0,0.8303355528784531
1102,Procurement,Uniform,50.0,348205.15088233474,348205.15088233474,81.41312679637444,4,1.0018663820903717
1102,Procurement,Screened,50.34016466711852,348205.15088233474,348205.1508620194,81.90262264648919,0,1.0018663820903717
1103,Procurement,Uniform,50.0,370123.1492615431,370123.14926154306,100.3066211807864,4,1.0362122008836492
1103,Procurement,Screened,50.30952306370216,370123.1492615431,370123.149261543,100.9155014403127,0,1.0362122008836492
1104,Procurement,Uniform,50.0,291596.7000727648,291596.70007276477,106.07557176901729,2,1.4466619424183853
1104,Procurement,Screened,50.32690555737289,291596.7000727648,291596.70005559927,106.70391796457272,0,1.4466619424183853
1105,Procurement,Uniform,50.0,290617.96281377424,290617.96281377424,68.16236350632789,4,0.913418532095472
1105,Procurement,Screened,50.3164353856941,290617.96281377424,290617.96281454776,68.56649546405079,0,0.913418532095472
1106,Procurement,Uniform,50.0,374300.1083039258,374300.10830392584,125.09871824878479,2,1.408439772402819
1106,Procurement,Screened,50.314833875034275,374300.1083039258,374300.1083039258,125.84741272331664,0,1.408439772402819
1107,Procurement,Uniform,50.0,380521.35393595096,380521.35393595096,57.46584090490882,5,0.8338724330898095
1107,Procurement,Screened,50.31000776381359,380521.35393595096,380521.35393615084,57.827593956293,0,0.8338724330898095
1108,Procurement,Uniform,50.0,394216.86340436107,394216.86340436107,62.18410681170253,5,0.624195390579661
1108,Procurement,Screened,50.307506759763505,394216.86340436107,394216.8634043612,62.57004672822304,0,0.624195390579661
1109,Procurement,Uniform,50.0,366163.4220917663,366163.42209176626,51.2680665854241,7,0.667067435301239
1109,Procurement,Screened,50.31136795711957,366163.4220917663,366163.42209176626,51.60980752827198,2,0.667067435301239
1110,Procurement,Uniform,50.0,333882.3723053528,333882.3723053528,62.18352863704178,4,0.9267009645465196
1110,Procurement,Screened,50.31524716907369,333882.3723053528,333882.3723053528,62.57175187586749,0,0.9267009645465196
1111,Procurement,Uniform,50.0,368135.3846469461,368135.38464694604,133.96819443905784,2,1.4101398923691804
1111,Procurement,Screened,50.309173939858276,368135.3846469461,368135.3846469461,134.74774010087896,0,1.4101398923691804
1112,Procurement,Uniform,50.0,408027.1917471628,408027.1917471628,136.63708134416538,3,1.4661934466926585
1112,Procurement,Screened,50.31516076458455,408027.1917471628,408027.1917230587,137.4528883679867,0,1.4661934466926585
1113,Procurement,Uniform,50.0,304972.1686574036,304972.1686574036,67.26523412487202,3,0.915486412695622
1113,Procurement,Screened,50.312988432943236,304972.1686574036,304972.1686574036,67.67293941768668,0,0.915486412695622
1114,Procurement,Uniform,50.0,287169.5215540723,287169.5215540723,56.114017482646595,4,0.9037520407713155
1114,Procurement,Screened,50.31355119689246,287169.5215540723,287169.5215540722,56.462585294003084,0,0.9037520407713155
1115,Procurement,Uniform,50.0,387550.1021453047,387550.10214530467,53.898608220767215,5,0.635502425495162
1115,Procurement,Screened,50.31594274410728,387550.1021453047,387550.10214530467,54.25291115739319,0,0.635502425495162
1116,Procurement,Uniform,50.0,397410.5948084984,397410.59480849834,104.08449677927251,3,1.066474038937768
1116,Procurement,Screened,50.311513263100785,397410.5948084984,397410.5948084982,104.71213285968093,0,1.066474038937768
1117,Procurement,Uniform,50.0,348269.1407393239,348269.1407393239,68.22221703466275,4,0.8701380437608187
1117,Procurement,Screened,50.31450870483746,348269.1407393239,348269.1407187173,68.60858710797206,0,0.8701380437608187
1118,Procurement,Uniform,50.0,336042.4570291365,336042.4570291365,119.66848573711573,2,1.471903224552258
1118,Procurement,Screened,50.31619988613642,336042.4570291365,336042.45700926846,120.36359004586818,0,1.471903224552258
1119,Procurement,Uniform,50.0,317348.26831783855,317348.26831783855,61.7824692842887,4,0.8642707572355759
1119,Procurement,Screened,50.305241895472534,317348.26831783855,317348.2683178383,62.16176469380653,0,0.8642707572355759
1120,Procurement,Uniform,50.0,415395.9600106431,415395.9600106431,152.8658341730048,2,1.374556741414407
1120,Procurement,Screened,50.32078978540424,415395.9600106431,415395.9599862044,153.77646332057455,0,1.374556741414407
1121,Procurement,Uniform,50.0,297562.8124326231,297562.8124326231,27.865011597571424,7,0.509359884173432
1121,Procurement,Screened,50.31612208003753,297562.8124326231,297562.8124150189,28.04168189967547,2,0.509359884173432
1122,Procurement,Uniform,50.0,395821.8195783777,395821.8195783777,95.27006271026652,4,0.9000884571148867
1122,Procurement,Screened,50.34647295210993,395821.8195783777,395821.8195552504,95.84448248817378,0,0.9000884571148867
1123,Procurement,Uniform,50.0,385921.8063813836,385921.8063813836,113.93770585775763,3,1.2978053554972813
1123,Procurement,Screened,50.32979903305268,385921.8063813836,385921.8063586645,114.62001269085316,0,1.2978053554972813
1124,Procurement,Uniform,50.0,285723.4130531903,285723.4130531903,35.01587429493055,7,0.6848741557606441
1124,Procurement,Screened,50.31417866264025,285723.4130531903,285723.41305319034,35.246786663674754,2,0.6848741557606441
1125,Procurement,Uniform,50.0,373071.1862970615,373071.1862970615,61.47921262814106,5,0.6310474989144265
1125,Procurement,Screened,50.31324060361935,373071.1862970615,373071.18627500965,61.8690647693747,0,0.6310474989144265
1126,Procurement,Uniform,50.0,328435.3862354008,328435.3862354008,33.58572069830904,7,0.5803700914183343
1126,Procurement,Screened,50.3225465939119,328435.3862354008,328435.3862160663,33.80984488947139,2,0.5803700914183343
1127,Procurement,Uniform,50.0,301131.8366970904,301131.8366970904,79.89760383827364,3,1.204461908140055
1127,Procurement,Screened,50.31834655862999,301131.8366970904,301131.8366793212,80.37363021984982,0,1.204461908140055
1128,Procurement,Uniform,50.0,278496.5386644035,278496.5386644035,92.91518752358184,3,1.3565206394331033
1128,Procurement,Screened,50.322448065746435,278496.5386644035,278496.53864801966,93.46238209608603,0,1.3565206394331033
1129,Procurement,Uniform,50.0,413395.3642199768,413395.36421997676,83.06472442058626,5,0.7611493015646532
1129,Procurement,Screened,50.32369340777058,413395.3642199768,413395.3641957884,83.59035891599055,0,0.7611493015646532
1130,Procurement,Uniform,50.0,351614.8445095131,351614.8445095131,48.46136437563576,6,0.6254735663050499
1130,Procurement,Screened,50.31830847062228,351614.8445095131,351614.8444887855,48.77707691973207,1,0.6254735663050499
1131,Procurement,Uniform,50.0,396875.6551943421,396875.65519434214,119.84490124652602,3,1.169141951011373
1131,Procurement,Screened,50.321453441216825,396875.6551943421,396875.65517094196,120.57338817444138,0,1.169141951011373
1132,Procurement,Uniform,50.0,373949.0205698622,373949.0205698622,77.76261593281734,5,0.793672471713859
1132,Procurement,Screened,50.33227570331611,373949.0205698622,373949.02056768816,78.25006957735803,0,0.793672471713859
1133,Procurement,Uniform,50.0,421002.93308876303,421002.93308876303,73.28388697403437,5,0.7484910210822455
1133,Procurement,Screened,50.31988523948629,421002.93308876303,421002.93306399044,73.7493705962369,0,0.7484910210822455
1134,Procurement,Uniform,50.0,348852.03545215173,348852.03545215173,104.03473222763475,2,1.076264250562212
1134,Procurement,Screened,50.30609163379322,348852.03545215173,348852.03543249966,104.6580474407347,0,1.076264250562212
1135,Procurement,Uniform,50.0,348659.9359273033,348659.9359273033,62.01007185939779,5,0.8286530812017194
1135,Procurement,Screened,50.31640115916472,348659.9359273033,348659.9359066956,62.40665845489468,0,0.8286530812017194
1136,Procurement,Uniform,50.0,387056.5891255728,387056.5891255728,102.0248830669321,3,1.3302374355050033
1136,Procurement,Screened,50.29961375667977,387056.5891255728,387056.58912557294,102.6285150470388,0,1.3302374355050033
1137,Procurement,Uniform,50.0,291881.00173508684,291881.00173508684,102.91652346427063,2,1.3802178429190688
1137,Procurement,Screened,50.30450813499428,291881.00173508684,291881.00173508667,103.51836405177254,0,1.3802178429190688
1138,Procurement,Uniform,50.0,306654.2570766362,306654.2570766362,42.19601848766446,5,0.6128925235813877
1138,Procurement,Screened,50.307725078039006,306654.2570766362,306654.2570766361,42.46519025893807,0,0.6128925235813877
1139,Procurement,Uniform,50.0,355459.32357452565,355459.32357452565,91.4380204804909,3,0.98205496508752
1139,Procurement,Screened,50.313818165361305,355459.32357452565,355459.32357452554,91.98612253338437,0,0.98205496508752
1140,Procurement,Uniform,50.0,284288.0083094624,284288.0083094624,89.78818974378581,2,1.262152340981619
1140,Procurement,Screened,50.30838513101109,284288.0083094624,284288.0083120808,90.30304675795121,0,1.262152340981619
1141,Procurement,Uniform,50.0,416644.024433336,416644.024433336,59.811734761769614,5,0.642966098294396
1141,Procurement,Screened,50.319965756868214,416644.024433336,416644.02441924025,60.1902578457987,0,0.642966098294396
1142,Procurement,Uniform,50.0,394030.880209645,394030.880209645,78.9117419808764,4,0.7599697196245458
1142,Procurement,Screened,50.310319662296635,394030.880209645,394030.880209645,79.39916939825484,0,0.7599697196245458
1143,Procurement,Uniform,50.0,349293.9725374306,349293.9725374306,118.68261126871779,2,1.2901142191139956
1143,Procurement,Screened,50.31436817311275,349293.9725374306,349293.97251865815,119.39750786589266,0,1.2901142191139956
1144,Procurement,Uniform,50.0,359938.0411092027,359938.0411092027,94.93847609747145,4,1.0128390857967902
1144,Procurement,Screened,50.314263774009596,359938.0411092027,359938.04108815454,95.51487338294835,0,1.0128390857967902
1145,Procurement,Uniform,50.0,308200.8642118701,308200.8642118701,98.84232822159123,2,1.237520344365454
1145,Procurement,Screened,50.31476119918291,308200.8642118701,308200.86419362645,99.41960611183634,0,1.237520344365454
1146,Procurement,Uniform,50.0,355660.64194442803,355660.64194442803,49.45345280792744,7,0.6329758161232478
1146,Procurement,Screened,50.32190169700831,355660.64194442803,355660.64192343806,49.772100176680695,2,0.6329758161232478
1147,Procurement,Uniform,50.0,344701.3768026385,344701.3768026385,79.19536598563093,4,0.9428444475251876
1147,Procurement,Screened,50.314783166880865,344701.3768026385,344701.3768026384,79.67023813415888,0,0.9428444475251876
1148,Procurement,Uniform,50.0,381008.9384646573,381008.9384646573,114.23128253975369,3,1.2824969154140748
1148,Procurement,Screened,50.307058024821636,381008.9384646573,381008.9384646572,114.90776729415147,0,1.2824969154140748
1149,Procurement,Uniform,50.0,375777.43444290047,375777.43444290047,110.52575355079797,3,1.1104430634325049
1149,Procurement,Screened,50.31657000762567,375777.43444290047,375777.4344206944,111.18992860331038,0,1.1104430634325049
1150,Procurement,Uniform,50.0,407207.6972501377,407207.6972501377,48.944461206715694,7,0.5054979393309842
1150,Procurement,Screened,50.31787776821611,407207.6972501377,407207.6972501376,49.2747374953279,2,0.5054979393309842
1151,Procurement,Uniform,50.0,289591.40285183897,289591.40285183897,66.77080807731883,5,1.0410262355469455
1151,Procurement,Screened,50.32382401945867,289591.40285183897,289591.402851839,67.17745221014255,0,1.0410262355469455
1152,Procurement,Uniform,50.0,385118.075070517,385118.075070517,65.36228368399664,5,0.7544728974399592
1152,Procurement,Screened,50.32999248328871,385118.075070517,385118.0750479222,65.77826109591062,1,0.7544728974399592
1153,Procurement,Uniform,50.0,305181.5985657611,305181.5985657611,90.79325153079711,2,1.4267919557779796
1153,Procurement,Screened,50.308112209660756,305181.5985657611,305181.59854776,91.33104751022641,0,1.4267919557779796
1154,Procurement,Uniform,50.0,312857.5757388185,312857.5757388185,50.91898172755663,6,0.7219529568169831
1154,Procurement,Screened,50.31867745350805,312857.5757388185,312857.5757204641,51.24384226173569,1,0.7219529568169831
1155,Procurement,Uniform,50.0,279399.657762974,279399.657762974,102.76904432596451,2,1.3818590391711472
1155,Procurement,Screened,50.32975843786751,279399.657762974,279399.657763156,103.36916162914282,0,1.3818590391711472
1156,Procurement,Uniform,50.0,300932.003116692,300932.003116692,53.22211021032905,4,0.8351161275237223
1156,Procurement,Screened,50.310094239565835,300932.003116692,300932.00310052827,53.54613864681423,0,0.8351161275237223
1157,Procurement,Uniform,50.0,367764.08105064987,367764.08105064987,65.55596814087309,5,0.7512399313177058
1157,Procurement,Screened,50.30891403013172,367764.08105064987,367764.08102914714,65.97632700823127,0,0.7512399313177058
1158,Procurement,Uniform,50.0,371441.22083323146,371441.22083323146,78.29155698283778,5,0.8038130694580219
1158,Procurement,Screened,50.32048084936835,371441.22083323146,371441.22081140394,78.77667870790657,0,0.8038130694580219
1159,Procurement,Uniform,50.0,399392.1298809133,399392.1298809133,63.749365519390544,5,0.6161870654638961
1159,Procurement,Screened,50.31639065202776,399392.1298809133,399392.1298573277,64.15906903729552,0,0.6161870654638961
1160,Procurement,Uniform,50.0,289431.0282815514,289431.0282815514,55.80777703583161,4,0.8722584350079983
1160,Procurement,Screened,50.31467946286176,289431.0282815514,289431.02826524904,56.14717407167181,0,0.8722584350079983
1161,Procurement,Uniform,50.0,324950.7902155202,324950.7902155202,113.8299129011884,2,1.3403425591725604
1161,Procurement,Screened,50.30934780353832,324950.7902155202,324950.79021551996,114.50219595211667,0,1.3403425591725604
1162,Procurement,Uniform,50.0,335376.2133744641,335376.2133744641,72.1098095928693,5,0.9490801963971368
1162,Procurement,Screened,50.32253408721052,335376.2133744641,335376.21335478075,72.55284582601008,0,0.9490801963971368
1163,Procurement,Uniform,50.0,288021.37577933434,288021.37577933434,63.22697253104518,3,0.9652930274231324
1163,Procurement,Screened,50.311210680386054,288021.37577933434,288021.37577933434,63.608830163613625,0,0.9652930274231324
1164,Procurement,Uniform,50.0,304673.08317032235,304673.08317032235,55.81387264781609,4,0.8924108191976938
1164,Procurement,Screened,50.30915280687489,304673.08317032235,304673.08317032247,56.16316259242086,0,0.8924108191976938
1165,Procurement,Uniform,50.0,395756.12644796295,395756.12644796295,109.15091056385805,3,1.0085229288270383
1165,Procurement,Screened,50.322728080272654,395756.12644796295,395756.1264246329,109.8260903793016,0,1.0085229288270383
1166,Procurement,Uniform,50.0,335695.970855998,335695.970855998,58.80424514867395,5,0.6945930067114285
1166,Procurement,Screened,50.311602849904915,335695.970855998,335695.97085682326,59.1842098367238,0,0.6945930067114285
1167,Procurement,Uniform,50.0,411171.2522631353,411171.2522631353,115.56412089804287,3,1.171771169699185
1167,Procurement,Screened,50.309420044904016,411171.2522631353,411171.2522631353,116.2466342339796,0,1.171771169699185
1168,Procurement,Uniform,50.0,371600.4599833635,371600.4599833635,79.57745254752976,4,1.0490429418353524
1168,Procurement,Screened,50.31119966480895,371600.4599833635,371600.4599833633,80.06399821583504,0,1.0490429418353524
1169,Procurement,Uniform,50.0,339280.1648655144,339280.1648655144,63.932021478936264,4,0.882606252766824
1169,Procurement,Screened,50.314105714866876,339280.1648655144,339280.16486551426,64.32337493614844,0,0.882606252766824
1170,Procurement,Uniform,50.0,342920.30329327943,342920.30329327943,101.87140228703669,3,1.1048159238454098
1170,Procurement,Screened,50.32944132907001,342920.30329327943,342920.30327309854,102.46516352319493,0,1.1048159238454098
1171,Procurement,Uniform,50.0,358384.85844678,358384.85844678,126.33815573223953,2,1.2735384248297583
1171,Procurement,Screened,50.302463752179406,358384.85844678,358384.85844678,127.08014734916645,0,1.2735384248297583
1172,Procurement,Uniform,50.0,333674.9994345461,333674.9994345461,49.61073101566854,5,0.6340151226956522
1172,Procurement,Screened,50.30845462575175,333674.9994345461,333674.9994345462,49.92688754113248,0,0.6340151226956522
1173,Procurement,Uniform,50.0,295498.2118991104,295498.2118991104,102.41706453841408,2,1.4749621837899725
1173,Procurement,Screened,50.30954730366366,295498.2118991104,295498.21189911047,103.00665809580414,0,1.4749621837899725
1174,Procurement,Uniform,50.0,345351.937273338,345351.937273338,58.54624516402701,5,0.802290337917305
1174,Procurement,Screened,50.3096599413961,345351.937273338,345351.9372733381,58.9132086773386,0,0.802290337917305
1175,Procurement,Uniform,50.0,282652.0090397361,282652.0090397361,32.63890406657749,7,0.5911461908848302
1175,Procurement,Screened,50.31944862836555,282652.0090397361,282652.0090231095,32.85935628669611,2,0.5911461908848302
1176,Procurement,Uniform,50.0,319136.85539616167,319136.85539616167,51.81778080672815,5,0.7160449740895447
1176,Procurement,Screened,50.310234684562424,319136.85539616167,319136.855386134,52.14170063416631,0,0.7160449740895447
1177,Procurement,Uniform,50.0,431171.73209191376,431171.73209191376,136.38845740640147,3,1.112807835240282
1177,Procurement,Screened,50.31730705055684,431171.73209191376,431171.732066518,137.20970412128983,0,1.112807835240282
1178,Procurement,Uniform,50.0,356802.0508976845,356802.0508976845,109.59620663302795,3,1.3161268188956188
1178,Procurement,Screened,50.30776743653239,356802.0508976845,356802.0508783122,110.25067839107957,0,1.3161268188956188
1179,Procurement,Uniform,50.0,404845.9470215966,404845.9470215966,117.45022154883684,3,1.049842308679278
1179,Procurement,Screened,50.31297206325823,404845.9470215966,404845.94699781196,118.15210600905398,0,1.049842308679278
1180,Procurement,Uniform,50.0,337968.58394344937,337968.58394344937,36.76148901705337,7,0.5987404547784112
1180,Procurement,Screened,50.31702770216583,337968.58394344937,337968.5839235763,37.01519990357198,2,0.5987404547784112
1181,Procurement,Uniform,50.0,299196.9133407119,299196.9133407119,29.89193034240906,7,0.5089390513368405
1181,Procurement,Screened,50.30927124011539,299196.9133407119,299196.91334071185,30.098025041195086,2,0.5089390513368405
1182,Procurement,Uniform,50.0,384690.929707697,384690.929707697,95.910959556344,3,1.0559053427803404
1182,Procurement,Screened,50.312501259418795,384690.929707697,384690.92968865915,96.4778466269642,0,1.0559053427803404
1183,Procurement,Uniform,50.0,298524.0696431943,298524.0696431943,82.59484993776364,3,1.2583731900809545
1183,Procurement,Screened,50.32743932982696,298524.0696431943,298524.0696256523,83.08986450331956,0,1.2583731900809545
1184,Procurement,Uniform,50.0,313175.275495778,313175.275495778,77.2747337817964,3,1.0342861546016553
1184,Procurement,Screened,50.312706537101654,313175.275495778,313175.275495778,77.73717935482398,0,1.0342861546016553
1185,Procurement,Uniform,50.0,302483.0933503191,302483.0933503191,80.33009036561741,3,1.2717264188520006
1185,Procurement,Screened,50.310394513198354,302483.0933503191,302483.09335031896,80.81283661167393,0,1.2717264188520006
1186,Procurement,Uniform,50.0,292417.2011390677,292417.2011390677,103.78518057436472,2,1.3196221027620982
1186,Procurement,Screened,50.31516059722019,292417.2011390677,292417.2011218261,104.3883028298327,0,1.3196221027620982
1187,Procurement,Uniform,50.0,394463.1293894864,394463.1293894864,99.38064371326507,3,0.9077866093123448
1187,Procurement,Screened,50.31201435873833,394463.1293894864,394463.12938948633,99.99183183121818,0,0.9077866093123448
1188,Procurement,Uniform,50.0,303281.72029239207,303281.72029239207,63.2049234276851,4,0.8778920361726663
1188,Procurement,Screened,50.30954536997544,303281.72029239207,303281.7202896453,63.59359675036752,0,0.8778920361726663
1189,Procurement,Uniform,50.0,306320.2296635545,306320.2296635545,65.25596500477947,4,0.8810284939473223
1189,Procurement,Screened,50.30834206193812,306320.2296635545,306320.22966355446,65.65588609845216,0,0.8810284939473223
1190,Procurement,Uniform,50.0,366671.591523302,366671.591523302,65.13596443307699,5,0.79528300207399
1190,Procurement,Screened,50.311338366380625,366671.591523302,366671.59152330196,65.53859922617396,0,0.79528300207399
1191,Procurement,Uniform,50.0,286409.103079528,286409.10307952797,78.66633646123108,3,1.13123282288704
1191,Procurement,Screened,50.316183356942865,286409.103079528,286409.103079528,79.13710222134175,0,1.13123282288704
1192,Procurement,Uniform,50.0,308609.68417203776,308609.68417203776,48.67651259065296,5,0.7523280293819553
1192,Procurement,Screened,50.32723223826002,308609.68417203776,308609.68417203776,48.97181987990824,0,0.7523280293819553
1193,Procurement,Uniform,50.0,319698.33952293417,319698.33952293417,98.71374213142327,2,1.4800473277088673
1193,Procurement,Screened,50.31173457571811,319698.33952293417,319698.33952293417,99.3020827586436,0,1.4800473277088673
1194,Procurement,Uniform,50.0,299777.94566851004,299777.94566851004,71.57937647787284,4,1.002744193389045
1194,Procurement,Screened,50.30495998754942,299777.94566851004,299777.94566851016,72.00781371481789,0,1.002744193389045
1195,Procurement,Uniform,50.0,322158.6426976872,322158.6426976872,76.61390710733849,4,0.8965927425086011
1195,Procurement,Screened,50.32764849955348,322158.6426976872,322158.6426797114,77.08587499724779,0,0.8965927425086011
1196,Procurement,Uniform,50.0,303538.0809534307,303538.0809534307,66.19240492724623,4,1.0452468073161822
1196,Procurement,Screened,50.3108371182068,303538.0809534307,303538.08095343056,66.60032816119511,0,1.0452468073161822
1197,Procurement,Uniform,50.0,409894.91148208873,409894.91148208873,109.3649468887054,4,1.0368687314105631
1197,Procurement,Screened,50.31148291410975,409894.91148208873,409894.91146030667,110.0362683865924,0,1.0368687314105631
1198,Procurement,Uniform,50.0,289117.0316578324,289117.0316578324,87.79677919600256,2,1.320281536400292
1198,Procurement,Screened,50.313475528648254,289117.0316578324,289117.0316578325,88.32251009569404,0,1.320281536400292
1199,Procurement,Uniform,50.0,322314.1764747314,322314.1764747314,52.895809461282404,5,0.8887835601938179
1199,Procurement,Screened,50.30558617506025,322314.1764747314,322314.1764562639,53.22710883849761,0,0.8887835601938179
1200,Procurement,Uniform,50.0,310718.4824217395,310718.4824217395,32.52936919321641,7,0.5233341046929912
1200,Procurement,Screened,50.319752984906735,310718.4824217395,310718.4824034612,32.742440270597776,2,0.5233341046929912
1201,Procurement,Uniform,50.0,319053.731574764,319053.731574764,53.747409862210596,4,0.7747989916556218
1201,Procurement,Screened,50.30116137532217,319053.731574764,319053.731574764,54.081423180020124,0,0.7747989916556218
1202,Procurement,Uniform,50.0,286403.5163699118,286403.5163699118,62.85969200916136,4,0.9195167781822418
1202,Procurement,Screened,50.317046016332675,286403.5163699118,286403.516352978,63.23777130589137,0,0.9195167781822418
1203,Procurement,Uniform,50.0,365004.05792868126,365004.05792868126,146.3272639220795,2,1.4303891975515266
1203,Procurement,Screened,50.30895047260851,365004.05792868126,365004.0579286814,147.18514198295242,0,1.4303891975515266
1204,Procurement,Uniform,50.0,368921.7689302533,368921.76893025334,56.25199431432647,5,0.6780978033212735
1204,Procurement,Screened,50.319132527834284,368921.7689302533,368921.7689084435,56.613257726007866,0,0.6780978033212735
1205,Procurement,Uniform,50.0,302102.6204512139,302102.6204512139,112.21713817977206,2,1.3672483551727996
1205,Procurement,Screened,50.320960551810934,302102.6204512139,302102.62043338607,112.87346844588829,0,1.3672483551727996
1206,Procurement,Uniform,50.0,314885.5983716884,314885.5983716884,74.24543265940335,4,0.9958266768273484
1206,Procurement,Screened,50.31329428288154,314885.5983716884,314885.5983531771,74.7001974037216,0,0.9958266768273484
1207,Procurement,Uniform,50.0,395193.56862673897,395193.56862673897,67.10231802242028,5,0.6769427228709346
1207,Procurement,Screened,50.3211128941224,395193.56862673897,395193.5686269816,67.5309008923393,0,0.6769427228709346
1208,Procurement,Uniform,50.0,326875.2694665287,326875.2694665287,76.37881902603586,4,1.013387939869649
1208,Procurement,Screened,50.32302119682212,326875.2694665287,326875.2694473642,76.8449608098161,0,1.013387939869649
1209,Procurement,Uniform,50.0,295167.9939395156,295167.9939395156,85.56572014781312,3,1.269680990963652
1209,Procurement,Screened,50.322394355680586,295167.9939395156,295167.99392208195,86.07935401595033,0,1.269680990963652
1210,Procurement,Uniform,50.0,370358.0479536711,370358.0479536711,75.27104242803719,4,0.7782476582177533
1210,Procurement,Screened,50.32318251666214,370358.0479536711,370358.04793178756,75.73947311868602,0,0.7782476582177533
1211,Procurement,Uniform,50.0,303826.05484828615,303826.05484828615,67.21978418354756,4,0.9670448810039296
1211,Procurement,Screened,50.309697359906195,303826.05484828615,303826.0548482861,67.62673853366391,0,0.9670448810039296
1212,Procurement,Uniform,50.0,294306.9089726048,294306.9089726048,108.14715145986656,2,1.3714280224406146
1212,Procurement,Screened,50.3096017826517,294306.9089726048,294306.9089613372,108.78164365241796,0,1.3714280224406146
1213,Procurement,Uniform,50.0,312541.26085721544,312541.26085721544,47.35553482936265,5,0.8058335344310219
1213,Procurement,Screened,50.31090485655542,312541.26085721544,312541.2608572156,47.65629544002074,0,0.8058335344310219
1214,Procurement,Uniform,50.0,425595.5302475668,425595.53024756676,127.52334633420287,3,1.2295098170880143
1214,Procurement,Screened,50.315067630037944,425595.5302475668,425595.53022254823,128.29288515942028,0,1.2295098170880143
1215,Procurement,Uniform,50.0,361045.5770113661,361045.5770113661,55.183203132745916,5,0.6194236319172838
1215,Procurement,Screened,50.301342024908585,361045.5770113661,361045.57701136614,55.540678748605345,0,0.6194236319172838
1216,Procurement,Uniform,50.0,327498.22703338583,327498.22703338583,71.43279859080369,4,1.0889118583587418
1216,Procurement,Screened,50.32134624992178,327498.22703338583,327498.2270140964,71.87719609672318,0,1.0889118583587418
1217,Procurement,Uniform,50.0,368801.9848440217,368801.98484402173,85.20221193314522,4,0.990943281598964
1217,Procurement,Screened,50.31822584431988,368801.9848440217,368801.9848222705,85.72713494797178,0,0.990943281598964
1218,Procurement,Uniform,50.0,296552.3589903071,296552.3589903071,30.31114371173537,7,0.5527387290879711
1218,Procurement,Screened,50.317163120273186,296552.3589903071,296552.35899030714,30.523312985064322,2,0.5527387290879711
1219,Procurement,Uniform,50.0,385355.0786857871,385355.0786857871,60.539477658345916,5,0.6722494376165806
1219,Procurement,Screened,50.30885436366466,385355.0786857871,385355.0786808813,60.9330047227512,0,0.6722494376165806
1220,Procurement,Uniform,50.0,302531.28189708234,302531.28189708234,55.120283478715976,4,0.9481742906485612
1220,Procurement,Screened,50.30168459046625,302531.28189708234,302531.2818970824,55.44039333021234,0,0.9481742906485612
1221,Procurement,Uniform,50.0,303778.420258392,303778.420258392,53.328494619697985,5,0.7932541902899846
1221,Procurement,Screened,50.316415157792555,303778.420258392,303778.4202404218,53.66516340130581,0,0.7932541902899846
1222,Procurement,Uniform,50.0,326245.3228365175,326245.3228365175,74.4680481805733,4,0.98553708701124
1222,Procurement,Screened,50.310069904948556,326245.3228365175,326245.32283651753,74.9192931978484,0,0.98553708701124
1223,Procurement,Uniform,50.0,348106.9131634057,348106.9131634057,108.29673571560177,2,1.372394387855837
1223,Procurement,Screened,50.31082522588182,348106.9131634057,348106.9131634057,108.92841570720275,0,1.372394387855837
1224,Procurement,Uniform,50.0,303856.16415580496,303856.16415580496,66.27619135559415,4,1.063871647379927
1224,Procurement,Screened,50.3093049330283,303856.16415580496,303856.164155805,66.67739868781608,0,1.063871647379927
1225,Procurement,Uniform,50.0,354940.3429693396,354940.3429693396,51.86798803153517,5,0.5765429450377232
1225,Procurement,Screened,50.31134392597516,354940.3429693396,354940.34296933946,52.18797693882913,0,0.5765429450377232
1226,Procurement,Uniform,50.0,333769.7116256865,333769.7116256865,71.81411805769781,5,0.937792761485952
1226,Procurement,Screened,50.32249259472386,333769.7116256865,333769.7116060365,72.24662388383906,0,0.937792761485952
1227,Procurement,Uniform,50.0,382592.83889693086,382592.83889693086,111.31458714726278,3,1.2406739469612766
1227,Procurement,Screened,50.31166142093588,382592.83889693086,382592.83889693103,111.97992390962126,0,1.2406739469612766
1228,Procurement,Uniform,50.0,338503.02113021776,338503.02113021776,75.0483461633921,4,1.0695257063638737
1228,Procurement,Screened,50.304155293772965,338503.02113021776,338503.02113021765,75.50845966329224,0,1.0695257063638737
1229,Procurement,Uniform,50.0,362292.4959997773,362292.49599977734,148.34310602436693,2,1.4926801980927378
1229,Procurement,Screened,50.3047537665757,362292.4959997773,362292.4959997772,149.20565141005656,0,1.4926801980927378
1230,Procurement,Uniform,50.0,386870.12877287774,386870.12877287774,101.93363520421869,4,0.999348677668797
1230,Procurement,Screened,50.310912948840844,386870.12877287774,386870.12877287774,102.54642299751026,0,0.999348677668797
1231,Procurement,Uniform,50.0,330340.8367733162,330340.8367733162,44.6252466507022,5,0.5943452109428129
1231,Procurement,Screened,50.316975688088704,330340.8367733162,330340.83677331614,44.908160352454146,0,0.5943452109428129
1232,Procurement,Uniform,50.0,344533.2684061286,344533.2684061286,82.95829589159023,5,0.9083908272039845
1232,Procurement,Screened,50.32221411475394,344533.2684061286,344533.26838597585,83.4622889346316,0,0.9083908272039845
1233,Procurement,Uniform,50.0,319188.60646880866,319188.60646880866,57.5322646767013,5,0.7397267561989687
1233,Procurement,Screened,50.31185894445015,319188.60646880866,319188.60645016836,57.89326661520626,0,0.7397267561989687
1234,Procurement,Uniform,50.0,350606.25894167955,350606.25894167955,114.6614199305805,2,1.1775625283327886
1234,Procurement,Screened,50.30824683514732,350606.25894167955,350606.2589416796,115.3409843997343,0,1.1775625283327886
1235,Procurement,Uniform,50.0,287654.3961656442,287654.3961656442,73.27785885689835,3,1.043629912686104
1235,Procurement,Screened,50.305891411345954,287654.3961656442,287654.39616564394,73.71447352528328,0,1.043629912686104
1236,Procurement,Uniform,50.0,321368.3035320186,321368.3035320186,44.6689010671318,5,0.6017438110978528
1236,Procurement,Screened,50.30341753336953,321368.3035320186,321368.3035320188,44.95518317244719,0,0.6017438110978528
1237,Procurement,Uniform,50.0,342184.3790812501,342184.3790812501,93.69066552552292,4,1.0831740073548108
1237,Procurement,Screened,50.32348297759415,342184.3790812501,342184.37906115234,94.25274051380475,0,1.0831740073548108
1238,Procurement,Uniform,50.0,417237.8224291173,417237.8224291173,114.15414928269699,3,0.9316572028264366
1238,Procurement,Screened,50.3213861816506,417237.8224291173,417237.8224135409,114.83571018344242,0,0.9316572028264366
1239,Procurement,Uniform,50.0,343000.10815468826,343000.10815468826,63.763154679646256,5,0.824761268118761
1239,Procurement,Screened,50.3184315848734,343000.10815468826,343000.1081344418,64.14208935508817,0,0.824761268118761
1240,Procurement,Uniform,50.0,344060.4778032104,344060.4778032104,67.35516065162837,4,0.9501066134742142
1240,Procurement,Screened,50.305750407490166,344060.4778032104,344060.47780321055,67.77008556652711,0,0.9501066134742142
1241,Procurement,Uniform,50.0,357823.6838323609,357823.6838323609,121.75905990597062,3,1.4625590642851731
1241,Procurement,Screened,50.31181921122992,357823.6838323609,357823.6838323609,122.47637529549735,0,1.4625590642851731
1242,Procurement,Uniform,50.0,398831.6653416816,398831.66534168157,131.7413473015121,2,1.289240849928747
1242,Procurement,Screened,50.31012670392204,398831.6653416816,398831.66534168157,132.49507049086446,0,1.289240849928747
1243,Procurement,Uniform,50.0,322146.4464892755,322146.4464892755,73.14364300183256,4,0.9315619647493332
1243,Procurement,Screened,50.32054489748472,322146.4464892755,322146.4464702715,73.58886453627434,0,0.9315619647493332
1244,Procurement,Uniform,50.0,291811.5785645159,291811.5785645159,48.0825544499237,5,0.9038561027216464
1244,Procurement,Screened,50.30471648023148,291811.5785645159,291811.5785473366,48.38715661092578,0,0.9038561027216464
1245,Procurement,Uniform,50.0,348334.1802712564,348334.1802712564,46.710658781179745,6,0.6080996096589688
1245,Procurement,Screened,50.31152765051698,348334.1802712564,348334.1802515675,47.013828906926534,1,0.6080996096589688
1246,Procurement,Uniform,50.0,350693.8639718326,350693.8639718326,118.95383344460403,2,1.321751878485671
1246,Procurement,Screened,50.32091267505151,350693.8639718326,350693.8639511727,119.64765972780322,0,1.321751878485671
1247,Procurement,Uniform,50.0,400546.1766126338,400546.1766126338,71.87619514486259,5,0.7179350951882056
1247,Procurement,Screened,50.33896097566265,400546.1766126338,400546.1766086448,72.33051832964648,0,0.7179350951882056
1248,Procurement,Uniform,50.0,374381.2998791855,374381.2998791855,76.14656461134409,4,0.9460005934189432
1248,Procurement,Screened,50.30977847773082,374381.2998791855,374381.2998791855,76.61617775135258,0,0.9460005934189432
1249,Procurement,Uniform,50.0,307363.6643757939,307363.6643757939,64.90589637842663,5,1.0169942454023184
1249,Procurement,Screened,50.326729902593584,307363.6643757939,307363.6643576977,65.30798525262914,0,1.0169942454023184
1250,Procurement,Uniform,50.0,327357.21437464573,327357.21437464573,77.3262872598856,4,0.916849030609412
1250,Procurement,Screened,50.311566698258915,327357.21437464573,327357.2143746456,77.80231894487935,0,0.916849030609412
1251,Procurement,Uniform,50.0,305377.29795735865,305377.29795735865,43.80466476123639,5,0.6155076603746296
1251,Procurement,Screened,50.30376723014132,305377.29795735865,305377.2979573586,44.08392305276444,0,0.6155076603746296
1252,Procurement,Uniform,50.0,328653.48106277874,328653.48106277874,49.70864786578083,5,0.7320326447745931
1252,Procurement,Screened,50.30575896420046,328653.48106277874,328653.48106277874,50.02633790463858,0,0.7320326447745931
1253,Procurement,Uniform,50.0,306643.61406781204,306643.61406781204,120.32027309300985,2,1.4998755232707743
1253,Procurement,Screened,50.31186895654286,306643.61406781204,306643.6140678121,120.9818842676585,0,1.4998755232707743
1254,Procurement,Uniform,50.0,288542.8613779696,288542.8613779696,34.71276943790297,6,0.549225078027505
1254,Procurement,Screened,50.305396417283276,288542.8613779696,288542.8613779695,34.93603421745647,1,0.549225078027505
1255,Procurement,Uniform,50.0,311957.3526017444,311957.3526017444,77.05854348280302,3,1.260353052806233
1255,Procurement,Screened,50.31795891954308,311957.3526017444,311957.35258330184,77.51873043105722,0,1.260353052806233
1256,Procurement,Uniform,50.0,399815.2047749423,399815.20477494225,83.6095704135371,5,0.8131742773990112
1256,Procurement,Screened,50.31466764220321,399815.2047749423,399815.2047515692,84.1301999103191,0,0.8131742773990112
1257,Procurement,Uniform,50.0,424316.3780911512,424316.37809115124,123.95840517803536,3,1.2843001666856249
1257,Procurement,Screened,50.323303381770174,424316.3780911512,424316.37806610396,124.70759103553189,0,1.2843001666856249
1258,Procurement,Uniform,50.0,379519.477248948,379519.47724894795,92.4339170583577,4,0.9688270293955112
1258,Procurement,Screened,50.31142451310882,379519.477248948,379519.47724894795,92.99058859932349,0,0.9688270293955112
1259,Procurement,Uniform,50.0,325494.02610798355,325494.02610798355,85.18707657672812,4,1.1334606890559054
1259,Procurement,Screened,50.309666162761125,325494.02610798355,325494.02610798355,85.69773052437412,0,1.1334606890559054
1260,Procurement,Uniform,50.0,402438.8775457294,402438.8775457294,101.02075784035166,4,1.0158394427005777
1260,Procurement,Screened,50.30127292494075,402438.8775457294,402438.8775457294,101.6317358351966,0,1.0158394427005777
1261,Procurement,Uniform,50.0,305684.1614144993,305684.1614144993,57.60527286585488,4,0.8764411511207187
1261,Procurement,Screened,50.30952308167826,305684.1614144993,305684.1614144992,57.96141248133068,0,0.8764411511207187
1262,Procurement,Uniform,50.0,352520.91586613306,352520.91586613306,77.14813499662132,5,0.901764708124953
1262,Procurement,Screened,50.32159195618665,352520.91586613306,352520.91584544996,77.62692353554402,0,0.901764708124953
1263,Procurement,Uniform,50.0,415427.1383828184,415427.1383828184,165.76451712289904,2,1.424200314690164
1263,Procurement,Screened,50.31037791208645,415427.1383828184,415427.1383585463,166.7395502255621,0,1.424200314690164
1264,Procurement,Uniform,50.0,301082.78195628914,301082.78195628914,104.88367187582311,2,1.474012388469831
1264,Procurement,Screened,50.30742978157056,301082.78195628914,301082.7819562892,105.49568541159998,0,1.474012388469831
1265,Procurement,Uniform,50.0,361298.5816825783,361298.5816825783,144.65041375111196,2,1.4389685058840946
1265,Procurement,Screened,50.307440893978054,361298.5816825783,361298.5816825783,145.49677778259007,0,1.4389685058840946
1266,Procurement,Uniform,50.0,338427.90783944627,338427.90783944627,110.85918206347702,2,1.454959679274895
1266,Procurement,Screened,50.305938461349776,338427.90783944627,338427.90783944627,111.51461051903973,0,1.454959679274895
1267,Procurement,Uniform,50.0,338044.89878582256,338044.89878582256,81.4480359330205,3,1.0945336459916717
1267,Procurement,Screened,50.310280016573586,338044.89878582256,338044.89878582244,81.93942890290451,0,1.0945336459916717
1268,Procurement,Uniform,50.0,317488.5853096583,317488.5853096583,69.98474389918226,4,1.0195798642188372
1268,Procurement,Screened,50.31533214659427,317488.5853096583,317488.58529093023,70.41525182263433,0,1.0195798642188372
1269,Procurement,Uniform,50.0,330794.0883528812,330794.0883528812,49.497161302837476,5,0.6835877695236731
1269,Procurement,Screened,50.30734279925492,330794.0883528812,330794.08835288126,49.819618464874736,0,0.6835877695236731
1270,Procurement,Uniform,50.0,385159.89882667793,385159.89882667793,119.81447603513604,3,1.3289603663089415
1270,Procurement,Screened,50.32447721334567,385159.89882667793,385159.8988084956,120.5263943193055,0,1.3289603663089415
1271,Procurement,Uniform,50.0,345478.6130274782,345478.6130274782,71.26762278262265,4,0.8913523460299678
1271,Procurement,Screened,50.33230256083194,345478.6130274782,345478.6130072303,71.70619270297132,0,0.8913523460299678
1272,Procurement,Uniform,50.0,325748.745140992,325748.745140992,44.20782109165033,6,0.6062479662244149
1272,Procurement,Screened,50.30750439417359,325748.745140992,325748.7451409921,44.505332144694854,1,0.6062479662244149
1273,Procurement,Uniform,50.0,328574.16536729364,328574.16536729364,47.05092767320937,6,0.5733584523706259
1273,Procurement,Screened,50.318510028355576,328574.16536729364,328574.1653672938,47.348559860786864,1,0.5733584523706259
1274,Procurement,Uniform,50.0,432119.9686185928,432119.96861859283,106.60455966505187,4,1.00808356917487
1274,Procurement,Screened,50.32026966224456,432119.9686185928,432119.9685931241,107.26054190585032,0,1.00808356917487
1275,Procurement,Uniform,50.0,322922.5135308081,322922.51353080815,51.97600096090606,5,0.7503810644817017
1275,Procurement,Screened,50.31646489957959,322922.5135308081,322922.5135117016,52.2920271188816,0,0.7503810644817017
1276,Procurement,Uniform,50.0,330398.58594118623,330398.58594118623,94.01464306279486,3,1.194952104720835
1276,Procurement,Screened,50.32926903310399,330398.58594118623,330398.5859217058,94.57965854598264,0,1.194952104720835
1277,Procurement,Uniform,50.0,284748.72482083674,284748.72482083674,61.6061450698999,5,1.0947422544215375
1277,Procurement,Screened,50.33183256309993,284748.72482083674,284748.72480414005,61.97979576938299,0,1.0947422544215375
1278,Procurement,Uniform,50.0,287916.960244733,287916.960244733,30.608997207679458,7,0.5130393412484562
1278,Procurement,Screened,50.31117812013956,287916.960244733,287916.9602447329,30.812634405696127,2,0.5130393412484562
1279,Procurement,Uniform,50.0,381996.2680006764,381996.2680006764,93.96347359845727,4,1.2341233617870184
1279,Procurement,Screened,50.31967517896713,381996.2680006764,381996.2679782704,94.53547051050808,0,1.2341233617870184
1280,Procurement,Uniform,50.0,391891.7952135665,391891.7952135665,111.61793561552525,3,1.0273950911395349
1280,Procurement,Screened,50.30596580942954,391891.7952135665,391891.7952135664,112.29414180460341,0,1.0273950911395349
1281,Procurement,Uniform,50.0,292453.9822705502,292453.9822705502,68.48269384799083,4,1.0510328899905508
1281,Procurement,Screened,50.32636223788635,292453.9822705502,292453.9822533017,68.89880722162268,0,1.0510328899905508
1282,Procurement,Uniform,50.0,415594.8901941929,415594.8901941929,111.34858539619424,4,0.980940060181212
1282,Procurement,Screened,50.31810748623521,415594.8901941929,415594.8901698421,112.02183970540769,0,0.980940060181212
1283,Procurement,Uniform,50.0,297626.42533925426,297626.42533925426,38.800803626209934,6,0.6795603045494292
1283,Procurement,Screened,50.32424814597919,297626.42533925426,297626.42532524053,39.04704428400389,1,0.6795603045494292
1284,Procurement,Uniform,50.0,429822.9307880489,429822.9307880489,121.90552082723778,3,1.0884249765814895
1284,Procurement,Screened,50.310641249764544,429822.9307880489,429822.9307880489,122.64823590301266,0,1.0884249765814895
1285,Procurement,Uniform,50.0,287697.9305144421,287697.93051444215,56.816473091189955,4,0.8554475828189982
1285,Procurement,Screened,50.30636393476345,287697.9305144421,287697.9305144422,57.161869076590314,0,0.8554475828189982
1286,Procurement,Uniform,50.0,311237.61549818784,311237.61549818784,37.28428056229693,7,0.5083983786587274
1286,Procurement,Screened,50.328587986421084,311237.61549818784,311237.61548006604,37.51598577121374,2,0.5083983786587274
1287,Procurement,Uniform,50.0,368579.7542149718,368579.7542149718,68.75358177407091,5,0.7387412456529454
1287,Procurement,Screened,50.31727487578547,368579.7542149718,368579.7541931963,69.1795873074856,0,0.7387412456529454
1288,Procurement,Uniform,50.0,368198.3116831496,368198.31168314954,97.87460505444406,3,1.1071209640868296
1288,Procurement,Screened,50.31239420284263,368198.3116831496,368198.311661477,98.46107621932433,0,1.1071209640868296
1289,Procurement,Uniform,50.0,305544.2373574999,305544.2373574999,35.9646884232046,7,0.5696606149650796
1289,Procurement,Screened,50.305249132650545,305544.2373574999,305544.2373574998,36.20759651918772,2,0.5696606149650796
1290,Procurement,Uniform,50.0,425723.1192896856,425723.11928968556,59.82258955314936,7,0.5548811599342912
1290,Procurement,Screened,50.31378757278632,425723.1192896856,425723.119265034,60.223451689110476,2,0.5548811599342912
1291,Procurement,Uniform,50.0,278385.80013008014,278385.80013008014,58.38717073855963,4,1.1461208941505308
1291,Procurement,Screened,50.31081127173381,278385.80013008014,278385.80013008014,58.74683310577015,0,1.1461208941505308
1292,Procurement,Uniform,50.0,419718.8692557805,419718.8692557805,98.08378677663423,4,0.8480575904778351
1292,Procurement,Screened,50.312113468252704,419718.8692557805,419718.86923114746,98.69734868594774,0,0.8480575904778351
1293,Procurement,Uniform,50.0,355173.1903169437,355173.1903169437,38.516424549338936,7,0.5198999430371698
1293,Procurement,Screened,50.3179825321998,355173.1903169437,355173.19031694374,38.778685099591115,2,0.5198999430371698
1294,Procurement,Uniform,50.0,355296.1656480823,355296.1656480823,41.322089407004576,7,0.5440702285674633
1294,Procurement,Screened,50.310777737028694,355296.1656480823,355296.1656480823,41.597341999203344,2,0.5440702285674633
1295,Procurement,Uniform,50.0,377334.1964216383,377334.1964216383,126.97435080325002,2,1.3411785469989348
1295,Procurement,Screened,50.310858129752745,377334.1964216383,377334.19642163825,127.73444142199331,0,1.3411785469989348
1296,Procurement,Uniform,50.0,297187.6900287116,297187.6900287116,108.91732065743895,2,1.4826812235856297
1296,Procurement,Screened,50.317757563931366,297187.6900287116,297187.69002871163,109.55210778861307,0,1.4826812235856297
1297,Procurement,Uniform,50.0,315633.19680573035,315633.19680573035,99.62575867898597,2,1.2873721448338582
1297,Procurement,Screened,50.30795365620893,315633.19680573035,315633.19680573035,100.21555109113788,0,1.2873721448338582
1298,Procurement,Uniform,50.0,327971.50882887567,327971.50882887567,101.01696176303494,2,1.4984164491513776
1298,Procurement,Screened,50.31669207505493,327971.50882887567,327971.5088288756,101.61573920206528,0,1.4984164491513776
1299,Procurement,Uniform,50.0,324320.754670489,324320.754670489,84.33190371726037,4,1.40509480098742
1299,Procurement,Screened,50.324486780372105,324320.754670489,324320.754670489,84.83509932219691,0,1.40509480098742
1300,Procurement,Uniform,50.0,396295.55619852233,396295.55619852233,129.59593169793203,2,1.3185270077631177
1300,Procurement,Screened,50.3266598201236,396295.55619852233,396295.55617515504,130.38011762258964,0,1.3185270077631177
1301,Procurement,Uniform,50.0,283066.5601980812,283066.5601980812,83.58922903246507,2,1.2896918149625785
1301,Procurement,Screened,50.31369334932979,283066.5601980812,283066.56018167245,84.0809548976801,0,1.2896918149625785
1302,Procurement,Uniform,50.0,392028.0095115992,392028.0095115992,123.99771059290448,2,1.102011188559311
1302,Procurement,Screened,50.30092601445925,392028.0095115992,392028.0095115993,124.7271175469469,0,1.102011188559311
1303,Procurement,Uniform,50.0,279158.7145769033,279158.7145769033,71.04790010880662,3,1.1289529852241813
1303,Procurement,Screened,50.3184972771468,279158.7145769033,279158.7145769034,71.47711226559703,0,1.1289529852241813
1304,Procurement,Uniform,50.0,295321.1497699408,295321.14976994076,59.901451332359585,4,0.9203246158539212
1304,Procurement,Screened,50.31019130769644,295321.1497699408,295321.14976994076,60.265815585667404,0,0.9203246158539212
1305,Procurement,Uniform,50.0,418484.0467536248,418484.0467536248,109.6312734605812,4,1.2077406691376191
1305,Procurement,Screened,50.32876980251996,418484.0467536248,418484.0467291344,110.29850639108008,0,1.2077406691376191
1306,Procurement,Uniform,50.0,384533.8315496904,384533.83154969034,82.50646669259845,4,1.0193993590739492
1306,Procurement,Screened,50.31300761666946,384533.8315496904,384533.8315271178,83.01789524104011,0,1.0193993590739492
1307,Procurement,Uniform,50.0,309828.00361571246,309828.00361571246,65.49579751430151,4,0.8471924693063169
1307,Procurement,Screened,50.332398093560315,309828.00361571246,309828.00359746924,65.8856813766801,0,0.8471924693063169
1308,Procurement,Uniform,50.0,319124.14558636345,319124.14558636345,104.68219889182441,3,1.4675788181335898
1308,Procurement,Screened,50.30974518695115,319124.14558636345,319124.14556904876,105.29817363048689,0,1.4675788181335898
1309,Procurement,Uniform,50.0,393723.6069034205,393723.6069034205,105.4105548622719,3,1.0544483868295194
1309,Procurement,Screened,50.31778308194645,393723.6069034205,393723.6068802955,106.05978683960565,0,1.0544483868295194
1310,Procurement,Uniform,50.0,413412.2268931003,413412.2268931003,132.66619155134114,3,1.1633334623126514
1310,Procurement,Screened,50.31089701087009,413412.2268931003,413412.22689310036,133.46645033154982,0,1.1633334623126514
1311,Procurement,Uniform,50.0,324358.08131380327,324358.08131380327,107.64657396150923,2,1.389043967892876
1311,Procurement,Screened,50.30589670075416,324358.08131380327,324358.0812949386,108.27112293340076,0,1.389043967892876
1312,Procurement,Uniform,50.0,382850.8749857681,382850.8749857681,93.40500031701112,4,1.1034809020467071
1312,Procurement,Screened,50.32231396645035,382850.8749857681,382850.8749632207,93.97706652184712,0,1.1034809020467071
1313,Procurement,Uniform,50.0,324021.88975087483,324021.88975087483,66.56987845530125,4,0.8685920367536524
1313,Procurement,Screened,50.31340167135475,324021.88975087483,324021.88975087495,66.97321873448695,0,0.8685920367536524
1314,Procurement,Uniform,50.0,322121.32489343977,322121.32489343977,85.00186607980633,3,1.1978816853505467
1314,Procurement,Screened,50.30362030634304,322121.32489343977,322121.3248934396,85.50911906357398,0,1.1978816853505467
1315,Procurement,Uniform,50.0,422665.4030867835,422665.4030867835,62.49390226045319,7,0.6393633020153681
1315,Procurement,Screened,50.33430509625678,422665.4030867835,422665.40306228586,62.906839008480894,2,0.6393633020153681
1316,Procurement,Uniform,50.0,329966.37137081416,329966.37137081416,51.69356154381629,5,0.681178328990223
1316,Procurement,Screened,50.32604699956102,329966.37137081416,329966.3713513498,52.0189449802408,0,0.681178328990223
1317,Procurement,Uniform,50.0,337788.2352421521,337788.2352421521,60.00403049136083,5,0.7674436700779417
1317,Procurement,Screened,50.33337487329335,337788.2352421521,337788.23522226146,60.35645767227985,0,0.7674436700779417
1318,Procurement,Uniform,50.0,292208.2904477596,292208.29044775956,52.684374550695416,5,0.8491970826256734
1318,Procurement,Screened,50.3022333243188,292208.2904477596,292208.2904477597,53.015135425703036,0,0.8491970826256734
1319,Procurement,Uniform,50.0,327895.434940182,327895.434940182,76.795425178841,3,0.9394131526235312
1319,Procurement,Screened,50.31886058262446,327895.434940182,327895.4349207881,77.26433292753049,0,0.9394131526235312
1320,Procurement,Uniform,50.0,307635.7965430616,307635.79654306156,78.51658905437047,3,1.0466307229846543
1320,Procurement,Screened,50.31567274063042,307635.7965430616,307635.7965249247,78.98301496390434,0,1.0466307229846543
1321,Procurement,Uniform,50.0,314451.0563559981,314451.0563559981,89.12872108285015,2,1.085795382573019
1321,Procurement,Screened,50.30685546191349,314451.0563559981,314451.05635599804,89.66257001089942,0,1.085795382573019
1322,Procurement,Uniform,50.0,301997.4500586564,301997.4500586564,87.79477454716712,3,1.16209305576238
1322,Procurement,Screened,50.31030098031815,301997.4500586564,301997.45005865645,88.31827919296663,0,1.16209305576238
1323,Procurement,Uniform,50.0,401505.3507405413,401505.35074054124,123.50390271513787,2,1.4414512085968272
1323,Procurement,Screened,50.307287556694455,401505.3507405413,401505.3507405413,124.24302877901354,0,1.4414512085968272
1324,Procurement,Uniform,50.0,378214.1914244399,378214.1914244399,130.1050538227042,3,1.3423840574500097
1324,Procurement,Screened,50.325727998248425,378214.1914244399,378214.1914022459,130.8834413949892,0,1.3423840574500097
1325,Procurement,Uniform,50.0,320084.1396095763,320084.1396095763,110.58375981375636,2,1.4559204149114957
1325,Procurement,Screened,50.31730296064802,320084.1396095763,320084.1396095764,111.23937966689377,0,1.4559204149114957
1326,Procurement,Uniform,50.0,398734.2431954786,398734.24319547863,110.33657078936378,3,1.0618983320078252
1326,Procurement,Screened,50.30450165681497,398734.2431954786,398734.2431954788,111.0094607810437,0,1.0618983320078252
1327,Procurement,Uniform,50.0,366020.86052533216,366020.86052533216,52.41286022603906,6,0.6508013521398286
1327,Procurement,Screened,50.30970911697942,366020.86052533216,366020.8605253321,52.75045915418962,1,0.6508013521398286
1328,Procurement,Uniform,50.0,408497.9652823453,408497.9652823453,80.22664851766483,5,0.8263159753905537
1328,Procurement,Screened,50.30783172358524,408497.9652823453,408497.9652823455,80.72375489848936,0,0.8263159753905537
1329,Procurement,Uniform,50.0,389836.9089501392,389836.90895013924,128.73438524153673,3,1.492038587092411
1329,Procurement,Screened,50.32238986353603,389836.9089501392,389836.9089292499,129.49812079388187,0,1.492038587092411
1330,Procurement,Uniform,50.0,298937.5763552508,298937.5763552508,77.47143550619893,3,1.1828246754811498
1330,Procurement,Screened,50.31450611214932,298937.5763552508,298937.57635525084,77.93957526649103,0,1.1828246754811498
1331,Procurement,Uniform,50.0,315572.2453487965,315572.2453487965,90.21063728204066,3,1.1614412381357595
1331,Procurement,Screened,50.3172984977484,315572.2453487965,315572.2453302324,90.74288476362288,0,1.1614412381357595
1332,Procurement,Uniform,50.0,430381.8377644786,430381.83776447864,136.50791766736114,2,1.2261104365763509
1332,Procurement,Screened,50.30869929243628,430381.8377644786,430381.83776447864,137.32924495569648,0,1.2261104365763509
1333,Procurement,Uniform,50.0,339907.06550424034,339907.06550424034,77.25807608870961,4,1.0677829220362467
1333,Procurement,Screened,50.313000292967935,339907.06550424034,339907.0655042403,77.73734283374121,0,1.0677829220362467
1334,Procurement,Uniform,50.0,401093.3307973216,401093.3307973216,97.27009161735936,4,0.9256206075061376
1334,Procurement,Screened,50.31510704819156,401093.3307973216,401093.3307973215,97.87350338911145,0,0.9256206075061376
1335,Procurement,Uniform,50.0,342402.0818450332,342402.0818450332,90.86390682712481,3,1.0425308369887103
1335,Procurement,Screened,50.3095916352754,342402.0818450332,342402.08184503316,91.4126262186133,0,1.0425308369887103
1336,Procurement,Uniform,50.0,415564.7414453984,415564.74144539837,132.15038807915522,3,1.275457566311391
1336,Procurement,Screened,50.31721043399176,415564.7414453984,415564.7414453983,132.9369924874484,0,1.275457566311391
1337,Procurement,Uniform,50.0,417484.3942981864,417484.3942981864,63.35195674671566,5,0.7325216800404932
1337,Procurement,Screened,50.30969746604805,417484.3942981864,417484.3942981865,63.762794454379026,0,0.7325216800404932
1338,Procurement,Uniform,50.0,339319.52693587565,339319.52693587565,60.06592627323952,5,0.676581947108104
1338,Procurement,Screened,50.30975060788405,339319.52693587565,339319.5269358756,60.43904354223002,0,0.676581947108104
1339,Procurement,Uniform,50.0,409181.2863382086,409181.2863382086,109.89012958398273,3,1.033331722777806
1339,Procurement,Screened,50.30817887758672,409181.2863382086,409181.2863382086,110.55801802231866,0,1.033331722777806
1340,Procurement,Uniform,50.0,428212.8988940484,428212.8988940484,95.20763602879106,4,0.8580142086540435
1340,Procurement,Screened,50.31843969461315,428212.8988940484,428212.89886889636,95.79791088631636,0,0.8580142086540435
1341,Procurement,Uniform,50.0,398923.2636646807,398923.26366468065,59.6395946864552,6,0.5684673859516394
1341,Procurement,Screened,50.327158740444524,398923.2636646807,398923.2636411735,60.03208942558319,1,0.5684673859516394
1342,Procurement,Uniform,50.0,309817.93454929005,309817.93454929005,36.39030984753145,7,0.6622507967316864
1342,Procurement,Screened,50.310418504823126,309817.93454929005,309817.9345492901,36.63386376457342,2,0.6622507967316864
1343,Procurement,Uniform,50.0,363967.7633680896,363967.76336808957,126.5664297524914,2,1.3429463771775794
1343,Procurement,Screened,50.33381924041077,363967.7633680896,363967.7633466737,127.31353736462371,0,1.3429463771775794
1344,Procurement,Uniform,50.0,437994.58585303946,437994.58585303946,117.29620809621122,3,1.1087345944532094
1344,Procurement,Screened,50.30941108361043,437994.58585303946,437994.58585303935,118.0155676544247,0,1.1087345944532094
1345,Procurement,Uniform,50.0,287965.23647018743,287965.23647018743,89.54838624920696,2,1.1778035719449491
1345,Procurement,Screened,50.313702894240365,287965.23647018743,287965.2364701875,90.07190345268324,0,1.1778035719449491
1346,Procurement,Uniform,50.0,371369.2118785092,371369.2118785092,107.3241695017933,3,1.2574928609964786
1346,Procurement,Screened,50.31842722690727,371369.2118785092,371369.2118566219,107.96213781152403,0,1.2574928609964786
1347,Procurement,Uniform,50.0,356385.07400553,356385.07400553,50.51250088567616,5,0.668886523346438
1347,Procurement,Screened,50.324318813745116,356385.07400553,356385.0739845021,50.84384051517221,1,0.668886523346438
1348,Procurement,Uniform,50.0,394740.27803079726,394740.27803079726,56.11884952037103,7,0.5739919317716635
1348,Procurement,Screened,50.326480801570334,394740.27803079726,394740.2780076936,56.491821191587306,2,0.5739919317716635
1349,Procurement,Uniform,50.0,291346.648692446,291346.648692446,46.15836359888583,5,0.6843652451086119
1349,Procurement,Screened,50.30608368905723,291346.648692446,291346.64869244606,46.45277975984596,0,0.6843652451086119
1350,Procurement,Uniform,50.0,310176.70740662445,310176.70740662445,83.21773877227075,3,1.058543969234821
1350,Procurement,Screened,50.31737975276625,310176.70740662445,310176.70740662445,83.72388828212083,0,1.058543969234821
1351,Procurement,Uniform,50.0,401667.57703704585,401667.57703704585,97.40277845131486,5,0.9803739746185808
1351,Procurement,Screened,50.32096537757234,401667.57703704585,401667.57703704596,98.00138765175178,0,0.9803739746185808
1352,Procurement,Uniform,50.0,317931.0432901528,317931.0432901528,45.09141073723141,5,0.6446440942837146
1352,Procurement,Screened,50.31650191308942,317931.0432901528,317931.0432713645,45.37783480333568,0,0.6446440942837146
1353,Procurement,Uniform,50.0,343806.6398964619,343806.6398964619,51.486473224931395,6,0.6174546413198183
1353,Procurement,Screened,50.31476797349314,343806.6398964619,343806.63989646186,51.81957640286881,1,0.6174546413198183
1354,Procurement,Uniform,50.0,426171.52684794925,426171.52684794925,101.07699758122735,4,0.9945289980334808
1354,Procurement,Screened,50.31617203037462,426171.52684794925,426171.52682297875,101.69514772928089,0,0.9945289980334808
1355,Procurement,Uniform,50.0,290706.11757349205,290706.11757349205,80.10627187396608,3,1.1081366350262714
1355,Procurement,Screened,50.30539508760696,290706.11757349205,290706.117573492,80.58688229038027,0,1.1081366350262714
1356,Procurement,Uniform,50.0,312081.8790812732,312081.87908127316,92.88861900459423,2,1.2491678640001866
1356,Procurement,Screened,50.32643732303661,312081.8790812732,312081.8790629637,93.42549259924108,0,1.2491678640001866
1357,Procurement,Uniform,50.0,283801.3504847899,283801.3504847899,35.427753382461155,5,0.593185451951258
1357,Procurement,Screened,50.30088146412959,283801.3504847899,283801.35048478993,35.650847888318424,0,0.593185451951258
1358,Procurement,Uniform,50.0,408692.5778652886,408692.5778652886,128.87995427372707,3,1.2694201332367123
1358,Procurement,Screened,50.30563591871444,408692.5778652886,408692.5778652886,129.6258357314647,0,1.2694201332367123
1359,Procurement,Uniform,50.0,360744.51206183183,360744.51206183183,105.57678153092436,3,1.2791622755799834
1359,Procurement,Screened,50.31953007870392,360744.51206183183,360744.5120405494,106.20638784181942,0,1.2791622755799834
1360,Procurement,Uniform,50.0,332866.4525616515,332866.4525616515,119.52734329512785,2,1.493655911504316
1360,Procurement,Screened,50.32345468516185,332866.4525616515,332866.45254206174,120.22470777605794,0,1.493655911504316
1361,Procurement,Uniform,50.0,324957.2334165297,324957.2334165297,117.3321903419901,2,1.487211995448101
1361,Procurement,Screened,50.31460083168102,324957.2334165297,324957.2333973134,118.02365701712228,0,1.487211995448101
1362,Procurement,Uniform,50.0,401301.9877952404,401301.98779524036,80.07118732221763,5,0.7402717216380794
1362,Procurement,Screened,50.31933392500692,401301.9877952404,401301.9877832716,80.58284787743976,0,0.7402717216380794
1363,Procurement,Uniform,50.0,288815.1641510864,288815.1641510864,104.2619713697214,2,1.4504727633321093
1363,Procurement,Screened,50.329618092389765,288815.1641510864,288815.1641341602,104.88090721486198,0,1.4504727633321093
1364,Procurement,Uniform,50.0,322389.3006358247,322389.3006358247,45.61360167376783,5,0.5899185856248277
1364,Procurement,Screened,50.32231434697932,322389.3006358247,322389.3006167939,45.911740739014064,0,0.5899185856248277
1365,Procurement,Uniform,50.0,383512.0874095261,383512.0874095261,72.83766436023093,5,0.7977359597063893
1365,Procurement,Screened,50.32780635130407,383512.0874095261,383512.0873888897,73.28213550782479,0,0.7977359597063893
1366,Procurement,Uniform,50.0,297240.7432954926,297240.7432954926,74.69931098959634,4,1.1756594491237653
1366,Procurement,Screened,50.31854483316566,297240.7432954926,297240.7432788502,75.14872975093958,0,1.1756594491237653
1367,Procurement,Uniform,50.0,435189.8280758458,435189.82807584584,52.85476155146169,7,0.5104834188368379
1367,Procurement,Screened,50.30631695464863,435189.8280758458,435189.8280758459,53.21715233001382,2,0.5104834188368379
1368,Procurement,Uniform,50.0,391296.0886533489,391296.0886533489,148.90912068815038,2,1.3556326761268704
1368,Procurement,Screened,50.31597037445116,391296.0886533489,391296.0886303245,149.7856324297413,0,1.3556326761268704
1369,Procurement,Uniform,50.0,280156.5732105702,280156.5732105702,84.28612801382994,3,1.3573212966502135
1369,Procurement,Screened,50.30970130151296,280156.5732105702,280156.57321057015,84.78523775423064,0,1.3573212966502135
1370,Procurement,Uniform,50.0,286283.59929393383,286283.59929393383,34.4973306319823,7,0.6479857131108464
1370,Procurement,Screened,50.32008607801862,286283.59929393383,286283.59929393395,34.718739266075296,2,0.6479857131108464
1371,Procurement,Uniform,50.0,331514.60675755213,331514.60675755213,90.25148161582604,3,1.2723474381101765
1371,Procurement,Screened,50.31307179044632,331514.60675755213,331514.60673876223,90.79847095925888,0,1.2723474381101765
1372,Procurement,Uniform,50.0,374629.2744516501,374629.2744516501,127.29109930183392,3,1.3082866932016497
1372,Procurement,Screened,50.315639420963706,374629.2744516501,374629.2744296137,128.05817612125978,0,1.3082866932016497
1373,Procurement,Uniform,50.0,351152.2951739846,351152.2951739846,43.25334995486668,7,0.5390331012529777
1373,Procurement,Screened,50.32051655317576,351152.2951739846,351152.2951739845,43.53509219454134,2,0.5390331012529777
1374,Procurement,Uniform,50.0,293286.25073913514,293286.25073913514,35.22429304020236,7,0.664022987973345
1374,Procurement,Screened,50.32691214921037,293286.25073913514,293286.2507218856,35.45683987538306,2,0.664022987973345
1375,Procurement,Uniform,50.0,338253.8804213795,338253.8804213795,82.686409969696,4,0.984734658264082
1375,Procurement,Screened,50.31207583535852,338253.8804213795,338253.8804213796,83.19258541670918,0,0.984734658264082
1376,Procurement,Uniform,50.0,311488.40563094686,311488.40563094686,101.29874047605958,3,1.286346261236238
1376,Procurement,Screened,50.32210080135009,311488.40563094686,311488.4056125648,101.90149117506456,0,1.286346261236238
1377,Procurement,Uniform,50.0,410813.4754596789,410813.4754596789,80.42834084945459,4,0.8847658335453914
1377,Procurement,Screened,50.318790742660354,410813.4754596789,410813.4754400463,80.93544005316444,0,0.8847658335453914
1378,Procurement,Uniform,50.0,387226.1993168711,387226.1993168711,103.2090416753637,3,1.010544145305717
1378,Procurement,Screened,50.31244126853101,387226.1993168711,387226.1993168712,103.83704573224536,0,1.010544145305717
1379,Procurement,Uniform,50.0,373548.32927590096,373548.32927590096,106.88804434388945,3,1.1500318583042994
1379,Procurement,Screened,50.319276640972156,373548.32927590096,373548.32925381546,107.53560125724374,0,1.1500318583042994
1380,Procurement,Uniform,50.0,287368.1301028185,287368.1301028185,45.24450092695272,5,0.8253711992490571
1380,Procurement,Screened,50.31221742413436,287368.1301028185,287368.1301031456,45.5253926907924,0,0.8253711992490571
1381,Procurement,Uniform,50.0,398250.9923160995,398250.9923160995,103.42869147046011,4,1.0006833528260095
1381,Procurement,Screened,50.32455640844933,398250.9923160995,398250.9922926234,104.06696295546506,0,1.0006833528260095
1382,Procurement,Uniform,50.0,304776.70596641576,304776.70596641576,99.79069686924043,2,1.345209745719215
1382,Procurement,Screened,50.316098533478105,304776.70596641576,304776.7059484667,100.37426184361738,0,1.345209745719215
1383,Procurement,Uniform,50.0,296005.71441971534,296005.71441971534,91.47639309462276,2,1.2771001475468329
1383,Procurement,Screened,50.314801749284605,296005.71441971534,296005.71441998857,92.00188281140447,0,1.2771001475468329
1384,Procurement,Uniform,50.0,301439.37766326073,301439.37766326073,107.6310422977338,2,1.49018843184326
1384,Procurement,Screened,50.30805093955511,301439.37766326073,301439.3776632608,108.26060790731812,0,1.49018843184326
1385,Procurement,Uniform,50.0,310692.5973108832,310692.5973108832,88.75981711404225,3,1.2609847344946692
1385,Procurement,Screened,50.31561211804028,310692.5973108832,310692.59729307983,89.29673459397864,0,1.2609847344946692
1386,Procurement,Uniform,50.0,391415.7419008649,391415.7419008649,78.4217104839748,5,0.723832080939669
1386,Procurement,Screened,50.32491948461468,391415.7419008649,391415.7418818325,78.9097954062316,0,0.723832080939669
1387,Procurement,Uniform,50.0,340861.560551896,340861.560551896,52.2323814665845,5,0.6200475258445565
1387,Procurement,Screened,50.32797823433623,340861.560551896,340861.5605318147,52.568232458856414,0,0.6200475258445565
1388,Procurement,Uniform,50.0,330566.35881738376,330566.35881738376,89.51486850214232,3,1.1217234715134126
1388,Procurement,Screened,50.31251651424035,330566.35881738376,330566.3587979233,90.06118714123507,0,1.1217234715134126
1389,Procurement,Uniform,50.0,292359.6473533954,292359.6473533954,32.961137682828536,7,0.5825319426401127
1389,Procurement,Screened,50.32014200952172,292359.6473533954,292359.6473361858,33.17312058030276,2,0.5825319426401127
1390,Procurement,Uniform,50.0,307089.1008976498,307089.1008976498,114.80581345010003,2,1.4069445139730068
1390,Procurement,Screened,50.31974107740545,307089.1008976498,307089.1008797286,115.48227148028028,0,1.4069445139730068
1391,Procurement,Uniform,50.0,352494.05832997867,352494.05832997867,40.97712654448961,7,0.6022897386940916
1391,Procurement,Screened,50.332250264969005,352494.05832997867,352494.0583093248,41.254696330922926,2,0.6022897386940916
1392,Procurement,Uniform,50.0,280895.5743837857,280895.5743837857,36.098550614662855,6,0.5151062829118989
1392,Procurement,Screened,50.30617118920146,280895.5743837857,280895.5743837857,36.33433758145035,1,0.5151062829118989
1393,Procurement,Uniform,50.0,344159.1294850075,344159.1294850075,89.81197905636162,3,1.3655679644797625
1393,Procurement,Screened,50.308210524293244,344159.1294850075,344159.1294648423,90.34700390459138,0,1.3655679644797625
1394,Procurement,Uniform,50.0,319683.9252106471,319683.9252106471,86.8981406369858,4,1.145709065897826
1394,Procurement,Screened,50.3196287582058,319683.9252106471,319683.92519186443,87.41895177926696,0,1.145709065897826
1395,Procurement,Uniform,50.0,336806.9373300908,336806.9373300908,98.9179349126717,3,1.2556515781412023
1395,Procurement,Screened,50.31584304062519,336806.9373300908,336806.9373102889,99.51195260760397,0,1.2556515781412023
1396,Procurement,Uniform,50.0,313835.2099188538,313835.2099188538,63.761604746883705,4,0.9126806211768366
1396,Procurement,Screened,50.31514575642259,313835.2099188538,313835.20990035654,64.14064148120576,0,0.9126806211768366
1397,Procurement,Uniform,50.0,367096.654115854,367096.654115854,61.75662890195614,5,0.8749735022472516
1397,Procurement,Screened,50.331147990204904,367096.654115854,367096.65409425664,62.14952897223089,0,0.8749735022472516
1398,Procurement,Uniform,50.0,379737.7025705354,379737.7025705354,135.86551356692092,2,1.2209754834455435
1398,Procurement,Screened,50.3297845897159,379737.7025705354,379737.70254821307,136.66698804571618,0,1.2209754834455435
1399,Procurement,Uniform,50.0,421068.7168242772,421068.7168242772,127.8851687039177,3,1.2995251709180031
1399,Procurement,Screened,50.30478922860924,421068.7168242772,421068.7168242771,128.63974737434683,0,1.2995251709180031
1400,Procurement,Uniform,50.0,404641.2373600244,404641.23736002436,69.98387345930877,5,0.727906356713616
1400,Procurement,Screened,50.326200910633496,404641.2373600244,404641.23733621754,70.42140878025458,0,0.727906356713616
1401,Procurement,Uniform,50.0,293196.3555880412,293196.3555880412,114.92589520837419,2,1.4104257213527274
1401,Procurement,Screened,50.31134442578093,293196.3555880412,293196.35558804113,115.59509542068021,0,1.4104257213527274
1402,Procurement,Uniform,50.0,371168.3478328949,371168.34783289494,118.2118026759599,2,1.2108001825744212
1402,Procurement,Screened,50.31485511424826,371168.3478328949,371168.34783289506,118.91342259884415,0,1.2108001825744212
1403,Procurement,Uniform,50.0,298729.35200584854,298729.35200584854,79.89100158536489,3,1.2068034016220222
1403,Procurement,Screened,50.3137270713165,298729.35200584854,298729.35200584854,80.36686575078147,0,1.2068034016220222
1404,Procurement,Uniform,50.0,341447.9925834963,341447.9925834963,79.53958250741037,3,0.9989274886280424
1404,Procurement,Screened,50.324892028363365,341447.9925834963,341447.99256342754,80.01663797193308,0,0.9989274886280424
1405,Procurement,Uniform,50.0,418266.26129976,418266.26129975996,140.35146812134164,2,1.3512212771822956
1405,Procurement,Screened,50.30416559766714,418266.26129976,418266.2612997601,141.18452532738192,0,1.3512212771822956
1406,Procurement,Uniform,50.0,336698.1341805538,336698.1341805538,64.082156149366,5,0.9370666907439574
1406,Procurement,Screened,50.329422265272036,336698.1341805538,336698.13416073215,64.47629444690718,0,0.9370666907439574
1407,Procurement,Uniform,50.0,368970.533766493,368970.533766493,106.08729659288142,3,1.01807012003083
1407,Procurement,Screened,50.31198339112019,368970.533766493,368970.533766493,106.73059515341312,0,1.01807012003083
1408,Procurement,Uniform,50.0,312247.6111433314,312247.6111433314,68.12313890549936,4,0.988453393703299
1408,Procurement,Screened,50.31690220049408,312247.6111433314,312247.61112493504,68.52938324821523,0,0.988453393703299
1409,Procurement,Uniform,50.0,341157.0091895256,341157.0091895256,39.68579082176089,7,0.6626235510206755
1409,Procurement,Screened,50.316412351301125,341157.0091895256,341157.00916941295,39.95398001852731,2,0.6626235510206755
1410,Procurement,Uniform,50.0,386721.76166488574,386721.76166488574,102.0198591416365,3,1.2060779534261945
1410,Procurement,Screened,50.319015868167334,386721.76166488574,386721.7616421301,102.63334151659022,0,1.2060779534261945
1411,Procurement,Uniform,50.0,389265.0494666593,389265.0494666593,110.42083252846416,3,1.1282195796026562
1411,Procurement,Screened,50.31063876709727,389265.0494666593,389265.0494666592,111.08377239204812,0,1.1282195796026562
1412,Procurement,Uniform,50.0,418354.31526026886,418354.31526026886,104.71203894720807,3,0.9206221927683113
1412,Procurement,Screened,50.31765271989276,418354.31526026886,418354.31523553625,105.34001874357486,0,0.9206221927683113
1413,Procurement,Uniform,50.0,398837.2589308267,398837.2589308267,164.46663773879303,2,1.4316785769073297
1413,Procurement,Screened,50.31979475080053,398837.2589308267,398837.25890726334,165.44214516720314,0,1.4316785769073297
1414,Procurement,Uniform,50.0,300429.2657521044,300429.2657521044,60.208739466881646,5,0.8075393662293624
1414,Procurement,Screened,50.31371804136374,300429.2657521044,300429.26575210434,60.580559718811244,0,0.8075393662293624
1415,Procurement,Uniform,50.0,313624.8050446887,313624.8050446887,39.51558872111111,7,0.667626088957771
1415,Procurement,Screened,50.32143516419118,313624.8050446887,313624.8050262065,39.78097836017259,2,0.667626088957771
1416,Procurement,Uniform,50.0,399363.3832891415,399363.38328914146,103.01822462256627,3,1.1215578421224626
1416,Procurement,Screened,50.32543025092097,399363.3832891415,399363.3832909661,103.62169156246682,0,1.1215578421224626
1417,Procurement,Uniform,50.0,373694.0363796104,373694.0363796104,83.23370336231574,4,1.0390699900361835
1417,Procurement,Screened,50.31199612753919,373694.0363796104,373694.03635765077,83.74413827814064,0,1.0390699900361835
1418,Procurement,Uniform,50.0,404494.7486639282,404494.74866392824,65.40841998412697,5,0.8524911007853451
1418,Procurement,Screened,50.316391224028614,404494.7486639282,404494.748640156,65.82255411968663,0,0.8524911007853451
1419,Procurement,Uniform,50.0,375448.9810259634,375448.98102596344,141.9011308019176,2,1.4002756748190306
1419,Procurement,Screened,50.31266616685924,375448.9810259634,375448.9810042768,142.73418816949606,0,1.4002756748190306
1420,Procurement,Uniform,50.0,321417.8665295722,321417.8665295722,66.00837925231801,4,0.902408455282482
1420,Procurement,Screened,50.308977439181696,321417.8665295722,321417.8665295723,66.41016176935486,0,0.902408455282482
1421,Procurement,Uniform,50.0,339553.2415046794,339553.2415046794,113.15315500498916,3,1.3811734702342668
1421,Procurement,Screened,50.334426445355945,339553.2415046794,339553.2414848474,113.81861635857155,0,1.3811734702342668
1422,Procurement,Uniform,50.0,326691.34234430693,326691.34234430693,32.35266138100499,7,0.5470361815473699
1422,Procurement,Screened,50.307007803328744,326691.34234430693,326691.342344307,32.573154499255054,2,0.5470361815473699
1423,Procurement,Uniform,50.0,352732.3753524641,352732.3753524641,95.53681038439693,4,1.0706310945104862
1423,Procurement,Screened,50.31292900406056,352732.3753524641,352732.37533174857,96.11427390047628,0,1.0706310945104862
1424,Procurement,Uniform,50.0,354387.9937096168,354387.9937096168,100.05623270174533,3,1.1268074208093777
1424,Procurement,Screened,50.306920088505244,354387.9937096168,354387.99370978854,100.64587181293815,0,1.1268074208093777
1425,Procurement,Uniform,50.0,311804.8435675666,311804.8435675666,39.27852562814536,7,0.5720090062793504
1425,Procurement,Screened,50.32194996381798,311804.8435675666,311804.8435492374,39.539725703351316,2,0.5720090062793504
1426,Procurement,Uniform,50.0,341116.7201870825,341116.7201870825,62.18440834615134,5,0.8558286581363095
1426,Procurement,Screened,50.32390021211374,341116.7201870825,341116.72016700835,62.57299629661314,0,0.8558286581363095
1427,Procurement,Uniform,50.0,359544.19267820165,359544.19267820165,80.26925231507857,4,1.021079582876476
1427,Procurement,Screened,50.307058515856355,359544.19267820165,359544.1926782015,80.76185106063063,0,1.021079582876476
1428,Procurement,Uniform,50.0,371668.81311616045,371668.81311616045,99.58445222648879,4,1.1566511451448256
1428,Procurement,Screened,50.320386904982186,371668.81311616045,371668.81309435907,100.19541160272283,0,1.1566511451448256
1429,Procurement,Uniform,50.0,330378.5217916048,330378.5217916048,61.63345778312339,4,0.9472844752536004
1429,Procurement,Screened,50.30401648460817,330378.5217916048,330378.5217917445,62.00625021622814,0,0.9472844752536004
1430,Procurement,Uniform,50.0,369761.5099061344,369761.50990613434,84.99397331024156,4,0.8148276835467145
1430,Procurement,Screened,50.32339958759761,369761.5099061344,369761.5098843516,85.50550841796715,0,0.8148276835467145
1431,Procurement,Uniform,50.0,315141.2861548033,315141.28615480335,47.80515057225154,5,0.6343577835394729
1431,Procurement,Screened,50.31321038565471,315141.2861548033,315141.28615480335,48.108558090048184,0,0.6343577835394729
1432,Procurement,Uniform,50.0,335315.4815309962,335315.4815309962,41.93686304964798,7,0.5557919335011049
1432,Procurement,Screened,50.31356530330767,335315.4815309962,335315.48153099616,42.211829636448556,2,0.5557919335011049
1433,Procurement,Uniform,50.0,423065.1730737807,423065.17307378066,141.22489700451703,3,1.3692384986465518
1433,Procurement,Screened,50.33529015003523,423065.1730737807,423065.1730489757,142.06799902055954,0,1.3692384986465518
1434,Procurement,Uniform,50.0,364547.499377956,364547.499377956,106.19208395583937,3,1.1227303060706753
1434,Procurement,Screened,50.317233273282625,364547.499377956,364547.499377956,106.83122625416925,0,1.1227303060706753
1435,Procurement,Uniform,50.0,311136.724212232,311136.72421223193,56.25122510502818,5,0.7988315175648105
1435,Procurement,Screened,50.305154089011005,311136.724212232,311136.7242122318,56.598518108796064,0,0.7988315175648105
1436,Procurement,Uniform,50.0,352639.7852208307,352639.7852208307,101.31213890184561,3,1.2053037589294888
1436,Procurement,Screened,50.31842643954761,352639.7852208307,352639.7852000542,101.92105522909306,0,1.2053037589294888
1437,Procurement,Uniform,50.0,298419.0483456918,298419.0483456918,75.4874128896981,3,1.0586249171673443
1437,Procurement,Screened,50.314238580736244,298419.0483456918,298419.0483456919,75.93659806465703,0,1.0586249171673443
1438,Procurement,Uniform,50.0,359087.70144513587,359087.70144513587,105.39710885977595,2,1.2318113908651989
1438,Procurement,Screened,50.305400919521176,359087.70144513587,359087.7014451358,106.02299107459352,0,1.2318113908651989
1439,Procurement,Uniform,50.0,330898.4128846337,330898.4128846337,52.45139888728252,5,0.6277688071835478
1439,Procurement,Screened,50.307420759716436,330898.4128846337,330898.4128846336,52.78899013014954,0,0.6277688071835478
1440,Procurement,Uniform,50.0,298655.45306574454,298655.45306574454,71.64135237111348,3,1.0644746282996749
1440,Procurement,Screened,50.309094547002935,298655.45306574454,298655.4530657444,72.07270495040821,0,1.0644746282996749
1441,Procurement,Uniform,50.0,377865.7022684714,377865.7022684714,74.41650291864869,5,0.8245729762869162
1441,Procurement,Screened,50.327361368591816,377865.7022684714,377865.70224638574,74.88096978791273,0,0.8245729762869162
1442,Procurement,Uniform,50.0,417707.7262970113,417707.7262970113,171.84020071838566,2,1.3976765810752507
1442,Procurement,Screened,50.330289593744965,417707.7262970113,417707.726272504,172.8632133870036,0,1.3976765810752507
1443,Procurement,Uniform,50.0,290675.7674726144,290675.76747261436,46.74153238315566,4,0.739126750284077
1443,Procurement,Screened,50.306012259200344,290675.7674726144,290675.76747261436,47.02387203265498,0,0.739126750284077
1444,Procurement,Uniform,50.0,365414.9350859045,365414.93508590444,42.10360226957586,7,0.5519171361550974
1444,Procurement,Screened,50.32214385444118,365414.9350859045,365414.9350643431,42.39554379306657,2,0.5519171361550974
1445,Procurement,Uniform,50.0,336242.6576263701,336242.6576263701,50.559472556516525,5,0.641801211993881
1445,Procurement,Screened,50.308540439819616,336242.6576263701,336242.65762637014,50.88704339485522,0,0.641801211993881
1446,Procurement,Uniform,50.0,312054.09190727613,312054.09190727613,75.53704733366352,3,0.9834999365845044
1446,Procurement,Screened,50.30385554440213,312054.09190727613,312054.0919072761,75.99312623731281,0,0.9834999365845044
1447,Procurement,Uniform,50.0,409682.9482681257,409682.9482681257,79.70326179257928,5,0.8113951967500318
1447,Procurement,Screened,50.32710563152714,409682.9482681257,409682.9482440353,80.20907774977476,0,0.8113951967500318
1448,Procurement,Uniform,50.0,286891.4709485974,286891.4709485974,83.12872833843343,3,1.1677125252043572
1448,Procurement,Screened,50.3201770619745,286891.4709485974,286891.4709316946,83.61494484489828,0,1.1677125252043572
1449,Procurement,Uniform,50.0,323547.191289829,323547.191289829,65.10780858631404,5,0.871839860815525
1449,Procurement,Screened,50.31540305780344,323547.191289829,323547.19127088255,65.50176124120134,0,0.871839860815525
1450,Procurement,Uniform,50.0,347366.41041243705,347366.41041243705,72.2505402590317,4,0.9929165512695148
1450,Procurement,Screened,50.30194196966154,347366.41041243705,347366.4103919171,72.69126847817962,0,0.9929165512695148
1451,Procurement,Uniform,50.0,359137.10209404305,359137.10209404305,62.88491298796071,4,0.7859511558673509
1451,Procurement,Screened,50.30229412729467,359137.10209404305,359137.10209404305,63.278924735277734,0,0.7859511558673509
1452,Procurement,Uniform,50.0,329486.53638799395,329486.53638799395,68.2449162967872,4,0.8842215475282211
1452,Procurement,Screened,50.31285365618102,329486.53638799395,329486.536387994,68.67082367728462,0,0.8842215475282211
1453,Procurement,Uniform,50.0,407330.2984007908,407330.2984007908,101.03190395442851,4,1.0315181307381585
1453,Procurement,Screened,50.324564960941395,407330.2984007908,407330.2983768869,101.64945384848718,0,1.0315181307381585
1454,Procurement,Uniform,50.0,322246.5350205323,322246.5350205323,81.89176344001604,3,1.122337103343661
1454,Procurement,Screened,50.306596533105896,322246.5350205323,322246.5350205322,82.38541473567705,0,1.122337103343661
1455,Procurement,Uniform,50.0,361654.2275406056,361654.2275406056,114.46344989817095,3,1.2543539595311357
1455,Procurement,Screened,50.31005719447106,361654.2275406056,361654.22751934815,115.1528614385827,0,1.2543539595311357
1456,Procurement,Uniform,50.0,308249.6074965746,308249.6074965746,53.311155125926064,5,0.7228920835891213
1456,Procurement,Screened,50.31510194701242,308249.6074965746,308249.6074783673,53.64094457860968,0,0.7228920835891213
1457,Procurement,Uniform,50.0,405460.1150052921,405460.1150052921,51.254946347880605,6,0.6167554058678922
1457,Procurement,Screened,50.3141490044459,405460.1150052921,405460.115005292,51.60612065230018,1,0.6167554058678922
1458,Procurement,Uniform,50.0,309110.9696228273,309110.9696228273,120.32791617378595,2,1.4946371917748444
1458,Procurement,Screened,50.31829478196486,309110.9696228273,309110.9696046113,121.03499304725429,0,1.4946371917748444
1459,Procurement,Uniform,50.0,285265.8461027682,285265.8461027682,62.49808912849729,4,0.9062288897530218
1459,Procurement,Screened,50.33595066335686,285265.8461027682,285265.8461028446,62.875727800869086,0,0.9062288897530218
1460,Procurement,Uniform,50.0,297276.90907247167,297276.90907247167,45.25789508595954,5,0.6282664022769755
1460,Procurement,Screened,50.30256554072443,297276.90907247167,297276.90907247167,45.53995750968936,0,0.6282664022769755
1461,Procurement,Uniform,50.0,413335.1648157664,413335.1648157664,45.64621003424192,7,0.5118050373165236
1461,Procurement,Screened,50.325173910215746,413335.1648157664,413335.16479196283,45.963725681924224,2,0.5118050373165236
1462,Procurement,Uniform,50.0,295937.1891993275,295937.1891993275,63.75116047335907,4,0.9852222056704214
1462,Procurement,Screened,50.31808264274399,295937.1891993275,295937.1891819253,64.13516324697224,0,0.9852222056704214
1463,Procurement,Uniform,50.0,288404.8176242324,288404.8176242324,87.23018309914296,2,1.1451887806195842
1463,Procurement,Screened,50.31211945442064,288404.8176242324,288404.8176242324,87.74741270544827,0,1.1451887806195842
1464,Procurement,Uniform,50.0,424925.47093931504,424925.47093931504,61.09125420744296,7,0.5393796279439842
1464,Procurement,Screened,50.320475465542174,424925.47093931504,424925.4709143406,61.49704342710997,2,0.5393796279439842
1465,Procurement,Uniform,50.0,399448.73130345263,399448.73130345263,49.66462955702843,7,0.5446717035194198
1465,Procurement,Screened,50.325712298544445,399448.73130345263,399448.73127996654,50.00068173688442,2,0.5446717035194198
1466,Procurement,Uniform,50.0,342332.6682780835,342332.6682780835,102.00782801058455,3,1.301508937947132
1466,Procurement,Screened,50.32016716026367,342332.6682780835,342332.6682581216,102.61329041393466,0,1.301508937947132
1467,Procurement,Uniform,50.0,336241.5437490451,336241.5437490451,99.52860103167653,3,1.20300716612297
1467,Procurement,Screened,50.31215710238518,336241.5437490451,336241.54374904523,100.12122310534099,0,1.20300716612297
1468,Procurement,Uniform,50.0,278570.3364755508,278570.3364755508,35.89341571945446,7,0.6305871310653504
1468,Procurement,Screened,50.31204269005932,278570.3364755508,278570.3364755508,36.13040803092965,2,0.6305871310653504
1469,Procurement,Uniform,50.0,332167.70351913373,332167.70351913373,103.82046595990236,2,1.3878026673457513
1469,Procurement,Screened,50.305792034580215,332167.70351913373,332167.7035191336,104.436555065407,0,1.3878026673457513
1470,Procurement,Uniform,50.0,356380.3325001858,356380.3325001858,62.1967796306453,5,0.78795570628338
1470,Procurement,Screened,50.318228134202066,356380.3325001858,356380.33247941727,62.58487378599497,0,0.78795570628338
1471,Procurement,Uniform,50.0,378091.0357269816,378091.03572698164,118.02353443173236,3,1.221940428455952
1471,Procurement,Screened,50.312107268239934,378091.0357269816,378091.0357269817,118.73538486543616,0,1.221940428455952
1472,Procurement,Uniform,50.0,313611.0156402391,313611.0156402391,80.61834077121485,3,1.096444568039668
1472,Procurement,Screened,50.314636784736166,313611.0156402391,313611.0156402392,81.0958359928692,0,1.096444568039668
1473,Procurement,Uniform,50.0,334157.4968152921,334157.4968152921,41.20878589556231,6,0.6694192316480743
1473,Procurement,Screened,50.3162746831658,334157.4968152921,334157.49681529216,41.47863431513414,1,0.6694192316480743
1474,Procurement,Uniform,50.0,353530.5834145245,353530.5834145245,83.65452659486631,4,0.9410625645425832
1474,Procurement,Screened,50.33164568344997,353530.5834145245,353530.5833937139,84.15544731608934,0,0.9410625645425832
1475,Procurement,Uniform,50.0,319971.51063875697,319971.51063875697,78.7384040539916,3,1.2948844542411018
1475,Procurement,Screened,50.313406397025744,319971.51063875697,319971.510623046,79.2071019288976,0,1.2948844542411018
1476,Procurement,Uniform,50.0,423369.8250572431,423369.8250572431,48.18108347806619,7,0.5541794785542632
1476,Procurement,Screened,50.327436659474614,423369.8250572431,423369.8250356795,48.51081672011751,2,0.5541794785542632
1477,Procurement,Uniform,50.0,347257.8551555766,347257.8551555766,65.30076453812956,5,0.8710789781553024
1477,Procurement,Screened,50.31484531420978,347257.8551555766,347257.8551350789,65.69765338626074,0,0.8710789781553024
1478,Procurement,Uniform,50.0,412877.3305509407,412877.3305509407,148.34571420851128,2,1.3533187200056482
1478,Procurement,Screened,50.31782329773437,412877.3305509407,412877.330526624,149.23352128651612,0,1.3533187200056482
1479,Procurement,Uniform,50.0,327538.42769886274,327538.42769886274,58.817356525094795,4,0.7493591110749629
1479,Procurement,Screened,50.31302837310894,327538.42769886274,327538.42769016756,59.18244147099217,0,0.7493591110749629
1480,Procurement,Uniform,50.0,294178.6984236175,294178.6984236175,88.77877228892108,3,1.395746177553295
1480,Procurement,Screened,50.307432614497344,294178.6984236175,294178.6984236175,89.30385614906098,0,1.395746177553295
1481,Procurement,Uniform,50.0,325291.468106801,325291.468106801,32.88779201690225,7,0.6074951628479273
1481,Procurement,Screened,50.31415692929019,325291.468106801,325291.46808870544,33.1087084986338,2,0.6074951628479273
1482,Procurement,Uniform,50.0,414702.3193805068,414702.3193805068,97.76598286540191,4,0.9311369238802988
1482,Procurement,Screened,50.31584121475906,414702.3193805068,414702.3193561487,98.37169862939004,0,0.9311369238802988
1483,Procurement,Uniform,50.0,304846.344065022,304846.34406502196,68.54536093030971,5,0.9729120607963226
1483,Procurement,Screened,50.33524135754365,304846.344065022,304846.3440470984,68.95081676142688,0,0.9729120607963226
1484,Procurement,Uniform,50.0,428329.8128672248,428329.81286722474,57.236345901790315,7,0.6405566028241543
1484,Procurement,Screened,50.315768201254336,428329.8128672248,428329.81286722474,57.61962631711033,2,0.6405566028241543
1485,Procurement,Uniform,50.0,367426.66823433485,367426.66823433485,102.40896396446622,3,1.1476968001764882
1485,Procurement,Screened,50.322004082189544,367426.66823433485,367426.6682126666,103.02396992552323,0,1.1476968001764882
1486,Procurement,Uniform,50.0,354332.2861716042,354332.2861716042,78.1296344748634,4,0.9387210558917908
1486,Procurement,Screened,50.3165162384944,354332.2861716042,354332.28615071275,78.60867167219611,0,0.9387210558917908
1487,Procurement,Uniform,50.0,291460.3256824618,291460.3256824618,58.046548802771284,4,0.7957642170502115
1487,Procurement,Screened,50.31240991145999,291460.3256824618,291460.3256824617,58.4053057144591,0,0.7957642170502115
1488,Procurement,Uniform,50.0,378793.664309653,378793.664309653,129.41715195690503,2,1.3223601130698044
1488,Procurement,Screened,50.31268621556644,378793.664309653,378793.66430965316,130.17695569209252,0,1.3223601130698044
1489,Procurement,Uniform,50.0,339626.8937722363,339626.8937722363,79.45092708335697,3,0.9561016084692088
1489,Procurement,Screened,50.30487004620412,339626.8937722363,339626.89377223625,79.9214641741074,0,0.9561016084692088
1490,Procurement,Uniform,50.0,337737.2225201552,337737.2225201552,73.69932515013696,5,0.9357214308482772
1490,Procurement,Screened,50.31183520312853,337737.2225201552,337737.2225201553,74.15322204331184,0,0.9357214308482772
1491,Procurement,Uniform,50.0,367802.2217636558,367802.2217636558,126.04137837767925,2,1.3109700955759598
1491,Procurement,Screened,50.315078340470194,367802.2217636558,367802.221742043,126.78810129177323,0,1.3109700955759598
1492,Procurement,Uniform,50.0,339030.43332155386,339030.43332155386,113.14196253644758,2,1.37326646115865
1492,Procurement,Screened,50.30888940068344,339030.43332155386,339030.43332155386,113.8142059337767,0,1.37326646115865
1493,Procurement,Uniform,50.0,375699.8182700781,375699.81827007805,122.80022849918808,3,1.3526732867812568
1493,Procurement,Screened,50.31271675623763,375699.8182700781,375699.8182700781,123.53500313927628,0,1.3526732867812568
1494,Procurement,Uniform,50.0,328724.6112517198,328724.6112517198,59.43041294049352,5,0.7945003552804066
1494,Procurement,Screened,50.30267123803621,328724.6112517198,328724.61125171994,59.80316643511786,0,0.7945003552804066
1495,Procurement,Uniform,50.0,304550.4787996432,304550.4787996432,54.279906857971504,5,0.6929522954419007
1495,Procurement,Screened,50.326224811069366,304550.4787996432,304550.47878166515,54.612945327408845,0,0.6929522954419007
1496,Procurement,Uniform,50.0,288169.9461438134,288169.9461438134,49.433039895457775,5,0.756187864387462
1496,Procurement,Screened,50.3209685575074,288169.9461438134,288169.9461270424,49.745657298792544,0,0.756187864387462
1497,Procurement,Uniform,50.0,402015.1482523056,402015.14825230563,130.01233192068818,3,1.1591493404456474
1497,Procurement,Screened,50.33860532583148,402015.1482523056,402015.14822891814,130.79786201806948,0,1.1591493404456474
1498,Procurement,Uniform,50.0,364296.89018794807,364296.89018794807,60.934619578392955,5,0.7100949867502928
1498,Procurement,Screened,50.32406120006853,364296.89018794807,364296.89016659226,61.31651786175837,0,0.7100949867502928
1499,Procurement,Uniform,50.0,380934.7114278824,380934.71142788243,85.05307371110987,4,1.1253540694060304
1499,Procurement,Screened,50.32181905299644,380934.7114278824,380934.71140544675,85.56746580724185,0,1.1253540694060304
1500,Procurement,Uniform,50.0,408136.06368058326,408136.06368058326,132.12767211883204,3,1.1945307107653191
1500,Procurement,Screened,50.31229009999146,408136.06368058326,408136.06368058315,132.92515370992928,0,1.1945307107653191
1501,Procurement,Uniform,50.0,285759.08365148853,285759.08365148853,85.83144394334767,3,1.310489086921702
1501,Procurement,Screened,50.327292589888735,285759.08365148853,285759.08363463474,86.34379329873009,0,1.310489086921702
1502,Procurement,Uniform,50.0,284872.81540686946,284872.81540686946,67.40827444764483,3,0.9718898169263248
1502,Procurement,Screened,50.313603553332435,284872.81540686946,284872.8154068694,67.81145949762345,0,0.9718898169263248
1503,Procurement,Uniform,50.0,293091.0571684258,293091.0571684258,85.56986719965495,3,1.1296014121338869
1503,Procurement,Screened,50.31205869070575,293091.0571684258,293091.05716842593,86.07228802766898,0,1.1296014121338869
1504,Procurement,Uniform,50.0,414526.6979243413,414526.69792434125,80.1447186128027,5,0.8672056746606528
1504,Procurement,Screened,50.32102817079371,414526.6979243413,414526.69789991266,80.6590977404192,0,0.8672056746606528
1505,Procurement,Uniform,50.0,369615.1086331072,369615.10863310716,117.2269829054825,2,1.1920104004390728
1505,Procurement,Screened,50.30654721279268,369615.1086331072,369615.1086331071,117.91627658827497,0,1.1920104004390728
1506,Procurement,Uniform,50.0,384328.4004035812,384328.4004035812,107.56710485320258,3,1.1279103156174402
1506,Procurement,Screened,50.3048874992782,384328.4004035812,384328.4003819984,108.2147771869342,0,1.1279103156174402
1507,Procurement,Uniform,50.0,324779.9870929728,324779.9870929728,100.73552353650287,3,1.2117458380784836
1507,Procurement,Screened,50.31811889509294,324779.9870929728,324779.9870769073,101.32877493915093,0,1.2117458380784836
1508,Procurement,Uniform,50.0,334786.0866234638,334786.0866234638,101.63806511995148,2,1.2358348771786694
1508,Procurement,Screened,50.31358230979573,334786.0866234638,334786.0866234638,102.23141789361816,0,1.2358348771786694
1509,Procurement,Uniform,50.0,291215.31188992184,291215.31188992184,103.22647142264549,2,1.4621748398785706
1509,Procurement,Screened,50.31172168619576,291215.31188992184,291215.3118864098,103.83082001532034,0,1.4621748398785706
1510,Procurement,Uniform,50.0,421069.9095116936,421069.9095116936,131.02343284309006,3,1.3033478438872417
1510,Procurement,Screened,50.31154338667773,421069.9095116936,421069.90948717244,131.80519464490723,0,1.3033478438872417
1511,Procurement,Uniform,50.0,435247.70298970025,435247.70298970025,63.81620874572349,6,0.5865720834386511
1511,Procurement,Screened,50.30461364116314,435247.70298970025,435247.70298970013,64.23779448481885,1,0.5865720834386511
1512,Procurement,Uniform,50.0,285157.82135745167,285157.82135745167,91.54099346885613,2,1.3929794103221538
1512,Procurement,Screened,50.31735727172003,285157.82135745167,285157.8213574518,92.08179142999603,0,1.3929794103221538
1513,Procurement,Uniform,50.0,399192.5448422809,399192.5448422809,47.231162206731604,7,0.5961855192769236
1513,Procurement,Screened,50.31801322043187,399192.5448422809,399192.54481871857,47.55316813310299,2,0.5961855192769236
1514,Procurement,Uniform,50.0,404565.3763312165,404565.37633121654,136.14461145500545,2,1.2629670410124223
1514,Procurement,Screened,50.305020956611955,404565.3763312165,404565.3763312168,136.95430966944042,0,1.2629670410124223
1515,Procurement,Uniform,50.0,413774.1717723482,413774.1717723482,48.100010296647184,7,0.5383260583239307
1515,Procurement,Screened,50.318155975135795,413774.1717723482,413774.1717479224,48.42679715217436,2,0.5383260583239307
1516,Procurement,Uniform,50.0,294984.9187770999,294984.9187770999,83.72134867036318,3,1.257905920287936
1516,Procurement,Screened,50.308639448811206,294984.9187770999,294984.9187770999,84.22290016225291,0,1.257905920287936
1517,Procurement,Uniform,50.0,370297.4527701911,370297.4527701911,135.31305261613204,2,1.319004352365321
1517,Procurement,Screened,50.32370549513577,370297.4527701911,370297.4527483359,136.08752759532237,0,1.319004352365321
1518,Procurement,Uniform,50.0,343903.1487500501,343903.1487500501,51.2175321093068,6,0.6045913263939194
1518,Procurement,Screened,50.33215538011755,343903.1487500501,343903.1487299503,51.54651144622075,1,0.6045913263939194
1519,Procurement,Uniform,50.0,414184.0401013943,414184.0401013943,94.79480141492269,4,0.9328627821637968
1519,Procurement,Screened,50.30499117915195,414184.0401013943,414184.04008067795,95.3905704462552,0,0.9328627821637968
1520,Procurement,Uniform,50.0,301995.7431820705,301995.7431820705,81.66689136258485,3,1.1549850779177655
1520,Procurement,Screened,50.31147182940749,301995.7431820705,301995.743184093,82.14073273728822,0,1.1549850779177655
1521,Procurement,Uniform,50.0,410673.6276800019,410673.6276800019,67.46522927603148,5,0.6797589583432996
1521,Procurement,Screened,50.317539920738476,410673.6276800019,410673.6276557972,67.89098990390198,0,0.6797589583432996
1522,Procurement,Uniform,50.0,366248.7007381629,366248.70073816285,46.57562249840229,7,0.5872820194543917
1522,Procurement,Screened,50.31227823050533,366248.7007381629,366248.70073816297,46.88721056680244,2,0.5872820194543917
1523,Procurement,Uniform,50.0,341713.2043775455,341713.2043775455,113.48960495106519,2,1.3983149385461364
1523,Procurement,Screened,50.32023739208684,341713.2043775455,341713.204357376,114.162766515001,0,1.3983149385461364
1524,Procurement,Uniform,50.0,287084.3241581031,287084.3241581031,101.38188360745292,2,1.413095691156017
1524,Procurement,Screened,50.318300398865766,287084.3241581031,287084.3241581031,101.97404880174885,0,1.413095691156017
1525,Procurement,Uniform,50.0,424788.6228366258,424788.6228366258,67.66006093725983,6,0.587547101673501
1525,Procurement,Screened,50.33585934033414,424788.6228366258,424788.62281221955,68.09531650510611,1,0.587547101673501
1526,Procurement,Uniform,50.0,329938.9572111621,329938.9572111621,90.83886714974568,3,1.2931002501080016
1526,Procurement,Screened,50.308383281557944,329938.9572111621,329938.9572111622,91.36983438550564,0,1.2931002501080016
1527,Procurement,Uniform,50.0,338109.16800131765,338109.16800131765,65.27893399248055,4,0.7800231083164756
1527,Procurement,Screened,50.314609697072726,338109.16800131765,338109.16800131765,65.68965228910665,0,0.7800231083164756
1528,Procurement,Uniform,50.0,401500.6762666978,401500.6762666978,149.24938201267602,2,1.4458963878169917
1528,Procurement,Screened,50.31336723233433,401500.6762666978,401500.6762666978,150.13082721518168,0,1.4458963878169917
1529,Procurement,Uniform,50.0,395428.4093187082,395428.40931870823,132.90921200943475,3,1.4582904739812486
1529,Procurement,Screened,50.318562825842314,395428.4093187082,395428.40929548955,133.69754311480125,0,1.4582904739812486
1530,Procurement,Uniform,50.0,348166.7195902516,348166.71959025157,96.10703589474848,4,1.14292269699269
1530,Procurement,Screened,50.33624920508093,348166.7195902516,348166.71956986724,96.69439265290147,0,1.14292269699269
1531,Procurement,Uniform,50.0,305798.69056490064,305798.69056490064,45.47834406376992,6,0.8532461725082539
1531,Procurement,Screened,50.31533576557533,305798.69056490064,305798.690547067,45.760964186031806,1,0.8532461725082539
1532,Procurement,Uniform,50.0,328734.88466227776,328734.88466227776,79.77787891551957,5,0.9903895911174692
1532,Procurement,Screened,50.31800314755896,328734.88466227776,328734.88466227794,80.26756905650586,0,0.9903895911174692
1533,Procurement,Uniform,50.0,295685.88868003665,295685.88868003665,36.35812694646096,6,0.6015135491812162
1533,Procurement,Screened,50.30528552989526,295685.88868003665,295685.88868003665,36.59083623249324,1,0.6015135491812162
1534,Procurement,Uniform,50.0,324709.2355724616,324709.2355724616,104.47037645511662,2,1.2727153402456148
1534,Procurement,Screened,50.32034524360616,324709.2355724616,324709.23555327114,105.08830737628327,0,1.2727153402456148
1535,Procurement,Uniform,50.0,344235.13472938805,344235.13472938805,123.270247963072,2,1.4682427004219143
1535,Procurement,Screened,50.323026211434325,344235.13472938805,344235.1347091029,124.00068341435414,0,1.4682427004219143
1536,Procurement,Uniform,50.0,321581.23274197715,321581.23274197715,93.07507384592282,3,1.2905827003827182
1536,Procurement,Screened,50.31396221317374,321581.23274197715,321581.23274197715,93.62690379277056,0,1.2905827003827182
1537,Procurement,Uniform,50.0,336932.42100204114,336932.42100204114,74.26457392760412,4,1.1114232980077796
1537,Procurement,Screened,50.3149433007395,336932.42100204114,336932.4210020411,74.7215186505309,0,1.1114232980077796
1538,Procurement,Uniform,50.0,411293.66611272487,411293.66611272487,102.8313718623701,3,1.0059147672426385
1538,Procurement,Screened,50.310585890026395,411293.66611272487,411293.6660916895,103.44980518397603,0,1.0059147672426385
1539,Procurement,Uniform,50.0,374826.53175801947,374826.53175801947,125.4432501359891,3,1.1932334476321964
1539,Procurement,Screened,50.318708037703615,374826.53175801947,374826.5317360251,126.19038495868234,0,1.1932334476321964
1540,Procurement,Uniform,50.0,310134.10332184617,310134.10332184617,55.61548129773526,5,0.7247124125233386
1540,Procurement,Screened,50.305389951453925,310134.10332184617,310134.1033218462,55.942912053672515,0,0.7247124125233386
1541,Procurement,Uniform,50.0,359999.4232802575,359999.4232802575,96.96776124231648,3,1.1171312766951194
1541,Procurement,Screened,50.30868207711207,359999.4232802575,359999.4232802574,97.54818109752674,0,1.1171312766951194
1542,Procurement,Uniform,50.0,287444.9542363753,287444.9542363753,87.0325976919921,3,1.2190552186847912
1542,Procurement,Screened,50.3081918889,287444.9542363753,287444.9542363752,87.54307005043249,0,1.2190552186847912
1543,Procurement,Uniform,50.0,387825.3731231771,387825.3731231771,139.36937933734723,2,1.3939424077517293
1543,Procurement,Screened,50.31543285359344,387825.3731231771,387825.37312317704,140.1844697129075,0,1.3939424077517293
1544,Procurement,Uniform,50.0,296339.4775188579,296339.4775188579,80.60293785233812,3,1.041603179890802
1544,Procurement,Screened,50.3059469967113,296339.4775188579,296339.47751885786,81.07920198879623,0,1.041603179890802
1545,Procurement,Uniform,50.0,429145.3652014653,429145.3652014653,167.898907718581,2,1.4633741204406072
1545,Procurement,Screened,50.30538742522744,429145.3652014653,429145.36520146526,168.89533041348744,0,1.4633741204406072
1546,Procurement,Uniform,50.0,394769.4018736669,394769.4018736669,46.34508949450553,7,0.5412421968115998
1546,Procurement,Screened,50.31928499894104,394769.4018736669,394769.40185048874,46.65867942059845,2,0.5412421968115998
1547,Procurement,Uniform,50.0,332011.6856971485,332011.6856971485,46.80202082674766,6,0.6469634842066277
1547,Procurement,Screened,50.310170682609545,332011.6856971485,332011.68567791634,47.11090520479671,1,0.6469634842066277
1548,Procurement,Uniform,50.0,323588.1926831156,323588.1926831156,80.24030815361655,4,1.0654069228933156
1548,Procurement,Screened,50.31098788516973,323588.1926831156,323588.19268311566,80.71923780463096,0,1.0654069228933156
1549,Procurement,Uniform,50.0,381751.7209183626,381751.7209183626,84.11714258554352,5,0.9643753309243812
1549,Procurement,Screened,50.327679032176505,381751.7209183626,381751.7208960268,84.63773058773154,0,0.9643753309243812
1550,Procurement,Uniform,50.0,411699.9590787297,411699.95907872973,151.57818608646514,2,1.3697950727063972
1550,Procurement,Screened,50.30754767364678,411699.9590787297,411699.9590787296,152.4722189248795,0,1.3697950727063972
1551,Procurement,Uniform,50.0,284063.7446406494,284063.7446406494,69.10832821714702,3,1.0298288484931786
1551,Procurement,Screened,50.31351218127549,284063.7446406494,284063.7446406494,69.5242241323776,0,1.0298288484931786
1552,Procurement,Uniform,50.0,301608.50941380963,301608.50941380963,58.88995618541012,5,0.8283554346067618
1552,Procurement,Screened,50.315801505343266,301608.50941380963,301608.50939960463,59.25306782560887,0,0.8283554346067618
1553,Procurement,Uniform,50.0,282721.67718460865,282721.67718460865,37.94800931666528,6,0.6529417944842542
1553,Procurement,Screened,50.32190749738636,282721.67718460865,282721.6771679255,38.19524123954785,1,0.6529417944842542
1554,Procurement,Uniform,50.0,392720.950877575,392720.950877575,116.01274016602872,3,1.0735217417454308
1554,Procurement,Screened,50.31853606010317,392720.950877575,392720.9508544742,116.7082514796376,0,1.0735217417454308
1555,Procurement,Uniform,50.0,389594.81950708246,389594.81950708246,152.47257488724668,2,1.324125794255934
1555,Procurement,Screened,50.30917036954633,389594.81950708246,389594.81948608503,153.37345204985917,0,1.324125794255934
1556,Procurement,Uniform,50.0,302842.89495775884,302842.89495775884,77.95072827403524,3,1.1744887071556394
1556,Procurement,Screened,50.299985283058064,302842.89495775884,302842.89495775884,78.41182764796105,0,1.1744887071556394
1557,Procurement,Uniform,50.0,368567.21132226376,368567.21132226376,91.42917355801148,4,0.8917853669981346
1557,Procurement,Screened,50.321831860121414,368567.21132226376,368567.2113005044,91.98199772942202,0,0.8917853669981346
1558,Procurement,Uniform,50.0,323436.76465196174,323436.76465196174,58.386387144504255,5,0.7679921909418125
1558,Procurement,Screened,50.32941004859985,323436.76465196174,323436.7646337777,58.75593017582763,0,0.7679921909418125
1559,Procurement,Uniform,50.0,316242.8486103965,316242.8486103965,100.96926863418668,2,1.2830463210066974
1559,Procurement,Screened,50.31273944392439,316242.8486103965,316242.8486103965,101.55800618950634,0,1.2830463210066974
1560,Procurement,Uniform,50.0,397672.3455765585,397672.3455765585,150.86435544920832,2,1.4011104313200646
1560,Procurement,Screened,50.30374171506686,397672.3455765585,397672.3455765585,151.7645694682967,0,1.4011104313200646
1561,Procurement,Uniform,50.0,305741.02411866153,305741.02411866153,85.58285383372618,3,1.1076858932393567
1561,Procurement,Screened,50.30823282832506,305741.02411866153,305741.0241186615,86.09718280368266,0,1.1076858932393567
1562,Procurement,Uniform,50.0,353558.82082870166,353558.82082870166,31.739329654939905,7,0.5020234640565298
1562,Procurement,Screened,50.311326518978575,353558.82082870166,353558.8208287017,31.96822959447607,2,0.5020234640565298
1563,Procurement,Uniform,50.0,332829.21466108813,332829.21466108813,61.22103099667283,5,0.8485260207556969
1563,Procurement,Screened,50.311343561646666,332829.21466108813,332829.21466108813,61.601907685103875,0,0.8485260207556969
1564,Procurement,Uniform,50.0,421306.9744376991,421306.9744376991,56.67916057594908,7,0.5430408292486208
1564,Procurement,Screened,50.31222615173476,421306.9744376991,421306.9744376989,57.05219191359496,2,0.5430408292486208
1565,Procurement,Uniform,50.0,400698.8534362028,400698.8534362028,101.38659696739745,4,0.9298996379291632
1565,Procurement,Screened,50.32705261327329,400698.8534362028,400698.8534126896,102.01878283391147,0,0.9298996379291632
1566,Procurement,Uniform,50.0,370198.57100769575,370198.57100769575,105.03691877285667,2,1.1249183657016244
1566,Procurement,Screened,50.30671904855746,370198.57100769575,370198.57100783987,105.65866822880966,0,1.1249183657016244
1567,Procurement,Uniform,50.0,287133.7699166431,287133.7699166431,100.12738629329118,2,1.429210392469428
1567,Procurement,Screened,50.30806555695589,287133.7699166431,287133.76991664304,100.69226038430753,0,1.429210392469428
1568,Procurement,Uniform,50.0,319364.2570166768,319364.25701667677,47.50840555319571,5,0.649483798149509
1568,Procurement,Screened,50.308429468010225,319364.2570166768,319364.2570166768,47.806905000426106,0,0.649483798149509
1569,Procurement,Uniform,50.0,282741.79290691053,282741.79290691053,38.227653740963966,6,0.6731342958290423
1569,Procurement,Screened,50.318805117508795,282741.79290691053,282741.7928902095,38.476163544914314,1,0.6731342958290423
1570,Procurement,Uniform,50.0,431006.089427329,431006.089427329,128.91549665503928,3,1.1865477197202186
1570,Procurement,Screened,50.30899376413355,431006.089427329,431006.089427329,129.67622629496384,0,1.1865477197202186
1571,Procurement,Uniform,50.0,342053.7600633148,342053.7600633148,96.56646735725957,3,1.183528127257054
1571,Procurement,Screened,50.30824733998099,342053.7600633148,342053.7600633148,97.1476316134411,0,1.183528127257054
1572,Procurement,Uniform,50.0,363112.0919956099,363112.0919956099,60.43658683178625,5,0.8440753467098412
1572,Procurement,Screened,50.31191490656912,363112.0919956099,363112.0919956099,60.819483822287076,0,0.8440753467098412
1573,Procurement,Uniform,50.0,392414.72189763736,392414.72189763736,132.69345789784853,3,1.3027420058812245
1573,Procurement,Screened,50.320117800269486,392414.72189763736,392414.7218747536,133.4846982127061,0,1.3027420058812245
1574,Procurement,Uniform,50.0,305803.8301577242,305803.8301577242,93.37753209019077,2,1.3353898655924326
1574,Procurement,Screened,50.31727772240074,305803.8301577242,305803.83013964107,93.92836196214552,0,1.3353898655924326
1575,Procurement,Uniform,50.0,412143.10028084624,412143.10028084624,65.59189049914471,5,0.6537606042691886
1575,Procurement,Screened,50.3104011759849,412143.10028084624,412143.1002808461,66.01001151225759,0,0.6537606042691886
1576,Procurement,Uniform,50.0,406560.3496145203,406560.3496145203,142.69414498604374,2,1.3172408229494224
1576,Procurement,Screened,50.32986349535496,406560.3496145203,406560.34959063533,143.54818999233655,0,1.3172408229494224
1577,Procurement,Uniform,50.0,306792.29005375074,306792.29005375074,42.80981899407958,6,0.6562261186498621
1577,Procurement,Screened,50.323674398156896,306792.29005375074,306792.2900358951,43.0898853659829,1,0.6562261186498621
1578,Procurement,Uniform,50.0,297561.7523970478,297561.7523970478,50.4430562379709,5,0.7453697978658075
1578,Procurement,Screened,50.309631602004124,297561.7523970478,297561.7523970477,50.76104044082874,0,0.7453697978658075
1579,Procurement,Uniform,50.0,355225.3311027696,355225.33110276953,116.87858643844861,2,1.2396897867095342
1579,Procurement,Screened,50.3068155458361,355225.3311027696,355225.33110276965,117.56199377913987,0,1.2396897867095342
1580,Procurement,Uniform,50.0,409269.1779516231,409269.1779516231,57.90676992572256,6,0.725293124845654
1580,Procurement,Screened,50.320145706606056,409269.1779516231,409269.1779275982,58.28096152183007,1,0.725293124845654
1581,Procurement,Uniform,50.0,355388.986114969,355388.986114969,143.04048045726586,2,1.4497138741119708
1581,Procurement,Screened,50.31284156632175,355388.986114969,355388.9861149691,143.8766003639281,0,1.4497138741119708
1582,Procurement,Uniform,50.0,373113.62159523217,373113.62159523217,66.60986501989674,5,0.800343810162679
1582,Procurement,Screened,50.309175913550845,373113.62159523217,373113.62157329894,67.03335799734874,0,0.800343810162679
1583,Procurement,Uniform,50.0,281623.5992457906,281623.5992457906,63.14087749779699,4,0.9171338950202672
1583,Procurement,Screened,50.31030121827544,281623.5992457906,281623.5992457906,63.527626882718806,0,0.9171338950202672
1584,Procurement,Uniform,50.0,348063.773849258,348063.77384925797,75.44604934136612,4,0.9513861784178352
1584,Procurement,Screened,50.305607893574894,348063.773849258,348063.77384925785,75.90962091994393,0,0.9513861784178352
1585,Procurement,Uniform,50.0,409461.3452038367,409461.3452038367,54.013249451620624,6,0.5730654738781604
1585,Procurement,Screened,50.314452549673064,409461.3452038367,409461.3451802961,54.369566496186955,1,0.5730654738781604
1586,Procurement,Uniform,50.0,346421.49526024,346421.49526024,85.0680708009932,4,0.990198299602316
1586,Procurement,Screened,50.306971972356145,346421.49526024,346421.4952602398,85.58466099810343,0,0.990198299602316
1587,Procurement,Uniform,50.0,430725.0608339694,430725.0608339694,126.23483590816015,3,1.24574569011309
1587,Procurement,Screened,50.32834281907705,430725.0608339694,430725.06080861855,126.99825582456961,0,1.24574569011309
1588,Procurement,Uniform,50.0,370414.9533516652,370414.95335166523,141.60836880510388,2,1.4563381177735135
1588,Procurement,Screened,50.30767139036085,370414.9533516652,370414.95335224544,142.4424861722313,0,1.4563381177735135
1589,Procurement,Uniform,50.0,285273.05558087095,285273.05558087095,82.41719981538051,3,1.166753873288597
1589,Procurement,Screened,50.30701145611965,285273.05558087095,285273.0555808709,82.90742755909777,0,1.166753873288597
1590,Procurement,Uniform,50.0,358759.61461922,358759.61461922,83.64605955564183,4,0.863724983272128
1590,Procurement,Screened,50.305475442614735,358759.61461922,358759.6146192199,84.15187574918039,0,0.863724983272128
1591,Procurement,Uniform,50.0,392436.0771499146,392436.0771499146,77.9134926512363,4,0.7716755444463947
1591,Procurement,Screened,50.311107772853894,392436.0771499146,392436.0771267165,78.38764441361995,0,0.7716755444463947
1592,Procurement,Uniform,50.0,320901.525778766,320901.525778766,87.88147225385232,3,1.270219273268312
1592,Procurement,Screened,50.322460876513226,320901.525778766,320901.5257599636,88.40650820943983,0,1.270219273268312
1593,Procurement,Uniform,50.0,323134.2068717905,323134.2068717905,74.03322324583075,4,0.9892063609382072
1593,Procurement,Screened,50.31104873641623,323134.2068717905,323134.20687201084,74.46910527671069,0,0.9892063609382072
1594,Procurement,Uniform,50.0,294980.2184241532,294980.21842415316,48.830583757383025,5,0.6920373729149119
1594,Procurement,Screened,50.32367341293961,294980.2184241532,294980.21840673964,49.14010928389562,0,0.6920373729149119
1595,Procurement,Uniform,50.0,367493.3686480305,367493.36864803045,106.73914596155446,3,1.2519290449250555
1595,Procurement,Screened,50.31334879352239,367493.3686480305,367493.3686266613,107.3667668229624,0,1.2519290449250555
1596,Procurement,Uniform,50.0,334691.7717195637,334691.77171956375,48.490130522268544,5,0.595580738841677
1596,Procurement,Screened,50.3022570580061,334691.7717195637,334691.77171956375,48.80492833320415,0,0.595580738841677
1597,Procurement,Uniform,50.0,295097.80801162106,295097.80801162106,80.34841087556268,3,1.0741331118007509
1597,Procurement,Screened,50.33055947648693,295097.80801162106,295097.80799425166,80.81965247454504,0,1.0741331118007509
1598,Procurement,Uniform,50.0,288981.60357422766,288981.60357422766,75.14061315162975,4,1.011056016271204
1598,Procurement,Screened,50.31008572699625,288981.60357422766,288981.6035742276,75.5898590307409,0,1.011056016271204
1599,Procurement,Uniform,50.0,292691.230698193,292691.230698193,54.00628820554978,5,0.8875009273910418
1599,Procurement,Screened,50.3230354211056,292691.230698193,292691.23069463554,54.33933603793736,0,0.8875009273910418
1600,Procurement,Uniform,50.0,304555.7664461399,304555.7664461399,75.78638196017518,3,1.2524723667125437
1600,Procurement,Screened,50.30671660659396,304555.7664461399,304555.7664461399,76.2338596779257,0,1.2524723667125437
1601,Procurement,Uniform,50.0,293443.92761788657,293443.92761788657,61.57583572771975,4,0.9586272685217764
1601,Procurement,Screened,50.307526637544214,293443.92761788657,293443.92761788657,61.95029244589565,0,0.9586272685217764
1602,Procurement,Uniform,50.0,278764.3518128323,278764.3518128323,30.938491992648284,7,0.5833989649762439
1602,Procurement,Screened,50.3164888664446,278764.3518128323,278764.3517968172,31.146613471803033,2,0.5833989649762439
1603,Procurement,Uniform,50.0,350586.1149296667,350586.1149296667,104.16891116428144,3,1.1119307006282146
1603,Procurement,Screened,50.318309663154395,350586.1149296667,350586.11490906304,104.78998722678617,0,1.1119307006282146
1604,Procurement,Uniform,50.0,414736.4311773512,414736.43117735116,127.71695049200099,3,1.2335310897132137
1604,Procurement,Screened,50.322410495493216,414736.4311773512,414736.43115290086,128.47877375863715,0,1.2335310897132137
1605,Procurement,Uniform,50.0,336490.40748943936,336490.40748943936,75.88687650497991,4,0.9925785630171716
1605,Procurement,Screened,50.321026269440075,336490.40748943936,336490.40746957954,76.34910812096605,0,0.9925785630171716
1606,Procurement,Uniform,50.0,280317.7831574483,280317.7831574483,78.83049170854508,4,1.186277478563543
1606,Procurement,Screened,50.33225586646323,280317.7831574483,280317.7831410294,79.29826329112102,0,1.186277478563543
1607,Procurement,Uniform,50.0,380184.7477987168,380184.7477987168,50.17802706225343,6,0.5896827000714897
1607,Procurement,Screened,50.311636983110816,380184.7477987168,380184.7477987168,50.50717043470478,1,0.5896827000714897
1608,Procurement,Uniform,50.0,330955.9547042025,330955.9547042025,75.97762649164282,4,0.930422546319246
1608,Procurement,Screened,50.31110329475134,330955.9547042025,330955.9547042026,76.44603721258201,0,0.930422546319246
1609,Procurement,Uniform,50.0,399227.5140742889,399227.5140742889,50.440225155404164,7,0.5072125677093307
1609,Procurement,Screened,50.322660718737936,399227.5140742889,399227.5140507724,50.78757054614871,2,0.5072125677093307
1610,Procurement,Uniform,50.0,356378.6897319709,356378.6897319709,74.06835695215659,4,0.7831482298095365
1610,Procurement,Screened,50.30560646623823,356378.6897319709,356378.689731971,74.52884089920971,0,0.7831482298095365
1611,Procurement,Uniform,50.0,363743.984363798,363743.984363798,66.69644431297847,5,0.7586000210060209
1611,Procurement,Screened,50.318346922493205,363743.984363798,363743.98434228986,67.11806388031798,0,0.7586000210060209
1612,Procurement,Uniform,50.0,304994.6131080874,304994.6131080874,60.09160793240228,4,0.8799605548107209
1612,Procurement,Screened,50.30761373880226,304994.6131080874,304994.61310808733,60.46143134167255,0,0.8799605548107209
1613,Procurement,Uniform,50.0,325800.70812235645,325800.70812235645,77.78199451127104,4,1.0519701006983622
1613,Procurement,Screened,50.318535214268294,325800.70812235645,325800.7081034014,78.24992168514096,0,1.0519701006983622
1614,Procurement,Uniform,50.0,385249.1803602951,385249.18036029505,73.77685290120151,5,0.9530529661808808
1614,Procurement,Screened,50.30907682893904,385249.1803602951,385249.180360295,74.24296165167608,0,0.9530529661808808
1615,Procurement,Uniform,50.0,292230.30476369563,292230.30476369563,34.136032638643485,7,0.5716412351429037
1615,Procurement,Screened,50.31403919524256,292230.30476369563,292230.3047465865,34.361857348700234,2,0.5716412351429037
1616,Procurement,Uniform,50.0,385561.661129828,385561.66112982796,120.96131221504113,3,1.207368088646097
1616,Procurement,Screened,50.32517267919558,385561.661129828,385561.6611071428,121.67288704736157,0,1.207368088646097
1617,Procurement,Uniform,50.0,319494.8289815979,319494.8289815979,79.36538577458454,4,0.9752098229779772
1617,Procurement,Screened,50.31542691724938,319494.8289815979,319494.82898159797,79.84779779003313,0,0.9752098229779772
1618,Procurement,Uniform,50.0,329686.0289221451,329686.0289221451,107.35432895215595,2,1.409214623119985
1618,Procurement,Screened,50.32170331869193,329686.0289221451,329686.0289072534,107.98810763752927,0,1.409214623119985
1619,Procurement,Uniform,50.0,274636.7530092412,274636.7530092412,61.98990763558094,4,1.0988403121564216
1619,Procurement,Screened,50.32046001786397,274636.7530092412,274636.7529931458,62.36329045641444,0,1.0988403121564216
1620,Procurement,Uniform,50.0,374426.22611342976,374426.22611342976,85.93488125461715,4,0.911964567657409
1620,Procurement,Screened,50.31824147543088,374426.22611342976,374426.22611342964,86.46907377913833,0,0.911964567657409
1621,Procurement,Uniform,50.0,287797.2185170295,287797.2185170295,87.34374116670492,2,1.2269422014997942
1621,Procurement,Screened,50.313779036860694,287797.2185170295,287797.21851702954,87.85143288362075,0,1.2269422014997942
1622,Procurement,Uniform,50.0,416235.4968096257,416235.49680962565,44.41371504771101,7,0.5396880189933783
1622,Procurement,Screened,50.30598385387371,416235.4968096257,416235.49680962577,44.71258810350593,2,0.5396880189933783
1623,Procurement,Uniform,50.0,361453.8196686733,361453.8196686733,82.07639613301018,4,0.9433679254306466
1623,Procurement,Screened,50.317372610652335,361453.8196686733,361453.8196473198,82.58746331510343,0,0.9433679254306466
1624,Procurement,Uniform,50.0,336201.35578327824,336201.35578327824,65.91766634183689,4,0.8456899318838177
1624,Procurement,Screened,50.30571968576441,336201.35578327824,336201.3557832782,66.31081988136106,0,0.8456899318838177
1625,Procurement,Uniform,50.0,380455.3777845129,380455.3777845129,84.77393311343704,4,0.807712245787757
1625,Procurement,Screened,50.305292599112214,380455.3777845129,380455.3777845128,85.2936297622388,0,0.807712245787757
1626,Procurement,Uniform,50.0,304447.7418521829,304447.7418521829,65.2599519725194,4,1.0823729917130671
1626,Procurement,Screened,50.31387803629036,304447.7418521829,304447.7418521829,65.65759852551633,0,1.0823729917130671
1627,Procurement,Uniform,50.0,295121.7545359838,295121.7545359838,89.85673495803721,2,1.3507104036156805
1627,Procurement,Screened,50.31465909611891,295121.7545359838,295121.7545185791,90.38999437689723,0,1.3507104036156805
1628,Procurement,Uniform,50.0,294949.10781566927,294949.10781566927,69.40897528374803,3,1.1389816891534157
1628,Procurement,Screened,50.307956899080125,294949.10781566927,294949.10781566927,69.81982960937444,0,1.1389816891534157
1629,Procurement,Uniform,50.0,393629.834798336,393629.83479833597,96.93421968898978,4,0.9449181110171238
1629,Procurement,Screened,50.33716015661733,393629.834798336,393629.83477539057,97.51829778045473,0,0.9449181110171238
1630,Procurement,Uniform,50.0,391113.3143255967,391113.3143255967,142.20289681420584,3,1.3630996275867884
1630,Procurement,Screened,50.33454424836566,391113.3143255967,391113.31430281233,143.05641030166623,0,1.3630996275867884
1631,Procurement,Uniform,50.0,423946.7694109133,423946.7694109133,131.61918349641803,3,1.2705750827539664
1631,Procurement,Screened,50.311322837561725,423946.7694109133,423946.7694109132,132.4078873878717,0,1.2705750827539664
1632,Procurement,Uniform,50.0,387629.5228548689,387629.52285486885,118.53868862261173,3,1.3503250648597516
1632,Procurement,Screened,50.31195167576699,387629.5228548689,387629.52283198806,119.24120191912952,0,1.3503250648597516
1633,Procurement,Uniform,50.0,294039.59752275725,294039.59752275725,48.337445501968816,5,0.7979816341972086
1633,Procurement,Screened,50.31301890651522,294039.59752275725,294039.5975227572,48.635377166247004,0,0.7979816341972086
1634,Procurement,Uniform,50.0,435672.196925029,435672.196925029,72.70746317762173,5,0.7784497832114028
1634,Procurement,Screened,50.312271710267254,435672.196925029,435672.1968992806,73.1652650888503,0,0.7784497832114028
1635,Procurement,Uniform,50.0,302487.97127761855,302487.97127761855,31.94962238732886,7,0.5052764812367888
1635,Procurement,Screened,50.31036733348109,302487.97127761855,302487.97127795895,32.164438350870114,2,0.5052764812367888
1636,Procurement,Uniform,50.0,292687.55237413186,292687.55237413186,74.770236772407,3,1.003053157601957
1636,Procurement,Screened,50.311516668971386,292687.55237413186,292687.552374132,75.21567683685886,0,1.003053157601957
1637,Procurement,Uniform,50.0,312632.6891334818,312632.6891334818,54.93855090968789,5,0.8389632105757399
1637,Procurement,Screened,50.32769634933606,312632.6891334818,312632.68911507,55.270602399243316,0,0.8389632105757399
1638,Procurement,Uniform,50.0,352472.25033955195,352472.25033955195,86.51029572729557,4,0.9610265331825946
1638,Procurement,Screened,50.30997944891454,352472.25033955195,352472.25033955206,87.04183740783152,0,0.9610265331825946
1639,Procurement,Uniform,50.0,308822.470108188,308822.470108188,102.07210204851819,2,1.47295404838272
1639,Procurement,Screened,50.31550158566771,308822.470108188,308822.47010954533,102.67391772310367,0,1.47295404838272
1640,Procurement,Uniform,50.0,283358.5713637543,283358.5713637543,63.45221147737167,4,1.2088393380691826
1640,Procurement,Screened,50.315466122986294,283358.5713637543,283358.5713638662,63.836496663834495,0,1.2088393380691826
1641,Procurement,Uniform,50.0,325307.83434444875,325307.83434444875,52.41276306168934,5,0.6521827671252046
1641,Procurement,Screened,50.30669570504869,325307.83434444875,325307.8343444489,52.75103205281234,0,0.6521827671252046
1642,Procurement,Uniform,50.0,283496.6864454397,283496.6864454397,40.17205098077085,5,0.7537398171081402
1642,Procurement,Screened,50.30486882610342,283496.6864454397,283496.68644543976,40.42940356999602,0,0.7537398171081402
1643,Procurement,Uniform,50.0,434733.2356138272,434733.2356138272,100.16219760944821,4,0.8976882224118204
1643,Procurement,Screened,50.30614194966837,434733.2356138272,434733.235613827,100.78116781606806,0,0.8976882224118204
1644,Procurement,Uniform,50.0,291615.74881005846,291615.74881005846,115.77595348606191,2,1.4385898248826297
1644,Procurement,Screened,50.31270975047646,291615.74881005846,291615.7488100586,116.4542225935697,0,1.4385898248826297
1645,Procurement,Uniform,50.0,418840.61356147134,418840.61356147134,61.4146887402519,7,0.557894435614954
1645,Procurement,Screened,50.33445648244461,418840.61356147134,418840.6135369588,61.813366563050934,2,0.557894435614954
1646,Procurement,Uniform,50.0,316238.7415733535,316238.7415733535,97.51796396310148,4,1.18415491906911
1646,Procurement,Screened,50.31594782395047,316238.7415733535,316238.74157335336,98.09817857748695,0,1.18415491906911
1647,Procurement,Uniform,50.0,321426.4292917133,321426.4292917133,54.97122372930542,4,0.6525122387813912
1647,Procurement,Screened,50.31418891057894,321426.4292917133,321426.4292726845,55.30319574070795,0,0.6525122387813912
1648,Procurement,Uniform,50.0,307596.8384139737,307596.8384139737,107.39822059550812,2,1.377166991410973
1648,Procurement,Screened,50.32734577652121,307596.8384139737,307596.8383958563,108.0257713498299,0,1.377166991410973
1649,Procurement,Uniform,50.0,326083.9753191746,326083.9753191746,58.09204711959142,5,0.7902891322743659
1649,Procurement,Screened,50.313984786393675,326083.9753191746,326083.97531917464,58.45224022405641,0,0.7902891322743659
1650,Procurement,Uniform,50.0,403570.8521191968,403570.8521191968,150.6376904246855,2,1.4398921566291447
1650,Procurement,Screened,50.32421982046998,403570.8521191968,403570.85211338795,151.53310233788184,0,1.4398921566291447
1651,Procurement,Uniform,50.0,283387.2697463841,283387.2697463841,74.7105965500923,4,1.1315340416915012
1651,Procurement,Screened,50.32837723135493,283387.2697463841,283387.2697301754,75.15128219353807,0,1.1315340416915012
1652,Procurement,Uniform,50.0,339606.7473746103,339606.7473746103,94.9896397235244,3,1.1807188109918076
1652,Procurement,Screened,50.31408836180852,339606.7473746103,339606.74737461034,95.54998556994849,0,1.1807188109918076
1653,Procurement,Uniform,50.0,313141.70827441826,313141.70827441826,116.38811794426364,2,1.3902429393705942
1653,Procurement,Screened,50.30893858729548,313141.70827441826,313141.7082570059,117.06592252268841,0,1.3902429393705942
1654,Procurement,Uniform,50.0,360403.4887189325,360403.48871893244,83.7270792256633,4,1.0200587092642128
1654,Procurement,Screened,50.312451789969295,360403.4887189325,360403.48871893226,84.22027484251687,0,1.0200587092642128
1655,Procurement,Uniform,50.0,433458.25214371295,433458.25214371295,137.11164195286773,3,1.2032743935141927
1655,Procurement,Screened,50.31967631911783,433458.25214371295,433458.2521181963,137.93937531936461,0,1.2032743935141927
1656,Procurement,Uniform,50.0,294347.01391095325,294347.01391095325,101.20689200919837,2,1.3604574204433564
1656,Procurement,Screened,50.3191300983356,294347.01391095325,294347.0138935382,101.779582546723,0,1.3604574204433564
1657,Procurement,Uniform,50.0,379890.3414657989,379890.34146579885,102.14507802624036,4,1.139965009409894
1657,Procurement,Screened,50.32305601692547,379890.3414657989,379890.3414439303,102.76548981438208,0,1.139965009409894
1658,Procurement,Uniform,50.0,291717.1441083118,291717.1441083118,83.7665220668518,3,1.4819972737553355
1658,Procurement,Screened,50.317638529894815,291717.1441083118,291717.14410831186,84.25090820703755,0,1.4819972737553355
1659,Procurement,Uniform,50.0,399260.8346871666,399260.8346871666,125.25639214271604,2,1.2430225862083908
1659,Procurement,Screened,50.31233110377845,399260.8346871666,399260.83466365986,125.99636979355117,0,1.2430225862083908
1660,Procurement,Uniform,50.0,327970.553562748,327970.553562748,123.95339177074902,2,1.4072542234954208
1660,Procurement,Screened,50.31628926342952,327970.553562748,327970.55356274813,124.67836182181303,0,1.4072542234954208
1661,Procurement,Uniform,50.0,352176.68243644683,352176.68243644683,93.19686335584699,3,1.0923167631508792
1661,Procurement,Screened,50.31560049013029,352176.68243644683,352176.68241573253,93.75710557668476,0,1.0923167631508792
1662,Procurement,Uniform,50.0,293208.8792611064,293208.87926110637,71.67577598255193,4,0.9828360183727648
1662,Procurement,Screened,50.33225404427718,293208.8792611064,293208.87924394594,72.10486440884772,0,0.9828360183727648
1663,Procurement,Uniform,50.0,285866.9707441426,285866.9707441426,64.86776952213927,4,0.9996713570052022
1663,Procurement,Screened,50.309934147971525,285866.9707441426,285866.9707441427,65.26819444750693,0,0.9996713570052022
1664,Procurement,Uniform,50.0,405338.1105316167,405338.1105316167,80.51185338743676,5,0.7898073514518615
1664,Procurement,Screened,50.305441816974714,405338.1105316167,405338.1105316167,81.01513852814561,0,0.7898073514518615
1665,Procurement,Uniform,50.0,417105.9144882644,417105.91448826436,113.48206763272054,3,1.136070050791654
1665,Procurement,Screened,50.32496061522066,417105.9144882644,417105.91446365096,114.16823396468216,0,1.136070050791654
1666,Procurement,Uniform,50.0,336926.9204566889,336926.9204566889,59.31053203723646,5,0.6936620061833885
1666,Procurement,Screened,50.31520153493941,336926.9204566889,336926.92045668885,59.68970426192747,0,0.6936620061833885
1667,Procurement,Uniform,50.0,307866.49827748165,307866.49827748165,57.67848914591465,4,0.7788683148554767
1667,Procurement,Screened,50.30232798388969,307866.49827748165,307866.49827748176,58.03290411708321,0,0.7788683148554767
1668,Procurement,Uniform,50.0,329620.2658994586,329620.2658994586,89.1342631876722,3,1.307043831150979
1668,Procurement,Screened,50.33053482022731,329620.2658994586,329620.26588008885,89.66583753879048,0,1.307043831150979
1669,Procurement,Uniform,50.0,428072.7149296582,428072.7149296582,60.96408509016713,5,0.6723687162338758
1669,Procurement,Screened,50.31683213985057,428072.7149296582,428072.71490435937,61.34492342579604,0,0.6723687162338758
1670,Procurement,Uniform,50.0,339384.4438399477,339384.4438399477,83.06871020934327,3,1.0910340228693487
1670,Procurement,Screened,50.30558810785466,339384.4438399477,339384.4438399477,83.5714317456056,0,1.0910340228693487
1671,Procurement,Uniform,50.0,315289.83081875625,315289.83081875625,110.48188508411576,2,1.4411224620237602
1671,Procurement,Screened,50.31040214587379,315289.83081875625,315289.83081875625,111.13727987503752,0,1.4411224620237602
1672,Procurement,Uniform,50.0,311229.22290000226,311229.22290000226,113.3624895646068,2,1.354722979660761
1672,Procurement,Screened,50.31786512467576,311229.22290000226,311229.22288161184,114.02192922316348,0,1.354722979660761
1673,Procurement,Uniform,50.0,280685.5052844849,280685.5052844849,56.33293127563988,4,0.8340756453130346
1673,Procurement,Screened,50.309129932200996,280685.5052844849,280685.50528448477,56.68220138150191,0,0.8340756453130346
1674,Procurement,Uniform,50.0,325420.7472224737,325420.7472224737,65.34920104254925,4,0.8230021417868953
1674,Procurement,Screened,50.303961347884915,325420.7472224737,325420.74722247384,65.74990178132198,0,0.8230021417868953
1675,Procurement,Uniform,50.0,299164.8005808663,299164.8005808663,87.4490401488766,3,1.1939460557104364
1675,Procurement,Screened,50.31938172939414,299164.8005808663,299164.80056317354,87.93327573933695,0,1.1939460557104364
1676,Procurement,Uniform,50.0,297138.02017272665,297138.02017272665,106.82400914441932,2,1.484312768468837
1676,Procurement,Screened,50.3037444265966,297138.02017272665,297138.0201727265,107.44969445930192,0,1.484312768468837
1677,Procurement,Uniform,50.0,411093.0136127129,411093.01361271285,106.03588793113812,3,0.9972879187295468
1677,Procurement,Screened,50.321446792750976,411093.0136127129,411093.013588456,106.68468654945323,0,0.9972879187295468
1678,Procurement,Uniform,50.0,304027.0071025599,304027.0071025599,56.228262526654326,5,0.7039373051251654
1678,Procurement,Screened,50.30887142535479,304027.0071025599,304027.0071025599,56.57523298498833,0,0.7039373051251654
1679,Procurement,Uniform,50.0,427442.7854477101,427442.7854477101,153.6096906563766,3,1.4254401709099067
1679,Procurement,Screened,50.31192404497108,427442.7854477101,427442.7854477101,154.5259489602424,0,1.4254401709099067
1680,Procurement,Uniform,50.0,364070.91626530106,364070.91626530106,129.68119671846657,2,1.2259194900737698
1680,Procurement,Screened,50.315210795066555,364070.91626530106,364070.9162549223,130.43773829726348,0,1.2259194900737698
1681,Procurement,Uniform,50.0,275227.2230154856,275227.2230154856,48.18003279802892,5,0.7620963517197064
1681,Procurement,Screened,50.31749490860504,275227.2230154856,275227.2229993485,48.47896830749365,0,0.7620963517197064
1682,Procurement,Uniform,50.0,342938.80227240565,342938.80227240565,46.98562957666792,7,0.6051116024653506
1682,Procurement,Screened,50.31848421477267,342938.80227240565,342938.8022522655,47.294246526675394,2,0.6051116024653506
1683,Procurement,Uniform,50.0,283596.28992157005,283596.28992157005,58.76431676770968,4,0.9954922999871952
1683,Procurement,Screened,50.324293007119465,283596.28992157005,283596.2899048822,59.12446133687328,0,0.9954922999871952
1684,Procurement,Uniform,50.0,306495.68828509795,306495.68828509795,111.9675586241663,2,1.4553526453037684
1684,Procurement,Screened,50.324236763276886,306495.68828509795,306495.68826857687,112.61099252050414,0,1.4553526453037684
1685,Procurement,Uniform,50.0,396271.62686067127,396271.62686067127,124.32332556087026,3,1.3243293841457504
1685,Procurement,Screened,50.320346075524746,396271.62686067127,396271.62683725136,125.07571790968703,0,1.3243293841457504
1686,Procurement,Uniform,50.0,336052.9443122441,336052.9443122441,38.643235992914505,7,0.5500687528948224
1686,Procurement,Screened,50.30817448616603,336052.9443122441,336052.94431224396,38.90129993524606,2,0.5500687528948224
1687,Procurement,Uniform,50.0,352098.7805358847,352098.7805358847,73.35796647602065,5,0.8884712033796138
1687,Procurement,Screened,50.33208619871933,352098.7805358847,352098.78051532,73.81041908865252,0,0.8884712033796138
1688,Procurement,Uniform,50.0,399570.37324830383,399570.37324830383,119.57446749931884,3,1.1752004456203695
1688,Procurement,Screened,50.308654286740854,399570.37324830383,399570.3732483038,120.28998927172977,0,1.1752004456203695
1689,Procurement,Uniform,50.0,412562.15511947294,412562.15511947294,123.3808156289679,3,1.1474424576627715
1689,Procurement,Screened,50.31944004939054,412562.15511947294,412562.15509510535,124.12275176324528,0,1.1474424576627715
1690,Procurement,Uniform,50.0,388497.8517709733,388497.85177097324,115.28230135919289,3,1.285445559380058
1690,Procurement,Screened,50.32539517909535,388497.8517709733,388497.85175978777,115.97700781467412,0,1.285445559380058
1691,Procurement,Uniform,50.0,372684.6676805502,372684.6676805502,117.11167835101085,3,1.3236386603782506
1691,Procurement,Screened,50.31076890527825,372684.6676805502,372684.6676586832,117.8098639061058,0,1.3236386603782506
1692,Procurement,Uniform,50.0,402998.2102209101,402998.21022091014,76.06710699702428,5,0.7433796191942894
1692,Procurement,Screened,50.32955772597679,402998.2102209101,402998.2101972289,76.55526642080996,0,0.7433796191942894
1693,Procurement,Uniform,50.0,428538.34629312274,428538.34629312274,110.88727180131275,4,1.1914342527455228
1693,Procurement,Screened,50.31190398153853,428538.34629312274,428538.3462678021,111.56331416931867,0,1.1914342527455228
1694,Procurement,Uniform,50.0,321178.67454159114,321178.67454159114,56.407631772308854,5,0.7631952576497977
1694,Procurement,Screened,50.30851894744007,321178.67454159114,321178.6745415912,56.76139964694507,0,0.7631952576497977
1695,Procurement,Uniform,50.0,355117.4082226966,355117.4082226966,46.4260789262585,5,0.5617476844708879
1695,Procurement,Screened,50.30742524423519,355117.4082226966,355117.4082226965,46.73125814248003,0,0.5617476844708879
1696,Procurement,Uniform,50.0,302523.34737411654,302523.34737411654,52.3417275681094,5,0.8679058351197171
1696,Procurement,Screened,50.31845567551022,302523.34737411654,302523.34735633933,52.661537773667405,0,0.8679058351197171
1697,Procurement,Uniform,50.0,339903.68292803864,339903.68292803864,75.8240287395706,4,1.075055216707155
1697,Procurement,Screened,50.30810320590764,339903.68292803864,339903.68292803864,76.28588158181381,0,1.075055216707155
1698,Procurement,Uniform,50.0,306438.6609282344,306438.6609282344,58.38881637718011,4,0.955890413241672
1698,Procurement,Screened,50.314605180810815,306438.6609282344,306438.6609282344,58.74926107117647,0,0.955890413241672
1699,Procurement,Uniform,50.0,291241.18077440694,291241.18077440694,60.98346670099121,4,1.1533582761365655
1699,Procurement,Screened,50.31185318657267,291241.18077440694,291241.1807572567,61.35607267171529,0,1.1533582761365655
1700,Procurement,Uniform,50.0,302806.54517015803,302806.54517015803,43.36567596395216,5,0.6695740858932924
1700,Procurement,Screened,50.30944377003131,302806.54517015803,302806.54515804304,43.63331262593668,0,0.6695740858932924
1701,Procurement,Uniform,50.0,355949.41629589035,355949.41629589035,113.1875586094329,3,1.173094037442581
1701,Procurement,Screened,50.314393780117726,355949.41629589035,355949.41629589046,113.85909147002447,0,1.173094037442581
1702,Procurement,Uniform,50.0,387137.0763115762,387137.0763115762,136.31870535096294,2,1.389863426562992
1702,Procurement,Screened,50.34208466132415,387137.0763115762,387137.076290441,137.12454788764146,0,1.389863426562992
1703,Procurement,Uniform,50.0,344255.7016563467,344255.7016563467,36.12719891614646,7,0.5317006244403614
1703,Procurement,Screened,50.321523916295256,344255.7016563467,344255.70165634656,36.36805367972107,2,0.5317006244403614
1704,Procurement,Uniform,50.0,377881.2156971836,377881.21569718356,100.31952127253449,3,1.2416822203830358
1704,Procurement,Screened,50.319818238004444,377881.2156971836,377881.21567835304,100.91262347608271,0,1.2416822203830358
1705,Procurement,Uniform,50.0,332419.831511308,332419.831511308,78.07686820701878,3,0.9535814261079164
1705,Procurement,Screened,50.30487180679795,332419.831511308,332419.8315113078,78.55416954756082,0,0.9535814261079164
1706,Procurement,Uniform,50.0,327878.83885828493,327878.83885828493,85.68078551918673,3,1.422754268422421
1706,Procurement,Screened,50.328216711075605,327878.83885828493,327878.8388409184,86.19874290637347,0,1.422754268422421
1707,Procurement,Uniform,50.0,285615.05673043954,285615.05673043954,77.19060251200509,3,1.044212906489109
1707,Procurement,Screened,50.30658312220001,285615.05673043954,285615.0567304397,77.65477030873858,0,1.044212906489109
1708,Procurement,Uniform,50.0,319484.73397775355,319484.73397775355,40.397808451337426,7,0.6203813699921711
1708,Procurement,Screened,50.328138487867186,319484.73397775355,319484.7339589698,40.66956793869531,2,0.6203813699921711
1709,Procurement,Uniform,50.0,329864.9481389348,329864.9481389348,131.37298832345869,2,1.485408761983311
1709,Procurement,Screened,50.32450528315863,329864.9481389348,329864.9481194498,132.14347305472737,0,1.485408761983311
1710,Procurement,Uniform,50.0,297510.3381155637,297510.3381155637,78.39352551979772,3,1.005004115014732
1710,Procurement,Screened,50.31527253027451,297510.3381155637,297510.33811556373,78.8652249430624,0,1.005004115014732
1711,Procurement,Uniform,50.0,379719.0940980876,379719.09409808763,71.12355709440051,4,0.8489233851801473
1711,Procurement,Screened,50.307808611873185,379719.0940980876,379719.09409808763,71.57042703064505,0,0.8489233851801473
1712,Procurement,Uniform,50.0,315736.52596506366,315736.52596506366,106.18532255493155,2,1.4118369712460963
1712,Procurement,Screened,50.315779377830914,315736.52596506366,315736.52594642254,106.81310385938775,0,1.4118369712460963
1713,Procurement,Uniform,50.0,307189.10028840066,307189.10028840066,50.978364118357604,5,0.7793248804560865
1713,Procurement,Screened,50.31766550812231,307189.10028840066,307189.1002713888,51.29791886140723,0,0.7793248804560865
1714,Procurement,Uniform,50.0,305290.66131432133,305290.66131432133,90.79207036720513,2,1.1799310849359848
1714,Procurement,Screened,50.30758013603074,305290.66131432133,305290.6613144205,91.32694250036323,0,1.1799310849359848
1715,Procurement,Uniform,50.0,339141.772701395,339141.772701395,66.74803849677564,5,0.7864278910662785
1715,Procurement,Screened,50.33234669253112,339141.772701395,339141.7726814577,67.1565690247449,0,0.7864278910662785
1716,Procurement,Uniform,50.0,427982.5927153338,427982.5927153338,91.53706995562987,4,0.915998869432472
1716,Procurement,Screened,50.30607250370264,427982.5927153338,427982.59271533403,92.10872306403472,0,0.915998869432472
1717,Procurement,Uniform,50.0,298353.01265672053,298353.01265672053,91.19945432831288,2,1.4569292514113306
1717,Procurement,Screened,50.3204392132106,298353.01265672053,298353.0126390823,91.73650400648094,0,1.4569292514113306
1718,Procurement,Uniform,50.0,378283.3768912094,378283.3768912094,64.44800098967227,5,0.7359119484280648
1718,Procurement,Screened,50.309385522166366,378283.3768912094,378283.3768912093,64.85459409568769,0,0.7359119484280648
1719,Procurement,Uniform,50.0,350180.39722150186,350180.39722150186,39.74189358916952,7,0.5525847753220958
1719,Procurement,Screened,50.31029797153852,350180.39722150186,350180.3972215019,40.00413546058619,2,0.5525847753220958
1720,Procurement,Uniform,50.0,413575.1523931972,413575.1523931972,160.00718619344522,2,1.3475170820609794
1720,Procurement,Screened,50.31185255612006,413575.1523931972,413575.15236886276,160.94513272919622,0,1.3475170820609794
1721,Procurement,Uniform,50.0,294800.6079252725,294800.6079252725,46.582192149416414,5,0.6821546403645331
1721,Procurement,Screened,50.31662256429964,294800.6079252725,294800.60792544147,46.87983037626276,0,0.6821546403645331
1722,Procurement,Uniform,50.0,283999.6478252225,283999.6478252225,85.83194272598291,3,1.3468525392974868
1722,Procurement,Screened,50.30680661790227,283999.6478252225,283999.64782522246,86.32874688189065,0,1.3468525392974868
1723,Procurement,Uniform,50.0,338400.23137034604,338400.23137034604,107.96410216696324,3,1.2664004501996635
1723,Procurement,Screened,50.32716340604045,338400.23137034604,338400.23135047377,108.60601158824134,0,1.2664004501996635
1724,Procurement,Uniform,50.0,324678.6956018493,324678.69560184935,61.63362427724026,4,0.8226052270280111
1724,Procurement,Screened,50.3101031497581,324678.6956018493,324678.69558264595,62.017354907634505,0,0.8226052270280111
1725,Procurement,Uniform,50.0,379257.6201725716,379257.6201725716,71.18970621750935,5,0.9401871895975896
1725,Procurement,Screened,50.3135626850073,379257.6201725716,379257.62017257157,71.64464821745479,0,0.9401871895975896
1726,Procurement,Uniform,50.0,411183.0614461872,411183.0614461872,161.0166997403792,2,1.4445013116596224
1726,Procurement,Screened,50.324327101952626,411183.0614461872,411183.0614219749,161.97332905164726,0,1.4445013116596224
1727,Procurement,Uniform,50.0,417591.14436531614,417591.14436531614,167.45331663112617,2,1.4341082645143093
1727,Procurement,Screened,50.31756991332084,417591.14436531614,417591.1443406332,168.43493259446595,0,1.4341082645143093
1728,Procurement,Uniform,50.0,408121.9983144037,408121.9983144037,86.57172809756108,4,0.8160236921228553
1728,Procurement,Screened,50.31250110694457,408121.9983144037,408121.99829026987,87.1115105364723,0,0.8160236921228553
1729,Procurement,Uniform,50.0,403284.9446000251,403284.9446000251,72.7771496618556,5,0.8384877988767443
1729,Procurement,Screened,50.31135786430816,403284.9446000251,403284.94460124173,73.22963088766213,0,0.8384877988767443
1730,Procurement,Uniform,50.0,291608.59962590574,291608.59962590574,61.17611369465259,4,1.1482461330056284
1730,Procurement,Screened,50.321690831835724,291608.59962590574,291608.5996086951,61.53523517995767,0,1.1482461330056284
1731,Procurement,Uniform,50.0,302345.8132800279,302345.8132800279,34.34657253916192,6,0.5274107571661463
1731,Procurement,Screened,50.306985627085005,302345.8132800279,302345.8132621656,34.57359608389026,1,0.5274107571661463
1732,Procurement,Uniform,50.0,359893.96351410355,359893.96351410355,119.3827849905145,2,1.4913685292651109
1732,Procurement,Screened,50.31149341098227,359893.96351410355,359893.96351410367,120.0857639539796,0,1.4913685292651109
1733,Procurement,Uniform,50.0,309769.2920828855,309769.2920828855,81.04589771811231,3,1.0599982030216577
1733,Procurement,Screened,50.31362923570193,309769.2920828855,309769.2920645451,81.51891527145335,0,1.0599982030216577
1734,Procurement,Uniform,50.0,288818.5633447267,288818.5633447267,75.72113891684495,3,1.2409761472531298
1734,Procurement,Screened,50.308079377216316,288818.5633447267,288818.5633447267,76.16862724077615,0,1.2409761472531298
1735,Procurement,Uniform,50.0,290426.5342984036,290426.5342984036,104.55580594385813,2,1.4402695873909404
1735,Procurement,Screened,50.32743029647366,290426.5342984036,290426.53429873515,105.16498577964869,0,1.4402695873909404
1736,Procurement,Uniform,50.0,379855.0159589831,379855.0159589831,91.8654540210954,3,1.1542598425992976
1736,Procurement,Screened,50.31478130255201,379855.0159589831,379855.01595898316,92.41702785579902,0,1.1542598425992976
1737,Procurement,Uniform,50.0,319409.39044129953,319409.39044129953,79.8012622358782,4,1.2487973209660614
1737,Procurement,Screened,50.31430991447018,319409.39044129953,319409.3904412995,80.28293219895406,0,1.2487973209660614
1738,Procurement,Uniform,50.0,295273.8257830611,295273.8257830611,91.64485370458755,2,1.2990488620590717
1738,Procurement,Screened,50.307125959028276,295273.8257830611,295273.8257830612,92.18118062361829,0,1.2990488620590717
1739,Procurement,Uniform,50.0,396199.9126713869,396199.9126713869,130.89809391139508,3,1.299841771377214
1739,Procurement,Screened,50.32290710457696,396199.9126713869,396199.91264836554,131.67094039704318,0,1.299841771377214
1740,Procurement,Uniform,50.0,333260.95727936644,333260.95727936644,36.494019513270715,7,0.5253472556335651
1740,Procurement,Screened,50.328881362668035,333260.95727936644,333260.95725982054,36.744619204542076,2,0.5253472556335651
1741,Procurement,Uniform,50.0,335734.75624816085,335734.75624816085,121.49263569171556,2,1.2860034025556852
1741,Procurement,Screened,50.32010965965281,335734.75624816085,335734.75622886186,122.20853555838373,0,1.2860034025556852
1742,Procurement,Uniform,50.0,292088.2581922557,292088.2581922557,39.786629677919336,5,0.7331895635119929
1742,Procurement,Screened,50.30381276335729,292088.2581922557,292088.2581922557,40.04272274795469,0,0.7331895635119929
1743,Procurement,Uniform,50.0,354910.62339515146,354910.62339515146,105.74472738249088,2,1.404716667656164
1743,Procurement,Screened,50.30035031435755,354910.62339515146,354910.62337417604,106.37102540240052,0,1.404716667656164
1744,Procurement,Uniform,50.0,320428.01892665215,320428.01892665215,72.04952789945887,4,1.0225484847372657
1744,Procurement,Screened,50.31855122488205,320428.01892665215,320428.0189077239,72.5001055488229,0,1.0225484847372657
1745,Procurement,Uniform,50.0,299635.8219975064,299635.82199750637,79.68184314106973,3,1.0870601412445828
1745,Procurement,Screened,50.323632831306625,299635.8219975064,299635.8219798527,80.15330107445341,0,1.0870601412445828
1746,Procurement,Uniform,50.0,348634.51461232605,348634.51461232605,56.17236708726521,5,0.7410326227514248
1746,Procurement,Screened,50.3108821696019,348634.51461232605,348634.51461232593,56.524125843119094,0,0.7410326227514248
1747,Procurement,Uniform,50.0,327592.4111077989,327592.4111077989,82.9934048210099,3,1.0248909732774942
1747,Procurement,Screened,50.3150614928793,327592.4111077989,327592.4110884368,83.48749960948822,0,1.0248909732774942
1748,Procurement,Uniform,50.0,295870.141731965,295870.141731965,99.18000811378089,2,1.3331274435748417
1748,Procurement,Screened,50.30715329487655,295870.141731965,295870.141731965,99.76057381980996,0,1.3331274435748417
1749,Procurement,Uniform,50.0,319646.97795378,319646.97795378,44.80397434102778,6,0.6414139049645233
1749,Procurement,Screened,50.31509543798022,319646.97795378,319646.97795377986,45.08824324567616,1,0.6414139049645233
1750,Procurement,Uniform,50.0,416104.7713553595,416104.7713553595,46.13445725121694,7,0.5172733438634717
1750,Procurement,Screened,50.31729446723118,416104.7713553595,416104.7713553595,46.45511524439858,2,0.5172733438634717
1751,Procurement,Uniform,50.0,374126.9478689187,374126.9478689187,102.90240156707205,3,1.077701886412131
1751,Procurement,Screened,50.310492512860854,374126.9478689187,374126.9478689187,103.52906733642395,0,1.077701886412131
1752,Procurement,Uniform,50.0,398216.9988615473,398216.9988615473,68.06778062697197,5,0.6716689877341061
1752,Procurement,Screened,50.31713386383332,398216.9988615473,398216.99883800116,68.49206045748502,0,0.6716689877341061
1753,Procurement,Uniform,50.0,364146.9654444414,364146.9654444414,50.7350763819517,6,0.6219537742599957
1753,Procurement,Screened,50.32568318237496,364146.9654444414,364146.96542297595,51.04974761547577,1,0.6219537742599957
1754,Procurement,Uniform,50.0,286735.358404686,286735.358404686,60.45592608758733,4,0.9031216890650768
1754,Procurement,Screened,50.323975167450314,286735.358404686,286735.35838882904,60.800784878974575,0,0.9031216890650768
1755,Procurement,Uniform,50.0,394623.7127086322,394623.7127086322,149.82625907769508,2,1.436983993296927
1755,Procurement,Screened,50.32086224379338,394623.7127086322,394623.7126854592,150.70243678361686,0,1.436983993296927
1756,Procurement,Uniform,50.0,416299.3673705182,416299.3673705182,65.46607493977758,7,0.5905789041140501
1756,Procurement,Screened,50.32345163050217,416299.3673705182,416299.36736051994,65.88540066489834,2,0.5905789041140501
1757,Procurement,Uniform,50.0,374787.2334975805,374787.2334975805,60.11636559682304,5,0.8238253930684876
1757,Procurement,Screened,50.32404197744722,374787.2334975805,374787.23347545357,60.48457943287514,0,0.8238253930684876
1758,Procurement,Uniform,50.0,290957.16528672853,290957.16528672853,56.427437221459215,5,0.8949943657552709
1758,Procurement,Screened,50.310862832729434,290957.16528672853,290957.1652881914,56.762715347432724,0,0.8949943657552709
1759,Procurement,Uniform,50.0,379686.68259893206,379686.68259893206,59.23271291648047,5,0.6958491672487161
1759,Procurement,Screened,50.308500497810094,379686.68259893206,379686.6825989322,59.60729575004651,0,0.6958491672487161
1760,Procurement,Uniform,50.0,376825.7898217837,376825.7898217837,46.96053045873302,7,0.5603474294205663
1760,Procurement,Screened,50.308711703335625,376825.7898217837,376825.78982178384,47.27710965889256,2,0.5603474294205663
1761,Procurement,Uniform,50.0,419759.1010508961,419759.1010508961,129.68672565250566,3,1.1681412213486746
1761,Procurement,Screened,50.308134288531924,419759.1010508961,419759.1010508961,130.4692284177418,0,1.1681412213486746
1762,Procurement,Uniform,50.0,374704.44555765856,374704.44555765856,132.54391384671925,3,1.374057159390097
1762,Procurement,Screened,50.327666616616554,374704.44555765856,374704.4455356509,133.31961991944885,0,1.374057159390097
1763,Procurement,Uniform,50.0,417331.3147409328,417331.3147409328,152.81680695404378,3,1.3174948355549276
1763,Procurement,Screened,50.314498173477844,417331.3147409328,417331.3147409329,153.72653733287504,0,1.3174948355549276
1764,Procurement,Uniform,50.0,342047.89922687097,342047.89922687097,34.56906391914203,7,0.5656271150399353
1764,Procurement,Screened,50.29982498093633,342047.89922687097,342047.89922687097,34.79829436417147,2,0.5656271150399353
1765,Procurement,Uniform,50.0,312640.99494735664,312640.99494735664,109.06100696675362,2,1.2521502411986432
1765,Procurement,Screened,50.31069178944835,312640.99494735664,312640.99494735664,109.70099107852637,0,1.2521502411986432
1766,Procurement,Uniform,50.0,329638.2682373994,329638.2682373994,55.70715056342395,5,0.7694685956662974
1766,Procurement,Screened,50.317325755924,329638.2682373994,329638.2682179079,56.054808890828916,0,0.7694685956662974
1767,Procurement,Uniform,50.0,327810.9921125884,327810.99211258837,70.80021833322571,4,1.0663489861106517
1767,Procurement,Screened,50.320280754004784,327810.9921125884,327810.992112695,71.22643046253958,0,1.0663489861106517
1768,Procurement,Uniform,50.0,363965.9955580088,363965.99555800884,48.9264453657976,6,0.6836450593212601
1768,Procurement,Screened,50.320854416626375,363965.9955580088,363965.99553651246,49.25190187339885,1,0.6836450593212601
1769,Procurement,Uniform,50.0,293360.5187423897,293360.5187423897,97.57816031529995,2,1.487680246964224
1769,Procurement,Screened,50.30697351834308,293360.5187423897,293360.5187423896,98.14700971981003,0,1.487680246964224
1770,Procurement,Uniform,50.0,283590.8854363328,283590.8854363328,41.11720581185743,5,0.61893934584931
1770,Procurement,Screened,50.311421954236394,283590.8854363328,283590.8854363327,41.37986635077335,0,0.61893934584931
1771,Procurement,Uniform,50.0,291644.3278809822,291644.3278809822,84.45614434920446,3,1.3947571092689697
1771,Procurement,Screened,50.321264433604895,291644.3278809822,291644.32786382287,84.94591466244975,0,1.3947571092689697
1772,Procurement,Uniform,50.0,297736.8561299227,297736.8561299227,98.86836297028378,2,1.4492562872285772
1772,Procurement,Screened,50.32248534889674,297736.8561299227,297736.85611352796,99.44762140046416,0,1.4492562872285772
1773,Procurement,Uniform,50.0,364479.77623261744,364479.77623261744,124.22025849572566,2,1.3356081176682983
1773,Procurement,Screened,50.300738338094355,364479.77623261744,364479.77621105994,124.9501070451629,0,1.3356081176682983
1774,Procurement,Uniform,50.0,300587.4246605397,300587.4246605397,94.17117823758556,3,1.261549932762923
1774,Procurement,Screened,50.318290954013,300587.4246605397,300587.42466053984,94.73500770559743,0,1.261549932762923
1775,Procurement,Uniform,50.0,407781.0937744435,407781.0937744435,150.56203609314338,2,1.3718573687133846
1775,Procurement,Screened,50.31161834096522,407781.0937744435,407781.09377444355,151.4577625039181,0,1.3718573687133846
1776,Procurement,Uniform,50.0,294977.5038352474,294977.5038352474,73.83622286343586,3,1.1492091823113006
1776,Procurement,Screened,50.307775941081296,294977.5038352474,294977.50383524736,74.2820756946122,0,1.1492091823113006
1777,Procurement,Uniform,50.0,351743.5027026654,351743.5027026654,91.5446301429415,3,1.014305691725148
1777,Procurement,Screened,50.31341139945401,351743.5027026654,351743.5027026654,92.09831402402472,0,1.014305691725148
1778,Procurement,Uniform,50.0,290411.586459404,290411.586459404,65.18428690360697,4,1.027963336374166
1778,Procurement,Screened,50.312719246584756,290411.586459404,290411.586459404,65.58608869784443,0,1.027963336374166
1779,Procurement,Uniform,50.0,412557.2970455171,412557.2970455171,97.35814037912868,4,0.992031012683053
1779,Procurement,Screened,50.3112506478956,412557.2970455171,412557.29704551725,97.95551791271694,0,0.992031012683053
1780,Procurement,Uniform,50.0,287613.19856547285,287613.19856547285,84.31186910426771,3,1.4231432376798925
1780,Procurement,Screened,50.327891332865434,287613.19856547285,287613.19854860095,84.80815891239736,0,1.4231432376798925
1781,Procurement,Uniform,50.0,381864.06510048267,381864.06510048267,123.70553288254779,3,1.2687338699781257
1781,Procurement,Screened,50.33640709265841,381864.06510048267,381864.06508264417,124.43120262597084,0,1.2687338699781257
1782,Procurement,Uniform,50.0,313016.71755495446,313016.71755495446,93.40907329924296,4,1.212067565918852
1782,Procurement,Screened,50.340537971066425,313016.71755495446,313016.71755542204,93.96834693967051,0,1.212067565918852
1783,Procurement,Uniform,50.0,335631.3104123886,335631.3104123886,29.408070786065906,7,0.5015832460801529
1783,Procurement,Screened,50.31986404156127,335631.3104123886,335631.31041251647,29.608174631554895,2,0.5015832460801529
1784,Procurement,Uniform,50.0,283105.4582029936,283105.4582029936,64.08269660930958,4,1.127154776683279
1784,Procurement,Screened,50.325467447534315,283105.4582029936,283105.45818633965,64.46085025070357,0,1.127154776683279
1785,Procurement,Uniform,50.0,286609.4300357549,286609.4300357549,46.85721388757439,5,0.7471475470774651
1785,Procurement,Screened,50.32252811604991,286609.4300357549,286609.4300189278,47.14972232909602,0,0.7471475470774651
1786,Procurement,Uniform,50.0,339635.9346968044,339635.9346968044,100.91539683936038,2,1.1846209212381833
1786,Procurement,Screened,50.30584591216397,339635.9346968044,339635.9346968043,101.50934432086534,0,1.1846209212381833
1787,Procurement,Uniform,50.0,345518.80763317534,345518.80763317534,141.6496317414317,2,1.4575333047207937
1787,Procurement,Screened,50.30472973165825,345518.80763317534,345518.80763317546,142.47693515089256,0,1.4575333047207937
1788,Procurement,Uniform,50.0,311922.1004293907,311922.1004293907,109.68769636233141,2,1.3602563658780369
1788,Procurement,Screened,50.32489281699619,311922.1004293907,311922.10041107156,110.32888633667804,0,1.3602563658780369
1789,Procurement,Uniform,50.0,323535.74600413325,323535.74600413325,33.28173489737881,7,0.5836280561394875
1789,Procurement,Screened,50.3245704481244,323535.74600413325,323535.74598502833,33.48860823897599,2,0.5836280561394875
1790,Procurement,Uniform,50.0,384186.98100815655,384186.98100815655,121.49707337470946,3,1.2563071660405507
1790,Procurement,Screened,50.31252312812682,384186.98100815655,384186.98101029475,122.21669782450562,0,1.2563071660405507
1791,Procurement,Uniform,50.0,336081.625102945,336081.625102945,81.03260071102872,3,1.2005846699728702
1791,Procurement,Screened,50.31854137930677,336081.625102945,336081.62510294496,81.51735653973168,0,1.2005846699728702
1792,Procurement,Uniform,50.0,372008.0804224903,372008.0804224903,119.30893655943312,3,1.2876058614099195
1792,Procurement,Screened,50.33062549475624,372008.0804224903,372008.08040134015,120.02442205605979,0,1.2876058614099195
1793,Procurement,Uniform,50.0,332978.2224192521,332978.22241925215,81.47249401319418,4,1.02214647613864
1793,Procurement,Screened,50.315850263561074,332978.2224192521,332978.2224192524,81.96442268482694,0,1.02214647613864
1794,Procurement,Uniform,50.0,335106.72381481377,335106.72381481377,83.92346688961942,4,1.092073108123447
1794,Procurement,Screened,50.314032445543,335106.72381481377,335106.72381481377,84.43114182285856,0,1.092073108123447
1795,Procurement,Uniform,50.0,341788.77196470613,341788.77196470613,100.77195882081185,3,1.478755336272055
1795,Procurement,Screened,50.327893102612094,341788.77196470613,341788.7719446096,101.37510016518164,0,1.478755336272055
1796,Procurement,Uniform,50.0,293337.16348894616,293337.16348894616,38.99964328449662,5,0.6941018508085659
1796,Procurement,Screened,50.305562888460514,293337.16348894616,293337.16348894604,39.25227809717886,0,0.6941018508085659
1797,Procurement,Uniform,50.0,274854.9365079875,274854.9365079875,57.445114275757575,5,0.8089836933977088
1797,Procurement,Screened,50.327495535168126,274854.9365079875,274854.93649999687,57.79129111948547,0,0.8089836933977088
1798,Procurement,Uniform,50.0,383332.7382241498,383332.7382241498,68.8150778596363,5,0.7475901668754099
1798,Procurement,Screened,50.31785125963899,383332.7382241498,383332.73822414957,69.24691641916262,0,0.7475901668754099
1799,Procurement,Uniform,50.0,341192.1536606145,341192.1536606145,129.76045728793522,3,1.4349576396969623
1799,Procurement,Screened,50.31971734830669,341192.1536606145,341192.1536405933,130.52441627406782,0,1.4349576396969623
1800,Procurement,Uniform,50.0,324961.4069321974,324961.4069321974,44.099196418086294,6,0.6741839579942629
1800,Procurement,Screened,50.320838928212005,324961.4069321974,324961.406913094,44.381836592804376,1,0.6741839579942629
1801,Procurement,Uniform,50.0,355515.7093447612,355515.7093447612,110.01048067464345,3,1.1935717830015204
1801,Procurement,Screened,50.30958679264052,355515.7093447612,355515.70934476133,110.66985648686364,0,1.1935717830015204
1802,Procurement,Uniform,50.0,346360.22984865285,346360.22984865285,87.3675992,4,1.0505086291441017
1802,Procurement,Screened,50.322758762647254,346360.22984865285,346360.2298292504,87.88761351238432,0,1.0505086291441017
1803,Procurement,Uniform,50.0,280351.9880967202,280351.9880967202,90.68242195986744,3,1.437350444880959
1803,Procurement,Screened,50.31828614756933,280351.9880967202,280351.98808020935,91.21752999450258,0,1.437350444880959
1804,Procurement,Uniform,50.0,434659.46251151664,434659.46251151664,108.72119256762844,3,1.114966592738864
1804,Procurement,Screened,50.29893096008001,434659.46251151664,434659.46249629086,109.37545158078701,0,1.114966592738864
1805,Procurement,Uniform,50.0,298206.26826343825,298206.26826343825,40.71856644490919,5,0.637432756119241
1805,Procurement,Screened,50.328251965240625,298206.26826343825,298206.26824585255,40.94750601456583,0,0.637432756119241
1806,Procurement,Uniform,50.0,288998.0885069856,288998.0885069856,52.5897057058774,5,0.744481577863567
1806,Procurement,Screened,50.30904476778547,288998.0885069856,288998.08850698563,52.91601996533254,0,0.744481577863567
1807,Procurement,Uniform,50.0,411959.9228322823,411959.92283228226,80.10854204079388,5,0.840025884723478
1807,Procurement,Screened,50.31367605461908,411959.9228322823,411959.92280814954,80.61269573230248,0,0.840025884723478
1808,Procurement,Uniform,50.0,348965.9934743645,348965.9934743645,62.5434822044942,5,0.7917356647646028
1808,Procurement,Screened,50.30279604637251,348965.9934743645,348965.99347436463,62.93492009398274,0,0.7917356647646028
1809,Procurement,Uniform,50.0,419400.7622185114,419400.7622185114,63.67400364680723,5,0.6162821028134747
1809,Procurement,Screened,50.30192838177755,419400.7622185114,419400.76221851143,64.07813105255903,0,0.6162821028134747
1810,Procurement,Uniform,50.0,290549.84625090583,290549.84625090583,108.3865290210476,2,1.4328959390920035
1810,Procurement,Screened,50.323023752012915,290549.84625090583,290549.84623380145,109.0222271807889,0,1.4328959390920035
1811,Procurement,Uniform,50.0,325573.80576123914,325573.80576123914,112.74259041717274,2,1.4469561992582716
1811,Procurement,Screened,50.32014008305343,325573.80576123914,325573.80574203737,113.41579570601161,0,1.4469561992582716
1812,Procurement,Uniform,50.0,402209.8423384314,402209.8423384314,123.94941885432566,3,1.08188398356041
1812,Procurement,Screened,50.310151701236215,402209.8423384314,402209.8423384314,124.69590397306816,0,1.08188398356041
1813,Procurement,Uniform,50.0,334386.11553999595,334386.11553999595,59.08359428461934,5,0.7590368226265505
1813,Procurement,Screened,50.31302569138174,334386.11553999595,334386.1155399959,59.45794509338605,0,0.7590368226265505
1814,Procurement,Uniform,50.0,287335.8081736304,287335.8081736304,55.47335817355264,4,0.973456870286832
1814,Procurement,Screened,50.313014162294756,287335.8081736304,287335.8081736305,55.81727342902801,0,0.973456870286832
1815,Procurement,Uniform,50.0,427632.4027662962,427632.40276629623,87.38248887633108,5,0.8420558995417868
1815,Procurement,Screened,50.32949154267808,427632.4027662962,427632.40274160245,87.92271991620382,0,0.8420558995417868
1816,Procurement,Uniform,50.0,355076.9609574701,355076.9609574701,81.04585284855266,3,0.9866124659628824
1816,Procurement,Screened,50.30762859574188,355076.9609574701,355076.9609574702,81.53994995559924,0,0.9866124659628824
1817,Procurement,Uniform,50.0,387188.202063014,387188.20206301403,132.59566635206983,2,1.236405584617957
1817,Procurement,Screened,50.30484760779977,387188.202063014,387188.2020630141,133.37475792958367,0,1.236405584617957
1818,Procurement,Uniform,50.0,307284.6883151345,307284.68831513455,34.6076050660928,7,0.5212095869395108
1818,Procurement,Screened,50.33049519922761,307284.6883151345,307284.6882970438,34.83200965770773,2,0.5212095869395108
1819,Procurement,Uniform,50.0,289369.2151574178,289369.2151574178,67.22087921421117,5,0.9492298836845852
1819,Procurement,Screened,50.32163347604382,289369.2151574178,289369.2151574178,67.62573946163795,0,0.9492298836845852
1820,Procurement,Uniform,50.0,339006.5218169877,339006.5218169877,129.56220465044208,2,1.3757962145658773
1820,Procurement,Screened,50.306366165874664,339006.5218169877,339006.52181698766,130.31171777639287,0,1.3757962145658773
1821,Procurement,Uniform,50.0,320846.5039859138,320846.5039859138,116.98641087615891,2,1.4507696527766218
1821,Procurement,Screened,50.31624255617726,320846.5039859138,320846.50396698125,117.66842102755805,0,1.4507696527766218
1822,Procurement,Uniform,50.0,384187.6346758192,384187.6346758192,135.97559638594186,2,1.3113733087510406
1822,Procurement,Screened,50.310079926937824,384187.6346758192,384187.6346587318,136.77444688387342,0,1.3113733087510406
1823,Procurement,Uniform,50.0,339153.6968575071,339153.6968575071,114.24810707980383,2,1.3648199698986592
1823,Procurement,Screened,50.320372312752184,339153.6968575071,339153.6968375532,114.93076484239201,0,1.3648199698986592
1824,Procurement,Uniform,50.0,363207.4926460589,363207.4926460589,74.65322244751152,4,0.8870319904559929
1824,Procurement,Screened,50.324004129408415,363207.4926460589,363207.4926246772,75.11899392728927,0,0.8870319904559929
1825,Procurement,Uniform,50.0,312744.2780665744,312744.2780665744,99.51340598542558,2,1.2279685109124352
1825,Procurement,Screened,50.33440448576925,312744.2780665744,312744.27804817475,100.09903883451945,0,1.2279685109124352
1826,Procurement,Uniform,50.0,286691.50745170366,286691.50745170366,30.89482402690538,6,0.5331910267946407
1826,Procurement,Screened,50.30803362211576,286691.50745170366,286691.50745170366,31.100193180767477,1,0.5331910267946407
1827,Procurement,Uniform,50.0,326426.2746877938,326426.2746877938,41.38104380751534,6,0.6323674847196472
1827,Procurement,Screened,50.30631579937008,326426.2746877938,326426.2746877939,41.65739289554638,1,0.6323674847196472
1828,Procurement,Uniform,50.0,362754.0669555381,362754.0669555381,109.90072903640612,2,1.0657377258579357
1828,Procurement,Screened,50.31788234504804,362754.0669555381,362754.0669433163,110.56262867773899,0,1.0657377258579357
1829,Procurement,Uniform,50.0,420383.20102459285,420383.20102459285,145.5078831417035,2,1.3116975363796124
1829,Procurement,Screened,50.31113217173406,420383.20102459285,420383.20102459285,146.36117821228873,0,1.3116975363796124
1830,Procurement,Uniform,50.0,321042.0760099243,321042.0760099243,96.71825233958717,3,1.4380838582854958
1830,Procurement,Screened,50.32205340312567,321042.0760099243,321042.07599108736,97.29195576060957,0,1.4380838582854958
1831,Procurement,Uniform,50.0,372773.1377153058,372773.13771530584,126.99787644183915,2,1.2632171841029305
1831,Procurement,Screened,50.30876974197624,372773.1377153058,372773.1377153059,127.74891581450066,0,1.2632171841029305
1832,Procurement,Uniform,50.0,388152.4089024378,388152.4089024378,107.14947181902372,4,1.0876437918649111
1832,Procurement,Screened,50.32426640312712,388152.4089024378,388152.4088797021,107.79622811093692,0,1.0876437918649111
1833,Procurement,Uniform,50.0,350529.4465826215,350529.4465826215,53.56069867490401,5,0.7080446586614234
1833,Procurement,Screened,50.30338442480434,350529.4465826215,350529.4465826213,53.90114824674657,0,0.7080446586614234
1834,Procurement,Uniform,50.0,354948.7994273984,354948.79942739836,119.15989832737158,3,1.461897096263928
1834,Procurement,Screened,50.33380878683296,354948.7994273984,354948.799417865,119.87116099857097,0,1.461897096263928
1835,Procurement,Uniform,50.0,415456.4071301495,415456.4071301495,96.8988337350429,4,0.9595014325520902
1835,Procurement,Screened,50.31750570309353,415456.4071301495,415456.40713014954,97.50123894174573,0,0.9595014325520902
1836,Procurement,Uniform,50.0,334856.80299730354,334856.80299730354,35.448764146461244,7,0.5380187844653188
1836,Procurement,Screened,50.315604161447254,334856.80299730354,334856.8029775606,35.677784473715754,2,0.5380187844653188
1837,Procurement,Uniform,50.0,395056.6105848814,395056.6105848814,118.96369690845077,3,1.1393972099869654
1837,Procurement,Screened,50.31795081213337,395056.6105848814,395056.61056392104,119.66857530370068,0,1.1393972099869654
1838,Procurement,Uniform,50.0,403577.1868072766,403577.1868072766,54.816217635045554,6,0.5918453153604089
1838,Procurement,Screened,50.31311598916456,403577.1868072766,403577.1868072767,55.18335600911222,1,0.5918453153604089
1839,Procurement,Uniform,50.0,352266.17934252654,352266.17934252654,103.5376144519361,3,1.1998091662203267
1839,Procurement,Screened,50.31595265687824,352266.17934252654,352266.17932170245,104.16016228559614,0,1.1998091662203267
1840,Procurement,Uniform,50.0,377510.2835008861,377510.2835008861,74.01604407858154,5,0.7339351155276224
1840,Procurement,Screened,50.301480690194325,377510.2835008861,377510.283486502,74.4752657443597,0,0.7339351155276224
1841,Procurement,Uniform,50.0,312512.78176529217,312512.78176529217,37.61030780605898,7,0.5970303237870208
1841,Procurement,Screened,50.323320724751234,312512.78176529217,312512.78176591767,37.86496741300868,2,0.5970303237870208
1842,Procurement,Uniform,50.0,338153.080624926,338153.080624926,58.04612381581688,5,0.7087598188383907
1842,Procurement,Screened,50.31030665642973,338153.080624926,338153.0806249258,58.42055460060859,0,0.7087598188383907
1843,Procurement,Uniform,50.0,400488.7378595464,400488.73785954644,90.68553019432886,4,1.0860583047111962
1843,Procurement,Screened,50.31152394030395,400488.7378595464,400488.73785954644,91.2456180293509,0,1.0860583047111962
1844,Procurement,Uniform,50.0,362688.3357836728,362688.3357836728,90.07980791553315,3,1.035899649101347
1844,Procurement,Screened,50.31938024656145,362688.3357836728,362688.3357622724,90.62195570670409,0,1.035899649101347
1845,Procurement,Uniform,50.0,294533.2666316971,294533.2666316971,82.71927401214502,3,1.265098268510262
1845,Procurement,Screened,50.30513367237609,294533.2666316971,294533.2666316971,83.20771767474655,0,1.265098268510262
1846,Procurement,Uniform,50.0,359998.702543754,359998.702543754,64.67054763083831,5,0.7668283303588845
1846,Procurement,Screened,50.31410713443589,359998.702543754,359998.702543754,65.08548853180629,0,0.7668283303588845
1847,Procurement,Uniform,50.0,332360.85752278264,332360.85752278264,102.61442537549438,2,1.3500473975844658
1847,Procurement,Screened,50.311039124401944,332360.85752278264,332360.8575227825,103.22611597058174,0,1.3500473975844658
1848,Procurement,Uniform,50.0,346393.67408700194,346393.67408700194,45.65864990066433,5,0.7191228965007115
1848,Procurement,Screened,50.30974942633751,346393.67408700194,346393.67408700194,45.957511460903206,0,0.7191228965007115
1849,Procurement,Uniform,50.0,416237.44734436576,416237.44734436576,141.13633702360028,3,1.378580312264285
1849,Procurement,Screened,50.33106555950742,416237.44734436576,416237.4473200755,141.98985102364097,0,1.378580312264285
1850,Procurement,Uniform,50.0,394199.8339075675,394199.8339075675,66.00848186164458,5,0.62474613821967
1850,Procurement,Screened,50.32809370069803,394199.8339075675,394199.8339254389,66.4145606898241,0,0.62474613821967
1851,Procurement,Uniform,50.0,368877.75489876326,368877.75489876326,98.35884299641693,3,1.0955909164242428
1851,Procurement,Screened,50.321082911671056,368877.75489876326,368877.754876977,98.9530584139199,0,1.0955909164242428
1852,Procurement,Uniform,50.0,301554.3522993381,301554.3522993381,70.5431907553644,3,0.9282040751400036
1852,Procurement,Screened,50.31044326003273,301554.3522993381,301554.35228435305,70.96916353925478,0,0.9282040751400036
1853,Procurement,Uniform,50.0,297601.3292683974,297601.3292683974,94.48266947811034,3,1.2090367888499949
1853,Procurement,Screened,50.33065370674407,297601.3292683974,297601.3292524336,95.04462757170123,0,1.2090367888499949
1854,Procurement,Uniform,50.0,285309.3669574113,285309.3669574113,99.44048399632551,2,1.307933798223207
1854,Procurement,Screened,50.31101507313672,285309.3669574113,285309.3669574112,100.02366836821828,0,1.307933798223207
1855,Procurement,Uniform,50.0,418468.8480862599,418468.84808625985,117.67670967480574,4,1.1685059910141429
1855,Procurement,Screened,50.334857638164934,418468.8480862599,418468.848061743,118.38756960296432,0,1.1685059910141429
1856,Procurement,Uniform,50.0,323602.1121732726,323602.1121732726,48.85316336269273,5,0.7042642476949761
1856,Procurement,Screened,50.30856352062617,323602.1121732726,323602.11217327265,49.164930952065504,0,0.7042642476949761
1857,Procurement,Uniform,50.0,390130.2219740336,390130.22197403363,62.87651783316907,5,0.6951374592876904
1857,Procurement,Screened,50.32177727509406,390130.2219740336,390130.2219509908,63.277266227027866,0,0.6951374592876904
1858,Procurement,Uniform,50.0,329747.11930218776,329747.11930218776,104.71050628006267,2,1.215634144989494
1858,Procurement,Screened,50.310395749474054,329747.11930218776,329747.1192832916,105.3343911633019,0,1.215634144989494
1859,Procurement,Uniform,50.0,298748.35068154865,298748.35068154865,80.74737894451982,3,1.1892981038217458
1859,Procurement,Screened,50.31147291987103,298748.35068154865,298748.35068154865,81.22150093091976,0,1.1892981038217458
1860,Procurement,Uniform,50.0,279528.7274140641,279528.7274140641,74.82752150560714,4,1.1344495988911367
1860,Procurement,Screened,50.31708998730398,279528.7274140641,279528.727414064,75.28143900581887,0,1.1344495988911367
1861,Procurement,Uniform,50.0,406170.9886053439,406170.98860534385,56.36853431835719,7,0.519237146919983
1861,Procurement,Screened,50.32954349887488,406170.9886053439,406170.98858146183,56.73979753680359,2,0.519237146919983
1862,Procurement,Uniform,50.0,337561.7878004862,337561.7878004862,55.41385340843293,5,0.724232266712205
1862,Procurement,Screened,50.316289607292696,337561.7878004862,337561.7877805544,55.762824616467014,0,0.724232266712205
1863,Procurement,Uniform,50.0,318869.08374901384,318869.08374901384,58.280884474424305,5,0.9507685606575113
1863,Procurement,Screened,50.31245471518039,318869.08374901384,318869.08374901384,58.64250909479338,0,0.9507685606575113
1864,Procurement,Uniform,50.0,314431.700007217,314431.700007217,52.99639817948469,5,0.8100435812105864
1864,Procurement,Screened,50.30939049275702,314431.700007217,314431.700007217,53.3301326248881,0,0.8100435812105864
1865,Procurement,Uniform,50.0,388053.21895411273,388053.21895411273,153.91345480156656,2,1.4608935023809697
1865,Procurement,Screened,50.31386424727942,388053.21895411273,388053.2189312383,154.80895885594035,0,1.4608935023809697
1866,Procurement,Uniform,50.0,396169.31253691314,396169.31253691314,85.11955058234213,4,0.9950951041091578
1866,Procurement,Screened,50.30860137819239,396169.31253691314,396169.3125216447,85.64647652505217,0,0.9950951041091578
1867,Procurement,Uniform,50.0,413061.4987823365,413061.4987823365,137.8268300074617,2,1.2097283273907709
1867,Procurement,Screened,50.318004375432764,413061.4987823365,413061.49876358523,138.65410341457007,0,1.2097283273907709
1868,Procurement,Uniform,50.0,313391.5552004021,313391.5552004021,61.30358613846114,4,0.8164958158379452
1868,Procurement,Screened,50.32272987360489,313391.5552004021,313391.5551820088,61.68506591784552,0,0.8164958158379452
1869,Procurement,Uniform,50.0,304350.6346351685,304350.6346351685,45.89349901492672,5,0.6116560363905609
1869,Procurement,Screened,50.33203380683927,304350.6346351685,304350.6346172573,46.18100021023638,0,0.6116560363905609
1870,Procurement,Uniform,50.0,356512.56211504445,356512.56211504445,47.9325074995218,6,0.5533143630410852
1870,Procurement,Screened,50.30900386234425,356512.56211504445,356512.5621150445,48.25641291654017,1,0.5533143630410852
1871,Procurement,Uniform,50.0,377870.38934300654,377870.38934300654,105.40139313827059,3,1.2273254929586546
1871,Procurement,Screened,50.31594557298936,377870.38934300654,377870.38932065375,106.02616553283717,0,1.2273254929586546
1872,Procurement,Uniform,50.0,303703.01960172574,303703.01960172574,112.93724922985567,2,1.4688844825649912
1872,Procurement,Screened,50.33277472438736,303703.01960172574,303703.01958766126,113.5892679869499,0,1.4688844825649912
1873,Procurement,Uniform,50.0,416242.0794202032,416242.07942020317,87.77764956612188,5,0.8142565584938917
1873,Procurement,Screened,50.30898379417153,416242.0794202032,416242.0794202033,88.33409703877292,0,0.8142565584938917
1874,Procurement,Uniform,50.0,326566.6503475415,326566.6503475415,82.25751299437572,3,1.1160798310786475
1874,Procurement,Screened,50.31058468419837,326566.6503475415,326566.65034754155,82.74507238634276,0,1.1160798310786475
1875,Procurement,Uniform,50.0,355262.2378321846,355262.2378321846,100.40515315374445,3,1.237012943175943
1875,Procurement,Screened,50.305205217104515,355262.2378321846,355262.2378331192,101.00286945771279,0,1.237012943175943
1876,Procurement,Uniform,50.0,321788.0413415933,321788.0413415933,73.81701555782324,4,0.9239911672605436
1876,Procurement,Screened,50.30942723482103,321788.0413415933,321788.04134159326,74.2705035772211,0,0.9239911672605436
1877,Procurement,Uniform,50.0,367822.6244671651,367822.6244671651,120.80912837234129,3,1.4424563466369371
1877,Procurement,Screened,50.30983650405366,367822.6244671651,367822.62446716515,121.52291575471146,0,1.4424563466369371
1878,Procurement,Uniform,50.0,294898.01911856735,294898.01911856735,73.55571938278963,3,1.1882129767829288
1878,Procurement,Screened,50.312930066469,294898.01911856735,294898.0191012144,73.99585581057487,0,1.1882129767829288
1879,Procurement,Uniform,50.0,346501.0387235926,346501.0387235926,106.72749566942898,2,1.3284452719201276
1879,Procurement,Screened,50.31051236750206,346501.0387235926,346501.03872359265,107.35427640590449,0,1.3284452719201276
1880,Procurement,Uniform,50.0,439086.594228764,439086.59422876395,55.709557032171844,7,0.5255306262675169
1880,Procurement,Screened,50.316623326325,439086.594228764,439086.5942083415,56.07542952990896,2,0.5255306262675169
1881,Procurement,Uniform,50.0,311600.0035915582,311600.0035915582,61.005872909570265,5,0.8693528694501534
1881,Procurement,Screened,50.320003997131344,311600.0035915582,311600.003573188,61.38012651163089,0,0.8693528694501534
1882,Procurement,Uniform,50.0,376134.9059674019,376134.9059674019,101.27349690378148,3,1.0760984052755065
1882,Procurement,Screened,50.313098883013986,376134.9059674019,376134.9059457637,101.87705658228774,0,1.0760984052755065
1883,Procurement,Uniform,50.0,350480.223072057,350480.223072057,100.3590709621241,3,1.080590410205398
1883,Procurement,Screened,50.31118697358251,350480.223072057,350480.2230720568,100.96196485491666,0,1.080590410205398
1884,Procurement,Uniform,50.0,350850.59598789643,350850.59598789643,109.45707242550152,3,1.3166483372238171
1884,Procurement,Screened,50.31851911186122,350850.59598789643,350850.595967268,110.11074004695264,0,1.3166483372238171
1885,Procurement,Uniform,50.0,304317.36763650336,304317.36763650336,39.226501778676806,5,0.7422239365385876
1885,Procurement,Screened,50.305622959205806,304317.36763650336,304317.36763650324,39.48036085548508,0,0.7422239365385876
1886,Procurement,Uniform,50.0,314236.84480897826,314236.84480897826,106.46372184568075,2,1.4334068253707275
1886,Procurement,Screened,50.31372253348523,314236.84480897826,314236.84480897815,107.0893462271884,0,1.4334068253707275
1887,Procurement,Uniform,50.0,295424.7991690899,295424.7991690899,28.53666271154214,7,0.530596751780433
1887,Procurement,Screened,50.303715895632344,295424.7991690899,295424.79916908994,28.726361378218684,2,0.530596751780433
1888,Procurement,Uniform,50.0,287959.42627493234,287959.42627493234,72.09209324544277,3,1.084232079090416
1888,Procurement,Screened,50.32828446389536,287959.42627493234,287959.426258056,72.52684478380525,0,1.084232079090416
1889,Procurement,Uniform,50.0,279271.62441621,279271.62441621,98.71525610160971,2,1.4723558282564793
1889,Procurement,Screened,50.3255882564784,279271.62441621,279271.62441620993,99.27289878306459,0,1.4723558282564793
1890,Procurement,Uniform,50.0,418491.3180942784,418491.31809427834,149.73628380602145,2,1.4769698107620388
1890,Procurement,Screened,50.32015393236743,418491.3180942784,418491.31806970865,150.61788400566897,0,1.4769698107620388
1891,Procurement,Uniform,50.0,302707.9178385017,302707.9178385017,110.65192167223601,2,1.480712753796483
1891,Procurement,Screened,50.31839182653268,302707.9178385017,302707.9178207038,111.29922658718034,0,1.480712753796483
1892,Procurement,Uniform,50.0,348458.4852267273,348458.4852267273,95.0295407272785,3,1.1898139645030192
1892,Procurement,Screened,50.32520750028159,348458.4852267273,348458.4852061939,95.60315479973367,0,1.1898139645030192
1893,Procurement,Uniform,50.0,344856.7441324218,344856.7441324218,96.7928069616158,3,1.1852900503902335
1893,Procurement,Screened,50.316355597618575,344856.7441324218,344856.7441120126,97.33762166582659,0,1.1852900503902335
1894,Procurement,Uniform,50.0,317157.7256466639,317157.7256466639,31.431832089380762,7,0.5035275390262032
1894,Procurement,Screened,50.335197683138944,317157.7256466639,317157.72562807694,31.645782936499852,2,0.5035275390262032
1895,Procurement,Uniform,50.0,359547.2621787168,359547.2621787168,106.25516410698036,3,1.196591275600034
1895,Procurement,Screened,50.312354488275474,359547.2621787168,359547.26217871695,106.89129772818097,0,1.196591275600034
1896,Procurement,Uniform,50.0,317909.46144583425,317909.46144583425,121.09244031377227,2,1.4035201569319375
1896,Procurement,Screened,50.314112797235424,317909.46144583425,317909.46142704686,121.78332395816919,0,1.4035201569319375
1897,Procurement,Uniform,50.0,420600.8573485422,420600.8573485422,78.57911456156052,5,0.7806369067217367
1897,Procurement,Screened,50.31611665571996,420600.8573485422,420600.85732382955,79.07357175716,0,0.7806369067217367
1898,Procurement,Uniform,50.0,339342.0710438244,339342.07104382437,35.54185410397421,7,0.5591782872776785
1898,Procurement,Screened,50.30819668308148,339342.0710438244,339342.07102382946,35.78657133544853,2,0.5591782872776785
1899,Procurement,Uniform,50.0,390481.20659774565,390481.20659774565,105.01013673481674,4,1.2499866986224275
1899,Procurement,Screened,50.31900458886763,390481.20659774565,390481.2065747564,105.64731936873514,0,1.2499866986224275
1900,Procurement,Uniform,50.0,401335.6867337858,401335.68673378584,66.34649784126431,5,0.6901285421571595
1900,Procurement,Screened,50.31816367393827,401335.6867337858,401335.6867101012,66.76757087141179,0,0.6901285421571595
1901,Procurement,Uniform,50.0,378467.0319202583,378467.03192025825,47.03061429046809,7,0.593406734621909
1901,Procurement,Screened,50.32049112278397,378467.0319202583,378467.0318979218,47.34044671225334,2,0.593406734621909
1902,Procurement,Uniform,50.0,426660.9187019632,426660.9187019632,147.75518824604842,3,1.4187555591046008
1902,Procurement,Screened,50.331681776731294,426660.9187019632,426660.91867685545,148.64642641299795,0,1.4187555591046008
1903,Procurement,Uniform,50.0,282472.48333929764,282472.48333929764,31.114351707191606,7,0.5503033659154427
1903,Procurement,Screened,50.31682335848811,282472.48333929764,282472.4833392976,31.32222631992676,2,0.5503033659154427
1904,Procurement,Uniform,50.0,287082.5916883191,287082.5916883191,39.31415023259945,5,0.6993787994984254
1904,Procurement,Screened,50.30388930084731,287082.5916883191,287082.59168831917,39.565475358560235,0,0.6993787994984254
1905,Procurement,Uniform,50.0,386910.43976297,386910.43976296997,88.11974219679905,4,0.9607574951791376
1905,Procurement,Screened,50.3260995163994,386910.43976297,386910.43974024535,88.66124048661636,0,0.9607574951791376
1906,Procurement,Uniform,50.0,370223.561162173,370223.561162173,103.15051776774584,3,1.0014625591810715
1906,Procurement,Screened,50.3253029508564,370223.561162173,370223.5611403724,103.77513766080871,0,1.0014625591810715
1907,Procurement,Uniform,50.0,364468.8833681631,364468.8833681631,128.07774409795465,3,1.4158686024536982
1907,Procurement,Screened,50.33446350980767,364468.8833681631,364468.8833468044,128.84266583013255,0,1.4158686024536982
1908,Procurement,Uniform,50.0,300767.7945369747,300767.7945369747,51.007910926104806,5,0.7654688045243252
1908,Procurement,Screened,50.30926714996717,300767.7945369747,300767.79453697463,51.318071684462645,0,0.7654688045243252
1909,Procurement,Uniform,50.0,356228.067354497,356228.067354497,108.53314530658247,2,1.259591593118514
1909,Procurement,Screened,50.310212021611825,356228.067354497,356228.06735449703,109.17859419003442,0,1.259591593118514
1910,Procurement,Uniform,50.0,378714.8798217489,378714.8798217489,117.25751222669597,3,1.185666751362731
1910,Procurement,Screened,50.32046014173616,378714.8798217489,378714.879799522,117.95559929124927,0,1.185666751362731
1911,Procurement,Uniform,50.0,330288.7684491575,330288.7684491575,81.01909943763161,4,1.1039926819790895
1911,Procurement,Screened,50.31149855629772,330288.7684491575,330288.76844915753,81.50844799326707,0,1.1039926819790895
1912,Procurement,Uniform,50.0,310991.3654105284,310991.3654105284,88.96683318518468,3,1.1791736036690936
1912,Procurement,Screened,50.31795129322103,310991.3654105284,310991.3654105284,89.49194991870105,0,1.1791736036690936
1913,Procurement,Uniform,50.0,292511.46845855983,292511.46845855983,55.85959113331278,4,0.7914902667127404
1913,Procurement,Screened,50.30683988676972,292511.46845855983,292511.46845855983,56.20103090127555,0,0.7914902667127404
1914,Procurement,Uniform,50.0,282238.6197767294,282238.6197767294,79.3822381078658,3,1.0894572382170322
1914,Procurement,Screened,50.3058996571645,282238.6197767294,282238.6197767293,79.85413581895264,0,1.0894572382170322
1915,Procurement,Uniform,50.0,317985.84218085895,317985.84218085895,65.31371135301126,5,0.8046578819971864
1915,Procurement,Screened,50.31667438798219,317985.84218085895,317985.842180859,65.71753145075517,0,0.8046578819971864
1916,Procurement,Uniform,50.0,290080.9578018812,290080.95780188113,48.42561585156967,4,0.7689279401527394
1916,Procurement,Screened,50.3104461208819,290080.9578018812,290080.957801881,48.7240551800439,0,0.7689279401527394
1917,Procurement,Uniform,50.0,387413.8724403706,387413.8724403706,58.7812445207632,5,0.6503136034229988
1917,Procurement,Screened,50.33460325495603,387413.8724403706,387413.8724190325,59.16783511431496,0,0.6503136034229988
1918,Procurement,Uniform,50.0,416438.7148779373,416438.71487793734,125.82275985675045,3,1.2058328326523533
1918,Procurement,Screened,50.31422268079043,416438.7148779373,416438.71487793734,126.58219935607852,0,1.2058328326523533
1919,Procurement,Uniform,50.0,371790.2707784145,371790.2707784145,115.46606613035205,3,1.3726892754119673
1919,Procurement,Screened,50.318588983542746,371790.2707784145,371790.2707565056,116.1609893571192,0,1.3726892754119673
1920,Procurement,Uniform,50.0,390624.1636371013,390624.1636371013,41.69434093834943,7,0.570454394343145
1920,Procurement,Screened,50.310458605806126,390624.1636371013,390624.1636371013,41.983060765825776,2,0.570454394343145
1921,Procurement,Uniform,50.0,312396.0703531987,312396.0703531987,40.00045712757015,5,0.6223956163409783
1921,Procurement,Screened,50.313837696632625,312396.0703531987,312396.0703533698,40.25240101836419,0,0.6223956163409783
1922,Procurement,Uniform,50.0,414977.69675534096,414977.69675534096,128.6733973007341,2,1.1555716674980954
1922,Procurement,Screened,50.303332794663774,414977.69675534096,414977.69675534114,129.4409550851671,0,1.1555716674980954
1923,Procurement,Uniform,50.0,298378.19743706414,298378.19743706414,37.843847449268004,6,0.5366302826059806
1923,Procurement,Screened,50.31130512101516,298378.19743706414,298378.19743706426,38.08638735480372,1,0.5366302826059806
1924,Procurement,Uniform,50.0,392899.9978128182,392899.9978128182,44.931133520080266,7,0.5187640404773355
1924,Procurement,Screened,50.30337366389831,392899.9978128182,392899.99781281804,45.23640375367621,2,0.5187640404773355
1925,Procurement,Uniform,50.0,323796.09827396483,323796.09827396483,88.67789371286227,3,1.2626501583510543
1925,Procurement,Screened,50.30843789684194,323796.09827396483,323796.0982549607,89.2058719241808,0,1.2626501583510543
1926,Procurement,Uniform,50.0,308493.1801733579,308493.1801733579,104.41716602887443,2,1.2382733016513745
1926,Procurement,Screened,50.30335952995418,308493.1801733579,308493.18015510147,105.02700747450926,0,1.2382733016513745
1927,Procurement,Uniform,50.0,395906.3438356193,395906.3438356193,72.07520605256315,5,0.8202374454424795
1927,Procurement,Screened,50.31624638866636,395906.3438356193,395906.3438122549,72.53505733322278,0,0.8202374454424795
1928,Procurement,Uniform,50.0,364136.1669853561,364136.16698535613,74.14041563507249,5,1.0116034806737688
1928,Procurement,Screened,50.31241571693065,364136.1669853561,364136.166985356,74.60325804870196,0,1.0116034806737688
1929,Procurement,Uniform,50.0,411905.497489208,411905.497489208,106.48756358011167,4,0.9220430012058268
1929,Procurement,Screened,50.31632124540152,411905.497489208,411905.49748920824,107.12906640163777,0,0.9220430012058268
1930,Procurement,Uniform,50.0,303851.5251678013,303851.5251678013,75.33462038668613,3,1.013679380292761
1930,Procurement,Screened,50.31093630672339,303851.5251678013,303851.5251678013,75.79244606660629,0,1.013679380292761
1931,Procurement,Uniform,50.0,282573.495267237,282573.495267237,99.86994658897495,2,1.4351514590076009
1931,Procurement,Screened,50.31207489465241,282573.495267237,282573.4952672371,100.45472713024361,0,1.4351514590076009
1932,Procurement,Uniform,50.0,400656.9424165853,400656.9424165853,119.3930028399413,3,1.1340426568177957
1932,Procurement,Screened,50.30447889035244,400656.9424165853,400656.9424165853,120.11555040535133,0,1.1340426568177957
1933,Procurement,Uniform,50.0,309274.9959391898,309274.9959391898,48.37053602070205,5,0.6782393942831282
1933,Procurement,Screened,50.31520598683368,309274.9959391898,309274.99593918974,48.684878547897924,0,0.6782393942831282
1934,Procurement,Uniform,50.0,385938.1673632119,385938.1673632119,110.41961191954088,3,1.334106553522329
1934,Procurement,Screened,50.30644437460991,385938.1673632119,385938.167363212,111.08377797793456,0,1.334106553522329
1935,Procurement,Uniform,50.0,328464.64634111064,328464.64634111064,56.108479355920686,5,0.6665494013623565
1935,Procurement,Screened,50.30582991188091,328464.64634111064,328464.6463411105,56.46135236886494,0,0.6665494013623565
1936,Procurement,Uniform,50.0,288357.7669294749,288357.7669294749,63.21263383291828,4,0.9149909092112364
1936,Procurement,Screened,50.31526509487951,288357.7669294749,288357.7669294748,63.59571891351776,0,0.9149909092112364
1937,Procurement,Uniform,50.0,321503.18345005263,321503.18345005263,34.243610661804766,7,0.5039789871597027
1937,Procurement,Screened,50.31292130122182,321503.18345005263,321503.18345005286,34.469683557602,2,0.5039789871597027
1938,Procurement,Uniform,50.0,381727.77113556885,381727.77113556885,103.6519950072593,3,1.1573611027336603
1938,Procurement,Screened,50.325637697839745,381727.77113556885,381727.77111306915,104.2849039534437,0,1.1573611027336603
1939,Procurement,Uniform,50.0,358898.0893221764,358898.0893221764,82.68058318056198,3,1.0293404861915816
1939,Procurement,Screened,50.30795438697048,358898.0893221764,358898.08932217624,83.17508764667521,0,1.0293404861915816
1940,Procurement,Uniform,50.0,332865.4559615061,332865.4559615061,67.15835630114098,5,0.8755016819197177
1940,Procurement,Screened,50.307136175526445,332865.4559615061,332865.4559615061,67.57600501397603,0,0.8755016819197177
1941,Procurement,Uniform,50.0,311937.6904562909,311937.6904562909,89.47594761730087,3,1.2534870600347292
1941,Procurement,Screened,50.32146542589302,311937.6904562909,311937.6904378868,90.00812194930334,0,1.2534870600347292
1942,Procurement,Uniform,50.0,383678.64169824217,383678.64169824217,116.5944664334767,2,1.0539387069570272
1942,Procurement,Screened,50.3067858031612,383678.64169824217,383678.64169824205,117.29620356400929,0,1.0539387069570272
1943,Procurement,Uniform,50.0,314770.7236443498,314770.7236443498,87.11512047784817,3,1.2352232861504229
1943,Procurement,Screened,50.33126862573583,314770.7236443498,314770.7236258412,87.64422214621653,0,1.2352232861504229
1944,Procurement,Uniform,50.0,315274.25703214854,315274.25703214854,79.22240748115173,3,0.9700006100117494
1944,Procurement,Screened,50.30423136748185,315274.25703214854,315274.25703214854,79.67653234488098,0,0.9700006100117494
1945,Procurement,Uniform,50.0,325126.3732498858,325126.3732498858,48.00881929515609,6,0.6487425991816075
1945,Procurement,Screened,50.31700996396307,325126.3732498858,325126.3732498859,48.312791507522796,1,0.6487425991816075
1946,Procurement,Uniform,50.0,318283.3628301048,318283.3628301048,39.54490174435155,7,0.6215165018232939
1946,Procurement,Screened,50.307010839097764,318283.3628301048,318283.3628301047,39.807987188023326,2,0.6215165018232939
1947,Procurement,Uniform,50.0,317575.91501281934,317575.91501281934,114.00633481080055,2,1.2956932705513666
1947,Procurement,Screened,50.317929765014114,317575.91501281934,317575.9149940277,114.66798703255267,0,1.2956932705513666
1948,Procurement,Uniform,50.0,362028.1605029191,362028.1605029191,51.75201065619591,6,0.5556206798442282
1948,Procurement,Screened,50.32174857475287,362028.1605029191,362028.1604815381,52.09591657957777,1,0.5556206798442282
1949,Procurement,Uniform,50.0,373925.0778868665,373925.0778868665,145.39289094530213,2,1.383403871620796
1949,Procurement,Screened,50.31997886768947,373925.0778868665,373925.0778664511,146.24729760122182,0,1.383403871620796
1950,Procurement,Uniform,50.0,325886.4691974929,325886.4691974929,62.9228932007718,5,0.7460827045889806
1950,Procurement,Screened,50.30729810733961,325886.4691974929,325886.46919749305,63.31730201027136,0,0.7460827045889806
1951,Procurement,Uniform,50.0,350051.07499048475,350051.07499048475,91.86045887782383,3,0.974056832890296
1951,Procurement,Screened,50.30523345201371,350051.07499048475,350051.0749697626,92.41694696818764,0,0.974056832890296
1952,Procurement,Uniform,50.0,346525.1244735223,346525.1244735223,45.94432116032232,7,0.6112913070185005
1952,Procurement,Screened,50.312709792295124,346525.1244735223,346525.1244531064,46.24229535155733,2,0.6112913070185005
1953,Procurement,Uniform,50.0,317626.55638251425,317626.55638251425,99.18846080545866,3,1.2766629067313513
1953,Procurement,Screened,50.31662072957582,317626.55638251425,317626.5563637633,99.77996692945578,0,1.2766629067313513
1954,Procurement,Uniform,50.0,315397.6630539612,315397.6630539612,101.43841133157673,2,1.348639400063406
1954,Procurement,Screened,50.3180204943427,315397.6630539612,315397.66303530574,102.03996800859436,0,1.348639400063406
1955,Procurement,Uniform,50.0,339812.79308942193,339812.79308942193,56.768977742522104,5,0.6513097561416035
1955,Procurement,Screened,50.324560165869464,339812.79308942193,339812.79306941864,57.12614163517976,0,0.6513097561416035
1956,Procurement,Uniform,50.0,359639.8203444262,359639.8203444262,92.06994524329625,3,1.306441060020319
1956,Procurement,Screened,50.31112907386268,359639.8203444262,359639.8203444263,92.60056615861997,0,1.306441060020319
1957,Procurement,Uniform,50.0,372420.8662737092,372420.8662737092,62.77162083029673,5,0.7364738894731555
1957,Procurement,Screened,50.30320109519891,372420.8662737092,372420.8662516869,63.16603121704779,0,0.7364738894731555
1958,Procurement,Uniform,50.0,300882.4490090491,300882.4490090491,99.39739766410533,2,1.4922836493426397
1958,Procurement,Screened,50.32688511333016,300882.4490090491,300882.44899132464,99.97582253895894,0,1.4922836493426397
1959,Procurement,Uniform,50.0,292302.52098885964,292302.52098885964,104.1943567531887,2,1.4477339530901894
1959,Procurement,Screened,50.317799837091286,292302.52098885964,292302.52097160876,104.79785243005314,0,1.4477339530901894
1960,Procurement,Uniform,50.0,290202.0835447267,290202.0835447267,75.54453831852327,3,1.0633033634808151
1960,Procurement,Screened,50.30960618263115,290202.0835447267,290202.0835447268,75.99275929886387,0,1.0633033634808151
1961,Procurement,Uniform,50.0,424004.8555059212,424004.8555059212,65.40806848473525,6,0.6587521130734053
1961,Procurement,Screened,50.30687633645751,424004.8555059212,424004.85550592106,65.8410444409009,1,0.6587521130734053
1962,Procurement,Uniform,50.0,366719.0440480205,366719.0440480205,106.58194297561435,3,1.1094677599820817
1962,Procurement,Screened,50.306947486674936,366719.0440480205,366719.0440480205,107.20526782627891,0,1.1094677599820817
1963,Procurement,Uniform,50.0,400633.6684488329,400633.6684488329,114.79121979132523,3,1.0868820977339144
1963,Procurement,Screened,50.31797278754888,400633.6684488329,400633.66842527373,115.473835132106,0,1.0868820977339144
1964,Procurement,Uniform,50.0,363032.9713232853,363032.9713232853,125.27258754787965,2,1.3987896643771802
1964,Procurement,Screened,50.321560770656795,363032.9713232853,363032.97130189126,126.01409484640773,0,1.3987896643771802
1965,Procurement,Uniform,50.0,284399.73499135894,284399.73499135894,94.41568465605758,2,1.4537504334987916
1965,Procurement,Screened,50.30877235978759,284399.73499135894,284399.73499135906,94.96736422181745,0,1.4537504334987916
1966,Procurement,Uniform,50.0,285426.97968141234,285426.97968141234,62.53685109933743,4,0.857274530359094
1966,Procurement,Screened,50.308491507564014,285426.97968141234,285426.97968141234,62.91631280360339,0,0.857274530359094
1967,Procurement,Uniform,50.0,399928.66104079457,399928.66104079457,47.72466227830272,7,0.5372297025860129
1967,Procurement,Screened,50.303570769898066,399928.66104079457,399928.66104079457,48.044048908570346,2,0.5372297025860129
1968,Procurement,Uniform,50.0,378316.9196407632,378316.9196407632,74.12929892327256,5,0.7759690248425443
1968,Procurement,Screened,50.30805807046362,378316.9196407632,378316.9196425973,74.59068270568575,0,0.7759690248425443
1969,Procurement,Uniform,50.0,341044.5129758241,341044.5129758241,38.58592732603671,7,0.5361894178514468
1969,Procurement,Screened,50.312077663006306,341044.5129758241,341044.51297582407,38.85123751758525,2,0.5361894178514468
1970,Procurement,Uniform,50.0,397791.2744858986,397791.27448589867,66.65365512709715,5,0.6422685774503147
1970,Procurement,Screened,50.307139418371975,397791.2744858986,397791.27448589855,67.08386889210777,0,0.6422685774503147
1971,Procurement,Uniform,50.0,303469.20010531286,303469.20010531286,72.73277330116481,3,1.1365995518584442
1971,Procurement,Screened,50.308929179477055,303469.20010531286,303469.200105313,73.16533146335127,0,1.1365995518584442
1972,Procurement,Uniform,50.0,369363.89274424384,369363.89274424384,118.59784312901898,3,1.2677935755191507
1972,Procurement,Screened,50.31768813935976,369363.89274424384,369363.89274424384,119.30636755639135,0,1.2677935755191507
1973,Procurement,Uniform,50.0,357761.1460302281,357761.1460302281,78.6645201213112,4,0.909891835618547
1973,Procurement,Screened,50.33376474040951,357761.1460302281,357761.1460091771,79.13524759823288,0,0.909891835618547
1974,Procurement,Uniform,50.0,330885.20425838744,330885.20425838744,51.31133759419866,5,0.6830970929376203
1974,Procurement,Screened,50.3196356691771,330885.20425838744,330885.20423889457,51.64338597624459,0,0.6830970929376203
1975,Procurement,Uniform,50.0,304346.54530317185,304346.54530317185,64.01839293951629,4,0.9115209625799148
1975,Procurement,Screened,50.30926708833605,304346.54530317185,304346.5453031719,64.4076542229555,0,0.9115209625799148
1976,Procurement,Uniform,50.0,316299.34747497056,316299.34747497056,55.9433848758221,5,0.9963055594836004
1976,Procurement,Screened,50.32324535530485,316299.34747497056,316299.34745630936,56.28447832339757,0,0.9963055594836004
1977,Procurement,Uniform,50.0,355380.1997403853,355380.1997403853,43.964154562372315,7,0.5879995244971217
1977,Procurement,Screened,50.31570225318403,355380.1997403853,355380.1997194148,44.263279957873905,2,0.5879995244971217
1978,Procurement,Uniform,50.0,288055.6409045111,288055.6409045111,56.345107311282476,4,0.7881716313833851
1978,Procurement,Screened,50.31869676575197,288055.6409045111,288055.6408875619,56.695393451987904,0,0.7881716313833851
1979,Procurement,Uniform,50.0,426644.4642448619,426644.4642448619,81.28805003425896,5,0.8435639759687128
1979,Procurement,Screened,50.33800885747888,426644.4642448619,426644.4642198664,81.78872015814567,0,0.8435639759687128
1980,Procurement,Uniform,50.0,320423.8818035606,320423.8818035606,66.16033860029903,4,0.9344730141746672
1980,Procurement,Screened,50.31370049062199,320423.8818035606,320423.88180356054,66.57563178550856,0,0.9344730141746672
1981,Procurement,Uniform,50.0,405670.4448996841,405670.4448996841,54.001885839066645,7,0.5544501519841634
1981,Procurement,Screened,50.32293610889699,405670.4448996841,405670.4448757664,54.354215166965744,2,0.5544501519841634
1982,Procurement,Uniform,50.0,354082.9374172255,354082.9374172255,48.63732332553474,5,0.5682165889785237
1982,Procurement,Screened,50.3082041699744,354082.9374172255,354082.9373963137,48.94464131200915,0,0.5682165889785237
1983,Procurement,Uniform,50.0,318264.6630346138,318264.6630346138,39.20590359507588,7,0.5295397962490702
1983,Procurement,Screened,50.312918865184905,318264.6630346138,318264.6630159929,39.463462422987575,2,0.5295397962490702
1984,Procurement,Uniform,50.0,327582.8097138432,327582.8097138432,98.93093083123625,3,1.1519444824327063
1984,Procurement,Screened,50.31247333948291,327582.8097138432,327582.80971384334,99.52364762459445,0,1.1519444824327063
1985,Procurement,Uniform,50.0,372426.33430693694,372426.33430693694,113.93752075893427,3,1.2283767047152852
1985,Procurement,Screened,50.31750035493041,372426.33430693694,372426.3343069369,114.62933962646906,0,1.2283767047152852
1986,Procurement,Uniform,50.0,348659.21389170445,348659.21389170445,52.81272026345538,5,0.7603251549344667
1986,Procurement,Screened,50.32144063803925,348659.21389170445,348659.2138711651,53.142459765194346,0,0.7603251549344667
1987,Procurement,Uniform,50.0,286375.29241974815,286375.29241974815,29.011226671254203,7,0.5126289825563187
1987,Procurement,Screened,50.3225443014831,286375.29241974815,286375.292402883,29.212632505290486,2,0.5126289825563187
1988,Procurement,Uniform,50.0,330762.9838696306,330762.9838696306,99.65648046764012,3,1.1422318047096622
1988,Procurement,Screened,50.305494289121285,330762.9838696306,330762.9838696306,100.25409753338323,0,1.1422318047096622
1989,Procurement,Uniform,50.0,293959.1029061988,293959.1029061988,31.697741394064263,7,0.5702362589298178
1989,Procurement,Screened,50.305566119353415,293959.1029061988,293959.10290619894,31.90154981023535,2,0.5702362589298178
1990,Procurement,Uniform,50.0,404801.9498580628,404801.9498580628,50.6680261350011,7,0.5202174643483385
1990,Procurement,Screened,50.32737899375724,404801.9498580628,404801.94983419974,51.00067123506189,2,0.5202174643483385
1991,Procurement,Uniform,50.0,300617.81089896645,300617.81089896645,58.94750531528094,4,0.8158638571559012
1991,Procurement,Screened,50.31424203779838,300617.81089896645,300617.81089896645,59.314815495675376,0,0.8158638571559012
1992,Procurement,Uniform,50.0,294030.9552731052,294030.9552731052,63.97693476066766,4,0.8796551481875812
1992,Procurement,Screened,50.31368075809616,294030.9552731052,294030.9552731052,64.36208335770856,0,0.8796551481875812
1993,Procurement,Uniform,50.0,434685.8508071307,434685.8508071307,101.329347322781,4,0.919428748214166
1993,Procurement,Screened,50.303916486744626,434685.8508071307,434685.8508071306,101.96045686539459,0,0.919428748214166
1994,Procurement,Uniform,50.0,334450.82712915435,334450.82712915435,82.63078862650454,3,1.0146984438167093
1994,Procurement,Screened,50.307999313113505,334450.82712915435,334450.8271093877,83.1311532450081,0,1.0146984438167093
1995,Procurement,Uniform,50.0,421268.7395451066,421268.7395451066,82.33052151588215,4,0.755625492675513
1995,Procurement,Screened,50.31232637463932,421268.7395451066,421268.7395204986,82.85290907057374,0,0.755625492675513
1996,Procurement,Uniform,50.0,315159.954471878,315159.954471878,77.36574920110985,3,1.0037081020756928
1996,Procurement,Screened,50.30825405458292,315159.954471878,315159.9544718779,77.82776173213834,0,1.0037081020756928
1997,Procurement,Uniform,50.0,338939.16139135265,338939.16139135265,98.15285638229983,3,1.1962786494043374
1997,Procurement,Screened,50.31057518651492,338939.16139135265,338939.1613913525,98.73952186962785,0,1.1962786494043374
1998,Procurement,Uniform,50.0,330269.89044248674,330269.89044248674,36.756056433999255,7,0.6302475661787241
1998,Procurement,Screened,50.33108379104433,330269.89044248674,330269.890424434,36.997333523388185,2,0.6302475661787241
1999,Procurement,Uniform,50.0,304766.81604863994,304766.81604863994,62.89867499691808,4,0.960315690856396
1999,Procurement,Screened,50.31510973713764,304766.81604863994,304766.81604863994,63.2814471032039,0,0.960315690856396
2000,Procurement,Uniform,50.0,294287.041672812,294287.041672812,44.46581571371547,5,0.6004016550540204
2000,Procurement,Screened,50.30591882004234,294287.041672812,294287.041655426,44.75278025737221,0,0.6004016550540204
2001,Procurement,Uniform,50.0,419199.3794056727,419199.37940567266,68.98006294382002,5,0.6977827305336738
2001,Procurement,Screened,50.32224293367602,419199.3794056727,419199.3793809165,69.41888107164074,0,0.6977827305336738
2002,Procurement,Uniform,50.0,289250.50765414897,289250.50765414897,92.60603758128741,2,1.2509000499973095
2002,Procurement,Screened,50.31817941992865,289250.50765414897,289250.507654149,93.1496816791806,0,1.2509000499973095
2003,Procurement,Uniform,50.0,300878.63337259647,300878.63337259647,43.753631790792674,5,0.7034725840774643
2003,Procurement,Screened,50.31342486014504,300878.63337259647,300878.63337259647,44.04046211025676,0,0.7034725840774643
2004,Procurement,Uniform,50.0,403305.7763918433,403305.77639184333,62.13797009113833,7,0.6139272552952791
2004,Procurement,Screened,50.327144008907865,403305.7763918433,403305.77636827657,62.536708175932695,2,0.6139272552952791
2005,Procurement,Uniform,50.0,308254.03182388074,308254.03182388074,100.1364596726753,2,1.279461613914016
2005,Procurement,Screened,50.302856386264,308254.03182388074,308254.0318238807,100.72326869970422,0,1.279461613914016
2006,Procurement,Uniform,50.0,315997.34425002657,315997.34425002657,45.88488330694487,5,0.6982847002559638
2006,Procurement,Screened,50.314483037290174,315997.34425002657,315997.3442500265,46.17519719882998,0,0.6982847002559638
2007,Procurement,Uniform,50.0,298323.735277761,298323.735277761,52.935581273761045,5,0.731288104199684
2007,Procurement,Screened,50.319580578902574,298323.735277761,298323.7352602072,53.27073012640777,0,0.731288104199684
2008,Procurement,Uniform,50.0,281820.01289355895,281820.01289355895,54.72240186911947,4,0.922858787711614
2008,Procurement,Screened,50.310286958985856,281820.01289355895,281820.01289355906,55.0557231954236,0,0.922858787711614
2009,Procurement,Uniform,50.0,414780.41759977385,414780.41759977385,159.4273216422043,2,1.436349473035221
2009,Procurement,Screened,50.31931285486548,414780.41759977385,414780.417575408,160.36709461962974,0,1.436349473035221
2010,Procurement,Uniform,50.0,362814.6917229163,362814.6917229163,43.93837452589885,7,0.5809603628513963
2010,Procurement,Screened,50.307247538617816,362814.6917229163,362814.6917229163,44.22735075814939,2,0.5809603628513963
2011,Procurement,Uniform,50.0,361937.6295515103,361937.6295515103,124.38385200039156,2,1.3621731159258297
2011,Procurement,Screened,50.311439333163705,361937.6295515103,361937.62953012576,125.12216163281538,0,1.3621731159258297
2012,Procurement,Uniform,50.0,317874.0541291172,317874.05412911717,123.25562937712941,2,1.4055585963283457
2012,Procurement,Screened,50.30865812710688,317874.0541291172,317874.054129117,123.96972212016813,0,1.4055585963283457
2013,Procurement,Uniform,50.0,338174.0788956445,338174.0788956445,84.7536747181305,3,0.9524921314673304
2013,Procurement,Screened,50.30984219480418,338174.0788956445,338174.0788956445,85.26399909632669,0,0.9524921314673304
2014,Procurement,Uniform,50.0,416096.9920931448,416096.9920931448,115.45887309693356,4,1.2476963099885767
2014,Procurement,Screened,50.32169160781446,416096.9920931448,416096.99206877523,116.15106124432981,0,1.2476963099885767
2015,Procurement,Uniform,50.0,308493.0380334876,308493.0380334876,33.11687955640689,7,0.5437839337938155
2015,Procurement,Screened,50.3034672980208,308493.0380334876,308493.03803348757,33.32885738771764,2,0.5437839337938155
2016,Procurement,Uniform,50.0,365138.59476917086,365138.59476917086,58.62199878748964,5,0.6998549972926806
2016,Procurement,Screened,50.31530125450633,365138.59476917086,365138.5947691709,58.99133814800247,0,0.6998549972926806
2017,Procurement,Uniform,50.0,302239.7190908524,302239.7190908524,43.68697277500802,5,0.647532405816482
2017,Procurement,Screened,50.32150199001819,302239.7190908524,302239.719072991,43.966528818897544,0,0.647532405816482
2018,Procurement,Uniform,50.0,391554.5392428463,391554.53924284625,127.19010824445706,2,1.2814546416627643
2018,Procurement,Screened,50.30328605925536,391554.5392428463,391554.53924284625,127.94691820519746,0,1.2814546416627643
2019,Procurement,Uniform,50.0,364051.6100989686,364051.6100989686,117.23302784978155,3,1.2983014038842513
2019,Procurement,Screened,50.328567297740726,364051.6100989686,364051.610077529,117.94468029889184,0,1.2983014038842513
2020,Procurement,Uniform,50.0,367085.212658148,367085.212658148,47.999325669203905,6,0.565370228184114
2020,Procurement,Screened,50.31335431553259,367085.212658148,367085.212658148,48.318122832376275,1,0.565370228184114
2021,Procurement,Uniform,50.0,418860.6421135403,418860.6421135403,141.73065001682934,3,1.2454572457182131
2021,Procurement,Screened,50.315890831544564,418860.6421135403,418860.6420888986,142.58083092093472,0,1.2454572457182131
2022,Procurement,Uniform,50.0,298507.6956997145,298507.6956997145,89.74487738735937,3,1.3346701218106765
2022,Procurement,Screened,50.31456959665103,298507.6956997145,298507.6956997144,90.28278404690772,0,1.3346701218106765
2023,Procurement,Uniform,50.0,318380.26443324453,318380.26443324453,54.68613796787381,5,0.8220387345661435
2023,Procurement,Screened,50.30748289745174,318380.26443324453,318380.2644332445,55.036431354167576,0,0.8220387345661435
2024,Procurement,Uniform,50.0,298936.9354188974,298936.9354188974,87.6059054376711,2,1.2759136819836898
2024,Procurement,Screened,50.306638362935786,298936.9354188974,298936.9354188975,88.11763628338862,0,1.2759136819836898
2025,Procurement,Uniform,50.0,293712.31914783525,293712.31914783525,64.15107575695345,3,0.9140972016389216
2025,Procurement,Screened,50.31288525037968,293712.31914783525,293712.31913109357,64.54138401035497,0,0.9140972016389216
2026,Procurement,Uniform,50.0,351232.3072023592,351232.3072023592,71.55609574034615,4,0.7995740319125177
2026,Procurement,Screened,50.31960466453921,351232.3072023592,351232.30718781654,72.00297348492481,0,0.7995740319125177
2027,Procurement,Uniform,50.0,359759.2882106798,359759.2882106798,57.70264911657483,5,0.7267308128479154
2027,Procurement,Screened,50.32594448027735,359759.2882106798,359759.2881895539,58.06578790868481,0,0.7267308128479154
2028,Procurement,Uniform,50.0,423829.3252493981,423829.3252493981,103.50961397951195,4,1.0552931963650765
2028,Procurement,Screened,50.318887161185394,423829.3252493981,423829.32522443304,104.15189970251278,0,1.0552931963650765
2029,Procurement,Uniform,50.0,383362.7261954145,383362.7261954145,109.41286321617808,3,1.030332567729779
2029,Procurement,Screened,50.3147210609396,383362.7261954145,383362.7261954145,110.08191147098744,0,1.030332567729779
2030,Procurement,Uniform,50.0,354853.87438846263,354853.87438846263,83.11264664773277,4,0.9504788925277412
2030,Procurement,Screened,50.315665713219076,354853.87438846263,354853.8743884625,83.61658140105857,0,0.9504788925277412
2031,Procurement,Uniform,50.0,329852.0087220645,329852.00872206455,59.749145377629546,5,0.8127199181140825
2031,Procurement,Screened,50.3124244533048,329852.0087220645,329852.00872206467,60.120881914353475,0,0.8127199181140825
2032,Procurement,Uniform,50.0,291486.1530057932,291486.15300579317,69.22250569192113,3,0.9369620089894604
2032,Procurement,Screened,50.31178911941902,291486.1530057932,291486.1529885616,69.63676342588623,0,0.9369620089894604
2033,Procurement,Uniform,50.0,421085.3955296309,421085.3955296309,118.7047410829585,4,1.1594169078018193
2033,Procurement,Screened,50.323328963224384,421085.3955296309,421085.39550480805,119.4253451885198,0,1.1594169078018193
2034,Procurement,Uniform,50.0,350576.4982305424,350576.4982305424,38.92459712482983,7,0.6364212471204712
2034,Procurement,Screened,50.30834021133234,350576.4982305424,350576.4982305424,39.19135365760976,2,0.6364212471204712
2035,Procurement,Uniform,50.0,410234.3700634027,410234.3700634027,117.06405585455862,3,1.2212842342491044
2035,Procurement,Screened,50.33604285825985,410234.3700634027,410234.3700393694,117.77669348736329,0,1.2212842342491044
2036,Procurement,Uniform,50.0,365941.9495122852,365941.9495122852,112.75105632464644,3,1.294053921824443
2036,Procurement,Screened,50.308866453999556,365941.9495122852,365941.94951228524,113.42446149054297,0,1.294053921824443
2037,Procurement,Uniform,50.0,354865.73953358,354865.73953358,38.86183081352976,7,0.56145106586882
2037,Procurement,Screened,50.31804579876612,354865.73953358,354865.73953276663,39.10663105938524,2,0.56145106586882
2038,Procurement,Uniform,50.0,306865.5945790343,306865.5945790343,75.18638352870938,3,0.9453750682814924
2038,Procurement,Screened,50.313666966370164,306865.5945790343,306865.5945823467,75.63911971107653,0,0.9453750682814924
2039,Procurement,Uniform,50.0,339915.6856437762,339915.6856437762,87.34683578306328,3,1.222618209342622
2039,Procurement,Screened,50.31427415434433,339915.6856437762,339915.6856437763,87.87312934360935,0,1.222618209342622
2040,Procurement,Uniform,50.0,299912.56134591176,299912.56134591176,92.36523921943169,3,1.4141693161308289
2040,Procurement,Screened,50.32545842934078,299912.56134591176,299912.56132834754,92.9184961554321,0,1.4141693161308289
2041,Procurement,Uniform,50.0,337321.8644659617,337321.8644659617,80.40892134309844,3,1.0458689697814916
2041,Procurement,Screened,50.313535771808105,337321.8644659617,337321.86446596176,80.88379171385841,0,1.0458689697814916
2042,Procurement,Uniform,50.0,285504.75875593594,285504.75875593594,86.79088544817967,3,1.3090954710470737
2042,Procurement,Screened,50.33216649620212,285504.75875593594,285504.7587391678,87.30260985928781,0,1.3090954710470737
2043,Procurement,Uniform,50.0,295450.8034021345,295450.8034021345,39.84940245078366,5,0.5638113759453511
2043,Procurement,Screened,50.317301542055006,295450.8034021345,295450.8034021345,40.09833470419248,0,0.5638113759453511
2044,Procurement,Uniform,50.0,348412.84819187404,348412.84819187404,51.38411945746459,5,0.5892943179816619
2044,Procurement,Screened,50.30370567747519,348412.84819187404,348412.84819187416,51.725825064011275,0,0.5892943179816619
2045,Procurement,Uniform,50.0,319816.02415328106,319816.02415328106,82.76321348528471,3,1.1174233564123173
2045,Procurement,Screened,50.30835992698305,319816.02415328106,319816.02415328106,83.25313986652213,0,1.1174233564123173
2046,Procurement,Uniform,50.0,435352.4042301651,435352.4042301651,79.83614251963171,5,0.8070328589920528
2046,Procurement,Screened,50.31005614565756,435352.4042301651,435352.40421586763,80.33316442568425,0,0.8070328589920528
2047,Procurement,Uniform,50.0,298263.5968106707,298263.5968106707,71.42185280182639,3,1.0093238144057095
2047,Procurement,Screened,50.324852648075236,298263.5968106707,298263.5967931034,71.85541956514648,0,1.0093238144057095
2048,Procurement,Uniform,50.0,312361.8293258463,312361.8293258463,68.98347189098905,4,1.0756375790180952
2048,Procurement,Screened,50.32003619761932,312361.8293258463,312361.8293519893,69.40667266584454,0,1.0756375790180952
