sample_id,strategy,coverage_pct,delivered_twh,gain_gt,national_net_emissions_mt
0,Uniform,50.0,351384.50816323987,0.0,19.170935575857342
0,Screened,50.32532978012796,351384.50814260746,0.520219429552867,-0.0
0,Yield per roof,51.31996366914859,351384.50816323987,1.3241982117860545,3.0850258651390585
0,Procurement,50.0,351384.50816323987,1.0247673423172614,13.069353444975095
0,Combined,50.32532978012796,351384.50814260746,1.5463450413074753,-0.0
1,Uniform,50.0,395586.4795208995,1.4210854715202004e-14,10.068334975813228
1,Screened,50.32088645632605,395586.47949762316,0.7318339665165183,-0.0
1,Yield per roof,51.3039465798182,395586.4795208995,1.782312595667122,-0.0
1,Procurement,50.0,395586.4795208995,0.8468000405677856,6.438977556664964
1,Combined,50.32088645632605,395586.47949762316,1.57843414645086,-0.0
2,Uniform,50.0,405459.8998404227,0.0,16.784506182260206
2,Screened,50.30885815621335,405459.8998404228,0.6340140481104157,-0.0
2,Yield per roof,51.25522406016037,405459.89984042273,1.4990586622952975,2.0888086335092346
2,Procurement,50.0,405459.8998404227,0.8558233443148708,11.741561096752877
2,Combined,50.30885815621335,405459.8998404228,1.490345940513592,-0.0
3,Uniform,50.0,313598.76124598563,0.0,20.432174420997328
3,Screened,50.31055668236527,313598.76124598563,0.3934951898286343,-0.0
3,Yield per roof,51.260776405622266,313598.76124598563,1.0260843247769884,4.848395172311667
3,Procurement,50.0,313598.76124598563,0.9579480910664486,13.348513876808843
3,Combined,50.31055668236527,313598.76124598563,1.3509759141193172,-0.0
4,Uniform,50.0,281405.2811984792,0.0,14.115550087653626
4,Screened,50.31800996342242,281405.2811984791,0.4074273660609151,-0.0
4,Yield per roof,51.29032626926614,281405.28119847924,1.0962644467831524,1.752241237634965
4,Procurement,50.0,281405.2811984792,1.1608736908755475,7.5216704711588385
4,Combined,50.31800996342242,281405.2811984791,1.5706713697182408,-0.0
5,Uniform,50.0,325427.8191585659,0.0,32.28365406638795
5,Screened,50.309086845954404,325427.81915856584,0.32595268066314276,4.912461213605
5,Yield per roof,51.25547975343281,325427.81915856584,0.8425903453240764,14.79523362943202
5,Procurement,50.0,325427.8191585659,0.9679660931071652,20.19220502329995
5,Combined,50.309086845954404,325427.81915856584,1.2942122831964795,-0.0
6,Uniform,50.0,324805.8836074585,0.0,3.014612533693876
6,Screened,50.32482511303668,324805.88359024364,0.7586827725329641,-0.0
6,Yield per roof,51.32123110141106,324805.8836074586,1.8710124249699476,-0.0
6,Procurement,50.0,324805.8836074585,0.9830760356810089,1.696774732012687
6,Combined,50.32482511303668,324805.88359024364,1.7428475522102786,-0.0
7,Uniform,50.0,316581.89478629915,0.0,3.326349926507236
7,Screened,50.32027400509934,316581.8947675866,0.6441127384299392,-0.0
7,Yield per roof,51.30282918076387,316581.8947862992,1.5782151218304534,-0.0
7,Procurement,50.0,316581.89478629915,1.0008816482257714,1.9841642698624944
7,Combined,50.32027400509934,316581.8947675866,1.6512763279594367,-0.0
8,Uniform,50.0,401853.446260329,0.0,20.363287967393934
8,Screened,50.323428750185755,401853.44623681845,0.6551648853333063,-0.0
8,Yield per roof,51.311085520130604,401853.446260329,1.5784314382836584,2.9042715340227376
8,Procurement,50.0,401853.446260329,0.9361233194242402,14.902085209086783
8,Combined,50.323428750185755,401853.44623681845,1.5920537333124969,-0.0
9,Uniform,50.0,373895.8581183856,0.0,25.666457871065383
9,Screened,50.315267278534776,373895.85809627455,0.4289237330927165,-0.0
9,Yield per roof,51.28346162552532,373895.8581183856,1.0895008671915178,7.088050861566185
9,Procurement,50.0,373895.8581183856,0.8942427143923624,18.766820239979776
9,Combined,50.315267278534776,373895.85809627455,1.3263257085849602,-0.0
10,Uniform,50.0,386848.9795673735,0.0,62.626954306873664
10,Screened,50.30747043689489,386848.9795597626,0.313377568108578,26.892677582666174
10,Yield per roof,51.253330429886375,386848.9795673736,0.8248714259825007,41.80379909582108
10,Procurement,50.0,386848.9795673735,0.8735636136653042,38.85453465662492
10,Combined,50.30747043689489,386848.9795597626,1.1895928493065284,9.66139135606791
11,Uniform,50.0,329206.43132322986,0.0,11.875654012607782
11,Screened,50.328034279244314,329206.43130394106,0.6996567782823888,-0.0
11,Yield per roof,51.328130813458614,329206.4313232299,1.722937661960728,0.1299223839166696
11,Procurement,50.0,329206.43132322986,1.1853412962643262,6.729144726189746
11,Combined,50.328034279244314,329206.43130394106,1.8869816018246297,-0.0
12,Uniform,50.0,392113.2902737217,1.4210854715202004e-14,14.373901844769318
12,Screened,50.31687228679391,392113.2902737216,0.6194734250930765,-0.0
12,Yield per roof,51.28772705730158,392113.2902737217,1.4736903405080142,1.5153403994593697
12,Procurement,50.0,392113.2902737217,0.8673857952067152,9.25257958755633
12,Combined,50.31687228679391,392113.2902737216,1.487044694427098,-0.0
13,Uniform,50.0,353830.1210536375,0.0,45.551829620996884
13,Screened,50.31040021359711,353830.1210344817,0.3520746622364044,14.012326524212563
13,Yield per roof,51.2636296960269,353830.1210536375,0.8790566532464581,25.70859257103762
13,Procurement,50.0,353830.1210536375,0.886783054113387,24.976401209261365
13,Combined,50.31040021359711,353830.1210344817,1.2386480879219803,-0.0
14,Uniform,50.0,314868.53304712963,0.0,32.98232815103906
14,Screened,50.31250613233773,314868.53304712963,0.3445765249290247,4.8151887114218255
14,Yield per roof,51.26858502429452,314868.53304712975,0.8617133930864824,15.169670571517587
14,Procurement,50.0,314868.53304712963,1.0346559105877091,20.555373758242357
14,Combined,50.31250613233773,314868.53304712963,1.3797343010549952,-0.0
15,Uniform,50.0,370470.6119287838,0.0,3.766303098618621
15,Screened,50.31567225346162,370470.61191321566,0.7063297633342671,-0.0
15,Yield per roof,51.286889907775645,370470.611928784,1.7903496256486022,-0.0
15,Procurement,50.0,370470.6119287838,0.8356060561448118,2.6420794135961536
15,Combined,50.31567225346162,370470.61191321566,1.54571025459353,-0.0
16,Uniform,50.0,400052.7837848532,0.0,7.131209839060754
16,Screened,50.31589555407064,400052.78378485324,0.7820642151851018,-0.0
16,Yield per roof,51.28547235770299,400052.78378485324,1.8975092987966775,-0.0
16,Procurement,50.0,400052.7837848532,0.8194349616816794,3.8140125831724907
16,Combined,50.31589555407064,400052.78378485324,1.6018581792922646,-0.0
17,Uniform,50.0,295572.5488873571,0.0,43.75349878033323
17,Screened,50.311519080965724,295572.5488873571,0.2783757367991768,15.625377996170267
17,Yield per roof,51.264891188437836,295572.54888735706,0.7221746281591663,26.710894518761823
17,Procurement,50.0,295572.5488873571,1.0394948560674493,20.475016233034776
17,Combined,50.311519080965724,295572.5488873571,1.318273905167878,-0.0
18,Uniform,50.0,302868.8698342758,0.0,11.413104272634419
18,Screened,50.312266281416704,302868.8698342758,0.4560335537591982,-0.0
18,Yield per roof,51.267999600331954,302868.8698342759,1.1451037621118303,1.0944480974150916
18,Procurement,50.0,302868.8698342758,0.9520844381800799,6.275283395260905
18,Combined,50.312266281416704,302868.8698342758,1.4081116040347155,-0.0
19,Uniform,50.0,404043.0959334896,0.0,27.403982353883848
19,Screened,50.31075442496398,404043.0959337801,0.4230087169746639,-0.0
19,Yield per roof,51.27212916423996,404043.09593348985,1.0486164199208332,8.144794329035026
19,Procurement,50.0,404043.0959334896,0.8133714006970365,21.135584781876453
19,Combined,50.31075442496398,404043.0959337801,1.238165512121455,-0.0
20,Uniform,50.0,325553.57746166165,0.0,9.463957104845347
20,Screened,50.32163098688809,325553.5774425129,0.6226193472306818,-0.0
20,Yield per roof,51.30533348060794,325553.5774616618,1.5135149348998738,-0.0
20,Procurement,50.0,325553.57746166165,0.988946075754285,5.184525210917998
20,Combined,50.32163098688809,325553.5774425129,1.6119753782733568,-0.0
21,Uniform,50.0,428319.4155624078,0.0,53.50251420283008
21,Screened,50.32277852714233,428319.4155513083,0.4738728716476288,13.581418237285822
21,Yield per roof,51.31228535425276,428319.4155624079,1.1609647544268,28.5959416923195
21,Procurement,50.0,428319.4155624078,0.8432947571057525,33.934534016708
21,Combined,50.32277852714233,428319.4155513083,1.3178300514066876,-0.0
22,Uniform,50.0,285131.61773368093,0.0,19.356517550140186
22,Screened,50.315247876339875,285131.61771679495,0.20675642015428508,-0.0
22,Yield per roof,51.28399273130815,285131.61773368093,0.4850630535934215,6.675565659216479
22,Procurement,50.0,285131.61773368093,0.8535558674528687,12.788354155583898
22,Combined,50.315247876339875,285131.61771679495,1.072143319011694,-0.0
23,Uniform,50.0,380402.9361012762,0.0,12.133866290561084
23,Screened,50.31879045584529,380402.93607898883,0.6961911583252345,-0.0
23,Yield per roof,51.29280596781279,380402.9361012763,1.822861169796667,-0.0
23,Procurement,50.0,380402.9361012762,1.0138841467795174,7.793395651215831
23,Combined,50.31879045584529,380402.93607898883,1.710833102103038,-0.0
24,Uniform,50.0,297108.8488122499,0.0,6.472129639224038
24,Screened,50.31613007961828,297108.84881224984,0.5798814554226794,-0.0
24,Yield per roof,51.28595705511807,297108.84881224984,1.4120187651371765,-0.0
24,Procurement,50.0,297108.8488122499,0.9136961205323928,2.7962933116831445
24,Combined,50.31613007961828,297108.84881224984,1.4929930554228008,-0.0
25,Uniform,50.0,304943.0306537718,0.0,29.314245909512795
25,Screened,50.30863394666469,304943.03065377194,0.3327044158803645,2.9821782936524066
25,Yield per roof,51.2523179225075,304943.0306537719,0.8300406155097164,12.25577720601071
25,Procurement,50.0,304943.0306537718,0.9684897974512268,19.116802682239058
25,Combined,50.30863394666469,304943.03065377194,1.301127388980234,-0.0
26,Uniform,50.0,373803.0143878448,0.0,8.94664090855014
26,Screened,50.32166361674067,373803.014365829,0.7361326346717902,-0.0
26,Yield per roof,51.30652597793526,373803.0143878447,1.7396145565076466,-0.0
26,Procurement,50.0,373803.0143878448,1.004488794473076,4.583454915808129
26,Combined,50.32166361674067,373803.014365829,1.743523082280916,-0.0
27,Uniform,50.0,364318.79821906734,0.0,14.485953819300393
27,Screened,50.3165829764997,364318.7981975485,0.513408455650648,-0.0
27,Yield per roof,51.287350409768436,364318.7982190674,1.3465361888419523,1.5258071035060805
27,Procurement,50.0,364318.79821906734,0.8673004056308145,9.36483131512265
27,Combined,50.3165829764997,364318.7981975485,1.380565638123997,-0.0
28,Uniform,50.0,281197.5334179798,0.0,6.03445029527371
28,Screened,50.3220649042457,281197.5334015889,0.5372099839626401,-0.0
28,Yield per roof,51.308156909725064,281197.5334179798,1.3554371068410802,-0.0
28,Procurement,50.0,281197.5334179798,0.9958757634295665,2.4272510665232834
28,Combined,50.3220649042457,281197.5334015889,1.5334930041590553,-0.0
29,Uniform,50.0,388053.8625585601,0.0,3.930782971392307
29,Screened,50.31984016699328,388053.86253563245,0.8034332011312983,-0.0
29,Yield per roof,51.30001940959354,388053.86255856,1.9960500924700284,-0.0
29,Procurement,50.0,388053.8625585601,0.8301910885094799,2.815123275224783
29,Combined,50.31984016699328,388053.86253563245,1.6338718275339659,-0.0
30,Uniform,50.0,383259.35547938605,1.4210854715202004e-14,15.359453651448929
30,Screened,50.311763982683466,383259.35547938594,0.6360000790427165,-0.0
30,Yield per roof,51.26514145187853,383259.3554793861,1.5217388927860611,1.6545743433559723
30,Procurement,50.0,383259.35547938605,0.9468785660605192,9.834364753634532
30,Combined,50.311763982683466,383259.35547938594,1.583304459520619,-0.0
31,Uniform,50.0,295687.70380695624,0.0,11.194698580998121
31,Screened,50.30615109155174,295687.7038069563,0.37270608182574705,-0.0
31,Yield per roof,51.244060233510126,295687.7038069562,0.9956190535575331,1.1780168724964315
31,Procurement,50.0,295687.70380695624,0.8876008624516487,6.322305694052651
31,Combined,50.30615109155174,295687.7038069563,1.2625237123215527,-0.0
32,Uniform,50.0,361318.8080078816,0.0,2.9504725697798317
32,Screened,50.31846582913438,361318.80798657116,0.818332152051795,-0.0
32,Yield per roof,51.29401874988294,361318.8080078816,2.093801152950988,-0.0
32,Procurement,50.0,361318.8080078816,0.8723434941216226,1.782292585326947
32,Combined,50.31846582913438,361318.80798657116,1.6901202757007923,-0.0
33,Uniform,50.0,366821.1334890373,0.0,21.507494904174735
33,Screened,50.31383972330286,366821.13348903734,0.48702456788214477,-0.0
33,Yield per roof,51.27523344577332,366821.1334890373,1.2023736026765732,4.815698125284478
33,Procurement,50.0,366821.1334890373,0.8895699422718479,15.086549891098334
33,Combined,50.31383972330286,366821.13348903734,1.3770707489807563,-0.0
34,Uniform,50.0,348158.4514897922,1.4210854715202004e-14,14.652894820574504
34,Screened,50.33117869544445,348158.4514694006,0.6435269087379112,-0.0
34,Yield per roof,51.34166368392354,348158.4514897923,1.5484522502693778,1.3408118611094242
34,Procurement,50.0,348158.4514897922,1.1025879572364659,8.77491953765448
34,Combined,50.33117869544445,348158.4514694006,1.7477737734207608,-0.0
35,Uniform,50.0,410766.7434348844,0.0,33.28297979876728
35,Screened,50.328384025273266,410766.7434107909,0.5475235830141685,-0.0
35,Yield per roof,51.334935015146606,410766.7434348846,1.3315183363779113,9.8343238906459
35,Procurement,50.0,410766.7434348844,0.9983744948182078,25.773678415890235
35,Combined,50.328384025273266,410766.7434107909,1.5487625534662897,-0.0
36,Uniform,50.0,338053.3791395544,0.0,56.019802388814
36,Screened,50.31640310752445,338053.37913955445,0.2879175566806964,24.093757138292464
36,Yield per roof,51.28452418377254,338053.37913955434,0.7601166405512743,36.62512573599802
36,Procurement,50.0,338053.3791395544,0.9380720142632271,30.51500008821776
36,Combined,50.31640310752445,338053.37913955445,1.2259512479968322,5.674376982087762
37,Uniform,50.0,317005.3523789608,0.0,12.839634675791793
37,Screened,50.314685635912944,317005.3523789608,0.5574262854102159,-0.0
37,Yield per roof,51.28172345624975,317005.3523789609,1.3856006520005195,1.0430980919125128
37,Procurement,50.0,317005.3523789608,1.0578416861162907,7.336105952111194
37,Combined,50.314685635912944,317005.3523789608,1.6162123649136788,-0.0
38,Uniform,50.0,383214.7698123347,0.0,6.736008302956718
38,Screened,50.31376006990601,383214.7698123346,0.7205350734791693,-0.0
38,Yield per roof,51.27384791495588,383214.76981233456,1.787618105017998,-0.0
38,Procurement,50.0,383214.7698123347,0.8650915690699605,3.454790389673891
38,Combined,50.31376006990601,383214.7698123346,1.5854156973821745,-0.0
39,Uniform,50.0,341489.07684081513,0.0,20.49055412954788
39,Screened,50.31818723489205,341489.0768206192,0.378481111860161,-0.0
39,Yield per roof,51.30290641593986,341489.07684081496,0.9711466196692697,5.144433901384441
39,Procurement,50.0,341489.07684081513,0.8924899592432567,13.795997254756061
39,Combined,50.31818723489205,341489.0768206192,1.2746119532529505,-0.0
40,Uniform,50.0,416997.52624320006,0.0,9.492299259483538
40,Screened,50.312472488483955,416997.5262185833,0.8536949970922763,-0.0
40,Yield per roof,51.27110057491243,416997.52624319994,1.9577519244427322,-0.0
40,Procurement,50.0,416997.52624320006,0.8682754951334175,5.719454412115318
40,Combined,50.312472488483955,416997.5262185833,1.723687087952129,-0.0
41,Uniform,50.0,305014.46233301656,0.0,18.668671022080353
41,Screened,50.311903335293735,305014.4623156709,0.4175374056368497,-0.0
41,Yield per roof,51.26591216547994,305014.46233301656,1.0363436640702872,4.104699649593905
41,Procurement,50.0,305014.46233301656,1.014819808597636,11.69904298518272
41,Combined,50.311903335293735,305014.4623156709,1.4326905849901692,-0.0
42,Uniform,50.0,298631.2071566902,-7.105427357601002e-15,24.365161360789298
42,Screened,50.31895898713667,298631.2071390685,0.3025261152590275,-0.0
42,Yield per roof,51.299140476876154,298631.2071566901,0.787929471026068,7.634381950979509
42,Procurement,50.0,298631.2071566902,0.9863630230056017,16.754378508317078
42,Combined,50.31895898713667,298631.2071390685,1.2909496404585212,-0.0
43,Uniform,50.0,370589.17564876354,0.0,90.27432242706425
43,Screened,50.323553838976515,370589.17562695895,0.31266305166573716,48.67921042063436
43,Yield per roof,51.313211530245276,370589.17564876366,0.7574951542645536,67.13461362144768
43,Procurement,50.0,370589.17564876354,1.0128458864021255,62.734993297967975
43,Combined,50.323553838976515,370589.17562695895,1.3273267379306475,28.714476789317683
44,Uniform,50.0,379561.52288324374,1.4210854715202004e-14,8.495728328976812
44,Screened,50.31749144663024,379561.5228716234,0.627409037217916,-0.0
44,Yield per roof,51.29343827709028,379561.5228832437,1.618669831511781,-0.0
44,Procurement,50.0,379561.52288324374,0.8700235776704801,4.717211989614264
44,Combined,50.31749144663024,379561.5228716234,1.4984630829080032,-0.0
45,Uniform,50.0,324133.82976961334,0.0,9.966968225589186
45,Screened,50.321601624794376,324133.82975344243,0.5302954344258524,-0.0
45,Yield per roof,51.30982978804594,324133.82976961345,1.3463569510049638,0.34812066181446244
45,Procurement,50.0,324133.82976961334,0.9333721094060081,5.666348723632724
45,Combined,50.321601624794376,324133.82975344243,1.4644406199222146,-0.0
46,Uniform,50.0,320456.74528233724,0.0,69.36666280322984
46,Screened,50.31800458693955,320456.74526385684,0.2466783651801734,36.65570008363984
46,Yield per roof,51.29318241562082,320456.7452823372,0.6223305508501937,50.842556127082645
46,Procurement,50.0,320456.74528233724,0.9604889819122704,43.10943735432408
46,Combined,50.31800458693955,320456.74526385684,1.207946606521169,17.64497583185525
47,Uniform,50.0,399114.7372743584,0.0,4.399332762485449
47,Screened,50.321020788445175,399114.7372743584,0.9186372020267868,-0.0
47,Yield per roof,51.299324623686786,399114.7372743585,2.1936650362282535,-0.0
47,Procurement,50.0,399114.7372743584,0.9296428821695599,3.2075544144450605
47,Combined,50.321020788445175,399114.7372743584,1.8490808079534133,-0.0
48,Uniform,50.0,300236.4967662605,-1.4210854715202004e-14,8.031548829378167
48,Screened,50.31238092549053,300236.4967662605,0.5784914046004275,-0.0
48,Yield per roof,51.268475301969474,300236.49676626036,1.3967136503465412,-0.0
48,Procurement,50.0,300236.4967662605,0.9996972829444815,3.687838469019678
48,Combined,50.31238092549053,300236.4967662605,1.5787718862992222,-0.0
49,Uniform,50.0,402806.80559027684,-1.4210854715202004e-14,16.39876056981731
49,Screened,50.304348354023766,402806.8055902767,0.6617321174363155,-0.0
49,Yield per roof,51.23400982213265,402806.8055902769,1.564723156523172,1.8574499183691058
49,Procurement,50.0,402806.80559027684,0.8835887126017496,11.229081480659111
49,Combined,50.304348354023766,402806.8055902767,1.5450115176358423,-0.0
50,Uniform,50.0,284433.3534930225,-1.4210854715202004e-14,6.145218881571823
50,Screened,50.315635781138084,284433.3534761965,0.5150256671643376,-0.0
50,Yield per roof,51.282856412036445,284433.35349302244,1.2784026838962035,-0.0
50,Procurement,50.0,284433.3534930225,0.99696413782398,2.484895340962942
50,Combined,50.315635781138084,284433.3534761965,1.5178154581908245,-0.0
51,Uniform,50.0,286455.89942223544,0.0,23.019336028262018
51,Screened,50.3184448689969,286455.89940539066,0.38125005010932256,-0.0
51,Yield per roof,51.297152032238465,286455.8994222356,0.9546822766406464,6.417566080714511
51,Procurement,50.0,286455.89942223544,1.160458460470636,14.032483468153545
51,Combined,50.3184448689969,286455.89940539066,1.5439262195600278,-0.0
52,Uniform,50.0,426477.68390656594,0.0,90.7256272836037
52,Screened,50.31884256303658,426477.6838815329,0.34291171641778107,46.47663528084956
52,Yield per roof,51.29957288751988,426477.6839065658,0.8996953126281255,64.87036359278224
52,Procurement,50.0,426477.68390656594,0.8167362131532911,68.56626556136328
52,Combined,50.31884256303658,426477.6838815329,1.1599411631623653,30.444660063774258
53,Uniform,50.0,305802.608789203,0.0,6.205346437020148
53,Screened,50.32890777104809,305802.6087711579,0.5153873171103243,-0.0
53,Yield per roof,51.338028079887984,305802.60878920293,1.3706575428764722,-0.0
53,Procurement,50.0,305802.608789203,0.9096279143124235,2.725011101076314
53,Combined,50.32890777104809,305802.6087711579,1.4299903745684617,-0.0
54,Uniform,50.0,303753.32696927007,0.0,15.149119173627723
54,Screened,50.31308111434055,303753.32696927007,0.37624562705930487,-0.0
54,Yield per roof,51.271610896838155,303753.32696927007,1.0108770874314885,2.454381577060673
54,Procurement,50.0,303753.32696927007,0.9717489924250486,9.277973067755575
54,Combined,50.31308111434055,303753.32696927007,1.3486031612213623,-0.0
55,Uniform,50.0,294317.2476479913,0.0,75.67844834952321
55,Screened,50.316043804786794,294317.2476479914,0.1978836640814876,42.763456232586115
55,Yield per roof,51.28442114532988,294317.24764799123,0.5391235143168807,57.62381142516492
55,Procurement,50.0,294317.2476479913,1.0052992566957393,48.133256812223834
55,Combined,50.316043804786794,294317.2476479914,1.204757862736031,22.79770146730793
56,Uniform,50.0,351775.13756927906,0.0,21.753746359121962
56,Screened,50.30829428394267,351775.13756927906,0.45459767042528654,-0.0
56,Yield per roof,51.255873776733644,351775.13756927906,1.120413399387985,5.221800422480399
56,Procurement,50.0,351775.13756927906,0.8781403319829906,15.04605657448813
56,Combined,50.30829428394267,351775.13756927906,1.332190173409714,-0.0
57,Uniform,50.0,397017.5141345382,0.0,10.30595776435654
57,Screened,50.306988899643336,397017.5141345381,0.7071727496223303,-0.0
57,Yield per roof,51.245711495445036,397017.5141345383,1.861088149161418,-0.0
57,Procurement,50.0,397017.5141345382,0.8848199589056946,6.468994384433361
57,Combined,50.306988899643336,397017.5141345381,1.5921200967891735,-0.0
58,Uniform,50.0,308932.73302023695,0.0,4.38035848749971
58,Screened,50.30626618531439,308932.73300227197,0.550984534694507,-0.0
58,Yield per roof,51.2462923520391,308932.73302023695,1.4578457963918225,-0.0
58,Procurement,50.0,308932.73302023695,0.8678932638473356,2.2309545200014074
58,Combined,50.30626618531439,308932.73300227197,1.4186840894594468,-0.0
59,Uniform,50.0,311460.20635830576,1.4210854715202004e-14,9.192827908250113
59,Screened,50.31825801978751,311460.2063399547,0.586452064681481,-0.0
59,Yield per roof,51.29206541616652,311460.2063583058,1.402628601582677,0.14684851626870205
59,Procurement,50.0,311460.20635830576,0.9962043406732732,4.813486064263302
59,Combined,50.31825801978751,311460.2063399547,1.5832056161653156,-0.0
60,Uniform,50.0,358203.15952120104,0.0,10.429953896429485
60,Screened,50.31321837837152,358203.1595001038,0.620675306914876,-0.0
60,Yield per roof,51.27414645558922,358203.15952120104,1.5754680189796062,-0.0
60,Procurement,50.0,358203.15952120104,0.9110400563893108,6.472584127730413
60,Combined,50.31321837837152,358203.1595001038,1.5316802612567244,-0.0
61,Uniform,50.0,390931.9643172484,0.0,61.59446338201216
61,Screened,50.327725420159354,390931.9642943192,0.37111632304782916,23.693254267443045
61,Yield per roof,51.335846093945854,390931.9643172484,0.9337614901403128,39.97876799379228
61,Procurement,50.0,390931.9643172484,1.0405549314262075,33.247839436995136
61,Combined,50.327725420159354,390931.9642943192,1.4145968336797168,3.164857283309736
62,Uniform,50.0,315607.5799754179,0.0,13.2508504310113
62,Screened,50.31786838116614,315607.579956797,0.4555054656363211,-0.0
62,Yield per roof,51.29380767300403,315607.57997541776,1.208646438409275,1.3743050950578999
62,Procurement,50.0,315607.5799754179,0.9489542286220001,7.89008432121028
62,Combined,50.31786838116614,315607.579956797,1.405222706970278,-0.0
63,Uniform,50.0,294087.8439451292,0.0,9.938051989635623
63,Screened,50.31687795164394,294087.84392817994,0.4431361548233781,-0.0
63,Yield per roof,51.288712120280884,294087.84394512925,1.1152381750016076,0.7613121906234795
63,Procurement,50.0,294087.8439451292,0.9611318190339375,5.114881536060819
63,Combined,50.31687795164394,294087.84392817994,1.4051812213181165,-0.0
64,Uniform,50.0,289102.7103842357,0.0,3.053161209719687
64,Screened,50.316264577053275,289102.7103671539,0.5782016813752904,-0.0
64,Yield per roof,51.284732278410864,289102.7103842358,1.4779327154616198,-0.0
64,Procurement,50.0,289102.7103842357,0.9740532730928066,1.7468810628535443
64,Combined,50.316264577053275,289102.7103671539,1.5549795129175266,-0.0
65,Uniform,50.0,348384.4480424515,0.0,23.319027859280986
65,Screened,50.32732571443144,348384.44802206336,0.4379985460315794,-0.0
65,Yield per roof,51.32733216902398,348384.44804245146,1.1629515716064134,5.530007893588729
65,Procurement,50.0,348384.4480424515,0.9815627165308456,16.05073396827896
65,Combined,50.32732571443144,348384.44802206336,1.4201019604270897,-0.0
66,Uniform,50.0,323083.1018049008,-1.4210854715202004e-14,6.556089981341105
66,Screened,50.3120447518576,323083.1018049007,0.5799180597941671,-0.0
66,Yield per roof,51.26812214830744,323083.1018049009,1.5469157075703919,-0.0
66,Procurement,50.0,323083.1018049008,0.9227391114852708,2.9507604913228453
66,Combined,50.3120447518576,323083.1018049007,1.5034976700413267,-0.0
67,Uniform,50.0,327948.7173358021,0.0,11.401675754355482
67,Screened,50.313516925966624,327948.7173170959,0.47202345147158553,-0.0
67,Yield per roof,51.275565617927235,327948.717335802,1.2544690526968765,0.7693729032099729
67,Procurement,50.0,327948.7173358021,0.9262056778544547,6.765838882797107
67,Combined,50.313516925966624,327948.7173170959,1.4006600968699559,-0.0
68,Uniform,50.0,363528.67742928315,0.0,89.2190306436957
68,Screened,50.31885225417363,363528.6774078323,0.28923719300873785,48.52373604705983
68,Yield per roof,51.29894193783104,363528.67742928315,0.7288378817690884,66.72244755491293
68,Procurement,50.0,363528.67742928315,0.985490109030323,62.18850208654165
68,Combined,50.31885225417363,363528.6774078323,1.2767549685538668,28.91823142247091
69,Uniform,50.0,412930.1868984657,-7.105427357601002e-15,77.48339512796744
69,Screened,50.31414102282315,412930.1868984657,0.3979237901014798,34.28795813890113
69,Yield per roof,51.27387194110638,412930.1868984657,0.9942399025440452,52.12480219559418
69,Procurement,50.0,412930.1868984657,0.99343582335554,51.27230915586799
69,Combined,50.31414102282315,412930.1868984657,1.3928950764605688,15.225418903443856
70,Uniform,50.0,371780.57274900127,0.0,27.271370273302107
70,Screened,50.31060358212941,371780.5727490013,0.3765936190019161,-0.0
70,Yield per roof,51.26900999544728,371780.5727490012,0.957308786114325,8.326736538462113
70,Procurement,50.0,371780.57274900127,0.8506288591876228,20.719297333909942
70,Combined,50.31060358212941,371780.5727490013,1.2303457409898186,-0.0
71,Uniform,50.0,329694.01149228844,0.0,6.099873836297787
71,Screened,50.312211787155185,329694.0114922885,0.5416482938768752,-0.0
71,Yield per roof,51.26910475339257,329694.01149228856,1.4178471060889848,-0.0
71,Procurement,50.0,329694.01149228844,0.8596795497734036,2.7053204176220187
71,Combined,50.312211787155185,329694.0114922885,1.4008167795524713,-0.0
72,Uniform,50.0,410889.2989727641,0.0,19.61626378218418
72,Screened,50.303080927231306,410889.29895942187,0.560361420573841,-0.0
72,Yield per roof,51.23435903589104,410889.2989727642,1.3644759482683924,3.290891929486161
72,Procurement,50.0,410889.2989727641,0.7998419919124728,14.713917627930012
72,Combined,50.303080927231306,410889.29895942187,1.361434400460169,-0.0
73,Uniform,50.0,383740.70376842923,0.0,5.1711504863263205
73,Screened,50.30349793437773,383740.70376842923,0.7274053089281551,-0.0
73,Yield per roof,51.2335665572426,383740.70376842935,1.8248170192667743,-0.0
73,Procurement,50.0,383740.70376842923,0.8184017799624428,3.1160701211949706
73,Combined,50.30349793437773,383740.70376842923,1.5465306986382785,-0.0
74,Uniform,50.0,322948.2852736423,0.0,6.983613223954512
74,Screened,50.31326975289626,322948.2852736423,0.6672583864219916,-0.0
74,Yield per roof,51.27110578497161,322948.2852736423,1.6463219615005187,-0.0
74,Procurement,50.0,322948.2852736423,1.0524506315495188,3.1016581635921088
74,Combined,50.31326975289626,322948.2852736423,1.7213052560228164,-0.0
75,Uniform,50.0,391088.6686855442,0.0,10.889060592206407
75,Screened,50.32537571740038,391088.66866256937,0.7582355895469135,-0.0
75,Yield per roof,51.32048485935184,391088.6686855442,1.9000638298606845,-0.0
75,Procurement,50.0,391088.6686855442,0.9852753462427728,6.641415423230284
75,Combined,50.32537571740038,391088.66866256937,1.7457715527412887,-0.0
76,Uniform,50.0,294381.1178074861,0.0,38.567945011099845
76,Screened,50.31797695875151,294381.1177900884,0.2396382457108004,13.10411889853083
76,Yield per roof,51.29826031492754,294381.11780748615,0.6407193052740325,24.04479102886637
76,Procurement,50.0,294381.1178074861,1.0065951156121997,18.28905023519037
76,Combined,50.31797695875151,294381.1177900884,1.2493268516227687,-0.0
77,Uniform,50.0,315588.8995053655,0.0,20.57223359896304
77,Screened,50.32346880643162,315588.89948676253,0.4117162642467349,-0.0
77,Yield per roof,51.31672310485908,315588.8995053654,1.0307236139916256,5.100428577311701
77,Procurement,50.0,315588.8995053655,0.9419566924966887,13.516364286468866
77,Combined,50.32346880643162,315588.89948676253,1.3541361861113899,-0.0
78,Uniform,50.0,314872.2845345496,-1.4210854715202004e-14,2.932649175563738
78,Screened,50.315656917735716,314872.284515913,0.5749006656910751,-0.0
78,Yield per roof,51.283513274632575,314872.2845345496,1.4634367603928524,-0.0
78,Procurement,50.0,314872.2845345496,0.8557859520340827,1.7802610147304547
78,Combined,50.315656917735716,314872.284515913,1.4328184138181683,-0.0
79,Uniform,50.0,287378.77341640845,0.0,42.75608169491525
79,Screened,50.3127376602766,287378.7734164085,0.21693363794307885,17.471085352774356
79,Yield per roof,51.2839415234368,287378.77341640845,0.5066059779669203,30.668744406768703
79,Procurement,50.0,287378.77341640845,0.9191414476824704,19.265923711868748
79,Combined,50.3127376602766,287378.7734164085,1.1442701458795455,-0.0
80,Uniform,50.0,421579.58642487467,0.0,68.68456628783807
80,Screened,50.32788221511437,421579.58640051686,0.42969577083053423,27.479848942027647
80,Yield per roof,51.332522035701125,421579.58642487467,1.0041113074993433,44.76044146217405
80,Procurement,50.0,421579.58642487467,0.8992335759718202,44.35909042728964
80,Combined,50.32788221511437,421579.58640051686,1.3318574492955406,9.837455311003062
81,Uniform,50.0,335531.63298365707,0.0,25.461533212384417
81,Screened,50.309930054528074,335531.6329836572,0.3489106169356333,-0.0
81,Yield per roof,51.25935842074431,335531.63298365707,0.9005153749425858,7.6960977414973595
81,Procurement,50.0,335531.63298365707,0.9267279426650461,18.31461951056494
81,Combined,50.309930054528074,335531.6329836572,1.277978988920836,-0.0
82,Uniform,50.0,355729.9848059747,0.0,5.457735984384598
82,Screened,50.325906444142376,355729.9847850178,0.7488425480999723,-0.0
82,Yield per roof,51.324193693689104,355729.98480597464,1.863859817321952,-0.0
82,Procurement,50.0,355729.9848059747,0.8900332405198128,3.1215595055729963
82,Combined,50.325906444142376,355729.9847850178,1.6388134049069834,-0.0
83,Uniform,50.0,322700.95058308105,0.0,12.761777021509292
83,Screened,50.309675746749114,322700.950583081,0.46151321411105073,-0.0
83,Yield per roof,51.2609006564221,322700.95058308105,1.134570514284917,1.5502843186159554
83,Procurement,50.0,322700.95058308105,0.9493712290240097,7.231449849108574
83,Combined,50.309675746749114,322700.950583081,1.4123053471337954,-0.0
84,Uniform,50.0,321495.2228898355,0.0,15.340888393956863
84,Screened,50.30597199928976,321495.22288983554,0.4128852092504758,-0.0
84,Yield per roof,51.24379682111201,321495.22288983536,1.0965466610348074,2.1381956866922223
84,Procurement,50.0,321495.2228898355,0.9478637421275806,9.741546230072757
84,Combined,50.30597199928976,321495.22288983554,1.3603356939641458,-0.0
85,Uniform,50.0,330420.50771660556,0.0,29.052483962176343
85,Screened,50.30967599995783,330420.5076988876,0.31055172847206336,3.508630296598637
85,Yield per roof,51.260701706413215,330420.50771660544,0.7786550427605334,13.247081577038088
85,Procurement,50.0,330420.50771660556,0.8627083855160294,19.290537057342643
85,Combined,50.30967599995783,330420.5076988876,1.175109907577557,-0.0
86,Uniform,50.0,374803.2171123835,0.0,28.501942922622373
86,Screened,50.32461770241934,374803.21709030087,0.37942917324733116,-0.0
86,Yield per roof,51.32115627763459,374803.2171123834,1.0195611741314607,8.581326369037571
86,Procurement,50.0,374803.2171123835,0.865201987462811,21.84095446349385
86,Combined,50.32461770241934,374803.21709030087,1.2444474415500792,-0.0
87,Uniform,50.0,373876.11155561276,0.0,16.056018397264673
87,Screened,50.31154427354492,373876.1115556127,0.5288398981429765,-0.0
87,Yield per roof,51.2695631907833,373876.11155561276,1.3363541398268097,2.0282625979377196
87,Procurement,50.0,373876.11155561276,0.8342570162712946,11.134127432030322
87,Combined,50.31154427354492,373876.1115556127,1.365008525283983,-0.0
88,Uniform,50.0,340324.96911971713,0.0,15.190299056842958
88,Screened,50.32389914696287,340324.96909970586,0.6040998693836457,-0.0
88,Yield per roof,51.31699135782594,340324.96911971713,1.4785902757912055,1.587148929197511
88,Procurement,50.0,340324.96911971713,1.0803700828866596,9.168819141329804
88,Combined,50.32389914696287,340324.96909970586,1.6863022629767954,-0.0
89,Uniform,50.0,323338.6616765233,0.0,29.267826072114325
89,Screened,50.33281017642285,323338.6616575838,0.40852655410567706,-0.0
89,Yield per roof,51.34952242144156,323338.66167652316,0.9933210979665006,9.264378844632908
89,Procurement,50.0,323338.6616765233,1.0905930008490117,20.918598727882166
89,Combined,50.33281017642285,323338.6616575838,1.5014163330181987,-0.0
90,Uniform,50.0,370707.0473763306,0.0,3.2036535090061826
90,Screened,50.32002520979091,370707.0473544876,0.8148481004901953,-0.0
90,Yield per roof,51.29981221504721,370707.0473763307,2.116626832503897,-0.0
90,Procurement,50.0,370707.0473763306,0.9145851630090931,1.9772488066618132
90,Combined,50.32002520979091,370707.0473544876,1.7295421009708036,-0.0
91,Uniform,50.0,364011.53500212525,-1.4210854715202004e-14,12.33619925208934
91,Screened,50.31314064372411,364011.5350021254,0.6713475336484436,-0.0
91,Yield per roof,51.27041823374198,364011.5350021252,1.6273875895521286,0.5441059024934207
91,Procurement,50.0,364011.53500212525,0.9752124206724204,7.6645160880784555
91,Combined,50.31314064372411,364011.5350021254,1.6465754034428386,-0.0
92,Uniform,50.0,284690.05489100266,0.0,7.8460013366142345
92,Screened,50.306957946529025,284690.0548910027,0.47178982306013495,-0.0
92,Yield per roof,51.246112804354944,284690.05489100283,1.2033464104756604,-0.0
92,Procurement,50.0,284690.05489100266,0.9936387137017562,3.5302129345070434
92,Combined,50.306957946529025,284690.0548910027,1.465743838629436,-0.0
93,Uniform,50.0,415769.3119977332,0.0,8.738956203102985
93,Screened,50.33152816366369,415769.3119733946,0.8418766790306051,-0.0
93,Yield per roof,51.34493006116643,415769.3119977332,2.129409018652183,-0.0
93,Procurement,50.0,415769.3119977332,0.9305665807468699,4.754783259435853
93,Combined,50.33152816366369,415769.3119733946,1.773643594570359,-0.0
94,Uniform,50.0,303841.29713186366,0.0,5.513845607211221
94,Screened,50.31683725264472,303841.29711389367,0.5137289384355199,-0.0
94,Yield per roof,51.290833232001624,303841.29713186366,1.329840006725604,-0.0
94,Procurement,50.0,303841.29713186366,0.9230003541352403,2.3483850256121848
94,Combined,50.31683725264472,303841.29711389367,1.437811789132553,-0.0
95,Uniform,50.0,319736.8371064437,0.0,22.36576264513521
95,Screened,50.32521098459526,319736.83708758093,0.4058706821464,-0.0
95,Yield per roof,51.324745396504376,319736.8371064436,0.9587359949073715,6.298938691847829
95,Procurement,50.0,319736.8371064437,1.0785565881254513,14.154501595769908
95,Combined,50.32521098459526,319736.83708758093,1.4915426954352995,-0.0
96,Uniform,50.0,359071.7968836995,0.0,74.59477772330807
96,Screened,50.32697903302269,359071.796862744,0.321410969569051,35.579046789776626
96,Yield per roof,51.32577599253459,359071.79688369966,0.8411521343609607,51.98122150211416
96,Procurement,50.0,359071.7968836995,1.0302561037174556,46.58762616660161
96,Combined,50.32697903302269,359071.796862744,1.3529612788008833,15.274161672964938
97,Uniform,50.0,406058.4092052508,0.0,25.14310193166672
97,Screened,50.32765463970599,406058.40918131603,0.5359231019696011,-0.0
97,Yield per roof,51.339073297551124,406058.4092052508,1.2471807689321963,6.672374512734425
97,Procurement,50.0,406058.4092052508,0.8476592125752092,18.603639656260505
97,Combined,50.32765463970599,406058.40918131603,1.3868332190989605,-0.0
98,Uniform,50.0,360639.0550135341,-1.4210854715202004e-14,6.116697434572424
98,Screened,50.31354699389883,360639.05501353403,0.7173252601079696,-0.0
98,Yield per roof,51.27301169783535,360639.05501353415,1.8198700746904564,-0.0
98,Procurement,50.0,360639.0550135341,0.8878247986126837,3.2580334088811025
98,Combined,50.31354699389883,360639.05501353403,1.6054085748919107,-0.0
99,Uniform,50.0,285308.61517996306,0.0,5.656241339878925
99,Screened,50.306667068144904,285308.6151799632,0.5457474154603688,-0.0
99,Yield per roof,51.2449944637262,285308.61517996306,1.3748011040059396,-0.0
99,Procurement,50.0,285308.61517996306,1.0035133452018954,2.3524509902549835
99,Combined,50.306667068144904,285308.6151799632,1.54967531724472,-0.0
100,Uniform,50.0,296051.7258124009,0.0,24.844584131243987
100,Screened,50.32141190166033,296051.72579494596,0.32838587617997206,-0.0
100,Yield per roof,51.30673885274729,296051.72581240104,0.8541075196916523,7.5874233142089595
100,Procurement,50.0,296051.7258124009,1.0094791452472975,17.054764831348507
100,Combined,50.32141190166033,296051.72579494596,1.338823465693494,-0.0
101,Uniform,50.0,318701.6114722529,0.0,32.996938836767846
101,Screened,50.31105588683729,318701.61147225293,0.33707667041304035,4.280656066051985
101,Yield per roof,51.2619937503687,318701.6114722529,0.8804429096253017,15.104327493395866
101,Procurement,50.0,318701.6114722529,1.0879726752789907,20.740894292351637
101,Combined,50.31105588683729,318701.61147225293,1.426580709273182,-0.0
102,Uniform,50.0,404493.7313532275,0.0,5.907561969135655
102,Screened,50.318475106127586,404493.731329437,0.8098560605069736,-0.0
102,Yield per roof,51.31079940616473,404493.73135322746,1.924191996179161,-0.0
102,Procurement,50.0,404493.7313532275,0.837293531391424,3.6177937661065362
102,Combined,50.318475106127586,404493.731329437,1.6552652148351399,-0.0
103,Uniform,50.0,350308.40895581513,0.0,6.849544481072926
103,Screened,50.340247233704865,350308.40893540526,0.7816148244377246,-0.0
103,Yield per roof,51.377708826244344,350308.40895581525,2.0050101223156958,-0.0
103,Procurement,50.0,350308.40895581513,1.1238821354300796,3.4338381515130836
103,Combined,50.340247233704865,350308.40893540526,1.9074618208047127,-0.0
104,Uniform,50.0,295044.43115763826,0.0,3.605836052048335
104,Screened,50.3167311662409,295044.4311576384,0.5841814229060276,-0.0
104,Yield per roof,51.28779354458298,295044.4311576383,1.490935206008217,-0.0
104,Procurement,50.0,295044.43115763826,0.9021724478822222,2.00359864129958
104,Combined,50.3167311662409,295044.4311576384,1.4866405025055371,-0.0
105,Uniform,50.0,349333.4484369246,-1.4210854715202004e-14,5.723377236859539
105,Screened,50.32002110600361,349333.44841629505,0.7253789438402549,-0.0
105,Yield per roof,51.30220239443258,349333.44843692466,1.7375869770515493,-0.0
105,Procurement,50.0,349333.4484369246,0.9309695962055429,2.9979384375275617
105,Combined,50.32002110600361,349333.44841629505,1.6567646505798876,-0.0
106,Uniform,50.0,341393.99240391003,0.0,49.98098237931503
106,Screened,50.33592263637789,341393.9923838568,0.2972507578053225,17.797877680649947
106,Yield per roof,51.36538099584584,341393.99240391,0.7628229702478819,33.22425023234152
106,Procurement,50.0,341393.99240391003,1.0722667916678432,25.031505897105795
106,Combined,50.33592263637789,341393.9923838568,1.3765408166551794,-0.0
107,Uniform,50.0,284445.2234769787,0.0,59.89358493657721
107,Screened,50.31201549195775,284445.2234769787,0.21299316182629724,30.51131080704142
107,Yield per roof,51.26779446157573,284445.2234769787,0.5624179761823598,43.61805299587936
107,Procurement,50.0,284445.2234769787,0.987840357116113,32.86256560507936
107,Combined,50.31201549195775,284445.2234769787,1.2031147544001612,10.905323566941574
108,Uniform,50.0,417124.8445491871,-7.105427357601002e-15,32.21303546205667
108,Screened,50.31506606510978,417124.8445342461,0.4090780952575699,0.3084079900778844
108,Yield per roof,51.283408867622995,417124.84454918705,1.040624205267335,12.105547289906914
108,Procurement,50.0,417124.8445491871,0.8083968159695161,25.98274433389883
108,Combined,50.31506606510978,417124.8445342461,1.2200648789421251,-0.0
109,Uniform,50.0,419126.1393924942,0.0,18.72896482211078
109,Screened,50.33647721742568,419126.1393679736,0.7201093207890779,-0.0
109,Yield per roof,51.368196167548014,419126.1393924945,1.739603855350495,2.2222327510249884
109,Procurement,50.0,419126.1393924942,0.9691433796956375,13.084493545939365
109,Combined,50.33647721742568,419126.1393679736,1.6931370144381788,-0.0
110,Uniform,50.0,309843.1463606473,0.0,12.890916843864971
110,Screened,50.32108129947176,309843.14634239115,0.5031013978771597,-0.0
110,Yield per roof,51.30403264841078,309843.1463606472,1.2079837755656655,1.4799070970227843
110,Procurement,50.0,309843.1463606473,1.0262237500797085,7.096406107268128
110,Combined,50.32108129947176,309843.14634239115,1.5303571300322858,-0.0
111,Uniform,50.0,300902.2710401058,0.0,17.91260132383095
111,Screened,50.31777788766818,300902.27103918715,0.4112467207198165,-0.0
111,Yield per roof,51.29463669340228,300902.27104010567,0.9997006949410547,4.047906644882839
111,Procurement,50.0,300902.2710401058,1.0383709046096925,10.929086794206865
111,Combined,50.31777788766818,300902.27103918715,1.4521073133760467,-0.0
112,Uniform,50.0,288759.324883617,0.0,90.92963600026346
112,Screened,50.33842904914558,288759.32486669574,0.19002541722866795,54.19682184382309
112,Yield per roof,51.37533436279664,288759.324883617,0.4996426901876845,72.17025626296477
112,Procurement,50.0,288759.324883617,1.0554681180277328,61.99065641067219
112,Combined,50.33842904914558,288759.32486669574,1.2487692223117293,33.18105079123195
113,Uniform,50.0,281382.0949640237,0.0,12.626099726068905
113,Screened,50.31316032562814,281382.0949640237,0.464084456619986,-0.0
113,Yield per roof,51.275670145032,281382.0949640237,1.178610049601545,1.3279869889275109
113,Procurement,50.0,281382.0949640237,1.071409926938884,6.813312208175597
113,Combined,50.31316032562814,281382.0949640237,1.536268074136899,-0.0
114,Uniform,50.0,323866.8223468737,0.0,44.242272032980495
114,Screened,50.31986039443633,323866.82232773537,0.30082769902139006,15.502469117492225
114,Yield per roof,51.30200356631175,323866.8223468737,0.7401452546128908,27.270718779541095
114,Procurement,50.0,323866.8223468737,0.9370075122047297,21.989522100425194
114,Combined,50.31986039443633,323866.82232773537,1.239462222713719,-0.0
115,Uniform,50.0,418839.58678854286,0.0,27.661519669248364
115,Screened,50.30731887797805,418839.58678854274,0.4653169104526427,-0.0
115,Yield per roof,51.25001053965645,418839.58678854286,1.2480365043080752,7.1178996977121995
115,Procurement,50.0,418839.58678854286,0.779329414070375,21.658358844638144
115,Combined,50.30731887797805,418839.58678854274,1.2457211509275936,-0.0
116,Uniform,50.0,316122.9579736851,-1.4210854715202004e-14,9.864541120486335
116,Screened,50.31813224764175,316122.957973685,0.656899665890279,-0.0
116,Yield per roof,51.286398304639455,316122.9579736851,1.5798432243642822,-0.0
116,Procurement,50.0,316122.9579736851,1.0327867224123253,5.396595825779827
116,Combined,50.31813224764175,316122.957973685,1.6900670990170426,-0.0
117,Uniform,50.0,328983.4535195349,1.4210854715202004e-14,4.635879171985728
117,Screened,50.310807521302436,328983.45351953496,0.559358495826487,-0.0
117,Yield per roof,51.266770561835,328983.453519535,1.51119135767334,-0.0
117,Procurement,50.0,328983.4535195349,0.8483710485034806,2.4205344566947695
117,Combined,50.310807521302436,328983.45351953496,1.4086374301251823,-0.0
118,Uniform,50.0,348254.51737877884,0.0,7.663700170616337
118,Screened,50.30672899714998,348254.51735879213,0.6733905287113515,-0.0
118,Yield per roof,51.24597130462974,348254.5173787788,1.6206808335876843,-0.0
118,Procurement,50.0,348254.51737877884,0.9082453784267557,3.721502152375934
118,Combined,50.30672899714998,348254.51735879213,1.5810911168211987,-0.0
119,Uniform,50.0,348110.76222527924,0.0,17.740032042257813
119,Screened,50.30778641853796,348110.76222527924,0.48724264992651456,-0.0
119,Yield per roof,51.24913981310517,348110.762225279,1.1879883826957922,3.1559737424341905
119,Procurement,50.0,348110.76222527924,0.895079906074443,12.137853391267432
119,Combined,50.30778641853796,348110.76222527924,1.3817903265890408,-0.0
120,Uniform,50.0,336302.0515562453,0.0,30.56233190342397
120,Screened,50.30332514447665,336302.0515562453,0.3105030807629916,4.602921113353084
120,Yield per roof,51.237555353587666,336302.0515562453,0.7212512255557613,15.917813369217162
120,Procurement,50.0,336302.0515562453,0.863146052778788,20.004684713422773
120,Combined,50.30332514447665,336302.0515562453,1.1788641483827291,-0.0
121,Uniform,50.0,365809.533077385,0.0,16.43961014166388
121,Screened,50.30391300204741,365809.53307738504,0.4952749173956761,-0.0
121,Yield per roof,51.234290818240375,365809.53307738516,1.3107160198278223,2.0746462270964408
121,Procurement,50.0,365809.533077385,0.8685657650013496,11.31140617699969
121,Combined,50.30391300204741,365809.53307738504,1.3638499464672833,-0.0
122,Uniform,50.0,331904.625361215,0.0,3.059751756721365
122,Screened,50.313778249412984,331904.6253612151,0.6969878455725791,-0.0
122,Yield per roof,51.27250911694203,331904.62536121503,1.8782848023133454,-0.0
122,Procurement,50.0,331904.625361215,0.962413069042654,1.7745519224157598
122,Combined,50.313778249412984,331904.6253612151,1.6591642173844718,-0.0
123,Uniform,50.0,296505.29236645997,0.0,7.564130244122117
123,Screened,50.31731957267692,296505.29234896164,0.52636047231465,-0.0
123,Yield per roof,51.288820906562194,296505.29236645985,1.3349424971957689,-0.0
123,Procurement,50.0,296505.29236645997,1.0107573410056858,3.1683845820103165
123,Combined,50.31731957267692,296505.29234896164,1.537877632010833,-0.0
124,Uniform,50.0,314328.7546480086,0.0,6.197862049305471
124,Screened,50.30526782785192,314328.7546480085,0.5224545472041484,-0.0
124,Yield per roof,51.240633698957396,314328.7546480086,1.331286029220223,-0.0
124,Procurement,50.0,314328.7546480086,0.8513371771833391,2.7291845357454267
124,Combined,50.30526782785192,314328.7546480085,1.3765632895226503,-0.0
125,Uniform,50.0,377593.03205164557,0.0,23.767735613958912
125,Screened,50.312911052209834,377593.03205164545,0.5439871192239139,-0.0
125,Yield per roof,51.26892881720481,377593.0320516457,1.3383934785934457,5.18579749226099
125,Procurement,50.0,377593.03205164557,1.0106676509174974,16.676555398634367
125,Combined,50.312911052209834,377593.03205164545,1.555873840964722,-0.0
126,Uniform,50.0,308940.35823062516,0.0,3.290590476611603
126,Screened,50.30851179644334,308940.35823062505,0.6980730096861976,-0.0
126,Yield per roof,51.25201692312279,308940.35823062505,1.7184100172299566,-0.0
126,Procurement,50.0,308940.35823062516,1.065713493688989,1.8680027603276543
126,Combined,50.30851179644334,308940.35823062505,1.7649557279342503,-0.0
127,Uniform,50.0,383014.3708003666,0.0,5.727160584615824
127,Screened,50.31133921973606,383014.37080036657,0.7549467245720081,-0.0
127,Yield per roof,51.26934362559412,383014.3708003665,1.8444988899453278,-0.0
127,Procurement,50.0,383014.3708003666,0.8719599222427661,3.2398420831506267
127,Combined,50.31133921973606,383014.37080036657,1.62812442816616,-0.0
128,Uniform,50.0,427756.9969267653,0.0,84.69336009863554
128,Screened,50.32679001570707,427756.99690169207,0.42772290913423205,36.84551777538548
128,Yield per roof,51.32568970089967,427756.99692676537,1.061639232397411,57.68424954802452
128,Procurement,50.0,427756.9969267653,1.028519093844622,57.619921716763436
128,Combined,50.32679001570707,427756.99690169207,1.460359700001959,17.220925581511104
129,Uniform,50.0,329781.1683333433,0.0,14.024653754334059
129,Screened,50.310506695046264,329781.16833334323,0.46419051676311085,-0.0
129,Yield per roof,51.26058681085889,329781.16833334323,1.2230586537472732,1.556608854368062
129,Procurement,50.0,329781.1683333433,0.9882760184350019,8.294255704995694
129,Combined,50.310506695046264,329781.16833334323,1.4528202431099828,-0.0
130,Uniform,50.0,368194.36533264566,0.0,6.921058221280935
130,Screened,50.31078744893762,368194.3653326456,0.6809506073322211,-0.0
130,Yield per roof,51.26827530466111,368194.36533264595,1.6832924449819444,-0.0
130,Procurement,50.0,368194.36533264566,0.9328861013872114,3.300957491627501
130,Combined,50.31078744893762,368194.3653326456,1.614960416495137,-0.0
131,Uniform,50.0,434755.5800713162,0.0,6.8948693012206155
131,Screened,50.31309871523999,434755.5800717034,0.9258936099989796,-0.0
131,Yield per roof,51.27787748411388,434755.5800713162,2.196520286299517,-0.0
131,Procurement,50.0,434755.5800713162,0.7682697198798962,4.256959317489329
131,Combined,50.31309871523999,434755.5800717034,1.6957518193786427,-0.0
132,Uniform,50.0,297408.34217143175,0.0,19.85122253908254
132,Screened,50.305276733649215,297408.34217143175,0.33269387995844824,-0.0
132,Yield per roof,51.240881723560356,297408.34217143187,0.8369199454235741,5.5042188714780025
132,Procurement,50.0,297408.34217143175,0.8879390925019521,13.011129684080263
132,Combined,50.305276733649215,297408.34217143175,1.219966303249251,-0.0
133,Uniform,50.0,318501.63508577726,0.0,9.610572198199392
133,Screened,50.31371728840231,318501.63506736,0.5231534261428408,-0.0
133,Yield per roof,51.27896664547837,318501.63508577726,1.3625005290111574,0.03742250028051527
133,Procurement,50.0,318501.63508577726,0.9936838959369396,5.312164881047287
133,Combined,50.31371728840231,318501.63506736,1.5172954596949495,-0.0
134,Uniform,50.0,298280.6695484646,0.0,18.424867041732295
134,Screened,50.311968006156434,298280.66954846465,0.3436330795286935,-0.0
134,Yield per roof,51.26772141585865,298280.6695484646,0.9538004134291924,4.0994188954397375
134,Procurement,50.0,298280.6695484646,1.0648708410592604,11.136964930542728
134,Combined,50.311968006156434,298280.66954846465,1.4098200659804618,-0.0
135,Uniform,50.0,291417.5831316451,-7.105427357601002e-15,31.717060948156767
135,Screened,50.31146768395604,291417.58311470854,0.2794539206287183,7.153974866317431
135,Yield per roof,51.2661008964529,291417.5831316451,0.7142748008539002,16.48864785775666
135,Procurement,50.0,291417.5831316451,1.0153463928815043,17.053538537492866
135,Combined,50.31146768395604,291417.58311470854,1.2955400694899524,-0.0
136,Uniform,50.0,412739.6929379477,0.0,90.78494777134998
136,Screened,50.31761177462535,412739.6929136281,0.33859830921526424,47.913703743716354
136,Yield per roof,51.293143060233625,412739.6929379476,0.8242533762898461,66.38694781639849
136,Procurement,50.0,412739.6929379477,0.8789396561976659,66.85872127011213
136,Combined,50.31761177462535,412739.6929136281,1.218646112240151,30.581411508954844
137,Uniform,50.0,282443.16146656725,0.0,21.401370439592505
137,Screened,50.32365014242858,282443.16146672284,0.3347160307602337,-0.0
137,Yield per roof,51.31745952327827,282443.16146656725,0.9045412958134662,5.667822832835185
137,Procurement,50.0,282443.16146656725,1.0780168330596425,13.19841440532157
137,Combined,50.32365014242858,282443.16146672284,1.41465046153467,-0.0
138,Uniform,50.0,363495.58384225506,0.0,15.99168916007119
138,Screened,50.30848618603058,363495.583842255,0.4958332803866199,-0.0
138,Yield per roof,51.252234044434275,363495.5838422552,1.2585734110908788,2.1247326669953415
138,Procurement,50.0,363495.58384225506,0.8847151554849546,10.774909365321314
138,Combined,50.30848618603058,363495.583842255,1.380033275889332,-0.0
139,Uniform,50.0,321040.9690536321,0.0,8.065289765130721
139,Screened,50.31881109197329,321040.9690354408,0.610603869476293,-0.0
139,Yield per roof,51.30161098217438,321040.9690536322,1.4795856905488591,-0.0
139,Procurement,50.0,321040.9690536321,0.9735080584366926,3.8408536328764264
139,Combined,50.31881109197329,321040.9690354408,1.5843482958294288,-0.0
140,Uniform,50.0,340956.53458372306,0.0,22.59694416077004
140,Screened,50.31740155923093,340956.53456361406,0.4479979821645941,-0.0
140,Yield per roof,51.28892426491283,340956.534583723,1.1180765128952288,5.619068514279326
140,Procurement,50.0,340956.53458372306,0.9793150158998856,15.137913154142964
140,Combined,50.31740155923093,340956.53456361406,1.4277872382487686,-0.0
141,Uniform,50.0,305401.28448812047,0.0,16.640578428023403
141,Screened,50.30718133978712,305401.2844881204,0.3410718386234777,-0.0
141,Yield per roof,51.251913458011344,305401.2844881204,0.8918116342804083,3.707979232153514
141,Procurement,50.0,305401.28448812047,0.9206038646906123,10.297698277708655
141,Combined,50.30718133978712,305401.2844881204,1.2623554948992393,-0.0
142,Uniform,50.0,282897.29776264814,0.0,6.3299799143280255
142,Screened,50.312413487105516,282897.2977626482,0.559177792101309,-0.0
142,Yield per roof,51.267918355520415,282897.2977626481,1.4727276322484641,-0.0
142,Procurement,50.0,282897.29776264814,1.03792881280026,2.6305079830343083
142,Combined,50.312413487105516,282897.2977626482,1.5976219062456636,-0.0
143,Uniform,50.0,428290.33397579065,-7.105427357601002e-15,83.80886813900669
143,Screened,50.30688109810921,428290.33397579065,0.3944810117452775,39.91569609196638
143,Yield per roof,51.24499059916897,428290.33397579065,0.9554198925603643,57.735165054417635
143,Procurement,50.0,428290.33397579065,0.8580236907399481,60.57292928582274
143,Combined,50.30688109810921,428290.33397579065,1.252974662315431,23.098853906068083
144,Uniform,50.0,324400.6374371208,0.0,21.240714306236658
144,Screened,50.31651759960401,324400.63743712066,0.39039161890938345,-0.0
144,Yield per roof,51.28422115208432,324400.6374371207,1.0083805861309685,5.30050265951978
144,Procurement,50.0,324400.6374371208,1.0305309821730475,13.554781770885645
144,Combined,50.31651759960401,324400.63743712066,1.4218595168748465,-0.0
145,Uniform,50.0,375260.0782143413,0.0,25.109474347157747
145,Screened,50.322421732279935,375260.0781922469,0.450859374825086,-0.0
145,Yield per roof,51.31033762252278,375260.0782143413,1.1728327419018427,6.4289519325426925
145,Procurement,50.0,375260.0782143413,0.9190589518551064,18.018100334878625
145,Combined,50.322421732279935,375260.0781922469,1.372610003206205,-0.0
146,Uniform,50.0,418983.96981241595,0.0,35.358881277568926
146,Screened,50.3283378765782,418983.9697879045,0.5005808641308533,-0.0
146,Yield per roof,51.33070443509974,418983.96981241595,1.1986737330922352,11.176636880932014
146,Procurement,50.0,418983.96981241595,0.8967336285566461,28.517318954718643
146,Combined,50.3283378765782,418983.9697879045,1.3982116743584925,-0.0
147,Uniform,50.0,303689.92957379454,-1.4210854715202004e-14,4.335508029287215
147,Screened,50.32055581789917,303689.929555921,0.6913606951086848,-0.0
147,Yield per roof,51.30096461921646,303689.9295737945,1.7387291919920358,-0.0
147,Procurement,50.0,303689.92957379454,1.1247133163248435,2.297696757539624
147,Combined,50.32055581789917,303689.929555921,1.8178694021448791,-0.0
148,Uniform,50.0,385205.11109964165,0.0,8.65746577680707
148,Screened,50.31041038404773,385205.11109964165,0.8035174636272586,-0.0
148,Yield per roof,51.25840266595242,385205.1110996416,1.8894578029025126,-0.0
148,Procurement,50.0,385205.11109964165,0.8966705951563085,4.7978056088940875
148,Combined,50.31041038404773,385205.11109964165,1.699938807603985,-0.0
149,Uniform,50.0,394324.85344639415,0.0,3.0890748145056355
149,Screened,50.31006940743009,394324.8534463941,0.8875640481070661,-0.0
149,Yield per roof,51.25964673521561,394324.8534463941,2.365683054499641,-0.0
149,Procurement,50.0,394324.85344639415,0.8439256827381882,1.9560948224821633
149,Combined,50.31006940743009,394324.8534463941,1.732181075963382,-0.0
150,Uniform,50.0,310648.9367501844,0.0,61.86264946525988
150,Screened,50.307903112181236,310648.9367501844,0.2762774508517296,29.093772460829843
150,Yield per roof,51.25200936012727,310648.9367501843,0.7009537970139377,42.860568679865
150,Procurement,50.0,310648.9367501844,1.0303540143706584,33.66318473514237
150,Combined,50.307903112181236,310648.9367501844,1.3077790876824338,8.665837203763788
151,Uniform,50.0,395390.14377804374,0.0,15.45459422143711
151,Screened,50.310604985726584,395390.14375601313,0.6171614144267181,-0.0
151,Yield per roof,51.26516715649421,395390.14377804357,1.4828324990154016,1.7238527996569524
151,Procurement,50.0,395390.14377804374,0.8893016158167484,10.197972093320503
151,Combined,50.310604985726584,395390.14375601313,1.5099002761732265,-0.0
152,Uniform,50.0,426017.89214180375,0.0,44.13450426811302
152,Screened,50.316715743264844,426017.89211701613,0.49142080101215413,5.995568569733294
152,Yield per roof,51.28446051097218,426017.89214180375,1.183296577570431,19.76607730730716
152,Procurement,50.0,426017.89214180375,0.8354741732376851,32.162915772832235
152,Combined,50.316715743264844,426017.89211701613,1.3272478371358716,-0.0
153,Uniform,50.0,383033.0542950011,1.4210854715202004e-14,10.04596413430095
153,Screened,50.3177639563555,383033.054272373,0.6926812487615308,-0.0
153,Yield per roof,51.29491106623435,383033.0542950012,1.664842521004175,-0.0
153,Procurement,50.0,383033.0542950011,0.83159410011109,6.433498104145435
153,Combined,50.3177639563555,383033.054272373,1.5239747384811437,-0.0
154,Uniform,50.0,315583.306096022,0.0,8.388095601428395
154,Screened,50.31939343401582,315583.30607762665,0.5655564267408693,-0.0
154,Yield per roof,51.2990719967956,315583.30609602213,1.3706236323180008,-0.0
154,Procurement,50.0,315583.306096022,0.9951815755554492,4.062305456401221
154,Combined,50.31939343401582,315583.30607762665,1.5674273926600648,-0.0
155,Uniform,50.0,392794.26537783304,0.0,16.831246165250107
155,Screened,50.30887807753784,392794.2653778329,0.5419620359834454,-0.0
155,Yield per roof,51.255312756233494,392794.26537783304,1.4007711718173113,2.0679096483138486
155,Procurement,50.0,392794.26537783304,0.8420444615834839,11.861028891866235
155,Combined,50.30887807753784,392794.2653778329,1.3845471472637456,-0.0
156,Uniform,50.0,347560.9795645445,7.105427357601002e-15,23.54027831693068
156,Screened,50.32045514561204,347560.979544025,0.39481596091778925,-0.0
156,Yield per roof,51.30886708640673,347560.9795645445,0.9799570128184172,6.678154690443694
156,Procurement,50.0,347560.9795645445,0.9314198527221222,16.357373696450797
156,Combined,50.32045514561204,347560.979544025,1.3277140525095916,-0.0
157,Uniform,50.0,286595.8895301334,0.0,2.287851438341926
157,Screened,50.31447131887946,286595.8895301335,0.6074911956404918,-0.0
157,Yield per roof,51.27874396915782,286595.8895301334,1.4883477613570477,-0.0
157,Procurement,50.0,286595.8895301334,0.8705498729463699,1.1162250135386302
157,Combined,50.31447131887946,286595.8895301335,1.4782433963194563,-0.0
158,Uniform,50.0,404115.9351383244,0.0,37.85187465913321
158,Screened,50.3139187484195,404115.9351366028,0.40059370657673554,6.395497897307546
158,Yield per roof,51.2836385859928,404115.9351383243,0.955303774389499,18.618784856446023
158,Procurement,50.0,404115.9351383244,0.8291571775096571,25.518022987259954
158,Combined,50.3139187484195,404115.9351366028,1.2320744475059016,-0.0
159,Uniform,50.0,409025.9897450021,0.0,6.614941207101826
159,Screened,50.31570952601982,409025.9897450022,0.8711998950583961,-0.0
159,Yield per roof,51.28007458337377,409025.9897450023,2.1962199320314824,-0.0
159,Procurement,50.0,409025.9897450021,1.0386024373301268,3.8446774545280578
159,Combined,50.31570952601982,409025.9897450022,1.9129042884211174,-0.0
160,Uniform,50.0,384175.821516555,0.0,109.50057808659405
160,Screened,50.31839633998333,384175.82149388455,0.2477407662167792,65.6163025329955
160,Yield per roof,51.29528610332296,384175.82151655504,0.6402673095050488,85.32189703434744
160,Procurement,50.0,384175.821516555,0.9077122927341819,84.72252643334845
160,Combined,50.31839633998333,384175.82149388455,1.156120564911923,47.67823387171396
161,Uniform,50.0,363755.9140892776,0.0,17.08993932402358
161,Screened,50.31161673954018,363755.9140892776,0.43578213350075146,-0.0
161,Yield per roof,51.267846171754854,363755.91408927756,1.1559474183147245,2.807719101807241
161,Procurement,50.0,363755.9140892776,0.8353462322129843,11.952077351356559
161,Combined,50.31161673954018,363755.9140892776,1.2712731342262344,-0.0
162,Uniform,50.0,311867.0026043571,0.0,6.3969571982870885
162,Screened,50.30287098354271,311867.0026043571,0.5651966030458908,-0.0
162,Yield per roof,51.23056850072001,311867.0026043571,1.3429053224696474,-0.0
162,Procurement,50.0,311867.0026043571,0.8928649434843265,2.791500028462913
162,Combined,50.30287098354271,311867.0026043571,1.460678675835183,-0.0
163,Uniform,50.0,357650.63196315727,0.0,68.20707342973616
163,Screened,50.31558615900497,357650.63196315756,0.28306795388274253,33.08522027121176
163,Yield per roof,51.28273045485727,357650.63196315715,0.7454407678890931,47.81518631619186
163,Procurement,50.0,357650.63196315727,0.8805132810628251,44.187207985824294
163,Combined,50.31558615900497,357650.63196315756,1.1651061579656243,15.685653904212778
164,Uniform,50.0,323364.3767969944,0.0,37.63667214230689
164,Screened,50.31527390938064,323364.3767778602,0.26823907779102996,11.107378405194126
164,Yield per roof,51.282853110678175,323364.37679699436,0.6989910120561333,22.382519306836627
164,Procurement,50.0,323364.3767969944,0.8977708168976122,20.235737941858165
164,Combined,50.31527390938064,323364.3767778602,1.1693252612322667,-0.0
165,Uniform,50.0,297039.37898980203,-7.105427357601002e-15,22.074623488338176
165,Screened,50.31877177585719,297039.3789723334,0.38171789611391915,-0.0
165,Yield per roof,51.29404900968526,297039.37898980203,0.9724926022872467,5.92611555927203
165,Procurement,50.0,297039.37898980203,1.0461907972122333,14.052381824092691
165,Combined,50.31877177585719,297039.3789723334,1.4283947277995566,-0.0
166,Uniform,50.0,370880.2809583555,0.0,12.9769088356845
166,Screened,50.31047866191479,370880.2809583555,0.6480060404960426,-0.0
166,Yield per roof,51.25892809761567,370880.2809583555,1.5983000642227267,0.6908770876921745
166,Procurement,50.0,370880.2809583555,0.9159689834443583,8.402528821795903
166,Combined,50.31047866191479,370880.2809583555,1.5639128698113183,-0.0
167,Uniform,50.0,316734.62534502894,0.0,32.43136692896342
167,Screened,50.31241869769801,316734.6253450288,0.24444692217333852,8.270732594938286
167,Yield per roof,51.26991954834306,316734.62534502894,0.6802357625441573,17.75871667362449
167,Procurement,50.0,316734.62534502894,0.8781376314954414,17.83385367893231
167,Combined,50.31241869769801,316734.6253450288,1.1244391882801423,-0.0
168,Uniform,50.0,287873.5647178339,0.0,21.48736967887979
168,Screened,50.31297755358076,287873.56471783394,0.2716137992890424,-0.0
168,Yield per roof,51.272399704807874,287873.5647178339,0.7231729320064915,6.619362889906683
168,Procurement,50.0,287873.5647178339,0.9256094930116632,14.349339697137951
168,Combined,50.31297755358076,287873.56471783394,1.1979980131070036,-0.0
169,Uniform,50.0,429407.9980203833,0.0,134.80750782645637
169,Screened,50.312981282900914,429407.9980203833,0.31706203182579884,80.50097113146926
169,Yield per roof,51.26967900398745,429407.99802038324,0.7851471077610128,104.94832458152676
169,Procurement,50.0,429407.9980203833,0.8759389157221307,111.45235324536553
169,Combined,50.312981282900914,429407.9980203833,1.1939820123423743,63.61382461423023
170,Uniform,50.0,304943.8512643059,0.0,3.024996130911951
170,Screened,50.32066157559276,304943.85124633793,0.6842200016927649,-0.0
170,Yield per roof,51.3035407668376,304943.85126430576,1.7184616149297938,-0.0
170,Procurement,50.0,304943.8512643059,1.0038374621677804,1.6796385134182952
170,Combined,50.32066157559276,304943.85124633793,1.6888760649205636,-0.0
171,Uniform,50.0,432933.29169396195,0.0,9.245342297315696
171,Screened,50.3011555347441,432933.29169396195,0.7198952630434832,-0.0
171,Yield per roof,51.22455481438907,432933.291693962,1.9241361108067565,-0.0
171,Procurement,50.0,432933.29169396195,0.7275009978806395,6.086702571208829
171,Combined,50.3011555347441,432933.29169396195,1.4470225354502588,-0.0
172,Uniform,50.0,428053.24632725434,0.0,28.288708938805236
172,Screened,50.33904253776449,428053.2463023545,0.5273104359827556,-0.0
172,Yield per roof,51.37782198596685,428053.24632725434,1.3208937735613517,7.430602513099469
172,Procurement,50.0,428053.24632725434,0.9116756551702707,21.255350850860495
172,Combined,50.33904253776449,428053.2463023545,1.4428462396169124,-0.0
173,Uniform,50.0,419922.3381601295,0.0,103.62237903344277
173,Screened,50.31147273672005,419922.3381601295,0.2975965943916421,58.41520991049014
173,Yield per roof,51.26520805373065,419922.3381601296,0.7791999111281314,77.7392180984025
173,Procurement,50.0,419922.3381601295,0.803865636637596,81.75656818286834
173,Combined,50.31147273672005,419922.3381601295,1.1019810670902146,42.59621845114957
174,Uniform,50.0,358509.9968841779,-1.4210854715202004e-14,7.098892102588206
174,Screened,50.31309884752156,358509.9968841778,0.6995110106738309,-0.0
174,Yield per roof,51.27225857244373,358509.9968841779,1.6684999458428962,-0.0
174,Procurement,50.0,358509.9968841779,0.8734298535132439,3.4204451344085154
174,Combined,50.31309884752156,358509.9968841778,1.5736170052972085,-0.0
175,Uniform,50.0,433146.8323672104,0.0,27.255224093669387
175,Screened,50.30424814165653,433146.8323676929,0.513075366371325,-0.0
175,Yield per roof,51.24235483074858,433146.8323672105,1.2374776894887134,7.303344712350889
175,Procurement,50.0,433146.8323672104,0.7264697796153285,21.663823877477395
175,Combined,50.30424814165653,433146.8323676929,1.2422947617953355,-0.0
176,Uniform,50.0,290456.30036951054,0.0,27.45785261419298
176,Screened,50.31415095667943,290456.30035247083,0.4032256882282468,-0.0
176,Yield per roof,51.27298856644146,290456.30036951037,0.963048620526024,8.478146767277435
176,Procurement,50.0,290456.30036951054,1.2058941410123225,18.13977059940404
176,Combined,50.31415095667943,290456.30035247083,1.6108234697247639,-0.0
177,Uniform,50.0,277507.45756523544,0.0,79.06738897522888
177,Screened,50.310510448920574,277507.45756523544,0.22101008398581712,44.49945521899682
177,Yield per roof,51.268948511691185,277507.4575652354,0.5837529836179058,59.73648871360054
177,Procurement,50.0,277507.45756523544,1.0678349931718856,49.756860470685524
177,Combined,50.310510448920574,277507.45756523544,1.28917699859457,23.27074979234585
178,Uniform,50.0,298959.44177372265,0.0,11.511321773749499
178,Screened,50.32407853011583,298959.4417560946,0.4980479847554591,-0.0
178,Yield per roof,51.316658868960864,298959.44177372265,1.2403585404223492,0.9781724129623746
178,Procurement,50.0,298959.44177372265,1.0538394804245286,6.137917326910299
178,Combined,50.32407853011583,298959.4417560946,1.5543796647523607,-0.0
179,Uniform,50.0,289711.0493584769,-7.105427357601002e-15,13.816217688742718
179,Screened,50.3039813669167,289711.04935847694,0.3760706177281321,-0.0
179,Yield per roof,51.23483106305725,289711.0493584769,0.9134261884834771,2.4754390743733787
179,Procurement,50.0,289711.0493584769,0.9081562969356227,8.1757125902572
179,Combined,50.3039813669167,289711.04935847694,1.2834566988957619,-0.0
180,Uniform,50.0,313069.2541001077,0.0,47.095678596871
180,Screened,50.31353242427104,313069.2540817002,0.29423398775212206,17.26969818391188
180,Yield per roof,51.27178817891373,313069.25410010776,0.7687468123443537,28.78662203110162
180,Procurement,50.0,313069.2541001077,0.9845730033341411,22.62998423984532
180,Combined,50.31353242427104,313069.2540817002,1.2789794930442966,-0.0
181,Uniform,50.0,324039.82527220785,0.0,33.82129964901089
181,Screened,50.31767538627226,324039.8252530498,0.3086415969569387,6.5954424262805444
181,Yield per roof,51.29209096726569,324039.82527220773,0.815886073154914,16.741263689257273
181,Procurement,50.0,324039.82527220785,0.9200291597484522,20.485069995884423
181,Combined,50.31767538627226,324039.8252530498,1.2296655873688138,-0.0
182,Uniform,50.0,346380.31370162335,0.0,8.566185252539139
182,Screened,50.30966411378027,346380.3137016233,0.5573467818544486,-0.0
182,Yield per roof,51.257567132445324,346380.31370162335,1.4380147670059529,-0.0
182,Procurement,50.0,346380.31370162335,0.9525476873546523,4.426894182398984
182,Combined,50.30966411378027,346380.3137016233,1.511692420503394,-0.0
183,Uniform,50.0,359916.6656486923,1.4210854715202004e-14,9.608036714810012
183,Screened,50.3048146114158,359916.6656486924,0.6292131933780638,-0.0
183,Yield per roof,51.237176187775255,359916.6656486922,1.5983273867352779,-0.0
183,Procurement,50.0,359916.6656486923,0.9749161707727154,5.484756643941557
183,Combined,50.3048146114158,359916.6656486924,1.6043203408027296,-0.0
184,Uniform,50.0,398111.7997754583,0.0,24.317549872640626
184,Screened,50.32273007413522,398111.7997520398,0.4623945675014056,-0.0
184,Yield per roof,51.31030230156762,398111.7997754583,1.232032625144143,5.788311645294493
184,Procurement,50.0,398111.7997754583,0.840873846857491,17.921086864376612
184,Combined,50.32273007413522,398111.7997520398,1.303286250623131,-0.0
185,Uniform,50.0,282304.796129333,1.4210854715202004e-14,6.050505856759732
185,Screened,50.31379580048661,282304.796129333,0.6192695418494196,-0.0
185,Yield per roof,51.27072192475287,282304.796129333,1.5249649410673385,-0.0
185,Procurement,50.0,282304.796129333,1.1482691407707222,2.526340924509101
185,Combined,50.31379580048661,282304.796129333,1.7689615725194443,-0.0
186,Uniform,50.0,391939.14632184175,0.0,55.40481242717378
186,Screened,50.30660220496616,391939.1463218415,0.35470728396178686,20.81707137918439
186,Yield per roof,51.245241070281054,391939.14632184186,0.906481642461415,33.67724661439541
186,Procurement,50.0,391939.14632184175,0.8256160841776818,33.09839512614814
186,Combined,50.30660220496616,391939.1463218415,1.1797982930627526,4.732289186656227
187,Uniform,50.0,299863.9250891146,0.0,12.50089819698836
187,Screened,50.310315861687855,299863.9250891146,0.38239015930877684,-0.0
187,Yield per roof,51.26051821266084,299863.9250891146,0.9981158484003387,1.6162489702723375
187,Procurement,50.0,299863.9250891146,0.9166048801391398,7.089434151477864
187,Combined,50.310315861687855,299863.9250891146,1.2987955999705747,-0.0
188,Uniform,50.0,383141.3242885665,7.105427357601002e-15,74.26416866234858
188,Screened,50.308831873251414,383141.3242885666,0.29652478800259985,36.64427380710822
188,Yield per roof,51.25593598208576,383141.3242885664,0.7984960643516104,51.870196198911636
188,Procurement,50.0,383141.3242885665,0.8584683182742481,50.84535476827488
188,Combined,50.308831873251414,383141.3242885666,1.1552134642986545,19.704756831543527
189,Uniform,50.0,345739.86076771107,0.0,36.74235848203357
189,Screened,50.30496718663812,345739.86075660744,0.3214260615526783,8.39484460719793
189,Yield per roof,51.24590886829119,345739.86076771095,0.8269336848676971,18.88118545226268
189,Procurement,50.0,345739.86076771107,0.8433778097872633,22.156436482064404
189,Combined,50.30496718663812,345739.86075660744,1.165786232198478,-0.0
190,Uniform,50.0,398109.2281372108,0.0,4.028085958386438
190,Screened,50.30791737330173,398109.22813721065,0.8772120417368399,-0.0
190,Yield per roof,51.25153153674386,398109.2281372108,2.1001243116232047,-0.0
190,Procurement,50.0,398109.2281372108,0.8517015021579653,2.885024567269946
190,Combined,50.30791737330173,398109.22813721065,1.7298635708407062,-0.0
191,Uniform,50.0,350194.48661866365,0.0,11.45829332312919
191,Screened,50.314427367181416,350194.48661866365,0.5559394373414364,-0.0
191,Yield per roof,51.27689944516476,350194.48661866365,1.5028293948653015,0.22899117164634886
191,Procurement,50.0,350194.48661866365,0.9334579873666229,7.255474822713807
191,Combined,50.314427367181416,350194.48661866365,1.489384671907061,-0.0
192,Uniform,50.0,299124.4406468444,0.0,14.715075326829904
192,Screened,50.305141054595055,299124.44064684445,0.39999755197047193,-0.0
192,Yield per roof,51.23972789790488,299124.44064684433,0.9654617900927036,2.632685052676125
192,Procurement,50.0,299124.4406468444,0.9500829037282301,8.994610781077048
192,Combined,50.305141054595055,299124.44064684445,1.352873377268054,-0.0
193,Uniform,50.0,324949.4051089885,0.0,16.32664123488397
193,Screened,50.31727839863599,324949.40508982976,0.46811296318009,-0.0
193,Yield per roof,51.28797565595844,324949.40510898834,1.1811529355826451,2.3687744014389445
193,Procurement,50.0,324949.4051089885,1.0114881597730516,10.341744118144796
193,Combined,50.31727839863599,324949.40508982976,1.4813587832735067,-0.0
194,Uniform,50.0,353642.1952734703,0.0,12.07777943811196
194,Screened,50.3030283814149,353642.19527347037,0.5580295648504716,-0.0
194,Yield per roof,51.230805225731324,353642.1952734705,1.4135842147198474,0.7436168155743703
194,Procurement,50.0,353642.1952734703,0.8934162628106037,7.510559135775838
194,Combined,50.3030283814149,353642.19527347037,1.450841418186485,-0.0
195,Uniform,50.0,280813.5034124782,0.0,15.243846593792972
195,Screened,50.313973606690496,280813.50341247814,0.4003597769803946,-0.0
195,Yield per roof,51.27477952957124,280813.50341247825,0.9734325620374875,2.9114106992593247
195,Procurement,50.0,280813.5034124782,1.057258339207408,8.641373828608423
195,Combined,50.313973606690496,280813.50341247814,1.4586662475843326,-0.0
196,Uniform,50.0,357267.24643550976,0.0,89.2302644011873
196,Screened,50.306187104040276,357267.24643550965,0.2650799321097068,50.13549792548063
196,Yield per roof,51.24209478058719,357267.24643550976,0.6815209843870065,66.55650496497442
196,Procurement,50.0,357267.24643550976,0.8833747619830206,65.13922502356627
196,Combined,50.306187104040276,357267.24643550965,1.1477511867504333,32.72919409686486
197,Uniform,50.0,340007.5782792657,0.0,19.9156255992934
197,Screened,50.31820214140432,340007.57825915364,0.41629517148540174,-0.0
197,Yield per roof,51.2963906761745,340007.57827926544,1.0616255281555027,4.627307250552852
197,Procurement,50.0,340007.5782792657,0.8792624211882298,13.541417769804694
197,Combined,50.31820214140432,340007.57825915364,1.2968277088220077,-0.0
198,Uniform,50.0,428918.96373126144,0.0,88.23951975071566
198,Screened,50.3268643569223,428918.96370604995,0.37283907923687565,43.11765081846683
198,Yield per roof,51.32737386401548,428918.96373126144,0.9685611428311631,61.66509563085302
198,Procurement,50.0,428918.96373126144,0.8154806552826912,66.01417785380636
198,Combined,50.3268643569223,428918.96370604995,1.1889010056603624,27.027220635371098
199,Uniform,50.0,408777.54492997815,0.0,4.269464609496468
199,Screened,50.32134306041051,408777.54490583093,0.8638246594918542,-0.0
199,Yield per roof,51.30894582204585,408777.5449299783,2.1434984478607078,-0.0
199,Procurement,50.0,408777.54492997815,0.8235430861786028,3.1637687586063756
199,Combined,50.32134306041051,408777.54490583093,1.689014571042577,-0.0
200,Uniform,50.0,344489.9703378485,0.0,6.511832694952914
200,Screened,50.30609892728016,344489.97031750437,0.5915457368728454,-0.0
200,Yield per roof,51.24783822444113,344489.9703378485,1.5475217245741675,-0.0
200,Procurement,50.0,344489.9703378485,0.86166671641233,3.1022067762894228
200,Combined,50.30609892728016,344489.97031750437,1.4565442096717618,-0.0
201,Uniform,50.0,280513.5887838973,0.0,8.757908177030702
201,Screened,50.315727966758814,280513.5887685212,0.45882256201407756,-0.0
201,Yield per roof,51.285845819638816,280513.5887838972,1.1592971352935137,0.29255433286804083
201,Procurement,50.0,280513.5887838973,0.9756652137365194,4.326616703188791
201,Combined,50.315727966758814,280513.5887685212,1.4350092994758654,-0.0
202,Uniform,50.0,330496.9442877772,0.0,16.108215522649843
202,Screened,50.31527982113466,330496.9442877772,0.49606287870456356,-0.0
202,Yield per roof,51.28009346441373,330496.94428777724,1.2424055906940197,2.2166626057608645
202,Procurement,50.0,330496.9442877772,0.9755266407117347,10.34091568926511
202,Combined,50.31527982113466,330496.9442877772,1.4726846481483165,-0.0
203,Uniform,50.0,324206.53933752887,0.0,13.141797108066463
203,Screened,50.318115167922,324206.53932042676,0.4936255175401101,-0.0
203,Yield per roof,51.29508736631758,324206.53933752875,1.287599202646362,1.2055713848217617
203,Procurement,50.0,324206.53933752887,1.0131567557193932,7.670758755208595
203,Combined,50.318115167922,324206.53932042676,1.5075898284047895,-0.0
204,Uniform,50.0,319603.6387998656,0.0,3.0736417747737534
204,Screened,50.319342839662546,319603.6387909646,0.6856164410129821,-0.0
204,Yield per roof,51.30279658574349,319603.6387998656,1.6591595806279855,-0.0
204,Procurement,50.0,319603.6387998656,0.939529743950672,1.8119907143173006
204,Combined,50.319342839662546,319603.6387909646,1.626337127688572,-0.0
205,Uniform,50.0,405669.3441085303,0.0,6.277346427012732
205,Screened,50.32691785040672,405669.3440846999,0.912716579003586,-0.0
205,Yield per roof,51.326921461255196,405669.34410853015,2.2025150318544604,-0.0
205,Procurement,50.0,405669.3441085303,0.8450762218410546,3.936100313471741
205,Combined,50.32691785040672,405669.3440846999,1.7581526741804794,-0.0
206,Uniform,50.0,350735.1964141336,7.105427357601002e-15,62.41278674507169
206,Screened,50.31749138299099,350735.1963935633,0.33509136494112823,26.92815416435635
206,Yield per roof,51.28708509970039,350735.19641413365,0.8423945697687998,40.992876857864445
206,Procurement,50.0,350735.1964141336,0.9410440867227621,36.8238048626978
206,Combined,50.31749138299099,350735.1963935633,1.2760244032054047,8.436347456489246
207,Uniform,50.0,318833.2000701885,0.0,14.856117950769795
207,Screened,50.31721654965929,318833.20005144784,0.5137733619120297,-0.0
207,Yield per roof,51.28713000655063,318833.20007018844,1.3455062219626797,1.5176775953345274
207,Procurement,50.0,318833.2000701885,1.1367940792853375,8.607654711647143
207,Combined,50.31721654965929,318833.20005144784,1.651980266582413,-0.0
208,Uniform,50.0,302052.87620196777,0.0,19.457364264029074
208,Screened,50.314867585665745,302052.8762019677,0.3464696745878584,-0.0
208,Yield per roof,51.28034099121927,302052.8762019678,0.8643695413625707,5.2618539193250955
208,Procurement,50.0,302052.87620196777,0.8746398685226353,12.722355865802305
208,Combined,50.314867585665745,302052.8762019677,1.221527618505995,-0.0
209,Uniform,50.0,422151.65742795833,0.0,42.494564287167194
209,Screened,50.319950595247136,422151.65740701824,0.427202289737707,7.0232128313414695
209,Yield per roof,51.30216797341881,422151.65742795833,1.0919199942164965,20.21924768860272
209,Procurement,50.0,422151.65742795833,0.8530357897201526,29.33206873025417
209,Combined,50.319950595247136,422151.65740701824,1.281437525415896,-0.0
210,Uniform,50.0,326028.5539243838,0.0,24.235722808619098
210,Screened,50.311799000276004,326028.55390612886,0.3750229606556985,-0.0
210,Yield per roof,51.26680848245961,326028.55392438394,0.9169898907045493,7.253153532107253
210,Procurement,50.0,326028.5539243838,0.9533825976792443,16.885605072082207
210,Combined,50.311799000276004,326028.55390612886,1.328232242195135,-0.0
211,Uniform,50.0,348963.91235125944,0.0,88.03182925488737
211,Screened,50.32393940081439,348963.9123306974,0.2587726352410158,49.368336361373096
211,Yield per roof,51.317955279049805,348963.91235125926,0.6498238124265328,67.02892872452517
211,Procurement,50.0,348963.91235125944,0.9939908137248068,60.79071822373073
211,Combined,50.32393940081439,348963.9123306974,1.2547450569631948,29.611530470312218
212,Uniform,50.0,315482.1238575366,0.0,5.987162627865276
212,Screened,50.31089314240398,315482.1238575365,0.5664772553272854,-0.0
212,Yield per roof,51.26691907320899,315482.1238575365,1.4188695786942418,-0.0
212,Procurement,50.0,315482.1238575366,0.9621391838088584,2.6531435710624853
212,Combined,50.31089314240398,315482.1238575365,1.5325022880754489,-0.0
213,Uniform,50.0,325666.30979319743,0.0,9.777334731476369
213,Screened,50.32139084747308,325666.3097740737,0.5885863649055807,-0.0
213,Yield per roof,51.30641136817924,325666.3097931973,1.4398677322854496,0.1243970865634664
213,Procurement,50.0,325666.30979319743,0.9399446662938828,5.644081150656125
213,Combined,50.32139084747308,325666.3097740737,1.5281965610901267,-0.0
214,Uniform,50.0,339465.59156222804,0.0,6.230236819010792
214,Screened,50.3108422013198,339465.591562228,0.6431071237481802,-0.0
214,Yield per roof,51.26318093412457,339465.59156222787,1.5977492667918511,-0.0
214,Procurement,50.0,339465.59156222804,0.9623663672340399,2.9195905011152754
214,Combined,50.3108422013198,339465.591562228,1.6065724871273943,-0.0
215,Uniform,50.0,332771.37829032075,0.0,2.2941012565678855
215,Screened,50.31491372242189,332771.378270624,0.7996818675601958,-0.0
215,Yield per roof,51.2826816680805,332771.37829032086,1.9692589520941794,-0.0
215,Procurement,50.0,332771.37829032075,0.8580672277556118,1.1391924148759094
215,Combined,50.31491372242189,332771.378270624,1.6603641319654514,-0.0
216,Uniform,50.0,326439.3915278296,0.0,52.490745947273176
216,Screened,50.3310914588037,326439.3915222149,0.3334684878327536,18.963588172890372
216,Yield per roof,51.34682779297592,326439.39152782946,0.8406087354762164,33.11034886503402
216,Procurement,50.0,326439.3915278296,1.157966692151767,25.35473591587359
216,Combined,50.3310914588037,326439.3915222149,1.4942129354067077,-0.0
217,Uniform,50.0,424962.1027546503,0.0,24.682238492456335
217,Screened,50.31748542511927,424962.10272954486,0.5708271609553037,-0.0
217,Yield per roof,51.2919774376086,424962.10275465023,1.4176535141727413,5.413549706013479
217,Procurement,50.0,424962.1027546503,0.8122087375665501,18.62598586042587
217,Combined,50.31748542511927,424962.10272954486,1.3840114968015769,-0.0
218,Uniform,50.0,417216.71246275003,0.0,4.4344777837029605
218,Screened,50.322182715609294,417216.7124381644,0.9866490230510863,-0.0
218,Yield per roof,51.310476413132164,417216.71246275003,2.3589640722628076,-0.0
218,Procurement,50.0,417216.71246275003,0.8474311229864213,3.2999032183023926
218,Combined,50.322182715609294,417216.7124381644,1.8347217231325033,-0.0
219,Uniform,50.0,314395.0395553819,0.0,19.8212495518542
219,Screened,50.31441117932898,314395.039555382,0.36060334710520436,-0.0
219,Yield per roof,51.27947431004857,314395.03955538187,0.8631636126086732,5.395556118079003
219,Procurement,50.0,314395.0395553819,0.920888514143968,12.860718595406963
219,Combined,50.31441117932898,314395.039555382,1.2872797992732146,-0.0
220,Uniform,50.0,280675.90572854865,0.0,31.2940994950033
220,Screened,50.31325314415147,280675.9057120566,0.30918699249103554,5.1582382231487856
220,Yield per roof,51.27013404661043,280675.90572854865,0.7948349330650615,14.890863033754867
220,Procurement,50.0,280675.90572854865,1.0980907733666356,18.008719111804147
220,Combined,50.31325314415147,280675.9057120566,1.4079078017462265,-0.0
221,Uniform,50.0,415030.7748953168,0.0,10.297853564674705
221,Screened,50.30702385435175,415030.7748953169,0.6927730434382511,-0.0
221,Yield per roof,51.24736086937353,415030.77489531686,1.795396245138491,-0.0
221,Procurement,50.0,415030.7748953168,0.7850179248245297,6.888134810286176
221,Combined,50.30702385435175,415030.7748953169,1.4781432718311152,-0.0
222,Uniform,50.0,318252.0970887903,0.0,23.072634741891182
222,Screened,50.30417469880566,318252.0970887904,0.28586310277793103,-0.0
222,Yield per roof,51.23585337010555,318252.0970887903,0.7350936432244026,7.285573668587785
222,Procurement,50.0,318252.0970887903,0.8959500983630804,16.171281023389035
222,Combined,50.30417469880566,318252.0970887904,1.184716768593347,-0.0
223,Uniform,50.0,414017.784288925,0.0,47.48767396613142
223,Screened,50.320608022268516,414017.7842646075,0.4523207936941702,9.646183139944075
223,Yield per roof,51.298182815672284,414017.78428892506,1.129485883646737,23.719716559417332
223,Procurement,50.0,414017.784288925,0.8807235936602211,31.5619616926384
223,Combined,50.320608022268516,414017.7842646075,1.3340207433743956,-0.0
224,Uniform,50.0,309991.8754638183,0.0,73.46260484306471
224,Screened,50.30577538025718,309991.87546381843,0.2167863669716894,40.85253923042348
224,Yield per roof,51.246309781770236,309991.87546381843,0.5680767907337874,54.89071652773535
224,Procurement,50.0,309991.8754638183,0.9512669027997909,47.473084916030324
224,Combined,50.30577538025718,309991.87546381843,1.1680888464463486,22.051632603759636
225,Uniform,50.0,323519.31413152977,0.0,8.609302543337416
225,Screened,50.31104017799804,323519.3141315298,0.5532536111373929,-0.0
225,Yield per roof,51.26648965422662,323519.3141315298,1.4197246895751334,-0.0
225,Procurement,50.0,323519.31413152977,0.9678623923771283,4.4059193526754195
225,Combined,50.31104017799804,323519.3141315298,1.5220040388109481,-0.0
226,Uniform,50.0,362366.0883593084,0.0,4.308604015763162
226,Screened,50.31061536638953,362366.0883593084,0.7063801497093323,-0.0
226,Yield per roof,51.262363953714555,362366.08835930855,1.7532895024948942,-0.0
226,Procurement,50.0,362366.0883593084,0.8545841006794035,2.7637945707262586
226,Combined,50.31061536638953,362366.0883593084,1.565366591397236,-0.0
227,Uniform,50.0,282135.0472396877,0.0,14.248675822918974
227,Screened,50.30787564129523,282135.04723968764,0.36459789190302416,-0.0
227,Yield per roof,51.24905400253769,282135.0472396876,0.995422453412182,1.9931394791507686
227,Procurement,50.0,282135.0472396877,0.9598053346032174,8.583669862722504
227,Combined,50.30787564129523,282135.04723968764,1.3240095951012592,-0.0
228,Uniform,50.0,389225.4198064449,0.0,13.597310488096975
228,Screened,50.30336043728731,389225.4198065891,0.551723879111961,-0.0
228,Yield per roof,51.23679757852566,389225.41980644496,1.3521220771598763,1.3197913838239745
228,Procurement,50.0,389225.4198064449,0.8213507667636293,8.981289485041227
228,Combined,50.30336043728731,389225.4198065891,1.3794301322244138,-0.0
229,Uniform,50.0,313530.49707604555,-1.4210854715202004e-14,4.08217494577124
229,Screened,50.30744332093891,313530.49707604555,0.5454085284514605,-0.0
229,Yield per roof,51.24951357684557,313530.49707604555,1.3889257616374238,-0.0
229,Procurement,50.0,313530.49707604555,0.8685588324080271,2.086920920109896
229,Combined,50.30744332093891,313530.49707604555,1.414527972994236,-0.0
230,Uniform,50.0,418118.584482511,0.0,26.715235189457466
230,Screened,50.339185365774014,418118.5844580633,0.5662554637132757,-0.0
230,Yield per roof,51.37903483430025,418118.58448251104,1.3293656855912843,7.07725534756118
230,Procurement,50.0,418118.584482511,0.8593061151760679,20.088415770387414
230,Combined,50.339185365774014,418118.5844580633,1.427584475278934,-0.0
231,Uniform,50.0,314095.4535501702,0.0,8.702715245260919
231,Screened,50.308372421513184,314095.453533354,0.48469977929924823,-0.0
231,Yield per roof,51.25696116483788,314095.45355017006,1.2626273438028477,0.018506435674739044
231,Procurement,50.0,314095.4535501702,0.9191021500097776,4.711464787434517
231,Combined,50.308372421513184,314095.453533354,1.4053402486831317,-0.0
232,Uniform,50.0,380596.9588505984,0.0,99.62095342836463
232,Screened,50.31519595782999,380596.958834694,0.2894113276433359,55.12984946298791
232,Yield per roof,51.28099182101007,380596.9588505985,0.7966283646268479,74.01474503821875
232,Procurement,50.0,380596.9588505984,0.9305353040221078,74.37097896101425
232,Combined,50.31519595782999,380596.958834694,1.2201941901958406,36.86129089330029
233,Uniform,50.0,288872.3963229394,0.0,18.251922290859632
233,Screened,50.314475399023486,288872.3963249868,0.3847601202883908,-0.0
233,Yield per roof,51.28546420406547,288872.39632293937,0.9811707176932032,4.053721503655428
233,Procurement,50.0,288872.3963229394,1.0567936238083249,11.050898924043002
233,Combined,50.314475399023486,288872.3963249868,1.442384640553314,-0.0
234,Uniform,50.0,296046.6141298723,0.0,59.527209220141934
234,Screened,50.32039505459834,296046.6141124223,0.2943729112538449,26.35275444710315
234,Yield per roof,51.300511727236675,296046.6141298723,0.6864824103165361,42.41193348252935
234,Procurement,50.0,296046.6141298723,1.1961040285627718,26.767916404826572
234,Combined,50.32039505459834,296046.6141124223,1.4963103707106313,2.545064438692672
235,Uniform,50.0,341843.63746633474,0.0,79.2810680610032
235,Screened,50.32193334715101,341843.6374705692,0.23012736378557008,42.87567238588179
235,Yield per roof,51.32248147727227,341843.63746633497,0.6017954274925046,60.740017335985044
235,Procurement,50.0,341843.63746633474,0.9693530588518016,52.737811225703226
235,Combined,50.32193334715101,341843.6374705692,1.20529286282882,23.548828626496814
236,Uniform,50.0,369707.2075368602,0.0,25.790331772824896
236,Screened,50.30893713045994,369707.2075210852,0.44265056781627266,-0.0
236,Yield per roof,51.2562143884081,369707.2075368602,1.174929602004994,6.56355009619714
236,Procurement,50.0,369707.2075368602,1.0114276138236846,18.03227150806119
236,Combined,50.30893713045994,369707.2075210852,1.4547572618308635,-0.0
237,Uniform,50.0,411070.76648361946,0.0,22.778805682228363
237,Screened,50.327797591310265,411070.7664595756,0.6250396979395703,-0.0
237,Yield per roof,51.33079404904943,411070.7664836197,1.4788509471099616,4.374679089544796
237,Procurement,50.0,411070.76648361946,0.8752241064064918,17.068617045696428
237,Combined,50.327797591310265,411070.7664595756,1.501128450918614,-0.0
238,Uniform,50.0,294035.32864584494,-3.552713678800501e-15,98.52844716368872
238,Screened,50.32895925686974,294035.32862857333,0.19545437532467957,59.98752920759135
238,Yield per roof,51.333706780205915,294035.3286458448,0.5159461989437268,77.98954531402224
238,Procurement,50.0,294035.32864584494,1.0693186795964778,69.17632360420764
238,Combined,50.32895925686974,294035.32862857333,1.2659372277034926,38.7144152225533
239,Uniform,50.0,342756.8179553816,0.0,22.201319231521477
239,Screened,50.31028397750551,342756.8179553816,0.4468505043926285,-0.0
239,Yield per roof,51.257435190935766,342756.8179553816,1.1692211208624315,5.037560284585341
239,Procurement,50.0,342756.8179553816,1.0645898182264233,14.800574988401717
239,Combined,50.31028397750551,342756.8179553816,1.512225306802904,-0.0
240,Uniform,50.0,279566.2322828522,1.4210854715202004e-14,6.511691607591262
240,Screened,50.3106078111006,279566.2322663718,0.5490948948339138,-0.0
240,Yield per roof,51.26591195613738,279566.2322828522,1.3740852318046848,-0.0
240,Procurement,50.0,279566.2322828522,1.030711248713402,2.5685097094890597
240,Combined,50.3106078111006,279566.2322663718,1.5798642227596815,-0.0
241,Uniform,50.0,297392.4548980135,0.0,18.159292764507743
241,Screened,50.30744852742532,297392.45489801344,0.26547740416177135,-0.0
241,Yield per roof,51.249673088151695,297392.4548980135,0.6834043214851278,5.23190765907388
241,Procurement,50.0,297392.4548980135,0.8568061551120394,11.565843096335444
241,Combined,50.30744852742532,297392.45489801344,1.1260313162632656,-0.0
242,Uniform,50.0,365530.1362843303,0.0,21.282171671666703
242,Screened,50.32282417970425,365530.1362638855,0.4661971774315532,-0.0
242,Yield per roof,51.31263424888009,365530.1362843302,1.202538516369387,4.529740893217443
242,Procurement,50.0,365530.1362843303,1.0290543523627775,14.375835714725882
242,Combined,50.32282417970425,365530.1362638855,1.4989660151594961,-0.0
243,Uniform,50.0,358447.5980836026,0.0,3.2454387543816323
243,Screened,50.30648573899907,358447.59806241054,0.6706335020608662,-0.0
243,Yield per roof,51.25918848178842,358447.5980836026,1.728478001874393,-0.0
243,Procurement,50.0,358447.5980836026,0.8641936138345017,2.083493540504945
243,Combined,50.30648573899907,358447.59806241054,1.5421308329567012,-0.0
244,Uniform,50.0,424124.4664246534,0.0,70.24678706349998
244,Screened,50.30797590989679,424124.4664246533,0.40456302988328474,29.033479966705688
244,Yield per roof,51.248193886450004,424124.4664246535,1.0124676292167223,44.761016180311486
244,Procurement,50.0,424124.4664246534,0.8056402495589055,48.3981219218886
244,Combined,50.30797590989679,424124.4664246533,1.2098205217281404,13.242121704545193
245,Uniform,50.0,371060.0292333085,0.0,5.603068304689016
245,Screened,50.31263634758433,371060.0292333086,0.7327660070695146,-0.0
245,Yield per roof,51.27146773988689,371060.02923330857,1.8291717390984132,-0.0
245,Procurement,50.0,371060.0292333085,0.9279389686735726,3.084290940684865
245,Combined,50.31263634758433,371060.0292333086,1.6614840210945232,-0.0
246,Uniform,50.0,391987.2612342685,0.0,2.991023062612428
246,Screened,50.31114728139739,391987.2612342684,0.8721100742931469,-0.0
246,Yield per roof,51.269436020745296,391987.26123426855,2.193674997907351,-0.0
246,Procurement,50.0,391987.2612342685,0.8319088933130274,1.8728825905897202
246,Combined,50.31114728139739,391987.2612342684,1.7044700908546417,-0.0
247,Uniform,50.0,413246.7921565562,-1.4210854715202004e-14,11.937958883719135
247,Screened,50.315210309422376,413246.79215655616,0.6741992632840947,-0.0
247,Yield per roof,51.27924874211225,413246.7921565561,1.7433318089443475,0.010883127028884994
247,Procurement,50.0,413246.7921565562,0.8168536545016281,8.389231826253921
247,Combined,50.315210309422376,413246.79215655616,1.4910869840335153,-0.0
248,Uniform,50.0,305772.6032450208,0.0,9.653069974294489
248,Screened,50.30864173055642,305772.60324502084,0.4761930616280665,-0.0
248,Yield per roof,51.25806358355713,305772.60324502084,1.1693124813243685,0.6111491848928928
248,Procurement,50.0,305772.6032450208,0.9157832930378618,5.198329564432021
248,Combined,50.30864173055642,305772.60324502084,1.3934875561036648,-0.0
249,Uniform,50.0,417636.9029818878,0.0,6.539972711530574
249,Screened,50.33021634534818,417636.90295732627,0.8331711379945261,-0.0
249,Yield per roof,51.34683410027216,417636.90298188786,2.0839095962171257,-0.0
249,Procurement,50.0,417636.9029818878,0.8737198477844288,3.8000240608227744
249,Combined,50.33021634534818,417636.90295732627,1.7089902653290494,-0.0
250,Uniform,50.0,338548.21428936045,0.0,56.90723360930092
250,Screened,50.31759515076169,338548.2142734148,0.30131959162758903,24.267259272371078
250,Yield per roof,51.29228019835403,338548.21428936045,0.7656960413423803,37.89807057401438
250,Procurement,50.0,338548.21428936045,1.0304520620569733,28.80755918884956
250,Combined,50.31759515076169,338548.2142734148,1.333182352092841,3.93971305015893
251,Uniform,50.0,340249.2231368643,0.0,72.44620890783386
251,Screened,50.312305139864606,340249.2231368644,0.3000933255266176,36.01381288816272
251,Yield per roof,51.265269514484025,340249.2231368643,0.7446725492250224,51.20571086836815
251,Procurement,50.0,340249.2231368643,0.9950213224504765,45.45233015996238
251,Combined,50.312305139864606,340249.2231368644,1.2953862511888588,16.486046741089847
252,Uniform,50.0,384312.1082240367,0.0,17.70409241704591
252,Screened,50.305016893572244,384312.10820134333,0.48436803667199513,-0.0
252,Yield per roof,51.2403205410957,384312.10822403675,1.2814429526604556,2.4545282244094286
252,Procurement,50.0,384312.1082240367,0.7942382861677828,13.020318948841174
252,Combined,50.305016893572244,384312.10820134333,1.2804526975108814,-0.0
253,Uniform,50.0,356109.55643633765,0.0,21.859337476696336
253,Screened,50.32299128185628,356109.5564154391,0.5155807038878919,-0.0
253,Yield per roof,51.31090060042072,356109.55643633765,1.3211253268484313,4.232920358563801
253,Procurement,50.0,356109.55643633765,1.0794545445390469,14.842514760223102
253,Combined,50.32299128185628,356109.5564154391,1.5971106078245043,-0.0
254,Uniform,50.0,299462.21577664826,0.0,10.028366241825216
254,Screened,50.30943002562402,299462.2157766483,0.46909954245811036,-0.0
254,Yield per roof,51.25566186568728,299462.2157766483,1.1856414740328347,0.5962635114912735
254,Procurement,50.0,299462.21577664826,0.9784342087109081,5.269017778354704
254,Combined,50.30943002562402,299462.2157766483,1.447652795082277,-0.0
255,Uniform,50.0,298384.159936437,0.0,22.326086037331223
255,Screened,50.311848027416126,298384.1599364369,0.31641750438283367,-0.0
255,Yield per roof,51.26725024359379,298384.1599364369,0.8564889506318352,6.391231185723012
255,Procurement,50.0,298384.159936437,0.9686607469296362,14.871087606949226
255,Combined,50.311848027416126,298384.1599364369,1.2849319361252114,-0.0
256,Uniform,50.0,393341.0520495428,0.0,9.683335221519648
256,Screened,50.314919782155805,393341.0520495429,0.8296443778658045,-0.0
256,Yield per roof,51.274906926669864,393341.0520495426,1.975964764952181,-0.0
256,Procurement,50.0,393341.0520495428,0.9004313256990599,5.8297104196991345
256,Combined,50.314919782155805,393341.0520495429,1.7303352668816387,-0.0
257,Uniform,50.0,285548.9152795929,0.0,7.551589203423565
257,Screened,50.30482952899435,285548.9152795929,0.49617673272243223,-0.0
257,Yield per roof,51.23754717646055,285548.9152795929,1.2899941147054363,-0.0
257,Procurement,50.0,285548.9152795929,0.9494314949952667,3.425605580988546
257,Combined,50.30482952899435,285548.9152795929,1.4452413688192252,-0.0
258,Uniform,50.0,380474.3267196972,1.4210854715202004e-14,12.688984814460499
258,Screened,50.31425186940626,380474.3267196974,0.6026217469952115,-0.0
258,Yield per roof,51.27765974910254,380474.32671969716,1.4174605028899663,1.1804931579375688
258,Procurement,50.0,380474.3267196972,0.8280711536328482,8.03693983661588
258,Combined,50.31425186940626,380474.3267196974,1.4320742607623487,-0.0
259,Uniform,50.0,379075.00546757196,0.0,37.609062567088664
259,Screened,50.32002689340742,379075.00544529274,0.44507055761499714,3.7509601123136362
259,Yield per roof,51.2994082954692,379075.0054675719,1.073757367479061,16.272382546229192
259,Procurement,50.0,379075.00546757196,0.9666056622558017,26.80694493855886
259,Combined,50.32002689340742,379075.00544529274,1.4125347817335125,-0.0
260,Uniform,50.0,342513.81628903805,0.0,17.229539723822295
260,Screened,50.320433650344256,342513.816268908,0.5125799153330632,-0.0
260,Yield per roof,51.29972957040749,342513.81628903805,1.3309113725571535,2.1999616328318643
260,Procurement,50.0,342513.81628903805,1.1760520347901746,10.266959700474459
260,Combined,50.320433650344256,342513.816268908,1.6924918323344542,-0.0
261,Uniform,50.0,326686.8818905651,0.0,82.0585019402009
261,Screened,50.31650852531254,326686.88187136187,0.2688659969131635,44.39076575498725
261,Yield per roof,51.28337433392322,326686.88189056504,0.6821884176988888,60.891963569668576
261,Procurement,50.0,326686.8818905651,1.0338491602195958,53.72196140919375
261,Combined,50.31650852531254,326686.88187136187,1.3035445564535095,23.86110898200062
262,Uniform,50.0,339983.684737032,0.0,22.76821375909846
262,Screened,50.32127617097622,339983.6847370321,0.5000252478105836,-0.0
262,Yield per roof,51.302093007227185,339983.68473703193,1.2190897258954152,5.402739785133263
262,Procurement,50.0,339983.684737032,1.1582324398147534,14.858639561666816
262,Combined,50.32127617097622,339983.6847370321,1.6602840371764813,-0.0
263,Uniform,50.0,315170.43485718244,0.0,22.58661059356905
263,Screened,50.31589528095256,315170.43484058033,0.34389939581740236,-0.0
263,Yield per roof,51.28641418494721,315170.43485718255,0.836509198546203,6.903743295967677
263,Procurement,50.0,315170.43485718244,0.8816423232417847,15.796809700345364
263,Combined,50.31589528095256,315170.43484058033,1.2259937354233514,-0.0
264,Uniform,50.0,424010.8329770058,-1.4210854715202004e-14,19.02449169058646
264,Screened,50.33320299875548,424010.8329559052,0.7117927795027725,-0.0
264,Yield per roof,51.35572908033187,424010.83297700575,1.7275936732001185,2.1839282101083075
264,Procurement,50.0,424010.8329770058,0.8611273610579104,13.97376874823216
264,Combined,50.33320299875548,424010.8329559052,1.5739580215400508,-0.0
265,Uniform,50.0,347474.0330299642,0.0,37.91713056845361
265,Screened,50.30978683118517,347474.03300958534,0.3372256409566816,8.013825249742208
265,Yield per roof,51.25924463498054,347474.03302996414,0.8803971307575651,19.292591915482003
265,Procurement,50.0,347474.0330299642,0.9504256092374206,22.974731790594145
265,Combined,50.30978683118517,347474.03300958534,1.2891039237992317,-0.0
266,Uniform,50.0,390964.72449701,-1.4210854715202004e-14,10.014148349702666
266,Screened,50.31439720084395,390964.7244970101,0.7243587656883221,-0.0
266,Yield per roof,51.275317287212296,390964.7244970099,1.8784655528838243,-0.0
266,Procurement,50.0,390964.72449701,0.9062469371975794,6.135192970526821
266,Combined,50.31439720084395,390964.7244970101,1.6310737962355972,-0.0
267,Uniform,50.0,374056.3484480812,0.0,3.485544055526449
267,Screened,50.301012012846044,374056.3484480812,0.785945102161719,-0.0
267,Yield per roof,51.231283121857786,374056.34844808123,1.8705185170346112,-0.0
267,Procurement,50.0,374056.3484480812,0.8244951361673429,2.3766092163652672
267,Combined,50.301012012846044,374056.3484480812,1.6139457766087162,-0.0
268,Uniform,50.0,309068.5377072615,0.0,7.871003234801148
268,Screened,50.31355661340763,309068.5377072616,0.5339658469847848,-0.0
268,Yield per roof,51.27298082334745,309068.5377072616,1.3564007924580181,-0.0
268,Procurement,50.0,309068.5377072615,0.9499215701993222,3.742900059135164
268,Combined,50.31355661340763,309068.5377072616,1.4839745186623787,-0.0
269,Uniform,50.0,284272.051948562,0.0,5.745916844088781
269,Screened,50.301768831212456,284272.0519485619,0.4195105157414929,-0.0
269,Yield per roof,51.22624696378578,284272.0519485619,1.1380778105871485,-0.0
269,Procurement,50.0,284272.051948562,0.8541913775445238,2.255422662323514
269,Combined,50.301768831212456,284272.0519485619,1.2746059404130676,-0.0
270,Uniform,50.0,398007.43054248195,-1.4210854715202004e-14,11.745813300319204
270,Screened,50.30736860937297,398007.43054248206,0.6307280059647979,-0.0
270,Yield per roof,51.25357084966621,398007.43054248195,1.5200735435275021,0.6736939247441881
270,Procurement,50.0,398007.43054248195,0.7775738818939004,7.816357081180848
270,Combined,50.30736860937297,398007.43054248206,1.4101190256115927,-0.0
271,Uniform,50.0,411644.4921146418,0.0,43.025356151921486
271,Screened,50.318217504118145,411644.49211464176,0.43869712652822557,5.389436353845223
271,Yield per roof,51.28928121319851,411644.4921146418,1.1852267892751058,18.761524802442004
271,Procurement,50.0,411644.4921146418,0.9319667546612322,30.935422063841646
271,Combined,50.318217504118145,411644.49211464176,1.3715289559860082,-0.0
272,Uniform,50.0,310973.17521721206,0.0,13.472325279127677
272,Screened,50.315504023229074,310973.17519885435,0.43233769757016205,-0.0
272,Yield per roof,51.28619248103213,310973.1752172122,1.1235771204311646,1.6330438776429528
272,Procurement,50.0,310973.17521721206,0.9652641473568622,7.7779108679870195
272,Combined,50.315504023229074,310973.17519885435,1.3978927484712074,-0.0
273,Uniform,50.0,355744.323956558,0.0,85.19597273875837
273,Screened,50.32062252321815,355744.32393564715,0.3370808688044491,43.162194129910176
273,Yield per roof,51.299860811817986,355744.323956558,0.8371954632727494,61.67706207774742
273,Procurement,50.0,355744.323956558,1.1041481963947675,54.77384875195859
273,Combined,50.32062252321815,355744.32393564715,1.4431844431156762,21.08496510965148
274,Uniform,50.0,334316.9328459775,0.0,8.926230445139655
274,Screened,50.32617976353726,334316.9328262652,0.5822643557956866,-0.0
274,Yield per roof,51.329891333833,334316.9328459776,1.5568063322916998,-0.0
274,Procurement,50.0,334316.9328459775,0.9941926807890553,4.606293393964889
274,Combined,50.32617976353726,334316.9328262652,1.579096041521879,-0.0
275,Uniform,50.0,432721.65730555344,0.0,33.94947534996695
275,Screened,50.30868450937441,432721.65730555344,0.4971612441327551,-0.0
275,Yield per roof,51.25559799191332,432721.65730555344,1.1903005040686168,10.690453930876446
275,Procurement,50.0,432721.65730555344,0.7850316601487037,27.8979694184471
275,Combined,50.30868450937441,432721.65730555344,1.2827202019357742,-0.0
276,Uniform,50.0,340354.2288658296,0.0,27.18098599460521
276,Screened,50.31911500619058,340354.22884572786,0.3241670265037868,-0.0
276,Yield per roof,51.29638786119284,340354.22886582965,0.8273868234864423,9.521788140309454
276,Procurement,50.0,340354.2288658296,1.0632300315344878,18.960847739617606
276,Combined,50.31911500619058,340354.22884572786,1.393551399383206,-0.0
277,Uniform,50.0,302183.32774418034,0.0,29.639576469365192
277,Screened,50.31431469314094,302183.3277441802,0.3179166089301404,3.6991797212283744
277,Yield per roof,51.27439963222693,302183.3277441802,0.8034526992601982,13.252574846598556
277,Procurement,50.0,302183.32774418034,1.0140016850775666,18.455391782008135
277,Combined,50.31431469314094,302183.3277441802,1.3324231175753596,-0.0
278,Uniform,50.0,403803.8778082545,0.0,8.459450020974401
278,Screened,50.31942373582807,403803.87778461067,0.8089684440744236,-0.0
278,Yield per roof,51.29630607275797,403803.87780825444,2.0386593211486,-0.0
278,Procurement,50.0,403803.8778082545,0.8678724165601466,4.758611586602347
278,Combined,50.31942373582807,403803.87778461067,1.6769351159835821,-0.0
279,Uniform,50.0,353198.99229543604,0.0,71.45893995208928
279,Screened,50.3119607652466,353198.99227518117,0.29201739831556495,35.41552593102324
279,Yield per roof,51.26901279206848,353198.9922954359,0.7627505468346172,50.02539721659355
279,Procurement,50.0,353198.99229543604,0.8806502481145984,47.43550240483719
279,Combined,50.3119607652466,353198.99227518117,1.172588874455279,18.04695183729867
280,Uniform,50.0,295404.1992636991,0.0,26.440221275388907
280,Screened,50.32100971212787,295404.1992463056,0.2754003572173076,2.0493687400935006
280,Yield per roof,51.310432147491234,295404.19926369906,0.7501685355695287,11.827379083178588
280,Procurement,50.0,295404.1992636991,1.0611070605845114,16.732703061663972
280,Combined,50.32100971212787,295404.1992463056,1.3389248707776673,-0.0
281,Uniform,50.0,321666.3552560109,0.0,21.089094106783307
281,Screened,50.32358647658842,321666.35525641293,0.3246184503283658,-0.0
281,Yield per roof,51.32199238752635,321666.3552560108,0.8147211732464399,6.065997847206728
281,Procurement,50.0,321666.3552560109,0.9782164092333119,13.541724507032958
281,Combined,50.32358647658842,321666.35525641293,1.310523909638377,-0.0
282,Uniform,50.0,371905.7852487352,0.0,11.004636795353083
282,Screened,50.31270729717126,371905.7852487352,0.661550319716099,-0.0
282,Yield per roof,51.269208856106346,371905.7852487353,1.5402466557902557,0.4877817785300322
282,Procurement,50.0,371905.7852487352,0.9366842868127492,6.558951603047798
282,Combined,50.31270729717126,371905.7852487352,1.59896527646616,-0.0
283,Uniform,50.0,362196.5139302173,0.0,8.521867523643113
283,Screened,50.3258235259664,362196.5139088465,0.6177021510079754,-0.0
283,Yield per roof,51.336138018722025,362196.51393021736,1.448726122318348,-0.0
283,Procurement,50.0,362196.5139302173,0.9030462470090015,4.599053725439623
283,Combined,50.3258235259664,362196.5139088465,1.52833096777006,-0.0
284,Uniform,50.0,311135.9913480461,0.0,29.510974710626343
284,Screened,50.30329376162776,311135.9913480461,0.2857767653260268,4.632292689165533
284,Yield per roof,51.236628491668796,311135.9913480462,0.7604099871013403,13.62083823040656
284,Procurement,50.0,311135.9913480461,0.8936558069889458,18.257747905109774
284,Combined,50.30329376162776,311135.9913480461,1.1800642895682785,-0.0
285,Uniform,50.0,281760.83476329397,7.105427357601002e-15,12.057444685555565
285,Screened,50.308470308697956,281760.83476329385,0.36989208518088645,-0.0
285,Yield per roof,51.254297238625,281760.83476329397,0.970921460672443,1.5231050097071044
285,Procurement,50.0,281760.83476329397,0.9344682277801439,6.580907327428253
285,Combined,50.308470308697956,281760.83476329385,1.3047240869997552,-0.0
286,Uniform,50.0,309759.2339087047,0.0,103.11719982904617
286,Screened,50.33376558939278,309759.2338905347,0.2084568324096523,61.40189240141478
286,Yield per roof,51.3552438313623,309759.23390870466,0.5464785976027429,82.49602381974229
286,Procurement,50.0,309759.2339087047,1.236044555704538,69.04424464838664
286,Combined,50.33376558939278,309759.2338905347,1.4500090045313385,36.59451300453189
287,Uniform,50.0,360369.8722702014,0.0,23.683041890571438
287,Screened,50.312891199123,360369.87227020145,0.42275008136796544,-0.0
287,Yield per roof,51.27247535619546,360369.87227020133,1.1576476847776433,5.69352659040706
287,Procurement,50.0,360369.8722702014,0.9138692515170277,16.636287306109843
287,Combined,50.312891199123,360369.87227020145,1.3367703872325762,-0.0
288,Uniform,50.0,310411.3070946625,1.4210854715202004e-14,7.595996206332257
288,Screened,50.306686063325934,310411.3070946625,0.5949233674800496,-0.0
288,Yield per roof,51.243526905403826,310411.30709466245,1.4922277682686342,-0.0
288,Procurement,50.0,310411.3070946625,0.9494039807513701,3.485756335066424
288,Combined,50.306686063325934,310411.3070946625,1.5437617039044085,-0.0
289,Uniform,50.0,312020.2675147755,0.0,33.033787956941445
289,Screened,50.32570144216056,312020.2674963586,0.3057066167128113,6.756936124249086
289,Yield per roof,51.32435183929607,312020.2675147756,0.7579699484245594,17.458526562211414
289,Procurement,50.0,312020.2675147755,0.990509491938063,19.156508333170173
289,Combined,50.32570144216056,312020.2674963586,1.298941795522481,-0.0
290,Uniform,50.0,409489.12014351645,1.4210854715202004e-14,15.225711430562473
290,Screened,50.32563127787855,409489.1201194423,0.6081197697073009,-0.0
290,Yield per roof,51.330164497054675,409489.12014351645,1.5590341816696025,1.4436777599627504
290,Procurement,50.0,409489.12014351645,0.8140737371763578,10.41966084521169
290,Combined,50.32563127787855,409489.1201194423,1.4239961414489102,-0.0
291,Uniform,50.0,389260.63365817576,0.0,87.55184767846413
291,Screened,50.329516705650406,389260.6336581756,0.38929630255844927,41.9784901566989
291,Yield per roof,51.334638182682326,389260.63365817576,0.9733680902371304,61.69395985825427
291,Procurement,50.0,389260.63365817576,1.102483313199933,58.531063571454936
291,Combined,50.329516705650406,389260.6336581756,1.494057613694359,20.851020503620145
292,Uniform,50.0,314634.4185254016,0.0,27.43927646378682
292,Screened,50.32520645650672,314634.41850693757,0.38766452592073364,-0.0
292,Yield per roof,51.319607524288166,314634.41852540156,0.9658728051789112,8.436745958794663
292,Procurement,50.0,314634.4185254016,1.0358985418039452,19.47516337759446
292,Combined,50.32520645650672,314634.41850693757,1.4244121706425403,-0.0
293,Uniform,50.0,355824.67540857324,0.0,7.967884012417675
293,Screened,50.31155686626187,355824.67540857324,0.6205629817582832,-0.0
293,Yield per roof,51.26615635834555,355824.67540857324,1.5933313366205226,-0.0
293,Procurement,50.0,355824.67540857324,0.8499876400301929,4.276955332194127
293,Combined,50.31155686626187,355824.67540857324,1.4706165956474564,-0.0
294,Uniform,50.0,344608.9622533213,0.0,8.475305378278795
294,Screened,50.31674413694329,344608.9622533214,0.6565547518078176,-0.0
294,Yield per roof,51.28876072854614,344608.9622533213,1.595743344251602,-0.0
294,Procurement,50.0,344608.9622533213,0.9230477831706736,4.464141701921189
294,Combined,50.31674413694329,344608.9622533214,1.5799125294968377,-0.0
295,Uniform,50.0,349613.4895059711,0.0,16.93951091868762
295,Screened,50.30858441356277,349613.48950597114,0.5082572325696475,-0.0
295,Yield per roof,51.25413611263355,349613.4895059711,1.27538185285988,2.3787767232343957
295,Procurement,50.0,349613.4895059711,0.9229310438934419,11.488859351711831
295,Combined,50.30858441356277,349613.48950597114,1.431608325977038,-0.0
296,Uniform,50.0,309078.714169721,0.0,2.8077356382984195
296,Screened,50.313085434316555,309078.7141697209,0.6729125144108679,-0.0
296,Yield per roof,51.27441353327017,309078.71416972094,1.7177720724224486,-0.0
296,Procurement,50.0,309078.714169721,0.8954209655740186,1.6038238859880365
296,Combined,50.313085434316555,309078.7141697209,1.5682982491826465,-0.0
297,Uniform,50.0,382197.934511926,0.0,31.168985396693113
297,Screened,50.30962484286135,382197.934511926,0.45440400594428354,-0.0
297,Yield per roof,51.25490897698452,382197.93451192597,1.1563072206375722,9.200921957113223
297,Procurement,50.0,382197.934511926,0.9311064515955962,24.036707657882786
297,Combined,50.30962484286135,382197.934511926,1.3855535142448048,-0.0
298,Uniform,50.0,284995.7496041998,0.0,7.977664735430271
298,Screened,50.312355185271024,284995.74960419984,0.466433340648436,-0.0
298,Yield per roof,51.27034852091069,284995.7496041998,1.182409276946558,0.061622908642999734
298,Procurement,50.0,284995.7496041998,0.9679702625347772,3.7734716036502665
298,Combined,50.312355185271024,284995.74960419984,1.4346963157919248,-0.0
299,Uniform,50.0,351010.51910237805,0.0,3.4176653242013235
299,Screened,50.31831835837053,351010.51908162294,0.6683332601256211,-0.0
299,Yield per roof,51.29949736136784,351010.51910237805,1.7327083806202808,-0.0
299,Procurement,50.0,351010.51910237805,0.9166815897875153,2.1875920105456705
299,Combined,50.31831835837053,351010.51908162294,1.5888791886545448,-0.0
300,Uniform,50.0,406817.4671594471,0.0,38.91797125860657
300,Screened,50.32063156001848,406817.46713543,0.4292938384940044,4.701000741337242
300,Yield per roof,51.30277256825619,406817.46715944714,1.0922665092797388,16.865332822751828
300,Procurement,50.0,406817.4671594471,0.8285011138675031,28.143680966910594
300,Combined,50.32063156001848,406817.46713543,1.2582824298978608,-0.0
301,Uniform,50.0,316981.3360376656,0.0,12.17076698951781
301,Screened,50.303259375130125,316981.33603766566,0.5200700270862626,-0.0
301,Yield per roof,51.23051130753063,316981.33603766566,1.2591724798942323,1.1297631330443167
301,Procurement,50.0,316981.3360376656,0.9260286225552932,7.0882916477971145
301,Combined,50.303259375130125,316981.33603766566,1.4452830563035945,-0.0
302,Uniform,50.0,354584.0269274227,0.0,79.88319604247756
302,Screened,50.33036844015741,354584.02691539924,0.29077054182990736,40.81868047650287
302,Yield per roof,51.345214406413895,354584.0269274226,0.7565487201972587,58.41146951032287
302,Procurement,50.0,354584.0269274227,1.0557170015286488,50.86330613262618
302,Combined,50.33036844015741,354584.02691539924,1.3494701833502276,19.7427429938092
303,Uniform,50.0,305674.0347139973,0.0,36.38523164097452
303,Screened,50.30847664776219,305674.0347139974,0.26976745949568226,10.542019292669124
303,Yield per roof,51.25513106529837,305674.03471399716,0.7109689547498164,20.503207472006235
303,Procurement,50.0,305674.0347139973,0.8944562629029207,19.31190458852473
303,Combined,50.30847664776219,305674.0347139974,1.1653527527474878,-0.0
304,Uniform,50.0,344342.7800262096,0.0,8.76156876849898
304,Screened,50.30817262972295,344342.7800262096,0.5608970240803046,-0.0
304,Yield per roof,51.251409044126106,344342.7800262096,1.4659221412777725,-0.0
304,Procurement,50.0,344342.7800262096,0.9159473110825758,4.782649258522677
304,Combined,50.30817262972295,344342.7800262096,1.477307674657382,-0.0
305,Uniform,50.0,318959.7314343337,0.0,19.42256691678753
305,Screened,50.320001919275434,318959.7314154741,0.3816305332731318,-0.0
305,Yield per roof,51.302817380682455,318959.7314343336,0.9100467568609645,5.116396231175546
305,Procurement,50.0,318959.7314343337,0.869806512444967,12.898436868016784
305,Combined,50.320001919275434,318959.7314154741,1.2556640911276133,-0.0
306,Uniform,50.0,336667.7416702596,0.0,3.4327197794571287
306,Screened,50.30771614301364,336667.7416702595,0.7137025026746073,-0.0
306,Yield per roof,51.25337583172536,336667.7416702596,1.7718940296166181,-0.0
306,Procurement,50.0,336667.7416702596,0.9664842289567162,2.136856341245143
306,Combined,50.30771614301364,336667.7416702595,1.6814267004100287,-0.0
307,Uniform,50.0,364537.4107849387,0.0,22.878588611894408
307,Screened,50.30887111435303,364537.4107849387,0.45569945437739534,-0.0
307,Yield per roof,51.253857073203136,364537.4107849387,1.1464650074243252,5.531133365157655
307,Procurement,50.0,364537.4107849387,0.9329721420726003,15.746116259428042
307,Combined,50.30887111435303,364537.4107849387,1.3886481740131558,-0.0
308,Uniform,50.0,322434.62911883835,0.0,6.343658833619481
308,Screened,50.30859552861944,322434.62909985636,0.5805644559338532,-0.0
308,Yield per roof,51.253798999210304,322434.62911883823,1.4667360648944339,-0.0
308,Procurement,50.0,322434.62911883835,0.954591532024736,2.751883831826863
308,Combined,50.30859552861944,322434.62909985636,1.5349600939727992,-0.0
309,Uniform,50.0,280529.4044372043,0.0,47.41494087865973
309,Screened,50.31154542210418,280529.40443720424,0.2684793531233183,18.582300740075386
309,Yield per roof,51.26459883177209,280529.4044372043,0.6999447035767687,30.519263190153435
309,Procurement,50.0,280529.4044372043,1.0770278907684343,21.026189724258675
309,Combined,50.31154542210418,280529.40443720424,1.3472376802465078,-0.0
310,Uniform,50.0,314151.4876349972,0.0,21.695815555890544
310,Screened,50.325578160303166,314151.48761889257,0.3999118529025054,-0.0
310,Yield per roof,51.32147501527969,314151.4876349971,1.0713943364069252,5.140401129734493
310,Procurement,50.0,314151.4876349972,1.033312714985982,14.214718060131428
310,Combined,50.325578160303166,314151.48761889257,1.4341870037830944,-0.0
311,Uniform,50.0,373456.71950302616,0.0,63.16483568008177
311,Screened,50.328520561716196,373456.719481197,0.39043015285832894,23.700077913122414
311,Yield per roof,51.329760458728366,373456.7195030262,0.9811691111173317,40.166139540600284
311,Procurement,50.0,373456.71950302616,1.1410170565358655,33.25394165648281
311,Combined,50.328520561716196,373456.719481197,1.5338704450960279,2.0246581601474043
312,Uniform,50.0,307680.70322253957,0.0,20.86616540708134
312,Screened,50.319881076023634,307680.70320445916,0.34160877612738716,-0.0
312,Yield per roof,51.30542350142758,307680.70322253957,0.8891484870320099,5.720770795075006
312,Procurement,50.0,307680.70322253957,0.9058706807007724,13.885123473610236
312,Combined,50.319881076023634,307680.70320445916,1.2473695009427388,-0.0
313,Uniform,50.0,423008.15729775815,0.0,123.30500996831609
313,Screened,50.32596098018358,423008.1572730345,0.34998279616811345,69.77067130663916
313,Yield per roof,51.31914616394844,423008.15729775804,0.8734557523701767,94.03559609916323
313,Procurement,50.0,423008.15729775815,0.965352736095312,97.20944193799127
313,Combined,50.32596098018358,423008.1572730345,1.317574857953666,50.842543964135935
314,Uniform,50.0,379083.58180320775,0.0,20.019472589950702
314,Screened,50.30760270861604,379083.58180320763,0.5193276294999549,-0.0
314,Yield per roof,51.249147863394874,379083.58180320763,1.3413312755361204,3.302552026924142
314,Procurement,50.0,379083.58180320775,0.858189331588207,14.67224473114736
314,Combined,50.30760270861604,379083.58180320763,1.377063670532877,-0.0
315,Uniform,50.0,283676.1736998118,-7.105427357601002e-15,20.37958311830749
315,Screened,50.30227966826883,283676.17369981186,0.2856700209819465,-0.0
315,Yield per roof,51.22832634772235,283676.17369981174,0.7008154706996876,6.284348968114833
315,Procurement,50.0,283676.1736998118,0.8616726277684066,13.74774010625629
315,Combined,50.30227966826883,283676.17369981186,1.1491077982126257,-0.0
316,Uniform,50.0,389686.3544036054,0.0,11.015183440387982
316,Screened,50.33447278749418,389686.3543886499,0.763845263059352,-0.0
316,Yield per roof,51.361197453637466,389686.35440360534,1.870001292990068,-0.0
316,Procurement,50.0,389686.3544036054,0.9663914310378487,6.816063662780226
316,Combined,50.33447278749418,389686.3543886499,1.732344533441264,-0.0
317,Uniform,50.0,310547.7704071959,0.0,10.61325808533186
317,Screened,50.30731680893978,310547.770407196,0.4907382507011846,-0.0
317,Yield per roof,51.24766204560014,310547.7704071959,1.2205231189399939,0.742041588973914
317,Procurement,50.0,310547.7704071959,0.9670381387784772,5.763040634477688
317,Combined,50.30731680893978,310547.770407196,1.4580179627822645,-0.0
318,Uniform,50.0,307910.4411530503,0.0,13.651189450633003
318,Screened,50.31098273980633,307910.4411530504,0.32333688663729987,-0.0
318,Yield per roof,51.26394496267193,307910.4411530503,0.8001405901517415,2.617427549571704
318,Procurement,50.0,307910.4411530503,0.8609282760477512,8.57343285368152
318,Combined,50.31098273980633,307910.4411530504,1.1920811102655549,-0.0
319,Uniform,50.0,312178.6571988128,0.0,40.34411784584259
319,Screened,50.306955858356396,312178.6571988128,0.28515575928537373,12.837279602307714
319,Yield per roof,51.24810784459207,312178.65719881275,0.7520858492530351,23.053185271249465
319,Procurement,50.0,312178.6571988128,0.9299036983789435,20.600502491750536
319,Combined,50.306955858356396,312178.6571988128,1.215026308556304,-0.0
320,Uniform,50.0,393032.6078734964,0.0,25.922900495779647
320,Screened,50.32724746976225,393032.60785135295,0.43583200631809405,-0.0
320,Yield per roof,51.33191259319679,393032.60787349654,1.095610990650158,7.320155526759659
320,Procurement,50.0,393032.6078734964,0.820545535669396,19.60175966831334
320,Combined,50.32724746976225,393032.60785135295,1.2576438411233113,-0.0
321,Uniform,50.0,313196.7985581225,0.0,14.727182709115558
321,Screened,50.31898940715035,313196.7985588647,0.46730762690665983,-0.0
321,Yield per roof,51.30478870980612,313196.7985581226,1.1025399414753707,2.253347152119968
321,Procurement,50.0,313196.7985581225,0.9635755097286989,9.03131316484744
321,Combined,50.31898940715035,313196.7985588647,1.4342998995122969,-0.0
322,Uniform,50.0,432392.2902279735,-1.4210854715202004e-14,19.897930406381295
322,Screened,50.313036995988696,432392.29022797325,0.5986594124565272,-0.0
322,Yield per roof,51.26918121287012,432392.2902279734,1.5790107329631553,2.512413402685683
322,Procurement,50.0,432392.2902279735,0.8199092937999666,15.104393971377277
322,Combined,50.313036995988696,432392.29022797325,1.4190634164161509,-0.0
323,Uniform,50.0,315202.9909733436,0.0,7.8577830746553206
323,Screened,50.31955964128365,315202.9909548271,0.6605735053495607,-0.0
323,Yield per roof,51.30160600981763,315202.9909733438,1.704799886273534,-0.0
323,Procurement,50.0,315202.9909733436,1.0984817831954103,3.3481802537465732
323,Combined,50.31955964128365,315202.9909548271,1.760259987688059,-0.0
324,Uniform,50.0,335016.61998104583,1.4210854715202004e-14,10.889087669065962
324,Screened,50.31579983918298,335016.61996124405,0.5443033453444883,-0.0
324,Yield per roof,51.28310752229685,335016.61998104583,1.3413786760944788,0.6563085567826987
324,Procurement,50.0,335016.61998104583,0.9802336078155207,6.182657879793331
324,Combined,50.31579983918298,335016.61996124405,1.5282269274355826,-0.0
325,Uniform,50.0,382974.09302042524,0.0,20.062487758546368
325,Screened,50.309241762845716,382974.0930204252,0.5470550914090637,-0.0
325,Yield per roof,51.25805455013764,382974.0930204254,1.3291419058784584,3.6478943946922433
325,Procurement,50.0,382974.09302042524,0.93382036819402,14.145249295631961
325,Combined,50.309241762845716,382974.0930204252,1.481792931827215,-0.0
326,Uniform,50.0,300928.85633883916,0.0,10.455419756514127
326,Screened,50.308336920394886,300928.85633883905,0.49304504546178407,-0.0
326,Yield per roof,51.26092522493159,300928.8563388391,1.2093729788984007,0.7880994194576724
326,Procurement,50.0,300928.85633883916,0.9701385103114433,5.572568332402633
326,Combined,50.308336920394886,300928.85633883905,1.4631540734510509,-0.0
327,Uniform,50.0,358104.20862145536,0.0,16.00980630145628
327,Screened,50.30844131720672,358104.20862145536,0.6166215204632124,-0.0
327,Yield per roof,51.256115333239535,358104.2086214554,1.515768470272647,1.8967921433281891
327,Procurement,50.0,358104.20862145536,1.0702137361254387,9.845456524790865
327,Combined,50.30844131720672,358104.20862145536,1.6878651511329963,-0.0
328,Uniform,50.0,340818.09645729617,-1.4210854715202004e-14,15.534874329493384
328,Screened,50.3239713669905,340818.0964572962,0.6260928835155681,-0.0
328,Yield per roof,51.31194968129663,340818.0964572961,1.5303145762201353,1.5866368094654288
328,Procurement,50.0,340818.09645729617,1.216202266585185,9.022334196792828
328,Combined,50.3239713669905,340818.0964572962,1.8457154756013665,-0.0
329,Uniform,50.0,308215.1473898865,-1.4210854715202004e-14,5.914927076687526
329,Screened,50.312067420374674,308215.14738988655,0.5452799812837554,-0.0
329,Yield per roof,51.26821219645755,308215.1473898865,1.4779770054121286,-0.0
329,Procurement,50.0,308215.1473898865,0.9437581343636907,2.5951096578945037
329,Combined,50.312067420374674,308215.14738988655,1.48881407007066,-0.0
330,Uniform,50.0,362325.7548959176,0.0,5.225923891735545
330,Screened,50.30685333738771,362325.7548959176,0.7183644214149467,-0.0
330,Yield per roof,51.246133498368835,362325.7548959175,1.8708783493878656,-0.0
330,Procurement,50.0,362325.7548959176,0.8919097504845439,3.0354724964917392
330,Combined,50.30685333738771,362325.7548959176,1.6099523449534132,-0.0
331,Uniform,50.0,408252.41271866875,0.0,60.46354366215605
331,Screened,50.325456439554344,408252.4126946657,0.40602741313675494,22.849295124878996
331,Yield per roof,51.32307623736965,408252.41271866875,0.9759465129369076,37.67626651709603
331,Procurement,50.0,408252.41271866875,0.8365036403263986,37.728930743928686
331,Combined,50.325456439554344,408252.4126946657,1.2428630012329833,6.422602178927208
332,Uniform,50.0,408560.2620981348,0.0,6.793567747816782
332,Screened,50.313686252883976,408560.2620981347,0.8433329159497021,-0.0
332,Yield per roof,51.27368048625676,408560.2620981346,2.1366201088502805,-0.0
332,Procurement,50.0,408560.2620981348,0.8701884249088891,3.951325191953104
332,Combined,50.313686252883976,408560.2620981347,1.7141997473114259,-0.0
333,Uniform,50.0,379242.41439546645,0.0,21.965610640629592
333,Screened,50.318319071702945,379242.4143730485,0.47479012607949755,-0.0
333,Yield per roof,51.29898278102164,379242.4143954664,1.2121208276188327,4.953491042036264
333,Procurement,50.0,379242.41439546645,0.840126877499813,15.762060423555226
333,Combined,50.318319071702945,379242.4143730485,1.3154616602228515,-0.0
334,Uniform,50.0,338133.8811532884,0.0,23.92367441174108
334,Screened,50.31174970888839,338133.8811532885,0.4358078207572049,-0.0
334,Yield per roof,51.26471284382528,338133.8811532884,1.1125431656844427,6.1932179966652345
334,Procurement,50.0,338133.8811532884,1.032239974595484,16.07314399513368
334,Combined,50.31174970888839,338133.8811532885,1.468629324626022,-0.0
335,Uniform,50.0,297853.04013310437,0.0,13.785424766278073
335,Screened,50.3175737370861,297853.04011548497,0.3646266805919538,-0.0
335,Yield per roof,51.291024499907756,297853.04013310437,0.9366686044955301,2.239591141110496
335,Procurement,50.0,297853.04013310437,0.9374543054832287,8.247260808739972
335,Combined,50.3175737370861,297853.04011548497,1.3038281156717133,-0.0
336,Uniform,50.0,368757.4935714351,-1.4210854715202004e-14,9.61277192130577
336,Screened,50.30188562354553,368757.493571435,0.6074195930152086,-0.0
336,Yield per roof,51.226344638771394,368757.4935714351,1.4476836155926378,0.17275292708261095
336,Procurement,50.0,368757.4935714351,0.8281857392500029,5.944163454672356
336,Combined,50.30188562354553,368757.493571435,1.4370792818356364,-0.0
337,Uniform,50.0,395757.59540387546,1.4210854715202004e-14,8.823029991152207
337,Screened,50.31593434547135,395757.5953805712,0.7470558761320234,-0.0
337,Yield per roof,51.28302494794084,395757.59540387546,1.867767308119852,-0.0
337,Procurement,50.0,395757.59540387546,0.9410043578526768,4.737810593574614
337,Combined,50.31593434547135,395757.5953805712,1.6897311826945582,-0.0
338,Uniform,50.0,345761.7429579667,0.0,11.688658862374641
338,Screened,50.325814989703225,345761.7429580835,0.5652720294323643,-0.0
338,Yield per roof,51.33077817923432,345761.74295796664,1.4441461701316882,0.6013011339723944
338,Procurement,50.0,345761.7429579667,0.9587969845582336,7.098043337907521
338,Combined,50.325814989703225,345761.7429580835,1.5262119514648305,-0.0
339,Uniform,50.0,358459.55211045337,0.0,98.07912883879393
339,Screened,50.32647137617813,358459.55208933254,0.27486807174408767,56.41055606196461
339,Yield per roof,51.326708147698625,358459.55211045337,0.6779621103802853,75.08509371613475
339,Procurement,50.0,358459.55211045337,0.9264414807270853,72.75188795605881
339,Combined,50.32647137617813,358459.55208933254,1.2022205366434662,38.06986939341056
340,Uniform,50.0,306781.16890686366,0.0,116.50405625369555
340,Screened,50.31851742770141,306781.16890686355,0.1877365868878833,74.09464800530293
340,Yield per roof,51.29080777853321,306781.16890686366,0.48937106356301285,93.18731079361577
340,Procurement,50.0,306781.16890686366,1.115342111977622,84.73336618236688
340,Combined,50.31851742770141,306781.16890686355,1.3043787601718435,50.528210905069464
341,Uniform,50.0,349707.7051107916,0.0,13.621032596742642
341,Screened,50.306934943524816,349707.70511079166,0.5464877226497151,-0.0
341,Yield per roof,51.24575805095832,349707.7051107915,1.3587056510917535,1.3688401337549545
341,Procurement,50.0,349707.7051107916,0.882640366642093,8.526373341523113
341,Combined,50.306934943524816,349707.70511079166,1.4283292513762547,-0.0
342,Uniform,50.0,323107.83935036056,0.0,22.959167661391554
342,Screened,50.321119327489924,323107.8393314093,0.40653080759538796,-0.0
342,Yield per roof,51.304974822563935,323107.8393503605,1.066335538500283,5.807368255884012
342,Procurement,50.0,323107.83935036056,0.9873231329424215,15.412120910465747
342,Combined,50.321119327489924,323107.8393314093,1.3942994240581328,-0.0
343,Uniform,50.0,306361.40388814645,-7.105427357601002e-15,22.611207693348774
343,Screened,50.30436219733946,306361.4038881464,0.2735672158289617,0.6354655488223812
343,Yield per roof,51.23669146793903,306361.40388814633,0.7019534961720026,8.710296760531074
343,Procurement,50.0,306361.40388814645,0.8752074755176835,15.54203241968369
343,Combined,50.30436219733946,306361.4038881464,1.1499198474301835,-0.0
344,Uniform,50.0,333665.1707617266,0.0,20.637770810545657
344,Screened,50.30134034083862,333665.1707455694,0.3567715842120549,-0.0
344,Yield per roof,51.22988665727445,333665.1707617266,0.8947657128320472,5.5930348105097725
344,Procurement,50.0,333665.1707617266,0.8458946263155553,14.128140307856672
344,Combined,50.30134034083862,333665.1707455694,1.2032095382250318,-0.0
345,Uniform,50.0,289617.3775751931,0.0,9.685858507335023
345,Screened,50.31246556333003,289617.37757519307,0.4178808096879294,-0.0
345,Yield per roof,51.27018907013776,289617.3775751932,1.1089422352392546,0.6062362521139575
345,Procurement,50.0,289617.3775751931,0.8811876733189052,5.315223015789783
345,Combined,50.31246556333003,289617.37757519307,1.2987408394667597,-0.0
346,Uniform,50.0,284184.3077427233,0.0,21.009813051319437
346,Screened,50.31000248082754,284184.3077436547,0.32598818196520085,-0.0
346,Yield per roof,51.26766422276133,284184.3077427234,0.8388619968239794,5.9412438429908905
346,Procurement,50.0,284184.3077427233,0.9997217974935495,13.292817437730289
346,Combined,50.31000248082754,284184.3077436547,1.325919604143202,-0.0
347,Uniform,50.0,302858.5993724916,0.0,11.845287657945553
347,Screened,50.30462222843133,302858.5993724916,0.3642892641425419,-0.0
347,Yield per roof,51.23783278239473,302858.59937249165,0.8452144261595151,1.76688167006277
347,Procurement,50.0,302858.5993724916,0.8915259774829565,6.5851771202660725
347,Combined,50.30462222843133,302858.5993724916,1.265286931959409,-0.0
348,Uniform,50.0,349905.25211992,0.0,50.410235380867675
348,Screened,50.320378958938015,349905.2520992396,0.3205670003728329,19.154261838598305
348,Yield per roof,51.30274750309133,349905.25211992,0.7823516318234809,32.17162267811257
348,Procurement,50.0,349905.25211992,0.9045966262851834,25.866135254728
348,Combined,50.320378958938015,349905.2520992396,1.227346470722864,1.3950768900302355
349,Uniform,50.0,297482.01369191497,0.0,5.906237802285848
349,Screened,50.312480046419026,297482.01367445313,0.614486134411294,-0.0
349,Yield per roof,51.26599552621869,297482.01369191497,1.5918064729914647,-0.0
349,Procurement,50.0,297482.01369191497,1.0193692463699477,2.683269707583107
349,Combined,50.312480046419026,297482.01367445313,1.6340142051944042,-0.0
350,Uniform,50.0,393150.204785855,0.0,9.044121968548655
350,Screened,50.3198943195515,393150.2047626523,0.7184804783001368,-0.0
350,Yield per roof,51.30572973742339,393150.20478585496,1.7511099320752805,-0.0
350,Procurement,50.0,393150.204785855,0.937386110112314,4.971454769282403
350,Combined,50.3198943195515,393150.2047626523,1.6598753611500996,-0.0
351,Uniform,50.0,335104.6964666109,0.0,7.579590032449209
351,Screened,50.31096779421233,335104.6964666109,0.5836551429368768,-0.0
351,Yield per roof,51.266378379452924,335104.69646661077,1.4379831147341946,-0.0
351,Procurement,50.0,335104.6964666109,0.876275436228525,3.7744700313087467
351,Combined,50.31096779421233,335104.6964666109,1.4606946716726554,-0.0
352,Uniform,50.0,409475.49294760026,0.0,4.445106565070011
352,Screened,50.31162488741317,409475.4929476004,0.9260300065649574,-0.0
352,Yield per roof,51.26506165275816,409475.49294760014,2.140903007946946,-0.0
352,Procurement,50.0,409475.49294760026,0.8536320513803162,3.2998792242075754
352,Combined,50.31162488741317,409475.4929476004,1.7799586692894138,-0.0
353,Uniform,50.0,287180.5071530411,0.0,72.08366822298635
353,Screened,50.30247521339322,287180.5071530411,0.21667604232731463,40.17502976809056
353,Yield per roof,51.22819902043939,287180.5071530412,0.5572099691113372,53.584318525221875
353,Procurement,50.0,287180.5071530411,0.937041350755841,46.49999060941977
353,Combined,50.30247521339322,287180.5071530411,1.1531282861439784,21.683952246730108
354,Uniform,50.0,285295.89641828375,0.0,14.675957421136182
354,Screened,50.3184049247595,285295.8964014142,0.35877857847800954,-0.0
354,Yield per roof,51.299796172854556,285295.89641828387,0.9249844662354718,2.768280357662818
354,Procurement,50.0,285295.89641828375,0.91737040364265,8.865982968493235
354,Combined,50.3184049247595,285295.8964014142,1.276344040180632,-0.0
355,Uniform,50.0,315325.5003441916,0.0,9.1189443423087
355,Screened,50.33017150328081,315325.5003257481,0.546047103877612,-0.0
355,Yield per roof,51.34200282006497,315325.50034419174,1.4567059531612756,-0.0
355,Procurement,50.0,315325.5003441916,0.9851277225494925,4.853526306371213
355,Combined,50.33017150328081,315325.5003257481,1.5314210787588252,-0.0
356,Uniform,50.0,312225.83906256745,0.0,2.732573023899635
356,Screened,50.30388165831032,312225.8390542928,0.6007202587412763,-0.0
356,Yield per roof,51.239074485837065,312225.83906256733,1.6036145646684759,-0.0
356,Procurement,50.0,312225.83906256745,0.9031817393692734,1.5189308896254536
356,Combined,50.30388165831032,312225.8390542928,1.5036165720440522,-0.0
357,Uniform,50.0,279660.06947331177,0.0,18.37230954004168
357,Screened,50.324109728422236,279660.06945692643,0.435967016412917,-0.0
357,Yield per roof,51.31340611100216,279660.06947331177,1.07323347426221,3.8346966907424505
357,Procurement,50.0,279660.06947331177,1.1715973175427052,10.711687060579205
357,Combined,50.324109728422236,279660.06945692643,1.6089636946049097,-0.0
358,Uniform,50.0,294444.74275527743,0.0,7.141287557474968
358,Screened,50.31362901401805,294444.7427552774,0.5180002443860161,-0.0
358,Yield per roof,51.27464069863299,294444.7427552773,1.264590070077162,-0.0
358,Procurement,50.0,294444.74275527743,0.9452515314736161,3.035828843612965
358,Combined,50.31362901401805,294444.7427552774,1.4663403752396675,-0.0
359,Uniform,50.0,315876.8395430097,0.0,14.421444991264458
359,Screened,50.317664236482145,315876.83954300964,0.44292597975506,-0.0
359,Yield per roof,51.290973228844905,315876.83954300976,1.0962623929700186,2.0855752499622526
359,Procurement,50.0,315876.8395430097,0.9505187391745125,8.806420476244046
359,Combined,50.317664236482145,315876.83954300964,1.394106538077466,-0.0
360,Uniform,50.0,434302.75104564545,-7.105427357601002e-15,72.63974647644825
360,Screened,50.31527873297179,434302.75104598596,0.3299457032044728,33.73952038765817
360,Yield per roof,51.286761517014114,434302.75104564533,0.835441619523678,50.9927543849863
360,Procurement,50.0,434302.75104564545,0.7496656624053486,52.20798318507214
360,Combined,50.31527873297179,434302.75104598596,1.0835946928101094,18.885410196682965
361,Uniform,50.0,387083.71520137583,0.0,24.16191281410765
361,Screened,50.30911067546731,387083.7152013758,0.471910317622104,-0.0
361,Yield per roof,51.262180300323294,387083.71520137595,1.131157328727312,6.442579572917174
361,Procurement,50.0,387083.71520137583,0.8560096276024183,17.562481417211426
361,Combined,50.30911067546731,387083.7152013758,1.3288686529872678,-0.0
362,Uniform,50.0,280270.9112645924,0.0,28.762894712200875
362,Screened,50.32468519073452,280270.9112480839,0.2854180949991161,3.8788921893195543
362,Yield per roof,51.31866784806728,280270.9112645923,0.751811203812963,13.81131017094129
362,Procurement,50.0,280270.9112645924,1.1030062235081317,16.86699606916251
362,Combined,50.32468519073452,280270.9112480839,1.3908195118027535,-0.0
363,Uniform,50.0,337108.9518604062,1.4210854715202004e-14,9.30149890093526
363,Screened,50.32151526868538,337108.9518404939,0.6234717264123475,-0.0
363,Yield per roof,51.307708816005274,337108.9518604062,1.5078254275320546,-0.0
363,Procurement,50.0,337108.9518604062,1.0536809840950383,4.719862179111351
363,Combined,50.32151526868538,337108.9518404939,1.6851588833810638,-0.0
364,Uniform,50.0,390073.42650115455,-7.105427357601002e-15,128.56119262284744
364,Screened,50.31997407254957,390073.4264782106,0.2684572836602541,78.59747982769733
364,Yield per roof,51.30008906373424,390073.4265011545,0.6928892942420788,100.83709988827485
364,Procurement,50.0,390073.42650115455,0.8705486722114415,105.00842716765297
364,Combined,50.31997407254957,390073.4264782106,1.1387723062878194,61.58058296602296
365,Uniform,50.0,331133.98878934444,0.0,20.16614275997333
365,Screened,50.30416691637985,331133.98878934444,0.36514825646588633,-0.0
365,Yield per roof,51.23779632304305,331133.98878934444,0.8641479195510797,5.6245038415526185
365,Procurement,50.0,331133.98878934444,0.8562558975089658,13.575065747996412
365,Combined,50.30416691637985,331133.98878934444,1.223893584047417,-0.0
366,Uniform,50.0,298879.09355348995,-1.4210854715202004e-14,5.5222143252696405
366,Screened,50.31410179073054,298879.09355348995,0.546018926418995,-0.0
366,Yield per roof,51.27635928606986,298879.09355349,1.3855398063693087,-0.0
366,Procurement,50.0,298879.09355348995,0.9290101994516533,2.442230780067452
366,Combined,50.31410179073054,298879.09355348995,1.4762334424638652,-0.0
367,Uniform,50.0,348050.83366574463,0.0,10.51614779831854
367,Screened,50.31124820587116,348050.83366574475,0.5869465028423946,-0.0
367,Yield per roof,51.267040871666026,348050.8336657447,1.4137321232498294,0.48728915702634545
367,Procurement,50.0,348050.83366574463,0.9012153231690547,6.186652290131598
367,Combined,50.31124820587116,348050.83366574475,1.48801769157933,-0.0
368,Uniform,50.0,404236.4024610724,0.0,7.094084069976348
368,Screened,50.31649588511292,404236.40243813297,0.7178049427487281,-0.0
368,Yield per roof,51.28776145460596,404236.4024610723,1.7969119560322468,-0.0
368,Procurement,50.0,404236.4024610724,0.8117420309048953,3.711791015048782
368,Combined,50.31649588511292,404236.40243813297,1.533533243128261,-0.0
369,Uniform,50.0,282024.3796090647,0.0,2.9171765907680816
369,Screened,50.30480706344393,282024.3795924544,0.616278276997619,-0.0
369,Yield per roof,51.238093485283876,282024.3796090647,1.5477722202508915,-0.0
369,Procurement,50.0,282024.3796090647,0.9259882531940917,1.6752802797095492
369,Combined,50.30480706344393,282024.3795924544,1.5416448966180383,-0.0
370,Uniform,50.0,324373.4690255223,0.0,75.09221818467671
370,Screened,50.30491846302287,324373.46902552224,0.23673109198919917,40.56496949021545
370,Yield per roof,51.236572390248526,324373.46902552235,0.6465413540282157,54.80940477612177
370,Procurement,50.0,324373.4690255223,0.9565951854829464,49.17444702028671
370,Combined,50.30491846302287,324373.46902552224,1.1928338515255632,21.836912403697028
371,Uniform,50.0,363721.1208800705,0.0,8.178811055201626
371,Screened,50.30363153957242,363721.1208800706,0.6570875425250904,-0.0
371,Yield per roof,51.23165550430027,363721.1208800704,1.6579669420718375,-0.0
371,Procurement,50.0,363721.1208800705,0.9081016482318489,4.261198328203215
371,Combined,50.30363153957242,363721.1208800706,1.5645808911821462,-0.0
372,Uniform,50.0,282851.0339462443,0.0,12.475247839356953
372,Screened,50.30815664725523,282851.03394624416,0.3496028547578405,-0.0
372,Yield per roof,51.25792020478072,282851.0339462443,0.9417987449327256,1.613877187044096
372,Procurement,50.0,282851.0339462443,0.879395615894893,7.286659909492494
372,Combined,50.30815664725523,282851.03394624416,1.2318163544944767,-0.0
373,Uniform,50.0,313968.00268059864,0.0,39.726288840134835
373,Screened,50.30561362507315,313968.0026805987,0.2778925892620805,12.784938316639773
373,Yield per roof,51.241370713881956,313968.00268059864,0.7239177134896906,23.09051860211334
373,Procurement,50.0,313968.00268059864,0.9249635622415155,20.14384102402983
373,Combined,50.30561362507315,313968.0026805987,1.2034677699095653,-0.0
374,Uniform,50.0,370174.67902467423,2.842170943040401e-14,4.4844026486227
374,Screened,50.31966161833945,370174.6790028472,0.8297974677072659,-0.0
374,Yield per roof,51.29821605490193,370174.6790246741,2.0120544737012267,-0.0
374,Procurement,50.0,370174.67902467423,0.8865618632879944,3.068190078593724
374,Combined,50.31966161833945,370174.6790028472,1.7163542928019524,-0.0
375,Uniform,50.0,342101.20474235073,0.0,60.49137013787649
375,Screened,50.32868324313187,342101.2047374303,0.305741756384009,27.21135298284097
375,Yield per roof,51.33908942648482,342101.2047423507,0.7567974392158874,41.30607635458901
375,Procurement,50.0,342101.20474235073,0.9771609442067231,33.79422217137677
375,Combined,50.32868324313187,342101.2047374303,1.2840945057206383,7.876969897547055
376,Uniform,50.0,369467.67696951114,0.0,27.716793512257016
376,Screened,50.33270158449401,369467.67694786086,0.5106722765265488,-0.0
376,Yield per roof,51.350657959510094,369467.6769695112,1.237196063325058,7.494591437915034
376,Procurement,50.0,369467.67696951114,1.1734066038189468,18.644169745118358
376,Combined,50.33270158449401,369467.67694786086,1.6883476651491094,-0.0
377,Uniform,50.0,351014.1912543568,0.0,17.750032682659366
377,Screened,50.31002482840533,351014.1912543568,0.4693222346700736,-0.0
377,Yield per roof,51.26034573692484,351014.191254357,1.2043323571353852,2.933850209473876
377,Procurement,50.0,351014.1912543568,0.9856531474516856,11.863985478159568
377,Combined,50.31002482840533,351014.1912543568,1.4553184809370663,-0.0
378,Uniform,50.0,430437.9105626087,0.0,21.803737607192378
378,Screened,50.32619066597416,430437.91053725145,0.6612781916677761,-0.0
378,Yield per roof,51.3258326513257,430437.9105626088,1.6024635118256896,3.372135983213357
378,Procurement,50.0,430437.9105626087,0.827926662019081,16.911992237183117
378,Combined,50.32619066597416,430437.91053725145,1.49086898846204,-0.0
379,Uniform,50.0,323072.43790338014,0.0,4.492702211487438
379,Screened,50.30080998638172,323072.4379033801,0.5588858790114557,-0.0
379,Yield per roof,51.22214250341732,323072.43790338014,1.421108278612465,-0.0
379,Procurement,50.0,323072.43790338014,0.8594263645387201,2.2805133392266486
379,Combined,50.30080998638172,323072.4379033801,1.419071545302458,-0.0
380,Uniform,50.0,390656.0495027042,0.0,10.601254550613525
380,Screened,50.3143660260314,390656.0495027042,0.6866022012794701,-0.0
380,Yield per roof,51.277286538787706,390656.0495027041,1.7002938641221874,-0.0
380,Procurement,50.0,390656.0495027042,0.8978183036782212,6.7262744291531575
380,Combined,50.3143660260314,390656.0495027042,1.584664268512583,-0.0
381,Uniform,50.0,297238.80915768066,0.0,65.36964143516505
381,Screened,50.326494047750124,297238.8091401735,0.2371058170841991,33.31475955746409
381,Yield per roof,51.32614670904289,297238.80915768066,0.6072788532544635,48.18676649659253
381,Procurement,50.0,297238.80915768066,1.0878359729195637,35.502175385523756
381,Combined,50.326494047750124,297238.8091401735,1.3280207127681223,11.618681670188556
382,Uniform,50.0,426893.42673937266,0.0,41.336807126760526
382,Screened,50.32622389051591,426893.42671422055,0.46739246476914786,5.6439133543334705
382,Yield per roof,51.324847067211365,426893.42673937266,1.069175937570705,21.175006905556195
382,Procurement,50.0,426893.42673937266,0.9395659037884059,29.36034010739119
382,Combined,50.32622389051591,426893.42671422055,1.4126050053299224,-0.0
383,Uniform,50.0,359388.2700524635,0.0,16.65220550463615
383,Screened,50.32147809581509,359388.27003127226,0.513102679091844,-0.0
383,Yield per roof,51.306562184917766,359388.2700524635,1.2533633994294462,2.4615999897315484
383,Procurement,50.0,359388.2700524635,0.8721344463316427,11.529158091284918
383,Combined,50.32147809581509,359388.27003127226,1.3848877961698065,-0.0
384,Uniform,50.0,291847.8231575344,0.0,6.968094634839353
384,Screened,50.32045647346,291847.8231403162,0.5770675929851024,-0.0
384,Yield per roof,51.301845935075086,291847.8231575344,1.3933750587079885,-0.0
384,Procurement,50.0,291847.8231575344,1.1214430978246384,2.7215956244142707
384,Combined,50.32045647346,291847.8231403162,1.7040638438338362,-0.0
385,Uniform,50.0,322982.15362618107,0.0,16.475453594009874
385,Screened,50.33201665844251,322982.15360908036,0.5088349916519377,-0.0
385,Yield per roof,51.34843874049941,322982.15362618107,1.2833883876223382,2.2101996490106766
385,Procurement,50.0,322982.15362618107,0.9848873292632163,10.65333469617271
385,Combined,50.33201665844251,322982.15360908036,1.4943277354423685,-0.0
386,Uniform,50.0,349570.85423813364,0.0,90.85712378491056
386,Screened,50.319920626263624,349570.85422020254,0.2547732521656485,51.500926369434474
386,Yield per roof,51.30165968441806,349570.85423813376,0.6626692791271438,68.74915604031428
386,Procurement,50.0,349570.85423813364,0.928253959051311,65.47838131692232
386,Combined,50.319920626263624,349570.85422020254,1.1834513678571597,33.13439214361853
387,Uniform,50.0,437768.67314012,0.0,34.195467762542975
387,Screened,50.31042284615827,437768.67314012,0.4916949288615058,-0.0
387,Yield per roof,51.260723786722295,437768.67314012,1.2005610879377855,10.692902644382901
387,Procurement,50.0,437768.67314012,0.7857587700522259,28.13615957945048
387,Combined,50.31042284615827,437768.67314012,1.2800329442354723,-0.0
388,Uniform,50.0,321178.37680098094,0.0,14.917263448916032
388,Screened,50.32260333307746,321178.37678205373,0.5013069720571792,-0.0
388,Yield per roof,51.310745924912155,321178.376800981,1.241208699874818,1.9296563041625387
388,Procurement,50.0,321178.37680098094,1.036995093292063,8.783844028399347
388,Combined,50.32260333307746,321178.37678205373,1.5396626786978658,-0.0
389,Uniform,50.0,332593.50752467755,0.0,5.863508055045231
389,Screened,50.30819098608783,332593.5075246776,0.6209294768076319,-0.0
389,Yield per roof,51.25130103511722,332593.50752467767,1.5842807942193673,-0.0
389,Procurement,50.0,332593.50752467755,0.9333197145795111,2.7797302813486016
389,Combined,50.30819098608783,332593.5075246776,1.5538336629019511,-0.0
390,Uniform,50.0,292063.56029246177,0.0,12.540415822555302
390,Screened,50.31213468081412,292063.56027536467,0.5279096881830156,-0.0
390,Yield per roof,51.264550992453565,292063.5602924617,1.355257811916644,0.9088627844672654
390,Procurement,50.0,292063.56029246177,1.2511479523063542,6.474217930115844
390,Combined,50.31213468081412,292063.56027536467,1.7810750528349217,-0.0
391,Uniform,50.0,331043.6892098638,0.0,3.714825667886997
391,Screened,50.31021479800655,331043.6892098637,0.5864881691650936,-0.0
391,Yield per roof,51.26178847514398,331043.68920986383,1.5468561004632448,-0.0
391,Procurement,50.0,331043.6892098638,0.8536018874917488,2.2259380128451776
391,Combined,50.31021479800655,331043.6892098637,1.4423343812970018,-0.0
392,Uniform,50.0,364544.6622286545,0.0,15.495104353306026
392,Screened,50.318563178799295,364544.66220759344,0.527967532031056,-0.0
392,Yield per roof,51.29458825299608,364544.66222865443,1.2788294051231333,2.0710684618865978
392,Procurement,50.0,364544.6622286545,0.9309511464448121,9.994586954287978
392,Combined,50.318563178799295,364544.66220759344,1.4610172180455692,-0.0
393,Uniform,50.0,383361.09136945166,0.0,21.876283440061346
393,Screened,50.31929562734228,383361.0913468159,0.5479998741335947,-0.0
393,Yield per roof,51.29736860540191,383361.0913694515,1.3256653960776106,4.644976442775595
393,Procurement,50.0,383361.09136945166,0.9025775909993285,15.62993276532041
393,Combined,50.31929562734228,383361.0913468159,1.4517665358560237,-0.0
394,Uniform,50.0,349322.61021778366,0.0,24.38826481045295
394,Screened,50.32829533200833,349322.6101972036,0.3709811643677625,-0.0
394,Yield per roof,51.337667300162536,349322.6102177837,0.9514273642814501,7.068207167618892
394,Procurement,50.0,349322.61021778366,0.9816039300457788,16.80909962040058
394,Combined,50.32829533200833,349322.6101972036,1.3565793368932404,-0.0
395,Uniform,50.0,301044.11671648815,0.0,6.505270174679949
395,Screened,50.31850447391134,301044.11669867573,0.5088997859855766,-0.0
395,Yield per roof,51.29605264332592,301044.1167164882,1.2733373800885346,-0.0
395,Procurement,50.0,301044.11671648815,0.8581019166675077,2.7787797336697886
395,Combined,50.31850447391134,301044.11669867573,1.3702768832133074,-0.0
396,Uniform,50.0,372646.84743584634,0.0,5.66455997735872
396,Screened,50.304714001759066,372646.84743584634,0.7469188072441995,-0.0
396,Yield per roof,51.23928928738915,372646.84743584634,1.9109668641874862,-0.0
396,Procurement,50.0,372646.84743584634,0.9238764575406009,3.2082664191953016
396,Combined,50.304714001759066,372646.84743584634,1.6704342391900155,-0.0
397,Uniform,50.0,355970.91843187367,0.0,22.861375693762533
397,Screened,50.32597968329888,355970.9184113624,0.41223101355112135,-0.0
397,Yield per roof,51.331866675802786,355970.9184318738,1.0826152204552102,5.758062773522872
397,Procurement,50.0,355970.91843187367,0.920218390394723,15.759835465361263
397,Combined,50.32597968329888,355970.9184113624,1.334766830947018,-0.0
398,Uniform,50.0,312899.87551552337,-1.4210854715202004e-14,13.272642146136558
398,Screened,50.330859057887274,312899.87549712276,0.5458674591108803,-0.0
398,Yield per roof,51.34441240196336,312899.87551552325,1.3089062725724148,1.4808096338861485
398,Procurement,50.0,312899.87551552337,1.081315684033683,7.398800287273058
398,Combined,50.330859057887274,312899.87549712276,1.6326166803064694,-0.0
399,Uniform,50.0,399766.4105182014,0.0,25.633717174705698
399,Screened,50.31642866813877,399766.4105182012,0.5342162901955447,-0.0
399,Yield per roof,51.28253138898791,399766.4105182014,1.3416077141108644,5.991428458063998
399,Procurement,50.0,399766.4105182014,0.9447839474545816,18.5065215544187
399,Combined,50.31642866813877,399766.4105182012,1.4796085200584628,-0.0
400,Uniform,50.0,364255.57835774263,0.0,5.881491172496806
400,Screened,50.30047480311751,364255.5783577425,0.671448033072565,-0.0
400,Yield per roof,51.22061864687305,364255.5783577426,1.7098331234637811,-0.0
400,Procurement,50.0,364255.57835774263,0.8225177404426205,3.1387143959215806
400,Combined,50.30047480311751,364255.5783577425,1.493767611133208,-0.0
401,Uniform,50.0,412650.85739113955,0.0,40.15850912316674
401,Screened,50.3093515618041,412650.8573911395,0.4981571275731085,3.181433215966534
401,Yield per roof,51.257392596465884,412650.8573911395,1.1813517653161227,16.29955042535713
401,Procurement,50.0,412650.85739113955,0.9133636429521346,30.324982181911373
401,Combined,50.3093515618041,412650.8573911395,1.4117953235355998,-0.0
402,Uniform,50.0,401487.5079317611,0.0,27.605234115360012
402,Screened,50.316256952655486,401487.5079087629,0.490494804510746,-0.0
402,Yield per roof,51.28567711653531,401487.5079317612,1.1718717739726685,7.860038819456769
402,Procurement,50.0,401487.5079317611,0.8749606644514358,20.85422221975527
402,Combined,50.316256952655486,401487.5079087629,1.3696607433850687,-0.0
403,Uniform,50.0,371600.3332807438,0.0,21.077063174804263
403,Screened,50.339696832639554,371600.33325902047,0.48682277844748967,-0.0
403,Yield per roof,51.39574072353519,371600.3332807437,1.1937482236870665,4.829848777872026
403,Procurement,50.0,371600.3332807438,0.8947978287046823,14.803308166934983
403,Combined,50.339696832639554,371600.33325902047,1.3853854061198234,-0.0
404,Uniform,50.0,428023.55595955614,0.0,21.951211911831734
404,Screened,50.31007149431195,428023.555959556,0.6101332148856073,-0.0
404,Yield per roof,51.25882597786718,428023.5559595561,1.4783955021785147,3.986564934449913
404,Procurement,50.0,428023.55595955614,0.7809031778719486,16.915396236511345
404,Combined,50.31007149431195,428023.555959556,1.3910953430966373,-0.0
405,Uniform,50.0,409441.646339714,0.0,58.91612106073492
405,Screened,50.30770004451064,409441.64633971406,0.36855499858376106,22.529598223486353
405,Yield per roof,51.252891822834535,409441.64633971406,0.9333544971073451,36.448062729752486
405,Procurement,50.0,409441.646339714,0.7737412678556055,37.93221417634969
405,Combined,50.30770004451064,409441.64633971406,1.142785038538534,7.371844785657829
406,Uniform,50.0,378588.3118835541,0.0,25.70983724723898
406,Screened,50.31877523250311,378588.3118835542,0.47156990254455877,-0.0
406,Yield per roof,51.29493211625841,378588.3118835542,1.1279203940028282,7.217372657944805
406,Procurement,50.0,378588.3118835541,0.8813984427878125,18.910867513475093
406,Combined,50.31877523250311,378588.3118835542,1.3533720071836655,-0.0
407,Uniform,50.0,300774.64018535346,0.0,10.24783996588698
407,Screened,50.322828024128015,300774.6401853536,0.5455161089247298,-0.0
407,Yield per roof,51.3120121016715,300774.6401853535,1.3909276233090253,0.2206423786896012
407,Procurement,50.0,300774.64018535346,1.197822470202624,5.039983682818568
407,Combined,50.322828024128015,300774.6401853536,1.7473311308675221,-0.0
408,Uniform,50.0,307928.2673283906,0.0,15.577622225032995
408,Screened,50.3158342604202,307928.267310261,0.45033821589223066,-0.0
408,Yield per roof,51.282630125908106,307928.2673283906,1.173245974623427,2.092437016211077
408,Procurement,50.0,307928.2673283906,1.002009436071532,9.651766858785695
408,Combined,50.3158342604202,307928.267310261,1.452649048440236,-0.0
409,Uniform,50.0,367494.6686593686,0.0,16.952670143772327
409,Screened,50.31643540142748,367494.66865936865,0.5659950718780209,-0.0
409,Yield per roof,51.28574139177701,367494.6686593684,1.3482457520162825,2.420966769253676
409,Procurement,50.0,367494.6686593686,0.9352741311184758,11.428169001242512
409,Combined,50.31643540142748,367494.66865936865,1.5019019669070417,-0.0
410,Uniform,50.0,439774.4490347707,-1.4210854715202004e-14,22.71958481455882
410,Screened,50.313191320333864,439774.4490087712,0.5716985605334912,-0.0
410,Yield per roof,51.275411419806474,439774.44903477095,1.37346216066895,4.787487573104255
410,Procurement,50.0,439774.4490347707,0.7693971472288439,17.324914939003754
410,Combined,50.313191320333864,439774.4490087712,1.3440798580788282,-0.0
411,Uniform,50.0,320534.54658848443,0.0,14.41107744797309
411,Screened,50.31889438909428,320534.5465696035,0.4541899652718797,-0.0
411,Yield per roof,51.29439515791019,320534.5465884845,1.1469578342615847,1.8848263402820582
411,Procurement,50.0,320534.54658848443,0.9479311797624774,8.814835652391949
411,Combined,50.31889438909428,320534.5465696035,1.4021099626643974,-0.0
412,Uniform,50.0,302376.7299823002,0.0,17.599602358250664
412,Screened,50.3058430259203,302376.72997130296,0.31214022530829055,-0.0
412,Yield per roof,51.246755198687254,302376.7299823003,0.8394233310528563,4.26884205990995
412,Procurement,50.0,302376.7299823002,0.9098013289392952,11.04532077081111
412,Combined,50.3058430259203,302376.72997130296,1.2240869056855601,-0.0
413,Uniform,50.0,396053.8894060326,0.0,9.255676124644843
413,Screened,50.30950119482452,396053.88940603286,0.673538865988732,-0.0
413,Yield per roof,51.263536605547046,396053.8894060326,1.6891297138617887,-0.0
413,Procurement,50.0,396053.8894060326,0.8517418207329683,5.554160707989126
413,Combined,50.30950119482452,396053.88940603286,1.5258974291140106,-0.0
414,Uniform,50.0,414228.0918704716,0.0,75.41400039677207
414,Screened,50.3267391888272,414228.0918460518,0.3781260386276628,34.80065111599156
414,Yield per roof,51.32920405348588,414228.0918704717,0.9149526598651008,52.02781063353655
414,Procurement,50.0,414228.0918704716,0.8418789481839113,52.40106342816129
414,Combined,50.3267391888272,414228.0918460518,1.221902903856197,18.11377206277589
415,Uniform,50.0,358137.26278002094,0.0,77.47592247569688
415,Screened,50.3186881134662,358137.2627588542,0.2928623169196598,40.72674765563328
415,Yield per roof,51.296543559763876,358137.26278002094,0.7176337218973217,56.31329691246405
415,Procurement,50.0,358137.26278002094,0.879824271935874,53.47244325238606
415,Combined,50.3186881134662,358137.2627588542,1.1730638110967035,23.362701090049768
416,Uniform,50.0,291085.4588211202,0.0,86.45028133336369
416,Screened,50.31448808713776,291085.4588211202,0.19761118616636253,51.58119100359794
416,Yield per roof,51.278795908197395,291085.4588211202,0.5107496895507495,67.16285943307169
416,Procurement,50.0,291085.4588211202,0.9919960218241073,59.3146379697207
416,Combined,50.31448808713776,291085.4588211202,1.1897247539768543,31.945279917614297
417,Uniform,50.0,293593.26247124455,0.0,27.574426660927813
417,Screened,50.31791780437071,293593.2624539281,0.2689315576976199,4.211087202012668
417,Yield per roof,51.29088693546737,293593.26247124467,0.7186031235574504,12.88126963410504
417,Procurement,50.0,293593.26247124455,0.9518248596229526,16.350376027254203
417,Combined,50.31791780437071,293593.2624539281,1.2213114114341792,-0.0
418,Uniform,50.0,294777.0119638185,0.0,58.105606396506815
418,Screened,50.31946147109481,294777.01194640493,0.23197946830391913,28.989880418959203
418,Yield per roof,51.30514321675633,294777.0119638185,0.5618882358603869,42.46283350473639
418,Procurement,50.0,294777.0119638185,0.9994921771380945,30.748697534470995
418,Combined,50.31946147109481,294777.01194640493,1.2344663329761545,9.132161596027993
419,Uniform,50.0,384836.3027548078,0.0,25.73081201433455
419,Screened,50.300579685395554,384836.30275480764,0.39376640389674833,-0.0
419,Yield per roof,51.221752966663466,384836.3027548077,1.0693770437871208,7.003096173981297
419,Procurement,50.0,384836.3027548078,0.7975301025831172,19.593337943655104
419,Combined,50.300579685395554,384836.30275480764,1.1910724553118612,-0.0
420,Uniform,50.0,361697.8479679921,0.0,23.17010443243663
420,Screened,50.31881057263131,361697.8479466678,0.4345317380826117,-0.0
420,Yield per roof,51.298022226970346,361697.847967992,1.1225143486479396,5.762570458246898
420,Procurement,50.0,361697.8479679921,0.9334030766638364,15.967098678117706
420,Combined,50.31881057263131,361697.8479466678,1.3690353328214684,-0.0
421,Uniform,50.0,335855.905397742,0.0,4.113122186437367
421,Screened,50.30488819647963,335855.90539774206,0.6267500394023529,-0.0
421,Yield per roof,51.240370712063395,335855.90539774206,1.6504754104325343,-0.0
421,Procurement,50.0,335855.905397742,0.8768359694464891,2.4128063894018825
421,Combined,50.30488819647963,335855.90539774206,1.503840611119216,-0.0
422,Uniform,50.0,394963.5643422153,0.0,13.23282562126673
422,Screened,50.32119704185238,394963.5643188841,0.6075308934614441,-0.0
422,Yield per roof,51.30553868084263,394963.56434221537,1.6003515368274037,0.6839143836882361
422,Procurement,50.0,394963.5643422153,0.8050164016956387,9.133214253326406
422,Combined,50.32119704185238,394963.5643188841,1.4123877623912335,-0.0
423,Uniform,50.0,347631.51371688367,0.0,27.16639216689413
423,Screened,50.31897178410328,347631.51369643817,0.38139676689040414,-0.0
423,Yield per roof,51.29389007461973,347631.5137168837,0.9618057006081528,8.30594434119289
423,Procurement,50.0,347631.51371688367,0.9356258425724562,19.965068797967767
423,Combined,50.31897178410328,347631.51369643817,1.316985919290687,-0.0
424,Uniform,50.0,417818.2536733822,1.4210854715202004e-14,27.458644049314334
424,Screened,50.31646986085315,417818.25364896975,0.6727710680155923,-0.0
424,Yield per roof,51.28454367943368,417818.2536733821,1.6437982099212718,5.753145855154107
424,Procurement,50.0,417818.2536733822,1.0334880537652396,20.79991804995295
424,Combined,50.31646986085315,417818.25364896975,1.7082095365770158,-0.0
425,Uniform,50.0,369985.8066733133,-1.4210854715202004e-14,12.18541489858372
425,Screened,50.32152977993355,369985.806651548,0.6854979201375215,-0.0
425,Yield per roof,51.30990970765954,369985.8066733133,1.6596712169450853,0.4990566450206596
425,Procurement,50.0,369985.8066733133,0.9648599459376044,7.626908174991275
425,Combined,50.32152977993355,369985.806651548,1.651222298625612,-0.0
426,Uniform,50.0,310307.7831858415,0.0,18.901382372650463
426,Screened,50.31435326397824,310307.7831676218,0.47435680762691845,-0.0
426,Yield per roof,51.273574461420814,310307.78318584163,1.128025490749863,3.919514220906419
426,Procurement,50.0,310307.7831858415,1.1234787556370094,11.541817658922575
426,Combined,50.31435326397824,310307.7831676218,1.599062748981325,-0.0
427,Uniform,50.0,366059.9240364946,0.0,3.3093186978810754
427,Screened,50.310147544484295,366059.92403649463,0.8741903555469719,-0.0
427,Yield per roof,51.25941481672553,366059.9240364946,2.1132106235907884,-0.0
427,Procurement,50.0,366059.9240364946,0.875696147324561,2.132734316606684
427,Combined,50.310147544484295,366059.92403649463,1.7496538396901542,-0.0
428,Uniform,50.0,337414.7753865232,1.4210854715202004e-14,3.815477929940701
428,Screened,50.32880485798932,337414.77536664065,0.6859510283302512,-0.0
428,Yield per roof,51.33982109644175,337414.77538652316,1.7508812430160106,-0.0
428,Procurement,50.0,337414.7753865232,0.9713780103222405,2.4140847652416864
428,Combined,50.32880485798932,337414.77536664065,1.661829542472816,-0.0
429,Uniform,50.0,320827.6277804666,0.0,39.32173927507527
429,Screened,50.311556030975,320827.6277804666,0.35024026556327925,9.59747810674323
429,Yield per roof,51.26546445995086,320827.6277804665,0.8569955477278413,20.875689828633117
429,Procurement,50.0,320827.6277804666,1.009677800443761,22.284276250788718
429,Combined,50.311556030975,320827.6277804666,1.3605478573404781,-0.0
430,Uniform,50.0,298213.8296124581,0.0,9.737966035499413
430,Screened,50.31494296611274,298213.8296124581,0.43184966880201614,-0.0
430,Yield per roof,51.279646310631975,298213.82961245824,1.1343363222871545,0.533547914920881
430,Procurement,50.0,298213.8296124581,0.9537551384432277,5.151647208180678
430,Combined,50.31494296611274,298213.8296124581,1.3860527568556904,-0.0
431,Uniform,50.0,335350.9054804095,0.0,9.06087138716814
431,Screened,50.329900922550905,335350.9054606589,0.5906620985234667,-0.0
431,Yield per roof,51.34077611056157,335350.9054804095,1.4200688238514942,0.0997700517311356
431,Procurement,50.0,335350.9054804095,1.0036446050012557,4.700429796291436
431,Combined,50.329900922550905,335350.9054606589,1.5986393334037103,-0.0
432,Uniform,50.0,282395.87165871286,0.0,29.620341413388445
432,Screened,50.30420877155596,282395.87165871286,0.2527926904257569,6.585055418420555
432,Yield per roof,51.23463716247018,282395.8716587128,0.6854375764856613,14.631266300099117
432,Procurement,50.0,282395.87165871286,0.9442487919097715,15.93176256834411
432,Combined,50.30420877155596,282395.87165871286,1.1964355525558474,-0.0
433,Uniform,50.0,285285.80031542707,0.0,5.395132657297528
433,Screened,50.31482806546476,285285.80031542695,0.503023756870391,-0.0
433,Yield per roof,51.2800497573622,285285.80031542707,1.307584612885094,-0.0
433,Procurement,50.0,285285.80031542707,0.8960639048932677,2.304661006587964
433,Combined,50.31482806546476,285285.80031542695,1.3995981609252794,-0.0
434,Uniform,50.0,422592.861016175,0.0,23.28994823176149
434,Screened,50.32844257855995,422592.86099146167,0.800516319014065,-0.0
434,Yield per roof,51.329510611664986,422592.861016175,1.8571454463225052,3.540695881910298
434,Procurement,50.0,422592.861016175,1.0855190192841064,17.05901199186148
434,Combined,50.32844257855995,422592.86099146167,1.8896214051365803,-0.0
435,Uniform,50.0,333630.64026283636,-1.4210854715202004e-14,6.983194903381233
435,Screened,50.30341710941278,333630.6402628366,0.5828847251075757,-0.0
435,Yield per roof,51.232206967120945,333630.6402628364,1.4352817544751133,-0.0
435,Procurement,50.0,333630.64026283636,0.8852246920108087,3.1378804839510224
435,Combined,50.30341710941278,333630.6402628366,1.467493842518337,-0.0
436,Uniform,50.0,310629.13498597324,0.0,7.13829449818899
436,Screened,50.316428811038335,310629.13496765523,0.4884938798823697,-0.0
436,Yield per roof,51.28865924129522,310629.1349859732,1.3054289873607274,-0.0
436,Procurement,50.0,310629.13498597324,0.9208171777430465,3.139611200745381
436,Combined,50.316428811038335,310629.13496765523,1.410083836205942,-0.0
437,Uniform,50.0,424384.4579926878,0.0,28.520222549690008
437,Screened,50.30571563035726,424384.45799268776,0.5349481017322546,-0.0
437,Yield per roof,51.24197907033716,424384.4579926878,1.3292101466076502,7.535313381767052
437,Procurement,50.0,424384.4579926878,0.8040092340789329,22.371646807811246
437,Combined,50.30571563035726,424384.45799268776,1.3385704173833375,-0.0
438,Uniform,50.0,356109.3781608775,0.0,110.48101747454663
438,Screened,50.316653110639116,356109.3781608776,0.23702191388738214,66.31094245195168
438,Yield per roof,51.28621773039169,356109.37816087744,0.6233981632283445,86.43354660541257
438,Procurement,50.0,356109.3781608775,0.9969598439758585,83.3830028905827
438,Combined,50.316653110639116,356109.3781608776,1.2355259600197215,46.67611820643883
439,Uniform,50.0,402324.95340417087,0.0,29.492674808312042
439,Screened,50.32967085372724,402324.95338046877,0.4060883909063975,-0.0
439,Yield per roof,51.343070514188454,402324.95340417087,1.0778151276377983,8.788107124309194
439,Procurement,50.0,402324.95340417087,0.8097844339415232,23.25354190270193
439,Combined,50.32967085372724,402324.95338046877,1.217023360824733,-0.0
440,Uniform,50.0,394645.29888564476,0.0,11.21477738455685
440,Screened,50.30444320176866,394645.2988856449,0.6495458061189225,-0.0
440,Yield per roof,51.237484625019036,394645.29888564476,1.609031959356713,0.2550246706955245
440,Procurement,50.0,394645.29888564476,0.8458433046252054,7.420300417061586
440,Combined,50.30444320176866,394645.2988856449,1.4977845535773184,-0.0
441,Uniform,50.0,419901.6777671366,0.0,82.64012663869832
441,Screened,50.31239752789382,419901.6777671368,0.3387028942787609,42.00122099170438
441,Yield per roof,51.268706320669104,419901.6777671368,0.850835971893197,58.498001781740946
441,Procurement,50.0,419901.6777671366,0.769307198786997,61.6880246145402
441,Combined,50.31239752789382,419901.6777671368,1.1075772582944694,26.86432015558958
442,Uniform,50.0,285124.91381552053,0.0,20.766158495590503
442,Screened,50.30981858116591,285124.9138155206,0.2801379411605964,-0.0
442,Yield per roof,51.2582661825747,285124.9138155206,0.72989049461939,6.296494841159317
442,Procurement,50.0,285124.91381552053,0.950125243328614,13.435496972276525
442,Combined,50.30981858116591,285124.9138155206,1.230631612125812,-0.0
443,Uniform,50.0,383807.78699851665,0.0,23.503454538340954
443,Screened,50.31198455662294,383807.7869758907,0.4866077216584017,-0.0
443,Yield per roof,51.2679349904934,383807.7869985167,1.1948938231400632,5.715830400345678
443,Procurement,50.0,383807.78699851665,0.890129308486749,16.63497359334702
443,Combined,50.31198455662294,383807.7869758907,1.37701818567146,-0.0
444,Uniform,50.0,311430.8769120426,0.0,12.260187366457805
444,Screened,50.30922220796204,311430.8769120426,0.4889809868925994,-0.0
444,Yield per roof,51.25459599767269,311430.8769120426,1.2972652981379724,0.8631727065361176
444,Procurement,50.0,311430.8769120426,1.0640426729145531,6.901604741929406
444,Combined,50.30922220796204,311430.8769120426,1.553948451073424,-0.0
445,Uniform,50.0,364174.29496235296,0.0,5.725096208032154
445,Screened,50.305121825758135,364174.2949623531,0.6289154002985526,-0.0
445,Yield per roof,51.23972050446955,364174.29496235296,1.6297737776415744,-0.0
445,Procurement,50.0,364174.29496235296,0.8357578357162794,2.971780972739897
445,Combined,50.305121825758135,364174.2949623531,1.4661317017341702,-0.0
446,Uniform,50.0,298948.59429542883,0.0,20.655019428850103
446,Screened,50.31823801349878,298948.59427783685,0.3874816719658085,-0.0
446,Yield per roof,51.29206461637272,298948.59429542866,0.994905553278798,5.135116330906452
446,Procurement,50.0,298948.59429542883,1.0454531300934349,12.923364979912566
446,Combined,50.31823801349878,298948.59427783685,1.4335161540484194,-0.0
447,Uniform,50.0,288773.03590669105,0.0,4.979952360689042
447,Screened,50.30001081444064,288773.035906691,0.5116069702640687,-0.0
447,Yield per roof,51.21904886603359,288773.0359066911,1.2684745865310134,-0.0
447,Procurement,50.0,288773.03590669105,0.8484359449987267,2.2405096967843248
447,Combined,50.30001081444064,288773.035906691,1.3601950178784108,-0.0
448,Uniform,50.0,287664.1725803871,0.0,65.91014632325596
448,Screened,50.312536439877235,287664.17256426765,0.2139475959788264,34.71885313015393
448,Yield per roof,51.27105886103417,287664.17258038715,0.590116126393692,48.15540493213639
448,Procurement,50.0,287664.1725803871,0.9980023525837716,38.57580720077013
448,Combined,50.312536439877235,287664.17256426765,1.21286878748014,14.920170748104873
449,Uniform,50.0,362409.8677116319,0.0,16.23280662442501
449,Screened,50.3051832571823,362409.86771163193,0.5480356191146853,-0.0
449,Yield per roof,51.237294727228594,362409.86771163193,1.3265436912405875,2.159796915626432
449,Procurement,50.0,362409.8677116319,0.8879586176742436,11.022926922639751
449,Combined,50.3051832571823,362409.86771163193,1.4352803600949073,-0.0
450,Uniform,50.0,284732.7317216459,0.0,37.40436662100896
450,Screened,50.30861409762545,284732.73172164586,0.2541436851078629,12.838659827281132
450,Yield per roof,51.25556000745943,284732.73172164586,0.6398333432846997,22.49048809944847
450,Procurement,50.0,284732.7317216459,0.9505148890440367,17.560996138931053
450,Combined,50.30861409762545,284732.73172164586,1.205010612263095,-0.0
451,Uniform,50.0,414456.2169652544,0.0,2.8002324833430436
451,Screened,50.30857268489316,414456.2169652545,1.0312982746562511,-0.0
451,Yield per roof,51.252458423689326,414456.2169652544,2.476636834948266,-0.0
451,Procurement,50.0,414456.2169652544,0.8053301903956935,1.7216703004885987
451,Combined,50.30857268489316,414456.2169652545,1.8365994797600536,-0.0
452,Uniform,50.0,380424.096037042,-1.4210854715202004e-14,11.275618539985803
452,Screened,50.32108931068826,380424.0960146495,0.7162656783154517,-0.0
452,Yield per roof,51.30300841335587,380424.09603704175,1.7519588053169315,-0.0
452,Procurement,50.0,380424.096037042,1.0076159972379486,6.907244201613869
452,Combined,50.32108931068826,380424.0960146495,1.7259653175336496,-0.0
453,Uniform,50.0,339666.8288995584,0.0,69.01140609695953
453,Screened,50.318448124882046,339666.8288796289,0.3374853739377386,31.603035264085992
453,Yield per roof,51.294051386067665,339666.8288995583,0.8439186648003982,46.94393832303062
453,Procurement,50.0,339666.8288995584,1.0297836874458497,40.989272023859996
453,Combined,50.318448124882046,339666.8288796289,1.3678052608614806,11.312135969584102
454,Uniform,50.0,300838.8012422801,0.0,16.208277070611352
454,Screened,50.32011581465955,300838.80124228005,0.4644374148458468,-0.0
454,Yield per roof,51.29885705802485,300838.80124228005,1.1857600384994953,2.2326358059844664
454,Procurement,50.0,300838.8012422801,1.1831108397142742,9.2026936893722
454,Combined,50.32011581465955,300838.80124228005,1.6502522185148933,-0.0
455,Uniform,50.0,368159.64553900843,0.0,13.868293130128817
455,Screened,50.306797938888145,368159.6455236498,0.5828268984454184,-0.0
455,Yield per roof,51.24920851284887,368159.64553900843,1.4228119819961762,1.3564013024636132
455,Procurement,50.0,368159.64553900843,0.8758229185845607,8.828845419253627
455,Combined,50.306797938888145,368159.6455236498,1.459462043769605,-0.0
456,Uniform,50.0,285079.1380234249,0.0,24.809845982211026
456,Screened,50.326133093689094,285079.13800664037,0.3192955522049985,0.3164034341676635
456,Yield per roof,51.32467178307424,285079.1380234249,0.7956858592429867,9.479525820341758
456,Procurement,50.0,285079.1380234249,1.0083250672226498,17.02021366377825
456,Combined,50.326133093689094,285079.13800664037,1.3287553679125566,-0.0
457,Uniform,50.0,343690.7498942764,0.0,19.261713110620104
457,Screened,50.30360667929696,343690.74989427644,0.38316728627548,-0.0
457,Yield per roof,51.238570800342785,343690.7498942765,0.9638561851035661,4.666861265128324
457,Procurement,50.0,343690.7498942764,0.8725427612392949,12.857887002108177
457,Combined,50.30360667929696,343690.74989427644,1.2578115728857497,-0.0
458,Uniform,50.0,343854.2338737502,0.0,47.2303175447664
458,Screened,50.32148762301201,343854.2338534951,0.3412845258989847,15.406414841787662
458,Yield per roof,51.30573632210782,343854.2338737504,0.8621061961556293,27.6687334958819
458,Procurement,50.0,343854.2338737502,1.0007751553901088,24.59524282404729
458,Combined,50.32148762301201,343854.2338534951,1.3426475359302046,-0.0
459,Uniform,50.0,314968.2288270754,0.0,30.850982375582944
459,Screened,50.31270224408809,314968.22882707533,0.3130797516589183,4.801203516418942
459,Yield per roof,51.271327662289856,314968.22882707533,0.8061547124290982,14.083129463651865
459,Procurement,50.0,314968.2288270754,0.9337728030081607,19.07791569039591
459,Combined,50.31270224408809,314968.22882707533,1.2467874617406736,-0.0
460,Uniform,50.0,359267.39385793515,0.0,44.00445404792518
460,Screened,50.31314017777692,359267.3938579353,0.3141891578917111,14.357478874390228
460,Yield per roof,51.272989303475676,359267.3938579352,0.8059010933703306,25.602112047804862
460,Procurement,50.0,359267.39385793515,0.820821988475771,23.65936612936937
460,Combined,50.31314017777692,359267.3938579353,1.1357054273631917,-0.0
461,Uniform,50.0,331381.9443170323,0.0,22.994061340738543
461,Screened,50.3194573402493,331381.9442974967,0.38616205626084366,-0.0
461,Yield per roof,51.296951805971204,331381.94431703235,1.0133169683699066,6.066706859443685
461,Procurement,50.0,331381.9443170323,0.996394194188511,15.300626709758529
461,Combined,50.3194573402493,331381.9442974967,1.383886780545744,-0.0
462,Uniform,50.0,377614.1187646357,0.0,20.370616795101714
462,Screened,50.31783898656485,377614.1187423263,0.515391610150786,-0.0
462,Yield per roof,51.29251593496493,377614.1187646358,1.2218774552729172,4.398066936186687
462,Procurement,50.0,377614.1187646357,0.9082375016249244,14.112121454232879
462,Combined,50.31783898656485,377614.1187423263,1.4248330855239573,-0.0
463,Uniform,50.0,382005.2158252368,1.4210854715202004e-14,13.50663798847062
463,Screened,50.316878341932984,382005.2158186878,0.5970154293905381,-0.0
463,Yield per roof,51.292291338317305,382005.215825237,1.4553876392613034,1.2438764557797894
463,Procurement,50.0,382005.2158252368,0.8548489059192548,8.645323075274991
463,Combined,50.316878341932984,382005.2158186878,1.4516296625033505,-0.0
464,Uniform,50.0,290846.77043237526,0.0,66.7518636073002
464,Screened,50.313733471306506,290846.77043237526,0.1935267695342091,36.98706648764616
464,Yield per roof,51.28077788302181,290846.77043237514,0.49484633573123915,50.752795069999685
464,Procurement,50.0,290846.77043237526,0.9511600276566945,40.759587554097926
464,Combined,50.313733471306506,290846.77043237526,1.147115764199988,18.135997385821625
465,Uniform,50.0,412582.3828473396,0.0,48.20578968649165
465,Screened,50.30859949033662,412582.3828473395,0.39895743309403997,13.373797627809319
465,Yield per roof,51.253769489208466,412582.3828473396,1.0094602293951311,25.72700701124641
465,Procurement,50.0,412582.3828473396,0.7828082071735878,29.02548447818798
465,Combined,50.30859949033662,412582.3828473395,1.1812341310321912,-0.0
466,Uniform,50.0,377713.8045597429,0.0,10.136767454814576
466,Screened,50.32229084891959,377713.8045541852,0.6369671150552989,-0.0
466,Yield per roof,51.31839693076345,377713.8045597429,1.5671937376235405,0.060627555492060226
466,Procurement,50.0,377713.8045597429,0.9211763851772758,6.1313992672024975
466,Combined,50.32229084891959,377713.8045541852,1.5606619009432734,-0.0
467,Uniform,50.0,299504.57250949874,0.0,9.619142188494797
467,Screened,50.31982241679152,299504.5724941006,0.5136210610980214,-0.0
467,Yield per roof,51.30019957899813,299504.5725094987,1.330329286898234,0.14542229675398652
467,Procurement,50.0,299504.57250949874,1.0360005270992048,5.059219305564154
467,Combined,50.31982241679152,299504.5724941006,1.549882780388188,-0.0
468,Uniform,50.0,306386.2443742051,0.0,8.249537151215167
468,Screened,50.30492535320396,306386.24437420507,0.5238455507995354,-0.0
468,Yield per roof,51.237643419125085,306386.2443742051,1.358425476716448,-0.0
468,Procurement,50.0,306386.2443742051,0.9182711404754258,4.262537925839789
468,Combined,50.30492535320396,306386.24437420507,1.4412864997875232,-0.0
469,Uniform,50.0,428081.83897290914,0.0,66.30112223108215
469,Screened,50.30815643580178,428081.83897290914,0.4294626882837278,25.481110022165957
469,Yield per roof,51.25200183550506,428081.83897290926,1.0577138283202174,40.76487466760379
469,Procurement,50.0,428081.83897290914,0.7737611650744185,45.37292665176157
469,Combined,50.30815643580178,428081.83897290914,1.20263745493844,10.374280302814238
470,Uniform,50.0,307441.24345131894,0.0,60.843178767368336
470,Screened,50.30394981290694,307441.24345131905,0.25398362769593774,29.34814479018228
470,Yield per roof,51.237899613439026,307441.24345131894,0.6790513367704492,42.046039874204
470,Procurement,50.0,307441.24345131894,1.0051775973626178,33.56433877753145
470,Combined,50.30394981290694,307441.24345131905,1.2591035703967322,9.619285342783773
471,Uniform,50.0,396030.5186653595,0.0,77.11637459540746
471,Screened,50.307667513880986,396030.5186653595,0.3162032961616177,37.96061813504326
471,Yield per roof,51.257221470052734,396030.51866535953,0.8304179346937204,53.86132768115797
471,Procurement,50.0,396030.5186653595,0.8727730103535976,53.32981157769032
471,Combined,50.307667513880986,396030.5186653595,1.188930355071065,20.755256728221767
472,Uniform,50.0,282288.0918068449,-7.105427357601002e-15,18.116400575204903
472,Screened,50.32082158062438,282288.0917902436,0.37589787618483683,-0.0
472,Yield per roof,51.301589556865,282288.09180684487,0.9482207143391577,4.214923367397207
472,Procurement,50.0,282288.0918068449,1.0086511907534188,11.093739142294158
472,Combined,50.32082158062438,282288.0917902436,1.3856893271579551,-0.0
473,Uniform,50.0,431638.2067498215,0.0,7.974645915729387
473,Screened,50.310332878475236,431638.20674982155,0.7799922560838297,-0.0
473,Yield per roof,51.270529918027904,431638.2067498215,1.914011920486871,-0.0
473,Procurement,50.0,431638.2067498215,0.722177911908517,4.838813141769872
473,Combined,50.310332878475236,431638.20674982155,1.5035173271785993,-0.0
474,Uniform,50.0,425363.21170603525,0.0,12.237738342688798
474,Screened,50.31565719662581,425363.2116810881,0.804035746149026,-0.0
474,Yield per roof,51.27998287258998,425363.2117060352,2.0539478600275345,-0.0
474,Procurement,50.0,425363.21170603525,0.8466350426849942,8.674682483620396
474,Combined,50.31565719662581,425363.2116810881,1.6509398992224362,-0.0
475,Uniform,50.0,396924.53770241956,0.0,26.874466091959157
475,Screened,50.32529950794761,396924.53767905163,0.45789689967577374,-0.0
475,Yield per roof,51.32180897937244,396924.53770241956,1.1548892263573265,7.465738816200659
475,Procurement,50.0,396924.53770241956,0.8414783612259953,20.433299546485497
475,Combined,50.32529950794761,396924.53767905163,1.2992169644808484,-0.0
476,Uniform,50.0,283294.6540110675,0.0,4.803779248940744
476,Screened,50.304802385059844,283294.65401106747,0.44957610919846047,-0.0
476,Yield per roof,51.24043541589934,283294.6540110676,1.1904085025146856,-0.0
476,Procurement,50.0,283294.6540110675,0.859296820086783,2.0225349316267476
476,Combined,50.304802385059844,283294.65401106747,1.3092049728056736,-0.0
477,Uniform,50.0,306852.5564033983,0.0,23.822686311176785
477,Screened,50.31477531907621,306852.5563852829,0.3339144489121182,-0.0
477,Yield per roof,51.281258586948574,306852.5564033984,0.9174057979359418,6.7792346339454985
477,Procurement,50.0,306852.5564033983,0.9862174922250162,16.23454465213097
477,Combined,50.31477531907621,306852.5563852829,1.3203264070662186,-0.0
478,Uniform,50.0,335997.4894945731,0.0,9.066195268753265
478,Screened,50.311389373398555,335997.4894747542,0.564526311768148,-0.0
478,Yield per roof,51.26522079062754,335997.48949457315,1.423632305220309,-0.0
478,Procurement,50.0,335997.4894945731,0.9118280293100867,5.119458819005406
478,Combined,50.311389373398555,335997.4894747542,1.476049765387188,-0.0
479,Uniform,50.0,296806.8650979422,0.0,5.733022792496208
479,Screened,50.322033288627395,296806.8650804,0.5301683050519017,-0.0
479,Yield per roof,51.315676962339076,296806.8650979422,1.3861954882530085,-0.0
479,Procurement,50.0,296806.8650979422,0.9003374808119844,2.5131315082983656
479,Combined,50.322033288627395,296806.8650804,1.4313966714681499,-0.0
480,Uniform,50.0,300021.4539289428,0.0,10.763615291734471
480,Screened,50.31512808458223,300021.45392894273,0.48940625082130396,-0.0
480,Yield per roof,51.279703528375194,300021.4539289428,1.295682744696549,0.5079168689839739
480,Procurement,50.0,300021.4539289428,1.0334300130272425,5.911762172353639
480,Combined,50.31512808458223,300021.45392894273,1.524709030421164,-0.0
481,Uniform,50.0,357380.67107741977,0.0,19.486630079252386
481,Screened,50.30119513367496,357380.67107741995,0.3731378434740833,-0.0
481,Yield per roof,51.22358608993479,357380.67107741977,0.9160216335196765,4.922585862709217
481,Procurement,50.0,357380.67107741977,0.8310865483559127,13.269020898700179
481,Combined,50.30119513367496,357380.67107741995,1.2089121782751207,-0.0
482,Uniform,50.0,279365.42353551823,0.0,93.61853154360779
482,Screened,50.321923582696435,279365.42351910943,0.21408645207400667,55.47898687740678
482,Yield per roof,51.30566611717592,279365.42353551823,0.5431075495464945,73.33069613897105
482,Procurement,50.0,279365.42353551823,1.1919285381773683,61.043017608023405
482,Combined,50.321923582696435,279365.42351910943,1.4081049948064965,31.836851102780777
483,Uniform,50.0,297031.2633521465,1.4210854715202004e-14,8.221417754141434
483,Screened,50.31626741190103,297031.26335214655,0.5935668921785293,-0.0
483,Yield per roof,51.283317845562436,297031.26335214655,1.5084885824841194,-0.0
483,Procurement,50.0,297031.2633521465,1.048484457341985,3.6666529535931494
483,Combined,50.31626741190103,297031.26335214655,1.64225860576272,-0.0
484,Uniform,50.0,334819.26138592494,0.0,74.79443631030732
484,Screened,50.31505018415273,334819.2613859248,0.24434395524077246,40.38221823696891
484,Yield per roof,51.28194116370146,334819.2613859249,0.6272636006816654,55.483039740181354
484,Procurement,50.0,334819.26138592494,0.9021951430256223,50.17539403326562
484,Combined,50.31505018415273,334819.2613859248,1.1477365200091754,22.555464830313156
485,Uniform,50.0,423720.2701092926,0.0,6.656349023655144
485,Screened,50.31302423263519,423720.2701092927,0.9438079942998172,-0.0
485,Yield per roof,51.27179274645727,423720.2701092926,2.2806773406012724,-0.0
485,Procurement,50.0,423720.2701092926,0.8170033501363605,4.224631560442287
485,Combined,50.31302423263519,423720.2701092927,1.760767692468221,-0.0
486,Uniform,50.0,314036.4363835593,1.4210854715202004e-14,2.945068021444656
486,Screened,50.30724081120123,314036.43638355937,0.6801195322515241,-0.0
486,Yield per roof,51.24718417394113,314036.43638355937,1.6780561627017931,-0.0
486,Procurement,50.0,314036.4363835593,0.9519611876224587,1.6676006463897446
486,Combined,50.30724081120123,314036.43638355937,1.632078585324578,-0.0
487,Uniform,50.0,307649.34898785455,0.0,10.780366925839637
487,Screened,50.31387724932954,307649.3489878545,0.5043477699352934,-0.0
487,Yield per roof,51.27552215573425,307649.3489878546,1.2159440725677513,0.8833623803429063
487,Procurement,50.0,307649.34898785455,0.9859548066937975,5.812150558954452
487,Combined,50.31387724932954,307649.3489878545,1.4940638349615654,-0.0
488,Uniform,50.0,320444.722119482,1.4210854715202004e-14,2.6003910892138777
488,Screened,50.31616808120818,320444.7221005836,0.6665646806794427,-0.0
488,Yield per roof,51.29493891681994,320444.72211948206,1.6129077894193813,-0.0
488,Procurement,50.0,320444.722119482,0.8706939412919326,1.4287626366666386
488,Combined,50.31616808120818,320444.7221005836,1.5404549985918123,-0.0
489,Uniform,50.0,325805.3387882121,0.0,13.583518637093368
489,Screened,50.31496851289477,325805.33878821204,0.5314669718335097,-0.0
489,Yield per roof,51.27900741774646,325805.33878821204,1.3253837154164216,1.3772770215560375
489,Procurement,50.0,325805.3387882121,0.9707514272088531,8.10548441445771
489,Combined,50.31496851289477,325805.33878821204,1.5022272229197569,-0.0
490,Uniform,50.0,384577.2331900533,0.0,88.79561774097644
490,Screened,50.324395109704845,384577.2331674407,0.3527564919523911,45.438251364177134
490,Yield per roof,51.32135362934362,384577.2331900535,0.8683268243699942,63.92594968817661
490,Procurement,50.0,384577.2331900533,0.9549027309679943,63.26751778977042
490,Combined,50.324395109704845,384577.2331674407,1.3086921370533204,26.96736477453715
491,Uniform,50.0,408628.51719351334,0.0,12.328285550361073
491,Screened,50.31537972941412,408628.5171693711,0.7287199868877678,-0.0
491,Yield per roof,51.29085133698975,408628.5171935132,1.7743057959864785,0.3928464302589633
491,Procurement,50.0,408628.51719351334,0.8448912846950805,8.385862741480706
491,Combined,50.31537972941412,408628.5171693711,1.574699209268175,-0.0
492,Uniform,50.0,317178.2902953446,0.0,4.8062489248313875
492,Screened,50.308425437395215,317178.2902953445,0.5756770936871192,-0.0
492,Yield per roof,51.253063937432415,317178.2902953448,1.5321769411839625,-0.0
492,Procurement,50.0,317178.2902953446,0.9318042101086661,2.368543402063238
492,Combined,50.308425437395215,317178.2902953445,1.5075441244742223,-0.0
493,Uniform,50.0,404539.7310683109,0.0,8.522224855923252
493,Screened,50.319291606754454,404539.7310444865,0.7341772855717608,-0.0
493,Yield per roof,51.29884769129063,404539.7310683108,1.9315404578582474,-0.0
493,Procurement,50.0,404539.7310683109,0.8298560150389989,4.926695608592078
493,Combined,50.319291606754454,404539.7310444865,1.5637556218934492,-0.0
494,Uniform,50.0,392102.70402756677,0.0,8.739317730531187
494,Screened,50.302944612667694,392102.7040275668,0.6916405709715576,-0.0
494,Yield per roof,51.23074190842219,392102.70402756677,1.6323970006924071,-0.0
494,Procurement,50.0,392102.70402756677,0.7806139248511244,5.350196922789926
494,Combined,50.302944612667694,392102.7040275668,1.4724296722365153,-0.0
495,Uniform,50.0,345999.1271273912,0.0,65.66341852345691
495,Screened,50.31923043482082,345999.12710704585,0.3340475112905992,29.08004533570745
495,Yield per roof,51.30011264044085,345999.1271273912,0.839850541157432,44.19937428568359
495,Procurement,50.0,345999.1271273912,1.0350842565531622,37.347773169349836
495,Combined,50.31923043482082,345999.12710704585,1.3700727957207803,8.582046084877273
496,Uniform,50.0,310711.9593603895,0.0,65.82221798764772
496,Screened,50.31150654263237,310711.9593603894,0.2442741437009417,33.815103646060976
496,Yield per roof,51.265516444267824,310711.9593603894,0.6508492396386387,46.851154304065375
496,Procurement,50.0,310711.9593603895,0.900796469539948,41.26631067943565
496,Combined,50.31150654263237,310711.9593603894,1.144641466723506,16.07021897629913
497,Uniform,50.0,311016.530700256,0.0,10.980734827056908
497,Screened,50.34316437806303,311016.5306820741,0.5971126565577265,-0.0
497,Yield per roof,51.39250732064509,311016.53070025606,1.5754441996703576,-0.0
497,Procurement,50.0,311016.530700256,1.172103956734233,5.887874758540618
497,Combined,50.34316437806303,311016.5306820741,1.7730743936728857,-0.0
498,Uniform,50.0,306723.0816815082,0.0,7.146794548230749
498,Screened,50.315753368098406,306723.0816633496,0.48982752455718526,-0.0
498,Yield per roof,51.284065827591604,306723.0816815081,1.184215468537758,-0.0
498,Procurement,50.0,306723.0816815082,0.859952776877563,3.4120185155144274
498,Combined,50.315753368098406,306723.0816633496,1.351325927763483,-0.0
499,Uniform,50.0,312149.69114196603,0.0,30.370883746029232
499,Screened,50.30644293329752,312149.6911419659,0.27738869020505774,5.9736456461945835
499,Yield per roof,51.24536269057178,312149.69114196603,0.6934249564208983,15.91372861087737
499,Procurement,50.0,312149.69114196603,0.8872507485005556,18.069312720309373
499,Combined,50.30644293329752,312149.6911419659,1.1678974479655864,-0.0
500,Uniform,50.0,288420.6660741101,0.0,11.248593356081596
500,Screened,50.312829689216436,288420.66607411,0.435479072378925,-0.0
500,Yield per roof,51.26949200605259,288420.66607411,1.1346916720915914,0.9664007470748376
500,Procurement,50.0,288420.6660741101,0.9704327799740753,6.156560548733745
500,Combined,50.312829689216436,288420.66607411,1.405896857797103,-0.0
501,Uniform,50.0,348605.07599085267,0.0,46.76058965633401
501,Screened,50.31669776550077,348605.0759908528,0.3027724915095149,16.142522125179358
501,Yield per roof,51.29173620711292,348605.07599085255,0.8080411425748295,28.266274332287423
501,Procurement,50.0,348605.07599085267,0.9149833057363352,24.034426099988938
501,Combined,50.31669776550077,348605.0759908528,1.21882667614004,-0.0
502,Uniform,50.0,380011.1104981282,0.0,3.4808220835394703
502,Screened,50.32023247531595,380011.11047571804,0.8254356405111878,-0.0
502,Yield per roof,51.304975616348976,380011.11049812846,2.1808397242453736,-0.0
502,Procurement,50.0,380011.1104981282,0.9140444487413504,2.2561988699923776
502,Combined,50.32023247531595,380011.11047571804,1.7397287220132966,-0.0
503,Uniform,50.0,301835.80422604905,0.0,8.89134067225121
503,Screened,50.30759362785568,301835.80422604893,0.5663217437206214,-0.0
503,Yield per roof,51.24809233647292,301835.804226049,1.3708184820243758,-0.0
503,Procurement,50.0,301835.80422604905,0.9721889878260299,4.674798963958342
503,Combined,50.30759362785568,301835.80422604893,1.5381963627996669,-0.0
504,Uniform,50.0,344949.64917520666,0.0,12.697315124192494
504,Screened,50.30434436892236,344949.64917520666,0.5147833405987399,-0.0
504,Yield per roof,51.23652619213124,344949.6491752067,1.2687187254420564,1.2864407512420784
504,Procurement,50.0,344949.64917520666,0.8646004222602812,7.743151954332511
504,Combined,50.30434436892236,344949.64917520666,1.379501102509579,-0.0
505,Uniform,50.0,307621.06004487316,0.0,29.18523646698861
505,Screened,50.32304383043078,307621.06002902135,0.29510502694955676,3.630580612529054
505,Yield per roof,51.3188627792777,307621.0600448733,0.7720034246702312,13.783644277826472
505,Procurement,50.0,307621.06004487316,0.9416227532789634,18.80739447035062
505,Combined,50.32304383043078,307621.06002902135,1.2396078184029875,-0.0
506,Uniform,50.0,296366.59788619546,0.0,4.396345231401495
506,Screened,50.31848388875252,296366.59786871617,0.6500916783922719,-0.0
506,Yield per roof,51.29409078122094,296366.5978861954,1.6021049991350225,-0.0
506,Procurement,50.0,296366.59788619546,1.0662025203223067,2.228754729246653
506,Combined,50.31848388875252,296366.59786871617,1.7182202901265526,-0.0
507,Uniform,50.0,301879.81917069794,0.0,5.23909937318724
507,Screened,50.306493026508434,301879.81917069794,0.5520505710483405,-0.0
507,Yield per roof,51.24738874607768,301879.81917069794,1.3386262262348225,-0.0
507,Procurement,50.0,301879.81917069794,0.9259648185688434,2.348226748020974
507,Combined,50.306493026508434,301879.81917069794,1.4798103107150382,-0.0
508,Uniform,50.0,299548.12827813614,0.0,15.512457775489846
508,Screened,50.32043299431252,299548.12827899394,0.5221541537340926,-0.0
508,Yield per roof,51.30745490683659,299548.12827813614,1.348243210312063,1.9151050539508225
508,Procurement,50.0,299548.12827813614,1.2710738188223871,8.489289575635212
508,Combined,50.32043299431252,299548.12827899394,1.795948238870679,-0.0
509,Uniform,50.0,401442.3516007754,0.0,22.13366245169135
509,Screened,50.30714512741539,401442.3516007755,0.44849875176311116,-0.0
509,Yield per roof,51.258839913804614,401442.3516007754,1.1401857373292899,5.2672990847984975
509,Procurement,50.0,401442.3516007754,0.7758655849197424,16.16268413720867
509,Combined,50.30714512741539,401442.3516007755,1.2259599840581359,-0.0
510,Uniform,50.0,390782.5320877234,0.0,19.074724500807967
510,Screened,50.31291040135258,390782.5320647559,0.4953019121521294,-0.0
510,Yield per roof,51.274247653771305,390782.5320877235,1.2879724679398947,3.1581893512100323
510,Procurement,50.0,390782.5320877234,0.8363552903728504,13.90816001740031
510,Combined,50.31291040135258,390782.5320647559,1.3317465876930328,-0.0
511,Uniform,50.0,331126.72420404234,0.0,71.0990431203666
511,Screened,50.30628797331957,331126.72420404246,0.28051114550472533,35.67535572328434
511,Yield per roof,51.24777717681335,331126.72420404234,0.7202356197630024,50.399090560832825
511,Procurement,50.0,331126.72420404234,1.0274951523896334,43.35305647224962
511,Combined,50.30628797331957,331126.72420404246,1.3082028948026903,15.613141992978958
512,Uniform,50.0,284359.2257881123,0.0,18.83804028425145
512,Screened,50.31366024331937,284359.22578811226,0.35443871475137456,-0.0
512,Yield per roof,51.27256847016393,284359.22578811244,0.9018552238203696,4.674949836016901
512,Procurement,50.0,284359.2257881123,1.0509626688916782,11.25009943501017
512,Combined,50.31366024331937,284359.22578811226,1.4060700043859171,-0.0
513,Uniform,50.0,307463.4058799518,0.0,15.68235433109514
513,Screened,50.32101028113257,307463.4058617725,0.4064541170549205,-0.0
513,Yield per roof,51.30541016470112,307463.40587995184,1.0144732285627214,2.919198249848945
513,Procurement,50.0,307463.4058799518,0.920701258545364,9.955185208881032
513,Combined,50.32101028113257,307463.4058617725,1.3292264339399935,-0.0
514,Uniform,50.0,282823.16212424834,3.552713678800501e-15,77.38213415719714
514,Screened,50.31303424291818,282823.1621264492,0.20955099622886308,43.11518972947531
514,Yield per roof,51.28032926349706,282823.16212424834,0.5840992812559378,58.2792895841236
514,Procurement,50.0,282823.16212424834,1.1288908223943253,46.74352997255852
514,Combined,50.31303424291818,282823.1621264492,1.3395452299481256,20.924017714334454
515,Uniform,50.0,281400.3843977028,0.0,6.1781694486500145
515,Screened,50.31732076851255,281400.38438107655,0.5031044675861267,-0.0
515,Yield per roof,51.28917326272455,281400.3843977029,1.3357552183568089,-0.0
515,Procurement,50.0,281400.3843977028,1.0152651248278346,2.5128380353581976
515,Combined,50.31732076851255,281400.38438107655,1.5236416531995332,-0.0
516,Uniform,50.0,417323.82778485725,0.0,14.655958451620137
516,Screened,50.336777486987884,417323.82776327094,0.8854823238905283,-0.0
516,Yield per roof,51.368123023211524,417323.82778485713,2.0413528235463048,0.7334218992934307
516,Procurement,50.0,417323.82778485725,1.0133857750637105,9.792490253969575
516,Combined,50.336777486987884,417323.82776327094,1.9028326057152185,-0.0
517,Uniform,50.0,328355.643382026,0.0,113.38461918027008
517,Screened,50.32484929930012,328355.6433627367,0.22716858075911261,69.34911406946487
517,Yield per roof,51.3182567671946,328355.64338202606,0.6283391091316375,87.12166969767966
517,Procurement,50.0,328355.643382026,1.0946155477390533,81.3380256697418
517,Combined,50.32484929930012,328355.6433627367,1.3230333675049977,45.29976531077595
518,Uniform,50.0,377997.7534752055,0.0,8.177841677164512
518,Screened,50.34049356591385,377997.7534532492,0.7801273177869348,-0.0
518,Yield per roof,51.38662577017643,377997.7534752054,2.055983412432994,-0.0
518,Procurement,50.0,377997.7534752055,1.099832396275474,3.9655128510548656
518,Combined,50.34049356591385,377997.7534532492,1.8827081261506748,-0.0
519,Uniform,50.0,378154.0054248821,0.0,15.63490964546091
519,Screened,50.324213235441476,378154.0054028885,0.5644269782567051,-0.0
519,Yield per roof,51.31689665130456,378154.005424882,1.4398946090734768,1.6715434296654905
519,Procurement,50.0,378154.0054248821,0.9413721055659181,10.088964397499705
519,Combined,50.324213235441476,378154.0054028885,1.506759456757166,-0.0
520,Uniform,50.0,307157.4980859378,0.0,7.0772200965100085
520,Screened,50.31729690336087,307157.49808801233,0.5058206571431043,-0.0
520,Yield per roof,51.30045611911615,307157.4980859379,1.2531148019987484,-0.0
520,Procurement,50.0,307157.4980859378,0.9211789243874335,3.074585154532901
520,Combined,50.31729690336087,307157.49808801233,1.4301957485544392,-0.0
521,Uniform,50.0,338482.1855906887,0.0,6.5007947080941
521,Screened,50.31177400077994,338482.18559068866,0.6200130416390124,-0.0
521,Yield per roof,51.26671487428446,338482.1855906887,1.5854797028982546,-0.0
521,Procurement,50.0,338482.1855906887,0.9367271803889992,2.9787850157840405
521,Combined,50.31177400077994,338482.18559068866,1.5568691200803073,-0.0
522,Uniform,50.0,300863.375572327,0.0,61.15767914273434
522,Screened,50.3150793425013,300863.3755577407,0.235721724443259,30.00279549154818
522,Yield per roof,51.2822854306811,300863.375572327,0.6210703199197098,44.091670406781375
522,Procurement,50.0,300863.375572327,1.042061021052838,32.64905913621951
522,Combined,50.3150793425013,300863.3755577407,1.28079444962178,9.313645257932244
523,Uniform,50.0,281271.1040969085,0.0,14.813124330319985
523,Screened,50.32512888560953,281271.1040854864,0.4070430401861671,-0.0
523,Yield per roof,51.322440897563794,281271.1040969085,1.0460079966368596,2.138081607169131
523,Procurement,50.0,281271.1040969085,1.092148838686711,8.354647034180907
523,Combined,50.32512888560953,281271.1040854864,1.5016944253616913,-0.0
524,Uniform,50.0,390962.2912301256,0.0,24.41477445634719
524,Screened,50.320329481006056,390962.2912071195,0.5109522339313628,-0.0
524,Yield per roof,51.303351606178644,390962.2912301255,1.2216035647679035,6.2862936636642015
524,Procurement,50.0,390962.2912301256,0.8829616221226928,17.67330528206101
524,Combined,50.320329481006056,390962.2912071195,1.394126400195944,-0.0
525,Uniform,50.0,417539.3429317567,0.0,10.288977392751413
525,Screened,50.30897888084506,417539.3429317567,0.7696482706839447,-0.0
525,Yield per roof,51.255428644422366,417539.34293175663,1.9498299394181515,-0.0
525,Procurement,50.0,417539.3429317567,0.7966161509608867,6.831657931397046
525,Combined,50.30897888084506,417539.3429317567,1.5661449311078286,-0.0
526,Uniform,50.0,370352.2444600895,0.0,24.01750354167926
526,Screened,50.309152798076475,370352.2444387232,0.3763211859236719,-0.0
526,Yield per roof,51.257147914198875,370352.2444600894,0.9822728588944614,6.657829053539881
526,Procurement,50.0,370352.2444600895,0.8470519911417398,17.493227230988253
526,Combined,50.309152798076475,370352.2444387232,1.2257912465500027,-0.0
527,Uniform,50.0,425547.10432143585,0.0,4.624125986990875
527,Screened,50.306685574859415,425547.1043214359,1.0133405395706632,-0.0
527,Yield per roof,51.24591228953897,425547.104321436,2.4292913796634537,-0.0
527,Procurement,50.0,425547.10432143585,0.817306116614759,3.539214019326281
527,Combined,50.306685574859415,425547.1043214359,1.8304372968495102,-0.0
528,Uniform,50.0,351861.45684523525,0.0,15.591510192430029
528,Screened,50.31843196514224,351861.45682442875,0.4433847862668472,-0.0
528,Yield per roof,51.294167553420195,351861.4568452353,1.0919869017465373,2.3791953498174334
528,Procurement,50.0,351861.45684523525,0.9294227306765777,10.099614795985655
528,Combined,50.31843196514224,351861.45682442875,1.3786024953845128,-0.0
529,Uniform,50.0,339860.7724521067,0.0,16.970044310654007
529,Screened,50.321530649128384,339860.7724521068,0.532276087822197,-0.0
529,Yield per roof,51.300619502685144,339860.7724521066,1.37524853058369,1.997414886537281
529,Procurement,50.0,339860.7724521067,1.0668883644353855,10.708595074785533
529,Combined,50.321530649128384,339860.7724521068,1.6004782703451923,-0.0
530,Uniform,50.0,427465.4570800498,0.0,11.42611526321291
530,Screened,50.32213441052262,427465.4570549318,0.8684117470465367,-0.0
530,Yield per roof,51.30866675397208,427465.4570800499,2.0495787657531253,-0.0
530,Procurement,50.0,427465.4570800498,0.8567366135554835,7.774965911636096
530,Combined,50.32213441052262,427465.4570549318,1.7254295710816905,-0.0
531,Uniform,50.0,302969.21594693104,-1.4210854715202004e-14,3.0339890973610153
531,Screened,50.303199557920784,302969.21594693104,0.6285745599989383,-0.0
531,Yield per roof,51.2306615116767,302969.21594693104,1.5969421866772677,-0.0
531,Procurement,50.0,302969.21594693104,0.9506795049569661,1.758019397160476
531,Combined,50.303199557920784,302969.21594693104,1.5786384848983346,-0.0
532,Uniform,50.0,321397.2040393303,-3.552713678800501e-15,93.48354479639033
532,Screened,50.31320043238945,321397.20402048103,0.20289999340049292,55.6595766721145
532,Yield per roof,51.27205349327283,321397.20403933024,0.5369050172737069,73.2679866938438
532,Procurement,50.0,321397.2040393303,1.0470456020836814,64.7496509127842
532,Combined,50.31320043238945,321397.20402048103,1.251730911490565,34.82120407592706
533,Uniform,50.0,286020.69128862803,0.0,13.171465448096313
533,Screened,50.30794793594532,286020.69128862803,0.3668856061437893,-0.0
533,Yield per roof,51.25178278119185,286020.6912886279,0.962628320994348,1.8181307553899875
533,Procurement,50.0,286020.69128862803,0.9399442202154589,7.62049039754484
533,Combined,50.30794793594532,286020.69128862803,1.3093447418598387,-0.0
534,Uniform,50.0,378339.13833183306,0.0,4.028124338136367
534,Screened,50.30718276608641,378339.138331833,0.8334273275095256,-0.0
534,Yield per roof,51.249635493259404,378339.1383318332,2.026212130355674,-0.0
534,Procurement,50.0,378339.13833183306,0.866155122133307,2.8648051919044146
534,Combined,50.30718276608641,378339.138331833,1.6999269133130213,-0.0
535,Uniform,50.0,419278.20907381445,0.0,17.765677229575434
535,Screened,50.31312713091187,419278.20905011706,0.6036791992723352,-0.0
535,Yield per roof,51.27589272942974,419278.20907381433,1.5212337332247898,2.2197527463146636
535,Procurement,50.0,419278.20907381445,0.8084515082875612,12.99322409040432
535,Combined,50.31312713091187,419278.20905011706,1.4136655363557082,-0.0
536,Uniform,50.0,289393.40265522816,0.0,37.00394338666428
536,Screened,50.30867937438816,289393.40265522816,0.1915453991289553,13.76032639203652
536,Yield per roof,51.26307775066418,289393.40265522816,0.4932737123472677,25.642882013086897
536,Procurement,50.0,289393.40265522816,0.910046451572704,17.22096448136959
536,Combined,50.30867937438816,289393.40265522816,1.109657866225433,-0.0
537,Uniform,50.0,294347.25067861076,0.0,4.747134602315296
537,Screened,50.31990650415211,294347.2506612337,0.570529959274495,-0.0
537,Yield per roof,51.299756209023805,294347.25067861076,1.4305044851822544,-0.0
537,Procurement,50.0,294347.25067861076,1.0065446442246895,2.1526002070540535
537,Combined,50.31990650415211,294347.2506612337,1.5784889668061766,-0.0
538,Uniform,50.0,417764.4545266332,0.0,61.61301360497749
538,Screened,50.30781108809378,417764.4545266332,0.40794204598332584,23.031018098325724
538,Yield per roof,51.24887247124578,417764.45452663326,1.0031834144293867,37.62941766082074
538,Procurement,50.0,417764.4545266332,0.8393670685789729,39.118341884257696
538,Combined,50.30781108809378,417764.4545266332,1.2470513139807622,6.793392567202026
539,Uniform,50.0,385452.1564055664,0.0,22.06532694028659
539,Screened,50.31085655690315,385452.1564055663,0.48861986053810824,-0.0
539,Yield per roof,51.26916288645533,385452.15640556626,1.2826202788947967,4.468610246417022
539,Procurement,50.0,385452.1564055664,0.9283821220807909,15.824904713143468
539,Combined,50.31085655690315,385452.1564055663,1.420177394362696,-0.0
540,Uniform,50.0,337828.00803078595,0.0,4.874345435797527
540,Screened,50.31409631436393,337828.00803078606,0.7053927115271961,-0.0
540,Yield per roof,51.27619199339176,337828.00803078595,1.6854384949300396,-0.0
540,Procurement,50.0,337828.00803078595,0.95197067714588,2.643959343623222
540,Combined,50.31409631436393,337828.00803078606,1.6573443279649354,-0.0
541,Uniform,50.0,355901.6624787454,0.0,10.630074193976006
541,Screened,50.320552352142265,355901.6624625094,0.6253987430125534,-0.0
541,Yield per roof,51.303922589300434,355901.66247874533,1.6088243022274469,-0.0
541,Procurement,50.0,355901.6624787454,0.9296688492603096,6.634543854277405
541,Combined,50.320552352142265,355901.6624625094,1.5549898369450403,-0.0
542,Uniform,50.0,329231.0442809573,0.0,12.523011529183933
542,Screened,50.30496714317652,329231.0442668708,0.47298704340343534,-0.0
542,Yield per roof,51.241801783677495,329231.0442809573,1.1325839436247094,1.4977099354541537
542,Procurement,50.0,329231.0442809573,0.8737383818777005,7.428923780462898
542,Combined,50.30496714317652,329231.0442668708,1.3500476400563173,-0.0
543,Uniform,50.0,324030.8605237977,0.0,30.080723333524954
543,Screened,50.312300174695025,324030.86052379775,0.2913881331634798,5.491854541331019
543,Yield per roof,51.26973713876366,324030.8605237977,0.7491462739881882,14.329131598709806
543,Procurement,50.0,324030.8605237977,0.8517145736353555,18.265497607615977
543,Combined,50.312300174695025,324030.86052379775,1.1434965997094224,-0.0
544,Uniform,50.0,425575.1021153394,0.0,24.01248245592624
544,Screened,50.322013533240394,425575.1020902393,0.5600515594791489,-0.0
544,Yield per roof,51.313751063784956,425575.1021153396,1.3934690583676144,5.240972158014136
544,Procurement,50.0,425575.1021153394,0.838807281210336,17.960736708051677
544,Combined,50.322013533240394,425575.1020902393,1.4011057056139151,-0.0
545,Uniform,50.0,369958.2236482755,0.0,25.76347967901105
545,Screened,50.3149149989656,369958.2236482756,0.4338593837188114,-0.0
545,Yield per roof,51.282853311369266,369958.2236482755,1.062956953325994,7.3745345362523835
545,Procurement,50.0,369958.2236482755,0.8942102769465095,18.86629215611285
545,Combined,50.3149149989656,369958.2236482756,1.3297948798236803,-0.0
546,Uniform,50.0,435348.13272107666,0.0,10.744436888123042
546,Screened,50.31581647865489,435348.1326953861,0.7595955218534982,-0.0
546,Yield per roof,51.285034697608545,435348.1327210767,1.8606250341975112,-0.0
546,Procurement,50.0,435348.13272107666,0.8350121884020041,7.113857932917639
546,Combined,50.31581647865489,435348.1326953861,1.6005146862715378,-0.0
547,Uniform,50.0,375175.8261065001,1.4210854715202004e-14,9.919940554339629
547,Screened,50.30433838287754,375175.8260844336,0.6626143668508888,-0.0
547,Yield per roof,51.24687091977272,375175.8261065001,1.6318807582980384,-0.0
547,Procurement,50.0,375175.8261065001,0.8555065143814318,6.204189623724395
547,Combined,50.30433838287754,375175.8260844336,1.5185104914574055,-0.0
548,Uniform,50.0,379113.1610188744,-7.105427357601002e-15,45.8828879591179
548,Screened,50.317216005498075,379113.16101887444,0.35668302713248323,12.842118341445003
548,Yield per roof,51.286901830883316,379113.1610188743,0.943511723972648,24.867475156274807
548,Procurement,50.0,379113.1610188744,0.9036474040563363,26.414108598480368
548,Combined,50.317216005498075,379113.16101887444,1.2602971658152597,-0.0
549,Uniform,50.0,352808.4481239042,0.0,16.123045745503322
549,Screened,50.32915573549954,352808.4481031345,0.49300255283912975,-0.0
549,Yield per roof,51.337589592106774,352808.4481239042,1.296460182494286,2.0191198536629718
549,Procurement,50.0,352808.4481239042,0.9847765362617906,10.301064492051324
549,Combined,50.32915573549954,352808.4481031345,1.4796936960963762,-0.0
550,Uniform,50.0,391241.08674195287,0.0,60.97556180523751
550,Screened,50.3157480650229,391241.086741953,0.34789332833319264,24.083857920133074
550,Yield per roof,51.2837804462064,391241.08674195275,0.9360176489348433,38.156365646734294
550,Procurement,50.0,391241.08674195287,0.8756801637674627,37.54617955196719
550,Combined,50.3157480650229,391241.086741953,1.2236695631953154,7.180115905135971
551,Uniform,50.0,363466.73800372606,0.0,31.6792355228178
551,Screened,50.30779475640767,363466.7380037262,0.3735542073391116,1.8851302056619064
551,Yield per roof,51.25310392939794,363466.7380037261,0.9784707478563845,11.891557621575462
551,Procurement,50.0,363466.73800372606,0.8812545369863827,23.17715911910233
551,Combined,50.30779475640767,363466.7380037262,1.2544815934630833,-0.0
552,Uniform,50.0,294337.45263853064,0.0,21.85856910568886
552,Screened,50.31750389199853,294337.45263853064,0.3373226124436073,-0.0
552,Yield per roof,51.28858484298964,294337.4526385307,0.8428183626640902,6.364905115041062
552,Procurement,50.0,294337.45263853064,0.9645122102690635,14.44655352828618
552,Combined,50.31750389199853,294337.45263853064,1.3016224570488006,-0.0
553,Uniform,50.0,316553.99595969927,0.0,24.594020024964358
553,Screened,50.33057472818739,316553.9959411596,0.5503801972509166,-0.0
553,Yield per roof,51.33917996170949,316553.99595969915,1.3201778584716806,5.714970624024493
553,Procurement,50.0,316553.99595969927,1.2492079982637563,15.829321960660614
553,Combined,50.33057472818739,316553.9959411596,1.8019937686777467,-0.0
554,Uniform,50.0,297263.77454192546,0.0,81.83857181233076
554,Screened,50.31646401595362,297263.7745243461,0.17425703557545447,48.42517523499997
554,Yield per roof,51.286025890192505,297263.77454192564,0.45490989586948416,64.83451668240153
554,Procurement,50.0,297263.77454192546,0.9930365236998107,54.659040784474534
554,Combined,50.31646401595362,297263.7745243461,1.1712164056007097,28.676872411882744
555,Uniform,50.0,307396.1555157831,0.0,12.182162890458116
555,Screened,50.31206284721752,307396.155515783,0.4308135466443588,-0.0
555,Yield per roof,51.2683645799202,307396.1555157831,1.0844290833746584,1.423032729286185
555,Procurement,50.0,307396.1555157831,0.9283545776566058,6.826576581906615
555,Combined,50.31206284721752,307396.155515783,1.359415260690227,-0.0
556,Uniform,50.0,351732.9770028929,0.0,25.045362165275403
556,Screened,50.30659484511211,351732.9770028927,0.3774054255685755,-0.0
556,Yield per roof,51.24514584695484,351732.9770028929,0.951663088569866,7.3896667315945885
556,Procurement,50.0,351732.9770028929,0.876179039504656,18.292695462074445
556,Combined,50.30659484511211,351732.9770028927,1.2535740296179938,-0.0
557,Uniform,50.0,372564.08414752944,0.0,5.664511964652183
557,Screened,50.30814952122447,372564.08414752956,0.70544060753015,-0.0
557,Yield per roof,51.251148615084624,372564.08414752956,1.7739948554160208,-0.0
557,Procurement,50.0,372564.08414752944,0.9061151878438807,3.0606182972670104
557,Combined,50.30814952122447,372564.08414752956,1.6115781983935307,-0.0
558,Uniform,50.0,279919.6627774786,0.0,12.750297195257785
558,Screened,50.31504435857485,279919.6627774786,0.3891636004283967,-0.0
558,Yield per roof,51.27957624046838,279919.6627774787,1.0269429831305885,1.5566777285038902
558,Procurement,50.0,279919.6627774786,0.9682550666376599,7.097139351704097
558,Combined,50.31504435857485,279919.6627774786,1.3574573524249516,-0.0
559,Uniform,50.0,348032.1901619153,0.0,6.850848546139125
559,Screened,50.31200630199345,348032.1901619153,0.6293612344833832,-0.0
559,Yield per roof,51.2697797093817,348032.19016191544,1.6382177197853167,-0.0
559,Procurement,50.0,348032.1901619153,0.9538124627111841,3.178761719610857
559,Combined,50.31200630199345,348032.1901619153,1.5856876853792414,-0.0
560,Uniform,50.0,310320.68277446995,0.0,19.488318456721295
560,Screened,50.31295188668959,310320.68277446995,0.3627102191438496,-0.0
560,Yield per roof,51.272350593404056,310320.6827744702,0.964707866828519,4.666300351407999
560,Procurement,50.0,310320.68277446995,0.9191924818490023,12.672751038135363
560,Combined,50.31295188668959,310320.68277446995,1.2814986934016588,-0.0
561,Uniform,50.0,334869.7516119918,0.0,2.5393050921430076
561,Screened,50.30656303828395,334869.7515929067,0.6882064755488386,-0.0
561,Yield per roof,51.247449579247004,334869.7516119919,1.8185617577454423,-0.0
561,Procurement,50.0,334869.7516119918,0.8865826200648712,1.3476672385522634
561,Combined,50.30656303828395,334869.7515929067,1.575101936721623,-0.0
562,Uniform,50.0,337140.3344636911,0.0,27.304579633484646
562,Screened,50.32351242206664,337140.33444388304,0.42104941147412944,-0.0
562,Yield per roof,51.3127139250261,337140.3344636911,1.0263409066295281,8.229507515525627
562,Procurement,50.0,337140.3344636911,0.9237221771744828,20.21708874188038
562,Combined,50.32351242206664,337140.33444388304,1.3444761296911878,-0.0
563,Uniform,50.0,326882.07543937454,0.0,25.63319889482764
563,Screened,50.30733268234926,326882.07543937466,0.3366727270964489,-0.0
563,Yield per roof,51.247099762351866,326882.07543937454,0.8787439725511064,7.879747095041107
563,Procurement,50.0,326882.07543937454,0.9818713690784904,18.068000149375706
563,Combined,50.30733268234926,326882.07543937466,1.3184186315329498,-0.0
564,Uniform,50.0,278029.98689458857,0.0,83.81041789823662
564,Screened,50.311812884946285,278029.9868945886,0.19126186209944152,49.94887026293607
564,Yield per roof,51.26500542264133,278029.9868945887,0.4944181744981897,65.18974072853644
564,Procurement,50.0,278029.98689458857,1.028193316809947,55.62859758725682
564,Combined,50.311812884946285,278029.9868945886,1.2196340983406095,29.547259314063215
565,Uniform,50.0,314590.80847568135,0.0,20.049987801549086
565,Screened,50.30870504488781,314590.8084571279,0.410486251082105,-0.0
565,Yield per roof,51.25389142352448,314590.8084756814,1.0069375489523509,4.929488044634882
565,Procurement,50.0,314590.80847568135,0.9257759530936482,13.113247659358354
565,Combined,50.30870504488781,314590.8084571279,1.3358094385264252,-0.0
566,Uniform,50.0,341540.6040101617,0.0,23.48572280136585
566,Screened,50.31848558662715,341540.6039899881,0.37401532499956147,-0.0
566,Yield per roof,51.29525826118159,341540.6040101617,1.007825742378465,6.290364829732284
566,Procurement,50.0,341540.6040101617,0.9621709654342538,16.058876466124445
566,Combined,50.31848558662715,341540.6039899881,1.3372363983414388,-0.0
567,Uniform,50.0,376722.6043645325,0.0,9.76232931558841
567,Screened,50.3215304000489,376722.60434313706,0.6607872034276312,-0.0
567,Yield per roof,51.30883890511481,376722.6043645324,1.751878510088261,-0.0
567,Procurement,50.0,376722.6043645325,0.921159365722886,5.7588507400266336
567,Combined,50.3215304000489,376722.60434313706,1.5839570827715193,-0.0
568,Uniform,50.0,330294.2155960474,0.0,23.597296676104943
568,Screened,50.3103298223117,330294.21559604746,0.2969874799627519,-0.0
568,Yield per roof,51.261117885785254,330294.21559604746,0.7802482968318643,7.328332957837279
568,Procurement,50.0,330294.2155960474,0.8971067748298225,16.68308752135996
568,Combined,50.3103298223117,330294.21559604746,1.1963917085074343,-0.0
569,Uniform,50.0,294118.66098406166,-7.105427357601002e-15,22.079308556640378
569,Screened,50.31026651954655,294118.6609840617,0.3267884234109317,-0.0
569,Yield per roof,51.25980423207193,294118.66098406166,0.8624573568599274,6.27678195405888
569,Procurement,50.0,294118.66098406166,0.9697183190213181,14.608421931013718
569,Combined,50.31026651954655,294118.6609840617,1.2964126501973183,-0.0
570,Uniform,50.0,284700.36314784834,0.0,6.197061859810157
570,Screened,50.30591699893881,284700.36314784846,0.48705541261317364,-0.0
570,Yield per roof,51.243305389336356,284700.36314784834,1.1867739164168114,-0.0
570,Procurement,50.0,284700.36314784834,0.8688505629860543,2.4789682934622763
570,Combined,50.30591699893881,284700.36314784846,1.3560823805973712,-0.0
571,Uniform,50.0,292666.83009974565,0.0,31.145666119467112
571,Screened,50.30875068303252,292666.83009988884,0.2607554042661704,7.3167720917978984
571,Yield per roof,51.26120905173517,292666.83009974554,0.7005872296734452,16.017394803110328
571,Procurement,50.0,292666.83009974565,0.9613734768438036,16.666808116481683
571,Combined,50.30875068303252,292666.83009988884,1.2222713941206536,-0.0
572,Uniform,50.0,295993.03966659075,-3.552713678800501e-15,67.46101952604077
572,Screened,50.30827890843864,295993.03966659075,0.19707857597559197,36.813487009175894
572,Yield per roof,51.25542919910882,295993.03966659075,0.531341484029813,50.52792011814263
572,Procurement,50.0,295993.03966659075,0.925228933574413,42.21473283267037
572,Combined,50.30827890843864,295993.03966659075,1.1240521176537293,18.519780614139044
573,Uniform,50.0,350269.8807295584,0.0,15.752227707356187
573,Screened,50.31185573341156,350269.8807295583,0.5445659638796627,-0.0
573,Yield per roof,51.26474378454964,350269.8807295584,1.346184044581193,1.9761006490727497
573,Procurement,50.0,350269.8807295584,0.9862007060480948,9.984313224741042
573,Combined,50.31185573341156,350269.8807295583,1.531231018961691,-0.0
574,Uniform,50.0,318335.4697597679,0.0,9.186363776004812
574,Screened,50.308361456676856,318335.46974106075,0.5086727060469514,-0.0
574,Yield per roof,51.25365827348406,318335.4697597679,1.3303858295145403,0.06864518372565169
574,Procurement,50.0,318335.4697597679,0.885190178505951,5.310008731462238
574,Combined,50.308361456676856,318335.46974106075,1.3931191013334825,-0.0
575,Uniform,50.0,405712.91131426406,0.0,100.13732136423937
575,Screened,50.30625292234546,405712.91131426423,0.2960242655010532,55.9141581482123
575,Yield per roof,51.24281968510184,405712.91131426406,0.7764726551357484,74.68229587479772
575,Procurement,50.0,405712.91131426406,0.8660458855987798,76.59872698457806
575,Combined,50.30625292234546,405712.91131426423,1.1623409743108013,38.88479214812672
576,Uniform,50.0,420939.52513793955,-2.842170943040401e-14,3.836663051349487
576,Screened,50.31303221297394,420939.52513793943,1.0764830998108437,-0.0
576,Yield per roof,51.27246990186148,420939.5251379394,2.544530677983346,-0.0
576,Procurement,50.0,420939.52513793955,0.8143901958446804,2.751183093672682
576,Combined,50.31303221297394,420939.52513793943,1.8910964553451777,-0.0
577,Uniform,50.0,292557.67617266625,-7.105427357601002e-15,19.619004455324234
577,Screened,50.306613029961945,292557.67617266625,0.3152755605820303,-0.0
577,Yield per roof,51.24571134883187,292557.67617266625,0.7912133806918789,5.529284028589204
577,Procurement,50.0,292557.67617266625,0.9442407324510569,12.335624236046321
577,Combined,50.306613029961945,292557.67617266625,1.2619862259340238,-0.0
578,Uniform,50.0,356166.0490086073,0.0,51.15879300787267
578,Screened,50.30764233750659,356166.0490086075,0.3409802246919682,17.093452985842678
578,Yield per roof,51.24807421456679,356166.0490086073,0.9235179999927325,29.825702690800018
578,Procurement,50.0,356166.0490086073,0.97639704518987,26.89186196418726
578,Combined,50.30764233750659,356166.0490086075,1.317622565555304,-0.0
579,Uniform,50.0,392902.20184075925,0.0,19.60808645184489
579,Screened,50.320634133612785,392902.20181798015,0.6819725258330465,-0.0
579,Yield per roof,51.29937541218552,392902.2018407594,1.7215974505277387,2.180964366105114
579,Procurement,50.0,392902.20184075925,1.06746310292408,13.373781617030453
579,Combined,50.320634133612785,392902.20181798015,1.7510850306944548,-0.0
580,Uniform,50.0,295210.1226223287,0.0,7.910419324786784
580,Screened,50.31838480459478,295210.12260485964,0.40192189995173067,-0.0
580,Yield per roof,51.294800930702316,295210.1226223287,1.1061315944555332,0.02412504866209633
580,Procurement,50.0,295210.1226223287,0.8833858110065478,4.073978292556887
580,Combined,50.31838480459478,295210.12260485964,1.2862996031554985,-0.0
581,Uniform,50.0,283226.94564966724,0.0,4.101775018672852
581,Screened,50.32021293986759,283226.9456367851,0.5432221971393005,-0.0
581,Yield per roof,51.3043116054957,283226.9456496671,1.362980146772685,-0.0
581,Procurement,50.0,283226.94564966724,0.9484217313679437,1.934614556898474
581,Combined,50.32021293986759,283226.9456367851,1.4921233763504347,-0.0
582,Uniform,50.0,282346.28744215105,0.0,5.007987851314415
582,Screened,50.31209967275114,282346.28744215117,0.5147543440468496,-0.0
582,Yield per roof,51.26842007697207,282346.28744215093,1.3758518065576055,-0.0
582,Procurement,50.0,282346.28744215105,1.0243185052471802,2.1319227859992154
582,Combined,50.31209967275114,282346.28744215117,1.5415487536929078,-0.0
583,Uniform,50.0,358917.7115997296,-1.4210854715202004e-14,14.07285564976706
583,Screened,50.319017011894275,358917.71157853946,0.5758315654314998,-0.0
583,Yield per roof,51.296054665173436,358917.7115997296,1.4285428808873064,1.3876679353253991
583,Procurement,50.0,358917.7115997296,0.8902120192529139,8.940001602227108
583,Combined,50.319017011894275,358917.71157853946,1.4664448018529157,-0.0
584,Uniform,50.0,377953.747957309,0.0,9.80477068155532
584,Screened,50.32454980729494,377953.7479351068,0.7468320545304721,-0.0
584,Yield per roof,51.31737179270312,377953.74795730895,1.9107981902960347,-0.0
584,Procurement,50.0,377953.747957309,1.035199648232492,5.31135780247595
584,Combined,50.32454980729494,377953.7479351068,1.783833798206345,-0.0
585,Uniform,50.0,367882.58892684034,0.0,64.16783477686677
585,Screened,50.305573590899634,367882.5889268404,0.3158786241813374,29.811067779287825
585,Yield per roof,51.246738838713526,367882.58892684017,0.7730929479697579,43.572288121880455
585,Procurement,50.0,367882.58892684034,0.8322262070074515,41.515945912878905
585,Combined,50.305573590899634,367882.5889268404,1.1482389559502764,13.435885019418464
586,Uniform,50.0,375135.17169373296,0.0,54.83015807897171
586,Screened,50.30393041512707,375135.17169373296,0.30648626773579224,22.42581227815861
586,Yield per roof,51.23612048422297,375135.171693733,0.7514332853104122,36.32838715280327
586,Procurement,50.0,375135.17169373296,0.8079578184105145,32.92924667145745
586,Combined,50.30393041512707,375135.17169373296,1.1181629047662582,6.535191953926158
587,Uniform,50.0,414702.31247921305,0.0,10.78657202193188
587,Screened,50.32910658048847,414702.312454832,0.8329550507870636,-0.0
587,Yield per roof,51.33598481344609,414702.3124792131,1.9640661521125082,-0.0
587,Procurement,50.0,414702.31247921305,0.9677776575836106,6.575842355635546
587,Combined,50.32910658048847,414702.312454832,1.8041092209459748,-0.0
588,Uniform,50.0,438317.50772867136,-1.4210854715202004e-14,18.83161257276744
588,Screened,50.311177509049124,438317.5077032588,0.6570474156873161,-0.0
588,Yield per roof,51.265407629553174,438317.5077286713,1.582385308188833,2.522286340774441
588,Procurement,50.0,438317.50772867136,0.7903301218798191,14.16913095137599
588,Combined,50.311177509049124,438317.5077032588,1.4488191038122835,-0.0
589,Uniform,50.0,300655.46048495814,0.0,26.912143436367998
589,Screened,50.316237834589174,300655.46048495814,0.36206649878069186,-0.0
589,Yield per roof,51.2827671707782,300655.46048495825,0.8926664367059232,8.479220131741693
589,Procurement,50.0,300655.46048495814,1.1377870444222467,18.120038214304536
589,Combined,50.316237834589174,300655.46048495814,1.5012257077305051,-0.0
590,Uniform,50.0,296407.05060783017,0.0,3.2698423198725655
590,Screened,50.319994057409126,296407.0505903776,0.6594361820627483,-0.0
590,Yield per roof,51.29894345276304,296407.0506078302,1.6865162337349773,-0.0
590,Procurement,50.0,296407.05060783017,0.9496634167239506,1.9952786556225974
590,Combined,50.319994057409126,296407.0505903776,1.6089520386965432,-0.0
591,Uniform,50.0,322164.2646320678,0.0,78.30633161667981
591,Screened,50.318536960906194,322164.2646130878,0.23737636030358544,43.80733011276864
591,Yield per roof,51.29804697389943,322164.2646320679,0.5831655449816537,59.37508377259473
591,Procurement,50.0,322164.2646320678,0.9636408777734147,51.941339993374314
591,Combined,50.318536960906194,322164.2646130878,1.2019214902630537,24.714345175092205
592,Uniform,50.0,288480.5174328184,0.0,22.1855772978154
592,Screened,50.32108557387424,288480.5174157972,0.32711301266005677,-0.0
592,Yield per roof,51.30596059964642,288480.5174328184,0.8419172956732908,6.5047267234802835
592,Procurement,50.0,288480.5174328184,1.0095969979268062,14.388503277127231
592,Combined,50.32108557387424,288480.5174157972,1.3382589797685185,-0.0
593,Uniform,50.0,429640.594633263,0.0,28.84992582864061
593,Screened,50.32087183198392,429640.59460798855,0.5589282642646367,-0.0
593,Yield per roof,51.30534526665454,429640.5946332632,1.4218560658535466,7.156974428389871
593,Procurement,50.0,429640.594633263,0.8221238235228583,22.597879773706683
593,Combined,50.32087183198392,429640.59460798855,1.381424041656473,-0.0
594,Uniform,50.0,372793.6021839471,0.0,26.75226789405676
594,Screened,50.31045550076568,372793.6021849812,0.37728471977083444,-0.0
594,Yield per roof,51.27195268305954,372793.602183947,0.9549048448371167,8.112803312336908
594,Procurement,50.0,372793.6021839471,0.8621515850733061,20.106363115011884
594,Combined,50.31045550076568,372793.6021849812,1.2435013996082418,-0.0
595,Uniform,50.0,382201.13744216075,0.0,9.077555353805334
595,Screened,50.312284584067115,382201.1374421608,0.7231289919592001,-0.0
595,Yield per roof,51.27152359649374,382201.1374421608,1.685345278086416,-0.0
595,Procurement,50.0,382201.13744216075,0.9095645836885637,5.1386222574561
595,Combined,50.312284584067115,382201.1374421608,1.6336374151847366,-0.0
596,Uniform,50.0,307593.1665434471,0.0,18.450577755972837
596,Screened,50.30979140586192,307593.1665434473,0.36114429974568907,-0.0
596,Yield per roof,51.266373533470926,307593.1665434472,0.9142836801716285,4.493644239556301
596,Procurement,50.0,307593.1665434471,0.9264403464797724,11.78812834897622
596,Combined,50.30979140586192,307593.1665434473,1.2895012697153518,-0.0
597,Uniform,50.0,316093.23026118334,0.0,73.6802545205806
597,Screened,50.309252104334846,316093.2302430681,0.23552470249514812,39.76708443893847
597,Yield per roof,51.256845816646205,316093.23026118334,0.6254000040210883,54.21912623715954
597,Procurement,50.0,316093.23026118334,0.9425169887618949,47.93465180884328
597,Combined,50.309252104334846,316093.2302430681,1.1782959370008967,21.139221972649075
598,Uniform,50.0,326248.9186846176,0.0,3.5060219054434834
598,Screened,50.30876162239474,326248.9186723703,0.6843728641922269,-0.0
598,Yield per roof,51.25828202998974,326248.9186846176,1.692101837953416,-0.0
598,Procurement,50.0,326248.9186846176,0.8873168704961216,2.3023279336887392
598,Combined,50.30876162239474,326248.9186723703,1.571731745299303,-0.0
599,Uniform,50.0,362923.0745086777,0.0,8.454391177814449
599,Screened,50.31946633060676,362923.07450867764,0.7573257330576837,-0.0
599,Yield per roof,51.295644288658295,362923.0745086775,1.8492716568456729,-0.0
599,Procurement,50.0,362923.0745086777,1.0202688274242746,4.032203272779785
599,Combined,50.31946633060676,362923.07450867764,1.779140100285474,-0.0
600,Uniform,50.0,290778.731836281,0.0,7.902260545490324
600,Screened,50.31201611436358,290778.7318440409,0.4692248241780703,-0.0
600,Yield per roof,51.281668330701905,290778.731836281,1.156224095182381,0.03199450580143625
600,Procurement,50.0,290778.731836281,0.9909938601648918,3.5951451902620075
600,Combined,50.31201611436358,290778.7318440409,1.4667280316389792,-0.0
601,Uniform,50.0,286071.29068654875,0.0,7.67356796938618
601,Screened,50.31694567906962,286071.2906872995,0.5167288604968121,-0.0
601,Yield per roof,51.295504725827826,286071.29068654875,1.3130429409610258,-0.0
601,Procurement,50.0,286071.29068654875,0.9492147752569622,3.5633378450750834
601,Combined,50.31694567906962,286071.2906872995,1.4656798804159052,-0.0
602,Uniform,50.0,326908.1616470897,7.105427357601002e-15,48.42042533070421
602,Screened,50.30736019448656,326908.1616470897,0.2712721514436396,19.70716168799075
602,Yield per roof,51.25336968007867,326908.16164708976,0.6884904223515349,31.27909890913231
602,Procurement,50.0,326908.1616470897,0.8764504337188868,24.653061507747246
602,Combined,50.30736019448656,326908.1616470897,1.148874544093843,2.5282189001230853
603,Uniform,50.0,413204.9335432765,0.0,10.60134151250228
603,Screened,50.33084221318549,413204.933519059,0.8557279172552228,-0.0
603,Yield per roof,51.342199608638225,413204.93354327657,2.0351586160613238,-0.0
603,Procurement,50.0,413204.9335432765,0.983933812508468,6.390255135187924
603,Combined,50.33084221318549,413204.933519059,1.8425550748592912,-0.0
604,Uniform,50.0,353711.12609171704,0.0,48.152958670200036
604,Screened,50.316331475771136,353711.12609171716,0.3378737580369844,16.695920039941893
604,Yield per roof,51.28854750003601,353711.1260917172,0.8315899051458828,29.137709221951496
604,Procurement,50.0,353711.12609171704,0.8937956657292219,24.991272304720752
604,Combined,50.316331475771136,353711.12609171716,1.2329312830244135,-0.0
605,Uniform,50.0,307757.7069388513,0.0,11.989492167006144
605,Screened,50.31435647040402,307757.7069388513,0.48805649708725696,-0.0
605,Yield per roof,51.276921712058765,307757.70693885133,1.2610933784752802,0.9748711730865732
605,Procurement,50.0,307757.7069388513,1.0096377751386711,6.730017558914278
605,Combined,50.31435647040402,307757.7069388513,1.4979172813020938,-0.0
606,Uniform,50.0,331181.62724227796,0.0,56.57361470476294
606,Screened,50.30956926466426,331181.62724227813,0.23659387211515082,27.471822220147487
606,Yield per roof,51.25835648886237,331181.62724227796,0.6047874405130216,39.72401399738616
606,Procurement,50.0,331181.62724227796,0.8460924698039562,33.565281696660925
606,Combined,50.30956926466426,331181.62724227813,1.083939901181182,10.819138023480628
607,Uniform,50.0,290879.4564560262,0.0,11.334456099653647
607,Screened,50.30666888548552,290879.4564560262,0.48243730071769164,-0.0
607,Yield per roof,51.2574500531308,290879.4564560263,1.196760011994229,0.9936037765552177
607,Procurement,50.0,290879.4564560262,1.0009453550517975,6.103598657016518
607,Combined,50.30666888548552,290879.4564560262,1.483707382857503,-0.0
608,Uniform,50.0,368284.18973785394,0.0,6.747905560359719
608,Screened,50.33031562208813,368284.1897163217,0.8158322658662485,-0.0
608,Yield per roof,51.339451846166206,368284.1897378541,2.018084220671483,-0.0
608,Procurement,50.0,368284.18973785394,0.9394867787688383,3.7078493660952923
608,Combined,50.33031562208813,368284.1897163217,1.7557595793775533,-0.0
609,Uniform,50.0,286453.5193843702,0.0,8.919794476793609
609,Screened,50.31623741794678,286453.5193843702,0.49545089048307034,-0.0
609,Yield per roof,51.285053415213945,286453.51938437024,1.2089070347291653,0.3714178572764359
609,Procurement,50.0,286453.5193843702,0.9424190324784689,4.5126468909361925
609,Combined,50.31623741794678,286453.5193843702,1.4374599038840756,-0.0
610,Uniform,50.0,367888.79307501775,0.0,7.052207626500491
610,Screened,50.31061056770806,367888.7930750179,0.7666658919113161,-0.0
610,Yield per roof,51.25935451343079,367888.79307501763,1.9344250090607318,-0.0
610,Procurement,50.0,367888.79307501775,0.9799645545943179,3.6089592595280813
610,Combined,50.31061056770806,367888.7930750179,1.7469664827922884,-0.0
611,Uniform,50.0,303225.8595422411,0.0,23.64181134277829
611,Screened,50.32016515418848,303225.8595422412,0.45714222642428126,-0.0
611,Yield per roof,51.29712449131843,303225.85954224115,1.0971394023772518,6.2028094719028966
611,Procurement,50.0,303225.8595422411,1.2644736842791104,14.329246147952214
611,Combined,50.32016515418848,303225.8595422412,1.724961379599577,-0.0
612,Uniform,50.0,351432.9671224996,0.0,51.471302005193884
612,Screened,50.30827850584147,351432.9671017155,0.3135948298137663,19.865553806593766
612,Yield per roof,51.252672366917345,351432.9671224996,0.7864723664292512,32.552644479769235
612,Procurement,50.0,351432.9671224996,0.875859876012484,27.739398969292512
612,Combined,50.30827850584147,351432.9671017155,1.190695204060141,2.7181189128931935
613,Uniform,50.0,355034.5283715673,1.4210854715202004e-14,3.8083698663232983
613,Screened,50.322532895639675,355034.5283506148,0.7500741079372233,-0.0
613,Yield per roof,51.31599605271466,355034.5283715674,1.8203152742118505,-0.0
613,Procurement,50.0,355034.5283715673,0.9319867184839978,2.537452003753559
613,Combined,50.322532895639675,355034.5283506148,1.6838859555975603,-0.0
614,Uniform,50.0,371701.6373721793,0.0,9.843531923962761
614,Screened,50.323010292384154,371701.6373723595,0.7414183629454953,-0.0
614,Yield per roof,51.31476389609242,371701.6373721793,1.8589523031738793,-0.0
614,Procurement,50.0,371701.6373721793,1.0022937549384636,5.562710407600197
614,Combined,50.323010292384154,371701.6373723595,1.7444773573796652,-0.0
615,Uniform,50.0,354140.72591778584,0.0,13.896322783661322
615,Screened,50.311686914045964,354140.72591818677,0.5031941684581369,-0.0
615,Yield per roof,51.27284517063548,354140.7259177858,1.3257333560247275,1.3614524205164922
615,Procurement,50.0,354140.72591778584,0.8811918632499669,8.82512576510338
615,Combined,50.311686914045964,354140.72591818677,1.3848489086439884,-0.0
616,Uniform,50.0,391779.0972072647,0.0,27.011111799524873
616,Screened,50.328319319564656,391779.0971841819,0.39219789764352697,-0.0
616,Yield per roof,51.34000285926656,391779.0972072646,1.0158195965793766,8.024060392141443
616,Procurement,50.0,391779.0972072647,0.8177845139473661,20.71207943906779
616,Combined,50.328319319564656,391779.0971841819,1.2123199318082314,-0.0
617,Uniform,50.0,390076.272421687,0.0,4.502420205544882
617,Screened,50.33025822887045,390076.27239882504,0.8773583852346007,-0.0
617,Yield per roof,51.341991753388825,390076.27242168714,2.189919279041874,-0.0
617,Procurement,50.0,390076.272421687,0.9550026617629612,3.2081867133768918
617,Combined,50.33025822887045,390076.27239882504,1.8336012328193476,-0.0
618,Uniform,50.0,382354.86729847285,-1.4210854715202004e-14,5.101033368587925
618,Screened,50.3184309281289,382354.8672758619,0.6825787580407763,-0.0
618,Yield per roof,51.29587691971775,382354.8672984728,1.8162684445182151,-0.0
618,Procurement,50.0,382354.86729847285,0.8147797401471593,3.0171835768225956
618,Combined,50.3184309281289,382354.8672758619,1.4980632780907825,-0.0
619,Uniform,50.0,411647.66755694035,0.0,29.33348459116485
619,Screened,50.31107090124808,411647.66755694046,0.47539608171223335,-0.0
619,Yield per roof,51.26416155599235,411647.6675569404,1.1962236733302944,8.337503895928567
619,Procurement,50.0,411647.66755694035,0.8235192249054819,23.024750158545505
619,Combined,50.31107090124808,411647.66755694046,1.2988721944413015,-0.0
620,Uniform,50.0,299360.0830699549,0.0,6.543219912122258
620,Screened,50.30760908299851,299360.0830699549,0.49746160237366155,-0.0
620,Yield per roof,51.24964118628689,299360.08306995494,1.3093313751162015,-0.0
620,Procurement,50.0,299360.0830699549,0.9565508466123163,2.6193560179438458
620,Combined,50.30760908299851,299360.0830699549,1.4560379919652462,-0.0
621,Uniform,50.0,380076.9207216435,0.0,49.978895584172285
621,Screened,50.303388483253336,380076.9207216434,0.3291882443351781,17.399634028190228
621,Yield per roof,51.230500815413365,380076.9207216433,0.8798480624242018,29.0643297674539
621,Procurement,50.0,380076.9207216435,0.8450622250644457,27.289730053795232
621,Combined,50.303388483253336,380076.9207216434,1.1733424489139708,1.0857241542303875
622,Uniform,50.0,404749.52302452165,0.0,36.54429043231712
622,Screened,50.304653299262064,404749.52302452154,0.4478248328748293,3.0984725178865538
622,Yield per roof,51.23655759476249,404749.52302452165,1.0823705156537642,14.369365160701633
622,Procurement,50.0,404749.52302452165,0.803690154830548,27.393415357131996
622,Combined,50.304653299262064,404749.52302452154,1.2508379501124978,-0.0
623,Uniform,50.0,288217.92387125094,0.0,22.148564492101162
623,Screened,50.312398629782734,288217.92387125094,0.30504035532526075,-0.0
623,Yield per roof,51.26996758728186,288217.92387125094,0.7548993112499431,6.92479388224701
623,Procurement,50.0,288217.92387125094,0.9007617321659254,15.209078354189963
623,Combined,50.312398629782734,288217.92387125094,1.2069771755273848,-0.0
624,Uniform,50.0,286684.0355945451,0.0,4.779932577026168
624,Screened,50.31152114349895,286684.0355945451,0.47902016256398383,-0.0
624,Yield per roof,51.27403783532033,286684.0355945451,1.2684991172493767,-0.0
624,Procurement,50.0,286684.0355945451,0.905754019504144,2.0449328630038357
624,Combined,50.31152114349895,286684.0355945451,1.3852105749856776,-0.0
625,Uniform,50.0,301165.1578422842,0.0,2.8701892734993755
625,Screened,50.30428827447484,301165.1578422842,0.5428965331139608,-0.0
625,Yield per roof,51.23650974947347,301165.1578422842,1.2927440825584569,-0.0
625,Procurement,50.0,301165.1578422842,0.8760216803841985,1.691864572664219
625,Combined,50.30428827447484,301165.1578422842,1.4255310480100576,-0.0
626,Uniform,50.0,373622.35811555665,0.0,81.18463762352535
626,Screened,50.31923427297208,373622.3580935955,0.3271759793924076,40.921566586154206
626,Yield per roof,51.295182264423794,373622.35811555665,0.8302154468460117,57.732461826513095
626,Procurement,50.0,373622.35811555665,0.9917819735943141,54.23083058349143
626,Combined,50.31923427297208,373622.3580935955,1.3193893020957361,21.406414082430853
627,Uniform,50.0,373048.20830550743,0.0,3.1515010338016705
627,Screened,50.3012412575814,373048.20830550743,0.7613898593622821,-0.0
627,Yield per roof,51.22889637791015,373048.2083055075,1.887682664928377,-0.0
627,Procurement,50.0,373048.20830550743,0.8093136713480078,2.0621328117032975
627,Combined,50.3012412575814,373048.20830550743,1.570846450361472,-0.0
628,Uniform,50.0,399398.44627865823,0.0,34.44600602918059
628,Screened,50.32620824239457,399398.446255298,0.5040790212698738,-0.0
628,Yield per roof,51.322784430006244,399398.4462786581,1.2281003903990069,10.608739533646382
628,Procurement,50.0,399398.44627865823,0.9785052113569606,27.026357605476107
628,Combined,50.32620824239457,399398.446255298,1.4836603382667306,-0.0
629,Uniform,50.0,310004.3958111921,0.0,6.382070137816702
629,Screened,50.31401652010083,310004.395811192,0.518148178147527,-0.0
629,Yield per roof,51.276422417294945,310004.39581119217,1.3425579620675876,-0.0
629,Procurement,50.0,310004.3958111921,0.9097874742514449,2.681147007744625
629,Combined,50.31401652010083,310004.395811192,1.4300183951054777,-0.0
630,Uniform,50.0,426059.68487743754,0.0,10.162006261049038
630,Screened,50.3215621627482,426059.6848523373,0.8380183936539538,-0.0
630,Yield per roof,51.3065134518355,426059.6848774377,1.9693403071857745,-0.0
630,Procurement,50.0,426059.68487743754,0.8554497961274024,6.446982402709181
630,Combined,50.3215621627482,426059.6848523373,1.6948314320261488,-0.0
631,Uniform,50.0,317562.6176433484,-7.105427357601002e-15,34.09031262850992
631,Screened,50.30743186742561,317562.61764334847,0.30596184461465015,7.781674903742687
631,Yield per roof,51.2513694855124,317562.6176433484,0.7643386502374483,17.737509104704106
631,Procurement,50.0,317562.6176433484,0.9438910637451485,19.35612227651122
631,Combined,50.30743186742561,317562.61764334847,1.2508442038600123,-0.0
632,Uniform,50.0,402295.55985246407,0.0,5.044400644630534
632,Screened,50.319812128832154,402295.5598295764,0.9103531339762867,-0.0
632,Yield per roof,51.29777821063302,402295.559852464,2.2006191544803073,-0.0
632,Procurement,50.0,402295.55985246407,0.897773847553708,3.4992200907960833
632,Combined,50.319812128832154,402295.5598295764,1.8085947597739391,-0.0
633,Uniform,50.0,285173.69516619074,0.0,3.619994592978735
633,Screened,50.3046708889072,285173.6951661906,0.5793469900386867,-0.0
633,Yield per roof,51.23822394380169,285173.6951661907,1.498216434930896,-0.0
633,Procurement,50.0,285173.69516619074,0.9789885361976047,1.9125099252104076
633,Combined,50.3046708889072,285173.6951661906,1.5584635017044235,-0.0
634,Uniform,50.0,300546.1658688318,0.0,3.234714707013922
634,Screened,50.311411904260446,300546.16586883174,0.6052075502697676,-0.0
634,Yield per roof,51.2669495197402,300546.16586883186,1.6224363291423742,-0.0
634,Procurement,50.0,300546.1658688318,0.95658596962069,1.9507954174684674
634,Combined,50.311411904260446,300546.16586883174,1.562459007293512,-0.0
635,Uniform,50.0,365609.6950976193,0.0,27.790037362913463
635,Screened,50.329512482301915,365609.695076124,0.4061162171597914,-0.0
635,Yield per roof,51.339532486835026,365609.6950976193,1.0218438971224728,8.440176682460804
635,Procurement,50.0,365609.6950976193,0.8946752205767794,20.925735124461912
635,Combined,50.329512482301915,365609.695076124,1.3011545716989517,-0.0
636,Uniform,50.0,281461.42735409015,0.0,9.873317512436007
636,Screened,50.32038786289727,281461.42733747885,0.4750416458324338,-0.0
636,Yield per roof,51.302339115264225,281461.42735409015,1.1580891007573655,0.7360484396726377
636,Procurement,50.0,281461.42735409015,0.9690820740088526,5.057022672490448
636,Combined,50.32038786289727,281461.42733747885,1.4452531367943493,-0.0
637,Uniform,50.0,406124.5875086584,-1.4210854715202004e-14,27.789689340432133
637,Screened,50.33802451647873,406124.58748489205,0.5849333246174524,-0.0
637,Yield per roof,51.37365287460192,406124.58750865853,1.3918462114477421,7.118099037780502
637,Procurement,50.0,406124.5875086584,0.9518312083224743,20.523741836222747
637,Combined,50.33802451647873,406124.58748489205,1.5396106323981087,-0.0
638,Uniform,50.0,325415.191884586,0.0,9.916124116747822
638,Screened,50.31137386203263,325415.1918845859,0.5088566026756354,-0.0
638,Yield per roof,51.26376771519432,325415.1918845859,1.3304450364687312,0.21601991125844397
638,Procurement,50.0,325415.191884586,0.9705813949666293,5.581601390072397
638,Combined,50.31137386203263,325415.1918845859,1.480003152914577,-0.0
639,Uniform,50.0,323390.89164724725,0.0,8.588147707662683
639,Screened,50.3086849609048,323390.89164724725,0.6789536146561943,-0.0
639,Yield per roof,51.251024687668455,323390.89164724725,1.6388890204613773,-0.0
639,Procurement,50.0,323390.89164724725,1.077560069929234,3.9253153100719302
639,Combined,50.3086849609048,323390.89164724725,1.7569707870406575,-0.0
640,Uniform,50.0,340462.38863941224,0.0,12.95219791761763
640,Screened,50.31255239269603,340462.38863941224,0.5125422825769306,-0.0
640,Yield per roof,51.27209686279776,340462.38863941224,1.245307568799987,1.450163939093047
640,Procurement,50.0,340462.38863941224,0.9234035748550582,7.612748019415012
640,Combined,50.31255239269603,340462.38863941224,1.4364847063417585,-0.0
641,Uniform,50.0,335803.75473450404,0.0,18.139760442831847
641,Screened,50.32283038487277,335803.7547147799,0.5287881622770811,-0.0
641,Yield per roof,51.310726385532426,335803.75473450415,1.3610500598822028,2.4328713348071536
641,Procurement,50.0,335803.75473450404,1.0655401190673075,11.880177748228668
641,Combined,50.32283038487277,335803.7547147799,1.5952538128052964,-0.0
642,Uniform,50.0,310116.500222644,0.0,12.560728225420776
642,Screened,50.31924241451106,310116.5002044048,0.4398261426395891,-0.0
642,Yield per roof,51.30330083245616,310116.50022264395,1.117903243703097,1.44569740425767
642,Procurement,50.0,310116.500222644,0.961880351073944,7.166967899166021
642,Combined,50.31924241451106,310116.5002044048,1.4059401742315742,-0.0
643,Uniform,50.0,349799.28592575964,1.4210854715202004e-14,9.062139299199199
643,Screened,50.31685637061367,349799.28590517316,0.7202747599669266,-0.0
643,Yield per roof,51.2853893334849,349799.2859257595,1.7440521137869922,-0.0
643,Procurement,50.0,349799.28592575964,1.0475032625221417,4.518113325714042
643,Combined,50.31685637061367,349799.28590517316,1.7700366288696472,-0.0
644,Uniform,50.0,286715.57889667904,0.0,4.792923066046814
644,Screened,50.30963018261421,286715.5788966791,0.5324837262748048,-0.0
644,Yield per roof,51.26047356612357,286715.57889667916,1.4406688443691564,-0.0
644,Procurement,50.0,286715.57889667904,0.9820265303940374,2.1863682699598437
644,Combined,50.30963018261421,286715.5788966791,1.5159283349777866,-0.0
645,Uniform,50.0,308918.64487908786,0.0,10.857714641746737
645,Screened,50.31137764960958,308918.6448790879,0.4570775690191482,-0.0
645,Yield per roof,51.27227379885996,308918.6448790878,1.1469022906654374,0.9684052627085304
645,Procurement,50.0,308918.64487908786,0.9016835223855395,6.048441411027304
645,Combined,50.31137764960958,308918.6448790879,1.3585138730873894,-0.0
646,Uniform,50.0,369009.96471941564,0.0,27.236118229441075
646,Screened,50.32078526929443,369009.964697668,0.42425171865369293,-0.0
646,Yield per roof,51.30283783036275,369009.9647194157,1.1190619041445018,7.609757742229196
646,Procurement,50.0,369009.96471941564,0.9272020161650119,20.08206787611794
646,Combined,50.32078526929443,369009.964697668,1.3518471803512568,-0.0
647,Uniform,50.0,311157.01614491874,0.0,2.505855557868818
647,Screened,50.31124818185445,311157.0161449186,0.674309882958056,-0.0
647,Yield per roof,51.26677349020738,311157.0161449187,1.7823785487887704,-0.0
647,Procurement,50.0,311157.01614491874,0.9552520394394008,1.2242621038880614
647,Combined,50.31124818185445,311157.0161449186,1.6306827970368971,-0.0
648,Uniform,50.0,305910.75640985754,0.0,8.616409694598287
648,Screened,50.313820619641284,305910.75640985754,0.6149909151246646,-0.0
648,Yield per roof,51.27346950271696,305910.75640985754,1.6120543026587626,-0.0
648,Procurement,50.0,305910.75640985754,1.1112697854710234,3.8047688673354916
648,Combined,50.313820619641284,305910.75640985754,1.7270459438558845,-0.0
649,Uniform,50.0,318372.9837922608,0.0,25.777784961322755
649,Screened,50.315585832532086,318372.9837922609,0.3217039814182385,-0.0
649,Yield per roof,51.28357164581865,318372.9837922609,0.8587871506223266,7.993292468350028
649,Procurement,50.0,318372.9837922608,0.9509896068115182,18.4398797687855
649,Combined,50.315585832532086,318372.9837922609,1.2733855804519933,-0.0
650,Uniform,50.0,316856.06199762714,0.0,16.97107151086145
650,Screened,50.30838461941735,316856.06199762726,0.39019517909687806,-0.0
650,Yield per roof,51.25317695566255,316856.061997627,1.0051210251554323,3.4277066436955996
650,Procurement,50.0,316856.06199762714,0.9188150820464713,10.853125664897886
650,Combined,50.30838461941735,316856.06199762726,1.3086714485032758,-0.0
651,Uniform,50.0,287861.9967624964,0.0,23.754094496537338
651,Screened,50.31680655900334,287861.9967624963,0.30731564252759824,-0.0
651,Yield per roof,51.28607771273648,287861.9967624965,0.8079839088234593,7.2617176482511585
651,Procurement,50.0,287861.9967624964,1.0904418225920551,15.313330669461992
651,Combined,50.31680655900334,287861.9967624963,1.4003220755571135,-0.0
652,Uniform,50.0,374139.9539897847,-7.105427357601002e-15,31.43769965884992
652,Screened,50.32719789255108,374139.95396774646,0.3754561437030617,1.6061487400881704
652,Yield per roof,51.32923156568457,374139.9539897846,0.975847233945963,12.380700671518474
652,Procurement,50.0,374139.9539897847,0.9091543922770882,23.19493113030121
652,Combined,50.32719789255108,374139.95396774646,1.2855280623325385,-0.0
653,Uniform,50.0,292691.97347853356,0.0,21.717470833087642
653,Screened,50.310441215394384,292691.97347853344,0.31769945186129434,-0.0
653,Yield per roof,51.26074471144144,292691.97347853356,0.8354391465141902,6.240685345561719
653,Procurement,50.0,292691.97347853356,0.9339970457226485,14.518679549704556
653,Combined,50.310441215394384,292691.97347853344,1.2510643054786001,-0.0
654,Uniform,50.0,390297.19462879444,0.0,4.732183611730284
654,Screened,50.30606254066844,390297.1946057631,0.8095374382016587,-0.0
654,Yield per roof,51.24675261851435,390297.19462879444,1.931867466831477,-0.0
654,Procurement,50.0,390297.19462879444,0.8069955597565297,3.2071286098031755
654,Combined,50.30606254066844,390297.1946057631,1.6183330735962898,-0.0
655,Uniform,50.0,318465.11669019517,-1.4210854715202004e-14,3.5409111876003467
655,Screened,50.32549233738804,318465.11667146825,0.7333501687723611,-0.0
655,Yield per roof,51.322368464592095,318465.11669019505,1.7721004029496754,-0.0
655,Procurement,50.0,318465.11669019517,1.0064838131870033,2.1984009456197735
655,Combined,50.32549233738804,318465.11667146825,1.7407859875369809,-0.0
656,Uniform,50.0,400637.2637024798,0.0,13.796442602003467
656,Screened,50.31656693330503,400637.2636940444,0.6859534901836923,-0.0
656,Yield per roof,51.29209588301295,400637.2637024797,1.6683894341287697,0.9484971669015684
656,Procurement,50.0,400637.2637024798,0.850203774497416,9.29709995404319
656,Combined,50.31656693330503,400637.2636940444,1.5372132103700409,-0.0
657,Uniform,50.0,301637.73747622187,-7.105427357601002e-15,61.64849094147207
657,Screened,50.313419674279466,301637.73747622175,0.2559149580095834,30.44115854802732
657,Yield per roof,51.27125604109123,301637.73747622187,0.6474901384369005,43.333167365819435
657,Procurement,50.0,301637.73747622187,0.9829402735850223,35.011407733198396
657,Combined,50.313419674279466,301637.73747622175,1.238848518689366,11.186508765708338
658,Uniform,50.0,345517.12018018536,0.0,71.98656646728702
658,Screened,50.31449753709915,345517.12018018553,0.30515072839992996,35.170914992050825
658,Yield per roof,51.27446948207391,345517.12018018524,0.7689779956313672,50.47347018142284
658,Procurement,50.0,345517.12018018536,1.0007098808413062,44.881489488659426
658,Combined,50.31449753709915,345517.12018018553,1.3063720562774819,15.560348087675068
659,Uniform,50.0,284228.40365499223,0.0,8.621916259252998
659,Screened,50.31599476175925,284228.4036549921,0.42614612645157024,-0.0
659,Yield per roof,51.28841672211119,284228.4036549922,1.1431293839362695,0.20261189202082847
659,Procurement,50.0,284228.40365499223,0.9959005746480472,4.200553217269162
659,Combined,50.31599476175925,284228.4036549921,1.4233587966336216,-0.0
660,Uniform,50.0,303257.27505195874,0.0,21.377210080755578
660,Screened,50.317423071890396,303257.2750519588,0.3376204372942908,-0.0
660,Yield per roof,51.289622941466654,303257.27505195874,0.8994765438693051,5.809452196613251
660,Procurement,50.0,303257.27505195874,0.9647382664002677,13.932955667926416
660,Combined,50.317423071890396,303257.2750519588,1.302464638303114,-0.0
661,Uniform,50.0,338725.2126215253,0.0,6.450038251860533
661,Screened,50.31629309615929,338725.21260152303,0.6403499484451487,-0.0
661,Yield per roof,51.289886598824076,338725.2126215253,1.618300445916475,-0.0
661,Procurement,50.0,338725.2126215253,1.0119488602928755,2.953632696548237
661,Combined,50.31629309615929,338725.21260152303,1.6553345843706353,-0.0
662,Uniform,50.0,306612.5564372846,-1.4210854715202004e-14,6.992018767479109
662,Screened,50.3101372462878,306612.5564372847,0.5446521072921655,-0.0
662,Yield per roof,51.26069852589342,306612.5564372846,1.333959602679812,-0.0
662,Procurement,50.0,306612.5564372846,0.8791257064024052,3.173252290852968
662,Combined,50.3101372462878,306612.5564372847,1.4250644546968658,-0.0
663,Uniform,50.0,297185.5816941866,-7.105427357601002e-15,19.274393543657528
663,Screened,50.317097644814275,297185.5816765977,0.2780370559348029,-0.0
663,Yield per roof,51.28957463502625,297185.58169418655,0.7084335302156575,5.596794533876596
663,Procurement,50.0,297185.5816941866,0.8762231282244883,12.528503747201905
663,Combined,50.317097644814275,297185.5816765977,1.160632483006573,-0.0
664,Uniform,50.0,297668.58269628085,0.0,16.754785713800214
664,Screened,50.32032011033166,297668.5826786958,0.4358592724292123,-0.0
664,Yield per roof,51.301804320933435,297668.5826962808,1.0208811201856776,3.537758820251571
664,Procurement,50.0,297668.58269628085,1.0192262112357042,10.29005101503477
664,Combined,50.32032011033166,297668.5826786958,1.4594265810838465,-0.0
665,Uniform,50.0,373891.4725189411,0.0,25.391757782634514
665,Screened,50.304657128028474,373891.4725189411,0.400797813541125,-0.0
665,Yield per roof,51.23717956674902,373891.47251894115,1.0390539977474873,7.11686385165844
665,Procurement,50.0,373891.4725189411,0.8434575086853542,18.894946298971938
665,Combined,50.304657128028474,373891.4725189411,1.243823482555527,-0.0
666,Uniform,50.0,387627.99035756505,0.0,4.242900988458706
666,Screened,50.306094042040755,387627.99035756505,0.7860380140818961,-0.0
666,Yield per roof,51.24483320430444,387627.9903575649,2.053503760196122,-0.0
666,Procurement,50.0,387627.99035756505,0.8839755124963062,3.003382633330458
666,Combined,50.306094042040755,387627.99035756505,1.6700755514017942,-0.0
667,Uniform,50.0,409881.3070390319,0.0,31.466873292084788
667,Screened,50.2991520275989,409881.30702426133,0.4177087286815606,0.9407402038473013
667,Yield per roof,51.22217266914428,409881.3070390319,0.9921420863499719,11.685144668196562
667,Procurement,50.0,409881.3070390319,0.7620419482007463,24.87874946493001
667,Combined,50.2991520275989,409881.30702426133,1.1806926852250825,-0.0
668,Uniform,50.0,373915.21714139916,0.0,17.481346327044324
668,Screened,50.324916962743146,373915.2171194642,0.5947030726750739,-0.0
668,Yield per roof,51.31678536939109,373915.21714139904,1.5114402101912674,1.968525537828906
668,Procurement,50.0,373915.21714139916,1.148695191917696,10.821362918387836
668,Combined,50.324916962743146,373915.2171194642,1.7475603606040977,-0.0
669,Uniform,50.0,343857.2023749382,0.0,5.803060198029513
669,Screened,50.30501432957222,343857.2023749383,0.6385474331242591,-0.0
669,Yield per roof,51.23767149218325,343857.2023749383,1.6321505124290496,-0.0
669,Procurement,50.0,343857.2023749382,0.9218858074256815,2.8582413614174866
669,Combined,50.30501432957222,343857.2023749383,1.560006058186218,-0.0
670,Uniform,50.0,309706.8198935193,0.0,11.802506156458271
670,Screened,50.32498326393898,309706.819875323,0.3792650877593644,-0.0
670,Yield per roof,51.32715369632515,309706.8198935192,1.00788689007301,1.2990866442982916
670,Procurement,50.0,309706.8198935193,0.9323989330513314,6.747677040860224
670,Combined,50.32498326393898,309706.819875323,1.3183110902381827,-0.0
671,Uniform,50.0,355539.9847510762,-1.4210854715202004e-14,14.113953437120706
671,Screened,50.32029981525873,355539.98475107615,0.5843542807883608,-0.0
671,Yield per roof,51.298364062757884,355539.98475107615,1.4144997730624311,1.3541751138533777
671,Procurement,50.0,355539.9847510762,0.9859192872678335,8.639460944481831
671,Combined,50.32029981525873,355539.98475107615,1.5710448352568278,-0.0
672,Uniform,50.0,288998.1359804722,0.0,64.05746419246596
672,Screened,50.315823517072005,288998.1359633851,0.20418357101262785,35.1101198529563
672,Yield per roof,51.28892202511943,288998.1359804722,0.5087557224784263,47.99623191923796
672,Procurement,50.0,288998.1359804722,0.9379832211402146,38.44389372703851
672,Combined,50.315823517072005,288998.1359633851,1.1430405021518588,16.56782310263974
673,Uniform,50.0,368321.74944966333,0.0,16.625201445935655
673,Screened,50.314231194060284,368321.749428008,0.5957724731571261,-0.0
673,Yield per roof,51.27391302412824,368321.7494496631,1.5233614645485574,1.7678094933556536
673,Procurement,50.0,368321.74944966333,1.0668310586031993,10.526426266731114
673,Combined,50.314231194060284,368321.749428008,1.6647539111825012,-0.0
674,Uniform,50.0,338522.580914361,0.0,15.422768205054622
674,Screened,50.303393731454165,338522.580914361,0.39336437826031556,-0.0
674,Yield per roof,51.23515471846521,338522.58091436105,1.0503489424335797,2.419941426487474
674,Procurement,50.0,338522.580914361,0.8689695365809698,10.181058322418457
674,Combined,50.303393731454165,338522.580914361,1.2621836237263508,-0.0
675,Uniform,50.0,315706.246529597,0.0,6.535947526031393
675,Screened,50.308078909181255,315706.24652821885,0.49234413319406656,-0.0
675,Yield per roof,51.2613189712256,315706.2465295969,1.246033535706232,-0.0
675,Procurement,50.0,315706.246529597,0.8653551947930254,2.778323968585793
675,Combined,50.308078909181255,315706.24652821885,1.359915172494297,-0.0
676,Uniform,50.0,404077.02877065784,1.4210854715202004e-14,11.481958214145907
676,Screened,50.313534470306195,404077.0287486813,0.7217374405708483,-0.0
676,Yield per roof,51.27492932820129,404077.02877065784,1.762041342713573,0.16150652039407273
676,Procurement,50.0,404077.02877065784,0.847093562997614,7.760085873688835
676,Combined,50.313534470306195,404077.0287486813,1.5690989131579727,-0.0
677,Uniform,50.0,340210.06237295864,0.0,44.37099127190501
677,Screened,50.320739684148016,340210.0623529246,0.32591747364568846,12.24851394990054
677,Yield per roof,51.30642710451385,340210.06237295887,0.8876187156845532,25.356025045997185
677,Procurement,50.0,340210.06237295864,1.0932936092397298,24.334668254376798
677,Combined,50.320739684148016,340210.0623529246,1.4221072524451444,-0.0
678,Uniform,50.0,293840.53479240986,0.0,15.258238816226788
678,Screened,50.30964524538193,293840.5347924098,0.4652968630038714,-0.0
678,Yield per roof,51.25480100134827,293840.5347924099,1.1958677797279478,1.903814638855184
678,Procurement,50.0,293840.53479240986,1.0800842932488592,8.868741584660025
678,Combined,50.30964524538193,293840.5347924098,1.5457520859457503,-0.0
679,Uniform,50.0,354316.4719346557,0.0,60.66110980468632
679,Screened,50.317953081542825,354316.4719346555,0.3134471656933471,26.398012327678543
679,Yield per roof,51.290448550414794,354316.4719346557,0.808901554042194,40.07873332990093
679,Procurement,50.0,354316.4719346557,0.9432044099130295,35.06194312633888
679,Combined,50.317953081542825,354316.4719346555,1.257003492153558,7.8920798316074405
680,Uniform,50.0,423598.13172415737,0.0,33.36478484007489
680,Screened,50.30769684362638,423598.1317241573,0.5081892976335354,-0.0
680,Yield per roof,51.25127532098257,423598.13172415725,1.255897360982999,10.06531276516736
680,Procurement,50.0,423598.13172415737,0.8334804480971059,27.00725545262739
680,Combined,50.30769684362638,423598.1317241573,1.3419645920003092,-0.0
681,Uniform,50.0,418875.9828332313,0.0,5.879572887066196
681,Screened,50.31667568984434,418875.98280952754,0.9391620828301654,-0.0
681,Yield per roof,51.28458798126462,418875.9828332313,2.2383196561658565,-0.0
681,Procurement,50.0,418875.9828332313,0.9017833650648583,3.8333148832219672
681,Combined,50.31667568984434,418875.98280952754,1.8416666763064313,-0.0
682,Uniform,50.0,339311.0735295707,0.0,20.366661930093365
682,Screened,50.33894944262448,339311.0735096222,0.4756122673736627,-0.0
682,Yield per roof,51.37535252606391,339311.0735295708,1.2337765693590654,3.902632675598799
682,Procurement,50.0,339311.0735295707,1.1925943986831697,12.944465890222135
682,Combined,50.33894944262448,339311.0735096222,1.6736558245706021,-0.0
683,Uniform,50.0,434371.3733695303,0.0,90.2045941907986
683,Screened,50.31061287458738,434371.37336953054,0.34094120536683903,45.80927970939552
683,Yield per roof,51.26201715750659,434371.3733695302,0.9098437725809276,64.35824765807034
683,Procurement,50.0,434371.3733695303,0.7917241868870022,68.57237415016355
683,Combined,50.31061287458738,434371.37336953054,1.1340073252645482,30.134454893317688
684,Uniform,50.0,372820.38345746207,0.0,20.41925520463965
684,Screened,50.30691987039466,372820.38345746195,0.5425150429683043,-0.0
684,Yield per roof,51.24412558133153,372820.38345746207,1.3746484753910266,3.4715229890364467
684,Procurement,50.0,372820.38345746207,1.0034624203777298,14.460943209110543
684,Combined,50.30691987039466,372820.38345746195,1.546545372648069,-0.0
685,Uniform,50.0,435581.7464643278,0.0,2.965801178632146
685,Screened,50.31218009940923,435581.7464751793,1.053901413735332,-0.0
685,Yield per roof,51.28047531858103,435581.7464643278,2.5512149516091824,-0.0
685,Procurement,50.0,435581.7464643278,0.7833616527082938,1.9145228605737192
685,Combined,50.31218009940923,435581.7464751793,1.8427175535612719,-0.0
686,Uniform,50.0,406270.94081567426,0.0,6.663692809220823
686,Screened,50.311821265280024,406270.94081696967,0.7294531447402477,-0.0
686,Yield per roof,51.2750778874952,406270.9408156744,1.803533637840033,-0.0
686,Procurement,50.0,406270.94081567426,0.8485517870364419,3.5868014284601544
686,Combined,50.311821265280024,406270.94081696967,1.5832672283080171,-0.0
687,Uniform,50.0,384156.0459853293,0.0,4.117504917219238
687,Screened,50.31740637402929,384156.04596265557,0.8412243787307148,-0.0
687,Yield per roof,51.28913653110591,384156.0459853294,2.0354141412090314,-0.0
687,Procurement,50.0,384156.0459853293,0.9328783130864622,2.8683322260600974
687,Combined,50.31740637402929,384156.04596265557,1.7778958527140958,-0.0
688,Uniform,50.0,331672.0304056285,0.0,15.324937975503026
688,Screened,50.31113499424272,331672.0304056285,0.4561306118668256,-0.0
688,Yield per roof,51.26158335820502,331672.0304056285,1.2108092400329156,1.8693841786323029
688,Procurement,50.0,331672.0304056285,1.0116496093317693,9.349273956483456
688,Combined,50.31113499424272,331672.0304056285,1.468224642636443,-0.0
689,Uniform,50.0,342496.2301147195,0.0,11.029514329114438
689,Screened,50.30507224103174,342496.2301147194,0.5452108092560195,-0.0
689,Yield per roof,51.242678444158976,342496.2301147195,1.3656919571715207,0.578527135257498
689,Procurement,50.0,342496.2301147195,0.9507754242335835,6.412788269701084
689,Combined,50.30507224103174,342496.2301147194,1.4963114453913846,-0.0
690,Uniform,50.0,379070.19572135474,0.0,106.51783832632805
690,Screened,50.319111514673885,379070.19569915906,0.3088357924763585,60.792064881153934
690,Yield per roof,51.29241758197298,379070.19572135486,0.7524461462986949,81.10347184779434
690,Procurement,50.0,379070.19572135474,0.9826230065250101,79.82738636964868
690,Combined,50.319111514673885,379070.19569915906,1.2922013687761762,41.46012878604081
691,Uniform,50.0,307878.1794565888,0.0,108.14294065115674
691,Screened,50.32450300360597,307878.1794385336,0.2241375245613284,65.37962739725837
691,Yield per roof,51.313711188943046,307878.1794565888,0.5772354907433268,85.64616235554513
691,Procurement,50.0,307878.1794565888,1.1548096768159937,76.37243488762536
691,Combined,50.32450300360597,307878.1794385336,1.380832910898775,42.325465618908176
692,Uniform,50.0,317068.7527994625,0.0,1.7512737002253749
692,Screened,50.30010401751707,317068.7527994625,0.7298077199170052,-0.0
692,Yield per roof,51.21930499714129,317068.7527994625,1.8255604127816412,-0.0
692,Procurement,50.0,317068.7527994625,0.8440861374400868,0.6148910779967797
692,Combined,50.30010401751707,317068.7527994625,1.574985159106447,-0.0
693,Uniform,50.0,296356.20121861197,0.0,20.377744533139385
693,Screened,50.31072593697065,296356.2012186119,0.2647780815460976,-0.0
693,Yield per roof,51.26306485405584,296356.201218612,0.6261822848071859,6.482023084837884
693,Procurement,50.0,296356.20121861197,0.8750338867835623,13.641466204335776
693,Combined,50.31072593697065,296356.2012186119,1.1493216437757496,-0.0
694,Uniform,50.0,287804.43830297154,0.0,2.790455012198919
694,Screened,50.321161744211466,287804.43830036843,0.5617232883782748,-0.0
694,Yield per roof,51.309915536509834,287804.43830297154,1.4713862172695116,-0.0
694,Procurement,50.0,287804.43830297154,0.974511505423493,1.4836784987347442
694,Combined,50.321161744211466,287804.43830036843,1.5435886094375917,-0.0
695,Uniform,50.0,290992.4211602309,0.0,12.74082486019731
695,Screened,50.309607793939,290992.4211602309,0.38646458344829426,-0.0
695,Yield per roof,51.25776530428102,290992.4211602309,1.0039712391601014,1.6482830965147823
695,Procurement,50.0,290992.4211602309,0.9182553423453825,7.324132523344814
695,Combined,50.309607793939,290992.4211602309,1.3041839446439454,-0.0
696,Uniform,50.0,324132.15404541226,0.0,15.066684590848052
696,Screened,50.31343307875508,324132.1540325439,0.4167764665265139,-0.0
696,Yield per roof,51.27770542697552,324132.1540454123,1.0496534677184854,2.4724353785339344
696,Procurement,50.0,324132.15404541226,0.8590109622165158,9.901920517877064
696,Combined,50.31343307875508,324132.1540325439,1.2764176987257656,-0.0
697,Uniform,50.0,297353.97680593777,0.0,9.782711565602984
697,Screened,50.30870741173288,297353.97680593777,0.48765286935068275,-0.0
697,Yield per roof,51.25246026754594,297353.9768059377,1.2263216075223227,0.44284241734637236
697,Procurement,50.0,297353.97680593777,0.9609995473866064,5.2258966323903575
697,Combined,50.30870741173288,297353.97680593777,1.4481238619502932,-0.0
698,Uniform,50.0,322996.94918499736,0.0,38.26466543299135
698,Screened,50.309853748354826,322996.94916611793,0.34290077215898407,7.621211463131315
698,Yield per roof,51.256527260481334,322996.9491849975,0.8964020409194831,19.052872919168003
698,Procurement,50.0,322996.94918499736,1.1001078069593504,22.65413455840931
698,Combined,50.309853748354826,322996.94916611793,1.4441708388772199,-0.0
699,Uniform,50.0,384548.69654766866,0.0,80.08516306242123
699,Screened,50.328673145323684,384548.69652517803,0.3871488056030117,36.61716336288512
699,Yield per roof,51.33100949596189,384548.69654766866,0.9487932574978757,55.37755509362848
699,Procurement,50.0,384548.69654766866,1.121638980970431,50.26431135353034
699,Combined,50.328673145323684,384548.69652517803,1.511170269010421,15.023085827058445
700,Uniform,50.0,378009.3361119244,0.0,86.44290152468953
700,Screened,50.32173170936258,378009.3361119245,0.38508589439665997,41.480343296438114
700,Yield per roof,51.30265277966442,378009.33611192444,0.9457190305095509,60.69753551181437
700,Procurement,50.0,378009.3361119244,1.1172122623740748,56.20176793137181
700,Combined,50.32173170936258,378009.3361119245,1.5041894945722234,19.548181923680655
701,Uniform,50.0,342044.71627191576,0.0,18.383792598438394
701,Screened,50.33670191195025,342044.7162519356,0.6381567101091434,-0.0
701,Yield per roof,51.36221313899039,342044.7162719158,1.5523296913427913,2.420404544387087
701,Procurement,50.0,342044.71627191576,1.142872295038572,11.763924868591038
701,Combined,50.33670191195025,342044.7162519356,1.7833330727653305,-0.0
702,Uniform,50.0,337766.2015167073,0.0,23.47451673656453
702,Screened,50.31070992535512,337766.2015167074,0.32176644696555456,-0.0
702,Yield per roof,51.2627675281869,337766.2015167073,0.8195145731607525,7.132261763297849
702,Procurement,50.0,337766.2015167073,0.8837378153461657,16.665136187931573
702,Combined,50.31070992535512,337766.2015167074,1.2093288625889542,-0.0
703,Uniform,50.0,288429.42908297316,0.0,40.349527113209405
703,Screened,50.31348491622405,288429.42908297316,0.27983806735651484,13.199463842362848
703,Yield per roof,51.27311755142193,288429.42908297316,0.7297096292923371,23.530544470529367
703,Procurement,50.0,288429.42908297316,0.9942114308387815,19.79951226998588
703,Combined,50.31348491622405,288429.42908297316,1.274324674598219,-0.0
704,Uniform,50.0,278247.19124666025,0.0,5.362453696364831
704,Screened,50.31634992577778,278247.1912466602,0.47074581549310324,-0.0
704,Yield per roof,51.28483469229201,278247.1912466603,1.301841837537978,-0.0
704,Procurement,50.0,278247.19124666025,0.9627414716470213,2.1488921784612813
704,Combined,50.31634992577778,278247.1912466602,1.4333965930047157,-0.0
705,Uniform,50.0,402848.1224436161,0.0,13.028728513307414
705,Screened,50.31384227063394,402848.12244361604,0.5980024645116373,-0.0
705,Yield per roof,51.27553379527973,402848.12244361604,1.5132871025322885,0.8633245923265005
705,Procurement,50.0,402848.1224436161,0.7923001724411023,8.859439106216623
705,Combined,50.31384227063394,402848.12244361604,1.3920474122475213,-0.0
706,Uniform,50.0,386680.0659325097,0.0,13.557331713225466
706,Screened,50.30363982026924,386680.0659325096,0.5981249438870861,-0.0
706,Yield per roof,51.233325066105394,386680.0659325098,1.4799850169849833,1.132741104814512
706,Procurement,50.0,386680.0659325097,0.8567131968306114,8.78670936983176
706,Combined,50.30363982026924,386680.0659325096,1.4547809581419955,-0.0
707,Uniform,50.0,401870.1150448694,0.0,12.135572781058444
707,Screened,50.314549617024376,401870.11504486925,0.6817797512335915,-0.0
707,Yield per roof,51.27924786326089,401870.1150448695,1.6622304634556144,0.4437821334687944
707,Procurement,50.0,401870.1150448694,0.8368023674423029,8.148004629061491
707,Combined,50.314549617024376,401870.11504486925,1.5187802719514565,-0.0
708,Uniform,50.0,316386.79877674754,0.0,38.516678129626335
708,Screened,50.2999321383599,316386.79878106224,0.26111372355814666,13.411880930264987
708,Yield per roof,51.23391744299182,316386.79877674766,0.6414722634949754,23.400434292673985
708,Procurement,50.0,316386.79877674754,0.8579227210182268,18.808593556369757
708,Combined,50.2999321383599,316386.79878106224,1.1198391483056085,-0.0
709,Uniform,50.0,371886.3944067346,0.0,65.05376033575746
709,Screened,50.31564568529578,371886.3944067347,0.3026857918716743,29.572588109193482
709,Yield per roof,51.28062644227436,371886.3944067346,0.8194717692736404,43.53895894367961
709,Procurement,50.0,371886.3944067346,0.8936033171589912,40.96122941438869
709,Combined,50.31564568529578,371886.3944067347,1.196092590525744,12.155009421320642
710,Uniform,50.0,376423.0425290249,0.0,20.673027449156194
710,Screened,50.31741805340207,376423.0425068159,0.5468973245431101,-0.0
710,Yield per roof,51.29696234006243,376423.04252902477,1.348879225308707,3.80024840656263
710,Procurement,50.0,376423.0425290249,0.9795298586071794,14.521050221890976
710,Combined,50.31741805340207,376423.0425068159,1.529140467930418,-0.0
711,Uniform,50.0,289051.0209615328,0.0,7.073844358590271
711,Screened,50.31813616012008,289051.0209444296,0.48416616329906503,-0.0
711,Yield per roof,51.29601745131248,289051.0209615327,1.1905388197543232,-0.0
711,Procurement,50.0,289051.0209615328,0.9021272755515497,3.1544842684624848
711,Combined,50.31813616012008,289051.0209444296,1.3891816006494082,-0.0
712,Uniform,50.0,379480.98932248517,0.0,12.30215450378984
712,Screened,50.315575407948096,379480.98930019327,0.6740166039865017,-0.0
712,Yield per roof,51.28126064293335,379480.98932248517,1.701491006882648,0.2797777174957057
712,Procurement,50.0,379480.98932248517,1.0090585888028727,7.828020704464594
712,Combined,50.315575407948096,379480.98930019327,1.6838739587741003,-0.0
713,Uniform,50.0,291931.1330969597,0.0,85.04536876943932
713,Screened,50.31424296229204,291931.13308439276,0.16290281551941632,51.76603053684343
713,Yield per roof,51.282585304110846,291931.1330969597,0.4360529598547771,67.30961333950007
713,Procurement,50.0,291931.1330969597,0.9237072963370494,59.83370760707747
713,Combined,50.31424296229204,291931.13308439276,1.0881599771329924,33.502773402146076
714,Uniform,50.0,435212.9166086202,0.0,20.27044837695298
714,Screened,50.330885381454834,435212.91658308497,0.7024997018271222,-0.0
714,Yield per roof,51.350296653426575,435212.91660862014,1.6867130572428124,2.811416732523932
714,Procurement,50.0,435212.9166086202,0.8486484589663092,15.254814116478697
714,Combined,50.330885381454834,435212.91658308497,1.5541068787542258,-0.0
715,Uniform,50.0,346501.91423596547,0.0,7.51514154282358
715,Screened,50.30557103480632,346501.9142359656,0.6482037196098673,-0.0
715,Yield per roof,51.24277208241231,346501.91423596535,1.5217362346307652,-0.0
715,Procurement,50.0,346501.91423596547,0.8649776079610945,3.7593241409920726
715,Combined,50.30557103480632,346501.9142359656,1.5160854316855676,-0.0
716,Uniform,50.0,354103.36455555167,1.4210854715202004e-14,4.299818295247502
716,Screened,50.31646635445871,354103.36453459953,0.6835238629990528,-0.0
716,Yield per roof,51.290125409119845,354103.36455555167,1.7154105142711558,-0.0
716,Procurement,50.0,354103.36455555167,0.8470847408033535,2.65391646401266
716,Combined,50.31646635445871,354103.36453459953,1.532356118447808,-0.0
717,Uniform,50.0,302908.00982413086,0.0,13.538406256099922
717,Screened,50.31415439847944,302908.00982413086,0.4432093616965602,-0.0
717,Yield per roof,51.27532558505634,302908.00982413086,1.1412521381714384,1.6126503167136998
717,Procurement,50.0,302908.00982413086,1.0014352076746746,7.713822468010207
717,Combined,50.31415439847944,302908.00982413086,1.4455416386436752,-0.0
718,Uniform,50.0,389350.4979149584,0.0,8.305821162609321
718,Screened,50.316859176846826,389350.49789192795,0.6484257730295013,-0.0
718,Yield per roof,51.29085625229171,389350.49791495816,1.7046018182573448,-0.0
718,Procurement,50.0,389350.4979149584,0.7950393637170379,4.852989519584266
718,Combined,50.316859176846826,389350.49789192795,1.4446410657540127,-0.0
719,Uniform,50.0,290398.4898170286,0.0,19.964366530115818
719,Screened,50.31208111837454,290398.48981702863,0.2827642951133029,-0.0
719,Yield per roof,51.280250162200794,290398.4898170286,0.7717706550036212,5.613873124463814
719,Procurement,50.0,290398.4898170286,0.8808578034154806,13.181880970838673
719,Combined,50.31208111837454,290398.48981702863,1.1660607609006917,-0.0
720,Uniform,50.0,391503.8484673328,0.0,28.524103611793663
720,Screened,50.319319561462606,391503.8484673328,0.5075068291310174,-0.0
720,Yield per roof,51.29250147250884,391503.8484673327,1.2210158691251252,7.964505296117527
720,Procurement,50.0,391503.8484673328,0.98107332292048,21.072615306348894
720,Combined,50.319319561462606,391503.8484673328,1.4901173600616744,-0.0
721,Uniform,50.0,290457.4587217161,-3.552713678800501e-15,73.7562005104383
721,Screened,50.31423889087075,290457.4587045703,0.19827658671542636,41.459154963146865
721,Yield per roof,51.275951707625595,290457.458721716,0.521492099633651,56.459244468829354
721,Procurement,50.0,290457.4587217161,1.0339200808580458,45.4203973091826
721,Combined,50.31423889087075,290457.4587045703,1.2345181023884315,20.900373264108474
722,Uniform,50.0,365819.92525923066,0.0,60.006589482475974
722,Screened,50.31450515312433,365819.9252592308,0.3025988932707335,26.41528994020305
722,Yield per roof,51.27761241960654,365819.9252592308,0.8016374465756755,39.27823371907121
722,Procurement,50.0,365819.92525923066,0.8635272169112511,36.58157597107755
722,Combined,50.31450515312433,365819.9252592308,1.1654505173022685,9.504563073820151
723,Uniform,50.0,387041.6651579995,0.0,8.623684127004267
723,Screened,50.322321497229595,387041.66513516335,0.6679074282268829,-0.0
723,Yield per roof,51.3150216421612,387041.6651579995,1.700216697753575,-0.0
723,Procurement,50.0,387041.6651579995,0.9259268251328905,4.601314230962113
723,Combined,50.322321497229595,387041.66513516335,1.5971541537197282,-0.0
724,Uniform,50.0,292485.1327532796,0.0,57.91845627004216
724,Screened,50.30893569799371,292485.13275327964,0.22660707421245263,28.260922180688443
724,Yield per roof,51.25430883312375,292485.1327532795,0.6302954437970953,40.36341110889339
724,Procurement,50.0,292485.1327532796,0.9423002370610831,32.209247993056145
724,Combined,50.30893569799371,292485.13275327964,1.1690130722821834,9.669674847050947
725,Uniform,50.0,341442.54017899535,0.0,25.606925212754586
725,Screened,50.325297704143956,341442.54015892616,0.4046362728967807,-0.0
725,Yield per roof,51.31996056799438,341442.54017899546,1.062455197845253,7.07557862279784
725,Procurement,50.0,341442.54017899535,0.9647752081345118,18.15702943760996
725,Combined,50.325297704143956,341442.54015892616,1.370503920055171,-0.0
726,Uniform,50.0,358449.69037375436,0.0,16.27746250608933
726,Screened,50.31987523986157,358449.6903526908,0.5671282501044033,-0.0
726,Yield per roof,51.297142864181815,358449.69037375436,1.4346305819923089,1.8506494822664739
726,Procurement,50.0,358449.69037375436,0.962300963604676,10.592235841066556
726,Combined,50.31987523986157,358449.6903526908,1.5298730277252304,-0.0
727,Uniform,50.0,391666.75315445685,0.0,77.51073531519188
727,Screened,50.316390846191226,391666.753154457,0.33080926910231767,37.360287970499186
727,Yield per roof,51.282588006532045,391666.7531544569,0.868324909046045,53.75796087602588
727,Procurement,50.0,391666.75315445685,0.9346464875505518,52.117306601272254
727,Combined,50.316390846191226,391666.753154457,1.2658922951825033,18.97602428123804
728,Uniform,50.0,284209.86914596567,0.0,21.611173497870414
728,Screened,50.30868202733003,284209.86914596567,0.30087599759644235,-0.0
728,Yield per roof,51.254081518405606,284209.86914596555,0.7476253407458557,6.724668294994063
728,Procurement,50.0,284209.86914596567,0.950596652254525,14.275102211223828
728,Combined,50.30868202733003,284209.86914596567,1.2512266389724473,-0.0
729,Uniform,50.0,282421.11056481727,0.0,19.326587700362786
729,Screened,50.31653965997819,282421.1105648173,0.42496250212070663,-0.0
729,Yield per roof,51.282793811488794,282421.11056481727,1.0345340071121996,4.443935235673241
729,Procurement,50.0,282421.11056481727,1.0832506052573763,11.804380797374687
729,Combined,50.31653965997819,282421.1105648173,1.5088747996506697,-0.0
730,Uniform,50.0,276808.64546864375,0.0,13.201376156307646
730,Screened,50.329340005963964,276808.6454524559,0.49099014778151684,-0.0
730,Yield per roof,51.3426005819269,276808.64546864375,1.2236251796875734,1.4299535746011256
730,Procurement,50.0,276808.64546864375,1.0238469784094377,7.459497825640111
730,Combined,50.329340005963964,276808.6454524559,1.5152667930235708,-0.0
731,Uniform,50.0,332596.0978141256,0.0,14.26284415001253
731,Screened,50.30732276568047,332596.0978143689,0.43017140099480855,-0.0
731,Yield per roof,51.259885398645466,332596.0978141257,1.1220238100901838,1.8512005145812582
731,Procurement,50.0,332596.0978141256,0.8887349208030884,9.016385191436202
731,Combined,50.30732276568047,332596.0978143689,1.3212474828733605,-0.0
732,Uniform,50.0,343930.51591396646,0.0,14.616899588806557
732,Screened,50.309686988098065,343930.51591396646,0.5016790437603191,-0.0
732,Yield per roof,51.25731769757927,343930.51591396646,1.3012884994581668,1.5958535743554203
732,Procurement,50.0,343930.51591396646,0.972168296406636,8.944737322738812
732,Combined,50.309686988098065,343930.51591396646,1.475073776778018,-0.0
733,Uniform,50.0,399765.3881258177,-1.4210854715202004e-14,14.581006638219055
733,Screened,50.33609079186333,399765.38810242945,0.7406712927978418,-0.0
733,Yield per roof,51.36596036132008,399765.38812581776,1.7769491098253098,1.0116934914120543
733,Procurement,50.0,399765.3881258177,1.0616232092056208,9.245961768711103
733,Combined,50.33609079186333,399765.38810242945,1.8066213894580017,-0.0
734,Uniform,50.0,279000.40649748605,0.0,18.177358274572263
734,Screened,50.321819421412975,279000.4064811111,0.44654536501887776,-0.0
734,Yield per roof,51.3040178004442,279000.40649748605,1.0982200322960693,3.6264968450222645
734,Procurement,50.0,279000.40649748605,1.3080535490990002,9.979344934820729
734,Combined,50.321819421412975,279000.4064811111,1.7582443040847835,-0.0
735,Uniform,50.0,303081.6038231448,-7.105427357601002e-15,19.855551021991694
735,Screened,50.31508336455217,303081.603805435,0.3472212136095578,-0.0
735,Yield per roof,51.281098841814774,303081.60382314486,0.8842031160181207,5.289488447451093
735,Procurement,50.0,303081.6038231448,0.970108934217528,12.39355978048736
735,Combined,50.31508336455217,303081.603805435,1.318054533498092,-0.0
736,Uniform,50.0,397624.70367981866,0.0,29.903855919770436
736,Screened,50.3122690649282,397624.7036563456,0.43723274175987115,-0.0
736,Yield per roof,51.26769743543516,397624.7036798188,1.0738798142140809,9.187237424358882
736,Procurement,50.0,397624.70367981866,0.887922104491139,23.049698393698
736,Combined,50.3122690649282,397624.7036563456,1.326444707764935,-0.0
737,Uniform,50.0,279936.9729177609,0.0,44.55921002408938
737,Screened,50.32238037175468,279936.97290120623,0.17158336366195925,20.425303397816943
737,Yield per roof,51.311452407745044,279936.97291776084,0.4423044505081748,33.074036269566136
737,Procurement,50.0,279936.9729177609,0.8595898310143362,21.291661676918746
737,Combined,50.32238037175468,279936.97290120623,1.038913781581087,3.471003238929436
738,Uniform,50.0,318558.35265761067,0.0,3.315003423372607
738,Screened,50.32804197048188,318558.35263883125,0.7448759711558921,-0.0
738,Yield per roof,51.333217259571015,318558.35265761067,1.817312306037465,-0.0
738,Procurement,50.0,318558.35265761067,0.9564851997108974,2.0308153195180396
738,Combined,50.32804197048188,318558.35263883125,1.7029440933620492,-0.0
739,Uniform,50.0,375854.99817158945,0.0,30.841322719295633
739,Screened,50.31141417557205,375854.9981715894,0.41984606869360164,-0.0
739,Yield per roof,51.26506372084203,375854.99817158957,1.1082546954073678,9.1973391342834
739,Procurement,50.0,375854.99817158945,0.9219888243313648,23.77640375573814
739,Combined,50.31141417557205,375854.9981715894,1.3419010982863995,-0.0
740,Uniform,50.0,378118.5308457841,0.0,43.00081171075541
740,Screened,50.31427016516665,378118.53082343144,0.36263332005743365,9.855705925409218
740,Yield per roof,51.27667812016925,378118.5308457842,0.9035770437547441,24.36667828515009
740,Procurement,50.0,378118.5308457841,0.9424957283273443,26.794240664087532
740,Combined,50.31427016516665,378118.53082343144,1.3115668776377163,-0.0
741,Uniform,50.0,336498.0756295475,0.0,23.98102102202148
741,Screened,50.31079081799681,336498.07562954753,0.3896651324086662,-0.0
741,Yield per roof,51.26200309629578,336498.07562954765,0.9787026113421575,6.8352038026300965
741,Procurement,50.0,336498.0756295475,0.9502902495082921,16.64973983615948
741,Combined,50.31079081799681,336498.07562954753,1.3401552692322127,-0.0
742,Uniform,50.0,329621.7595087602,0.0,18.182211513874286
742,Screened,50.32770290843882,329621.75949020614,0.4302775327411723,-0.0
742,Yield per roof,51.335119950128124,329621.7595087602,0.9909623044388525,4.3349463505504255
742,Procurement,50.0,329621.7595087602,1.0090923870221644,11.491423600571999
742,Combined,50.32770290843882,329621.75949020614,1.4474870532969817,-0.0
743,Uniform,50.0,311270.44416760665,0.0,64.52955091062421
743,Screened,50.31713485293266,311270.4441492363,0.26172090657092895,32.143552237175776
743,Yield per roof,51.28807288998582,311270.4441676067,0.6596743490365782,46.02875470242778
743,Procurement,50.0,311270.44416760665,1.0173201732092352,36.660650988301384
743,Combined,50.31713485293266,311270.4441492363,1.2800810308254071,11.95260781339776
744,Uniform,50.0,294874.202475762,1.4210854715202004e-14,4.122768467792687
744,Screened,50.31091051398655,294874.202475762,0.5523794109831641,-0.0
744,Yield per roof,51.263355819961674,294874.202475762,1.505362690773751,-0.0
744,Procurement,50.0,294874.202475762,0.9158141230345933,2.1400405874182313
744,Combined,50.31091051398655,294874.202475762,1.4688360568927408,-0.0
745,Uniform,50.0,400616.2061132545,0.0,24.022643851479472
745,Screened,50.320911761564496,400616.2060895753,0.4654572501836469,-0.0
745,Yield per roof,51.306357845870046,400616.2061132545,1.2370890517082103,5.556654890590038
745,Procurement,50.0,400616.2061132545,0.8047580445600317,17.84358308174832
745,Combined,50.320911761564496,400616.2060895753,1.273090422413901,-0.0
746,Uniform,50.0,413033.69241447444,-2.842170943040401e-14,3.553040704983468
746,Screened,50.35106022148457,413033.6923905576,1.079076980489134,-0.0
746,Yield per roof,51.43058190468533,413033.69241447444,2.5554784572946403,-0.0
746,Procurement,50.0,413033.69241447444,0.918193674802751,2.325777155213675
746,Combined,50.35106022148457,413033.6923905576,2.001653630762604,-0.0
747,Uniform,50.0,372794.4491739837,0.0,17.211604294324673
747,Screened,50.318389304295444,372794.449151987,0.534685944343849,-0.0
747,Yield per roof,51.294775905027265,372794.4491739839,1.393674431071105,2.1717988894742617
747,Procurement,50.0,372794.4491739837,0.9073971787896085,11.84996185486766
747,Combined,50.318389304295444,372794.449151987,1.4426372141377186,-0.0
748,Uniform,50.0,294274.04874615074,0.0,75.2796913225674
748,Screened,50.32650964366822,294274.0487288822,0.23167841121913568,41.339562594661416
748,Yield per roof,51.32473194186672,294274.04874615074,0.5958788094570338,56.36004288819596
748,Procurement,50.0,294274.04874615074,1.0803982185873977,45.81107939524681
748,Combined,50.32650964366822,294274.0487288822,1.3130309283962873,19.98819901698263
749,Uniform,50.0,306649.1204648361,0.0,14.455048763477722
749,Screened,50.31040429719954,306649.1204648362,0.41286902683641813,-0.0
749,Yield per roof,51.26154902163827,306649.120464836,1.0090746020381118,2.419672556839715
749,Procurement,50.0,306649.1204648361,0.9243416159445417,8.941634990694203
749,Combined,50.31040429719954,306649.1204648362,1.338637241669332,-0.0
750,Uniform,50.0,292932.07848032966,-7.105427357601002e-15,20.878309845448015
750,Screened,50.31031594225606,292932.0784803296,0.33529165544648265,-0.0
750,Yield per roof,51.262619110869544,292932.07848032966,0.8264970372802978,5.975824678119461
750,Procurement,50.0,292932.07848032966,1.0061575557585627,13.110469879701933
750,Combined,50.31031594225606,292932.0784803296,1.3454477994811995,-0.0
751,Uniform,50.0,300927.77567014145,0.0,21.277632468970033
751,Screened,50.31042675153689,300927.77565239405,0.3549125668053321,-0.0
751,Yield per roof,51.26181215574304,300927.77567014145,0.9219914245853502,5.712411172850701
751,Procurement,50.0,300927.77567014145,0.9426628222665983,14.017770304227422
751,Combined,50.31042675153689,300927.77565239405,1.2972921462081857,-0.0
752,Uniform,50.0,334378.07275018084,0.0,24.497066261549197
752,Screened,50.31087131244644,334378.0727501809,0.43439343404509145,-0.0
752,Yield per roof,51.26519046656047,334378.0727501808,1.121377368013171,6.336192788387237
752,Procurement,50.0,334378.07275018084,1.0674364976215145,16.34826176860822
752,Combined,50.31087131244644,334378.0727501809,1.5026561592335241,-0.0
753,Uniform,50.0,379601.1653843532,0.0,17.218905244157916
753,Screened,50.31499698878657,379601.165384353,0.5728963046029776,-0.0
753,Yield per roof,51.28107821136191,379601.1653843534,1.446481321698485,2.179100301014432
753,Procurement,50.0,379601.1653843532,0.9042401356526568,11.94189561483907
753,Combined,50.31499698878657,379601.165384353,1.4773601853728024,-0.0
754,Uniform,50.0,354790.86149888433,0.0,21.26607058873521
754,Screened,50.316143410534785,354790.8614988845,0.4500477420724991,-0.0
754,Yield per roof,51.28294477645778,354790.8614988842,1.1236155793513944,5.021544435904835
754,Procurement,50.0,354790.86149888433,0.9437026243649029,14.39640754293218
754,Combined,50.316143410534785,354790.8614988845,1.3941290120155543,-0.0
755,Uniform,50.0,310058.9774628765,0.0,82.33096664243783
755,Screened,50.32191201988955,310058.97744459,0.22789913134746342,45.78359598613231
755,Yield per roof,51.312646011861546,310058.9774628764,0.5267591076043203,65.32198039566316
755,Procurement,50.0,310058.9774628765,1.1521815445721657,50.625418674334846
755,Combined,50.32191201988955,310058.97744459,1.3888636430950498,22.63313853513519
756,Uniform,50.0,284295.9344671983,0.0,4.194161373348089
756,Screened,50.309832274394616,284295.9344671983,0.5459339105625531,-0.0
756,Yield per roof,51.262371436531524,284295.93446719827,1.4171954568087557,-0.0
756,Procurement,50.0,284295.9344671983,0.92962713969834,2.052692986312502
756,Combined,50.309832274394616,284295.9344671983,1.4759505592494833,-0.0
757,Uniform,50.0,334884.02033748955,0.0,18.8492997627782
757,Screened,50.32863772419541,334884.0203178851,0.5248042238323904,-0.0
757,Yield per roof,51.33259860000318,334884.02033748955,1.3041434630936948,3.0892110802553505
757,Procurement,50.0,334884.02033748955,1.1057033696776841,12.23422175352317
757,Combined,50.32863772419541,334884.0203178851,1.631794662247401,-0.0
758,Uniform,50.0,328182.3122767934,0.0,21.12962550686966
758,Screened,50.31503093266197,328182.31226343306,0.39542536044575627,-0.0
758,Yield per roof,51.283878211489885,328182.3122767933,0.992278078931129,5.4783595111936405
758,Procurement,50.0,328182.3122767934,0.9201040057547587,14.03628348724617
758,Combined,50.31503093266197,328182.31226343306,1.3162728785448365,-0.0
759,Uniform,50.0,368878.5666889982,0.0,16.67588740075011
759,Screened,50.33301193794445,368878.5666692654,0.525296874953213,-0.0
759,Yield per roof,51.35412114905495,368878.56668899825,1.3830843930068966,2.000499901646493
759,Procurement,50.0,368878.5666889982,0.9232029363406014,11.21927101122383
759,Combined,50.33301193794445,368878.5666692654,1.4499527085269364,-0.0
760,Uniform,50.0,396657.04014350794,1.4210854715202004e-14,15.221709362583173
760,Screened,50.30956337227212,396657.040143508,0.5773561636277975,-0.0
760,Yield per roof,51.2562739438396,396657.040143508,1.4625329460263572,1.5163665423446167
760,Procurement,50.0,396657.04014350794,0.8660526575057474,10.108341994541805
760,Combined,50.30956337227212,396657.040143508,1.4435857956176363,-0.0
761,Uniform,50.0,375829.45744032814,0.0,3.986807207231406
761,Screened,50.30605175563271,375829.4574247033,0.7895889589143508,-0.0
761,Yield per roof,51.246777113757936,375829.45744032814,1.9297588405750332,-0.0
761,Procurement,50.0,375829.45744032814,0.87361166907354,2.813926308680951
761,Combined,50.30605175563271,375829.4574247033,1.6640819114566625,-0.0
762,Uniform,50.0,305717.08444867353,0.0,13.456952114099682
762,Screened,50.31172393036867,305717.0844486734,0.42162939122083287,-0.0
762,Yield per roof,51.26669803291168,305717.08444867353,1.0995793522384503,1.6743468410693236
762,Procurement,50.0,305717.08444867353,0.9184575288883963,8.033039248163412
762,Combined,50.31172393036867,305717.0844486734,1.3405578745884128,-0.0
763,Uniform,50.0,284847.7025698066,3.552713678800501e-15,64.21773125794245
763,Screened,50.30830951317085,284847.7025699333,0.17945900621144872,36.01226486395893
763,Yield per roof,51.259476407746966,284847.7025698065,0.47827061304503005,48.42043133107691
763,Procurement,50.0,284847.7025698066,0.9166330655198927,39.20451442737741
763,Combined,50.30830951317085,284847.7025699333,1.0967118778217397,17.912132348658147
764,Uniform,50.0,288223.55863165995,0.0,17.009990310454373
764,Screened,50.31531537183254,288223.5586315212,0.3869128740506156,-0.0
764,Yield per roof,51.285871349809696,288223.55863166,0.9614305657317317,3.730595401589114
764,Procurement,50.0,288223.55863165995,0.9860885675857247,10.339552343791656
764,Combined,50.31531537183254,288223.5586315212,1.3733139595581108,-0.0
765,Uniform,50.0,323817.79855063034,0.0,8.332225109651851
765,Screened,50.30060112779793,323817.7985506301,0.4427791176076141,-0.0
765,Yield per roof,51.22131135490552,323817.79855063034,1.1675918867916693,0.07368949190458875
765,Procurement,50.0,323817.79855063034,0.8430032978994859,4.672403440571549
765,Combined,50.30060112779793,323817.7985506301,1.2873092466416125,-0.0
766,Uniform,50.0,294154.0757139845,-1.4210854715202004e-14,4.362482605349548
766,Screened,50.309365500264796,294154.07571398444,0.5820258327133985,-0.0
766,Yield per roof,51.2566552185818,294154.0757139845,1.5890281615127861,-0.0
766,Procurement,50.0,294154.0757139845,0.9780324741348068,2.238438414653
766,Combined,50.309365500264796,294154.07571398444,1.5599610297576163,-0.0
767,Uniform,50.0,299374.0645754664,0.0,11.237115505417828
767,Screened,50.31414114236413,299374.0645754663,0.4455104241449561,-0.0
767,Yield per roof,51.28070988408286,299374.06457546644,1.111094335286623,1.1435475141908595
767,Procurement,50.0,299374.0645754664,0.8844863376213254,6.373371846132247
767,Combined,50.31414114236413,299374.0645754663,1.3309428591595207,-0.0
768,Uniform,50.0,408313.9542758691,0.0,5.563476469470524
768,Screened,50.30943305212205,408313.954275869,0.7570558526249442,-0.0
768,Yield per roof,51.258286740686984,408313.95427586883,1.9568655498470378,-0.0
768,Procurement,50.0,408313.9542758691,0.7923641789797671,3.442800209619274
768,Combined,50.30943305212205,408313.954275869,1.551588208228452,-0.0
769,Uniform,50.0,307872.24120243295,0.0,11.816100874210363
769,Screened,50.320567221233915,307872.2411843981,0.5296777615292427,-0.0
769,Yield per roof,51.305305121944215,307872.2412024329,1.381873550742057,0.5797663693876847
769,Procurement,50.0,307872.24120243295,1.0211930600843857,6.938972955577355
769,Combined,50.320567221233915,307872.2411843981,1.5512291291609301,-0.0
770,Uniform,50.0,289487.3732382002,0.0,9.030841432476123
770,Screened,50.311803414367986,289487.3732217299,0.485671276907496,-0.0
770,Yield per roof,51.26839103000902,289487.3732382002,1.2532284258708586,0.14676872430189095
770,Procurement,50.0,289487.3732382002,1.0381635001819376,4.518222706978405
770,Combined,50.311803414367986,289487.3732217299,1.5267628768902597,-0.0
771,Uniform,50.0,311559.7895067922,-1.4210854715202004e-14,3.7472309806540065
771,Screened,50.31182508352143,311559.78950679215,0.6952102031970497,-0.0
771,Yield per roof,51.26379202114504,311559.7895067922,1.6860142854197449,-0.0
771,Procurement,50.0,311559.7895067922,1.0400751425707,2.1937457893071306
771,Combined,50.31182508352143,311559.78950679215,1.735603692877362,-0.0
772,Uniform,50.0,277377.27804971766,0.0,31.53645224084562
772,Screened,50.32797329170689,277377.27803341066,0.30890042963214626,4.84047845479041
772,Yield per roof,51.331537392015484,277377.27804971766,0.7909683628242732,15.936614481692393
772,Procurement,50.0,277377.27804971766,1.1835080944625034,18.182021194316466
772,Combined,50.32797329170689,277377.27803341066,1.4957014030565077,-0.0
773,Uniform,50.0,415125.6967715206,0.0,11.571055826797547
773,Screened,50.32013915263752,415125.6967780704,0.7130727446655101,-0.0
773,Yield per roof,51.315872091541806,415125.69677152066,1.7165884270584968,0.2089381606264411
773,Procurement,50.0,415125.6967715206,0.8990318448985875,7.665342473231384
773,Combined,50.32013915263752,415125.6967780704,1.6229988199655168,-0.0
774,Uniform,50.0,339419.0879317569,0.0,8.515173004464122
774,Screened,50.31424951462854,339419.08791267354,0.6786112105185396,-0.0
774,Yield per roof,51.27717408377368,339419.0879317568,1.6234549925889183,-0.0
774,Procurement,50.0,339419.0879317569,0.9916546868796843,4.201470295379571
774,Combined,50.31424951462854,339419.08791267354,1.67091851851265,-0.0
775,Uniform,50.0,424994.8622511339,0.0,21.201782381168467
775,Screened,50.31812301535069,424994.86222611635,0.7172910747050736,-0.0
775,Yield per roof,51.291435074229625,424994.862251134,1.679621351254923,3.212101343334259
775,Procurement,50.0,424994.8622511339,0.9115582143444101,15.935320710278516
775,Combined,50.31812301535069,424994.86222611635,1.6303086977338808,-0.0
776,Uniform,50.0,349750.5034858739,0.0,22.911943194414487
776,Screened,50.3064088206121,349750.503485874,0.3804566395316016,-0.0
776,Yield per roof,51.24896578593382,349750.50348587404,0.9077199711413684,6.702787000143983
776,Procurement,50.0,349750.5034858739,0.8643941166257321,16.254730240286598
776,Combined,50.3064088206121,349750.503485874,1.2468566623915294,-0.0
777,Uniform,50.0,299110.0235009913,0.0,19.162444947605962
777,Screened,50.30846916460119,299110.02348344756,0.32355543911083373,-0.0
777,Yield per roof,51.258612843622025,299110.0235009913,0.8278973040409667,5.158177347671579
777,Procurement,50.0,299110.0235009913,0.9044611525927948,12.192067171387627
777,Combined,50.30846916460119,299110.02348344756,1.2286737933513052,-0.0
778,Uniform,50.0,352802.80345243844,1.4210854715202004e-14,19.47349020635313
778,Screened,50.32662033620143,352802.80345243844,0.565442230561132,-0.0
778,Yield per roof,51.32302148316904,352802.80345243844,1.3950546466941773,2.9808174183795813
778,Procurement,50.0,352802.80345243844,1.017492949940646,13.457970969437062
778,Combined,50.32662033620143,352802.80345243844,1.5839631274206738,-0.0
779,Uniform,50.0,322405.87421264156,1.4210854715202004e-14,5.160444357153238
779,Screened,50.306385306984744,322405.87419464753,0.5763733003161207,-0.0
779,Yield per roof,51.246395097428085,322405.8742126415,1.4850521766546336,-0.0
779,Procurement,50.0,322405.87421264156,0.8970623569078526,2.5304506897524863
779,Combined,50.306385306984744,322405.87419464753,1.4754831705613043,-0.0
780,Uniform,50.0,350116.6091595577,1.4210854715202004e-14,9.28878937569379
780,Screened,50.31406184632197,350116.6091595576,0.5795551310264102,-0.0
780,Yield per roof,51.28063254739825,350116.60915955785,1.4540861626147858,-0.0
780,Procurement,50.0,350116.6091595577,0.8751154990826109,5.487343467614208
780,Combined,50.31406184632197,350116.6091595576,1.4559560870878414,-0.0
781,Uniform,50.0,330319.2352689391,1.4210854715202004e-14,7.51223929184073
781,Screened,50.31762104001389,330319.23526893905,0.6005923747735835,-0.0
781,Yield per roof,51.290101801645775,330319.23526893917,1.596771537684674,-0.0
781,Procurement,50.0,330319.2352689391,0.9814243881593825,3.2486825276855864
781,Combined,50.31762104001389,330319.23526893905,1.5836339067781466,-0.0
782,Uniform,50.0,349059.80633358867,0.0,7.108712908066222
782,Screened,50.30999673793986,349059.80633358867,0.6326812833272868,-0.0
782,Yield per roof,51.260543555853644,349059.80633358844,1.552691802821741,-0.0
782,Procurement,50.0,349059.80633358867,0.8449530182707576,3.439213806283768
782,Combined,50.30999673793986,349059.80633358867,1.478303398302529,-0.0
783,Uniform,50.0,394467.42612388893,0.0,7.479583543777333
783,Screened,50.33004429892541,394467.4261238889,0.8323249620681281,-0.0
783,Yield per roof,51.33703300339765,394467.42612388893,2.151121658092876,-0.0
783,Procurement,50.0,394467.42612388893,0.9435869140464774,4.044644334956192
783,Combined,50.33004429892541,394467.4261238889,1.77717926931237,-0.0
784,Uniform,50.0,344818.59864273487,0.0,17.12810198608073
784,Screened,50.31269854465591,344818.5986427348,0.4529190404046375,-0.0
784,Yield per roof,51.27129675132859,344818.5986427348,1.0652566227148696,3.4760932125856043
784,Procurement,50.0,344818.59864273487,0.878517532678373,11.568138825295955
784,Combined,50.31269854465591,344818.5986427348,1.3359909286279077,-0.0
785,Uniform,50.0,276631.2819511395,0.0,9.52090336035066
785,Screened,50.31609829478798,276631.2819524124,0.45835969136757626,-0.0
785,Yield per roof,51.29184982525911,276631.28195113945,1.1399621124557058,0.5818547528441986
785,Procurement,50.0,276631.2819511395,0.9574394249910796,4.865157832340264
785,Combined,50.31609829478798,276631.2819524124,1.4156012624388552,-0.0
786,Uniform,50.0,283767.0997706817,0.0,11.761320327068036
786,Screened,50.31596983963636,283767.0997706817,0.38492914229624375,-0.0
786,Yield per roof,51.28460329893264,283767.0997706817,0.985999757845704,1.4710180304055538
786,Procurement,50.0,283767.0997706817,0.9051344006525923,6.481761927320844
786,Combined,50.31596983963636,283767.0997706817,1.290908528605307,-0.0
787,Uniform,50.0,290908.1447517654,0.0,18.950422457834005
787,Screened,50.31395687258468,290908.14475176536,0.31363659861128923,-0.0
787,Yield per roof,51.27537774755353,290908.1447517654,0.8297280297180762,4.991532913317675
787,Procurement,50.0,290908.1447517654,0.9860671038219593,11.562528473007292
787,Combined,50.31395687258468,290908.14475176536,1.301506664722531,-0.0
788,Uniform,50.0,412768.143543541,0.0,39.08406007367175
788,Screened,50.30688125876449,412768.1435435412,0.41291709591729386,5.883667508198809
788,Yield per roof,51.24621004595725,412768.143543541,1.0421356132946755,17.319217388954133
788,Procurement,50.0,412768.143543541,0.8220443290559061,27.09351552189699
788,Combined,50.30688125876449,412768.1435435412,1.2346404014113759,-0.0
789,Uniform,50.0,311978.16441967466,-1.4210854715202004e-14,6.484853799130485
789,Screened,50.32823080938735,311978.164401386,0.6853636706062787,-0.0
789,Yield per roof,51.331631666411944,311978.1644196746,1.7195786884389719,-0.0
789,Procurement,50.0,311978.16441967466,1.1186786750221671,2.9236842811407526
789,Combined,50.32823080938735,311978.164401386,1.8053322939631329,-0.0
790,Uniform,50.0,428615.7794633976,0.0,25.572993813434795
790,Screened,50.315617412224206,428615.7794380769,0.4753777372622494,-0.0
790,Yield per roof,51.28447108678129,428615.7794633976,1.2446766423009592,6.307041069563377
790,Procurement,50.0,428615.7794633976,0.7787777489896541,19.571498034882026
790,Combined,50.315617412224206,428615.7794380769,1.2551199362920045,-0.0
791,Uniform,50.0,343678.1292402188,0.0,16.863450859567877
791,Screened,50.32131449338643,343678.12921991677,0.4744293282162886,-0.0
791,Yield per roof,51.307967366559154,343678.1292402188,1.1744268720955944,2.784169708113491
791,Procurement,50.0,343678.1292402188,0.9928545042153729,10.99599789367582
791,Combined,50.32131449338643,343678.12921991677,1.471067108825821,-0.0
792,Uniform,50.0,294470.4934358627,0.0,6.996771137019526
792,Screened,50.3102857440153,294470.4934184899,0.4947519302848207,-0.0
792,Yield per roof,51.26156571497094,294470.49343586265,1.1771123530748326,-0.0
792,Procurement,50.0,294470.4934358627,0.9145785926611296,3.023652801929445
792,Combined,50.3102857440153,294470.4934184899,1.4108644461713453,-0.0
793,Uniform,50.0,403207.9253159693,0.0,31.782679255201327
793,Screened,50.32205656274257,403207.9252926345,0.4916080794379525,-0.0
793,Yield per roof,51.30655338103604,403207.9253159693,1.23649948734284,9.256816145419734
793,Procurement,50.0,403207.9253159693,0.9068691536698879,24.80008300596584
793,Combined,50.32205656274257,403207.9252926345,1.3991263287283289,-0.0
794,Uniform,50.0,281748.7259718672,0.0,6.529702603095176
794,Screened,50.31719285377944,281748.7259718672,0.4859255964637299,-0.0
794,Yield per roof,51.2888710262185,281748.7259718672,1.292759498080855,-0.0
794,Procurement,50.0,281748.7259718672,0.9448755156438438,2.5761236926036375
794,Combined,50.31719285377944,281748.7259718672,1.4325213980716,-0.0
795,Uniform,50.0,349784.9749267233,0.0,17.049109240735973
795,Screened,50.307976969807385,349784.974906233,0.5342842255130478,-0.0
795,Yield per roof,51.25011692026084,349784.9749267234,1.2814896526643338,2.4534259135222842
795,Procurement,50.0,349784.9749267233,0.9908472106154704,11.188286967400437
795,Combined,50.307976969807385,349784.974906233,1.5254344557818769,-0.0
796,Uniform,50.0,314132.789150672,-7.105427357601002e-15,60.941920759483686
796,Screened,50.30855484092267,314132.7891322008,0.28279711540387353,28.19687452088684
796,Yield per roof,51.253006500815616,314132.78915067203,0.7220697657718347,41.597622612743265
796,Procurement,50.0,314132.789150672,1.0043364908550032,33.493079288565575
796,Combined,50.30855484092267,314132.7891322008,1.2875636443363803,8.335644779609641
797,Uniform,50.0,415142.5414134002,-1.4210854715202004e-14,11.692106476325383
797,Screened,50.31122468002024,415142.5413964344,0.7565428618353138,-0.0
797,Yield per roof,51.26625229348358,415142.5414134002,1.8469542209045784,0.05238754702267416
797,Procurement,50.0,415142.5414134002,0.8579922140791325,8.021428803828865
797,Combined,50.31122468002024,415142.5413964344,1.6153847560156578,-0.0
798,Uniform,50.0,279385.9636049749,0.0,10.97637182195486
798,Screened,50.31546203453815,279385.9636049748,0.39545893939168764,-0.0
798,Yield per roof,51.280613518169574,279385.963604975,1.0810562667778072,0.9037756170770652
798,Procurement,50.0,279385.9636049749,0.9745944476757558,5.93885515948849
798,Combined,50.31546203453815,279385.9636049748,1.3703413205142283,-0.0
799,Uniform,50.0,289875.2796367201,0.0,30.401646437074124
799,Screened,50.312388213789184,289875.27962226386,0.2650518541475222,5.746679121509941
799,Yield per roof,51.27204030022292,289875.27963672014,0.7488577823627054,14.729881978205961
799,Procurement,50.0,289875.2796367201,0.9576693393164248,17.581486508105275
799,Combined,50.312388213789184,289875.27962226386,1.2232738913078762,-0.0
800,Uniform,50.0,405558.3889500556,1.4210854715202004e-14,19.543266653182332
800,Screened,50.32351085745465,405558.3889261186,0.5966412148438991,-0.0
800,Yield per roof,51.32041331662685,405558.3889500557,1.4365158912096234,3.082239654624696
800,Procurement,50.0,405558.3889500556,0.878565642091047,14.348053661292045
800,Combined,50.32351085745465,405558.3889261186,1.479401648582467,-0.0
801,Uniform,50.0,329918.7741152394,0.0,12.813709114478295
801,Screened,50.322017484110255,329918.77409584285,0.5466030018362744,-0.0
801,Yield per roof,51.306784137685426,329918.7741152394,1.3594106347207884,1.1089954015217967
801,Procurement,50.0,329918.7741152394,0.9416402040239973,7.713235050310789
801,Combined,50.322017484110255,329918.77409584285,1.4880258228771481,-0.0
802,Uniform,50.0,331440.7412248879,0.0,16.868506280874307
802,Screened,50.31915883699383,331440.7412053596,0.4280444431481101,-0.0
802,Yield per roof,51.29794531958851,331440.7412248879,1.1385115782420456,2.7190277576984845
802,Procurement,50.0,331440.7412248879,0.9608000710716311,11.033806981306682
802,Combined,50.31915883699383,331440.7412053596,1.3889371069185188,-0.0
803,Uniform,50.0,368107.2662041504,0.0,28.33746631796657
803,Screened,50.31574630091129,368107.2661825597,0.4157615718751657,-0.0
803,Yield per roof,51.28003574723506,368107.2662041504,1.0235832563906229,8.610923393844569
803,Procurement,50.0,368107.2662041504,0.9212206363925617,21.23835362592286
803,Combined,50.31574630091129,368107.2661825597,1.3369544434019218,-0.0
804,Uniform,50.0,300833.22963718954,0.0,16.57302372787209
804,Screened,50.312414952727515,300833.22963718965,0.4147866190291438,-0.0
804,Yield per roof,51.26827992311345,300833.2296371895,1.0800940691561038,2.850384613967049
804,Procurement,50.0,300833.22963718954,1.042186026771759,10.157877130032439
804,Combined,50.312414952727515,300833.22963718965,1.4576050857574216,-0.0
805,Uniform,50.0,317186.91622035706,0.0,16.162961429974615
805,Screened,50.315600110689914,317186.916201588,0.40417520008240615,-0.0
805,Yield per roof,51.297578901318616,317186.9162203572,0.9612283153723382,3.4029165126823915
805,Procurement,50.0,317186.91622035706,0.8897103935676682,10.536292994327258
805,Combined,50.315600110689914,317186.916201588,1.2995647533869885,-0.0
806,Uniform,50.0,284249.4006279354,0.0,1.9712670982686091
806,Screened,50.30462366957478,284249.4006279354,0.6341404914740281,-0.0
806,Yield per roof,51.238052830634665,284249.40062793536,1.6183745980956559,-0.0
806,Procurement,50.0,284249.4006279354,0.8590883874926618,0.8150715408386205
806,Combined,50.30462366957478,284249.4006279354,1.494409143812419,-0.0
807,Uniform,50.0,283938.0294004448,0.0,6.51137672801116
807,Screened,50.31450954271207,283938.02938381943,0.49559861565532515,-0.0
807,Yield per roof,51.27863894304425,283938.0294004448,1.2717430202492181,-0.0
807,Procurement,50.0,283938.0294004448,0.9185928539274926,2.5631359697851233
807,Combined,50.31450954271207,283938.02938381943,1.4137467654469589,-0.0
808,Uniform,50.0,279186.5840317955,-1.4210854715202004e-14,4.004128805671663
808,Screened,50.31388119607592,279186.5840317955,0.6627437330417081,-0.0
808,Yield per roof,51.27282376606351,279186.58403179556,1.6620447166682624,-0.0
808,Procurement,50.0,279186.5840317955,1.0988189184281367,2.1111519536857664
808,Combined,50.31388119607592,279186.5840317955,1.7625013619885408,-0.0
809,Uniform,50.0,410197.0459089833,0.0,32.25481863817478
809,Screened,50.31550897129684,410197.0459089832,0.40960012007514024,-0.0
809,Yield per roof,51.28318359940746,410197.04590898333,1.039551674313941,10.238783554922827
809,Procurement,50.0,410197.0459089833,0.8543876364977621,25.662988984546157
809,Combined,50.31550897129684,410197.0459089832,1.2696632565415769,-0.0
810,Uniform,50.0,335195.05355378217,0.0,6.473672045152843
810,Screened,50.31700972306305,335195.0535537823,0.6656937685930018,-0.0
810,Yield per roof,51.28886009971943,335195.05355378217,1.7110125048485685,-0.0
810,Procurement,50.0,335195.05355378217,1.109456064107846,2.952177657686739
810,Combined,50.31700972306305,335195.0535537823,1.7780190305276165,-0.0
811,Uniform,50.0,409533.46530243114,0.0,25.615223586885747
811,Screened,50.3291802294368,409533.46527831274,0.5392435509026541,-0.0
811,Yield per roof,51.34519742770319,409533.46530243126,1.33810562819869,6.129254356737097
811,Procurement,50.0,409533.46530243114,0.9067188599115639,18.863362354743956
811,Combined,50.3291802294368,409533.46527831274,1.4524465852206987,-0.0
812,Uniform,50.0,337263.31963320327,0.0,16.52963200138155
812,Screened,50.32354072630938,337263.31961343973,0.43982286128991177,-0.0
812,Yield per roof,51.31525811982844,337263.3196332033,1.1195908767478358,2.7965594787185752
812,Procurement,50.0,337263.31963320327,0.9769874236457099,10.707501429468124
812,Combined,50.32354072630938,337263.31961343973,1.4195488590929273,-0.0
813,Uniform,50.0,405776.0637733805,0.0,8.192208546754857
813,Screened,50.30771430772538,405776.06377338053,0.7405082620219332,-0.0
813,Yield per roof,51.249738428850335,405776.0637733805,1.8477230101789104,-0.0
813,Procurement,50.0,405776.0637733805,0.8485304919606307,4.506209893982066
813,Combined,50.30771430772538,405776.06377338053,1.5911147139265296,-0.0
814,Uniform,50.0,353073.2782757587,0.0,60.621401881157496
814,Screened,50.32151246493696,353073.27825495554,0.29671053053643703,26.935695790606257
814,Yield per roof,51.31361997113058,353073.2782757587,0.7902953824589076,40.50018197499873
814,Procurement,50.0,353073.2782757587,0.879281290340181,36.69992143974028
814,Combined,50.32151246493696,353073.27825495554,1.1764417688220021,9.642851284291373
815,Uniform,50.0,316058.09270721616,0.0,13.867090309631548
815,Screened,50.312658040854465,316058.09268871025,0.6018240258484582,-0.0
815,Yield per roof,51.2675310022965,316058.09270721616,1.436412676478696,1.2788631016726373
815,Procurement,50.0,316058.09270721616,1.1405731210132615,7.813595684402817
815,Combined,50.312658040854465,316058.09268871025,1.7438480820497944,-0.0
816,Uniform,50.0,415591.17737367586,0.0,14.898017025915076
816,Screened,50.334840495070786,415591.1773675838,0.8672130858111871,-0.0
816,Yield per roof,51.35894283492896,415591.17737367575,2.145236328211979,0.34958150407533023
816,Procurement,50.0,415591.17737367586,1.0684856432803542,10.34774829441
816,Combined,50.334840495070786,415591.1773675838,1.938426736817263,-0.0
817,Uniform,50.0,344338.9456155257,0.0,72.37893027237895
817,Screened,50.31442152242973,344338.94561552565,0.28583786123463284,37.26398072119587
817,Yield per roof,51.27763737122423,344338.9456155258,0.7106572781095792,51.68283607478672
817,Procurement,50.0,344338.9456155257,0.8885230505796144,48.14580081089591
817,Combined,50.31442152242973,344338.94561552565,1.173937040474506,19.751410034827607
818,Uniform,50.0,364358.9727968045,0.0,26.28252709082305
818,Screened,50.31968883494692,364358.97277602594,0.501819957339535,-0.0
818,Yield per roof,51.29753491267371,364358.97279680445,1.244000347885148,6.675726212796727
818,Procurement,50.0,364358.9727968045,1.1336597396902306,17.60876595925256
818,Combined,50.31968883494692,364358.97277602594,1.6380694420475947,-0.0
819,Uniform,50.0,330697.8096724897,0.0,95.63061068941349
819,Screened,50.315990548393366,330697.80967248976,0.29976150931238266,52.95540866208166
819,Yield per roof,51.27898140918993,330697.8096724897,0.7096893447008839,72.45380030048457
819,Procurement,50.0,330697.8096724897,1.2071054843105102,62.876112578103275
819,Combined,50.315990548393366,330697.80967248976,1.5092549503842747,29.19261935187351
820,Uniform,50.0,292714.83804227464,0.0,19.51289876080511
820,Screened,50.313175848951985,292714.8380422747,0.3454153670471882,-0.0
820,Yield per roof,51.27021984371106,292714.8380422746,0.9358009831962448,4.7279207936458185
820,Procurement,50.0,292714.83804227464,1.027880459471703,12.014825522766143
820,Combined,50.313175848951985,292714.8380422747,1.3735303503189797,-0.0
821,Uniform,50.0,315017.855902811,0.0,17.303279454997483
821,Screened,50.32449888364531,315017.8558842062,0.36912366757364623,-0.0
821,Yield per roof,51.322056495189905,315017.8559028109,0.9980844189213229,3.4531896348873
821,Procurement,50.0,315017.855902811,0.9486244552177538,11.209958919208441
821,Combined,50.32449888364531,315017.8558842062,1.321752052725742,-0.0
822,Uniform,50.0,394146.9271919024,0.0,25.30745888986722
822,Screened,50.33549092662646,394146.92716900614,0.5745381763630064,-0.0
822,Yield per roof,51.36421872259784,394146.92719190265,1.4385653346495815,5.4505399564881225
822,Procurement,50.0,394146.9271919024,1.100880280437238,17.724563172033537
822,Combined,50.33549092662646,394146.92716900614,1.6787644286955015,-0.0
823,Uniform,50.0,312341.15833622124,-7.105427357601002e-15,31.700621710820712
823,Screened,50.304628026870404,312341.1583362211,0.2849605697362989,5.891877845688025
823,Yield per roof,51.23716865142654,312341.1583362212,0.7854963217318698,15.12547204875465
823,Procurement,50.0,312341.15833622124,0.957271671711375,18.69738890607278
823,Combined,50.304628026870404,312341.1583362211,1.2426987210757972,-0.0
824,Uniform,50.0,367497.91756484983,1.4210854715202004e-14,9.498029057649903
824,Screened,50.32358063049772,367497.9175664602,0.6699154897726913,-0.0
824,Yield per roof,51.32500361007657,367497.91756484966,1.6817196776902392,-0.0
824,Procurement,50.0,367497.91756484983,0.9771379395729554,5.253032780586418
824,Combined,50.32358063049772,367497.9175664602,1.6516260899253155,-0.0
825,Uniform,50.0,312770.5727876151,0.0,22.873736486164663
825,Screened,50.32221319173875,312770.5727692039,0.4214573239771937,-0.0
825,Yield per roof,51.30810576661378,312770.5727876151,1.0241712006713186,6.219014057777324
825,Procurement,50.0,312770.5727876151,1.0379287710480725,14.857524158383855
825,Combined,50.32221319173875,312770.5727692039,1.4599734263812962,-0.0
826,Uniform,50.0,383170.78723899426,0.0,6.312914153358835
826,Screened,50.31488935809513,383170.7872389943,0.7238270183613054,-0.0
826,Yield per roof,51.28464734960005,383170.7872389944,1.78223518113154,-0.0
826,Procurement,50.0,383170.78723899426,0.8367217525689057,3.3940621244169495
826,Combined,50.31488935809513,383170.7872389943,1.5626153016939668,-0.0
827,Uniform,50.0,299907.5102874683,0.0,65.41564030105282
827,Screened,50.30762242629056,299907.51028746826,0.24294227050165773,33.66610592349556
827,Yield per roof,51.24820059121694,299907.5102874683,0.6218577134413579,47.26608128857126
827,Procurement,50.0,299907.5102874683,1.0599748081762783,36.30869417337511
827,Combined,50.30762242629056,299907.51028746826,1.303588332953332,12.57920404002761
828,Uniform,50.0,371825.4801254786,0.0,8.173441383323606
828,Screened,50.31387287674735,371825.4801254786,0.654237683604137,-0.0
828,Yield per roof,51.27783358128008,371825.4801254787,1.5861118724986483,-0.0
828,Procurement,50.0,371825.4801254786,0.8679372265547585,4.404016282374123
828,Combined,50.31387287674735,371825.4801254786,1.5251367688089346,-0.0
829,Uniform,50.0,350866.97150702565,0.0,8.039906334389391
829,Screened,50.31244543028908,350866.9715070256,0.6374654218213465,-0.0
829,Yield per roof,51.26943579100392,350866.97150702553,1.604219492722052,-0.0
829,Procurement,50.0,350866.97150702565,0.9044239428562832,4.1103090746565885
829,Combined,50.31244543028908,350866.9715070256,1.5427608704477365,-0.0
830,Uniform,50.0,417261.5921049537,0.0,35.112094589992786
830,Screened,50.31151713530147,417261.59210495354,0.46341448311800093,1.3110901984899015
830,Yield per roof,51.26591277348523,417261.5921049536,1.1110706870817495,12.947919560390954
830,Procurement,50.0,417261.5921049537,0.8173929926423114,27.77740889005384
830,Combined,50.31151713530147,417261.59210495354,1.28080979555682,-0.0
831,Uniform,50.0,360918.6354610723,0.0,11.356844280544202
831,Screened,50.31569835421266,360918.6354397149,0.5355794223607688,-0.0
831,Yield per roof,51.283594459664755,360918.6354610723,1.3495843063676034,0.7349985174011081
831,Procurement,50.0,360918.6354610723,0.8204711478337572,7.216066625783347
831,Combined,50.31569835421266,360918.6354397149,1.358857142452763,-0.0
832,Uniform,50.0,343029.0965676196,0.0,19.308594961758168
832,Screened,50.31384897350593,343029.0965676194,0.4341707356281148,-0.0
832,Yield per roof,51.2739857820366,343029.0965676196,1.0878545399410768,4.239476008087337
832,Procurement,50.0,343029.0965676196,0.903481984747657,12.948740016911032
832,Combined,50.31384897350593,343029.0965676194,1.337402297658926,-0.0
833,Uniform,50.0,366652.87559582543,0.0,4.114035685889561
833,Screened,50.3087118531062,366652.8755958254,0.7074627736555499,-0.0
833,Yield per roof,51.25895381447298,366652.8755958255,1.8380610519976557,-0.0
833,Procurement,50.0,366652.87559582543,0.8224184090468469,2.7663570192618057
833,Combined,50.3087118531062,366652.8755958254,1.530865678875628,-0.0
834,Uniform,50.0,281163.85357334383,0.0,67.68426538115162
834,Screened,50.30937125859631,281163.85357334383,0.20823347310112084,37.49451755668045
834,Yield per roof,51.25563677685618,281163.85357334395,0.530235402611563,50.51883723848381
834,Procurement,50.0,281163.85357334383,0.951407605587768,41.68700745866502
834,Combined,50.30937125859631,281163.85357334383,1.1595194983599164,18.69151736987958
835,Uniform,50.0,379713.68383665604,0.0,19.06385157206266
835,Screened,50.308423384955184,379713.6838366561,0.5468861019947582,-0.0
835,Yield per roof,51.25106035017243,379713.683836656,1.4531100631188707,2.4620421183020755
835,Procurement,50.0,379713.68383665604,0.9446711367005207,13.49767112390068
835,Combined,50.308423384955184,379713.6838366561,1.4919545211674006,-0.0
836,Uniform,50.0,414265.5572179094,0.0,13.186602695610613
836,Screened,50.32863931494194,414265.5571948571,0.8418431948877299,-0.0
836,Yield per roof,51.33171703063163,414265.5572179094,1.9626610365939996,0.7107182689494167
836,Procurement,50.0,414265.5572179094,1.068211533145643,8.456435344106286
836,Combined,50.32863931494194,414265.5571948571,1.9130494845055352,-0.0
837,Uniform,50.0,369579.75382871274,0.0,13.009215018140916
837,Screened,50.320940659802815,369579.75382871274,0.7082814730196674,-0.0
837,Yield per roof,51.30176648474403,369579.75382871274,1.7109335109706194,0.5850334403444702
837,Procurement,50.0,369579.75382871274,1.074563187129769,8.031465073973957
837,Combined,50.320940659802815,369579.75382871274,1.784896968368372,-0.0
838,Uniform,50.0,299283.5755837457,0.0,10.464317361911684
838,Screened,50.31885618038902,299283.5755837456,0.579092781469825,-0.0
838,Yield per roof,51.29138877408164,299283.5755837457,1.4172367271547728,0.296187836515872
838,Procurement,50.0,299283.5755837457,1.1554053569493021,5.313683004160767
838,Combined,50.31885618038902,299283.5755837456,1.736479420883299,-0.0
839,Uniform,50.0,388340.42024374567,0.0,28.734385176664343
839,Screened,50.32151931811601,388340.42022090376,0.4990865591405651,-0.0
839,Yield per roof,51.30614992986148,388340.42024374555,1.2479097702641866,7.822391802860117
839,Procurement,50.0,388340.42024374567,1.0108935816206497,20.912418630406908
839,Combined,50.32151931811601,388340.42022090376,1.5118242639785535,-0.0
840,Uniform,50.0,293246.1300624214,0.0,17.408827792673545
840,Screened,50.30627975232074,293246.13006242143,0.37747253894001176,-0.0
840,Yield per roof,51.2432288513521,293246.1300624213,0.9702484121228423,3.6947192243905556
840,Procurement,50.0,293246.1300624214,0.9352909351196175,11.025270876848628
840,Combined,50.30627975232074,293246.13006242143,1.3121434950334745,-0.0
841,Uniform,50.0,292066.8431263206,0.0,32.670259170644414
841,Screened,50.312326409427925,292066.8431263205,0.23787506028163818,9.500824220834136
841,Yield per roof,51.276320142492125,292066.8431263206,0.6194409530464284,19.008428792752902
841,Procurement,50.0,292066.8431263206,0.9087044861506968,16.624586964480827
841,Combined,50.312326409427925,292066.8431263205,1.1487108050482036,-0.0
842,Uniform,50.0,420079.2814638677,0.0,3.3539865106008393
842,Screened,50.305495731925724,420079.28146386775,0.971640772355272,-0.0
842,Yield per roof,51.24243004598381,420079.2814638675,2.3553011501023775,-0.0
842,Procurement,50.0,420079.2814638677,0.8242248464060822,2.259905625520125
842,Combined,50.305495731925724,420079.28146386775,1.795989695820225,-0.0
843,Uniform,50.0,279695.09613489686,0.0,23.34279458029394
843,Screened,50.31907288827198,279695.0961184584,0.33930454129232857,-0.0
843,Yield per roof,51.29425306613482,279695.096134897,0.8374410020708538,7.111185207124287
843,Procurement,50.0,279695.09613489686,1.127599732345466,14.618275007418493
843,Combined,50.31907288827198,279695.0961184584,1.468405688994018,-0.0
844,Uniform,50.0,397487.971251486,0.0,38.97166315898754
844,Screened,50.320527139742026,397487.9712281878,0.4834225321168333,2.571414916299678
844,Yield per roof,51.29861518939203,397487.97125148616,1.1710413039149472,15.67521049162435
844,Procurement,50.0,397487.971251486,0.942427386465468,29.578495196243747
844,Combined,50.320527139742026,397487.9712281878,1.4265604655700344,-0.0
845,Uniform,50.0,427708.67250291456,0.0,6.829752646706799
845,Screened,50.331271317063084,427708.67248517193,1.029463050552522,-0.0
845,Yield per roof,51.34439778370999,427708.6725029146,2.4467775284065,-0.0
845,Procurement,50.0,427708.67250291456,0.8830449017536921,4.46053075214139
845,Combined,50.331271317063084,427708.67248517193,1.914363488515221,-0.0
846,Uniform,50.0,318541.187584882,0.0,13.501549949960522
846,Screened,50.30985883595479,318541.187584882,0.47040619450444865,-0.0
846,Yield per roof,51.258214270877865,318541.1875848821,1.2463454509955056,1.3615611022224898
846,Procurement,50.0,318541.187584882,0.9657121478502688,8.078470468233384
846,Combined,50.30985883595479,318541.187584882,1.437068877260316,-0.0
847,Uniform,50.0,337781.1732077042,0.0,11.617548033306779
847,Screened,50.31318120946547,337781.1732077042,0.5608871955660817,-0.0
847,Yield per roof,51.27051141077489,337781.1732077042,1.42958216712708,0.5437173280126023
847,Procurement,50.0,337781.1732077042,1.0358551763990107,6.710161127287154
847,Combined,50.31318120946547,337781.1732077042,1.5979551004234764,-0.0
848,Uniform,50.0,429611.21718170337,0.0,12.054082425228422
848,Screened,50.31600807333265,429611.21715630044,0.7071576673503159,-0.0
848,Yield per roof,51.29292382662694,429611.21718170337,1.6965600312737052,0.4515489982936932
848,Procurement,50.0,429611.21718170337,0.7269834554222427,8.614384300660186
848,Combined,50.31600807333265,429611.21715630044,1.437447650912702,-0.0
849,Uniform,50.0,288534.807503414,0.0,7.05056533230995
849,Screened,50.315386126293824,288534.80750341405,0.5051867808452783,-0.0
849,Yield per roof,51.286467896316076,288534.80750341393,1.2730396571098623,-0.0
849,Procurement,50.0,288534.807503414,0.9111968107737027,3.0912622200324438
849,Combined,50.315386126293824,288534.80750341405,1.417747286851764,-0.0
850,Uniform,50.0,283884.8092037814,0.0,21.774788627126767
850,Screened,50.311037031579694,283884.8092037813,0.3501997485263644,-0.0
850,Yield per roof,51.26211526862617,283884.80920378154,0.937137000688196,5.734355270546842
850,Procurement,50.0,283884.8092037814,1.0795698745248146,13.483052918388937
850,Combined,50.311037031579694,283884.8092037813,1.4307579210164292,-0.0
851,Uniform,50.0,330351.82230060676,0.0,23.068098074761064
851,Screened,50.30792091591208,330351.82230060664,0.4051750134194094,-0.0
851,Yield per roof,51.24959601920404,330351.82230060676,1.0290828596368442,6.087797000028611
851,Procurement,50.0,330351.82230060676,0.9464026459855148,15.768938069778683
851,Combined,50.30792091591208,330351.82230060664,1.351381018946924,-0.0
852,Uniform,50.0,319042.0752154502,0.0,14.435993412668363
852,Screened,50.309669651696254,319042.07521545026,0.49897685417498394,-0.0
852,Yield per roof,51.25575751857644,319042.0752154502,1.22526691891251,1.8715240320115418
852,Procurement,50.0,319042.0752154502,1.0552726239650525,8.273529913189401
852,Combined,50.309669651696254,319042.07521545026,1.5546781057724104,-0.0
853,Uniform,50.0,344876.73515270243,0.0,8.321683003766257
853,Screened,50.329999700139275,344876.7351323891,0.6147293537329546,-0.0
853,Yield per roof,51.3532946157329,344876.73515270243,1.562022584147968,-0.0
853,Procurement,50.0,344876.73515270243,0.941066550545699,4.23456552320386
853,Combined,50.329999700139275,344876.7351323891,1.55916632743687,-0.0
854,Uniform,50.0,334908.78781051084,0.0,16.959730426763485
854,Screened,50.313187393237705,334908.7878105107,0.4298848769929009,-0.0
854,Yield per roof,51.269986144361546,334908.7878105107,1.147970060853254,2.6345363767105483
854,Procurement,50.0,334908.78781051084,0.933732079523125,11.30902161227843
854,Combined,50.313187393237705,334908.7878105107,1.3633250829603583,-0.0
855,Uniform,50.0,309133.2468269008,0.0,22.449473540368746
855,Screened,50.320275237298226,309133.2468086306,0.3126168906376847,-0.0
855,Yield per roof,51.301963538111366,309133.2468269007,0.7792140589792282,7.009973323853354
855,Procurement,50.0,309133.2468269008,0.929729446883087,15.281683537317884
855,Combined,50.320275237298226,309133.2468086306,1.2435325128973886,-0.0
856,Uniform,50.0,292968.8836079429,0.0,13.994473479750168
856,Screened,50.31862128090987,292968.8835907305,0.46710232121813533,-0.0
856,Yield per roof,51.29268494669848,292968.88360794296,1.1414614610374372,1.798961356806589
856,Procurement,50.0,292968.8836079429,0.9954179068210323,8.126529448231087
856,Combined,50.31862128090987,292968.8835907305,1.4628459964262106,-0.0
857,Uniform,50.0,424620.21092255996,0.0,36.774098098987764
857,Screened,50.34494105331008,424620.2109261586,0.43486319079968894,1.7143711943368132
857,Yield per roof,51.41354669901639,424620.21092256013,1.0864787691407543,17.376391494934783
857,Procurement,50.0,424620.21092255996,0.9408360326752074,28.926783495863393
857,Combined,50.34494105331008,424620.2109261586,1.3825724656132792,-0.0
858,Uniform,50.0,400212.43580042187,0.0,14.952027748446502
858,Screened,50.337873657180126,400212.43577697163,0.7083120702684766,-0.0
858,Yield per roof,51.372815497439134,400212.4358004221,1.6498908113486124,1.450378705288431
858,Procurement,50.0,400212.43580042187,0.9348115120864975,9.69176985888926
858,Combined,50.337873657180126,400212.43577697163,1.6463979629589005,-0.0
859,Uniform,50.0,369273.7188058832,0.0,64.05450618914477
859,Screened,50.31417212911276,369273.71878413245,0.30965647592378076,28.3477157712983
859,Yield per roof,51.27812645380408,369273.71880588337,0.834263902548777,42.53890530847865
859,Procurement,50.0,369273.7188058832,0.9017842035250467,39.577802949394325
859,Combined,50.31417212911276,369273.71878413245,1.2117604594264506,10.64948918361332
860,Uniform,50.0,336842.9041628607,0.0,4.2215569114872515
860,Screened,50.31897337185572,336842.9041429823,0.6769747683313483,-0.0
860,Yield per roof,51.29588901267572,336842.9041628607,1.7119203378479995,-0.0
860,Procurement,50.0,336842.9041628607,0.9429838831910473,2.4435613596164596
860,Combined,50.31897337185572,336842.9041429823,1.619935158329966,-0.0
861,Uniform,50.0,351045.19689724816,0.0,25.10249892540941
861,Screened,50.3120290039523,351045.19689724816,0.36354169561170835,-0.0
861,Yield per roof,51.26569561203482,351045.1968972482,0.9975264110411572,6.9854228272030285
861,Procurement,50.0,351045.19689724816,0.9295684804789701,17.96869382416771
861,Combined,50.3120290039523,351045.19689724816,1.2928708080741202,-0.0
862,Uniform,50.0,393969.0889250313,0.0,15.799862008474307
862,Screened,50.30563905874408,393969.08892503125,0.5605214376926,-0.0
862,Yield per roof,51.24144800635216,393969.08892503125,1.4234233263249934,1.7570475207029865
862,Procurement,50.0,393969.0889250313,0.8553662494324215,10.759185863434752
862,Combined,50.30563905874408,393969.08892503125,1.4159580746736538,-0.0
863,Uniform,50.0,327132.8495186089,1.4210854715202004e-14,7.27924533212145
863,Screened,50.31776967205905,327132.84949933644,0.6342108965835109,-0.0
863,Yield per roof,51.28982511824698,327132.8495186088,1.5306852358203002,-0.0
863,Procurement,50.0,327132.8495186089,0.9549314354653973,3.155596946312531
863,Combined,50.31776967205905,327132.84949933644,1.589258861690439,-0.0
864,Uniform,50.0,304409.52769888303,0.0,55.07373756433362
864,Screened,50.30213992628265,304409.52769888286,0.19858336464274373,27.299892606380997
864,Yield per roof,51.2276789886542,304409.5276988831,0.5107726307738503,40.47476736795647
864,Procurement,50.0,304409.52769888303,0.8673930808747699,31.468733520638303
864,Combined,50.30213992628265,304409.52769888286,1.0712679508995961,10.128880278739924
865,Uniform,50.0,339376.3159024401,0.0,52.14775826548666
865,Screened,50.311720331743096,339376.3159024403,0.3483718681636816,18.804746278241883
865,Yield per roof,51.266337538695126,339376.31590244017,0.8550135644032935,31.82866579188228
865,Procurement,50.0,339376.3159024401,0.9996711649414536,26.11381555447053
865,Combined,50.311720331743096,339376.3159024403,1.3485460201850685,-0.0
866,Uniform,50.0,360153.7911119605,0.0,12.848093711741576
866,Screened,50.30461577947221,360153.79111196054,0.5344737060446647,-0.0
866,Yield per roof,51.23749077873163,360153.7911119605,1.3203223551748664,1.2406012377337372
866,Procurement,50.0,360153.7911119605,0.8514075873045215,7.980112058178414
866,Combined,50.30461577947221,360153.79111196054,1.3855243281363414,-0.0
867,Uniform,50.0,304525.56950970844,0.0,48.14955013313673
867,Screened,50.31254676838558,304525.5695097084,0.29602121282327687,18.070088449628038
867,Yield per roof,51.26762025025307,304525.56950970844,0.773280342957932,29.63983587743526
867,Procurement,50.0,304525.56950970844,1.000894392207023,22.743276844509502
867,Combined,50.31254676838558,304525.5695097084,1.2969933616363036,-0.0
868,Uniform,50.0,369250.5422937075,0.0,95.64646128158589
868,Screened,50.31637350792978,369250.5422721286,0.3337638235294875,51.06048508319323
868,Yield per roof,51.28226066023764,369250.5422937076,0.8261434630422002,70.43669618903047
868,Procurement,50.0,369250.5422937075,1.087211383090164,66.07102189808474
868,Combined,50.31637350792978,369250.5422721286,1.422211461246711,29.611962629616453
869,Uniform,50.0,361182.4149974809,0.0,60.80716659873023
869,Screened,50.30988691040173,361182.4149974809,0.30180517333207035,27.33751869016877
869,Yield per roof,51.260364074393884,361182.41499748087,0.7570634516188335,41.199455163222524
869,Procurement,50.0,361182.4149974809,0.8605337972816898,37.35553487963147
869,Combined,50.30988691040173,361182.4149974809,1.1639235373279604,10.350191287940063
870,Uniform,50.0,350092.8670107116,0.0,3.5890252270837455
870,Screened,50.30677734622323,350092.86701071163,0.7730329596767831,-0.0
870,Yield per roof,51.24519420722826,350092.86701071163,1.865543946361612,-0.0
870,Procurement,50.0,350092.8670107116,0.9544231214340186,2.314939835526682
870,Combined,50.30677734622323,350092.86701071163,1.727956846799998,-0.0
871,Uniform,50.0,337604.3126427402,0.0,24.247040908943557
871,Screened,50.340503837047315,337604.3126229695,0.48265090822988554,-0.0
871,Yield per roof,51.38114749708902,337604.3126427402,1.1866885516598273,6.210762736589622
871,Procurement,50.0,337604.3126427402,0.9991975232429411,16.52767914703281
871,Combined,50.340503837047315,337604.3126229695,1.4832630796452548,-0.0
872,Uniform,50.0,282509.3971770893,0.0,9.797072572275155
872,Screened,50.31748168085823,282509.3971604199,0.45319466271938325,-0.0
872,Yield per roof,51.289477368613305,282509.39717708924,1.1709625920556022,0.5484226882749226
872,Procurement,50.0,282509.3971770893,0.998071411266281,5.027936339933546
872,Combined,50.31748168085823,282509.3971604199,1.4521615736586,-0.0
873,Uniform,50.0,374474.55222670315,0.0,14.274618690972472
873,Screened,50.31451130812431,374474.5522045472,0.5206718099142336,-0.0
873,Yield per roof,51.281925517665606,374474.55222670315,1.2463089842513142,1.7979979907302979
873,Procurement,50.0,374474.55222670315,0.8152617264486679,9.465689451324241
873,Combined,50.31451130812431,374474.5522045472,1.3406739440356006,-0.0
874,Uniform,50.0,395285.9769467265,0.0,41.191312944181824
874,Screened,50.318845062533,395285.9769234712,0.39775083900785546,7.9010452276632535
874,Yield per roof,51.297344973237074,395285.9769467265,1.006052524459598,19.91564442834002
874,Procurement,50.0,395285.9769467265,0.8954049412547178,26.76725846434086
874,Combined,50.318845062533,395285.9769234712,1.2933977549814557,-0.0
875,Uniform,50.0,425853.33970015123,0.0,107.22868926581465
875,Screened,50.33320746281275,425853.3397005936,0.3357976254721535,59.42746259374622
875,Yield per roof,51.36056068218631,425853.3397001513,0.819557032310918,81.70438750527649
875,Procurement,50.0,425853.33970015123,0.8571479478123649,83.73942589624188
875,Combined,50.33320746281275,425853.3397005936,1.1968533237094192,42.34677706427268
876,Uniform,50.0,348104.3090267035,-1.4210854715202004e-14,9.654535319189064
876,Screened,50.32171021493087,348104.30900626734,0.6645216976538677,-0.0
876,Yield per roof,51.304348953064256,348104.3090267035,1.649316781488082,-0.0
876,Procurement,50.0,348104.3090267035,1.0877688761030129,4.995453081956012
876,Combined,50.32171021493087,348104.30900626734,1.754197148120781,-0.0
877,Uniform,50.0,353397.076308336,0.0,3.417147347509776
877,Screened,50.31372660457196,353397.07629268605,0.7655593429155658,-0.0
877,Yield per roof,51.28050196328035,353397.076308336,1.8988927548156767,-0.0
877,Procurement,50.0,353397.076308336,0.9140889572058484,2.1908504134422597
877,Combined,50.31372660457196,353397.07629268605,1.680651445176295,-0.0
878,Uniform,50.0,343455.2133764442,0.0,25.425540046065695
878,Screened,50.34662310487026,343455.213356351,0.5503521848623052,-0.0
878,Yield per roof,51.41590311543258,343455.21337644407,1.3217753422473493,6.188564854573646
878,Procurement,50.0,343455.2133764442,1.2530234230993358,16.584657606392422
878,Combined,50.34662310487026,343455.213356351,1.8093787960213348,-0.0
879,Uniform,50.0,283015.2080231237,7.105427357601002e-15,17.69269247909889
879,Screened,50.31510709478467,283015.2080231237,0.312349976864148,-0.0
879,Yield per roof,51.28051288774412,283015.20802312373,0.8412924474532062,4.3622649750628275
879,Procurement,50.0,283015.2080231237,0.9241108713269313,10.931771615236064
879,Combined,50.31510709478467,283015.2080231237,1.2369558010461645,-0.0
880,Uniform,50.0,415702.6961677474,0.0,10.468180069806401
880,Screened,50.31013305321832,415702.69614402857,0.6881278854868356,-0.0
880,Yield per roof,51.2607017500801,415702.6961677474,1.7609759990787666,-0.0
880,Procurement,50.0,415702.6961677474,0.8506689361348805,6.771721697756309
880,Combined,50.31013305321832,415702.69614402857,1.540616786992942,-0.0
881,Uniform,50.0,349739.73608008627,0.0,19.388765347566782
881,Screened,50.32220692169983,349739.7360594617,0.46446533065963536,-0.0
881,Yield per roof,51.30920488136343,349739.7360800863,1.183039603046879,3.7698401011382487
881,Procurement,50.0,349739.73608008627,1.0428030440471616,12.802033085812306
881,Combined,50.32220692169983,349739.7360594617,1.511255746428759,-0.0
882,Uniform,50.0,282849.0174712256,0.0,66.2408898590058
882,Screened,50.326448949821135,282849.01745462493,0.2461053523315897,34.21560953326453
882,Yield per roof,51.32452745220647,282849.01747122547,0.6268569142540272,48.006745025337565
882,Procurement,50.0,282849.0174712256,1.0576689312200926,37.3399687975273
882,Combined,50.326448949821135,282849.01745462493,1.3045165556079183,13.28051874505128
883,Uniform,50.0,423399.8698200402,1.4210854715202004e-14,9.103441801144404
883,Screened,50.32439583749309,423399.8697950552,0.7300267076726357,-0.0
883,Yield per roof,51.32449735518716,423399.86982004007,1.8081571212502752,-0.0
883,Procurement,50.0,423399.8698200402,0.7658915779309154,5.776164232102063
883,Combined,50.32439583749309,423399.8697950552,1.4988836248715955,-0.0
884,Uniform,50.0,332390.91391719284,0.0,16.578871237708313
884,Screened,50.31371748300766,332390.9139171927,0.47332172553861085,-0.0
884,Yield per roof,51.274185208258075,332390.9139171928,1.2383250428257213,2.30253703408187
884,Procurement,50.0,332390.91391719284,0.9677613194122614,10.913545412273185
884,Combined,50.31371748300766,332390.9139171927,1.4411795966043996,-0.0
885,Uniform,50.0,312345.4626085056,0.0,14.650585179129036
885,Screened,50.32559786138267,312345.4625901452,0.5022520080171091,-0.0
885,Yield per roof,51.3218882723782,312345.46260850556,1.263921683003602,1.7678052728919162
885,Procurement,50.0,312345.4626085056,0.9934490797215858,8.791365413624325
885,Combined,50.32559786138267,312345.4625901452,1.496235657430475,-0.0
886,Uniform,50.0,316740.09320563445,0.0,39.21196609977999
886,Screened,50.31814619493445,316740.0932056345,0.3584102339019921,8.74723886740692
886,Yield per roof,51.28974827623758,316740.09320563433,0.8940668312606661,20.105667054609615
886,Procurement,50.0,316740.09320563445,1.0223258095413783,22.940282466419617
886,Combined,50.31814619493445,316740.0932056345,1.3811145095791275,-0.0
887,Uniform,50.0,359807.9607060135,0.0,10.447852244819547
887,Screened,50.31354318364243,359807.9606848996,0.7061896233467166,-0.0
887,Yield per roof,51.27119330198478,359807.9607060136,1.6740734777077648,-0.0
887,Procurement,50.0,359807.9607060135,0.9160081471558215,6.515749525244327
887,Combined,50.31354318364243,359807.9606848996,1.6219897546205004,-0.0
888,Uniform,50.0,326813.9215441283,0.0,14.698089644077893
888,Screened,50.31435614407227,326813.92154412833,0.42145265376697694,-0.0
888,Yield per roof,51.279211325416384,326813.9215441283,1.1053213549101741,1.9992944394329548
888,Procurement,50.0,326813.9215441283,0.9569265412360295,9.045000209163822
888,Combined,50.31435614407227,326813.92154412833,1.3797491118186684,-0.0
889,Uniform,50.0,439020.72094349924,0.0,21.119769123968084
889,Screened,50.321246218911064,439020.72094435384,0.631123088660587,-0.0
889,Yield per roof,51.312290338717204,439020.72094349924,1.5484014237924981,3.1921235915138166
889,Procurement,50.0,439020.72094349924,0.7781879553250661,16.52509101251642
889,Combined,50.321246218911064,439020.72094435384,1.413392681248851,-0.0
890,Uniform,50.0,376615.6404406494,0.0,7.195623647634008
890,Screened,50.316635160035496,376615.64042385365,0.7144431309581023,-0.0
890,Yield per roof,51.291953255971904,376615.6404406493,1.6963891300513723,-0.0
890,Procurement,50.0,376615.6404406494,0.8644794329706258,3.5095288122838126
890,Combined,50.316635160035496,376615.64042385365,1.5805940496500028,-0.0
891,Uniform,50.0,425476.14545079815,-1.4210854715202004e-14,22.148893914508438
891,Screened,50.31815445564551,425476.145450798,0.5989471268925683,-0.0
891,Yield per roof,51.29029318420014,425476.14545079827,1.5248247349085347,3.650355963768767
891,Procurement,50.0,425476.14545079815,0.8652023048246633,17.000975076015667
891,Combined,50.31815445564551,425476.145450798,1.4645329975204646,-0.0
892,Uniform,50.0,383755.60118591075,0.0,94.68654881586195
892,Screened,50.32583509885763,383755.60116328835,0.27754200426257114,53.404774747524534
892,Yield per roof,51.32398319314881,383755.60118591075,0.706210931838271,71.64441788959722
892,Procurement,50.0,383755.60118591075,0.8749240861314789,70.7860193966704
892,Combined,50.32583509885763,383755.60116328835,1.1532873363206733,36.10105120273943
893,Uniform,50.0,307878.00068291835,1.4210854715202004e-14,8.594488885293318
893,Screened,50.31704291236564,307878.0006829182,0.5478647112096411,-0.0
893,Yield per roof,51.28673604965697,307878.00068291835,1.4515594623591141,-0.0
893,Procurement,50.0,307878.00068291835,1.1048024001466814,3.786506938948598
893,Combined,50.31704291236564,307878.0006829182,1.6541809113915065,-0.0
894,Uniform,50.0,325150.7350564292,0.0,10.238314935984468
894,Screened,50.30718073259691,325150.7350564293,0.44813430448267866,-0.0
894,Yield per roof,51.24984149147196,325150.7350564293,1.083599176381341,0.9550802598925301
894,Procurement,50.0,325150.7350564292,0.8439674784107467,5.770203582294851
894,Combined,50.30718073259691,325150.7350564293,1.2945842654590507,-0.0
895,Uniform,50.0,309195.56898041745,0.0,20.1484810530946
895,Screened,50.30815923509669,309195.56898041745,0.419727535399673,-0.0
895,Yield per roof,51.25127499259492,309195.56898041745,1.0227558097654708,4.871330030371879
895,Procurement,50.0,309195.56898041745,0.9905011455358306,12.910061145597153
895,Combined,50.30815923509669,309195.56898041745,1.4102463182485394,-0.0
896,Uniform,50.0,283307.57317018206,0.0,14.920062595979191
896,Screened,50.30980694024613,283307.573170182,0.3205010795356529,-0.0
896,Yield per roof,51.25884675300376,283307.57317018206,0.8421946320320117,3.042257169664076
896,Procurement,50.0,283307.57317018206,0.9870448667236005,8.682011455647448
896,Combined,50.30980694024613,283307.573170182,1.3118575894293656,-0.0
897,Uniform,50.0,286394.97919144045,0.0,18.527017564085213
897,Screened,50.304817749593184,286394.9791914403,0.258050112417628,-0.0
897,Yield per roof,51.243222211370735,286394.9791914404,0.7185769985863786,5.181601245333621
897,Procurement,50.0,286394.97919144045,0.8852424024083518,11.708328141424273
897,Combined,50.304817749593184,286394.9791914403,1.1448573508126216,-0.0
898,Uniform,50.0,385084.34064906044,0.0,36.44242925739109
898,Screened,50.31295231292615,385084.3406267353,0.39842155490902087,3.45567251364818
898,Yield per roof,51.27107053579941,385084.34064906056,1.064564177668494,14.812491472475946
898,Procurement,50.0,385084.34064906044,0.9102816849546684,26.244781396447593
898,Combined,50.31295231292615,385084.3406267353,1.3088093125830085,-0.0
899,Uniform,50.0,388047.2354502186,0.0,21.470246358978645
899,Screened,50.32176267685543,388047.2354274267,0.561695382777188,-0.0
899,Yield per roof,51.30592016776774,388047.2354502187,1.3960894560863437,3.8830543277763514
899,Procurement,50.0,388047.2354502186,0.9915755899983623,15.232313893581043
899,Combined,50.32176267685543,388047.2354274267,1.5551440112861883,-0.0
900,Uniform,50.0,381899.1000048456,0.0,87.23720715601304
900,Screened,50.307005519713215,381899.10000484553,0.3039960859279205,46.68275384702074
900,Yield per roof,51.246596304548405,381899.10000484565,0.7721894095855149,63.640075510015244
900,Procurement,50.0,381899.1000048456,0.8494765530621109,64.06181768466496
900,Combined,50.307005519713215,381899.10000484553,1.15344103474974,29.925522228299677
901,Uniform,50.0,361792.89908852987,0.0,6.11188892081271
901,Screened,50.30285122077789,361792.89908853,0.6840057232223984,-0.0
901,Yield per roof,51.23777128940657,361792.89908852964,1.6708290619943682,-0.0
901,Procurement,50.0,361792.89908852987,0.8325014498740302,3.224666726178935
901,Combined,50.30285122077789,361792.89908853,1.5188153899986645,-0.0
902,Uniform,50.0,314850.45293057314,0.0,20.681120577728215
902,Screened,50.324502136351484,314850.4529120553,0.4447691090805108,-0.0
902,Yield per roof,51.318705463317634,314850.45293057314,1.0929644686406874,4.957594969167089
902,Procurement,50.0,314850.45293057314,1.0277193483989606,13.367067944125644
902,Combined,50.324502136351484,314850.4529120553,1.473452022964267,-0.0
903,Uniform,50.0,399478.05768456496,0.0,4.566036284063614
903,Screened,50.31241823456518,399478.05768529704,0.7622839243758364,-0.0
903,Yield per roof,51.276935197114526,399478.0576845651,1.854748004681099,-0.0
903,Procurement,50.0,399478.05768456496,0.780681579748304,3.04677839382401
903,Combined,50.31241823456518,399478.05768529704,1.5445690601207076,-0.0
904,Uniform,50.0,428744.7484668059,2.842170943040401e-14,3.025491213306255
904,Screened,50.30483802388139,428744.7484668058,1.0533681644552644,-0.0
904,Yield per roof,51.23622869307113,428744.74846680585,2.5389804010736157,-0.0
904,Procurement,50.0,428744.7484668059,0.7799956273700843,1.9919856753489802
904,Combined,50.30483802388139,428744.7484668058,1.8328125919811384,-0.0
905,Uniform,50.0,302912.6518589241,0.0,23.005267086939977
905,Screened,50.31852269318995,302912.651841016,0.31435463804745467,-0.0
905,Yield per roof,51.29465136834812,302912.6518589241,0.7632940955288774,7.3707231046866495
905,Procurement,50.0,302912.6518589241,0.9704978270452713,15.511435656738504
905,Combined,50.31852269318995,302912.651841016,1.2868943312340875,-0.0
906,Uniform,50.0,350441.5725792865,7.105427357601002e-15,73.34038893707772
906,Screened,50.30975037524043,350441.5725592409,0.28398812615662195,37.10601870960277
906,Yield per roof,51.25966905278371,350441.5725792864,0.7430336798454675,51.99193807838154
906,Procurement,50.0,350441.5725792865,0.91765399194351,48.27884467179145
906,Combined,50.30975037524043,350441.5725592409,1.2017110393575834,18.977634388838712
907,Uniform,50.0,330737.251802954,0.0,70.11329282353724
907,Screened,50.31341706898702,330737.2517833805,0.16191854506457304,38.28240547404295
907,Yield per roof,51.30258820084168,330737.2518029539,0.35796322974707095,58.18912536240412
907,Procurement,50.0,330737.251802954,0.9485799774267392,44.19473491687388
907,Combined,50.31341706898702,330737.2517833805,1.126908484747723,19.19341268870113
908,Uniform,50.0,293418.96291611297,1.4210854715202004e-14,4.819813806746317
908,Screened,50.317144599779894,293418.9628987494,0.5319178829390836,-0.0
908,Yield per roof,51.29357442802136,293418.96291611297,1.2226499640711097,-0.0
908,Procurement,50.0,293418.96291611297,0.919914486570022,2.2452747721804953
908,Combined,50.317144599779894,293418.9628987494,1.4627178409618438,-0.0
909,Uniform,50.0,330691.82860580506,0.0,19.38913782992032
909,Screened,50.31837517551045,330691.8286067748,0.4246382752590563,-0.0
909,Yield per roof,51.30160903335064,330691.828605805,1.0161714846464207,4.696024508593261
909,Procurement,50.0,330691.82860580506,0.9784152979440961,12.580127917486086
909,Combined,50.31837517551045,330691.8286067748,1.4083584463872114,-0.0
910,Uniform,50.0,438434.0514987251,0.0,29.93843793755998
910,Screened,50.3110904868597,438434.0514987251,0.5615382994488556,-0.0
910,Yield per roof,51.26983546508076,438434.0514987252,1.3597756523199251,8.039675330611727
910,Procurement,50.0,438434.0514987251,0.8289511286404974,23.53419813492596
910,Combined,50.3110904868597,438434.0514987251,1.392519833893303,-0.0
911,Uniform,50.0,316132.0238377118,0.0,25.407195236363574
911,Screened,50.31338643352027,316132.0238190603,0.36126233746622916,-0.0
911,Yield per roof,51.27845360850459,316132.0238377117,0.9303401469412123,7.643580281838858
911,Procurement,50.0,316132.0238377118,0.9705784158955097,17.929612487185185
911,Combined,50.31338643352027,316132.0238190603,1.3317461118930751,-0.0
912,Uniform,50.0,349430.4308407586,0.0,88.53811107752823
912,Screened,50.31058340766934,349430.4308407586,0.2371600095065105,50.44452219649142
912,Yield per roof,51.26143864037414,349430.4308407585,0.6292496605278828,67.15125800980239
912,Procurement,50.0,349430.4308407586,0.9690852297115313,61.99187159427052
912,Combined,50.31058340766934,349430.4308407586,1.2067365100614538,31.224660221425
913,Uniform,50.0,360812.0514981675,0.0,9.383884420647867
913,Screened,50.313360516012,360812.0514981676,0.6304361485772034,-0.0
913,Yield per roof,51.276532398083596,360812.05149816745,1.5337007631183752,-0.0
913,Procurement,50.0,360812.0514981675,0.8685619403497071,5.6112780101520725
913,Combined,50.313360516012,360812.0514981676,1.5008243445237923,-0.0
914,Uniform,50.0,320359.2580507996,0.0,6.159328264025282
914,Screened,50.32077400664877,320359.2580507996,0.7099427707396728,-0.0
914,Yield per roof,51.29870681188795,320359.2580507996,1.7437055219234736,-0.0
914,Procurement,50.0,320359.2580507996,1.009449503837672,3.0217889485519445
914,Combined,50.32077400664877,320359.2580507996,1.7195681866213164,-0.0
915,Uniform,50.0,416071.60199439735,1.4210854715202004e-14,20.125376372322187
915,Screened,50.346521596638894,416071.6019702556,0.7342519140043606,-0.0
915,Yield per roof,51.41390269183276,416071.60199439747,1.769338919804568,2.625976924060896
915,Procurement,50.0,416071.60199439735,1.0604778756592879,13.847002390473602
915,Combined,50.346521596638894,416071.6019702556,1.8024753497702335,-0.0
916,Uniform,50.0,368485.6796563375,0.0,14.500118344952783
916,Screened,50.31142083416056,368485.6796347196,0.6211926752052506,-0.0
916,Yield per roof,51.26133464924933,368485.6796563375,1.5586688692449968,1.0689667762913093
916,Procurement,50.0,368485.6796563375,0.9560713826010669,9.40865993875519
916,Combined,50.31142083416056,368485.6796347196,1.5773232480481454,-0.0
917,Uniform,50.0,326778.81589106825,0.0,10.419724292903657
917,Screened,50.31391671507209,326778.8158910683,0.5422006441310003,-0.0
917,Yield per roof,51.27389645097355,326778.8158910683,1.433954478825413,0.12542087370100077
917,Procurement,50.0,326778.81589106825,1.0271698582802316,5.9239108801631515
917,Combined,50.31391671507209,326778.8158910683,1.5697849972095526,-0.0
918,Uniform,50.0,347460.38476162346,0.0,117.66602443924559
918,Screened,50.3171182712963,347460.3847413096,0.2850094096683691,68.54833808078205
918,Yield per roof,51.29085871275779,347460.38476162346,0.7496286379049835,91.08109281744268
918,Procurement,50.0,347460.38476162346,1.2310829825852778,83.9260850136556
918,Combined,50.3171182712963,347460.3847413096,1.5181627889449913,44.047956647047904
919,Uniform,50.0,308949.90717213287,0.0,49.19571967807
919,Screened,50.311453925593064,308949.9071561744,0.26012245810127865,21.169577683022425
919,Yield per roof,51.2680901636528,308949.90717213287,0.6600303447149045,32.4751392857545
919,Procurement,50.0,308949.90717213287,0.8886671278399092,25.07198303494142
919,Combined,50.311453925593064,308949.9071561744,1.149134704651651,3.7450266950216715
920,Uniform,50.0,286312.8100878615,0.0,12.610185940276466
920,Screened,50.31394255216065,286312.81008786144,0.4439044842282982,-0.0
920,Yield per roof,51.27491890258987,286312.8100878615,1.076095609030233,1.6216230961782252
920,Procurement,50.0,286312.8100878615,1.0193939796061215,6.695934581835247
920,Combined,50.31394255216065,286312.81008786144,1.464221904262942,-0.0
921,Uniform,50.0,337173.9079287787,0.0,67.87311190297763
921,Screened,50.31428871412043,337173.90792877856,0.26871933283112526,33.671674469617955
921,Yield per roof,51.27708504221454,337173.90792877873,0.6938081154492792,48.48037931157739
921,Procurement,50.0,337173.9079287787,0.9448747772637702,42.039776788196804
921,Combined,50.31428871412043,337173.90792877856,1.2156428528245513,14.941516800688518
922,Uniform,50.0,362147.4082811401,0.0,10.98900262449157
922,Screened,50.3189008313063,362147.4082597571,0.609781247072192,-0.0
922,Yield per roof,51.29524111384692,362147.40828114003,1.5647803644365723,0.1760969980116003
922,Procurement,50.0,362147.4082811401,0.902345907456322,7.028866997240352
922,Combined,50.3189008313063,362147.4082597571,1.5135634201760553,-0.0
923,Uniform,50.0,364019.99520109245,0.0,13.619982508061385
923,Screened,50.31161034798846,364019.9951796037,0.5221068009478103,-0.0
923,Yield per roof,51.26683807613673,364019.99520109245,1.3035055397902795,1.457737789441956
923,Procurement,50.0,364019.99520109245,0.8368048454229324,8.682869173963214
923,Combined,50.31161034798846,364019.9951796037,1.3595804916868985,-0.0
924,Uniform,50.0,299603.41541976674,7.105427357601002e-15,20.684865452033797
924,Screened,50.31542012511218,299603.4154021032,0.3316031492226088,-0.0
924,Yield per roof,51.282769059545615,299603.41541976674,0.8075784442075431,6.009034546347675
924,Procurement,50.0,299603.41541976674,0.8980801179088118,13.765343166511057
924,Combined,50.31542012511218,299603.4154021032,1.2328673516748339,-0.0
925,Uniform,50.0,342117.53399579856,0.0,9.664504196741602
925,Screened,50.308623407072105,342117.53399579856,0.49808920980188987,-0.0
925,Yield per roof,51.25374910374674,342117.53399579856,1.3172844857721628,0.14655588903064287
925,Procurement,50.0,342117.53399579856,0.96618272021162,5.467486622704252
925,Combined,50.308623407072105,342117.53399579856,1.468157204026454,-0.0
926,Uniform,50.0,330413.03052445775,0.0,17.55647399690627
926,Screened,50.31893698062995,330413.03050499555,0.45566009290347154,-0.0
926,Yield per roof,51.29450722787186,330413.03052445786,1.1986935094216165,2.729210040675645
926,Procurement,50.0,330413.03052445775,1.0384226035037472,11.411694386803022
926,Combined,50.31893698062995,330413.03050499555,1.496279943992164,-0.0
927,Uniform,50.0,396205.6744182027,1.4210854715202004e-14,11.021713571258404
927,Screened,50.312899611465895,396205.6743948237,0.728291529954987,-0.0
927,Yield per roof,51.27365871858196,396205.6744182027,1.7242714090962608,0.16009591103907939
927,Procurement,50.0,396205.6744182027,0.946912576393359,6.95466665221577
927,Combined,50.312899611465895,396205.6743948237,1.677442289779222,-0.0
928,Uniform,50.0,373705.1908100657,0.0,30.25956850426916
928,Screened,50.325372081988846,373705.19078810024,0.4844697865964491,-0.0
928,Yield per roof,51.320958175685575,373705.1908100656,1.198241082347053,8.736987047396852
928,Procurement,50.0,373705.1908100657,1.0599295075562338,22.071467166377055
928,Combined,50.325372081988846,373705.19078810024,1.54741434742985,-0.0
929,Uniform,50.0,423969.19060016586,0.0,99.0036154347793
929,Screened,50.31487498398747,423969.1905751828,0.36085960510913395,51.98408643976765
929,Yield per roof,51.28408269484728,423969.19060016563,0.906027172037561,72.25412862608015
929,Procurement,50.0,423969.19060016586,0.8776137603864314,74.96957716509742
929,Combined,50.31487498398747,423969.1905751828,1.2398654846105828,34.56132435685978
930,Uniform,50.0,318262.6529076793,0.0,7.877591830635083
930,Screened,50.30669607497311,318262.6528889596,0.6147270831081499,-0.0
930,Yield per roof,51.24545757774007,318262.65290767926,1.4742758229674848,-0.0
930,Procurement,50.0,318262.6529076793,0.9258047562034193,3.8562165503727717
930,Combined,50.30669607497311,318262.6528889596,1.5399656541362532,-0.0
931,Uniform,50.0,290660.13611289667,-1.4210854715202004e-14,4.552683811875553
931,Screened,50.306729149774064,290660.13611289667,0.5850113961580803,-0.0
931,Yield per roof,51.245071312219316,290660.13611289667,1.4023725376987244,-0.0
931,Procurement,50.0,290660.13611289667,0.9338056871983156,2.1752440136370295
931,Combined,50.306729149774064,290660.13611289667,1.5184012753999099,-0.0
932,Uniform,50.0,286774.3574119008,0.0,32.48955941321821
932,Screened,50.32046020585622,286774.3574119008,0.33515457296672935,5.0679448406351595
932,Yield per roof,51.299725688258356,286774.35741190077,0.8086862002860684,16.297111867809267
932,Procurement,50.0,286774.3574119008,1.165324377974109,18.97440155494819
932,Combined,50.32046020585622,286774.3574119008,1.50309673511547,-0.0
933,Uniform,50.0,277744.08044837543,0.0,6.982256520978869
933,Screened,50.32441939094623,277744.08043203526,0.5366257126139402,-0.0
933,Yield per roof,51.31663050993683,277744.0804483753,1.3561634427484108,-0.0
933,Procurement,50.0,277744.08044837543,1.036986934126105,2.6755090099101317
933,Combined,50.32441939094623,277744.08043203526,1.5747760507542523,-0.0
934,Uniform,50.0,428787.9478747882,1.4210854715202004e-14,20.066131961776982
934,Screened,50.32881375311587,428787.9478495379,0.576162816688111,-0.0
934,Yield per roof,51.336247036446956,428787.9478747882,1.5087291879430325,2.7577474682418033
934,Procurement,50.0,428787.9478747882,0.8326729806896509,15.14431901306447
934,Combined,50.32881375311587,428787.9478495379,1.4122238498639348,-0.0
935,Uniform,50.0,363630.5529929189,0.0,5.9876185624215
935,Screened,50.312122063319705,363630.55299291876,0.7680015025220825,-0.0
935,Yield per roof,51.266333714152196,363630.5529929189,1.9208200822849903,-0.0
935,Procurement,50.0,363630.5529929189,0.918467160738885,3.3416766557403066
935,Combined,50.312122063319705,363630.55299291876,1.6867116917223939,-0.0
936,Uniform,50.0,335485.14133608626,1.4210854715202004e-14,8.522334172240372
936,Screened,50.30858730216576,335485.1413360865,0.63994023534012,-0.0
936,Yield per roof,51.252615299125836,335485.14133608626,1.5627796280873412,-0.0
936,Procurement,50.0,335485.14133608626,0.9476429218736087,4.427684153223163
936,Combined,50.30858730216576,335485.1413360865,1.5874327412481364,-0.0
937,Uniform,50.0,391598.8704859053,0.0,9.476206039883778
937,Screened,50.30952909739574,391598.8704859053,0.6783043916338016,-0.0
937,Yield per roof,51.255307602644095,391598.8704859053,1.731895737904253,-0.0
937,Procurement,50.0,391598.8704859053,0.8715017871033979,5.701287317668504
937,Combined,50.30952909739574,391598.8704859053,1.549589497760067,-0.0
938,Uniform,50.0,326289.56434386206,1.4210854715202004e-14,5.750986395755102
938,Screened,50.314518552276006,326289.5643245972,0.569540772108752,-0.0
938,Yield per roof,51.28164624560011,326289.564343862,1.525109275088539,-0.0
938,Procurement,50.0,326289.56434386206,0.9662795275598626,2.6324313148897067
938,Combined,50.314518552276006,326289.5643245972,1.5377395268265275,-0.0
939,Uniform,50.0,296859.72869094764,0.0,17.282541933398676
939,Screened,50.3154678854805,296859.72869094764,0.338625113497784,-0.0
939,Yield per roof,51.28345273047049,296859.7286909476,0.883984066199389,3.981024811363038
939,Procurement,50.0,296859.72869094764,0.9283954641955035,10.863054920743272
939,Combined,50.3154678854805,296859.72869094764,1.269539047937208,-0.0
940,Uniform,50.0,345225.4902192039,0.0,7.385360012433963
940,Screened,50.30226633745926,345225.4902192038,0.5769310959513945,-0.0
940,Yield per roof,51.228034204999304,345225.4902192039,1.381106520505739,-0.0
940,Procurement,50.0,345225.4902192039,0.8392025406718915,3.741756882097126
940,Combined,50.30226633745926,345225.4902192038,1.4220978437521694,-0.0
941,Uniform,50.0,299401.9635708998,0.0,25.029587915794934
941,Screened,50.32989155170236,299401.9635708998,0.4085522943295956,-0.0
941,Yield per roof,51.33524801161938,299401.96357089974,1.0478318598012777,6.8268792849625495
941,Procurement,50.0,299401.9635708998,1.1235577570182613,16.42500555952297
941,Combined,50.32989155170236,299401.9635708998,1.5339807674697568,-0.0
942,Uniform,50.0,310647.0110281988,0.0,22.359179284153583
942,Screened,50.33287495173817,310647.01100996725,0.3974479766818888,-0.0
942,Yield per roof,51.35156735291805,310647.0110281987,1.0304237740284066,5.74490887106247
942,Procurement,50.0,310647.0110281988,1.1119812007723482,14.114209570381533
942,Combined,50.33287495173817,310647.01100996725,1.512700948324266,-0.0
943,Uniform,50.0,282603.4322149204,0.0,4.458506497846648
943,Screened,50.31212020017817,282603.4321987386,0.5170389997344529,-0.0
943,Yield per roof,51.26928030584426,282603.4322149204,1.3748019967942753,-0.0
943,Procurement,50.0,282603.4322149204,0.9810328764541225,1.9848939736898177
943,Combined,50.31212020017817,282603.4321987386,1.4986429911703567,-0.0
944,Uniform,50.0,282485.2928546057,0.0,2.165357490245149
944,Screened,50.307120325514056,282485.29285460577,0.6504722392329256,-0.0
944,Yield per roof,51.25478785741194,282485.2928546057,1.6299747982149597,-0.0
944,Procurement,50.0,282485.2928546057,0.9714385703268817,0.8629250701480699
944,Combined,50.307120325514056,282485.29285460577,1.6247187112329584,-0.0
945,Uniform,50.0,377290.09832423006,0.0,16.606825687757073
945,Screened,50.31780317986681,377290.09830216604,0.5567252446256674,-0.0
945,Yield per roof,51.29148752425107,377290.09832423,1.4118031326007667,2.0121692768235993
945,Procurement,50.0,377290.09832423006,0.9049948668793633,11.288084605803556
945,Combined,50.31780317986681,377290.09830216604,1.462052309562651,-0.0
946,Uniform,50.0,338149.3745133481,0.0,86.55376276257242
946,Screened,50.32026780295245,338149.37449339265,0.23886842823425525,49.40247980114522
946,Yield per roof,51.303815230698895,338149.3745133482,0.6200200970068437,65.64094707085536
946,Procurement,50.0,338149.3745133481,0.9482210354986194,60.632852133093834
946,Combined,50.32026780295245,338149.37449339265,1.1873210341245652,30.6466444789632
947,Uniform,50.0,305197.4948319105,0.0,92.47214059788413
947,Screened,50.31962092946704,305197.49481390824,0.19134319400058786,55.40168641156163
947,Yield per roof,51.29995721472662,305197.4948319106,0.49441170356508835,73.504501163659
947,Procurement,50.0,305197.4948319105,1.081375806474071,62.744371646714455
947,Combined,50.31962092946704,305197.49481390824,1.2761582150880777,33.80490950740728
948,Uniform,50.0,386300.3743793593,0.0,6.198062463265744
948,Screened,50.32357091932397,386300.3743566244,0.810018499324741,-0.0
948,Yield per roof,51.31368536748292,386300.37437935924,1.9574562912755766,-0.0
948,Procurement,50.0,386300.3743793593,0.8582439241801012,3.5470065872232346
948,Combined,50.32357091932397,386300.3743566244,1.6682637045080924,-0.0
949,Uniform,50.0,375933.22172504803,0.0,60.65450326923545
949,Screened,50.317342768036255,375933.22170314484,0.36344777321438215,22.876452748385407
949,Yield per roof,51.28482733819857,375933.2217250481,0.9554004137575447,37.945021904700475
949,Procurement,50.0,375933.22172504803,1.0593101007735797,32.05475805517216
949,Combined,50.317342768036255,375933.22170314484,1.4239339875348804,2.22482065036745
950,Uniform,50.0,372358.6031513974,0.0,25.5322282327422
950,Screened,50.31692769849331,372358.6031293943,0.43031458181799564,-0.0
950,Yield per roof,51.29694202464238,372358.6031513973,0.9865077598430076,7.563227459171809
950,Procurement,50.0,372358.6031513974,1.0047311640603027,17.770165032563078
950,Combined,50.31692769849331,372358.6031293943,1.4470465171497153,-0.0
951,Uniform,50.0,343603.8109486586,1.4210854715202004e-14,6.374796640203838
951,Screened,50.3124061403192,343603.81094865856,0.6332492055960586,-0.0
951,Yield per roof,51.270643358769114,343603.8109486586,1.5695251916954902,-0.0
951,Procurement,50.0,343603.8109486586,0.8987414218467222,3.0063370099295885
951,Combined,50.3124061403192,343603.81094865856,1.5334444407633754,-0.0
952,Uniform,50.0,414900.01509025914,0.0,40.465239670305245
952,Screened,50.31960350023424,414900.0150659854,0.46894335557954037,3.10280361294674
952,Yield per roof,51.294892831112364,414900.01509025897,1.193685894437536,16.58506152268656
952,Procurement,50.0,414900.01509025914,0.8949175865832757,31.063043024869444
952,Combined,50.31960350023424,414900.0150659854,1.3648892217514117,-0.0
953,Uniform,50.0,395852.11982346064,0.0,6.141291745295298
953,Screened,50.32093873989896,395852.119800138,0.8563834351672313,-0.0
953,Yield per roof,51.30286670196896,395852.1198234606,2.0466241473240814,-0.0
953,Procurement,50.0,395852.11982346064,0.8996443133053162,3.650006536390629
953,Combined,50.32093873989896,395852.119800138,1.7575332337550833,-0.0
954,Uniform,50.0,322172.3398897168,0.0,2.6186122167994133
954,Screened,50.302937339600675,322172.3398903117,0.6888078138652105,-0.0
954,Yield per roof,51.238748369359165,322172.3398897168,1.6850450065545175,-0.0
954,Procurement,50.0,322172.3398897168,0.8705396045346987,1.447850197779479
954,Combined,50.302937339600675,322172.3398903117,1.561868101413424,-0.0
955,Uniform,50.0,366310.881906133,-1.4210854715202004e-14,8.356981471822973
955,Screened,50.32234608173456,366310.88189326634,0.619484999900763,-0.0
955,Yield per roof,51.3135900264462,366310.881906133,1.5673630761512953,-0.0
955,Procurement,50.0,366310.881906133,0.85678222152616,4.634563942361447
955,Combined,50.32234608173456,366310.88189326634,1.4777534867006068,-0.0
956,Uniform,50.0,420458.2111458621,0.0,19.703253419091023
956,Screened,50.30664478228298,420458.211145862,0.5994062937762976,-0.0
956,Yield per roof,51.2492099998325,420458.211145862,1.506923883894686,2.815131643636244
956,Procurement,50.0,420458.2111458621,0.7999336102657253,15.029411844655357
956,Combined,50.30664478228298,420458.211145862,1.3991321751463346,-0.0
957,Uniform,50.0,415452.7308255709,0.0,19.07787956790871
957,Screened,50.32254307366157,415452.73080150585,0.6916617598626118,-0.0
957,Yield per roof,51.30902052506814,415452.7308255709,1.7079502709874106,2.1939087752205393
957,Procurement,50.0,415452.7308255709,0.8861263424808925,13.891105003219227
957,Combined,50.32254307366157,415452.73080150585,1.578152702204136,-0.0
958,Uniform,50.0,307536.3963774177,0.0,22.438003819143304
958,Screened,50.30357047349469,307536.3963774176,0.3184927135529989,-0.0
958,Yield per roof,51.23229717337867,307536.3963774177,0.8096822618160004,6.754236579863477
958,Procurement,50.0,307536.3963774177,0.8986870384319303,15.529431224335044
958,Combined,50.30357047349469,307536.3963774176,1.2162863296207433,-0.0
959,Uniform,50.0,411949.77967700467,0.0,87.28570751822657
959,Screened,50.316407144643634,411949.7796526473,0.29394763517627354,45.661347722837654
959,Yield per roof,51.29111203256108,411949.77967700467,0.771838965990888,64.71195262867346
959,Procurement,50.0,411949.77967700467,0.807866411431597,65.24336886566802
959,Combined,50.316407144643634,411949.7796526473,1.1059337757416685,29.636802555199253
960,Uniform,50.0,355171.95003130287,0.0,71.32231093464597
960,Screened,50.30976848414638,355171.95003130275,0.3178440487180936,33.377017617898375
960,Yield per roof,51.25518885180027,355171.9500313027,0.8416924211961643,48.49171334042532
960,Procurement,50.0,355171.95003130287,0.9606559092813143,45.186988900097425
960,Combined,50.30976848414638,355171.95003130275,1.2784369965346585,14.469742072862957
961,Uniform,50.0,357458.6449621909,0.0,116.04270955475886
961,Screened,50.31993588620666,357458.6449411303,0.24345342127913483,69.64138938384342
961,Yield per roof,51.29835679932437,357458.64496219077,0.6064689116543391,92.51831381497661
961,Procurement,50.0,357458.6449621909,1.1196817627379119,85.22879002822378
961,Combined,50.31993588620666,357458.6449411303,1.3683597916317822,47.21623881477978
962,Uniform,50.0,421663.5362533102,0.0,36.16865883800299
962,Screened,50.31790827737153,421663.5362533101,0.48719691485067074,-0.0
962,Yield per roof,51.29018174593227,421663.53625331004,1.1948039463745772,12.279642484683249
962,Procurement,50.0,421663.5362533102,0.8726048439443588,29.568924938942107
962,Combined,50.31790827737153,421663.5362533101,1.3602803470365785,-0.0
963,Uniform,50.0,287479.53524070047,0.0,22.727260741987596
963,Screened,50.30804734905534,287479.53524070047,0.29272063732188514,-0.0
963,Yield per roof,51.254971719302674,287479.53524070047,0.7599888029577571,7.0652206356867655
963,Procurement,50.0,287479.53524070047,0.9188010538940361,15.644703642177245
963,Combined,50.30804734905534,287479.53524070047,1.2114459663306576,-0.0
964,Uniform,50.0,412764.74989213166,0.0,97.88550611863117
964,Screened,50.323997625003905,412764.74986796133,0.3566988948142509,51.06409892327525
964,Yield per roof,51.31252507988421,412764.74989213166,0.9048488567976705,70.9897572328814
964,Procurement,50.0,412764.74989213166,0.8883437594082437,73.99352818432651
964,Combined,50.323997625003905,412764.74986796133,1.2458732848586322,33.787604015608814
965,Uniform,50.0,291357.7622991691,0.0,50.135914156847875
965,Screened,50.32370362360089,291357.7622819989,0.27554645283704815,21.397517180263097
965,Yield per roof,51.31975554002879,291357.7622991691,0.6799280473418392,33.43649020900513
965,Procurement,50.0,291357.7622991691,0.972960250814225,23.684459332119033
965,Combined,50.32370362360089,291357.7622819989,1.249527113645172,2.278489628125544
966,Uniform,50.0,401476.78216518555,0.0,111.40199961357105
966,Screened,50.31371614415553,401476.78216518566,0.2912436167046266,63.9241346624556
966,Yield per roof,51.27232271742351,401476.7821651854,0.7799159031006013,84.48395686149928
966,Procurement,50.0,401476.78216518555,0.8925935516792407,87.30648234156956
966,Combined,50.31371614415553,401476.78216518566,1.184241953700024,46.50686141615819
967,Uniform,50.0,393574.59363109875,0.0,7.5154513087603
967,Screened,50.32183774741476,393574.59360793687,0.8254638916036754,-0.0
967,Yield per roof,51.31061825816059,393574.5936310987,2.020076549399789,-0.0
967,Procurement,50.0,393574.59363109875,1.046311029651406,3.834232046943883
967,Combined,50.32183774741476,393574.59360793687,1.8756866638020426,-0.0
968,Uniform,50.0,346893.25769034907,0.0,38.89921557061551
968,Screened,50.31279258728218,346893.2576698291,0.3035480485820088,10.774498032095567
968,Yield per roof,51.27087923320327,346893.25769034907,0.7212961795357486,23.715797608402866
968,Procurement,50.0,346893.25769034907,0.9362118950744431,21.769294974564584
968,Combined,50.31279258728218,346893.2576698291,1.2457470577710268,-0.0
969,Uniform,50.0,419500.0629186627,0.0,19.046523195806174
969,Screened,50.30814586754998,419500.06291866256,0.5743411881993978,-0.0
969,Yield per roof,51.25515783817297,419500.06291866273,1.448001802573117,2.6898189474453846
969,Procurement,50.0,419500.0629186627,0.7660597465274748,14.526599056485347
969,Combined,50.30814586754998,419500.06291866256,1.3398840848388147,-0.0
970,Uniform,50.0,433790.3769429941,0.0,95.51699757839101
970,Screened,50.325274750283356,433790.3769188361,0.38310156366416237,49.36480848444718
970,Yield per roof,51.32598600346227,433790.3769429941,0.933979025684124,69.12928894966802
970,Procurement,50.0,433790.3769429941,0.7818138312408607,74.19180267325808
970,Combined,50.325274750283356,433790.3769188361,1.1660801731773844,33.92059601704276
971,Uniform,50.0,289425.6167156028,0.0,3.318475259697844
971,Screened,50.31505336579031,289425.61669949326,0.5733240799306003,-0.0
971,Yield per roof,51.28184420488894,289425.6167156028,1.5079835136170203,-0.0
971,Procurement,50.0,289425.6167156028,0.9425105207242837,1.8553514532517195
971,Combined,50.31505336579031,289425.61669949326,1.5155093768094474,-0.0
972,Uniform,50.0,304108.89782780537,0.0,5.505343261066827
972,Screened,50.31064806856452,304108.89782780537,0.6302687125576796,-0.0
972,Yield per roof,51.260810038506484,304108.89782780537,1.5898733704341907,-0.0
972,Procurement,50.0,304108.89782780537,1.0076332605088254,2.58869612644958
972,Combined,50.31064806856452,304108.89782780537,1.6379702934813594,-0.0
973,Uniform,50.0,389217.1134826434,0.0,4.888217956024804
973,Screened,50.3180698357361,389217.11345965846,0.8106529842383452,-0.0
973,Yield per roof,51.29521916339661,389217.1134826434,2.0267027568193043,-0.0
973,Procurement,50.0,389217.1134826434,0.8804871721147549,3.19718493265007
973,Combined,50.3180698357361,389217.11345965846,1.6926533899027731,-0.0
974,Uniform,50.0,394181.8229009523,0.0,10.356044010893878
974,Screened,50.32018345249207,394181.8228777064,0.6844357769754197,-0.0
974,Yield per roof,51.30160955360098,394181.82290095236,1.7135674253215853,-0.0
974,Procurement,50.0,394181.8229009523,0.8151823018146587,6.815181557494311
974,Combined,50.32018345249207,394181.8228777064,1.4997843700176503,-0.0
975,Uniform,50.0,314844.26402229816,0.0,9.161961901730086
975,Screened,50.30666763144747,314844.2640222983,0.5236878707108019,-0.0
975,Yield per roof,51.24423841078037,314844.26402229816,1.3589247786772916,-0.0
975,Procurement,50.0,314844.26402229816,0.9478701460975572,5.050982323091418
975,Combined,50.30666763144747,314844.2640222983,1.4712161385750875,-0.0
976,Uniform,50.0,395203.26566121855,0.0,10.05784454020815
976,Screened,50.32609289840732,395203.2656379432,0.7573339475843994,-0.0
976,Yield per roof,51.32799425258389,395203.26566121844,1.8891901874296195,-0.0
976,Procurement,50.0,395203.26566121855,0.8707516300312079,6.275997763941554
976,Combined,50.32609289840732,395203.2656379432,1.628940644659437,-0.0
977,Uniform,50.0,310118.0420596804,0.0,12.761661874158087
977,Screened,50.31133524483327,310118.0420596805,0.5046586244612428,-0.0
977,Yield per roof,51.26250762739503,310118.04205968033,1.2621770063122142,1.2684467909660286
977,Procurement,50.0,310118.0420596804,1.0138521319569946,7.250911302669767
977,Combined,50.31133524483327,310118.0420596805,1.5185332786313381,-0.0
978,Uniform,50.0,346161.4832324487,0.0,14.531463379782547
978,Screened,50.3146796670971,346161.4832324487,0.5137816150247261,-0.0
978,Yield per roof,51.28248083876641,346161.4832324487,1.334166198525864,1.4826039225512098
978,Procurement,50.0,346161.4832324487,1.051745414869643,8.684839075432116
978,Combined,50.3146796670971,346161.4832324487,1.5677066709616412,-0.0
979,Uniform,50.0,341875.37346705253,0.0,13.769103456377952
979,Screened,50.3093992938651,341875.3734670526,0.4423975576185768,-0.0
979,Yield per roof,51.257559038456016,341875.3734670525,1.061247976845209,1.9866773970127365
979,Procurement,50.0,341875.37346705253,0.8365253349921886,8.835940158241629
979,Combined,50.3093992938651,341875.3734670526,1.2812579630743102,-0.0
980,Uniform,50.0,317056.12766179425,0.0,16.584344907795394
980,Screened,50.320859030045376,317056.12766179425,0.4982646352156763,-0.0
980,Yield per roof,51.30009380888657,317056.12766179425,1.2519111857341443,2.300911842920687
980,Procurement,50.0,317056.12766179425,1.1933439865672,9.59551612657053
980,Combined,50.320859030045376,317056.12766179425,1.6950094270209632,-0.0
981,Uniform,50.0,313045.9028398226,0.0,52.06922131362521
981,Screened,50.31338641526945,313045.9028214048,0.28164405627638445,20.427573289179065
981,Yield per roof,51.270783407805105,313045.90283982264,0.77748567888721,33.464855240900825
981,Procurement,50.0,313045.9028398226,1.144167877572734,23.384491450163186
981,Combined,50.31338641526945,313045.9028214048,1.4276377932801978,-0.0
982,Uniform,50.0,279055.79979580914,1.4210854715202004e-14,3.956159552181399
982,Screened,50.32245212278441,279055.7997793603,0.5773764577296703,-0.0
982,Yield per roof,51.310323294903476,279055.7997958092,1.4762276084853028,-0.0
982,Procurement,50.0,279055.79979580914,0.9594400637775777,2.0017756610704676
982,Combined,50.32245212278441,279055.7997793603,1.5370962665529078,-0.0
983,Uniform,50.0,326494.0546133111,0.0,37.93669430650192
983,Screened,50.30906629524159,326494.0546133111,0.32141827107383847,9.702751703768332
983,Yield per roof,51.2548867636804,326494.0546133111,0.8097223112575591,20.238186880120356
983,Procurement,50.0,326494.0546133111,0.9393476802460654,21.296609316090677
983,Combined,50.30906629524159,326494.0546133111,1.2610518682389085,-0.0
984,Uniform,50.0,283486.00974031247,0.0,85.4993451853033
984,Screened,50.31513919533446,283486.0097236977,0.20197216356033465,50.8260838186176
984,Yield per roof,51.275465382896485,283486.0097403125,0.5016067684475232,66.53563829616543
984,Procurement,50.0,283486.00974031247,1.0211785407004434,57.54630247147331
984,Combined,50.31513919533446,283486.0097236977,1.2232829143680988,30.59184188009535
985,Uniform,50.0,308080.82147688686,0.0,7.107190444621833
985,Screened,50.308044866136655,308080.82147688686,0.5363520597010307,-0.0
985,Yield per roof,51.25172019177915,308080.8214768868,1.340717424421797,-0.0
985,Procurement,50.0,308080.82147688686,0.9052530276037629,3.1769178149052593
985,Combined,50.308044866136655,308080.82147688686,1.4407280505510158,-0.0
986,Uniform,50.0,289270.8515879608,0.0,77.69890033567093
986,Screened,50.31530329533727,289270.85157086956,0.17105938287534883,45.580268766261696
986,Yield per roof,51.280717282606155,289270.85158796085,0.44940431608583964,61.310845034057394
986,Procurement,50.0,289270.8515879608,1.0102336285299245,50.013264291098906
986,Combined,50.31530329533727,289270.85157086956,1.1848206988278065,25.470368273750857
987,Uniform,50.0,308865.139047223,0.0,11.356087657556461
987,Screened,50.31467180235412,308865.13904722297,0.5023105413994529,-0.0
987,Yield per roof,51.27557200517695,308865.1390472231,1.318332793908084,0.5652452969296491
987,Procurement,50.0,308865.139047223,1.0295533549390967,6.418865625290952
987,Combined,50.31467180235412,308865.13904722297,1.5319952370982435,-0.0
988,Uniform,50.0,356472.3944460619,0.0,24.730424011097906
988,Screened,50.31544597145047,356472.3944249737,0.3756911523236681,-0.0
988,Yield per roof,51.283885122816635,356472.39444606187,0.962894588249199,7.155495278711426
988,Procurement,50.0,356472.3944460619,0.8908459624829916,17.864821897110964
988,Combined,50.31544597145047,356472.3944249737,1.2696745079127751,-0.0
989,Uniform,50.0,417859.9372306281,0.0,16.14070217151713
989,Screened,50.31819707523906,417859.9372065258,0.7220979208851617,-0.0
989,Yield per roof,51.294182247388264,417859.937230628,1.703058798314899,1.5881027757751252
989,Procurement,50.0,417859.9372306281,0.8982111786038729,10.860946910009824
989,Combined,50.31819707523906,417859.9372065258,1.623302568149569,-0.0
990,Uniform,50.0,335701.51149932394,0.0,58.05359022396053
990,Screened,50.310328246068174,335701.5114796371,0.3109535113363435,25.23461094192612
990,Yield per roof,51.26027541779986,335701.5114993239,0.7744791220282679,38.20943346306948
990,Procurement,50.0,335701.51149932394,0.9662198004823281,31.781362354583905
990,Combined,50.310328246068174,335701.5114796371,1.2769021086168948,6.257350946700043
991,Uniform,50.0,298979.195585334,0.0,32.174427270794276
991,Screened,50.313981834521044,298979.19558533415,0.25060930733689446,8.420102803880715
991,Yield per roof,51.276206741089595,298979.1955853339,0.6708771766751838,17.43590414931417
991,Procurement,50.0,298979.195585334,0.9208915765690264,16.951940955569928
991,Combined,50.313981834521044,298979.19558533415,1.172082754737886,-0.0
992,Uniform,50.0,350136.70049796987,0.0,5.002507630910713
992,Screened,50.315370905703055,350136.70049797004,0.6789903584304398,-0.0
992,Yield per roof,51.282495012476815,350136.70049796987,1.6639192067334108,-0.0
992,Procurement,50.0,350136.70049796987,0.886839103543906,2.722827700880239
992,Combined,50.315370905703055,350136.70049797004,1.5654832175820417,-0.0
993,Uniform,50.0,319950.48009846447,0.0,61.810541556029264
993,Screened,50.30591796224663,319950.4800984645,0.2670400036831211,29.626963573951933
993,Yield per roof,51.24259855742571,319950.4800984645,0.6993943135069216,42.599680989341614
993,Procurement,50.0,319950.48009846447,0.9427330445175315,36.043468790778846
993,Combined,50.30591796224663,319950.4800984645,1.2096687447331291,10.99038363794225
994,Uniform,50.0,411711.32011836884,0.0,29.945236166585218
994,Screened,50.327554179733504,411711.3200942344,0.5090999679710535,-0.0
994,Yield per roof,51.32871911427986,411711.32011836884,1.2704224113402347,8.419481835302676
994,Procurement,50.0,411711.32011836884,0.8822572845553651,23.25937313078243
994,Combined,50.327554179733504,411711.3200942344,1.3919216386963456,-0.0
995,Uniform,50.0,384688.20065702795,-1.4210854715202004e-14,17.006423719528804
995,Screened,50.317439861205635,384688.2006343956,0.6085175259923119,-0.0
995,Yield per roof,51.29110597389808,384688.200657028,1.511951593680493,1.9477132853973627
995,Procurement,50.0,384688.20065702795,0.9919804006969457,11.145954686468693
995,Combined,50.317439861205635,384688.2006343956,1.601714164584493,-0.0
996,Uniform,50.0,306157.3375630804,0.0,6.809853259583907
996,Screened,50.305326747421404,306157.33754640125,0.5378185028026081,-0.0
996,Yield per roof,51.24254345665391,306157.33756308036,1.4142462370695057,-0.0
996,Procurement,50.0,306157.3375630804,0.9196786219673783,2.849867295673826
996,Combined,50.305326747421404,306157.33754640125,1.4576827710635456,-0.0
997,Uniform,50.0,326825.7650954081,0.0,7.390750379960596
997,Screened,50.30313747701117,326825.76509540813,0.6239101912678819,-0.0
997,Yield per roof,51.23031941112873,326825.76509540813,1.5564243176029038,-0.0
997,Procurement,50.0,326825.7650954081,0.9605674908200541,3.250808623974286
997,Combined,50.30313747701117,326825.76509540813,1.5841391214931804,-0.0
998,Uniform,50.0,298029.9955125839,0.0,51.9595457638219
998,Screened,50.31009928919541,298029.99551258376,0.23594621570460106,23.717939851524033
998,Yield per roof,51.25932457689364,298029.9955125838,0.6429194561245595,34.77322800677107
998,Procurement,50.0,298029.9955125839,0.9147584759760861,27.135710428385487
998,Combined,50.31009928919541,298029.99551258376,1.150140646486662,5.8013749021390275
999,Uniform,50.0,302461.36074648803,-7.105427357601002e-15,29.67643663578049
999,Screened,50.32621547366586,302461.3607307301,0.36709688549040465,-0.0
999,Yield per roof,51.32291469991738,302461.360746488,0.9889100873543057,9.093156018875028
999,Procurement,50.0,302461.36074648803,1.1842215782019139,20.53112904429845
999,Combined,50.32621547366586,302461.3607307301,1.5527690722470808,-0.0
1000,Uniform,50.0,292481.0002198031,0.0,11.37242080868379
1000,Screened,50.309363299418514,292481.0002198031,0.38257478594170635,-0.0
1000,Yield per roof,51.25670848452425,292481.0002198031,1.0460056898748888,1.1117205072726732
1000,Procurement,50.0,292481.0002198031,0.9156948641068112,6.400803884835567
1000,Combined,50.309363299418514,292481.0002198031,1.2989327914845532,-0.0
1001,Uniform,50.0,328088.78093562135,0.0,8.805309753256235
1001,Screened,50.320265310654726,328088.7809162603,0.630895033485487,-0.0
1001,Yield per roof,51.30095503677326,328088.78093562124,1.541301218650574,-0.0
1001,Procurement,50.0,328088.78093562135,0.9664168011843373,4.606781255347803
1001,Combined,50.320265310654726,328088.7809162603,1.5983594144413757,-0.0
1002,Uniform,50.0,310002.0030706045,0.0,11.448248741998981
1002,Screened,50.31723778439594,310002.0030522723,0.47642599067657443,-0.0
1002,Yield per roof,51.289318015758774,310002.0030706045,1.174931390076921,1.114683719448434
1002,Procurement,50.0,310002.0030706045,0.9491823643923567,6.376860067220046
1002,Combined,50.31723778439594,310002.0030522723,1.427874014958789,-0.0
1003,Uniform,50.0,392634.3135064234,0.0,14.540333473959658
1003,Screened,50.30199877051962,392634.3135064235,0.5286405486959751,-0.0
1003,Yield per roof,51.226809311244516,392634.3135064234,1.3989571567174721,1.3608440676484879
1003,Procurement,50.0,392634.3135064234,0.7801398710339242,9.950790249618445
1003,Combined,50.30199877051962,392634.3135064235,1.3113605903059238,-0.0
1004,Uniform,50.0,388195.09437556344,0.0,23.243100950750712
1004,Screened,50.31731406869407,388195.0943541225,0.5343712379948045,-0.0
1004,Yield per roof,51.292185874759525,388195.0943755634,1.3080761484778378,5.22293558520524
1004,Procurement,50.0,388195.09437556344,0.8981732316731126,16.66156905307932
1004,Combined,50.31731406869407,388195.0943541225,1.4331446183865353,-0.0
1005,Uniform,50.0,343445.63026567,0.0,12.952444656416777
1005,Screened,50.31269857835955,343445.63026566996,0.5531047697123626,-0.0
1005,Yield per roof,51.269220568197944,343445.6302656699,1.3284206515918555,1.2988739949647836
1005,Procurement,50.0,343445.63026567,0.948893366981153,7.639682505358975
1005,Combined,50.31269857835955,343445.63026566996,1.501885815029766,-0.0
1006,Uniform,50.0,406395.22607219836,-1.4210854715202004e-14,15.50075922568538
1006,Screened,50.30988108645717,406395.22607219813,0.6706175235742364,-0.0
1006,Yield per roof,51.25661820923972,406395.2260721983,1.6348347772597833,1.4208183308270943
1006,Procurement,50.0,406395.22607219836,0.8876335728141669,10.398540502008412
1006,Combined,50.30988108645717,406395.22607219813,1.55869948774982,-0.0
1007,Uniform,50.0,322819.7880634167,0.0,82.23493496371928
1007,Screened,50.34028312683623,322819.7880544846,0.24548332985418853,45.59689618942592
1007,Yield per roof,51.38562489621309,322819.7880634167,0.6278523111009662,62.321138718848644
1007,Procurement,50.0,322819.7880634167,1.0153834721304662,54.45221249788497
1007,Combined,50.34028312683623,322819.7880544846,1.2625227099108898,25.457370074560533
1008,Uniform,50.0,402888.89042068267,0.0,26.06821147737396
1008,Screened,50.300907501106764,402888.89042068284,0.4578250625304605,-0.0
1008,Yield per roof,51.222240874727625,402888.8904206827,1.1230874069416927,7.072050208786816
1008,Procurement,50.0,402888.89042068267,0.7682830889854984,20.15705573009768
1008,Combined,50.300907501106764,402888.89042068284,1.2307044729394079,-0.0
1009,Uniform,50.0,314688.83837741887,0.0,6.691946862791227
1009,Screened,50.30718660858274,314688.8383774189,0.5837961336756621,-0.0
1009,Yield per roof,51.24705117571314,314688.8383774188,1.4514913095457302,-0.0
1009,Procurement,50.0,314688.83837741887,0.9325215434452474,2.881264800720958
1009,Combined,50.30718660858274,314688.8383774189,1.5161080427910747,-0.0
1010,Uniform,50.0,292804.1654673492,0.0,56.68565442281036
1010,Screened,50.3127297873665,292804.165467349,0.2658072112526497,26.286928537469493
1010,Yield per roof,51.26826350297541,292804.1654673492,0.6759824593162236,38.63351196602567
1010,Procurement,50.0,292804.1654673492,0.9728530050866198,30.181655838832203
1010,Combined,50.3127297873665,292804.165467349,1.2386428220287868,7.128516533309233
1011,Uniform,50.0,381340.46065001853,1.4210854715202004e-14,17.28469895018363
1011,Screened,50.31648171722832,381340.46062760556,0.5699739645338724,-0.0
1011,Yield per roof,51.28494955776538,381340.46065001865,1.4650018146232497,2.0566035080970964
1011,Procurement,50.0,381340.46065001853,0.9250182513192016,11.817587353176425
1011,Combined,50.31648171722832,381340.46062760556,1.4956466238277386,-0.0
1012,Uniform,50.0,348376.8539220836,0.0,27.41907173150328
1012,Screened,50.31981204978356,348376.8539015042,0.34988058013959744,-0.0
1012,Yield per roof,51.30143163453214,348376.8539220838,0.8936231294442436,9.63674094506978
1012,Procurement,50.0,348376.8539220836,0.9311892293547643,20.231239962095007
1012,Combined,50.31981204978356,348376.8539015042,1.2822895860987202,-0.0
1013,Uniform,50.0,383979.9599547093,0.0,53.73771177925249
1013,Screened,50.314737875909756,383979.95995470916,0.3890995592173496,16.981450319508173
1013,Yield per roof,51.27562866495008,383979.9599547094,1.0097583179162015,30.708886056986433
1013,Procurement,50.0,383979.9599547093,0.9391788906481437,29.985355253741872
1013,Combined,50.314737875909756,383979.95995470916,1.3284644749097652,-0.0
1014,Uniform,50.0,411769.15419279167,0.0,100.24149925647698
1014,Screened,50.30864497931985,411769.15416847594,0.26294546918725814,57.67576546629037
1014,Yield per roof,51.254239540216616,411769.15419279155,0.7087887078132198,75.92440111677456
1014,Procurement,50.0,411769.15419279167,0.784771226999716,78.86112856310996
1014,Combined,50.30864497931985,411769.15416847594,1.047831988684429,42.21736578727868
1015,Uniform,50.0,293816.79710203747,3.552713678800501e-15,71.0715615030181
1015,Screened,50.31401991743928,293816.79708499287,0.19386150773355126,39.6565195279841
1015,Yield per roof,51.2838620070642,293816.79710203747,0.5259846327563089,53.80637195145445
1015,Procurement,50.0,293816.79710203747,0.9226661145768951,45.89396634831206
1015,Combined,50.31401991743928,293816.79708499287,1.118075276487975,21.417714641261835
1016,Uniform,50.0,411313.0961337461,0.0,6.157244266844755
1016,Screened,50.30823335660115,411313.096133746,0.7460381704061092,-0.0
1016,Yield per roof,51.25899628627933,411313.0961337461,1.9048596296986204,-0.0
1016,Procurement,50.0,411313.0961337461,0.7694939606244589,3.651024041506092
1016,Combined,50.30823335660115,411313.096133746,1.5207175354043727,-0.0
1017,Uniform,50.0,311299.52346248226,0.0,22.16681913092047
1017,Screened,50.310064448581365,311299.52346248215,0.34864169990684957,-0.0
1017,Yield per roof,51.25861678990841,311299.52346248226,0.9019268529804236,6.2205367257027735
1017,Procurement,50.0,311299.52346248226,0.9272322105334752,15.054404822323447
1017,Combined,50.310064448581365,311299.52346248215,1.2754328923508638,-0.0
1018,Uniform,50.0,394469.76827704324,0.0,11.830428409864734
1018,Screened,50.32002600664855,394469.7682545186,0.6275936092504395,-0.0
1018,Yield per roof,51.302122769140084,394469.7682770432,1.613011724860712,0.3533061507385064
1018,Procurement,50.0,394469.76827704324,0.8099032653264118,8.110793341233565
1018,Combined,50.32002600664855,394469.7682545186,1.4397645150967264,-0.0
1019,Uniform,50.0,351015.054944116,0.0,35.10202018535878
1019,Screened,50.320952004699826,351015.0549234258,0.3417706187281837,6.769507192646448
1019,Yield per roof,51.30660760051957,351015.05494411604,0.8598177814055319,17.12039246576753
1019,Procurement,50.0,351015.054944116,0.8946255807289774,21.712156443204936
1019,Combined,50.320952004699826,351015.0549234258,1.2367441861072663,-0.0
1020,Uniform,50.0,286639.1916433293,0.0,41.399272603706436
1020,Screened,50.31463016350899,286639.19164332934,0.2574571105422194,15.88093867520651
1020,Yield per roof,51.2792027291514,286639.1916433292,0.6373255080163176,26.1525095111372
1020,Procurement,50.0,286639.1916433293,0.901803864489203,18.933815801468572
1020,Combined,50.31463016350899,286639.19164332934,1.1601879261729735,-0.0
1021,Uniform,50.0,295368.9270323694,0.0,15.79796856685746
1021,Screened,50.30776868551649,295368.92701489985,0.342544934460868,-0.0
1021,Yield per roof,51.25703620351735,295368.9270323695,0.9284562531207712,3.082850628161855
1021,Procurement,50.0,295368.9270323694,0.9547832207353864,9.642367964087372
1021,Combined,50.30776868551649,295368.92701489985,1.298465369106907,-0.0
1022,Uniform,50.0,301272.0743152698,0.0,16.920827970098806
1022,Screened,50.324002693400864,301272.0743088275,0.4184055592452296,-0.0
1022,Yield per roof,51.3200508250579,301272.0743152699,1.066395124524604,3.1920382981233653
1022,Procurement,50.0,301272.0743152698,1.0918919658731312,10.140065103673077
1022,Combined,50.324002693400864,301272.0743088275,1.513027648228018,-0.0
1023,Uniform,50.0,352435.8453213159,0.0,3.9994596025642193
1023,Screened,50.314755447139035,352435.84530095017,0.7134866622777594,-0.0
1023,Yield per roof,51.2786742414706,352435.845321316,1.8815239013047318,-0.0
1023,Procurement,50.0,352435.8453213159,0.9513242299919966,2.5809884351368355
1023,Combined,50.314755447139035,352435.84530095017,1.6650456742492992,-0.0
1024,Uniform,50.0,389810.41668031114,0.0,18.682046786279923
1024,Screened,50.32052222840821,389810.4166803112,0.6252029995700639,-0.0
1024,Yield per roof,51.296693769375345,389810.41668031097,1.5604612899413581,2.287396668859145
1024,Procurement,50.0,389810.41668031114,0.9321751668874327,13.239334482875973
1024,Combined,50.32052222840821,389810.4166803112,1.557763424909112,-0.0
1025,Uniform,50.0,283513.0652635057,0.0,15.810901158958387
1025,Screened,50.31691561550522,283513.0652467514,0.3452079495227238,-0.0
1025,Yield per roof,51.28784305490841,283513.0652635057,0.8969047433119144,3.36867132178437
1025,Procurement,50.0,283513.0652635057,0.9220796826299136,9.629822014691083
1025,Combined,50.31691561550522,283513.0652467514,1.2674644906058887,-0.0
1026,Uniform,50.0,374570.2547521887,0.0,3.6272179696567766
1026,Screened,50.31940708012018,374570.254730358,0.8388195870441564,-0.0
1026,Yield per roof,51.29938445562324,374570.2547521887,2.0010637928173765,-0.0
1026,Procurement,50.0,374570.2547521887,0.885888602160378,2.43809808058054
1026,Combined,50.31940708012018,374570.254730358,1.7279542166870954,-0.0
1027,Uniform,50.0,342028.81714897405,0.0,57.819849523787774
1027,Screened,50.307373028923706,342028.81714897405,0.2681273476776127,27.208799041476176
1027,Yield per roof,51.24884335033034,342028.8171489739,0.6739232322295194,39.73849210568689
1027,Procurement,50.0,342028.81714897405,0.871725831735553,34.06900731343406
1027,Combined,50.307373028923706,342028.81714897405,1.1402757813970439,10.030047843494001
1028,Uniform,50.0,391175.3647426827,0.0,6.236057584006676
1028,Screened,50.32697644164844,391175.36471964547,0.8320237265586172,-0.0
1028,Yield per roof,51.32856526444319,391175.36474268266,2.0510671596133534,-0.0
1028,Procurement,50.0,391175.3647426827,0.9707224295557637,3.562162467158078
1028,Combined,50.32697644164844,391175.36471964547,1.8063665713978025,-0.0
1029,Uniform,50.0,327798.1428523819,7.105427357601002e-15,42.629958232075865
1029,Screened,50.318257079196094,327798.14285284333,0.3390523406314543,12.381102821464209
1029,Yield per roof,51.30006500162864,327798.14285238186,0.7930835946981389,25.79332766091163
1029,Procurement,50.0,327798.1428523819,1.056906479300899,22.849827139634833
1029,Combined,50.318257079196094,327798.14285284333,1.4004114434426356,-0.0
1030,Uniform,50.0,346923.94920623454,0.0,10.405343451275678
1030,Screened,50.305839869701124,346923.94920623436,0.6165127393854846,-0.0
1030,Yield per roof,51.24079884798694,346923.94920623465,1.5277850868996126,0.11094476493468143
1030,Procurement,50.0,346923.94920623454,0.9939378997754318,6.054849453994477
1030,Combined,50.305839869701124,346923.94920623436,1.6105662455488385,-0.0
1031,Uniform,50.0,404093.4200297216,0.0,25.92324769325783
1031,Screened,50.32445799363353,404093.42002987815,0.5102896640972148,-0.0
1031,Yield per roof,51.32245856863876,404093.42002972146,1.260298709423651,6.707164962208247
1031,Procurement,50.0,404093.4200297216,0.9202017859211651,18.81547956192661
1031,Combined,50.32445799363353,404093.42002987815,1.4318156320865825,-0.0
1032,Uniform,50.0,363654.1933503019,0.0,28.6091377360892
1032,Screened,50.31233196359028,363654.1933503019,0.44381318242682255,-0.0
1032,Yield per roof,51.26644556118783,363654.19335030194,1.0984868732287083,8.40584727302217
1032,Procurement,50.0,363654.1933503019,0.9561397024865954,21.30190779793532
1032,Combined,50.31233196359028,363654.1933503019,1.4005518516077728,-0.0
1033,Uniform,50.0,405471.0562208616,0.0,82.07937334057065
1033,Screened,50.315761644429706,405471.0562208618,0.33665184038482465,40.08816172971061
1033,Yield per roof,51.28104958266273,405471.0562208616,0.9013242686067358,57.12675519252314
1033,Procurement,50.0,405471.0562208616,0.8898863307633391,57.94350781846355
1033,Combined,50.315761644429706,405471.0562208618,1.2269463580586262,22.62146375397994
1034,Uniform,50.0,357825.8377202794,-1.4210854715202004e-14,4.475680533352167
1034,Screened,50.31624373837761,357825.837699128,0.749424047528052,-0.0
1034,Yield per roof,51.2859784277955,357825.83772027947,1.8839562228989593,-0.0
1034,Procurement,50.0,357825.8377202794,0.87732828098369,2.870924413244229
1034,Combined,50.31624373837761,357825.837699128,1.6275585732527134,-0.0
1035,Uniform,50.0,287714.61536977364,0.0,20.339674339595973
1035,Screened,50.3032847512176,287714.6153697737,0.33161505133742253,-0.0
1035,Yield per roof,51.23125850573772,287714.6153697737,0.8663617925622162,5.491323335680962
1035,Procurement,50.0,287714.61536977364,0.9661152443787842,12.908424657121571
1035,Combined,50.3032847512176,287714.6153697737,1.2973059199199852,-0.0
1036,Uniform,50.0,427329.5201476279,1.4210854715202004e-14,22.71092373485152
1036,Screened,50.3241538792792,427329.5201482176,0.6278717433199859,-0.0
1036,Yield per roof,51.3261417749647,427329.5201476279,1.511102581314475,4.248082125582517
1036,Procurement,50.0,427329.5201476279,0.9360038750981232,16.83295630783154
1036,Combined,50.3241538792792,427329.5201482176,1.5676104989475022,-0.0
1037,Uniform,50.0,291726.37163225753,0.0,12.355128711642218
1037,Screened,50.31855238825866,291726.37161514553,0.4981696177080437,-0.0
1037,Yield per roof,51.2900797526696,291726.3716322574,1.2684628018747617,1.0537367046701276
1037,Procurement,50.0,291726.37163225753,1.0792983633158997,6.8244149703574575
1037,Combined,50.31855238825866,291726.37161514553,1.5782899713011318,-0.0
1038,Uniform,50.0,349601.8940180513,0.0,9.598154995956586
1038,Screened,50.29950792702718,349601.8940180512,0.5340737739278012,-0.0
1038,Yield per roof,51.21671972064482,349601.89401805133,1.3081830148337588,0.3623566224684443
1038,Procurement,50.0,349601.8940180513,0.8258692060874324,5.715229173048064
1038,Combined,50.29950792702718,349601.8940180512,1.3602629575459986,-0.0
1039,Uniform,50.0,297787.1728064928,0.0,80.33036217128065
1039,Screened,50.33260249300853,297787.17278906226,0.22589767841950703,44.3058989514489
1039,Yield per roof,51.349840663080066,297787.1728064928,0.6229812186315158,60.49146578419817
1039,Procurement,50.0,297787.1728064928,1.1133396051144686,49.92356834607766
1039,Combined,50.33260249300853,297787.17278906226,1.3410777270228706,22.25155667528769
1040,Uniform,50.0,335091.58096472244,0.0,47.66835574818298
1040,Screened,50.31815062313637,335091.58096472244,0.3341893907782634,15.879664025305628
1040,Yield per roof,51.2919598312749,335091.58096472255,0.8516737419857137,28.092074125650417
1040,Procurement,50.0,335091.58096472244,1.0124922317917608,24.4271083304855
1040,Combined,50.31815062313637,335091.58096472244,1.3471231959736372,-0.0
1041,Uniform,50.0,412632.9095596702,0.0,22.44353062372821
1041,Screened,50.311826850539454,412632.90955967037,0.521772499163049,-0.0
1041,Yield per roof,51.27036007061994,412632.90955967025,1.2963841247764094,4.816989552139402
1041,Procurement,50.0,412632.9095596702,0.8502875827076366,16.439112112028354
1041,Combined,50.311826850539454,412632.90955967037,1.3739774176844293,-0.0
1042,Uniform,50.0,387054.84299034195,0.0,26.8560634266261
1042,Screened,50.32211225006723,387054.8429675528,0.44410450754990904,-0.0
1042,Yield per roof,51.307732094774686,387054.84299034195,1.150765510065355,7.316746485328407
1042,Procurement,50.0,387054.84299034195,0.9048887251237971,19.878574827000474
1042,Combined,50.32211225006723,387054.8429675528,1.3492764283576548,-0.0
1043,Uniform,50.0,382220.56371614756,0.0,57.87980943769951
1043,Screened,50.31392945240502,382220.56371628144,0.29509704839760786,24.49091810351651
1043,Yield per roof,51.280814464489225,382220.5637161475,0.747163615556218,39.544446720771184
1043,Procurement,50.0,382220.56371614756,0.8903615793490331,33.655708025405325
1043,Combined,50.31392945240502,382220.56371628144,1.1902186456582342,6.892003389497631
1044,Uniform,50.0,367493.2894323461,0.0,9.946678640120558
1044,Screened,50.324315467093534,367493.2894106727,0.6240329207781201,-0.0
1044,Yield per roof,51.319153079482675,367493.289432346,1.6346467949249899,-0.0
1044,Procurement,50.0,367493.2894323461,0.9405880553136257,5.858611857844628
1044,Combined,50.324315467093534,367493.2894106727,1.5662718891512526,-0.0
1045,Uniform,50.0,283571.58739595895,0.0,10.046062481413202
1045,Screened,50.31497638423257,283571.5873959589,0.4956780070248499,-0.0
1045,Yield per roof,51.28077887208167,283571.58739595895,1.3036982342283068,0.25716408674088403
1045,Procurement,50.0,283571.58739595895,1.1044238612710586,5.126084501625133
1045,Combined,50.31497638423257,283571.5873959589,1.6016654972172404,-0.0
1046,Uniform,50.0,288727.38903610385,0.0,34.9708731931431
1046,Screened,50.3230370987761,288727.3890190425,0.2646886936113262,10.291662023969169
1046,Yield per roof,51.31330953446843,288727.3890361038,0.6264770951889602,21.797175140634533
1046,Procurement,50.0,288727.38903610385,0.9683528851597885,17.99795968264761
1046,Combined,50.3230370987761,288727.3890190425,1.237984226429461,-0.0
1047,Uniform,50.0,422357.26950170926,0.0,42.05462170414036
1047,Screened,50.314458003133645,422357.2694768178,0.4420488239343854,5.565785462291525
1047,Yield per roof,51.27735353083979,422357.2695017092,1.1527853979384162,18.249467214276248
1047,Procurement,50.0,422357.26950170926,0.8172705356697776,30.515018768340525
1047,Combined,50.314458003133645,422357.2694768178,1.2596483587341964,-0.0
1048,Uniform,50.0,342934.81232198013,1.4210854715202004e-14,8.385761334311152
1048,Screened,50.32477882204566,342934.8123018254,0.6907570949863242,-0.0
1048,Yield per roof,51.32300613970126,342934.8123219803,1.824419442652669,-0.0
1048,Procurement,50.0,342934.81232198013,1.0590111914311393,3.789806225663885
1048,Combined,50.32477882204566,342934.8123018254,1.7512586704020663,-0.0
1049,Uniform,50.0,325414.79413096653,0.0,22.733085389163126
1049,Screened,50.31496252687216,325414.7941117217,0.3156302237056252,-0.0
1049,Yield per roof,51.280643865708825,325414.79413096653,0.8140241898936011,6.860889281421759
1049,Procurement,50.0,325414.79413096653,0.9134553575877931,15.693426144772523
1049,Combined,50.31496252687216,325414.7941117217,1.2307763231846778,-0.0
1050,Uniform,50.0,330096.3099993443,0.0,26.801547452055466
1050,Screened,50.32617385815397,330096.309979926,0.3896602161979601,-0.0
1050,Yield per roof,51.32408834254294,330096.3099993443,0.9832796858144235,8.070793298682851
1050,Procurement,50.0,330096.3099993443,1.0124916019021484,18.977375661352923
1050,Combined,50.32617385815397,330096.309979926,1.4037523272466288,-0.0
1051,Uniform,50.0,284140.40766014514,0.0,6.4813284223742675
1051,Screened,50.31696912853243,284140.4076601452,0.5571008939275544,-0.0
1051,Yield per roof,51.284545868159285,284140.4076601451,1.4056827753286143,-0.0
1051,Procurement,50.0,284140.40766014514,0.9891778084911493,2.6427358986623095
1051,Combined,50.31696912853243,284140.4076601452,1.5461271453008152,-0.0
1052,Uniform,50.0,394812.96628714405,0.0,17.032285309549028
1052,Screened,50.3187815456732,394812.9662644787,0.6067860800217773,-0.0
1052,Yield per roof,51.29505516126113,394812.966287144,1.4717808515628121,2.130589398440067
1052,Procurement,50.0,394812.96628714405,0.8734701148532906,11.90390814082364
1052,Combined,50.3187815456732,394812.9662644787,1.4807113373075111,-0.0
1053,Uniform,50.0,321783.0984924107,0.0,18.018310327630754
1053,Screened,50.313383024343764,321783.09849241073,0.38275248137547635,-0.0
1053,Yield per roof,51.27333973616666,321783.0984924107,1.0062479193769818,3.8838650534019754
1053,Procurement,50.0,321783.0984924107,0.8985006061278327,11.805830697819697
1053,Combined,50.313383024343764,321783.09849241073,1.2813054663927872,-0.0
1054,Uniform,50.0,327749.5339578021,0.0,3.7248347672021658
1054,Screened,50.31884751515904,327749.53395780205,0.7318805943278903,-0.0
1054,Yield per roof,51.294595154390116,327749.5339578021,1.855546294633072,-0.0
1054,Procurement,50.0,327749.5339578021,0.9679639863178835,2.43595333703729
1054,Combined,50.31884751515904,327749.53395780205,1.699965078167807,-0.0
1055,Uniform,50.0,287431.29275816504,0.0,10.947018158256672
1055,Screened,50.320935002256654,287431.2927459957,0.48099532123656275,-0.0
1055,Yield per roof,51.30468395669606,287431.2927581651,1.2518377797187838,0.6709826157955565
1055,Procurement,50.0,287431.29275816504,1.0229049741546845,5.99277576109918
1055,Combined,50.320935002256654,287431.2927459957,1.5043134428506448,-0.0
1056,Uniform,50.0,279183.7079779267,0.0,12.606621948056361
1056,Screened,50.313562019387234,279183.7079779267,0.4877641130611323,-0.0
1056,Yield per roof,51.27199669850545,279183.7079779267,1.1942673108737125,1.39244508872771
1056,Procurement,50.0,279183.7079779267,1.0697336660699648,6.749110198902019
1056,Combined,50.313562019387234,279183.7079779267,1.5580012511831427,-0.0
1057,Uniform,50.0,385595.9127600001,0.0,16.70174590349375
1057,Screened,50.30442579324694,385595.9127600001,0.5021588754665203,-0.0
1057,Yield per roof,51.23819982438856,385595.9127600001,1.2518369283009747,2.419709107174873
1057,Procurement,50.0,385595.9127600001,0.8098223045281685,11.92411846116131
1057,Combined,50.30442579324694,385595.9127600001,1.311497831694311,-0.0
1058,Uniform,50.0,412289.7250963358,0.0,96.69465176579448
1058,Screened,50.3298512056449,412289.7250721152,0.3279463846517814,51.51489889743932
1058,Yield per roof,51.342651634477846,412289.72509633587,0.8184805607587009,72.58291502938688
1058,Procurement,50.0,412289.7250963358,0.9860515984662968,69.59085408458417
1058,Combined,50.3298512056449,412289.7250721152,1.317974788475432,31.80148054945848
1059,Uniform,50.0,361844.61057266704,0.0,5.708520369055899
1059,Screened,50.310877749717186,361844.6105726669,0.7749570765907094,-0.0
1059,Yield per roof,51.26338268217506,361844.6105726671,1.8408276761934417,-0.0
1059,Procurement,50.0,361844.61057266704,0.9099740437440857,3.19517324113451
1059,Combined,50.310877749717186,361844.6105726669,1.685039237478719,-0.0
1060,Uniform,50.0,314626.95335676824,0.0,25.24776403646659
1060,Screened,50.31801694685489,314626.9533567681,0.42005321313151,-0.0
1060,Yield per roof,51.28980165620514,314626.9533567683,1.0407623936917645,7.091589055969867
1060,Procurement,50.0,314626.95335676824,1.1047762162933594,16.71259790205664
1060,Combined,50.31801694685489,314626.9533567681,1.5259192568455973,-0.0
1061,Uniform,50.0,358820.2993413556,0.0,8.43222292193089
1061,Screened,50.31454702057901,358820.2993413557,0.6370412303220832,-0.0
1061,Yield per roof,51.27652166088048,358820.2993413557,1.6622450836422757,-0.0
1061,Procurement,50.0,358820.2993413556,0.9412480856558432,4.379439863230691
1061,Combined,50.31454702057901,358820.2993413557,1.5782972278155682,-0.0
1062,Uniform,50.0,336783.4606729323,1.4210854715202004e-14,11.52540602489237
1062,Screened,50.322101002725546,336783.4606530352,0.5607234514195198,-0.0
1062,Yield per roof,51.30976138309237,336783.4606729324,1.387064278592021,0.7936628353059841
1062,Procurement,50.0,336783.4606729323,0.9155624045310162,6.8705590561587915
1062,Combined,50.322101002725546,336783.4606530352,1.4771721876250723,-0.0
1063,Uniform,50.0,428686.6816607751,0.0,32.85478201733043
1063,Screened,50.319438454781505,428686.681635519,0.5260807612769156,-0.0
1063,Yield per roof,51.298886231634576,428686.68166077515,1.286695277582794,9.746711486573385
1063,Procurement,50.0,428686.6816607751,0.8168705213340104,26.547606094763875
1063,Combined,50.319438454781505,428686.681635519,1.3437898427362711,-0.0
1064,Uniform,50.0,323654.91740965255,0.0,98.63842208271276
1064,Screened,50.32861972630763,323654.91740965255,0.24959241124525278,56.96184672141961
1064,Yield per roof,51.33358818432248,323654.9174096526,0.633101447511649,76.87226371762887
1064,Procurement,50.0,323654.91740965255,1.2068852078813848,65.33999834782529
1064,Combined,50.32861972630763,323654.91740965255,1.459736621212727,32.764065755147925
1065,Uniform,50.0,389622.4103369238,7.105427357601002e-15,59.14377842058899
1065,Screened,50.31740197305719,389622.41031913704,0.3819931510660197,21.87174248566806
1065,Yield per roof,51.29065467561548,389622.4103369237,0.965243768330744,36.51169639802296
1065,Procurement,50.0,389622.4103369238,0.9097147750748888,34.45326232159421
1065,Combined,50.31740197305719,389622.41031913704,1.292441398081543,4.03960816281625
1066,Uniform,50.0,321919.940574375,1.4210854715202004e-14,5.139355052427716
1066,Screened,50.31037421555555,321919.940574375,0.6532199100048075,-0.0
1066,Yield per roof,51.26124509208583,321919.940574375,1.6546678007576787,-0.0
1066,Procurement,50.0,321919.940574375,1.045846586779831,2.547788693281325
1066,Combined,50.31037421555555,321919.940574375,1.6998017444058746,-0.0
1067,Uniform,50.0,334106.70361919963,0.0,7.877962248707423
1067,Screened,50.33415873428267,334106.7035995944,0.676559938957638,-0.0
1067,Yield per roof,51.35797153847775,334106.7036191996,1.6225926577917704,-0.0
1067,Procurement,50.0,334106.70361919963,1.074886460175719,3.341615759715691
1067,Combined,50.33415873428267,334106.7035995944,1.755009775506437,-0.0
1068,Uniform,50.0,299548.5074965487,-1.4210854715202004e-14,2.3252711252757043
1068,Screened,50.3099545274346,299548.50749654864,0.62780799976899,-0.0
1068,Yield per roof,51.2639380998456,299548.50749654876,1.7122840081805606,-0.0
1068,Procurement,50.0,299548.5074965487,0.8939509575906328,1.1235794026482793
1068,Combined,50.3099545274346,299548.50749654864,1.5221304761881242,-0.0
1069,Uniform,50.0,350837.5118188241,0.0,24.223602350857632
1069,Screened,50.340052291298186,350837.51179839764,0.4659878388471128,-0.0
1069,Yield per roof,51.378761547573646,350837.5118188241,1.1938850799844545,5.96881219956242
1069,Procurement,50.0,350837.5118188241,1.0949408664142197,16.261912740431562
1069,Combined,50.340052291298186,350837.51179839764,1.5634333180835114,-0.0
1070,Uniform,50.0,377862.97885208554,0.0,25.985370356053885
1070,Screened,50.321256735918396,377862.97882988804,0.5416009081371698,-0.0
1070,Yield per roof,51.30416411586882,377862.9788520855,1.3371851834305062,6.208220990749478
1070,Procurement,50.0,377862.97885208554,1.0194452651746104,18.302677337455783
1070,Combined,50.321256735918396,377862.97882988804,1.562576610630714,-0.0
1071,Uniform,50.0,337717.4170957238,0.0,30.026252281865062
1071,Screened,50.3224087483841,337717.41707593563,0.4676271464224726,-0.0
1071,Yield per roof,51.30641730335705,337717.4170957238,1.1109872647374885,9.086879831660177
1071,Procurement,50.0,337717.4170957238,1.171148240443415,21.049581368745553
1071,Combined,50.3224087483841,337717.41707593563,1.6406797310061023,-0.0
1072,Uniform,50.0,299933.1217585172,-7.105427357601002e-15,23.160687067241113
1072,Screened,50.31413271906026,299933.1217585173,0.3378916701740309,-0.0
1072,Yield per roof,51.278514583428475,299933.12175851717,0.9066222389663849,6.551863271464261
1072,Procurement,50.0,299933.1217585172,1.0249213857581765,15.238792735898176
1072,Combined,50.31413271906026,299933.1217585173,1.364254871104329,-0.0
1073,Uniform,50.0,338905.8032923038,0.0,13.432591588678582
1073,Screened,50.32206794497935,338905.80327242886,0.5730492351370344,-0.0
1073,Yield per roof,51.30536415594197,338905.80329230387,1.4798947617981923,0.8675486788098544
1073,Procurement,50.0,338905.8032923038,1.0140725796999988,8.299363141115238
1073,Combined,50.32206794497935,338905.80327242886,1.5875839641609275,-0.0
1074,Uniform,50.0,350037.3328918241,-1.4210854715202004e-14,6.949635795079957
1074,Screened,50.32912875425635,350037.33287122427,0.6947954201127544,-0.0
1074,Yield per roof,51.33733126163822,350037.3328918241,1.6799957532294911,-0.0
1074,Procurement,50.0,350037.3328918241,0.9302484203696082,3.277049067268121
1074,Combined,50.32912875425635,350037.33287122427,1.6258912663098073,-0.0
1075,Uniform,50.0,409729.3372792095,1.4210854715202004e-14,9.164728401780406
1075,Screened,50.312065208025636,409729.33725741925,0.6983361486735333,-0.0
1075,Yield per roof,51.27159396521576,409729.3372792095,1.7132131672886288,-0.0
1075,Procurement,50.0,409729.3372792095,0.8056107297100965,5.665369465201246
1075,Combined,50.312065208025636,409729.33725741925,1.5083820065958093,-0.0
1076,Uniform,50.0,370568.3790065964,0.0,3.9918378375552055
1076,Screened,50.31165167937887,370568.37900659634,0.804865736440803,-0.0
1076,Yield per roof,51.266183750541046,370568.3790065964,1.9540952434315102,-0.0
1076,Procurement,50.0,370568.3790065964,0.8960292678582391,2.7892790011332527
1076,Combined,50.31165167937887,370568.37900659634,1.701108888052545,-0.0
1077,Uniform,50.0,288474.36160014785,0.0,13.253672014819164
1077,Screened,50.3134834012197,288474.3616001479,0.41259244291275365,-0.0
1077,Yield per roof,51.27396085609391,288474.36160014773,1.037979683312912,1.8147468025092326
1077,Procurement,50.0,288474.36160014785,0.9534738236816196,7.6227028987455085
1077,Combined,50.3134834012197,288474.3616001479,1.3672786574144027,-0.0
1078,Uniform,50.0,398954.1273476449,0.0,19.63116023893458
1078,Screened,50.32018221626492,398954.1273719284,0.46755846588717986,-0.0
1078,Yield per roof,51.32193789204821,398954.12734764477,1.0939627628725077,4.499757046074855
1078,Procurement,50.0,398954.1273476449,0.820588570098181,14.23209091915923
1078,Combined,50.32018221626492,398954.1273719284,1.2997222986467278,-0.0
1079,Uniform,50.0,302554.1399768223,-1.4210854715202004e-14,2.9894966216909964
1079,Screened,50.31716538802689,302554.1399768224,0.7264760603058704,-0.0
1079,Yield per roof,51.28740393147481,302554.13997682236,1.8092434433437177,-0.0
1079,Procurement,50.0,302554.1399768223,0.9827653489470549,1.6787613951054647
1079,Combined,50.31716538802689,302554.1399768224,1.709175400259852,-0.0
1080,Uniform,50.0,317755.84121179883,-7.105427357601002e-15,37.34336845168319
1080,Screened,50.306626800082995,317755.8412117988,0.26279165648509917,12.342136967416483
1080,Yield per roof,51.24939092995571,317755.84121179883,0.6657525791144323,22.022547459480815
1080,Procurement,50.0,317755.84121179883,0.8589374653473953,18.698415543366337
1080,Combined,50.306626800082995,317755.8412117988,1.1225164638758827,-0.0
1081,Uniform,50.0,429458.13925507915,0.0,11.499024332941369
1081,Screened,50.31737196665721,429458.1392550792,0.8000618084050473,-0.0
1081,Yield per roof,51.288802729783406,429458.1392550791,1.9735679223100817,-0.0
1081,Procurement,50.0,429458.13925507915,0.8346481861305222,7.950637009976148
1081,Combined,50.31737196665721,429458.1392550792,1.6348377408215242,-0.0
1082,Uniform,50.0,322955.8140099314,0.0,3.3493124380589645
1082,Screened,50.32179031861381,322955.8139908719,0.7376053492556309,-0.0
1082,Yield per roof,51.30754684589191,322955.8140099314,1.8111946184308465,-0.0
1082,Procurement,50.0,322955.8140099314,1.0010091198917621,2.0086187904302686
1082,Combined,50.32179031861381,322955.8139908719,1.741312279691897,-0.0
1083,Uniform,50.0,367792.01530223165,0.0,4.452691494470914
1083,Screened,50.32527853138941,367792.0152805515,0.7954333282825417,-0.0
1083,Yield per roof,51.32336557607867,367792.01530223177,1.9077010658041331,-0.0
1083,Procurement,50.0,367792.01530223165,0.9278069820528287,2.864797666459471
1083,Combined,50.32527853138941,367792.0152805515,1.7242056276890594,-0.0
1084,Uniform,50.0,294393.7073579216,0.0,9.657477062274493
1084,Screened,50.31742156439392,294393.7073405392,0.42752956692457644,-0.0
1084,Yield per roof,51.29236910404926,294393.70735792164,1.1485904874002983,0.4532563711792912
1084,Procurement,50.0,294393.7073579216,1.001549026963616,5.0232296399155745
1084,Combined,50.31742156439392,294393.7073405392,1.4315778325636046,-0.0
1085,Uniform,50.0,367695.02162599267,0.0,32.73299257370593
1085,Screened,50.3245426760921,367695.02162599255,0.44008632764150946,-0.0
1085,Yield per roof,51.32145361727052,367695.02162599267,1.1408135491571727,9.90651652470801
1085,Procurement,50.0,367695.02162599267,1.0261300163624583,24.817522697170837
1085,Combined,50.3245426760921,367695.02162599255,1.4678963943000412,-0.0
1086,Uniform,50.0,411982.69457687193,0.0,22.09003054276515
1086,Screened,50.32086572428977,411982.694552686,0.6502903359039323,-0.0
1086,Yield per roof,51.30245932046958,411982.69457687193,1.5937578661755083,3.449352031561471
1086,Procurement,50.0,411982.69457687193,0.9669985292394188,16.487599167668012
1086,Combined,50.32086572428977,411982.694552686,1.61910904774777,-0.0
1087,Uniform,50.0,318682.2059599038,0.0,14.734618349030105
1087,Screened,50.3168008299304,318682.2059599038,0.4502560455496507,-0.0
1087,Yield per roof,51.286855505351504,318682.2059599039,1.1636545588502685,1.9324204243701786
1087,Procurement,50.0,318682.2059599038,0.985498491120353,8.908495988210808
1087,Combined,50.3168008299304,318682.2059599038,1.4371639723673866,-0.0
1088,Uniform,50.0,390384.9933879412,0.0,4.156057866149448
1088,Screened,50.31156655836335,390384.9933649398,0.8242924742393143,-0.0
1088,Yield per roof,51.264793800829274,390384.99338794115,1.9702170814244369,-0.0
1088,Procurement,50.0,390384.9933879412,0.8498463313324294,2.962132436445373
1088,Combined,50.31156655836335,390384.9933649398,1.673679889077647,-0.0
1089,Uniform,50.0,307568.7288832456,0.0,7.890828452913935
1089,Screened,50.30733947085483,307568.7288832455,0.4981919160314021,-0.0
1089,Yield per roof,51.249031488211415,307568.72888324555,1.3191828810157347,-0.0
1089,Procurement,50.0,307568.7288832456,0.8998967463789569,3.982904043683303
1089,Combined,50.30733947085483,307568.7288832455,1.3995666236077398,-0.0
1090,Uniform,50.0,315153.362426738,-1.4210854715202004e-14,6.987964262659792
1090,Screened,50.323902342142524,315153.36240813497,0.5451643741303371,-0.0
1090,Yield per roof,51.32067471675681,315153.362426738,1.430108674332459,-0.0
1090,Procurement,50.0,315153.362426738,1.047998955914693,2.8167012784732792
1090,Combined,50.323902342142524,315153.36240813497,1.5972342300613036,-0.0
1091,Uniform,50.0,341910.9195590027,0.0,103.41100590229068
1091,Screened,50.31421845929212,341910.91955900285,0.23063151511071567,61.59417068738725
1091,Yield per roof,51.27577486825542,341910.9195590026,0.6197955071157004,80.10171740648659
1091,Procurement,50.0,341910.9195590027,0.9698136673674895,77.17271997800628
1091,Combined,50.31421845929212,341910.91955900285,1.200662689006755,42.62323297318029
1092,Uniform,50.0,381684.3987736703,0.0,21.25686869876322
1092,Screened,50.31733196492759,381684.39877367043,0.6381363021851314,-0.0
1092,Yield per roof,51.28580064806795,381684.39877367025,1.5579934895892507,3.050575770057962
1092,Procurement,50.0,381684.3987736703,1.0869649512409296,14.814854793232024
1092,Combined,50.31733196492759,381684.39877367043,1.7273152576874935,-0.0
1093,Uniform,50.0,329503.32942105725,0.0,10.84218186063075
1093,Screened,50.327850896632654,329503.32940173754,0.5942189155619957,-0.0
1093,Yield per roof,51.3311754858847,329503.32942105725,1.473211192068689,0.3191142443181197
1093,Procurement,50.0,329503.32942105725,0.9994600289777935,6.311574296099551
1093,Combined,50.327850896632654,329503.32940173754,1.5941324147058396,-0.0
1094,Uniform,50.0,429869.87757946795,0.0,54.22583162594689
1094,Screened,50.31208184350724,429869.87757946795,0.41761035302151583,17.28427627015036
1094,Yield per roof,51.273313848855814,429869.87757946795,1.01439661248925,31.50720760707685
1094,Procurement,50.0,429869.87757946795,0.7334050122237699,34.432773938577895
1094,Combined,50.31208184350724,429869.87757946795,1.152567039662813,2.989689494759001
1095,Uniform,50.0,282859.69936765166,0.0,11.614836230451822
1095,Screened,50.30813832165254,282859.69936765154,0.4199514808826308,-0.0
1095,Yield per roof,51.2536056971933,282859.69936765154,1.136284262730456,0.9795126285651624
1095,Procurement,50.0,282859.69936765166,0.9997709256442278,6.388414638421061
1095,Combined,50.30813832165254,282859.69936765154,1.4198115603299613,-0.0
1096,Uniform,50.0,293926.5295574077,0.0,16.524651969142276
1096,Screened,50.303515321435704,293926.5295574076,0.3529814235062645,-0.0
1096,Yield per roof,51.23340133169762,293926.52955740783,0.8910894947385302,3.72239678919037
1096,Procurement,50.0,293926.5295574077,0.8732194461472744,10.450712613268283
1096,Combined,50.303515321435704,293926.5295574076,1.226595856045023,-0.0
1097,Uniform,50.0,290381.6682498361,3.552713678800501e-15,62.31695829064828
1097,Screened,50.316877690402336,290381.6682498361,0.21068289250488803,33.5869903239143
1097,Yield per roof,51.288235184382515,290381.668249836,0.5289287063378723,46.06339071374246
1097,Procurement,50.0,290381.6682498361,0.9325877450826638,36.861725566611796
1097,Combined,50.316877690402336,290381.6682498361,1.1438789531139406,15.166179311872844
1098,Uniform,50.0,282787.03301248193,0.0,50.21515027008012
1098,Screened,50.313038258506076,282787.0330124819,0.23827529944436776,22.643291420142713
1098,Yield per roof,51.28008749531029,282787.0330124819,0.6094626693741318,34.42178898664106
1098,Procurement,50.0,282787.03301248193,0.9706648685800161,23.77615023052478
1098,Combined,50.313038258506076,282787.0330124819,1.210361180814651,3.5110757383556686
1099,Uniform,50.0,373226.1487990335,0.0,19.87526119907213
1099,Screened,50.32273199010793,373226.14877711004,0.49853667046376415,-0.0
1099,Yield per roof,51.31038577826704,373226.14879903337,1.3254563235341976,3.214352929956515
1099,Procurement,50.0,373226.1487990335,0.9886054573434535,13.911096656494939
1099,Combined,50.32273199010793,373226.14877711004,1.4886632625079557,-0.0
1100,Uniform,50.0,419316.99920040835,0.0,19.276945706377155
1100,Screened,50.31884071753924,419316.9991756688,0.6346543323003573,-0.0
1100,Yield per roof,51.29874456780124,419316.99920040835,1.596336415197996,2.47893894587553
1100,Procurement,50.0,419316.99920040835,0.7835676651396284,14.650766175273993
1100,Combined,50.31884071753924,419316.9991756688,1.418040756086242,-0.0
1101,Uniform,50.0,282847.5308156508,0.0,12.120144304141077
1101,Screened,50.30266062189271,282847.5308156509,0.3101751803123065,-0.0
1101,Yield per roof,51.23341156437932,282847.5308156509,0.8037588469370007,1.855702207822288
1101,Procurement,50.0,282847.5308156508,0.887079903586482,6.885484340739736
1101,Combined,50.30266062189271,282847.5308156509,1.2016782857871178,-0.0
1102,Uniform,50.0,348205.15088233474,0.0,23.382043289358876
1102,Screened,50.34016466711852,348205.1508620194,0.48738376438561204,-0.0
1102,Yield per roof,51.382467862032556,348205.1508823348,1.27325548159574,5.187177046229072
1102,Procurement,50.0,348205.15088233474,1.0773020639544768,16.03545195716928
1102,Combined,50.34016466711852,348205.1508620194,1.5667979140692267,-0.0
1103,Uniform,50.0,370123.14926154306,0.0,14.919095272456769
1103,Screened,50.30952306370216,370123.149261543,0.6092157690806204,-0.0
1103,Yield per roof,51.265475308165065,370123.14926154306,1.4606143506745468,1.5888804307592066
1103,Procurement,50.0,370123.14926154306,0.8853699043956169,9.70856028807585
1103,Combined,50.30952306370216,370123.149261543,1.4942501639219188,-0.0
1104,Uniform,50.0,291596.70007276477,0.0,4.13401443168063
1104,Screened,50.32690555737289,291596.70005559927,0.6281996661859353,-0.0
1104,Yield per roof,51.32991955736687,291596.7000727647,1.530237724980708,-0.0
1104,Procurement,50.0,291596.70007276477,0.9516150312720413,2.1572318767994187
1104,Combined,50.32690555737289,291596.70005559927,1.5799612268274785,-0.0
1105,Uniform,50.0,290617.96281377424,0.0,16.562635582668385
1105,Screened,50.3164353856941,290617.96281454776,0.4001314129401976,-0.0
1105,Yield per roof,51.29406107959377,290617.96281377424,0.9850907214457578,3.3867111745218685
1105,Procurement,50.0,290617.96281377424,1.0449246601445736,9.964583457982886
1105,Combined,50.3164353856941,290617.96281454776,1.4490566178674698,-0.0
1106,Uniform,50.0,374300.10830392584,0.0,5.352277492211663
1106,Screened,50.314833875034275,374300.1083039258,0.7481811235884663,-0.0
1106,Yield per roof,51.283426619276064,374300.10830392584,1.904135796932664,-0.0
1106,Procurement,50.0,374300.10830392584,0.8361347503746686,3.212512593943305
1106,Combined,50.314833875034275,374300.1083039258,1.584829224906514,-0.0
1107,Uniform,50.0,380521.35393595096,0.0,36.31367802638747
1107,Screened,50.31000776381359,380521.35393615084,0.35894513186205046,5.370751928226653
1107,Yield per roof,51.26431148945396,380521.3539359509,0.9310159683615851,17.37465749981445
1107,Procurement,50.0,380521.35393595096,0.8354763348471934,25.043157930113356
1107,Combined,50.31000776381359,380521.35393615084,1.1972293862313705,-0.0
1108,Uniform,50.0,394216.86340436107,-7.105427357601002e-15,48.085426546997844
1108,Screened,50.307506759763505,394216.8634043612,0.3808656937791355,13.90754571961703
1108,Yield per roof,51.2518130890276,394216.86340436095,0.906542728961341,28.494036619101504
1108,Procurement,50.0,394216.86340436107,0.8591307367139649,28.319622089252316
1108,Combined,50.307506759763505,394216.8634043612,1.2450706532344782,-0.0
1109,Uniform,50.0,366163.42209176626,0.0,76.00265931782664
1109,Screened,50.31136795711957,366163.42209176626,0.3413423239123148,36.459123579461114
1109,Yield per roof,51.26189737892921,366163.42209176626,0.8423503429248314,52.733901365739584
1109,Procurement,50.0,366163.42209176626,0.9822829442876326,49.548994025365445
1109,Combined,50.31136795711957,366163.42209176626,1.3240238871355103,17.33177847759975
1110,Uniform,50.0,333882.3723053528,0.0,19.80591971226442
1110,Screened,50.31524716907369,333882.3723053528,0.38893840557629034,-0.0
1110,Yield per roof,51.28043813084985,333882.37230535294,1.0103179054162439,4.693015663793723
1110,Procurement,50.0,333882.3723053528,0.8848456035383236,13.203739021923457
1110,Combined,50.31524716907369,333882.3723053528,1.273068842364033,-0.0
1111,Uniform,50.0,368135.38464694604,2.842170943040401e-14,3.0489238198889446
1111,Screened,50.309173939858276,368135.3846469461,0.7776097151629813,-0.0
1111,Yield per roof,51.258929924655156,368135.3846469459,1.983394458440813,-0.0
1111,Procurement,50.0,368135.38464694604,0.8386599931264129,1.9207755480899895
1111,Combined,50.309173939858276,368135.3846469461,1.6182056549475305,-0.0
1112,Uniform,50.0,408027.1917471628,0.0,8.182706228195467
1112,Screened,50.31516076458455,408027.1917230587,0.8148656106757528,-0.0
1112,Yield per roof,51.28587836620466,408027.19174716296,2.0087322111616004,-0.0
1112,Procurement,50.0,408027.1917471628,0.8196914595341411,4.620830968774088
1112,Combined,50.31516076458455,408027.1917230587,1.6354984833554624,-0.0
1113,Uniform,50.0,304972.1686574036,0.0,11.881989784397506
1113,Screened,50.312988432943236,304972.1686574036,0.407238737969422,-0.0
1113,Yield per roof,51.27481779824741,304972.1686574035,1.1081641830477338,1.1462718443800501
1113,Procurement,50.0,304972.1686574036,0.9065182198516908,6.909557888342244
1113,Combined,50.312988432943236,304972.1686574036,1.314223512666345,-0.0
1114,Uniform,50.0,287169.5215540723,0.0,20.151026429239796
1114,Screened,50.31355119689246,287169.5215540722,0.34774655630921814,-0.0
1114,Yield per roof,51.272974741832236,287169.5215540723,0.8837662223000109,5.4083958162962285
1114,Procurement,50.0,287169.5215540723,1.0392976409119967,12.227845238518242
1114,Combined,50.31355119689246,287169.5215540722,1.3878654522684855,-0.0
1115,Uniform,50.0,387550.10214530467,0.0,27.682232741248686
1115,Screened,50.31594274410728,387550.10214530467,0.35379695101138964,-0.0
1115,Yield per roof,51.286400924248326,387550.10214530467,0.9713267136898267,8.375421006398163
1115,Procurement,50.0,387550.10214530467,0.7971451258660167,21.545873713547767
1115,Combined,50.31594274410728,387550.10214530467,1.151448062491994,-0.0
1116,Uniform,50.0,397410.59480849834,1.4210854715202004e-14,14.329271223393148
1116,Screened,50.311513263100785,397410.5948084982,0.6249993525478459,-0.0
1116,Yield per roof,51.26496537426124,397410.5948084984,1.5308658143365648,1.2830852056759556
1116,Procurement,50.0,397410.59480849834,0.9078925397927975,9.291691347109907
1116,Combined,50.311513263100785,397410.5948084982,1.5355286202012195,-0.0
1117,Uniform,50.0,348269.1407393239,0.0,18.061768781868327
1117,Screened,50.31450870483746,348269.1407187173,0.376696634656966,-0.0
1117,Yield per roof,51.28489204454684,348269.140739324,0.9661057277094187,3.893047301186165
1117,Procurement,50.0,348269.1407393239,0.9340734304744274,12.102640811602837
1117,Combined,50.31450870483746,348269.1407187173,1.3204435037837357,-0.0
1118,Uniform,50.0,336042.4570291365,-1.4210854715202004e-14,3.492480566085475
1118,Screened,50.31619988613642,336042.45700926846,0.6913633794032279,-0.0
1118,Yield per roof,51.28483772881542,336042.4570291366,1.6975326178411763,-0.0
1118,Procurement,50.0,336042.4570291365,0.9877595861670443,2.169306704464949
1118,Combined,50.31619988613642,336042.45700926846,1.6828638949194925,-0.0
1119,Uniform,50.0,317348.26831783855,0.0,14.074495343380852
1119,Screened,50.305241895472534,317348.2683178383,0.37859365272825585,-0.0
1119,Yield per roof,51.24054423640785,317348.26831783843,1.0216665047482323,1.938600897680038
1119,Procurement,50.0,317348.26831783855,0.8452747498460909,9.090061074901124
1119,Combined,50.305241895472534,317348.2683178383,1.224570159363921,-0.0
1120,Uniform,50.0,415395.9600106431,0.0,5.17263235782759
1120,Screened,50.32078978540424,415395.9599862044,0.9107175484797381,-0.0
1120,Yield per roof,51.30338419701774,415395.96001064323,2.13825768131332,-0.0
1120,Procurement,50.0,415395.9600106431,0.808730909882712,3.5775625487237215
1120,Combined,50.32078978540424,415395.9599862044,1.7193600574524623,-0.0
1121,Uniform,50.0,297562.8124326231,0.0,83.01544515411817
1121,Screened,50.31612208003753,297562.8124150189,0.1717103827296178,49.39060023246115
1121,Yield per roof,51.2970218134185,297562.8124326232,0.4338635532182131,66.36695528352894
1121,Procurement,50.0,297562.8124326231,0.9534184627325359,56.96435440397349
1121,Combined,50.31612208003753,297562.8124150189,1.1300887648365823,30.444229556484512
1122,Uniform,50.0,395821.8195783777,0.0,27.818367853617467
1122,Screened,50.34647295210993,395821.8195552504,0.5697469976956739,-0.0
1122,Yield per roof,51.409254591206185,395821.81957837753,1.3917223785976773,6.864560416842091
1122,Procurement,50.0,395821.8195783777,1.1344091192206776,19.340951904846023
1122,Combined,50.34647295210993,395821.8195552504,1.708828897127944,-0.0
1123,Uniform,50.0,385921.8063813836,0.0,10.070422604225818
1123,Screened,50.32979903305268,385921.8063586645,0.6812990040097731,-0.0
1123,Yield per roof,51.340451150434696,385921.8063813836,1.7327333715113724,-0.0
1123,Procurement,50.0,385921.8063813836,0.88794743980921,6.211795962091437
1123,Combined,50.32979903305268,385921.8063586645,1.5702542729047337,-0.0
1124,Uniform,50.0,285723.4130531903,0.0,87.96301962708647
1124,Screened,50.31417866264025,285723.41305319034,0.2293055735636571,50.65663312629874
1124,Yield per roof,51.277306989774644,285723.4130531903,0.5758815457375164,67.7107261123183
1124,Procurement,50.0,285723.4130531903,1.1704487923825369,55.98148361273597
1124,Combined,50.31417866264025,285723.41305319034,1.4013611611267436,27.45676145576126
1125,Uniform,50.0,373071.1862970615,0.0,31.782431063145747
1125,Screened,50.31324060361935,373071.18627500965,0.3890341089476905,1.3365888943887805
1125,Yield per roof,51.2766143994914,373071.18629706145,0.9989605834358812,12.166978240580052
1125,Procurement,50.0,373071.1862970615,0.8698536599593254,24.07140274595614
1125,Combined,50.31324060361935,373071.18627500965,1.2597058011929647,-0.0
1126,Uniform,50.0,328435.3862354008,0.0,100.10714197277781
1126,Screened,50.3225465939119,328435.3862160663,0.2222756895623874,59.13331932336988
1126,Yield per roof,51.309280435249015,328435.3862354008,0.6045242310863017,77.92998609369353
1126,Procurement,50.0,328435.3862354008,1.046156181392874,71.47936417393812
1126,Combined,50.3225465939119,328435.3862160663,1.2702803725552272,38.374381364131295
1127,Uniform,50.0,301131.8366970904,0.0,11.6623197827226
1127,Screened,50.31834655862999,301131.8366793212,0.4734852757331538,-0.0
1127,Yield per roof,51.292873327643754,301131.8366970904,1.1648541250396818,1.1809565338533183
1127,Procurement,50.0,301131.8366970904,1.0203034490007212,6.239774745729017
1127,Combined,50.31834655862999,301131.8366793212,1.4963298305768973,-0.0
1128,Uniform,50.0,278496.5386644035,0.0,7.570319269184988
1128,Screened,50.322448065746435,278496.53864801966,0.5462627900308661,-0.0
1128,Yield per roof,51.30861833361143,278496.53866440355,1.3347035475124045,-0.0
1128,Procurement,50.0,278496.5386644035,1.0450401334264967,3.0267390201404605
1128,Combined,50.322448065746435,278496.53864801966,1.592234705930693,-0.0
1129,Uniform,50.0,413395.36421997676,0.0,36.37034602427722
1129,Screened,50.32369340777058,413395.3641957884,0.5241463184028845,-0.0
1129,Yield per roof,51.31554449716308,413395.3642199768,1.301815464933668,11.42520592968471
1129,Procurement,50.0,413395.36421997676,0.9779779469257903,29.1649010620787
1129,Combined,50.32369340777058,413395.3641957884,1.5036124423300805,-0.0
1130,Uniform,50.0,351614.8445095131,0.0,59.55981684942714
1130,Screened,50.31830847062228,351614.8444887855,0.31446853242808004,25.80839779161715
1130,Yield per roof,51.29599133163685,351614.84450951323,0.783661335831745,39.772824018109254
1130,Procurement,50.0,351614.8445095131,0.9597070756313144,33.43907340244145
1130,Combined,50.31830847062228,351614.8444887855,1.2754196197276215,6.900340823072604
1131,Uniform,50.0,396875.65519434214,-1.4210854715202004e-14,11.418613288383579
1131,Screened,50.321453441216825,396875.65517094196,0.7277148116767194,-0.0
1131,Yield per roof,51.31287018900365,396875.65519434214,1.7937118872658573,0.046799212701869174
1131,Procurement,50.0,396875.65519434214,0.8634031882935744,7.667526113815049
1131,Combined,50.321453441216825,396875.65517094196,1.5918901162089298,-0.0
1132,Uniform,50.0,373949.0205698622,0.0,23.49317717018531
1132,Screened,50.33227570331611,373949.02056768816,0.48625915910703554,-0.0
1132,Yield per roof,51.356182799505426,373949.02056986216,1.1933481366104672,5.931770778940828
1132,Procurement,50.0,373949.0205698622,0.8811832384750744,16.700563458624465
1132,Combined,50.33227570331611,373949.02056768816,1.3686368830157676,-0.0
1133,Uniform,50.0,421002.93308876303,0.0,35.00179525465483
1133,Screened,50.31988523948629,421002.93306399044,0.4644148526378302,-0.0
1133,Yield per roof,51.30215896192617,421002.93308876303,1.2077298696591612,10.74029903746329
1133,Procurement,50.0,421002.93308876303,0.8350183652555074,28.567869653955647
1133,Combined,50.31988523948629,421002.93306399044,1.3005019874580341,-0.0
1134,Uniform,50.0,348852.03545215173,1.4210854715202004e-14,6.4637344875580744
1134,Screened,50.30609163379322,348852.03543249966,0.6231827212016015,-0.0
1134,Yield per roof,51.246561069188125,348852.0354521517,1.541711879410073,-0.0
1134,Procurement,50.0,348852.03545215173,0.8976655838822722,3.000193174862118
1134,Combined,50.30609163379322,348852.03543249966,1.5209807969822293,-0.0
1135,Uniform,50.0,348659.9359273033,0.0,21.809198967045333
1135,Screened,50.31640115916472,348659.9359066956,0.3966178600038148,-0.0
1135,Yield per roof,51.285760066234324,348659.9359273033,1.0086068431199777,5.723826564448155
1135,Procurement,50.0,348659.9359273033,0.8951932422759725,14.909005785228086
1135,Combined,50.31640115916472,348659.9359066956,1.2917798377728644,-0.0
1136,Uniform,50.0,387056.5891255728,1.4210854715202004e-14,9.405802460438428
1136,Screened,50.29961375667977,387056.58912557294,0.6014795150972816,-0.0
1136,Yield per roof,51.217512904129535,387056.5891255728,1.5207735620557088,-0.0
1136,Procurement,50.0,387056.5891255728,0.79213026759831,5.966799926483964
1136,Combined,50.29961375667977,387056.58912557294,1.395762247705008,-0.0
1137,Uniform,50.0,291881.00173508684,0.0,2.5050741889539725
1137,Screened,50.30450813499428,291881.00173508667,0.6022980882623585,-0.0
1137,Yield per roof,51.23783467671347,291881.0017350868,1.558996088556242,-0.0
1137,Procurement,50.0,291881.00173508684,0.8985283625737281,1.2975453144704012
1137,Combined,50.30450813499428,291881.00173508667,1.5003689500756394,-0.0
1138,Uniform,50.0,306654.2570766362,0.0,31.893957587751125
1138,Screened,50.307725078039006,306654.2570766361,0.26816255972425296,7.326136525330194
1138,Yield per roof,51.25013830029877,306654.25707663613,0.7093357492405943,16.66130673291498
1138,Procurement,50.0,306654.2570766362,0.9163943296651311,17.853208081973676
1138,Combined,50.307725078039006,306654.2570766361,1.1855661009387433,-0.0
1139,Uniform,50.0,355459.32357452565,-1.4210854715202004e-14,12.699027616184306
1139,Screened,50.313818165361305,355459.32357452554,0.5462541522012856,-0.0
1139,Yield per roof,51.27580782380315,355459.32357452565,1.3678114138738238,1.0672683572470927
1139,Procurement,50.0,355459.32357452565,0.9162486750674219,7.800797081809831
1139,Combined,50.313818165361305,355459.32357452554,1.4643507279608912,-0.0
1140,Uniform,50.0,284288.0083094624,0.0,3.7899886738032387
1140,Screened,50.30838513101109,284288.0083120808,0.5096246310287,-0.0
1140,Yield per roof,51.2644918051754,284288.00830946246,1.2490560159396864,-0.0
1140,Procurement,50.0,284288.0083094624,0.9084325477976307,1.8744666342268936
1140,Combined,50.30838513101109,284288.0083120808,1.4232895619630312,-0.0
1141,Uniform,50.0,416644.024433336,0.0,38.79112400201876
1141,Screened,50.319965756868214,416644.02441924025,0.3754010104115153,5.8203403268104035
1141,Yield per roof,51.30496686890219,416644.024433336,1.0022531323412593,18.77426308370917
1141,Procurement,50.0,416644.024433336,0.8595219438102006,26.96593405085105
1141,Combined,50.319965756868214,416644.02441924025,1.2380450278392843,-0.0
1142,Uniform,50.0,394030.880209645,0.0,22.691760002691353
1142,Screened,50.310319662296635,394030.880209645,0.48628855921711533,-0.0
1142,Yield per roof,51.26192900393277,394030.88020964514,1.230342346811824,5.110666146635372
1142,Procurement,50.0,394030.880209645,0.9148966459742098,16.01989374978429
1142,Combined,50.310319662296635,394030.880209645,1.4023240633526513,-0.0
1143,Uniform,50.0,349293.9725374306,-1.4210854715202004e-14,5.525390018953688
1143,Screened,50.31436817311275,349293.97251865815,0.7155273995242624,-0.0
1143,Yield per roof,51.27956079946861,349293.9725374306,1.7333170907806874,-0.0
1143,Procurement,50.0,349293.9725374306,0.8700887551405856,3.0017860313926357
1143,Combined,50.31436817311275,349293.97251865815,1.5849853523154565,-0.0
1144,Uniform,50.0,359938.0411092027,0.0,25.00123262561346
1144,Screened,50.314263774009596,359938.04108815454,0.5747802086635545,-0.0
1144,Yield per roof,51.271267691617226,359938.0411092028,1.4015106335930057,5.529774571874104
1144,Procurement,50.0,359938.0411092027,1.1444119577584928,17.230110332221457
1144,Combined,50.314263774009596,359938.04108815454,1.7208092432353936,-0.0
1145,Uniform,50.0,308200.8642118701,1.4210854715202004e-14,3.4941851973818854
1145,Screened,50.31476119918291,308200.86419362645,0.5752895538445557,-0.0
1145,Yield per roof,51.28102470542077,308200.8642118701,1.4452248437679884,-0.0
1145,Procurement,50.0,308200.8642118701,0.8895392826215556,1.9715796290874066
1145,Combined,50.31476119918291,308200.86419362645,1.4668171728666692,-0.0
1146,Uniform,50.0,355660.64194442803,0.0,71.9719807614739
1146,Screened,50.32190169700831,355660.64192343806,0.3145883842466972,34.91084985394168
1146,Yield per roof,51.30803709428577,355660.641944428,0.7513308283655533,51.93674080288618
1146,Procurement,50.0,355660.64194442803,1.0069336432610498,44.344811650288584
1146,Combined,50.32190169700831,355660.64192343806,1.325581012014304,14.827782588818511
1147,Uniform,50.0,344701.3768026385,0.0,16.140827902071017
1147,Screened,50.314783166880865,344701.3768026384,0.4730832182836906,-0.0
1147,Yield per roof,51.27986791000911,344701.3768026384,1.1896299830610815,2.297896579042795
1147,Procurement,50.0,344701.3768026385,0.9751490792303201,10.378808625284401
1147,Combined,50.314783166880865,344701.3768026384,1.4500212277582705,-0.0
1148,Uniform,50.0,381008.9384646573,0.0,8.16470621392658
1148,Screened,50.307058024821636,381008.9384646572,0.6768464330661601,-0.0
1148,Yield per roof,51.246924086099,381008.93846465735,1.7272324792100733,-0.0
1148,Procurement,50.0,381008.9384646573,0.8633833315545729,4.444118463178487
1148,Combined,50.307058024821636,381008.9384646572,1.5398680859523495,-0.0
1149,Uniform,50.0,375777.43444290047,0.0,8.837774916512178
1149,Screened,50.31657000762567,375777.4344206944,0.6628594076874919,-0.0
1149,Yield per roof,51.28889062946743,375777.43444290047,1.6195897556497556,-0.0
1149,Procurement,50.0,375777.43444290047,0.9042258301870874,4.9097117479351
1149,Combined,50.31657000762567,375777.4344206944,1.5684008826994926,-0.0
1150,Uniform,50.0,407207.6972501377,0.0,113.58286624520287
1150,Screened,50.31787776821611,407207.6972501376,0.32943192285063105,64.00810875221846
1150,Yield per roof,51.28912554699969,407207.6972501377,0.843878805306872,85.6676788881662
1150,Procurement,50.0,407207.6972501377,0.9592584816651808,87.68986018538946
1150,Combined,50.31787776821611,407207.6972501376,1.2895347702773847,45.2670613879656
1151,Uniform,50.0,289591.40285183897,0.0,26.874529744541213
1151,Screened,50.32382401945867,289591.402851839,0.4039002606766786,-0.0
1151,Yield per roof,51.31453303031951,289591.40285183897,0.9705003529819578,8.210100190125639
1151,Procurement,50.0,289591.40285183897,1.2068995301700483,17.59711389536849
1151,Combined,50.32382401945867,289591.402851839,1.613543662993763,-0.0
1152,Uniform,50.0,385118.075070517,0.0,58.86130046403148
1152,Screened,50.32999248328871,385118.0750479222,0.41351558607718175,19.57347633938886
1152,Yield per roof,51.34079830077653,385118.075070517,1.0284528401458033,35.4895785440535
1152,Procurement,50.0,385118.075070517,1.0165479652288383,32.192615135418464
1152,Combined,50.32999248328871,385118.0750479222,1.4325253771428237,0.061336977423457215
1153,Uniform,50.0,305181.5985657611,0.0,3.5081384396579383
1153,Screened,50.308112209660756,305181.59854776,0.5382056845164414,-0.0
1153,Yield per roof,51.25289152430449,305181.5985657611,1.4353091994112077,-0.0
1153,Procurement,50.0,305181.5985657611,0.8727697158724652,1.9132143369072931
1153,Combined,50.308112209660756,305181.59854776,1.41056569530177,-0.0
1154,Uniform,50.0,312857.5757388185,0.0,61.68462112829036
1154,Screened,50.31867745350805,312857.5757204641,0.3240552805535657,26.717461832221
1154,Yield per roof,51.29489071806299,312857.5757388185,0.819506898352742,40.989151334359235
1154,Procurement,50.0,312857.5757388185,1.1060373104487269,31.696203663779585
1154,Combined,50.31867745350805,312857.5757204641,1.4308978446277933,5.029589768184423
1155,Uniform,50.0,279399.657762974,1.4210854715202004e-14,6.585834312655746
1155,Screened,50.32975843786751,279399.657763156,0.5969891245061945,-0.0
1155,Yield per roof,51.34556683951091,279399.6577629739,1.4913269853848163,-0.0
1155,Procurement,50.0,279399.657762974,1.0950424336988789,2.6976196586790318
1155,Combined,50.32975843786751,279399.657763156,1.6951597368771871,-0.0
1156,Uniform,50.0,300932.003116692,0.0,18.05156736201779
1156,Screened,50.310094239565835,300932.00310052827,0.3232633976627497,-0.0
1156,Yield per roof,51.26249369779941,300932.003116692,0.8166738540323095,4.789615685911363
1156,Procurement,50.0,300932.003116692,0.9082786726696668,11.183948878114474
1156,Combined,50.310094239565835,300932.00310052827,1.2323071091548456,-0.0
1157,Uniform,50.0,367764.08105064987,0.0,30.355208555178688
1157,Screened,50.30891403013172,367764.08102914714,0.4208605228415365,-0.0
1157,Yield per roof,51.25528235643924,367764.0810506499,1.0130990900756558,10.01759349697811
1157,Procurement,50.0,367764.08105064987,0.8789503815556543,23.60649245286966
1157,Combined,50.30891403013172,367764.08102914714,1.2993092489138292,-0.0
1158,Uniform,50.0,371441.22083323146,0.0,27.41477770340636
1158,Screened,50.32048084936835,371441.22081140394,0.4836366442794855,-0.0
1158,Yield per roof,51.29996919383408,371441.22083323146,1.2069535060413017,7.408752647640376
1158,Procurement,50.0,371441.22083323146,0.9714826175168554,19.91063042509067
1158,Combined,50.32048084936835,371441.22081140394,1.4566043425856492,-0.0
1159,Uniform,50.0,399392.1298809133,0.0,38.38646984324779
1159,Screened,50.31639065202776,399392.1298573277,0.4088974997611672,5.898564087773916
1159,Yield per roof,51.28520812514453,399392.1298809133,1.012085756717596,17.662948884253506
1159,Procurement,50.0,399392.1298809133,0.8620084862283051,26.19002443305195
1159,Combined,50.31639065202776,399392.1298573277,1.2717120041332848,-0.0
1160,Uniform,50.0,289431.0282815514,0.0,16.39612107814969
1160,Screened,50.31467946286176,289431.02826524904,0.33786658180364526,-0.0
1160,Yield per roof,51.28008941116399,289431.02828155144,0.8780117128281972,3.664446143656124
1160,Procurement,50.0,289431.0282815514,0.9869272042058341,9.729374396276965
1160,Combined,50.31467946286176,289431.02826524904,1.3263242400460342,-0.0
1161,Uniform,50.0,324950.7902155202,1.4210854715202004e-14,7.249165816462858
1161,Screened,50.30934780353832,324950.79021551996,0.6725341850064979,-0.0
1161,Yield per roof,51.25543658992223,324950.7902155202,1.6253201008097165,-0.0
1161,Procurement,50.0,324950.7902155202,0.983502622991594,3.2367421867743484
1161,Combined,50.30934780353832,324950.79021551996,1.6557856739198655,-0.0
1162,Uniform,50.0,335376.2133744641,0.0,28.17889730630552
1162,Screened,50.32253408721052,335376.21335478075,0.44145773362414786,-0.0
1162,Yield per roof,51.307159839864454,335376.213374464,1.099187739362435,8.166262457906404
1162,Procurement,50.0,335376.2133744641,1.0773615624030697,19.854161695444578
1162,Combined,50.32253408721052,335376.21335478075,1.5203977955438575,-0.0
1163,Uniform,50.0,288021.37577933434,0.0,9.573737712174156
1163,Screened,50.311210680386054,288021.37577933434,0.3808690174699194,-0.0
1163,Yield per roof,51.265046278531145,288021.37577933446,1.011678271319191,0.7406640558353687
1163,Procurement,50.0,288021.37577933434,0.881230562586957,5.1175069948372505
1163,Combined,50.311210680386054,288021.37577933434,1.2630881951554045,-0.0
1164,Uniform,50.0,304673.08317032235,0.0,18.527708846356276
1164,Screened,50.30915280687489,304673.08317032247,0.3495422472710885,-0.0
1164,Yield per roof,51.25605933832689,304673.08317032235,0.9126916413416524,4.506819809460846
1164,Procurement,50.0,304673.08317032235,0.9135726307647332,11.786088402244678
1164,Combined,50.30915280687489,304673.08317032247,1.2628625753695033,-0.0
1165,Uniform,50.0,395756.12644796295,0.0,13.369562421805929
1165,Screened,50.322728080272654,395756.1264246329,0.6755170843197931,-0.0
1165,Yield per roof,51.31101683349515,395756.1264479629,1.6537805020738858,0.8457095432176911
1165,Procurement,50.0,395756.12644796295,0.8174887981830494,9.055045497452605
1165,Combined,50.322728080272654,395756.1264246329,1.4926686136266056,-0.0
1166,Uniform,50.0,335695.970855998,-7.105427357601002e-15,28.460566287164877
1166,Screened,50.311602849904915,335695.97085682326,0.3798787539270947,-0.0
1166,Yield per roof,51.27174581570502,335695.97085599793,0.9580674706785928,8.977162228751942
1166,Procurement,50.0,335695.970855998,0.9611637658453063,21.11020894800558
1166,Combined,50.311602849904915,335695.97085682326,1.3411284538951591,-0.0
1167,Uniform,50.0,411171.2522631353,0.0,10.013502861033082
1167,Screened,50.309420044904016,411171.2522631353,0.6790495902221068,-0.0
1167,Yield per roof,51.2633270363318,411171.2522631353,1.7658376803675395,-0.0
1167,Procurement,50.0,411171.2522631353,0.7855176763399498,6.601509907741954
1167,Combined,50.309420044904016,411171.2522631353,1.4680310122766826,-0.0
1168,Uniform,50.0,371600.4599833635,0.0,23.812163861503702
1168,Screened,50.31119966480895,371600.4599833633,0.48560587378352693,-0.0
1168,Yield per roof,51.26095205653717,371600.4599833635,1.2397001734790791,5.526571610473237
1168,Procurement,50.0,371600.4599833635,1.0225978339389457,16.462020578980272
1168,Combined,50.31119966480895,371600.4599833633,1.5091435022442283,-0.0
1169,Uniform,50.0,339280.1648655144,0.0,19.989160129219165
1169,Screened,50.314105714866876,339280.16486551426,0.38968467585100797,-0.0
1169,Yield per roof,51.27623066644457,339280.16486551444,0.980749375137087,4.975126515424914
1169,Procurement,50.0,339280.1648655144,0.9289751685635039,13.096555507008047
1169,Combined,50.314105714866876,339280.16486551426,1.32032862577568,-0.0
1170,Uniform,50.0,342920.30329327943,0.0,13.262833739050048
1170,Screened,50.32944132907001,342920.30327309854,0.5884612477058795,-0.0
1170,Yield per roof,51.34835930097993,342920.30329327926,1.490174887164784,0.9337618176054975
1170,Procurement,50.0,342920.30329327943,1.0902727257578135,7.881773574143061
1170,Combined,50.32944132907001,342920.30327309854,1.6840339619160574,-0.0
1171,Uniform,50.0,358384.85844678,1.4210854715202004e-14,3.4730997729369113
1171,Screened,50.302463752179406,358384.85844678,0.7420540144230188,-0.0
1171,Yield per roof,51.229731689233056,358384.8584467801,1.8385563764196604,-0.0
1171,Procurement,50.0,358384.85844678,0.8846964040114074,2.284462967691782
1171,Combined,50.302463752179406,358384.85844678,1.6266880209383316,-0.0
1172,Uniform,50.0,333674.9994345461,0.0,22.446085847828112
1172,Screened,50.30845462575175,333674.9994345462,0.3147711065501255,-0.0
1172,Yield per roof,51.253713481373545,333674.99943454604,0.8271534751840051,6.632749143974759
1172,Procurement,50.0,333674.9994345461,0.8445673369915312,15.946717052591437
1172,Combined,50.30845462575175,333674.9994345462,1.1607238624554697,-0.0
1173,Uniform,50.0,295498.2118991104,0.0,6.674640285356825
1173,Screened,50.30954730366366,295498.21189911047,0.5895504507829799,-0.0
1173,Yield per roof,51.255020764504266,295498.21189911047,1.5231455020763462,-0.0
1173,Procurement,50.0,295498.2118991104,1.0148512380110049,2.841232539051229
1173,Combined,50.30954730366366,295498.21189911047,1.604444795401065,-0.0
1174,Uniform,50.0,345351.937273338,0.0,23.777919343647948
1174,Screened,50.3096599413961,345351.9372733381,0.36510833983730606,-0.0
1174,Yield per roof,51.25844413397732,345351.9372733379,0.9333501116473144,6.8344515717190495
1174,Procurement,50.0,345351.937273338,0.8606528233750765,17.151098280161143
1174,Combined,50.3096599413961,345351.9372733381,1.2276163366866655,-0.0
1175,Uniform,50.0,282652.0090397361,0.0,81.78624855945107
1175,Screened,50.31944862836555,282652.0090231095,0.21975269826129562,46.52177947595148
1175,Yield per roof,51.296139543074254,282652.0090397361,0.580051105079491,62.131799488179446
1175,Procurement,50.0,282652.0090397361,1.075499495378054,52.36699872081638
1175,Combined,50.31944862836555,282652.0090231095,1.2959517154966775,25.208984393896223
1176,Uniform,50.0,319136.85539616167,0.0,29.59141586385753
1176,Screened,50.310234684562424,319136.855386134,0.32330814093528915,2.0363972727513273
1176,Yield per roof,51.261479602025595,319136.85539616167,0.8899002746522484,11.791034071263102
1176,Procurement,50.0,319136.85539616167,1.0770772376722562,19.582948075734013
1176,Combined,50.310234684562424,319136.855386134,1.4009970651104169,-0.0
1177,Uniform,50.0,431171.73209191376,0.0,11.374502036478734
1177,Screened,50.31730705055684,431171.732066518,0.8211200926624542,-0.0
1177,Yield per roof,51.290011167165915,431171.7320919138,2.006467847960238,-0.0
1177,Procurement,50.0,431171.73209191376,0.7829826338123098,8.027597520019189
1177,Combined,50.31730705055684,431171.732066518,1.6042293487006702,-0.0
1178,Uniform,50.0,356802.0508976845,1.4210854715202004e-14,9.024976581711353
1178,Screened,50.30776743653239,356802.0508783122,0.6539366102533535,-0.0
1178,Yield per roof,51.25159613617654,356802.05089768453,1.5637538951007883,-0.0
1178,Procurement,50.0,356802.0508976845,0.9453141404371905,4.922117050898086
1178,Combined,50.30776743653239,356802.0508783122,1.5997858984888182,-0.0
1179,Uniform,50.0,404845.9470215966,0.0,12.097237356850954
1179,Screened,50.31297206325823,404845.94699781196,0.699855716150239,-0.0
1179,Yield per roof,51.27892061730914,404845.9470215965,1.6929183257988996,0.3931348219154201
1179,Procurement,50.0,404845.9470215966,0.9272734587718929,7.835844518783202
1179,Combined,50.31297206325823,404845.94699781196,1.629157918989037,-0.0
1180,Uniform,50.0,337968.58394344937,0.0,94.75737386181707
1180,Screened,50.31702770216583,337968.5839235763,0.25314079866107875,54.142294003441165
1180,Yield per roof,51.28578559662874,337968.5839434494,0.667695170203622,71.99617998278612
1180,Procurement,50.0,337968.58394344937,0.9957046699548613,67.60980457734186
1180,Combined,50.31702770216583,337968.5839235763,1.2494155564734726,34.485246477872295
1181,Uniform,50.0,299196.9133407119,0.0,70.90674935038004
1181,Screened,50.30927124011539,299196.91334071185,0.2058563190977729,39.019786543942544
1181,Yield per roof,51.25638206421752,299196.91334071197,0.5658187504900418,52.720621511866604
1181,Procurement,50.0,299196.9133407119,0.9605050483527968,44.66077297426415
1181,Combined,50.30927124011539,299196.91334071185,1.1665997471388216,20.02875855482351
1182,Uniform,50.0,384690.929707697,0.0,13.00787682676785
1182,Screened,50.312501259418795,384690.92968865915,0.5640507144815246,-0.0
1182,Yield per roof,51.27174772533351,384690.9297076971,1.464191865672504,0.8613109917112847
1182,Procurement,50.0,384690.929707697,0.906718464567831,8.392046002894872
1182,Combined,50.312501259418795,384690.92968865915,1.4736055351880282,-0.0
1183,Uniform,50.0,298524.0696431943,0.0,14.764847810019031
1183,Screened,50.32743932982696,298524.0696256523,0.49331127573385913,-0.0
1183,Yield per roof,51.3276381002264,298524.0696431943,1.2720384676006802,1.6795073214856957
1183,Procurement,50.0,298524.0696431943,1.0978358082330288,8.500470558862519
1183,Combined,50.32743932982696,298524.0696256523,1.5928503737889486,-0.0
1184,Uniform,50.0,313175.275495778,0.0,10.481473630185715
1184,Screened,50.312706537101654,313175.275495778,0.4615920263740918,-0.0
1184,Yield per roof,51.272387133740445,313175.27549577807,1.2104024561155597,0.6278459517154473
1184,Procurement,50.0,313175.275495778,0.8953361257239436,6.06657025756552
1184,Combined,50.312706537101654,313175.275495778,1.3577816987515234,-0.0
1185,Uniform,50.0,302483.0933503191,0.0,9.43961089510614
1185,Screened,50.310394513198354,302483.09335031896,0.4827881267634666,-0.0
1185,Yield per roof,51.26063944488951,302483.0933503191,1.210951912501173,0.43875949204721976
1185,Procurement,50.0,302483.0933503191,0.9136238608678866,5.10898648896338
1185,Combined,50.310394513198354,302483.09335031896,1.396370106924408,-0.0
1186,Uniform,50.0,292417.2011390677,-1.4210854715202004e-14,6.241708635304721
1186,Screened,50.31516059722019,292417.2011218261,0.6013856954854191,-0.0
1186,Yield per roof,51.279340353418576,292417.20113906777,1.513090067656222,-0.0
1186,Procurement,50.0,292417.2011390677,1.0788891009273556,2.634529158779031
1186,Combined,50.31516059722019,292417.2011218261,1.6820113563953356,-0.0
1187,Uniform,50.0,394463.1293894864,0.0,13.388423729137317
1187,Screened,50.31201435873833,394463.12938948633,0.6108136233713424,-0.0
1187,Yield per roof,51.26837947249141,394463.1293894863,1.5083189276271014,1.0703585613085833
1187,Procurement,50.0,394463.1293894864,0.8546014344094743,8.711404087184535
1187,Combined,50.31201435873833,394463.12938948633,1.4657895523625797,-0.0
1188,Uniform,50.0,303281.72029239207,0.0,16.286129215142978
1188,Screened,50.30954536997544,303281.7202896453,0.38875655863017755,-0.0
1188,Yield per roof,51.26267108632578,303281.72029239207,0.9749715198319961,3.332333892463646
1188,Procurement,50.0,303281.72029239207,0.9212911389460032,10.191301793268043
1188,Combined,50.30954536997544,303281.7202896453,1.309964461628418,-0.0
1189,Uniform,50.0,306320.2296635545,0.0,14.700899779075336
1189,Screened,50.30834206193812,306320.22966355446,0.39994567946808957,-0.0
1189,Yield per roof,51.25273915111301,306320.2296635546,1.0083105278295506,2.4391449310618403
1189,Procurement,50.0,306320.2296635545,0.906515493117638,9.204633210114704
1189,Combined,50.30834206193812,306320.22966355446,1.3064365867903263,-0.0
1190,Uniform,50.0,366671.591523302,0.0,25.19222423857869
1190,Screened,50.311338366380625,366671.59152330196,0.40057759068322696,-0.0
1190,Yield per roof,51.27337666246042,366671.591523302,1.0838221933070855,6.683208873957238
1190,Procurement,50.0,366671.591523302,0.8863719267945385,18.36021903203653
1190,Combined,50.311338366380625,366671.59152330196,1.2890067198915034,-0.0
1191,Uniform,50.0,286409.10307952797,0.0,13.145638021858444
1191,Screened,50.316183356942865,286409.103079528,0.47011828033923564,-0.0
1191,Yield per roof,51.28245805737965,286409.103079528,1.2189560906452215,1.3138002904378183
1191,Procurement,50.0,286409.10307952797,1.1019078137517653,7.1755376960720865
1191,Combined,50.316183356942865,286409.103079528,1.5726735738624313,-0.0
1192,Uniform,50.0,308609.68417203776,0.0,53.451043157955446
1192,Screened,50.32723223826002,308609.68417203776,0.2914652137221623,21.109548558923727
1192,Yield per roof,51.326997408427914,308609.68417203776,0.7597471076995461,35.57440667729616
1192,Procurement,50.0,308609.68417203776,1.187705442893801,24.005496023445463
1192,Combined,50.32723223826002,308609.68417203776,1.4830127321490778,-0.0
1193,Uniform,50.0,319698.33952293417,0.0,5.409739097472494
1193,Screened,50.31173457571811,319698.33952293417,0.5879783677982999,-0.0
1193,Yield per roof,51.2667062136214,319698.33952293417,1.4892229973460331,-0.0
1193,Procurement,50.0,319698.33952293417,0.904048332028367,2.5671039218911984
1193,Combined,50.31173457571811,319698.33952293417,1.4923889592487,-0.0
1194,Uniform,50.0,299777.94566851004,0.0,13.089988769288109
1194,Screened,50.30495998754942,299777.94566851016,0.4290297646164021,-0.0
1194,Yield per roof,51.23824565371787,299777.9456685101,1.0950089439990762,1.6163275594649205
1194,Procurement,50.0,299777.94566851004,0.9378899205773905,7.561640221043435
1194,Combined,50.30495998754942,299777.94566851016,1.3663271575224343,-0.0
1195,Uniform,50.0,322158.6426976872,0.0,14.359039229751502
1195,Screened,50.32764849955348,322158.6426797114,0.47144641526999465,-0.0
1195,Yield per roof,51.331797108094456,322158.6426976872,1.1745411512224848,1.8667342704762764
1195,Procurement,50.0,322158.6426976872,0.965848690090624,8.652475164402588
1195,Combined,50.32764849955348,322158.6426797114,1.437816579999918,-0.0
1196,Uniform,50.0,303538.0809534307,0.0,18.6417067245561
1196,Screened,50.3108371182068,303538.08095343056,0.40667134228854707,-0.0
1196,Yield per roof,51.26223263833799,303538.0809534307,1.0050711050501633,4.27532895887748
1196,Procurement,50.0,303538.0809534307,0.9776822295932277,11.847195179325679
1196,Combined,50.3108371182068,303538.08095343056,1.385605463542106,-0.0
1197,Uniform,50.0,409894.91148208873,-1.4210854715202004e-14,15.202705508744845
1197,Screened,50.31148291410975,409894.91146030667,0.6714446069538269,-0.0
1197,Yield per roof,51.265519115879115,409894.9114820887,1.5916555620925834,1.521659935798652
1197,Procurement,50.0,409894.91148208873,0.8535670235036434,10.201422445977247
1197,Combined,50.31148291410975,409894.91146030667,1.5248885213906362,-0.0
1198,Uniform,50.0,289117.0316578324,0.0,5.931082598746133
1198,Screened,50.313475528648254,289117.0316578325,0.5255710958920474,-0.0
1198,Yield per roof,51.27445475553887,289117.03165783244,1.3272646698414832,-0.0
1198,Procurement,50.0,289117.0316578324,0.8854588115813442,2.536234763093493
1198,Combined,50.313475528648254,289117.0316578325,1.4111897112728258,-0.0
1199,Uniform,50.0,322314.1764747314,-7.105427357601002e-15,24.563983838631348
1199,Screened,50.30558617506025,322314.1764562639,0.33031607974973554,-0.0
1199,Yield per roof,51.24473641878873,322314.1764747314,0.8644922362594372,7.417422650890894
1199,Procurement,50.0,322314.1764747314,0.9216654110075311,17.45932702787171
1199,Combined,50.30558617506025,322314.1764562639,1.2529647882227337,-0.0
1200,Uniform,50.0,310718.4824217395,0.0,88.57060314612707
1200,Screened,50.319752984906735,310718.4824034612,0.2115048986814756,51.910177205357456
1200,Yield per roof,51.2973463758079,310718.4824217395,0.5450883571431717,68.95469865290387
1200,Procurement,50.0,310718.4824217395,1.0198356624543266,60.629526472668736
1200,Combined,50.319752984906735,310718.4824034612,1.2329067398356912,31.654425446412816
1201,Uniform,50.0,319053.731574764,0.0,18.4816939062534
1201,Screened,50.30116137532217,319053.731574764,0.3341510257867313,-0.0
1201,Yield per roof,51.22646879723802,319053.7315747641,0.8733187978046146,4.623556319876978
1201,Procurement,50.0,319053.731574764,0.8620790963400964,11.950280148396
1201,Combined,50.30116137532217,319053.731574764,1.196092414149625,-0.0
1202,Uniform,50.0,286403.5163699118,0.0,14.893284089237968
1202,Screened,50.317046016332675,286403.516352978,0.3753363110061656,-0.0
1202,Yield per roof,51.29279928710717,286403.51636991184,0.9808171241983175,2.5230135043705246
1202,Procurement,50.0,286403.5163699118,1.0005304130077946,8.90382806567465
1202,Combined,50.317046016332675,286403.516352978,1.378609709737809,-0.0
1203,Uniform,50.0,365004.05792868126,0.0,3.416327914869418
1203,Screened,50.30895047260851,365004.0579286814,0.8580777847206775,-0.0
1203,Yield per roof,51.2539007001821,365004.0579286814,2.107934128676476,-0.0
1203,Procurement,50.0,365004.05792868126,0.9355910441245499,2.178222946223869
1203,Combined,50.30895047260851,365004.0579286814,1.793469104997456,-0.0
1204,Uniform,50.0,368921.76893025334,0.0,31.22544823185545
1204,Screened,50.319132527834284,368921.7689084435,0.3591287637892293,2.0709332551360453
1204,Yield per roof,51.30022016261174,368921.76893025334,0.9284909560291865,12.97961067873861
1204,Procurement,50.0,368921.76893025334,0.8899525400822199,22.725627468572323
1204,Combined,50.319132527834284,368921.7689084435,1.2512159517636192,-0.0
1205,Uniform,50.0,302102.6204512139,-1.4210854715202004e-14,3.1337725032797223
1205,Screened,50.320960551810934,302102.62043338607,0.6558587952376058,-0.0
1205,Yield per roof,51.304122491462785,302102.6204512139,1.670493906050794,-0.0
1205,Procurement,50.0,302102.6204512139,0.977246257916903,1.8230157010448174
1205,Combined,50.320960551810934,302102.62043338607,1.6335765240331312,-0.0
1206,Uniform,50.0,314885.5983716884,0.0,20.32836135146756
1206,Screened,50.31329428288154,314885.5983531771,0.4538524345713739,-0.0
1206,Yield per roof,51.27319356373463,314885.59837168833,1.089306482520442,4.753988320262307
1206,Procurement,50.0,314885.5983716884,1.0947794030274025,12.65745186301241
1206,Combined,50.31329428288154,314885.5983531771,1.5495441473456566,-0.0
1207,Uniform,50.0,395193.56862673897,0.0,53.33593037653836
1207,Screened,50.3211128941224,395193.5686269816,0.42812634209163036,16.03855214651137
1207,Yield per roof,51.30625058252784,395193.56862673897,1.0383632333112445,30.322443619943442
1207,Procurement,50.0,395193.56862673897,0.9245076611500309,30.701356390892137
1207,Combined,50.3211128941224,395193.5686269816,1.353090531069057,-0.0
1208,Uniform,50.0,326875.2694665287,0.0,22.130192268650717
1208,Screened,50.32302119682212,326875.2694473642,0.46552479757967546,-0.0
1208,Yield per roof,51.308351998217056,326875.26946652867,1.1511816204398428,5.241886128638395
1208,Procurement,50.0,326875.2694665287,1.063213343720264,14.403479195385874
1208,Combined,50.32302119682212,326875.2694473642,1.5293551275005086,-0.0
1209,Uniform,50.0,295167.9939395156,0.0,9.41521154696599
1209,Screened,50.322394355680586,295167.99392208195,0.5123127733644992,-0.0
1209,Yield per roof,51.31056732425033,295167.99393951567,1.2565221613106416,0.46229411900194844
1209,Procurement,50.0,295167.9939395156,0.9517172252768518,4.941938425978782
1209,Combined,50.322394355680586,295167.99392208195,1.465351093414057,-0.0
1210,Uniform,50.0,370358.0479536711,0.0,22.040804540342158
1210,Screened,50.32318251666214,370358.04793178756,0.46753785208863974,-0.0
1210,Yield per roof,51.315963621113454,370358.0479536712,1.1767296366286502,5.151523390850312
1210,Procurement,50.0,370358.0479536711,0.8461259889952686,15.677599016927433
1210,Combined,50.32318251666214,370358.04793178756,1.3145566796440988,-0.0
1211,Uniform,50.0,303826.05484828615,0.0,19.174875739105467
1211,Screened,50.309697359906195,303826.0548482861,0.4066682302500908,-0.0
1211,Yield per roof,51.25604903876095,303826.0548482862,0.9966676735603386,4.536020468645444
1211,Procurement,50.0,303826.05484828615,1.0524133096811,11.716981638661714
1211,Combined,50.309697359906195,303826.0548482861,1.4593676597974508,-0.0
1212,Uniform,50.0,294306.9089726048,-1.4210854715202004e-14,2.588512837534507
1212,Screened,50.3096017826517,294306.9089613372,0.6337236892104556,-0.0
1212,Yield per roof,51.26218426223887,294306.90897260467,1.5681069716911225,-0.0
1212,Procurement,50.0,294306.9089726048,0.928623258731804,1.3414796781289184
1212,Combined,50.3096017826517,294306.9089613372,1.5631154512831955,-0.0
1213,Uniform,50.0,312541.26085721544,0.0,37.28291993886136
1213,Screened,50.31090485655542,312541.2608572156,0.3000199990705781,9.951971640656213
1213,Yield per roof,51.26342732090977,312541.2608572155,0.7679873152490018,20.367704954427612
1213,Procurement,50.0,312541.26085721544,1.0020410272353573,19.94341669088921
1213,Combined,50.31090485655542,312541.2608572156,1.3028016378934524,-0.0
1214,Uniform,50.0,425595.53024756676,0.0,15.270320640472828
1214,Screened,50.315067630037944,425595.53022254823,0.7679123305947115,-0.0
1214,Yield per roof,51.2792507051392,425595.53024756693,1.7823272901602536,1.4148567528169949
1214,Procurement,50.0,425595.53024756676,0.9056055829073557,10.239953544042331
1214,Combined,50.315067630037944,425595.53022254823,1.6751444081247655,-0.0
1215,Uniform,50.0,361045.5770113661,0.0,26.27788485995954
1215,Screened,50.301342024908585,361045.57701136614,0.35637196391266457,-0.0
1215,Yield per roof,51.22957177849198,361045.5770113661,0.8859563355796212,8.278749510881273
1215,Procurement,50.0,361045.5770113661,0.8257560952978551,19.923379033357048
1215,Combined,50.301342024908585,361045.57701136614,1.1832317111572834,-0.0
1216,Uniform,50.0,327498.22703338583,0.0,22.64154550133412
1216,Screened,50.32134624992178,327498.2270140964,0.44335285641051314,-0.0
1216,Yield per roof,51.30827940730325,327498.22703338566,1.1071129391397676,5.719427804296757
1216,Procurement,50.0,327498.22703338583,1.0243046663128297,14.990126992432577
1216,Combined,50.32134624992178,327498.2270140964,1.4687021722323266,-0.0
1217,Uniform,50.0,368801.98484402173,0.0,16.989305952414473
1217,Screened,50.31822584431988,368801.9848222705,0.5238568537526334,-0.0
1217,Yield per roof,51.29319949825891,368801.98484402173,1.2752726997199915,2.5075090127425805
1217,Procurement,50.0,368801.98484402173,0.9284131961966438,11.505134880061572
1217,Combined,50.31822584431988,368801.9848222705,1.453336211023199,-0.0
1218,Uniform,50.0,296552.3589903071,0.0,85.64410950414742
1218,Screened,50.317163120273186,296552.35899030714,0.21182638876252113,50.17292129971301
1218,Yield per roof,51.28720643266394,296552.3589903072,0.5432699580896632,65.96395401403502
1218,Procurement,50.0,296552.3589903071,1.0159300042765445,58.01755886244989
1218,Combined,50.317163120273186,296552.35899030714,1.228099277605498,30.178176817918363
1219,Uniform,50.0,385355.0786857871,0.0,50.203697549070114
1219,Screened,50.30885436366466,385355.0786808813,0.39330787808339807,14.844203981211908
1219,Yield per roof,51.256034509282756,385355.07868578716,0.9786887360400272,28.140278955981888
1219,Procurement,50.0,385355.0786857871,0.9399836892463682,28.554100817942427
1219,Combined,50.30885436366466,385355.0786808813,1.3335107536516517,-0.0
1220,Uniform,50.0,302531.28189708234,0.0,15.7119652500163
1220,Screened,50.30168459046625,302531.2818970824,0.31731456434195593,-0.0
1220,Yield per roof,51.22585900370271,302531.28189708234,0.8156216613012717,3.5478152963567786
1220,Procurement,50.0,302531.28189708234,0.8465770583661154,9.969827987655586
1220,Combined,50.30168459046625,302531.2818970824,1.1666869098624773,-0.0
1221,Uniform,50.0,303778.420258392,0.0,22.694913889692874
1221,Screened,50.316415157792555,303778.4202404218,0.33495053342747383,-0.0
1221,Yield per roof,51.28610971658542,303778.4202583921,0.8192350336158754,6.980101331312798
1221,Procurement,50.0,303778.420258392,0.9321659925202894,15.508013779743909
1221,Combined,50.316415157792555,303778.4202404218,1.2688347741281163,-0.0
1222,Uniform,50.0,326245.3228365175,0.0,21.055458193153594
1222,Screened,50.310069904948556,326245.32283651753,0.4500818729016629,-0.0
1222,Yield per roof,51.2689129843934,326245.32283651736,1.153678299769581,4.608949656705165
1222,Procurement,50.0,326245.3228365175,1.0701127333590819,13.673045989328804
1222,Combined,50.310069904948556,326245.32283651753,1.5213577506341807,-0.0
1223,Uniform,50.0,348106.9131634057,0.0,6.621407220920386
1223,Screened,50.31082522588182,348106.9131634057,0.6280352088330545,-0.0
1223,Yield per roof,51.267816881988864,348106.9131634056,1.610617408684135,-0.0
1223,Procurement,50.0,348106.9131634057,0.9156097173223543,3.1481533209683206
1223,Combined,50.31082522588182,348106.9131634057,1.54728970892333,-0.0
1224,Uniform,50.0,303856.16415580496,0.0,18.56616526696014
1224,Screened,50.3093049330283,303856.164155805,0.3996401570881858,-0.0
1224,Yield per roof,51.25554388920428,303856.16415580496,0.9972048785238172,4.212693745754735
1224,Procurement,50.0,303856.16415580496,1.0598750719485963,11.31820247561829
1224,Combined,50.3093049330283,303856.164155805,1.4610824041705257,-0.0
1225,Uniform,50.0,354940.3429693396,0.0,35.9158570453321
1225,Screened,50.31134392597516,354940.34296933946,0.3166764634328203,7.558518931115954
1225,Yield per roof,51.270559247139026,354940.3429693396,0.8104205006004221,19.087170453250888
1225,Procurement,50.0,354940.3429693396,0.8694394628517585,22.242473943219156
1225,Combined,50.31134392597516,354940.34296933946,1.1894283701457198,-0.0
1226,Uniform,50.0,333769.7116256865,0.0,25.413333606707145
1226,Screened,50.32249259472386,333769.7116060365,0.42894587337706014,-0.0
1226,Yield per roof,51.30919150263712,333769.7116256865,1.0519392980076532,7.190916249655728
1226,Procurement,50.0,333769.7116256865,1.0513739412149192,17.287737243089975
1226,Combined,50.32249259472386,333769.7116060365,1.4838797673561714,-0.0
1227,Uniform,50.0,382592.83889693086,0.0,11.277644049564183
1227,Screened,50.31166142093588,382592.83889693103,0.6629809123495392,-0.0
1227,Yield per roof,51.269397841345764,382592.83889693086,1.5821125451631133,0.4473560753649324
1227,Procurement,50.0,382592.83889693086,0.8918232283603515,7.10339060525547
1227,Combined,50.31166142093588,382592.83889693103,1.55715999071883,-0.0
1228,Uniform,50.0,338503.02113021776,0.0,15.914843838830532
1228,Screened,50.304155293772965,338503.02113021765,0.46093415209182353,-0.0
1228,Yield per roof,51.23459436783179,338503.0211302177,1.1783615604368833,2.2210361617217385
1228,Procurement,50.0,338503.02113021776,0.8876667123341946,10.674423731866337
1228,Combined,50.304155293772965,338503.02113021765,1.3477802122343405,-0.0
1229,Uniform,50.0,362292.49599977734,0.0,2.818935875258868
1229,Screened,50.3047537665757,362292.4959997772,0.8627638811841223,-0.0
1229,Yield per roof,51.236887639232876,362292.49599977734,2.094657522212401,-0.0
1229,Procurement,50.0,362292.49599977734,0.9053350832185743,1.6120763919008623
1229,Combined,50.3047537665757,362292.4959997772,1.7678804689082028,-0.0
1230,Uniform,50.0,386870.12877287774,0.0,18.149788742053044
1230,Screened,50.310912948840844,386870.12877287774,0.6121435564074744,-0.0
1230,Yield per roof,51.260634481958924,386870.12877287756,1.526386424144576,2.1994129624263272
1230,Procurement,50.0,386870.12877287774,0.9462957579653732,12.609722246183969
1230,Combined,50.310912948840844,386870.12877287774,1.559083551256947,-0.0
1231,Uniform,50.0,330340.8367733162,0.0,43.32346540984864
1231,Screened,50.316975688088704,330340.83677331614,0.28186505122824457,14.725588482466533
1231,Yield per roof,51.28811498516742,330340.83677331614,0.7618376659194652,25.889188076997158
1231,Procurement,50.0,330340.8367733162,0.9550604951521962,21.63862358637155
1231,Combined,50.316975688088704,330340.83677331614,1.2379741969041405,-0.0
1232,Uniform,50.0,344533.2684061286,0.0,29.77240738089237
1232,Screened,50.32221411475394,344533.26838597585,0.50169086511373,-0.0
1232,Yield per roof,51.30275090616649,344533.2684061285,1.205545761169759,8.59770039876608
1232,Procurement,50.0,344533.2684061286,1.2314609904589844,20.399961237290547
1232,Combined,50.32221411475394,344533.26838597585,1.7354540335003605,-0.0
1233,Uniform,50.0,319188.60646880866,7.105427357601002e-15,21.379296212816676
1233,Screened,50.31185894445015,319188.60645016836,0.35982015400431777,-0.0
1233,Yield per roof,51.26816210547905,319188.6064688087,0.8844541603505434,6.09335636562099
1233,Procurement,50.0,319188.60646880866,0.9366819522330161,14.157586685686061
1233,Combined,50.31185894445015,319188.60645016836,1.2976838907379715,-0.0
1234,Uniform,50.0,350606.25894167955,-1.4210854715202004e-14,5.39994016362439
1234,Screened,50.30824683514732,350606.2589416796,0.67992774483983,-0.0
1234,Yield per roof,51.25198842823529,350606.2589416795,1.6600671845075112,-0.0
1234,Procurement,50.0,350606.25894167955,0.914123374323367,2.8137431144508924
1234,Combined,50.30824683514732,350606.2589416796,1.59368784347717,-0.0
1235,Uniform,50.0,287654.3961656442,0.0,7.8266622031897235
1235,Screened,50.305891411345954,287654.39616564394,0.43587091216434715,-0.0
1235,Yield per roof,51.24316352755342,287654.39616564417,1.1583218565263849,-0.0
1235,Procurement,50.0,287654.3961656442,0.8773585702635955,4.016521809481771
1235,Combined,50.305891411345954,287654.39616564394,1.3139732386485292,-0.0
1236,Uniform,50.0,321368.3035320186,0.0,36.62852675564131
1236,Screened,50.30341753336953,321368.3035320188,0.2835657548847337,10.27189975780938
1236,Yield per roof,51.23274722352755,321368.3035320187,0.7086499005984876,20.99917680493474
1236,Procurement,50.0,321368.3035320186,0.8915078967716283,19.973215656469417
1236,Combined,50.30341753336953,321368.3035320188,1.177790002087022,-0.0
1237,Uniform,50.0,342184.3790812501,1.4210854715202004e-14,16.596001529468566
1237,Screened,50.32348297759415,342184.37906115234,0.5603677519544874,-0.0
1237,Yield per roof,51.31213644460102,342184.3790812501,1.374878104978393,2.0948814441182146
1237,Procurement,50.0,342184.3790812501,1.0582387742457229,10.345195789596879
1237,Combined,50.32348297759415,342184.37906115234,1.6203137625275588,-0.0
1238,Uniform,50.0,417237.8224291173,0.0,14.400033874162729
1238,Screened,50.3213861816506,417237.8224135409,0.6754282720128799,-0.0
1238,Yield per roof,51.309565252327744,417237.8224291173,1.6095841323132447,1.2711406007449013
1238,Procurement,50.0,417237.8224291173,0.8830330160666762,9.60060089313567
1238,Combined,50.3213861816506,417237.8224135409,1.5645939168121004,-0.0
1239,Uniform,50.0,343000.10815468826,0.0,27.183881253096118
1239,Screened,50.3184315848734,343000.1081344418,0.37132717918136393,-0.0
1239,Yield per roof,51.30504313868738,343000.10815468815,0.9283731317232622,8.381325970443793
1239,Procurement,50.0,343000.10815468826,1.0655466774326428,18.945690955449653
1239,Combined,50.3184315848734,343000.1081344418,1.4444813528745613,-0.0
1240,Uniform,50.0,344060.4778032104,0.0,20.583451832762126
1240,Screened,50.305750407490166,344060.47780321055,0.4138633269302687,-0.0
1240,Yield per roof,51.244977808401075,344060.47780321044,1.103820020622038,4.521468063558078
1240,Procurement,50.0,344060.4778032104,0.917187822460761,14.07375909006155
1240,Combined,50.305750407490166,344060.47780321055,1.332112737359509,-0.0
1241,Uniform,50.0,357823.6838323609,0.0,9.888801828132673
1241,Screened,50.31181921122992,357823.6838323609,0.7168285707342363,-0.0
1241,Yield per roof,51.26160064237057,357823.6838323609,1.7413403424452838,-0.0
1241,Procurement,50.0,357823.6838323609,1.006455013519215,5.654705561838613
1241,Combined,50.31181921122992,357823.6838323609,1.7237704030459469,-0.0
1242,Uniform,50.0,398831.66534168157,0.0,7.32365901018938
1242,Screened,50.31012670392204,398831.66534168157,0.7425393996089156,-0.0
1242,Yield per roof,51.2703681911158,398831.6653416816,1.7424025353954562,-0.0
1242,Procurement,50.0,398831.66534168157,0.8015721655401649,3.933224857553544
1242,Combined,50.31012670392204,398831.66534168157,1.555295354892536,-0.0
1243,Uniform,50.0,322146.4464892755,0.0,18.264687596114122
1243,Screened,50.32054489748472,322146.4464702715,0.4424187135736162,-0.0
1243,Yield per roof,51.30190068817992,322146.44648927555,1.087798322786071,3.8210385718772244
1243,Procurement,50.0,322146.4464892755,0.9986983870962263,11.749384462253198
1243,Combined,50.32054489748472,322146.4464702715,1.4439199215380114,-0.0
1244,Uniform,50.0,291811.5785645159,0.0,21.89698184212293
1244,Screened,50.30471648023148,291811.5785473366,0.305231892780057,-0.0
1244,Yield per roof,51.237335501169575,291811.5785645159,0.7902106125431558,6.528031084435148
1244,Procurement,50.0,291811.5785645159,0.9375314479624492,14.664312331604368
1244,Combined,50.30471648023148,291811.5785473366,1.2421336089645294,-0.0
1245,Uniform,50.0,348334.1802712564,0.0,68.88139002940596
1245,Screened,50.31152765051698,348334.1802515675,0.30268831153438214,32.240150300103174
1245,Yield per roof,51.265233194463704,348334.1802712562,0.8141857103828514,47.05944067470798
1245,Procurement,50.0,348334.1802712564,1.0176502484363041,41.15987850715675
1245,Combined,50.31152765051698,348334.1802515675,1.3208203741830928,12.177067959172804
1246,Uniform,50.0,350693.8639718326,0.0,7.492344824420752
1246,Screened,50.32091267505151,350693.8639511727,0.6909187392513019,-0.0
1246,Yield per roof,51.30886739240739,350693.8639718327,1.8017727086440942,-0.0
1246,Procurement,50.0,350693.8639718326,1.0111192624495118,3.515099496583549
1246,Combined,50.32091267505151,350693.8639511727,1.7049455456486982,-0.0
1247,Uniform,50.0,400546.1766126338,0.0,31.853924918606427
1247,Screened,50.33896097566265,400546.1766086448,0.4523630277755899,-0.0
1247,Yield per roof,51.381959804271375,400546.17661263386,1.1240577879236753,9.912493662722925
1247,Procurement,50.0,400546.1766126338,0.9211455417348162,24.862257077994762
1247,Combined,50.33896097566265,400546.1766086448,1.3754687265187044,-0.0
1248,Uniform,50.0,374381.2998791855,0.0,22.099378881510834
1248,Screened,50.30977847773082,374381.2998791855,0.4683756117885878,-0.0
1248,Yield per roof,51.25994169326438,374381.2998791855,1.1797747034158448,5.087636741856236
1248,Procurement,50.0,374381.2998791855,0.8827243760387518,15.598675327993032
1248,Combined,50.30977847773082,374381.2998791855,1.3523375160472426,-0.0
1249,Uniform,50.0,307363.6643757939,0.0,22.471090736936983
1249,Screened,50.326729902593584,307363.6643576977,0.3999614943585499,-0.0
1249,Yield per roof,51.32868363209892,307363.6643757938,0.9759777068799877,6.2572105522525545
1249,Procurement,50.0,307363.6643757939,1.0654295433253935,14.239952010949745
1249,Combined,50.326729902593584,307363.6643576977,1.4675184175278986,-0.0
1250,Uniform,50.0,327357.21437464573,0.0,14.844531259634357
1250,Screened,50.311566698258915,327357.2143746456,0.4752331008157,-0.0
1250,Yield per roof,51.2680898261454,327357.2143746458,1.168667701184546,2.0797101664817514
1250,Procurement,50.0,327357.21437464573,0.896657296593574,9.552249204299166
1250,Combined,50.311566698258915,327357.2143746456,1.3726889815873164,-0.0
1251,Uniform,50.0,305377.29795735865,0.0,27.328771430544588
1251,Screened,50.30376723014132,305377.2979573586,0.2797015700288412,4.487006692745803
1251,Yield per roof,51.23595624732187,305377.29795735853,0.705921926240265,12.439808662629455
1251,Procurement,50.0,305377.29795735865,0.8621082251940564,16.35323421306277
1251,Combined,50.30376723014132,305377.2979573586,1.1413665167221083,-0.0
1252,Uniform,50.0,328653.48106277874,0.0,21.175626452792752
1252,Screened,50.30575896420046,328653.48106277874,0.3175714357842878,-0.0
1252,Yield per roof,51.24213380186482,328653.4810627787,0.8725771581266315,5.783191190275265
1252,Procurement,50.0,328653.48106277874,0.8754384259445374,14.432364663997305
1252,Combined,50.30575896420046,328653.48106277874,1.1931284648022853,-0.0
1253,Uniform,50.0,306643.61406781204,0.0,2.020164275466056
1253,Screened,50.31186895654286,306643.6140678121,0.6497432452433856,-0.0
1253,Yield per roof,51.28770727103953,306643.614067812,1.5746229760465411,-0.0
1253,Procurement,50.0,306643.61406781204,0.9418834179183051,0.7564005759730045
1253,Combined,50.31186895654286,306643.6140678121,1.6034945925669604,-0.0
1254,Uniform,50.0,288542.8613779696,0.0,52.25156694048061
1254,Screened,50.305396417283276,288542.8613779695,0.22301922152404074,24.54575883332462
1254,Yield per roof,51.24092343521355,288542.8613779696,0.6114719234446255,35.71967360337504
1254,Procurement,50.0,288542.8613779696,0.9903277753192157,25.34120606445521
1254,Combined,50.305396417283276,288542.8613779695,1.2135925548727187,5.101291288917875
1255,Uniform,50.0,311957.3526017444,0.0,11.627528066718698
1255,Screened,50.31795891954308,311957.35258330184,0.4586419130672965,-0.0
1255,Yield per roof,51.29644285886495,311957.35260174435,1.2063268678088122,0.9617815214420143
1255,Procurement,50.0,311957.3526017444,0.9340614167866619,6.752516228405443
1255,Combined,50.31795891954308,311957.35258330184,1.3942483650408661,-0.0
1256,Uniform,50.0,399815.20477494225,0.0,24.047992005212386
1256,Screened,50.31466764220321,399815.2047515692,0.519466862121206,-0.0
1256,Yield per roof,51.27899917103404,399815.20477494225,1.2451778304689185,5.9580238331498885
1256,Procurement,50.0,399815.20477494225,0.8319848662241611,17.636638424163223
1256,Combined,50.31466764220321,399815.2047515692,1.3526143630061682,-0.0
1257,Uniform,50.0,424316.37809115124,-1.4210854715202004e-14,11.05686574019303
1257,Screened,50.323303381770174,424316.37806610396,0.7461964864263138,-0.0
1257,Yield per roof,51.3203787612635,424316.3780911511,1.8370661227063607,-0.0
1257,Procurement,50.0,424316.37809115124,0.7648604039751206,7.733827834709879
1257,Combined,50.323303381770174,424316.37806610396,1.5140462614716483,-0.0
1258,Uniform,50.0,379519.47724894795,-1.4210854715202004e-14,17.654822322064646
1258,Screened,50.31142451310882,379519.47724894795,0.5558517473354101,-0.0
1258,Yield per roof,51.26472530287019,379519.47724894795,1.4454624710226511,2.1445293374585246
1258,Procurement,50.0,379519.47724894795,0.9382366049426878,12.10515353798022
1258,Combined,50.31142451310882,379519.47724894795,1.4949081459084823,-0.0
1259,Uniform,50.0,325494.02610798355,0.0,16.085671196559666
1259,Screened,50.309666162761125,325494.02610798355,0.5096312866880197,-0.0
1259,Yield per roof,51.25638927648113,325494.02610798355,1.3070922606060122,2.1070908038184517
1259,Procurement,50.0,325494.02610798355,1.060394217348346,9.88816008733526
1259,Combined,50.309666162761125,325494.02610798355,1.5710481649943517,-0.0
1260,Uniform,50.0,402438.8775457294,0.0,14.769434138606183
1260,Screened,50.30127292494075,402438.8775457294,0.6097483505706123,-0.0
1260,Yield per roof,51.226590617149036,402438.8775457293,1.4617677250264336,1.565241138882692
1260,Procurement,50.0,402438.8775457294,0.8015003855892218,10.040003308641001
1260,Combined,50.30127292494075,402438.8775457294,1.4124783804341519,-0.0
1261,Uniform,50.0,305684.1614144993,0.0,19.34613895065665
1261,Screened,50.30952308167826,305684.1614144992,0.3564938120720029,-0.0
1261,Yield per roof,51.25719967427633,305684.16141449934,0.9582902906097175,4.578229007259585
1261,Procurement,50.0,305684.1614144993,0.9342238687297026,12.475870294349008
1261,Combined,50.30952308167826,305684.1614144992,1.290363484205507,-0.0
1262,Uniform,50.0,352520.91586613306,0.0,25.486347606030137
1262,Screened,50.32159195618665,352520.91584544996,0.47777462604710763,-0.0
1262,Yield per roof,51.30325743410853,352520.91586613306,1.1831923898061092,6.642927077853635
1262,Procurement,50.0,352520.91586613306,1.0728501548086484,17.211303029038618
1262,Combined,50.32159195618665,352520.91584544996,1.5516386937313484,-0.0
1263,Uniform,50.0,415427.1383828184,0.0,4.4739127489635075
1263,Screened,50.31037791208645,415427.1383585463,0.9745150533571234,-0.0
1263,Yield per roof,51.25958874537292,415427.1383828183,2.265871919021322,-0.0
1263,Procurement,50.0,415427.1383828184,0.9042769662988235,3.2814587064342704
1263,Combined,50.31037791208645,415427.1383585463,1.8793100689618996,-0.0
1264,Uniform,50.0,301082.78195628914,-1.4210854715202004e-14,2.6277355963723408
1264,Screened,50.30742978157056,301082.7819562892,0.6125719417737798,-0.0
1264,Yield per roof,51.254241432177594,301082.7819562891,1.5445980880512735,-0.0
1264,Procurement,50.0,301082.78195628914,0.8744000881908249,1.4513339845267692
1264,Combined,50.30742978157056,301082.7819562892,1.4864136239676924,-0.0
1265,Uniform,50.0,361298.5816825783,0.0,2.6304034615217744
1265,Screened,50.307440893978054,361298.5816825783,0.8458859975890505,-0.0
1265,Yield per roof,51.24871731271335,361298.5816825783,2.1132072566997806,-0.0
1265,Procurement,50.0,361298.5816825783,0.8675881466080568,1.4645705167084762
1265,Combined,50.307440893978054,361298.5816825783,1.7139521780861742,-0.0
1266,Uniform,50.0,338427.90783944627,0.0,3.363639606934931
1266,Screened,50.305938461349776,338427.90783944627,0.6562954092190125,-0.0
1266,Yield per roof,51.24388914515898,338427.9078394463,1.731761309539806,-0.0
1266,Procurement,50.0,338427.90783944627,0.8843579409488598,2.1759304801248516
1266,Combined,50.305938461349776,338427.90783944627,1.5397863965115732,-0.0
1267,Uniform,50.0,338044.89878582256,0.0,11.961198617445302
1267,Screened,50.310280016573586,338044.89878582244,0.4909351400836641,-0.0
1267,Yield per roof,51.26151783818312,338044.8987858227,1.2179202593635523,1.166795873819529
1267,Procurement,50.0,338044.89878582256,0.9070588825317998,6.956826197334389
1267,Combined,50.310280016573586,338044.89878582244,1.3984518524158034,-0.0
1268,Uniform,50.0,317488.5853096583,0.0,18.880595181476895
1268,Screened,50.31533214659427,317488.58529093023,0.4295204564928383,-0.0
1268,Yield per roof,51.2862707321792,317488.5853096582,1.0446981838501728,4.3291489458259225
1268,Procurement,50.0,317488.5853096583,1.0202435488930064,11.819758343994062
1268,Combined,50.31533214659427,317488.58529093023,1.4507514723450754,-0.0
1269,Uniform,50.0,330794.0883528812,0.0,48.13351311431924
1269,Screened,50.30734279925492,330794.08835288126,0.32254236111717915,16.32912097219146
1269,Yield per roof,51.24714082071715,330794.0883528812,0.8534324911740185,28.2118508079303
1269,Procurement,50.0,330794.0883528812,0.9939965444197156,24.44442646637965
1269,Combined,50.30734279925492,330794.08835288126,1.3164537064569757,-0.0
1270,Uniform,50.0,385159.89882667793,0.0,8.75882091849363
1270,Screened,50.32447721334567,385159.8988084956,0.7096237266652565,-0.0
1270,Yield per roof,51.32186148237365,385159.8988266778,1.798340264005759,-0.0
1270,Procurement,50.0,385159.89882667793,0.8422994281533818,5.100356996933201
1270,Combined,50.32447721334567,385159.8988084956,1.5542177123228385,-0.0
1271,Uniform,50.0,345478.6130274782,0.0,23.16307744954691
1271,Screened,50.33230256083194,345478.6130072303,0.4367597305045905,-0.0
1271,Yield per roof,51.35762112884146,345478.6130274781,1.1242514708066693,5.793706376635327
1271,Procurement,50.0,345478.6130274782,0.9822286159287614,15.687327144222357
1271,Combined,50.33230256083194,345478.6130072303,1.420798536277431,-0.0
1272,Uniform,50.0,325748.745140992,0.0,50.18915043215232
1272,Screened,50.30750439417359,325748.7451409921,0.29817991944814537,20.19345924117588
1272,Yield per roof,51.24976580159948,325748.74514099205,0.7515481682638239,31.567470008579907
1272,Procurement,50.0,325748.745140992,0.8869424809874431,26.106455216816286
1272,Combined,50.30750439417359,325748.7451409921,1.1844535340319666,2.8219185185432956
1273,Uniform,50.0,328574.16536729364,0.0,61.85809310377383
1273,Screened,50.318510028355576,328574.1653672938,0.2960836474529245,28.51712965287843
1273,Yield per roof,51.29279658677718,328574.1653672937,0.7319930948570033,42.82685708098703
1273,Procurement,50.0,328574.16536729364,1.0446032699463927,33.27262565262268
1273,Combined,50.318510028355576,328574.1653672938,1.3422354575238842,7.815555418943654
1274,Uniform,50.0,432119.96861859283,1.4210854715202004e-14,15.62606270715786
1274,Screened,50.32026966224456,432119.9685931241,0.6562459118886892,-0.0
1274,Yield per roof,51.30079111244084,432119.96861859295,1.6520281266519277,1.3443121039345662
1274,Procurement,50.0,432119.96861859283,0.756978660168869,11.166289466072124
1274,Combined,50.32026966224456,432119.9685931241,1.4129609009673203,-0.0
1275,Uniform,50.0,322922.51353080815,0.0,21.880849895089412
1275,Screened,50.31646489957959,322922.5135117016,0.31066804969192674,-0.0
1275,Yield per roof,51.286589098637606,322922.51353080804,0.7712777824290384,6.65809625529312
1275,Procurement,50.0,322922.51353080815,0.9160571163368161,14.819535966886125
1275,Combined,50.31646489957959,322922.5135117016,1.2320832743123518,-0.0
1276,Uniform,50.0,330398.58594118623,0.0,9.609658633649373
1276,Screened,50.32926903310399,330398.5859217058,0.5622748973760281,-0.0
1276,Yield per roof,51.33951726801001,330398.5859411862,1.3455746224754535,0.4518183498013022
1276,Procurement,50.0,330398.58594118623,0.9370966383207247,5.269035685299299
1276,Combined,50.32926903310399,330398.5859217058,1.5021121215085032,-0.0
1277,Uniform,50.0,284748.72482083674,0.0,22.933017252879807
1277,Screened,50.33183256309993,284748.72480414005,0.370771340425911,-0.0
1277,Yield per roof,51.34710064953119,284748.72482083674,0.929322626223275,6.543522911794082
1277,Procurement,50.0,284748.72482083674,1.1723396767915943,13.862413350083925
1277,Combined,50.33183256309993,284748.72480414005,1.5459903762746805,-0.0
1278,Uniform,50.0,287916.960244733,0.0,77.94718209922307
1278,Screened,50.31117812013956,287916.9602447329,0.20318200039153922,44.19159666029492
1278,Yield per roof,51.26315792274844,287916.96024473297,0.5690578965666937,58.81290411722869
1278,Procurement,50.0,287916.960244733,1.0357889743913766,49.76802305895736
1278,Combined,50.31117812013956,287916.9602447329,1.239426172408045,23.793109065648192
1279,Uniform,50.0,381996.2680006764,0.0,17.952154863158494
1279,Screened,50.31967517896713,381996.2679782704,0.5714407871305269,-0.0
1279,Yield per roof,51.30068193914852,381996.26800067635,1.4407817178765328,2.4665637849344897
1279,Procurement,50.0,381996.2680006764,0.9353321282527105,12.549301375765417
1279,Combined,50.31967517896713,381996.2679782704,1.5073290403035173,-0.0
1280,Uniform,50.0,391891.7952135665,-1.4210854715202004e-14,12.651031305561677
1280,Screened,50.30596580942954,391891.7952135664,0.6767910739037291,-0.0
1280,Yield per roof,51.242200862396714,391891.79521356657,1.6313125907292658,0.6661339070801939
1280,Procurement,50.0,391891.7952135665,0.8381300724769716,8.420988068157827
1280,Combined,50.30596580942954,391891.7952135664,1.5143362615551297,-0.0
1281,Uniform,50.0,292453.9822705502,0.0,13.870137238067324
1281,Screened,50.32636223788635,292453.9822533017,0.4145358668309598,-0.0
1281,Yield per roof,51.32945689438313,292453.98227055033,1.0062749564900173,2.2335603655713507
1281,Procurement,50.0,292453.9822705502,0.9676088691956721,8.152225118770971
1281,Combined,50.32636223788635,292453.9822533017,1.3837222428275169,-0.0
1282,Uniform,50.0,415594.8901941929,0.0,18.12098943741774
1282,Screened,50.31810748623521,415594.8901698421,0.6729242179733887,-0.0
1282,Yield per roof,51.29053407625813,415594.8901941927,1.6107066561539796,2.2286347848886554
1282,Procurement,50.0,415594.8901941929,0.873346417159155,13.038862344054067
1282,Combined,50.31810748623521,415594.8901698421,1.5466007263726027,-0.0
1283,Uniform,50.0,297626.42533925426,0.0,57.61430916346976
1283,Screened,50.32424814597919,297626.42532524053,0.24373009964831027,26.797047234869325
1283,Yield per roof,51.31875593421388,297626.4253392542,0.6590013434720419,40.43779191201762
1283,Procurement,50.0,297626.42533925426,1.1161302263134374,27.1167533649696
1283,Combined,50.32424814597919,297626.42532524053,1.362370884107392,4.70638369355642
1284,Uniform,50.0,429822.9307880489,1.4210854715202004e-14,10.35097443720617
1284,Screened,50.310641249764544,429822.9307880489,0.7408672367005096,-0.0
1284,Yield per roof,51.26318231341285,429822.9307880488,1.7754124830970426,-0.0
1284,Procurement,50.0,429822.9307880489,0.7337743658698628,7.164836208919202
1284,Combined,50.310641249764544,429822.9307880489,1.4764894416447447,-0.0
1285,Uniform,50.0,287697.93051444215,0.0,15.394748856042265
1285,Screened,50.30636393476345,287697.9305144422,0.3455516554008682,-0.0
1285,Yield per roof,51.2441872165276,287697.93051444215,0.9108754399916208,3.0219659746977268
1285,Procurement,50.0,287697.93051444215,0.9259977300503479,9.371173695080724
1285,Combined,50.30636393476345,287697.9305144422,1.2713937154507065,-0.0
1286,Uniform,50.0,311237.61549818784,0.0,65.32398446180916
1286,Screened,50.328587986421084,311237.61548006604,0.22544434374630384,33.70102278730515
1286,Yield per roof,51.34067191612034,311237.6154981879,0.5445861982046267,49.65915515114993
1286,Procurement,50.0,311237.61549818784,1.0422058213835257,36.72966546602913
1286,Combined,50.328587986421084,311237.61548006604,1.27391103030034,12.873032297548901
1287,Uniform,50.0,368579.7542149718,0.0,23.76453998150365
1287,Screened,50.31727487578547,368579.7541931963,0.4240477540690506,-0.0
1287,Yield per roof,51.29093434104347,368579.75421497197,1.0639311468131325,6.38309735314467
1287,Procurement,50.0,368579.7542149718,0.8911787835320553,16.890780061432796
1287,Combined,50.31727487578547,368579.7541931963,1.3171843169467508,-0.0
1288,Uniform,50.0,368198.31168314954,-1.4210854715202004e-14,11.179401579353122
1288,Screened,50.31239420284263,368198.311661477,0.5858300337375084,-0.0
1288,Yield per roof,51.26696072937176,368198.3116831494,1.5577313681822176,0.04511411853713572
1288,Procurement,50.0,368198.31168314954,0.9608823838700573,7.013564091283746
1288,Combined,50.31239420284263,368198.311661477,1.5473535487503227,-0.0
1289,Uniform,50.0,305544.2373574999,0.0,56.075685552187096
1289,Screened,50.305249132650545,305544.2373574998,0.24316697637504348,26.61433218375929
1289,Yield per roof,51.241344123555564,305544.23735750007,0.6471009761276605,38.39054044415313
1289,Procurement,50.0,305544.2373574999,0.8968183821962654,31.628334753100688
1289,Combined,50.305249132650545,305544.2373574998,1.1397264781793837,8.944320632827203
1290,Uniform,50.0,425723.11928968556,-7.105427357601002e-15,94.22647064785045
1290,Screened,50.31378757278632,425723.119265034,0.40016953619863926,47.014587901252455
1290,Yield per roof,51.272252275481385,425723.1192896856,0.9820228577925576,66.70300818951965
1290,Procurement,50.0,425723.11928968556,0.916358304910041,69.44597322318414
1290,Combined,50.31378757278632,425723.119265034,1.3172204408711536,29.06372604731364
1291,Uniform,50.0,278385.80013008014,0.0,18.501871561459538
1291,Screened,50.31081127173381,278385.80013008014,0.35946501733182146,-0.0
1291,Yield per roof,51.26110481581493,278385.8001300801,0.9283307981848523,4.398769718163871
1291,Procurement,50.0,278385.80013008014,1.041543352301595,11.109548570119347
1291,Combined,50.31081127173381,278385.80013008014,1.401205719512113,-0.0
1292,Uniform,50.0,419718.8692557805,1.4210854715202004e-14,26.088609698950723
1292,Screened,50.312113468252704,419718.86923114746,0.6130785824684892,-0.0
1292,Yield per roof,51.26994305506076,419718.8692557805,1.4970448350898948,5.754978083277592
1292,Procurement,50.0,419718.8692557805,0.866693743513153,19.810096228653222
1292,Combined,50.312113468252704,419718.86923114746,1.4802556528266706,-0.0
1293,Uniform,50.0,355173.1903169437,0.0,79.62165113816764
1293,Screened,50.3179825321998,355173.19031694374,0.26193114579779575,43.06943258415086
1293,Yield per roof,51.292228460259395,355173.19031694357,0.6813173635892937,58.626095596014835
1293,Procurement,50.0,355173.1903169437,0.9078464720665949,54.81964692503246
1293,Combined,50.3179825321998,355173.19031694374,1.1701070223187742,25.124605774946513
1294,Uniform,50.0,355296.1656480823,0.0,84.40065161793292
1294,Screened,50.310777737028694,355296.1656480823,0.2747312770942614,46.28436728051617
1294,Yield per roof,51.262683905505945,355296.16564808215,0.6861638453442964,62.727858246906784
1294,Procurement,50.0,355296.1656480823,0.9171749378152327,59.33597319848692
1294,Combined,50.310777737028694,355296.1656480823,1.192427530014001,28.14334723585621
1295,Uniform,50.0,377334.1964216383,0.0,6.358282309320818
1295,Screened,50.310858129752745,377334.19642163825,0.7595876712541099,-0.0
1295,Yield per roof,51.26559697214521,377334.19642163825,1.8284563099017532,-0.0
1295,Procurement,50.0,377334.1964216383,0.8589801529281829,3.4311405920825946
1295,Combined,50.310858129752745,377334.19642163825,1.619070771671474,-0.0
1296,Uniform,50.0,297187.6900287116,0.0,2.746548622805175
1296,Screened,50.317757563931366,297187.69002871163,0.6342374515229068,-0.0
1296,Yield per roof,51.29125438163381,297187.6900287116,1.7193730731147099,-0.0
1296,Procurement,50.0,297187.6900287116,0.9589142203411711,1.460040022105927
1296,Combined,50.317757563931366,297187.69002871163,1.5937013515152927,-0.0
1297,Uniform,50.0,315633.19680573035,0.0,6.690622616232877
1297,Screened,50.30795365620893,315633.19680573035,0.587557088072785,-0.0
1297,Yield per roof,51.26028734334368,315633.19680573035,1.4289763520547183,-0.0
1297,Procurement,50.0,315633.19680573035,0.9177490762945553,2.9313486094370873
1297,Combined,50.30795365620893,315633.19680573035,1.5075414884464635,-0.0
1298,Uniform,50.0,327971.50882887567,-1.4210854715202004e-14,5.951445961513304
1298,Screened,50.31669207505493,327971.5088288756,0.5974967688496662,-0.0
1298,Yield per roof,51.287200017448974,327971.5088288757,1.5358777388559872,-0.0
1298,Procurement,50.0,327971.50882887567,0.9453439260288974,2.7469588270382737
1298,Combined,50.31669207505493,327971.5088288756,1.5441213650592402,-0.0
1299,Uniform,50.0,324320.754670489,0.0,25.66314116373631
1299,Screened,50.324486780372105,324320.754670489,0.5000023278156078,-0.0
1299,Yield per roof,51.31342836154755,324320.754670489,1.2635659541476798,6.20363714927862
1299,Procurement,50.0,324320.754670489,1.304920875148099,16.322351993139062
1299,Combined,50.324486780372105,324320.754670489,1.8081164800846352,-0.0
1300,Uniform,50.0,396295.55619852233,0.0,5.293526972175562
1300,Screened,50.3266598201236,396295.55617515504,0.7843615302231512,-0.0
1300,Yield per roof,51.32915478755206,396295.55619852233,1.948299294398879,-0.0
1300,Procurement,50.0,396295.55619852233,0.8139482595156835,3.27160123541655
1300,Combined,50.3266598201236,396295.55617515504,1.59813418417329,-0.0
1301,Uniform,50.0,283066.5601980812,0.0,4.808717271942304
1301,Screened,50.31369334932979,283066.56018167245,0.49153698714908955,-0.0
1301,Yield per roof,51.27558385811169,283066.5601980811,1.285197237253712,-0.0
1301,Procurement,50.0,283066.5601980812,0.922105971126129,2.050955117973658
1301,Combined,50.31369334932979,283066.56018167245,1.41383183634116,-0.0
1302,Uniform,50.0,392028.0095115992,0.0,4.612687629254977
1302,Screened,50.30092601445925,392028.0095115993,0.7275897990074753,-0.0
1302,Yield per roof,51.222328491278226,392028.0095115991,1.7720591612213497,-0.0
1302,Procurement,50.0,392028.0095115992,0.799415967503478,2.9462132854064116
1302,Combined,50.30092601445925,392028.0095115993,1.5288229215458955,-0.0
1303,Uniform,50.0,279158.7145769033,0.0,13.51664000931201
1303,Screened,50.3184972771468,279158.7145769034,0.4273285547549648,-0.0
1303,Yield per roof,51.293990335877794,279158.7145769033,1.086542601706256,1.7710625145728383
1303,Procurement,50.0,279158.7145769033,1.0509761056370337,7.3537725080115495
1303,Combined,50.3184972771468,279158.7145769034,1.480188262427447,-0.0
1304,Uniform,50.0,295321.14976994076,0.0,16.949845157098526
1304,Screened,50.31019130769644,295321.14976994076,0.36338982284788557,-0.0
1304,Yield per roof,51.25854145090035,295321.1497699408,0.984719798672721,3.302226646131514
1304,Procurement,50.0,295321.14976994076,1.0625150477841316,10.094916157766793
1304,Combined,50.31019130769644,295321.14976994076,1.426879301091951,-0.0
1305,Uniform,50.0,418484.0467536248,0.0,20.246514875335567
1305,Screened,50.32876980251996,418484.0467291344,0.6654290401325227,-0.0
1305,Yield per roof,51.33471191757383,418484.0467536248,1.667617698320413,2.684173309258491
1305,Procurement,50.0,418484.0467536248,0.9608139122459534,14.675446548146578
1305,Combined,50.32876980251996,418484.0467291344,1.628046842744837,-0.0
1306,Uniform,50.0,384533.83154969034,0.0,20.198568206851107
1306,Screened,50.31300761666946,384533.8315271178,0.5114649538342348,-0.0
1306,Yield per roof,51.270993644332265,384533.83154969034,1.306646013215527,3.6272082725602597
1306,Procurement,50.0,384533.83154969034,0.902411326371805,14.453942535828029
1306,Combined,50.31300761666946,384533.8315271178,1.413839874813462,-0.0
1307,Uniform,50.0,309828.00361571246,0.0,19.205836581940073
1307,Screened,50.332398093560315,309828.00359746924,0.38382158004867506,-0.0
1307,Yield per roof,51.35328318444367,309828.00361571263,0.9359077648384044,4.855404395914253
1307,Procurement,50.0,309828.00361571246,1.0378900047539048,11.922732481134405
1307,Combined,50.332398093560315,309828.00359746924,1.4277738671324869,-0.0
1308,Uniform,50.0,319124.14558636345,-1.4210854715202004e-14,7.544038938599742
1308,Screened,50.30974518695115,319124.14556904876,0.6155037619849111,-0.0
1308,Yield per roof,51.25913755425055,319124.1455863635,1.5548496325483825,-0.0
1308,Procurement,50.0,319124.14558636345,0.9949371213866129,3.2301574037089074
1308,Combined,50.30974518695115,319124.14556904876,1.610911860049086,-0.0
1309,Uniform,50.0,393723.6069034205,-1.4210854715202004e-14,14.137608951708069
1309,Screened,50.31778308194645,393723.6068802955,0.6475812925126263,-0.0
1309,Yield per roof,51.2959453313224,393723.6069034204,1.5449383653211868,1.3816151369778176
1309,Procurement,50.0,393723.6069034205,0.80616421671985,9.4108722045101
1309,Combined,50.31778308194645,393723.6068802955,1.4553961940536055,-0.0
1310,Uniform,50.0,413412.2268931003,0.0,10.18120526341112
1310,Screened,50.31089701087009,413412.22689310036,0.7999133401237088,-0.0
1310,Yield per roof,51.264413615586236,413412.2268931002,1.9206835200216972,-0.0
1310,Procurement,50.0,413412.2268931003,0.8916000441830931,6.454125178180987
1310,Combined,50.31089701087009,413412.22689310036,1.6918588243917725,-0.0
1311,Uniform,50.0,324358.08131380327,1.4210854715202004e-14,2.486459160756658
1311,Screened,50.30589670075416,324358.0812949386,0.6230240927938979,-0.0
1311,Yield per roof,51.24805133688205,324358.0813138033,1.6794765322468663,-0.0
1311,Procurement,50.0,324358.08131380327,0.8834148370428352,1.2984154538087809
1311,Combined,50.30589670075416,324358.0812949386,1.5079638089343632,-0.0
1312,Uniform,50.0,382850.8749857681,-1.4210854715202004e-14,19.47100172509234
1312,Screened,50.32231396645035,382850.8749632207,0.5697351395163963,-0.0
1312,Yield per roof,51.310413090402406,382850.8749857682,1.3905797040987267,3.1330325230984823
1312,Procurement,50.0,382850.8749857681,1.0025498108664692,13.604345049033531
1312,Combined,50.32231396645035,382850.8749632207,1.5746160157024747,-0.0
1313,Uniform,50.0,324021.88975087483,0.0,20.68616705479128
1313,Screened,50.31340167135475,324021.88975087495,0.4002957018789317,-0.0
1313,Yield per roof,51.273785811853095,324021.88975087495,0.9784655376487308,5.345779145962246
1313,Procurement,50.0,324021.88975087483,0.920765642187547,13.709925490006448
1313,Combined,50.31340167135475,324021.88975087495,1.3241059213732456,-0.0
1314,Uniform,50.0,322121.32489343977,0.0,9.129673391137384
1314,Screened,50.30362030634304,322121.3248934396,0.5067301382856186,-0.0
1314,Yield per roof,51.23588742289333,322121.3248934399,1.2768124607387534,0.2180392796591235
1314,Procurement,50.0,322121.32489343977,0.8851339777849461,5.147659682539162
1314,Combined,50.30362030634304,322121.3248934396,1.3923869615525888,-0.0
1315,Uniform,50.0,422665.4030867835,-7.105427357601002e-15,74.94900277893905
1315,Screened,50.33430509625678,422665.40306228586,0.41247485122587335,32.26223086372695
1315,Yield per roof,51.357130873893,422665.4030867835,1.0234568488267541,49.4136765154973
1315,Procurement,50.0,422665.4030867835,0.8444262139275978,52.16505635865599
1315,Combined,50.33430509625678,422665.40306228586,1.2573629619553017,15.783820328482461
1316,Uniform,50.0,329966.37137081416,0.0,29.289884803785686
1316,Screened,50.32604699956102,329966.3713513498,0.3238701168789859,3.060404960109449
1316,Yield per roof,51.32734084133113,329966.3713708141,0.8236899641561664,13.086257207639663
1316,Procurement,50.0,329966.37137081416,0.9268956712098202,19.505413994969494
1316,Combined,50.32604699956102,329966.3713513498,1.2522791076343367,-0.0
1317,Uniform,50.0,337788.2352421521,0.0,33.32508983905959
1317,Screened,50.33337487329335,337788.23522226146,0.3431352753522603,4.4113590475659965
1317,Yield per roof,51.36248533937384,337788.23524215224,0.803718176971536,18.709102460937217
1317,Procurement,50.0,337788.2352421521,1.0923151404016807,21.666719948492716
1317,Combined,50.33337487329335,337788.23522226146,1.4447423213207031,-0.0
1318,Uniform,50.0,292208.29044775956,0.0,20.777269420601712
1318,Screened,50.3022333243188,292208.2904477597,0.32999741628616164,-0.0
1318,Yield per roof,51.231051289262936,292208.2904477597,0.8107978733737653,6.043040651088714
1318,Procurement,50.0,292208.29044775956,0.9106667006187834,13.758804805268388
1318,Combined,50.3022333243188,292208.2904477597,1.2414275756264033,-0.0
1319,Uniform,50.0,327895.434940182,0.0,12.542736439441283
1319,Screened,50.31886058262446,327895.4349207881,0.46738170205321694,-0.0
1319,Yield per roof,51.30013573507717,327895.434940182,1.1682359803346287,1.4084266745795495
1319,Procurement,50.0,327895.434940182,0.8753447802086214,7.4766311847543045
1319,Combined,50.31886058262446,327895.4349207881,1.3442525288981102,-0.0
1320,Uniform,50.0,307635.79654306156,0.0,12.221514183651038
1320,Screened,50.31567274063042,307635.7965249247,0.4658003216141111,-0.0
1320,Yield per roof,51.2857757128956,307635.7965430617,1.2637955348270822,0.8945009724101592
1320,Procurement,50.0,307635.79654306156,0.9861896701763015,7.165143331945995
1320,Combined,50.31567274063042,307635.7965249247,1.4526155797101694,-0.0
1321,Uniform,50.0,314451.0563559981,0.0,5.651874656616218
1321,Screened,50.30685546191349,314451.05635599804,0.5342026556633073,-0.0
1321,Yield per roof,51.24700508180004,314451.05635599815,1.3820194649276942,-0.0
1321,Procurement,50.0,314451.0563559981,0.9031437774248019,2.486442801358163
1321,Combined,50.30685546191349,314451.05635599804,1.4369927054740685,-0.0
1322,Uniform,50.0,301997.4500586564,0.0,6.819266510150498
1322,Screened,50.31030098031815,301997.45005865645,0.5238468921015027,-0.0
1322,Yield per roof,51.26236135846963,301997.45005865645,1.3086562489008458,-0.0
1322,Procurement,50.0,301997.4500586564,0.9232883813986064,2.812318276318159
1322,Combined,50.31030098031815,301997.45005865645,1.4467930271981118,-0.0
1323,Uniform,50.0,401505.35074054124,-1.4210854715202004e-14,6.491893938171558
1323,Screened,50.307287556694455,401505.3507405413,0.7395256441273403,-0.0
1323,Yield per roof,51.248097747706396,401505.3507405413,1.8806900274373248,-0.0
1323,Procurement,50.0,401505.35074054124,0.8206502829063425,3.555706203113965
1323,Combined,50.307287556694455,401505.3507405413,1.5597763467820158,-0.0
1324,Uniform,50.0,378214.1914244399,2.842170943040401e-14,9.31266735031109
1324,Screened,50.325727998248425,378214.1914022459,0.7775382243851254,-0.0
1324,Yield per roof,51.324235089429635,378214.1914244398,1.9445714559371652,-0.0
1324,Procurement,50.0,378214.1914244399,0.993691399433061,5.103634087855684
1324,Combined,50.325727998248425,378214.1914022459,1.7720789717180594,-0.0
1325,Uniform,50.0,320084.1396095763,0.0,4.496482472992282
1325,Screened,50.31730296064802,320084.1396095764,0.6561699120136808,-0.0
1325,Yield per roof,51.28880716922738,320084.1396095763,1.6489774889064392,-0.0
1325,Procurement,50.0,320084.1396095763,0.9048898102277008,2.4877537534367042
1325,Combined,50.31730296064802,320084.1396095764,1.56050966336511,-0.0
1326,Uniform,50.0,398734.24319547863,0.0,13.645761959834493
1326,Screened,50.30450165681497,398734.2431954788,0.6730362504886926,-0.0
1326,Yield per roof,51.235033552305175,398734.24319547875,1.7324752432095636,0.6591512275213639
1326,Procurement,50.0,398734.24319547863,0.8827252721286953,9.314341952928093
1326,Combined,50.30450165681497,398734.2431954788,1.555615263808619,-0.0
1327,Uniform,50.0,366020.86052533216,0.0,60.171551679944685
1327,Screened,50.30970911697942,366020.8605253321,0.3377890654902842,25.20332035484161
1327,Yield per roof,51.25882095533971,366020.86052533204,0.8430604155062227,38.912026450242166
1327,Procurement,50.0,366020.86052533216,0.9295747810256145,34.93375863381648
1327,Combined,50.30970911697942,366020.8605253321,1.267173709176177,6.977792313627869
1328,Uniform,50.0,408497.9652823453,0.0,25.8997675008687
1328,Screened,50.30783172358524,408497.9652823455,0.49657103419094994,-0.0
1328,Yield per roof,51.25269521586247,408497.96528234525,1.243458397727693,6.550715533302646
1328,Procurement,50.0,408497.9652823453,0.8476598242872626,19.40748996197685
1328,Combined,50.30783172358524,408497.9652823455,1.344766205111796,-0.0
1329,Uniform,50.0,389836.90895013924,1.4210854715202004e-14,12.832116852182613
1329,Screened,50.32238986353603,389836.9089292499,0.7620022780544247,-0.0
1329,Yield per roof,51.30936531922046,389836.9089501392,1.8654929752572542,0.4427315084531364
1329,Procurement,50.0,389836.90895013924,1.0313479021626932,8.246323802801559
1329,Combined,50.32238986353603,389836.9089292499,1.7950834545078322,-0.0
1330,Uniform,50.0,298937.5763552508,0.0,13.348137637840676
1330,Screened,50.31450611214932,298937.57635525084,0.46832075572983456,-0.0
1330,Yield per roof,51.27662821277918,298937.5763552509,1.182743425112477,1.5316978260044969
1330,Procurement,50.0,298937.5763552508,0.9915872703684556,7.612702003035438
1330,Combined,50.31450611214932,298937.57635525084,1.4597270306605594,-0.0
1331,Uniform,50.0,315572.2453487965,0.0,8.968269813770192
1331,Screened,50.3172984977484,315572.2453302324,0.5319814893350667,-0.0
1331,Yield per roof,51.29019880225135,315572.24534879654,1.3931049496361396,-0.0
1331,Procurement,50.0,315572.2453487965,1.0007953265742628,4.647084266331567
1331,Combined,50.3172984977484,315572.2453302324,1.5330428081564804,-0.0
1332,Uniform,50.0,430381.83776447864,0.0,6.4821866778246084
1332,Screened,50.30869929243628,430381.83776447864,0.8202143102151354,-0.0
1332,Yield per roof,51.25615265563467,430381.8377644786,1.985310337645302,-0.0
1332,Procurement,50.0,430381.83776447864,0.7511156074492078,3.859260529108149
1332,Combined,50.30869929243628,430381.83776447864,1.5724428957845475,-0.0
1333,Uniform,50.0,339907.06550424034,0.0,17.695549654653757
1333,Screened,50.313000292967935,339907.0655042403,0.4794356317557913,-0.0
1333,Yield per roof,51.27440230710845,339907.0655042403,1.2018206153659037,2.9997397229827216
1333,Procurement,50.0,339907.06550424034,0.9409292475511251,11.892256993753309
1333,Combined,50.313000292967935,339907.0655042403,1.4201959925827197,-0.0
1334,Uniform,50.0,401093.3307973216,0.0,19.624938517012666
1334,Screened,50.31510704819156,401093.3307973215,0.6035850677046426,-0.0
1334,Yield per roof,51.27788633075321,401093.3307973216,1.4988580327914605,2.7789286254795984
1334,Procurement,50.0,401093.3307973216,0.8490999351197956,14.655922311622803
1334,Combined,50.31510704819156,401093.3307973215,1.4525117068718885,-0.0
1335,Uniform,50.0,342402.0818450332,0.0,14.277859653930424
1335,Screened,50.3095916352754,342402.08184503316,0.5476249485231222,-0.0
1335,Yield per roof,51.25716671470284,342402.0818450332,1.3474529134929014,1.5399033640558164
1335,Procurement,50.0,342402.0818450332,0.9837978116609776,8.609026671361418
1335,Combined,50.3095916352754,342402.08184503316,1.5325172031494674,-0.0
1336,Uniform,50.0,415564.74144539837,0.0,13.668905658001318
1336,Screened,50.31721043399176,415564.7414453983,0.7854671589237796,-0.0
1336,Yield per roof,51.285451212995184,415564.74144539837,1.9394178135020752,0.29249047899169284
1336,Procurement,50.0,415564.74144539837,0.9653869588984776,9.407976137445317
1336,Combined,50.31721043399176,415564.7414453983,1.751991367191664,-0.0
1337,Uniform,50.0,417484.3942981864,7.105427357601002e-15,31.047446809077186
1337,Screened,50.30969746604805,417484.3942981865,0.4109540393669491,-0.0
1337,Yield per roof,51.25832758753098,417484.39429818647,1.0564305730381705,9.66393680203826
1337,Procurement,50.0,417484.3942981864,0.7586048455771603,25.207075333800695
1337,Combined,50.30969746604805,417484.3942981865,1.169442553240529,-0.0
1338,Uniform,50.0,339319.52693587565,0.0,20.029830410086056
1338,Screened,50.30975060788405,339319.5269358756,0.3714936615480582,-0.0
1338,Yield per roof,51.260254717983116,339319.52693587565,0.9405241521975114,5.142531434600686
1338,Procurement,50.0,339319.52693587565,0.8588439216266721,13.416846526217077
1338,Combined,50.30975060788405,339319.5269358756,1.2319611906171701,-0.0
1339,Uniform,50.0,409181.2863382086,-1.4210854715202004e-14,16.563575753037195
1339,Screened,50.30817887758672,409181.2863382086,0.6676118630020795,-0.0
1339,Yield per roof,51.24953942124896,409181.28633820853,1.6976004912879148,1.4001461334365721
1339,Procurement,50.0,409181.2863382086,0.8986240766302416,11.400858361643843
1339,Combined,50.30817887758672,409181.2863382086,1.5665125149661776,-0.0
1340,Uniform,50.0,428212.8988940484,0.0,21.69561949738142
1340,Screened,50.31843969461315,428212.89886889636,0.5900732883244757,-0.0
1340,Yield per roof,51.295176517706786,428212.8988940484,1.4929190243170183,3.730387157980618
1340,Procurement,50.0,428212.8988940484,0.8248033466210956,16.696121011297226
1340,Combined,50.31843969461315,428212.89886889636,1.415078204146397,-0.0
1341,Uniform,50.0,398923.26366468065,0.0,57.35970421907112
1341,Screened,50.327158740444524,398923.2636411735,0.39010695288460795,20.393028665940502
1341,Yield per roof,51.33226185677084,398923.26366468065,0.9590957247706271,35.75060797953694
1341,Procurement,50.0,398923.26366468065,0.8789156994576715,33.472247408036694
1341,Combined,50.327158740444524,398923.2636411735,1.2714104385856615,3.1019959734963876
1342,Uniform,50.0,309817.93454929005,0.0,74.29022238831469
1342,Screened,50.310418504823126,309817.9345492901,0.2432557466118226,39.844751844105325
1342,Yield per roof,51.26261971693038,309817.9345492899,0.636107651301927,54.497420230985306
1342,Procurement,50.0,309817.93454929005,0.9994481741568251,47.06961592543246
1342,Combined,50.310418504823126,309817.9345492901,1.2430020911987967,20.14503437288326
1343,Uniform,50.0,363967.76336808957,0.0,8.185269399343623
1343,Screened,50.33381924041077,363967.7633466737,0.7406112595132299,-0.0
1343,Yield per roof,51.357648555081,363967.76336808945,1.7403935346804076,-0.0
1343,Procurement,50.0,363967.76336808957,1.0514191284984378,3.694976030841166
1343,Combined,50.33381924041077,363967.7633466737,1.7985267406307486,-0.0
1344,Uniform,50.0,437994.58585303946,0.0,14.442166431495219
1344,Screened,50.30941108361043,437994.58585303935,0.7195593058439158,-0.0
1344,Yield per roof,51.2557331271821,437994.5858530395,1.7605096737716934,0.9129651209169418
1344,Procurement,50.0,437994.58585303946,0.754742024034698,10.332353569664843
1344,Combined,50.30941108361043,437994.58585303935,1.4741015822481813,-0.0
1345,Uniform,50.0,287965.23647018743,0.0,6.026089793088533
1345,Screened,50.313702894240365,287965.2364701875,0.5215568056812856,-0.0
1345,Yield per roof,51.27465072546176,287965.2364701873,1.3471100219712469,-0.0
1345,Procurement,50.0,287965.23647018743,0.9886586748684039,2.463133346764567
1345,Combined,50.313702894240365,287965.2364701875,1.5121758783446921,-0.0
1346,Uniform,50.0,371369.2118785092,0.0,9.463228935969498
1346,Screened,50.31842722690727,371369.2118566219,0.6373264672958641,-0.0
1346,Yield per roof,51.29303078622177,371369.21187850926,1.6953483809029137,-0.0
1346,Procurement,50.0,371369.2118785092,0.9248498908115863,5.4419510082798865
1346,Combined,50.31842722690727,371369.2118566219,1.56281820054231,-0.0
1347,Uniform,50.0,356385.07400553,0.0,49.35067483857572
1347,Screened,50.324318813745116,356385.0739845021,0.33079502917891546,17.534476542005095
1347,Yield per roof,51.318507656245835,356385.0740055298,0.8407337966991335,30.00285501230159
1347,Procurement,50.0,356385.07400553,0.8880252444339192,25.382146746928687
1347,Combined,50.324318813745116,356385.0739845021,1.219364873929969,0.20955796448870284
1348,Uniform,50.0,394740.27803079726,0.0,77.78775046678547
1348,Screened,50.326480801570334,394740.2780076936,0.3729489982575416,36.85003935101892
1348,Yield per roof,51.32421933932488,394740.2780307973,0.9125232560698464,53.53571665644398
1348,Procurement,50.0,394740.27803079726,0.87061513415766,54.18688536125007
1348,Combined,50.326480801570334,394740.2780076936,1.243586805373937,19.784169338851967
1349,Uniform,50.0,291346.648692446,0.0,42.75084385262303
1349,Screened,50.30608368905723,291346.64869244606,0.29444197114318627,14.191794245586532
1349,Yield per roof,51.241739774475505,291346.64869244595,0.7665305459783909,24.921865601222976
1349,Procurement,50.0,291346.648692446,1.027960995845902,20.942608948294225
1349,Combined,50.30608368905723,291346.64869244606,1.3223771568060343,-0.0
1350,Uniform,50.0,310176.70740662445,0.0,12.031209585342946
1350,Screened,50.31737975276625,310176.70740662445,0.5061699990883568,-0.0
1350,Yield per roof,51.28814449241938,310176.7074066244,1.2543823976019297,1.0787828720275914
1350,Procurement,50.0,310176.70740662445,1.001721631460029,6.699591308745749
1350,Combined,50.31737975276625,310176.70740662445,1.5078711413101047,-0.0
1351,Uniform,50.0,401667.57703704585,1.4210854715202004e-14,27.91346882871263
1351,Screened,50.32096537757234,401667.57703704596,0.5967723956389648,-0.0
1351,Yield per roof,51.299184382848395,401667.5770370457,1.3827035334353184,7.376209533738156
1351,Procurement,50.0,401667.57703704585,1.0395952842298612,20.211248350913905
1351,Combined,50.32096537757234,401667.57703704596,1.6382044846667867,-0.0
1352,Uniform,50.0,317931.0432901528,0.0,49.088266882270034
1352,Screened,50.31650191308942,317931.0432713645,0.28292343501379946,19.557969963278783
1352,Yield per roof,51.28598233048548,317931.0432901528,0.692254424066256,32.62477917844241
1352,Procurement,50.0,317931.0432901528,1.0208234151416349,22.336951068289576
1352,Combined,50.31650191308942,317931.0432713645,1.307247481245902,-0.0
1353,Uniform,50.0,343806.6398964619,0.0,53.2426093155417
1353,Screened,50.31476797349314,343806.63989646186,0.33329377725628717,20.262591873154058
1353,Yield per roof,51.27665577304357,343806.63989646186,0.8480129041748441,32.8855998906049
1353,Procurement,50.0,343806.6398964619,0.9558981091769923,27.381601351698553
1353,Combined,50.31476797349314,343806.63989646186,1.2890012871144094,1.614390043532572
1354,Uniform,50.0,426171.52684794925,0.0,24.95861931694188
1354,Screened,50.31617203037462,426171.52682297875,0.6164431044476828,-0.0
1354,Yield per roof,51.286415382132034,426171.52684794914,1.5114894176693383,5.321076897531328
1354,Procurement,50.0,426171.52684794925,0.9753025070945682,18.655060616215383
1354,Combined,50.31617203037462,426171.52682297875,1.5934526551481127,-0.0
1355,Uniform,50.0,290706.11757349205,0.0,7.074221496355363
1355,Screened,50.30539508760696,290706.117573492,0.48108409263629426,-0.0
1355,Yield per roof,51.240922396867205,290706.1175734921,1.225777664193302,-0.0
1355,Procurement,50.0,290706.11757349205,0.9167802976532897,3.0932662390772196
1355,Combined,50.30539508760696,290706.117573492,1.397390714067484,-0.0
1356,Uniform,50.0,312081.87908127316,0.0,5.17137908184326
1356,Screened,50.32643732303661,312081.8790629637,0.5339843682026668,-0.0
1356,Yield per roof,51.328137439273185,312081.8790812732,1.4257410011532698,-0.0
1356,Procurement,50.0,312081.87908127316,0.9302976532620733,2.388759546225027
1356,Combined,50.32643732303661,312081.8790629637,1.4671712479089223,-0.0
1357,Uniform,50.0,283801.3504847899,0.0,24.81725825705
1357,Screened,50.30088146412959,283801.35048478993,0.2204710683586626,4.519581487212594
1357,Yield per roof,51.22262651779654,283801.35048478993,0.5767279186103593,12.65223814361776
1357,Procurement,50.0,283801.3504847899,0.8576746266155482,14.103248758341602
1357,Combined,50.30088146412959,283801.35048478993,1.0807691324728168,-0.0
1358,Uniform,50.0,408692.5778652886,0.0,7.612319120045287
1358,Screened,50.30563591871444,408692.5778652886,0.7397805292684723,-0.0
1358,Yield per roof,51.24475756525468,408692.57786528877,1.8090734009577716,-0.0
1358,Procurement,50.0,408692.5778652886,0.8032776421856624,4.122986484045082
1358,Combined,50.30563591871444,408692.5778652886,1.549159099923287,-0.0
1359,Uniform,50.0,360744.51206183183,0.0,9.193847438060065
1359,Screened,50.31953007870392,360744.5120405494,0.6284010999187473,-0.0
1359,Yield per roof,51.29886765138094,360744.5120618318,1.625481369613567,-0.0
1359,Procurement,50.0,360744.51206183183,0.9554884250563589,5.049168603163271
1359,Combined,50.31953007870392,360744.5120405494,1.5850947359514151,-0.0
1360,Uniform,50.0,332866.4525616515,0.0,7.310039963167289
1360,Screened,50.32345468516185,332866.45254206174,0.6941355551061577,-0.0
1360,Yield per roof,51.31295546008448,332866.4525616517,1.7420179345484996,-0.0
1360,Procurement,50.0,332866.4525616515,1.130799571977093,3.221687526690319
1360,Combined,50.32345468516185,332866.45254206174,1.8281640529071836,-0.0
1361,Uniform,50.0,324957.2334165297,1.4210854715202004e-14,2.651880085263698
1361,Screened,50.31460083168102,324957.2333973134,0.6909408554577254,-0.0
1361,Yield per roof,51.27874347696811,324957.23341652995,1.7280919532353636,-0.0
1361,Procurement,50.0,324957.2334165297,0.8992753475883433,1.443280096476099
1361,Combined,50.31460083168102,324957.2333973134,1.5907420227205193,-0.0
1362,Uniform,50.0,401301.98779524036,0.0,30.120490963696408
1362,Screened,50.31933392500692,401301.9877832716,0.5116086629187038,-0.0
1362,Yield per roof,51.300202573433914,401301.98779524025,1.270216108031562,8.487302418179423
1362,Procurement,50.0,401301.98779524036,0.8763108293470054,23.388498558672385
1362,Combined,50.31933392500692,401301.9877832716,1.3879713845691413,-0.0
1363,Uniform,50.0,288815.1641510864,-1.4210854715202004e-14,6.962533318200967
1363,Screened,50.329618092389765,288815.1641341602,0.6184321825664654,-0.0
1363,Yield per roof,51.33752762933132,288815.16415108653,1.5025542361949675,-0.0
1363,Procurement,50.0,288815.1641510864,1.016033745145748,2.915217015637659
1363,Combined,50.329618092389765,288815.1641341602,1.6349695902863317,-0.0
1364,Uniform,50.0,322389.3006358247,0.0,39.53583547226531
1364,Screened,50.32231434697932,322389.3006167939,0.29838553538103696,12.176517103875144
1364,Yield per roof,51.31009394867555,322389.30063582456,0.7658548551831785,22.355130356064983
1364,Procurement,50.0,322389.3006358247,0.9224580385226702,20.50834494429456
1364,Combined,50.32231434697932,322389.3006167939,1.2205971037689025,-0.0
1365,Uniform,50.0,383512.0874095261,0.0,29.84410076418563
1365,Screened,50.32780635130407,383512.0873888897,0.4406942171795407,-0.0
1365,Yield per roof,51.33410261573401,383512.08740952617,1.107251081048446,8.921733983082238
1365,Procurement,50.0,383512.0874095261,0.9783104581062787,22.279886080665133
1365,Combined,50.32780635130407,383512.0873888897,1.4227816057001377,-0.0
1366,Uniform,50.0,297240.7432954926,0.0,15.111476453323922
1366,Screened,50.31854483316566,297240.7432788502,0.44801141245999077,-0.0
1366,Yield per roof,51.293774791785914,297240.74329549266,1.1081004708847644,2.1851738412143518
1366,Procurement,50.0,297240.7432954926,1.089384054542407,8.66193587653672
1366,Combined,50.31854483316566,297240.7432788502,1.5388028158856457,-0.0
1367,Uniform,50.0,435189.82807584584,0.0,88.7626994641676
1367,Screened,50.30631695464863,435189.8280758459,0.3609109994988273,44.84758135226635
1367,Yield per roof,51.2459851180579,435189.8280758457,0.9002030931971987,63.31228131734734
1367,Procurement,50.0,435189.82807584584,0.7754406807439054,67.5928207084767
1367,Combined,50.30631695464863,435189.8280758459,1.1378314592960308,29.506662811239888
1368,Uniform,50.0,391296.0886533489,0.0,6.495352158136987
1368,Screened,50.31597037445116,391296.0886303245,0.8759895372616029,-0.0
1368,Yield per roof,51.28160753953557,391296.08865334897,2.1119574510132963,-0.0
1368,Procurement,50.0,391296.0886533489,0.9238898335013346,3.7836977763248822
1368,Combined,50.31597037445116,391296.0886303245,1.800401575092252,-0.0
1369,Uniform,50.0,280156.5732105702,0.0,7.398888417920071
1369,Screened,50.30970130151296,280156.57321057015,0.4990770286862869,-0.0
1369,Yield per roof,51.258804599290436,280156.57321057026,1.217152479016164,-0.0
1369,Procurement,50.0,280156.5732105702,0.9944005620620118,3.078723624364966
1369,Combined,50.30970130151296,280156.57321057015,1.4935103024627097,-0.0
1370,Uniform,50.0,286283.59929393383,0.0,91.53974283460883
1370,Screened,50.32008607801862,286283.59929393395,0.2190798743527438,53.698012654919516
1370,Yield per roof,51.30045855745545,286283.5992939339,0.5564293102025815,71.58349495237327
1370,Procurement,50.0,286283.59929393383,1.1415267621182892,60.102938175311515
1370,Combined,50.32008607801862,286283.59929393395,1.3629353962112845,30.87851947790999
1371,Uniform,50.0,331514.60675755213,0.0,14.3760585297922
1371,Screened,50.31307179044632,331514.60673876223,0.5472806972860411,-0.0
1371,Yield per roof,51.271785378103495,331514.60675755225,1.3589540178564476,1.512707612387572
1371,Procurement,50.0,331514.60675755213,0.9576700821883009,8.801870470342774
1371,Combined,50.31307179044632,331514.60673876223,1.504659425621142,-0.0
1372,Uniform,50.0,374629.2744516501,0.0,9.113819798288057
1372,Screened,50.315639420963706,374629.2744296137,0.7669150604690174,-0.0
1372,Yield per roof,51.280188301788385,374629.2744516501,1.8020324083611854,-0.0
1372,Procurement,50.0,374629.2744516501,0.9653929850120448,4.941255489350922
1372,Combined,50.315639420963706,374629.2744296137,1.7324698044378977,-0.0
1373,Uniform,50.0,351152.2951739846,0.0,92.19341300412113
1373,Screened,50.32051655317576,351152.2951739845,0.2804237749800933,50.38057690308969
1373,Yield per roof,51.29787075000537,351152.2951739846,0.7481759508592845,68.71636001595327
1373,Procurement,50.0,351152.2951739846,1.0825793085356707,62.68815517926266
1373,Combined,50.32051655317576,351152.2951739845,1.3643215482103344,28.986162644023665
1374,Uniform,50.0,293286.25073913514,0.0,82.55267236119614
1374,Screened,50.32691214921037,293286.2507218856,0.23031764656351328,46.4921583457769
1374,Yield per roof,51.32709267350007,293286.2507391352,0.5785187570016959,63.35725538040801
1374,Procurement,50.0,293286.25073913514,1.0826320222739696,52.82778646515805
1374,Combined,50.32691214921037,293286.2507218856,1.3151788574546686,24.92376183060998
1375,Uniform,50.0,338253.8804213795,0.0,21.124101530905264
1375,Screened,50.31207583535852,338253.8804213796,0.5056619984750768,-0.0
1375,Yield per roof,51.266002700432715,338253.88042137946,1.2199282773373739,4.582544310447914
1375,Procurement,50.0,338253.8804213795,1.0405691370492747,13.960116306751148
1375,Combined,50.31207583535852,338253.8804213796,1.546744584062452,-0.0
1376,Uniform,50.0,311488.40563094686,-1.4210854715202004e-14,7.554990199559751
1376,Screened,50.32210080135009,311488.4056125648,0.6009116992783277,-0.0
1376,Yield per roof,51.30876626229214,311488.4056309469,1.5014054992858803,-0.0
1376,Procurement,50.0,311488.40563094686,1.007517183436093,3.1745354591348227
1376,Combined,50.32210080135009,311488.4056125648,1.6102678824410788,-0.0
1377,Uniform,50.0,410813.4754596789,0.0,19.833446491340506
1377,Screened,50.318790742660354,410813.4754400463,0.5060990686265541,-0.0
1377,Yield per roof,51.29895165286154,410813.4754596789,1.309001590202115,3.534207159809787
1377,Procurement,50.0,410813.4754596789,0.792636958293059,14.772260171481664
1377,Combined,50.318790742660354,410813.4754400463,1.2997361620029153,-0.0
1378,Uniform,50.0,387226.1993168711,0.0,11.713098336142348
1378,Screened,50.31244126853101,387226.1993168712,0.627463069583797,-0.0
1378,Yield per roof,51.270933053045226,387226.19931687106,1.5909489226535527,0.39140329300262666
1378,Procurement,50.0,387226.1993168711,0.8105673020981499,7.881958738319142
1378,Combined,50.31244126853101,387226.1993168712,1.4385713589798144,-0.0
1379,Uniform,50.0,373548.32927590096,1.4210854715202004e-14,9.44502109280904
1379,Screened,50.319276640972156,373548.32925381546,0.645594574162601,-0.0
1379,Yield per roof,51.30665807650639,373548.329275901,1.5639111713355902,-0.0
1379,Procurement,50.0,373548.32927590096,0.8514037436256103,5.746848449212057
1379,Combined,50.319276640972156,373548.32925381546,1.4989606569799037,-0.0
1380,Uniform,50.0,287368.1301028185,0.0,28.030842432904976
1380,Screened,50.31221742413436,287368.1301031456,0.2803436908137016,3.9721619505702215
1380,Yield per roof,51.27536703047934,287368.1301028185,0.7413990532080916,12.749904849037312
1380,Procurement,50.0,287368.1301028185,1.0074237053764747,16.603413164461124
1380,Combined,50.31221742413436,287368.1301031456,1.2883154692161582,-0.0
1381,Uniform,50.0,398250.9923160995,-1.4210854715202004e-14,16.21439872798761
1381,Screened,50.32455640844933,398250.9922926234,0.6381269355885024,-0.0
1381,Yield per roof,51.32022272170398,398250.99231609947,1.5193955384100946,1.9416876492743838
1381,Procurement,50.0,398250.9923160995,0.8341584218935054,11.290097427743426
1381,Combined,50.32455640844933,398250.9922926234,1.472429906898455,-0.0
1382,Uniform,50.0,304776.70596641576,0.0,5.741946540591178
1382,Screened,50.316098533478105,304776.7059484667,0.5822963545477648,-0.0
1382,Yield per roof,51.2843635936392,304776.7059664158,1.5272838675383866,-0.0
1382,Procurement,50.0,304776.70596641576,1.0361354721766958,2.5302716568407524
1382,Combined,50.316098533478105,304776.7059484667,1.6197004465536367,-0.0
1383,Uniform,50.0,296005.71441971534,1.4210854715202004e-14,6.822748379573307
1383,Screened,50.314801749284605,296005.71441998857,0.5197397484563879,-0.0
1383,Yield per roof,51.285270668441605,296005.71441971534,1.240953993737449,-0.0
1383,Procurement,50.0,296005.71441971534,0.9841291525089275,2.680866482207513
1383,Combined,50.314801749284605,296005.71441998857,1.5096188692906338,-0.0
1384,Uniform,50.0,301439.37766326073,0.0,3.1121379272406036
1384,Screened,50.30805093955511,301439.3776632608,0.6297399872894118,-0.0
1384,Yield per roof,51.25036872022513,301439.37766326073,1.6308324040757611,-0.0
1384,Procurement,50.0,301439.37766326073,0.9644876493068608,1.8193988463486441
1384,Combined,50.30805093955511,301439.3776632608,1.5940532588911793,-0.0
1385,Uniform,50.0,310692.5973108832,0.0,11.442004946750398
1385,Screened,50.31561211804028,310692.59729307983,0.5361549631439431,-0.0
1385,Yield per roof,51.283030194669884,310692.5973108833,1.2949916918440891,0.937455718200517
1385,Procurement,50.0,310692.5973108832,0.9883894992173339,6.331966526910404
1385,Combined,50.31561211804028,310692.59729307983,1.5253069791537257,-0.0
1386,Uniform,50.0,391415.7419008649,0.0,32.16452916012926
1386,Screened,50.32491948461468,391415.7418818325,0.48656358707802383,-0.0
1386,Yield per roof,51.321172524337115,391415.7419008647,1.1847257485001421,9.793409402255215
1386,Procurement,50.0,391415.7419008649,0.9302870073715326,24.9784730272918
1386,Combined,50.32491948461468,391415.7418818325,1.4183719296283215,-0.0
1387,Uniform,50.0,340861.560551896,0.0,49.67697363851932
1387,Screened,50.32797823433623,340861.5605318147,0.333637887670271,17.74929690280339
1387,Yield per roof,51.33439671831598,340861.5605518959,0.8181938132752506,31.097440793702244
1387,Procurement,50.0,340861.560551896,0.9790673226353235,24.9678317460342
1387,Combined,50.32797823433623,340861.5605318147,1.3149183149072385,-0.0
1388,Uniform,50.0,330566.35881738376,0.0,10.697954897627895
1388,Screened,50.31251651424035,330566.3587979233,0.5464143726059234,-0.0
1388,Yield per roof,51.2701901880718,330566.35881738376,1.3247121454488564,0.6847751709591063
1388,Procurement,50.0,330566.35881738376,0.9157343181455673,6.112844605274937
1388,Combined,50.31251651424035,330566.3587979233,1.4620529572383134,-0.0
1389,Uniform,50.0,292359.6473533954,0.0,83.59608488264381
1389,Screened,50.32014200952172,292359.6473361858,0.20989172026847314,47.643979444010306
1389,Yield per roof,51.29916489653243,292359.6473533956,0.5756502919497777,64.22257741390814
1389,Procurement,50.0,292359.6473533954,1.1368014137293656,52.32528347288229
1389,Combined,50.32014200952172,292359.6473361858,1.3487843112035875,24.95072698231357
1390,Uniform,50.0,307089.1008976498,1.4210854715202004e-14,3.6933158311677556
1390,Screened,50.31974107740545,307089.1008797286,0.6760098006245556,-0.0
1390,Yield per roof,51.30310900312764,307089.10089764994,1.7060203398546605,-0.0
1390,Procurement,50.0,307089.1008976498,1.0151903172567955,2.1819204348506784
1390,Combined,50.31974107740545,307089.1008797286,1.691648347437038,-0.0
1391,Uniform,50.0,352494.05832997867,-7.105427357601002e-15,99.92965104717042
1391,Screened,50.332250264969005,352494.0583093248,0.27680024642305767,57.145903110150144
1391,Yield per roof,51.346582347178405,352494.0583299787,0.7019513357517511,76.24432115503349
1391,Procurement,50.0,352494.05832997867,0.9742191878046853,73.29772494224181
1391,Combined,50.332250264969005,352494.0583093248,1.2517889742380035,37.857950689403154
1392,Uniform,50.0,280895.5743837857,0.0,51.90651010207341
1392,Screened,50.30617118920146,280895.5743837857,0.23591628003404708,24.212600532837307
1392,Yield per roof,51.245895103249005,280895.57438378583,0.6158101297341432,35.40642352215625
1392,Procurement,50.0,280895.5743837857,0.962499168266298,25.671327789056733
1392,Combined,50.30617118920146,280895.5743837857,1.1982861350537917,5.259079926601299
1393,Uniform,50.0,344159.1294850075,0.0,9.456745684199127
1393,Screened,50.308210524293244,344159.1294648423,0.533052711925265,-0.0
1393,Yield per roof,51.253350597969344,344159.1294850076,1.3890193531828459,-0.0
1393,Procurement,50.0,344159.1294850075,0.8606995193926963,5.718642658907893
1393,Combined,50.308210524293244,344159.1294648423,1.3957243676224493,-0.0
1394,Uniform,50.0,319683.9252106471,0.0,16.421840090754777
1394,Screened,50.3196287582058,319683.92519186443,0.5198534695386314,-0.0
1394,Yield per roof,51.296188978271495,319683.92521064705,1.3122390564314799,2.092087332386104
1394,Procurement,50.0,319683.9252106471,1.0828783724512476,10.063356518968543
1394,Combined,50.3196287582058,319683.92519186443,1.6036895147324088,-0.0
1395,Uniform,50.0,336806.9373300908,0.0,8.2223304526353
1395,Screened,50.31584304062519,336806.9373102889,0.5940915990260152,-0.0
1395,Yield per roof,51.28354315889946,336806.9373300909,1.4533000508902774,-0.0
1395,Procurement,50.0,336806.9373300908,0.9262142865774621,4.225065324707801
1395,Combined,50.31584304062519,336806.9373102889,1.5202319815097383,-0.0
1396,Uniform,50.0,313835.2099188538,0.0,16.641939980717645
1396,Screened,50.31514575642259,313835.20990035654,0.3741885188096532,-0.0
1396,Yield per roof,51.29167686283073,313835.2099188538,0.9390458355816591,3.556903650075994
1396,Procurement,50.0,313835.2099188538,0.9908755595228911,10.255496081334039
1396,Combined,50.31514575642259,313835.20990035654,1.3699122938449477,-0.0
1397,Uniform,50.0,367096.654115854,0.0,33.2293287009489
1397,Screened,50.331147990204904,367096.65409425664,0.3910532549793686,2.1755499881115155
1397,Yield per roof,51.34637425470588,367096.65411585395,1.006555618295053,13.784227228524491
1397,Procurement,50.0,367096.654115854,0.9199499964739317,24.423865352571557
1397,Combined,50.331147990204904,367096.65409425664,1.3128500667486804,-0.0
1398,Uniform,50.0,379737.7025705354,0.0,5.736442305303433
1398,Screened,50.3297845897159,379737.70254821307,0.7993444812590553,-0.0
1398,Yield per roof,51.349112424996875,379737.7025705356,1.954668519299588,-0.0
1398,Procurement,50.0,379737.7025705354,0.9327311419490059,3.3105824072070775
1398,Combined,50.3297845897159,379737.70254821307,1.7342056207442624,-0.0
1399,Uniform,50.0,421068.7168242772,0.0,7.648854152078539
1399,Screened,50.30478922860924,421068.7168242771,0.7504519060511967,-0.0
1399,Yield per roof,51.24432262229954,421068.71682427725,1.862674963626631,-0.0
1399,Procurement,50.0,421068.7168242772,0.8030227096634377,4.160006170262519
1399,Combined,50.30478922860924,421068.7168242771,1.5576013800925637,-0.0
1400,Uniform,50.0,404641.23736002436,0.0,32.685345965369194
1400,Screened,50.326200910633496,404641.23733621754,0.43471786414792746,-0.0
1400,Yield per roof,51.33149931754008,404641.23736002407,1.1650713685188947,9.76423126182478
1400,Procurement,50.0,404641.23736002436,0.9119673129885513,25.668109342658763
1400,Combined,50.326200910633496,404641.23733621754,1.3495026339343639,-0.0
1401,Uniform,50.0,293196.3555880412,0.0,1.698195850582774
1401,Screened,50.31134442578093,293196.35558804113,0.668377122127751,-0.0
1401,Yield per roof,51.271093168598966,293196.35558804125,1.6779557810553314,-0.0
1401,Procurement,50.0,293196.3555880412,0.8664925454260839,0.531677863734127
1401,Combined,50.31134442578093,293196.35558804113,1.5356927577321073,-0.0
1402,Uniform,50.0,371168.34783289494,-1.4210854715202004e-14,6.188315602739447
1402,Screened,50.31485511424826,371168.34783289506,0.7015640601074011,-0.0
1402,Yield per roof,51.28087731943597,371168.3478328949,1.7528947888600044,-0.0
1402,Procurement,50.0,371168.34783289494,0.8882985347871397,3.187021283295956
1402,Combined,50.31485511424826,371168.34783289506,1.5899184576713878,-0.0
1403,Uniform,50.0,298729.35200584854,0.0,11.152595837535872
1403,Screened,50.3137270713165,298729.35200584854,0.47544033198866487,-0.0
1403,Yield per roof,51.27600503793015,298729.35200584854,1.247088798109246,0.7207385098555709
1403,Procurement,50.0,298729.35200584854,1.0327457152250048,6.051169662579174
1403,Combined,50.3137270713165,298729.35200584854,1.5086098806415862,-0.0
1404,Uniform,50.0,341447.9925834963,0.0,15.68782598180386
1404,Screened,50.324892028363365,341447.99256342754,0.475215423302771,-0.0
1404,Yield per roof,51.318399281191944,341447.99258349626,1.286853993420607,1.8021575754114139
1404,Procurement,50.0,341447.9925834963,1.053153955689865,9.507031420245413
1404,Combined,50.324892028363365,341447.99256342754,1.5302094202125716,-0.0
1405,Uniform,50.0,418266.26129975996,0.0,5.625266590238572
1405,Screened,50.30416559766714,418266.2612997601,0.8333010244722345,-0.0
1405,Yield per roof,51.23480988953466,418266.26129975985,2.2037164401019425,-0.0
1405,Procurement,50.0,418266.26129975996,0.795248600594249,3.734300315999992
1405,Combined,50.30416559766714,418266.2612997601,1.628305806634529,-0.0
1406,Uniform,50.0,336698.1341805538,0.0,26.83878048020836
1406,Screened,50.329422265272036,336698.13416073215,0.3914453176605548,-0.0
1406,Yield per roof,51.34204077003529,336698.13418055384,0.9916354325586809,8.056888406412096
1406,Procurement,50.0,336698.1341805538,1.030473679745839,18.870437606267195
1406,Combined,50.329422265272036,336698.13416073215,1.4246119772870145,-0.0
1407,Uniform,50.0,368970.533766493,0.0,9.24628764144475
1407,Screened,50.31198339112019,368970.533766493,0.6432591072055232,-0.0
1407,Yield per roof,51.270895679360265,368970.5337664931,1.5808934763112887,-0.0
1407,Procurement,50.0,368970.533766493,0.8902451028377385,5.3922064985078535
1407,Combined,50.31198339112019,368970.533766493,1.5335436633694428,-0.0
1408,Uniform,50.0,312247.6111433314,0.0,17.559749192722478
1408,Screened,50.31690220049408,312247.61112493504,0.40447499557092215,-0.0
1408,Yield per roof,51.28761036688519,312247.61114333133,1.082043842713162,3.2029750194007627
1408,Procurement,50.0,312247.6111433314,1.0991789973900836,10.680681450568441
1408,Combined,50.31690220049408,312247.61112493504,1.5054233401059491,-0.0
1409,Uniform,50.0,341157.0091895256,-7.105427357601002e-15,88.7274016193801
1409,Screened,50.316412351301125,341157.00916941295,0.2678146562926713,49.021928183558636
1409,Yield per roof,51.28482447837819,341157.0091895256,0.7101138266631466,66.0660391488876
1409,Procurement,50.0,341157.0091895256,0.9956890165182486,61.48146683770056
1409,Combined,50.316412351301125,341157.00916941295,1.26387821328467,29.296369066109055
1410,Uniform,50.0,386721.76166488574,0.0,14.800659941404625
1410,Screened,50.319015868167334,386721.7616421301,0.6124561346309889,-0.0
1410,Yield per roof,51.29436764399538,386721.7616648857,1.6006923872249388,1.0504307910969337
1410,Procurement,50.0,386721.76166488574,0.927117555589021,9.872864755734208
1410,Combined,50.319015868167334,386721.7616421301,1.54059993054274,-0.0
1411,Uniform,50.0,389265.0494666593,0.0,10.658438315502144
1411,Screened,50.31063876709727,389265.0494666592,0.6630145390165296,-0.0
1411,Yield per roof,51.263258730752696,389265.0494666593,1.7748555217202124,-0.0
1411,Procurement,50.0,389265.0494666593,0.8621699386609549,6.914939460768529
1411,Combined,50.31063876709727,389265.0494666592,1.5251098022449128,-0.0
1412,Uniform,50.0,418354.31526026886,1.4210854715202004e-14,14.297041143313198
1412,Screened,50.31765271989276,418354.31523553625,0.6239103874885075,-0.0
1412,Yield per roof,51.29395076776436,418354.3152602691,1.5482197762129886,1.1950450794615592
1412,Procurement,50.0,418354.31526026886,0.7389991308727133,10.10782141165231
1412,Combined,50.31765271989276,418354.31523553625,1.3669789272395008,-0.0
1413,Uniform,50.0,398837.2589308267,0.0,2.82875371421955
1413,Screened,50.31979475080053,398837.25890726334,0.9753862790130086,-0.0
1413,Yield per roof,51.301296120025114,398837.25893082673,2.397037657557547,-0.0
1413,Procurement,50.0,398837.2589308267,0.8163686993333954,1.7315294376965915
1413,Combined,50.31979475080053,398837.25890726334,1.7918761277435067,-0.0
1414,Uniform,50.0,300429.2657521044,0.0,24.69758120647224
1414,Screened,50.31371804136374,300429.26575210434,0.37113118227714637,-0.0
1414,Yield per roof,51.27134070707384,300429.26575210446,0.9578883684672448,7.086475951068778
1414,Procurement,50.0,300429.2657521044,1.1037088969864257,16.15447106215923
1414,Combined,50.31371804136374,300429.26575210434,1.4755291489160243,-0.0
1415,Uniform,50.0,313624.8050446887,0.0,67.76170712395779
1415,Screened,50.32143516419118,313624.8050262065,0.26510068291931077,34.23631590342169
1415,Yield per roof,51.3052085287593,313624.80504468863,0.6815344468634308,48.3389853673073
1415,Procurement,50.0,313624.8050446887,0.961482708317213,41.47207412943345
1415,Combined,50.32143516419118,313624.8050262065,1.2268723473786949,15.212414785014943
1416,Uniform,50.0,399363.38328914146,0.0,14.848043612425597
1416,Screened,50.32543025092097,399363.3832909661,0.5926977206542006,-0.0
1416,Yield per roof,51.33158138413406,399363.3832891414,1.4106348265356843,1.7151222297034228
1416,Procurement,50.0,399363.38328914146,0.8738869460074028,9.781772513038176
1416,Combined,50.32543025092097,399363.3832909661,1.4773538859079594,-0.0
1417,Uniform,50.0,373694.0363796104,0.0,18.836297454044416
1417,Screened,50.31199612753919,373694.03635765077,0.5106369109155793,-0.0
1417,Yield per roof,51.266277608667735,373694.0363796104,1.3604109957983042,2.5358608392833
1417,Procurement,50.0,373694.0363796104,0.8935086218291985,13.580525393543118
1417,Combined,50.31199612753919,373694.03635765077,1.4039435376541007,-0.0
1418,Uniform,50.0,404494.74866392824,0.0,48.408680618367924
1418,Screened,50.316391224028614,404494.748640156,0.412598182992042,11.894047032690198
1418,Yield per roof,51.28286416837972,404494.74866392824,1.0434772706094293,25.93501063698303
1418,Procurement,50.0,404494.74866392824,0.9545042555692902,29.679478938945472
1418,Combined,50.316391224028614,404494.748640156,1.368638391128954,-0.0
1419,Uniform,50.0,375448.98102596344,2.842170943040401e-14,3.90569780741337
1419,Screened,50.31266616685924,375448.9810042768,0.8325417024357478,-0.0
1419,Yield per roof,51.27325662541816,375448.98102596344,2.125741206742731,-0.0
1419,Procurement,50.0,375448.98102596344,0.893873681624882,2.707015987491259
1419,Combined,50.31266616685924,375448.9810042768,1.7269310492033583,-0.0
1420,Uniform,50.0,321417.8665295722,0.0,16.459543717534192
1420,Screened,50.308977439181696,321417.8665295723,0.4020861501554549,-0.0
1420,Yield per roof,51.26142008206928,321417.8665295722,1.0630703804955886,2.8033599742587727
1420,Procurement,50.0,321417.8665295722,0.9509487032235029,10.54751927429074
1420,Combined,50.308977439181696,321417.8665295723,1.3527312202603525,-0.0
1421,Uniform,50.0,339553.2415046794,0.0,16.768598836110762
1421,Screened,50.334426445355945,339553.2414848474,0.6613413058348812,-0.0
1421,Yield per roof,51.35385117084296,339553.2415046793,1.5546589416688903,2.1958465856845177
1421,Procurement,50.0,339553.2415046794,1.2798506273458798,9.527174500906327
1421,Combined,50.334426445355945,339553.2414848474,1.9453119809282668,-0.0
1422,Uniform,50.0,326691.34234430693,0.0,63.62553837987969
1422,Screened,50.307007803328744,326691.342344307,0.220332123886827,33.21048418618622
1422,Yield per roof,51.24899688754275,326691.3423443069,0.5938848082731631,45.88190159083915
1422,Procurement,50.0,326691.34234430693,0.86830170668728,39.98418569981729
1422,Combined,50.307007803328744,326691.342344307,1.0887948249373416,16.118747375605416
1423,Uniform,50.0,352732.3753524641,1.4210854715202004e-14,16.540433806545284
1423,Screened,50.31292900406056,352732.37533174857,0.5768119294592395,-0.0
1423,Yield per roof,51.27095271418884,352732.37535246415,1.405199064938813,2.167006439697466
1423,Procurement,50.0,352732.3753524641,1.0122690909093706,10.653249996525455
1423,Combined,50.31292900406056,352732.37533174857,1.5897326069887185,-0.0
1424,Uniform,50.0,354387.9937096168,-1.4210854715202004e-14,8.367411371034288
1424,Screened,50.306920088505244,354387.99370978854,0.5867675440211286,-0.0
1424,Yield per roof,51.25222267232525,354387.9937096168,1.454589538984436,-0.0
1424,Procurement,50.0,354387.9937096168,0.9043528499436491,4.439979689928832
1424,Combined,50.306920088505244,354387.99370978854,1.493991961136473,-0.0
1425,Uniform,50.0,311804.8435675666,0.0,79.29258894237886
1425,Screened,50.32194996381798,311804.8435492374,0.25956262925893014,42.62333298213571
1425,Yield per roof,51.307101046711544,311804.8435675666,0.6593782081313577,58.89846443012056
1425,Procurement,50.0,311804.8435675666,1.1232183255860306,48.87197737493697
1425,Combined,50.32194996381798,311804.8435492374,1.3844184007919864,20.58502260043162
1426,Uniform,50.0,341116.7201870825,0.0,25.877314040437295
1426,Screened,50.32390021211374,341116.72016700835,0.387631209889328,-0.0
1426,Yield per roof,51.31742813245424,341116.7201870825,0.9626833452777745,7.803187800047239
1426,Procurement,50.0,341116.7201870825,0.9706124148240249,18.41625802066596
1426,Combined,50.32390021211374,341116.72016700835,1.3592003652858224,-0.0
1427,Uniform,50.0,359544.19267820165,0.0,13.23680688396608
1427,Screened,50.307058515856355,359544.1926782015,0.49178302811870367,-0.0
1427,Yield per roof,51.24770981384643,359544.1926782017,1.2095075341210872,1.5504081933297704
1427,Procurement,50.0,359544.19267820165,0.8357392265247796,8.306441535564007
1427,Combined,50.307058515856355,359544.1926782015,1.328337972076838,-0.0
1428,Uniform,50.0,371668.81311616045,0.0,17.51498818290703
1428,Screened,50.320386904982186,371668.81309435907,0.6110647761812515,-0.0
1428,Yield per roof,51.300310477468535,371668.8131161603,1.4761687028030082,2.212644067699737
1428,Procurement,50.0,371668.81311616045,0.9053497877695946,12.188670100626998
1428,Combined,50.320386904982186,371668.81309435907,1.51630916400363,-0.0
1429,Uniform,50.0,330378.5217916048,0.0,19.03726662046199
1429,Screened,50.30401648460817,330378.5217917445,0.3710853467630528,-0.0
1429,Yield per roof,51.24068889100682,330378.52179160475,0.9743964255387709,4.377473791670064
1429,Procurement,50.0,330378.5217916048,0.8998087003436126,12.618483982302216
1429,Combined,50.30401648460817,330378.5217917445,1.2726011334483616,-0.0
1430,Uniform,50.0,369761.50990613434,0.0,20.990710774218876
1430,Screened,50.32339958759761,369761.5098843516,0.5077814551622595,-0.0
1430,Yield per roof,51.313114229924565,369761.50990613434,1.2302022254527571,4.504384857902265
1430,Procurement,50.0,369761.50990613434,0.9862386541756081,14.385704570125505
1430,Combined,50.32339958759761,369761.5098843516,1.4977737619012004,-0.0
1431,Uniform,50.0,315141.28615480335,0.0,42.49614983407813
1431,Screened,50.31321038565471,315141.28615480335,0.3028855318328354,13.005137120012881
1431,Yield per roof,51.271394583262314,315141.28615480324,0.8165728548702518,24.072398079171297
1431,Procurement,50.0,315141.28615480335,0.9985395209552692,22.160534942198705
1431,Combined,50.31321038565471,315141.28615480335,1.301947038751912,-0.0
1432,Uniform,50.0,335315.4815309962,0.0,77.83690074968494
1432,Screened,50.31356530330767,335315.48153099616,0.27422001352358905,41.21998876356443
1432,Yield per roof,51.272845571775456,335315.4815309963,0.6936821087045502,57.0342873528016
1432,Procurement,50.0,335315.4815309962,0.966906657652288,51.37609880610886
1432,Combined,50.31356530330767,335315.48153099616,1.2418732444528615,22.058702139731338
1433,Uniform,50.0,423065.17307378066,0.0,10.461598987127354
1433,Screened,50.33529015003523,423065.1730489757,0.8331040416295252,-0.0
1433,Yield per roof,51.38433938513811,423065.17307378066,1.949757161350476,-0.0
1433,Procurement,50.0,423065.17307378066,0.845298874758015,6.789386574854376
1433,Combined,50.33529015003523,423065.1730489757,1.6884008908005228,-0.0
1434,Uniform,50.0,364547.499377956,-1.4210854715202004e-14,9.532385532011592
1434,Screened,50.317233273282625,364547.499377956,0.6390542186135661,-0.0
1434,Yield per roof,51.28873937104395,364547.4993779561,1.5222829489413527,0.06741040868708077
1434,Procurement,50.0,364547.499377956,0.890195343630964,5.6637370636690845
1434,Combined,50.317233273282625,364547.499377956,1.5293376419608506,-0.0
1435,Uniform,50.0,311136.72421223193,0.0,19.29617563470696
1435,Screened,50.305154089011005,311136.7242122318,0.3453650821257028,-0.0
1435,Yield per roof,51.24019766551389,311136.72421223193,0.84394975099665,5.242664644399155
1435,Procurement,50.0,311136.72421223193,0.8542124808487017,12.72252624997913
1435,Combined,50.305154089011005,311136.7242122318,1.2015054846165825,-0.0
1436,Uniform,50.0,352639.7852208307,0.0,14.600898336615682
1436,Screened,50.31842643954761,352639.7852000542,0.6076059311061783,-0.0
1436,Yield per roof,51.292471702206655,352639.7852208307,1.4370378030577768,1.6165551947595636
1436,Procurement,50.0,352639.7852208307,1.0374694702071565,8.644627451084661
1436,Combined,50.31842643954761,352639.7852000542,1.6463857974545988,-0.0
1437,Uniform,50.0,298419.0483456918,0.0,12.137632924414758
1437,Screened,50.314238580736244,298419.0483456919,0.4467671313958306,-0.0
1437,Yield per roof,51.279581713255226,298419.048345692,1.1205118534733884,1.3134021190748433
1437,Procurement,50.0,298419.0483456918,1.0444924087504717,6.467591820555105
1437,Combined,50.314238580736244,298419.0483456919,1.493677583709399,-0.0
1438,Uniform,50.0,359087.70144513587,0.0,6.960857990421428
1438,Screened,50.305400919521176,359087.7014451358,0.6256524834182215,-0.0
1438,Yield per roof,51.23975870143708,359087.70144513587,1.6713732864002537,-0.0
1438,Procurement,50.0,359087.70144513587,0.9280697521992352,3.233720640951325
1438,Combined,50.305400919521176,359087.7014451358,1.5539519670168005,-0.0
1439,Uniform,50.0,330898.4128846337,-7.105427357601002e-15,27.287020784237885
1439,Screened,50.307420759716436,330898.4128846336,0.33778482412245836,0.9321777567082499
1439,Yield per roof,51.247537035282186,330898.41288463364,0.8626476463975337,10.004486084010406
1439,Procurement,50.0,330898.4128846337,0.9659892529381509,19.112927404261065
1439,Combined,50.307420759716436,330898.4128846336,1.3035804958051713,-0.0
1440,Uniform,50.0,298655.45306574454,0.0,12.28145294739839
1440,Screened,50.309094547002935,298655.4530657444,0.4295047933329812,-0.0
1440,Yield per roof,51.2559606149536,298655.4530657446,1.0594318651277632,1.5108360904701386
1440,Procurement,50.0,298655.45306574454,0.9461146455594474,6.815435896359324
1440,Combined,50.309094547002935,298655.4530657444,1.377467224854172,-0.0
1441,Uniform,50.0,377865.7022684714,0.0,43.129233250600315
1441,Screened,50.327361368591816,377865.70224638574,0.46198002033327157,5.506173778757714
1441,Yield per roof,51.32854618314697,377865.7022684714,1.1422613088790854,20.038760639512503
1441,Procurement,50.0,377865.7022684714,1.1286696712848396,29.74485244821133
1441,Combined,50.327361368591816,377865.70224638574,1.5931365405488833,-0.0
1442,Uniform,50.0,417707.7262970113,-2.842170943040401e-14,4.864524766828578
1442,Screened,50.330289593744965,417707.726272504,1.021791517490641,-0.0
1442,Yield per roof,51.342496551131,417707.7262970114,2.4845424972701835,-0.0
1442,Procurement,50.0,417707.7262970113,0.8938705567379657,3.674600041176405
1442,Combined,50.330289593744965,417707.726272504,1.9168832253559174,-0.0
1443,Uniform,50.0,290675.76747261436,0.0,18.528884083129885
1443,Screened,50.306012259200344,290675.76747261436,0.27888914171018087,-0.0
1443,Yield per roof,51.24600757187755,290675.7674726143,0.748995227740771,5.060696177079117
1443,Procurement,50.0,290675.76747261436,0.9189218812014346,11.497730101567408
1443,Combined,50.306012259200344,290675.76747261436,1.201261530700755,-0.0
1444,Uniform,50.0,365414.93508590444,0.0,78.79922955433972
1444,Screened,50.32214385444118,365414.9350643431,0.2918354594708532,40.69576346971535
1444,Yield per roof,51.30872202418549,365414.93508590455,0.7639243174288239,56.597873644248146
1444,Procurement,50.0,365414.93508590444,0.8717477753182266,55.01310335689384
1444,Combined,50.32214385444118,365414.9350643431,1.16368929880894,23.49415238608225
1445,Uniform,50.0,336242.6576263701,-7.105427357601002e-15,24.70832348543113
1445,Screened,50.308540439819616,336242.65762637014,0.3278473110949065,-0.0
1445,Yield per roof,51.25359714013435,336242.65762637,0.8896252943545022,7.370553053538171
1445,Procurement,50.0,336242.6576263701,0.8808833359692017,17.92212336731054
1445,Combined,50.308540439819616,336242.65762637014,1.2084541743078958,-0.0
1446,Uniform,50.0,312054.09190727613,0.0,12.200928324888585
1446,Screened,50.30385554440213,312054.0919072761,0.45640670730324473,-0.0
1446,Yield per roof,51.234294352842596,312054.0919072762,1.1270621210164222,1.3746150308884673
1446,Procurement,50.0,312054.09190727613,0.9049158044584118,6.974738704142555
1446,Combined,50.30385554440213,312054.0919072761,1.3609947081076967,-0.0
1447,Uniform,50.0,409682.9482681257,0.0,32.54377917613521
1447,Screened,50.32710563152714,409682.9482440353,0.505151893550277,-0.0
1447,Yield per roof,51.330808661674936,409682.94826812565,1.21802253163834,9.912593004970287
1447,Procurement,50.0,409682.9482681257,0.8458567121238048,26.01831574609425
1447,Combined,50.32710563152714,409682.9482440353,1.351672669319285,-0.0
1448,Uniform,50.0,286891.4709485974,0.0,8.74025775941433
1448,Screened,50.3201770619745,286891.4709316946,0.48426990690404637,-0.0
1448,Yield per roof,51.30557549312067,286891.4709485974,1.2743514412268127,-0.0
1448,Procurement,50.0,286891.4709485974,1.0498014835866059,4.175506171383911
1448,Combined,50.3201770619745,286891.4709316946,1.5360179900514481,-0.0
1449,Uniform,50.0,323547.191289829,0.0,27.68974787257219
1449,Screened,50.31540305780344,323547.19127088255,0.39264860421406667,-0.0
1449,Yield per roof,51.28025016614427,323547.19128982886,1.0232138555709511,8.180337757607358
1449,Procurement,50.0,323547.191289829,1.1250817123673258,19.160475887278558
1449,Combined,50.31540305780344,323547.19127088255,1.5190343672546263,-0.0
1450,Uniform,50.0,347366.41041243705,0.0,15.128861060372458
1450,Screened,50.30194196966154,347366.4103919171,0.4396492578823512,-0.0
1450,Yield per roof,51.23234838085475,347366.4104124373,1.1300590055014652,2.097971787216287
1450,Procurement,50.0,347366.41041243705,0.8624743620908362,10.039065858878736
1450,Combined,50.30194196966154,347366.4103919171,1.3032025812387644,-0.0
1451,Uniform,50.0,359137.10209404305,0.0,20.856185555524668
1451,Screened,50.30229412729467,359137.10209404305,0.3925859901242248,-0.0
1451,Yield per roof,51.228959714183105,359137.1020940431,1.0360617836250157,4.988616600080013
1451,Procurement,50.0,359137.10209404305,0.8650316431847358,14.343745697860852
1451,Combined,50.30229412729467,359137.10209404305,1.259043390501759,-0.0
1452,Uniform,50.0,329486.53638799395,0.0,19.970222145499
1452,Screened,50.31285365618102,329486.536387994,0.4259063611738867,-0.0
1452,Yield per roof,51.2723761479736,329486.53638799395,1.0357766222479086,4.84816659312115
1452,Procurement,50.0,329486.53638799395,0.9133479613644653,13.202331805044377
1452,Combined,50.31285365618102,329486.536387994,1.339255341861886,-0.0
1453,Uniform,50.0,407330.2984007908,-1.4210854715202004e-14,24.74401565405948
1453,Screened,50.324564960941395,407330.2983768869,0.6158175047604999,-0.0
1453,Yield per roof,51.31760244592415,407330.29840079066,1.4772978668633812,5.197693875719535
1453,Procurement,50.0,407330.2984007908,0.9936311946791534,17.893296645073477
1453,Combined,50.324564960941395,407330.2983768869,1.6111810887378226,-0.0
1454,Uniform,50.0,322246.5350205323,0.0,10.066020580759501
1454,Screened,50.306596533105896,322246.5350205322,0.4928083783748747,-0.0
1454,Yield per roof,51.24561733093509,322246.5350205323,1.2505621151659625,0.5205719185429522
1454,Procurement,50.0,322246.5350205323,0.9021735267658357,5.727926204675578
1454,Combined,50.306596533105896,322246.5350205322,1.395824822426846,-0.0
1455,Uniform,50.0,361654.2275406056,0.0,10.354704760920992
1455,Screened,50.31005719447106,361654.22751934815,0.6891368188258298,-0.0
1455,Yield per roof,51.26426733552769,361654.2275406056,1.6832633124420084,-0.0
1455,Procurement,50.0,361654.2275406056,0.955049296835611,6.221844468031611
1455,Combined,50.31005719447106,361654.22751934815,1.6444608372473652,-0.0
1456,Uniform,50.0,308249.6074965746,0.0,23.44674621574236
1456,Screened,50.31510194701242,308249.6074783673,0.32725617417325026,-0.0
1456,Yield per roof,51.282727148606384,308249.6074965746,0.8010751632888145,7.352195963211343
1456,Procurement,50.0,308249.6074965746,1.0178440390846575,15.578734049022058
1456,Combined,50.31510194701242,308249.6074783673,1.3476334917682706,-0.0
1457,Uniform,50.0,405460.1150052921,0.0,65.5855171840708
1457,Screened,50.3141490044459,405460.115005292,0.3517799766828773,27.220661164464577
1457,Yield per roof,51.28174599875177,405460.1150052922,0.9670204119219576,41.57580719181198
1457,Procurement,50.0,405460.1150052921,0.7974250962665934,43.93102861952087
1457,Combined,50.3141490044459,405460.115005292,1.148599400686166,11.588364843036166
1458,Uniform,50.0,309110.9696228273,-1.4210854715202004e-14,2.9375624705111387
1458,Screened,50.31829478196486,309110.9696046113,0.7073496217468005,-0.0
1458,Yield per roof,51.29239691173712,309110.9696228274,1.7301798634536851,-0.0
1458,Procurement,50.0,309110.9696228273,0.9411739126797869,1.683825641120797
1458,Combined,50.31829478196486,309110.9696046113,1.6482507861481253,-0.0
1459,Uniform,50.0,285265.8461027682,0.0,16.78155356405798
1459,Screened,50.33595066335686,285265.8461028446,0.37669111321633153,-0.0
1459,Yield per roof,51.3699908515712,285265.8461027682,0.9836759097834289,3.3757251798039376
1459,Procurement,50.0,285265.8461027682,1.018711168791036,10.150752376960767
1459,Combined,50.33595066335686,285265.8461028446,1.3963498411628308,-0.0
1460,Uniform,50.0,297276.90907247167,0.0,19.116443841057926
1460,Screened,50.30256554072443,297276.90907247167,0.28173185776474696,-0.0
1460,Yield per roof,51.23774689037173,297276.9090724716,0.7300473543708605,5.5490197963779435
1460,Procurement,50.0,297276.90907247167,0.8540479142589916,12.5447455379457
1460,Combined,50.30256554072443,297276.90907247167,1.1361103379888107,-0.0
1461,Uniform,50.0,413335.1648157664,0.0,102.59630307143067
1461,Screened,50.325173910215746,413335.16479196283,0.31757502965949413,56.94212846313326
1461,Yield per roof,51.32287078536478,413335.1648157663,0.8266831100750522,76.20360552141395
1461,Procurement,50.0,413335.1648157664,0.7820609814195478,81.30292774396877
1461,Combined,50.325173910215746,413335.16479196283,1.099576629101854,41.550628652532225
1462,Uniform,50.0,295937.1891993275,0.0,16.80839333782267
1462,Screened,50.31808264274399,295937.1891819253,0.38383354197578257,-0.0
1462,Yield per roof,51.29873710961185,295937.1891993275,0.9833469262003476,3.466608641498653
1462,Procurement,50.0,295937.1891993275,0.9760364070083369,10.360877393988073
1462,Combined,50.31808264274399,295937.1891819253,1.3600391806215057,-0.0
1463,Uniform,50.0,288404.8176242324,0.0,5.7712497966219045
1463,Screened,50.31211945442064,288404.8176242324,0.5162146761038429,-0.0
1463,Yield per roof,51.26873860881937,288404.81762423227,1.3165720626768973,-0.0
1463,Procurement,50.0,288404.8176242324,0.8964640059891451,2.466340529110665
1463,Combined,50.31211945442064,288404.8176242324,1.413693612294452,-0.0
1464,Uniform,50.0,424925.47093931504,0.0,81.63371800709882
1464,Screened,50.320475465542174,424925.4709143406,0.405541363806492,37.39993637854954
1464,Yield per roof,51.29998598625777,424925.470939315,1.0146833085324332,55.16037836770296
1464,Procurement,50.0,424925.47093931504,0.8320312856836907,58.98963898898388
1464,Combined,50.320475465542174,424925.4709143406,1.2378205053507045,21.012395745157722
1465,Uniform,50.0,399448.73130345263,0.0,80.83135330933086
1465,Screened,50.325712298544445,399448.73127996654,0.3358437787651809,40.779332828416045
1465,Yield per roof,51.32545889786218,399448.73130345263,0.8373076003098276,57.460938262420015
1465,Procurement,50.0,399448.73130345263,0.8737822943933651,57.01719794416234
1465,Combined,50.325712298544445,399448.73127996654,1.2098344742493552,23.54799767486674
1466,Uniform,50.0,342332.6682780835,0.0,9.172146167364966
1466,Screened,50.32016716026367,342332.6682581216,0.605312231694441,-0.0
1466,Yield per roof,51.29939731252487,342332.66827808355,1.533205751338258,-0.0
1466,Procurement,50.0,342332.6682780835,0.9473338769991528,5.091443036878345
1466,Combined,50.32016716026367,342332.6682581216,1.5527962803492699,-0.0
1467,Uniform,50.0,336241.5437490451,0.0,10.889504480352489
1467,Screened,50.31215710238518,336241.54374904523,0.5912658383145128,-0.0
1467,Yield per roof,51.267858413011496,336241.54374904506,1.4380720022793696,0.499176950641288
1467,Procurement,50.0,336241.5437490451,1.0090703326956856,6.140349077435331
1467,Combined,50.31215710238518,336241.54374904523,1.6016924063601437,-0.0
1468,Uniform,50.0,278570.3364755508,0.0,74.98783791129182
1468,Screened,50.31204269005932,278570.3364755508,0.23614431247565904,40.394862578286464
1468,Yield per roof,51.26706693210891,278570.3364755507,0.6266306926652803,55.39331590471822
1468,Procurement,50.0,278570.3364755508,1.1187417667416497,44.69941360183241
1468,Combined,50.31204269005932,278570.3364755508,1.355734078216841,18.46546151670627
1469,Uniform,50.0,332167.70351913373,0.0,5.231704623214881
1469,Screened,50.305792034580215,332167.7035191336,0.6149190720632873,-0.0
1469,Yield per roof,51.246483922013226,332167.7035191338,1.509863896147479,-0.0
1469,Procurement,50.0,332167.70351913373,0.9132878799089212,2.581506540157145
1469,Combined,50.305792034580215,332167.7035191336,1.5293769854135633,-0.0
1470,Uniform,50.0,356380.3325001858,0.0,26.189990122576955
1470,Screened,50.318228134202066,356380.33247941727,0.388105127652544,-0.0
1470,Yield per roof,51.2930695986034,356380.3325001859,1.0451801606494513,7.326779407074009
1470,Procurement,50.0,356380.3325001858,0.9473388000730836,18.89004412819701
1470,Combined,50.318228134202066,356380.33247941727,1.3354329554227533,-0.0
1471,Uniform,50.0,378091.03572698164,0.0,11.802892723015141
1471,Screened,50.312107268239934,378091.0357269817,0.711226241536778,-0.0
1471,Yield per roof,51.26595966727965,378091.03572698164,1.765681623879459,0.06805609000997485
1471,Procurement,50.0,378091.03572698164,0.9802441269830524,7.582577820963897
1471,Combined,50.312107268239934,378091.0357269817,1.6920945606868543,-0.0
1472,Uniform,50.0,313611.0156402391,0.0,8.514729152984932
1472,Screened,50.314636784736166,313611.0156402392,0.47559002757698465,-0.0
1472,Yield per roof,51.27897599583482,313611.0156402391,1.3065301368500712,-0.0
1472,Procurement,50.0,313611.0156402391,0.9011066364213605,4.600048864676646
1472,Combined,50.314636784736166,313611.0156402392,1.3786018580757116,-0.0
1473,Uniform,50.0,334157.4968152921,0.0,56.70378019499566
1473,Screened,50.3162746831658,334157.49681529216,0.26892984339551873,24.98763276860337
1473,Yield per roof,51.29174950434301,334157.49681529205,0.7354138470625671,37.91528037506859
1473,Procurement,50.0,334157.4968152921,0.8978562268770744,32.311582225855034
1473,Combined,50.3162746831658,334157.49681529216,1.1677046464489038,7.354731283781247
1474,Uniform,50.0,353530.5834145245,0.0,19.087925720363298
1474,Screened,50.33164568344997,353530.5833937139,0.49503038902366825,-0.0
1474,Yield per roof,51.347892597442815,353530.58341452456,1.1831293824045304,3.9208624753974948
1474,Procurement,50.0,353530.5834145245,1.0599130002790247,12.404362294816902
1474,Combined,50.33164568344997,353530.5833937139,1.5608337215020498,-0.0
1475,Uniform,50.0,319971.51063875697,0.0,9.651450716241815
1475,Screened,50.313406397025744,319971.510623046,0.4662004896050149,-0.0
1475,Yield per roof,51.27616233607273,319971.51063875697,1.206830776290289,0.4503433796386958
1475,Procurement,50.0,319971.51063875697,0.9348319849250544,5.289516392530021
1475,Combined,50.313406397025744,319971.510623046,1.4035298598310533,-0.0
1476,Uniform,50.0,423369.8250572431,0.0,121.11773909633688
1476,Screened,50.327436659474614,423369.8250356795,0.3289342667549562,69.88642736376767
1476,Yield per roof,51.330201109189396,423369.8250572433,0.8275218973859282,92.57051796997669
1476,Procurement,50.0,423369.8250572431,0.8422728983060992,98.35281520584239
1476,Combined,50.327436659474614,423369.8250356795,1.1720061403574178,53.42031702346487
1477,Uniform,50.0,347257.8551555766,0.0,25.81762915807825
1477,Screened,50.31484531420978,347257.8551350789,0.3936718013716387,-0.0
1477,Yield per roof,51.27830418703023,347257.8551555766,0.9968972788007733,7.483800888965656
1477,Procurement,50.0,347257.8551555766,1.0313245808168716,17.843773426455783
1477,Combined,50.31484531420978,347257.8551350789,1.4282134289480553,-0.0
1478,Uniform,50.0,412877.3305509407,0.0,5.29112553903529
1478,Screened,50.31782329773437,412877.330526624,0.8878114566371664,-0.0
1478,Yield per roof,51.29266614455673,412877.3305509407,2.1345845235975105,-0.0
1478,Procurement,50.0,412877.3305509407,0.8393456054805313,3.5512240741831587
1478,Combined,50.31782329773437,412877.330526624,1.7271526834853717,-0.0
1479,Uniform,50.0,327538.42769886274,0.0,15.838612813455875
1479,Screened,50.31302837310894,327538.42769016756,0.3645208660622288,-0.0
1479,Yield per roof,51.27634291573447,327538.4276988627,0.965155420963363,3.043327194614433
1479,Procurement,50.0,327538.42769886274,0.8563993816067921,10.28802579072749
1479,Combined,50.31302837310894,327538.42769016756,1.2214843275041645,-0.0
1480,Uniform,50.0,294178.6984236175,0.0,7.622562710290808
1480,Screened,50.307432614497344,294178.6984236175,0.524793503548949,-0.0
1480,Yield per roof,51.24748867397286,294178.69842361764,1.3616927782974102,-0.0
1480,Procurement,50.0,294178.6984236175,1.03570298243217,3.1592523023972716
1480,Combined,50.307432614497344,294178.6984236175,1.560786842572071,-0.0
1481,Uniform,50.0,325291.468106801,0.0,104.00830766706656
1481,Screened,50.31415692929019,325291.46808870544,0.21957540741633963,62.40076339621679
1481,Yield per roof,51.27563924261374,325291.46810680116,0.5862740269683506,81.47010243947199
1481,Procurement,50.0,325291.468106801,1.0754743910649829,74.59135658689587
1481,Combined,50.31415692929019,325291.46808870544,1.2963908727965325,41.0746587705585
1482,Uniform,50.0,414702.3193805068,0.0,21.020446928301222
1482,Screened,50.31584121475906,414702.3193561487,0.6050417122349501,-0.0
1482,Yield per roof,51.28288064127046,414702.3193805067,1.5286802016573517,3.082906360512258
1482,Procurement,50.0,414702.3193805068,0.8783125888747918,15.878530186566628
1482,Combined,50.31584121475906,414702.3193561487,1.4840283528629215,-0.0
1483,Uniform,50.0,304846.34406502196,0.0,22.458556338341978
1483,Screened,50.33524135754365,304846.3440470984,0.3983059634620645,-0.0
1483,Yield per roof,51.36338942649161,304846.34406502196,0.93109455423361,6.527800601461945
1483,Procurement,50.0,304846.34406502196,1.0792573247879602,14.117794284691291
1483,Combined,50.33524135754365,304846.3440470984,1.4847131559051263,-0.0
1484,Uniform,50.0,428329.81286722474,0.0,84.16169495826331
1484,Screened,50.315768201254336,428329.81286722474,0.38262715560446026,39.364099891485125
1484,Yield per roof,51.28127671527922,428329.8128672248,1.007750381277873,57.406238026195254
1484,Procurement,50.0,428329.81286722474,0.8522165119812044,61.41808663863424
1484,Combined,50.315768201254336,428329.81286722474,1.2354969273012202,22.87536995597051
1485,Uniform,50.0,367426.66823433485,0.0,10.471420748361247
1485,Screened,50.322004082189544,367426.6682126666,0.6135020849112323,-0.0
1485,Yield per roof,51.31222580485205,367426.6682343349,1.6291931024684203,-0.0
1485,Procurement,50.0,367426.66823433485,0.9729217176954421,6.245112908637789
1485,Combined,50.322004082189544,367426.6682126666,1.5879276787524503,-0.0
1486,Uniform,50.0,354332.2861716042,0.0,22.37381231076841
1486,Screened,50.3165162384944,354332.28615071275,0.4772965118299197,-0.0
1486,Yield per roof,51.288844530704,354332.28617160424,1.172934757469875,5.324268550516331
1486,Procurement,50.0,354332.2861716042,0.9780848665592003,15.219737716986824
1486,Combined,50.3165162384944,354332.28615071275,1.4571220638919158,-0.0
1487,Uniform,50.0,291460.3256824618,-7.105427357601002e-15,20.684576637462282
1487,Screened,50.31240991145999,291460.3256824617,0.3587881503940338,-0.0
1487,Yield per roof,51.26702772772968,291460.3256824618,0.9292567034943175,5.377887840477837
1487,Procurement,50.0,291460.3256824618,0.9955654540125707,13.026297436206349
1487,Combined,50.31240991145999,291460.3256824617,1.3543223657003836,-0.0
1488,Uniform,50.0,378793.664309653,0.0,4.688415713555135
1488,Screened,50.31268621556644,378793.66430965316,0.757407061340075,-0.0
1488,Yield per roof,51.27190386653747,378793.6643096529,1.9564243778368962,-0.0
1488,Procurement,50.0,378793.664309653,0.9347430455588039,2.978144703941414
1488,Combined,50.31268621556644,378793.66430965316,1.6945467807462933,-0.0
1489,Uniform,50.0,339626.8937722363,0.0,12.843024579355232
1489,Screened,50.30487004620412,339626.89377223625,0.4663902813727532,-0.0
1489,Yield per roof,51.24735083911716,339626.8937722362,1.1560173367225417,1.4743171941756064
1489,Procurement,50.0,339626.8937722363,0.8615940598369036,7.844939509766183
1489,Combined,50.30487004620412,339626.89377223625,1.3321311505873297,-0.0
1490,Uniform,50.0,337737.2225201552,0.0,22.85199615756451
1490,Screened,50.31183520312853,337737.2225201553,0.4540404527891724,-0.0
1490,Yield per roof,51.26538694782919,337737.2225201552,1.0949454442506124,5.875836352663824
1490,Procurement,50.0,337737.2225201552,0.9821309316885305,15.29271722651509
1490,Combined,50.31183520312853,337737.2225201553,1.436027824863416,-0.0
1491,Uniform,50.0,367802.2217636558,0.0,5.147952756319579
1491,Screened,50.315078340470194,367802.221742043,0.7457709317761925,-0.0
1491,Yield per roof,51.28190397524561,367802.2217636558,1.8658041502268077,-0.0
1491,Procurement,50.0,367802.2217636558,0.9443601597654947,2.9737490175610013
1491,Combined,50.315078340470194,367802.221742043,1.691083073859474,-0.0
1492,Uniform,50.0,339030.43332155386,1.4210854715202004e-14,6.581954020203901
1492,Screened,50.30888940068344,339030.43332155386,0.6729966037714377,-0.0
1492,Yield per roof,51.25358806222754,339030.43332155386,1.59340752527973,-0.0
1492,Procurement,50.0,339030.43332155386,0.8933366825639837,3.116272727446988
1492,Combined,50.30888940068344,339030.43332155386,1.5655800798931097,-0.0
1493,Uniform,50.0,375699.81827007805,0.0,7.651031117828703
1493,Screened,50.31271675623763,375699.8182700781,0.7346400690334605,-0.0
1493,Yield per roof,51.2726802732848,375699.8182700779,1.7425109530688871,-0.0
1493,Procurement,50.0,375699.81827007805,0.8922877153049171,3.7758207323323734
1493,Combined,50.31271675623763,375699.8182700781,1.6270623553931216,-0.0
1494,Uniform,50.0,328724.6112517198,0.0,22.73846846348944
1494,Screened,50.30267123803621,328724.61125171994,0.37340881844508544,-0.0
1494,Yield per roof,51.22914345137582,328724.61125171976,0.9209948865587663,6.49270852505344
1494,Procurement,50.0,328724.6112517198,0.8955833071481791,15.83577681313954
1494,Combined,50.30267123803621,328724.61125171994,1.26833680177252,-0.0
1495,Uniform,50.0,304550.4787996432,0.0,20.945932051986084
1495,Screened,50.326224811069366,304550.47878166515,0.3294975954268864,-0.0
1495,Yield per roof,51.32668945685658,304550.4787996432,0.8199806661542297,6.1051403275085105
1495,Procurement,50.0,304550.4787996432,0.9879014617677058,13.321444616222534
1495,Combined,50.326224811069366,304550.47878166515,1.3209399312050465,-0.0
1496,Uniform,50.0,288169.9461438134,0.0,25.047413256298853
1496,Screened,50.3209685575074,288169.9461270424,0.31244833904263203,-0.0
1496,Yield per roof,51.30927820783569,288169.94614381343,0.8368644535630096,7.735210908322097
1496,Procurement,50.0,288169.9461438134,1.0215685935171877,17.159028124545433
1496,Combined,50.3209685575074,288169.9461270424,1.3341859968519572,-0.0
1497,Uniform,50.0,402015.14825230563,0.0,12.232590792056264
1497,Screened,50.33860532583148,402015.14822891814,0.7846715974131087,-0.0
1497,Yield per roof,51.37462347335836,402015.1482523055,1.8628995870006406,0.32928477024552816
1497,Procurement,50.0,402015.14825230563,0.9092383840757066,8.224191900736002
1497,Combined,50.33860532583148,402015.14822891814,1.6947684814570039,-0.0
1498,Uniform,50.0,364296.89018794807,0.0,51.343373078590055
1498,Screened,50.32406120006853,364296.89016659226,0.3801978156760413,14.958988896525819
1498,Yield per roof,51.31485591105547,364296.890187948,1.0071405795573511,29.237578081234478
1498,Procurement,50.0,364296.89018794807,1.093392635008236,28.544061984053098
1498,Combined,50.32406120006853,364296.89016659226,1.475290918373652,-0.0
1499,Uniform,50.0,380934.71142788243,0.0,22.948809662501294
1499,Screened,50.32181905299644,380934.71140544675,0.5123977495756264,-0.0
1499,Yield per roof,51.308075514273156,380934.7114278824,1.32947425775113,4.707080382240525
1499,Procurement,50.0,380934.71142788243,0.9641466089762787,16.372312165394714
1499,Combined,50.32181905299644,380934.71140544675,1.4785387051082495,-0.0
1500,Uniform,50.0,408136.06368058326,0.0,10.526793677415881
1500,Screened,50.31229009999146,408136.06368058315,0.7977682298392494,-0.0
1500,Yield per roof,51.26690296800104,408136.06368058326,1.957404784271688,-0.0
1500,Procurement,50.0,408136.06368058326,0.8334306423891746,6.9184253497934085
1500,Combined,50.31229009999146,408136.06368058315,1.6309122334864128,-0.0
1501,Uniform,50.0,285759.08365148853,0.0,8.784505240926572
1501,Screened,50.327292589888735,285759.08363463474,0.5099669585414688,-0.0
1501,Yield per roof,51.33071058640731,285759.0836514884,1.259272480706727,0.25368017813026456
1501,Procurement,50.0,285759.08365148853,1.002063448822767,4.330765104979701
1501,Combined,50.327292589888735,285759.08363463474,1.5144128042051932,-0.0
1502,Uniform,50.0,284872.81540686946,0.0,9.528845186250315
1502,Screened,50.313603553332435,284872.8154068694,0.401511909417124,-0.0
1502,Yield per roof,51.27485991098136,284872.8154068694,1.0671614117194395,0.6140622298586164
1502,Procurement,50.0,284872.81540686946,0.9125900769201536,5.074189889311494
1502,Combined,50.313603553332435,284872.8154068694,1.315775126898771,-0.0
1503,Uniform,50.0,293091.0571684258,0.0,12.781454300128706
1503,Screened,50.31205869070575,293091.05716842593,0.5002482867302689,-0.0
1503,Yield per roof,51.269313050241514,293091.0571684258,1.2599382863334085,1.2047075543319357
1503,Procurement,50.0,293091.0571684258,1.1067439650758786,6.940234282774442
1503,Combined,50.31205869070575,293091.05716842593,1.609164793089903,-0.0
1504,Uniform,50.0,414526.69792434125,0.0,28.829226063768843
1504,Screened,50.32102817079371,414526.69789991266,0.5138055583408487,-0.0
1504,Yield per roof,51.306639175668586,414526.69792434125,1.2452653323769738,8.134856993930741
1504,Procurement,50.0,414526.69792434125,0.8270339711277188,22.495304243636404
1504,Combined,50.32102817079371,414526.69789991266,1.341413098744212,-0.0
1505,Uniform,50.0,369615.10863310716,0.0,7.229923086332128
1505,Screened,50.30654721279268,369615.1086331071,0.6882397283990258,-0.0
1505,Yield per roof,51.246844895851495,369615.1086331074,1.760384193866912,-0.0
1505,Procurement,50.0,369615.10863310716,0.9146887490851014,3.500940871638459
1505,Combined,50.30654721279268,369615.1086331071,1.6039824318775686,-0.0
1506,Uniform,50.0,384328.4004035812,0.0,8.43720238056856
1506,Screened,50.3048874992782,384328.4003819984,0.6456546962125316,-0.0
1506,Yield per roof,51.240656051472,384328.4004035813,1.5155739301039546,-0.0
1506,Procurement,50.0,384328.4004035812,0.8063611772778216,4.935852717036111
1506,Combined,50.3048874992782,384328.4003819984,1.4540335110094418,-0.0
1507,Uniform,50.0,324779.9870929728,0.0,10.65882998417204
1507,Screened,50.31811889509294,324779.9870769073,0.5924622579746313,-0.0
1507,Yield per roof,51.2919675011393,324779.98709297273,1.5330305212866762,0.08728720661504194
1507,Procurement,50.0,324779.9870929728,1.0692182235466845,6.101613661908248
1507,Combined,50.31811889509294,324779.9870769073,1.6624696261947491,-0.0
1508,Uniform,50.0,334786.0866234638,1.4210854715202004e-14,6.764994592172895
1508,Screened,50.31358230979573,334786.0866234638,0.5895410314470553,-0.0
1508,Yield per roof,51.276972207633136,334786.08662346366,1.5233109805421918,-0.0
1508,Procurement,50.0,334786.0866234638,1.0206114727499624,2.9273827195160944
1508,Combined,50.31358230979573,334786.0866234638,1.6139642464166428,-0.0
1509,Uniform,50.0,291215.31188992184,1.4210854715202004e-14,2.9927021695867344
1509,Screened,50.31172168619576,291215.3118864098,0.6049062193122268,-0.0
1509,Yield per roof,51.26973148754166,291215.31188992184,1.5151945232828297,-0.0
1509,Procurement,50.0,291215.31188992184,0.9294850392901708,1.7452776437255815
1509,Combined,50.31172168619576,291215.3118864098,1.5338336319650239,-0.0
1510,Uniform,50.0,421069.9095116936,0.0,9.578818079629743
1510,Screened,50.31154338667773,421069.90948717244,0.7816006213275557,-0.0
1510,Yield per roof,51.26552471749273,421069.9095116935,1.8828337564619062,-0.0
1510,Procurement,50.0,421069.9095116936,0.8355498012753344,6.028849471305031
1510,Combined,50.31154338667773,421069.90948717244,1.617311603092503,-0.0
1511,Uniform,50.0,435247.70298970025,0.0,65.62022392734531
1511,Screened,50.30461364116314,435247.70298970013,0.4216513520019234,25.43190984530595
1511,Yield per roof,51.2363393399981,435247.70298970025,1.0249166121328273,40.71706596732063
1511,Procurement,50.0,435247.70298970025,0.8041172392793001,43.782120933799646
1511,Combined,50.30461364116314,435247.70298970013,1.225702978374656,9.641218717192029
1512,Uniform,50.0,285157.82135745167,-1.4210854715202004e-14,4.011582385025062
1512,Screened,50.31735727172003,285157.8213574518,0.5406297103639304,-0.0
1512,Yield per roof,51.290415161115455,285157.82135745155,1.3645244611749376,-0.0
1512,Procurement,50.0,285157.82135745167,0.8857577857816068,1.9799923316831227
1512,Combined,50.31735727172003,285157.8213574518,1.4265557469215082,-0.0
1513,Uniform,50.0,399192.5448422809,0.0,78.63906490554778
1513,Screened,50.31801322043187,399192.54481871857,0.32143261461677497,38.576270505993136
1513,Yield per roof,51.29196350746753,399192.54484228085,0.8570507548169743,54.916206902895205
1513,Procurement,50.0,399192.5448422809,0.8529207852626612,55.41499776222607
1513,Combined,50.31801322043187,399192.54481871857,1.1749267116340505,21.77099360175011
1514,Uniform,50.0,404565.37633121654,0.0,5.313202352379613
1514,Screened,50.305020956611955,404565.3763312168,0.8093607064287767,-0.0
1514,Yield per roof,51.23843472532352,404565.3763312164,2.01644360167586,-0.0
1514,Procurement,50.0,404565.37633121654,0.8454846630173165,3.3839441617063897
1514,Combined,50.305020956611955,404565.3763312168,1.6551828774522903,-0.0
1515,Uniform,50.0,413774.1717723482,0.0,106.6462758943684
1515,Screened,50.318155975135795,413774.1717479224,0.3243788688446898,59.62755429171506
1515,Yield per roof,51.29224160227276,413774.1717723482,0.8044857552619149,80.86919028812035
1515,Procurement,50.0,413774.1717723482,0.8925231845425188,82.17770419410952
1515,Combined,50.318155975135795,413774.1717479224,1.2193100400696935,41.868705005327136
1516,Uniform,50.0,294984.9187770999,0.0,7.487310042800506
1516,Screened,50.308639448811206,294984.9187770999,0.5013379637072575,-0.0
1516,Yield per roof,51.25411435283247,294984.9187770999,1.2075569330004186,-0.0
1516,Procurement,50.0,294984.9187770999,0.9231821128362014,3.4763987250805024
1516,Combined,50.308639448811206,294984.9187770999,1.4247336047259296,-0.0
1517,Uniform,50.0,370297.4527701911,0.0,3.38606099480282
1517,Screened,50.32370549513577,370297.4527483359,0.7655710576510728,-0.0
1517,Yield per roof,51.324961097954564,370297.45277019107,1.863753555118251,-0.0
1517,Procurement,50.0,370297.4527701911,0.8948681303727426,2.185152057893102
1517,Combined,50.32370549513577,370297.4527483359,1.6693431095630729,-0.0
1518,Uniform,50.0,343903.1487500501,0.0,61.1399320476457
1518,Screened,50.33215538011755,343903.1487299503,0.32826461935753315,26.620747103645463
1518,Yield per roof,51.347162649431134,343903.1487500501,0.8120942630352559,40.81978173528569
1518,Procurement,50.0,343903.1487500501,0.9859101031512054,34.45317633301736
1518,Combined,50.33215538011755,343903.1487299503,1.3148894400651514,7.322544606636734
1519,Uniform,50.0,414184.0401013943,0.0,21.77898498403094
1519,Screened,50.30499117915195,414184.04008067795,0.5956293658085912,-0.0
1519,Yield per roof,51.24121192680195,414184.0401013943,1.4165759791599015,4.226169503316182
1519,Procurement,50.0,414184.0401013943,0.787057506331692,16.469412151545207
1519,Combined,50.30499117915195,414184.04008067795,1.3828265376642008,-0.0
1520,Uniform,50.0,301995.7431820705,0.0,8.864268851046262
1520,Screened,50.31147182940749,301995.743184093,0.4695136395070705,-0.0
1520,Yield per roof,51.27547822538517,301995.7431820705,1.1190725574001448,0.5735754044906491
1520,Procurement,50.0,301995.7431820705,0.8921661143049846,4.642264673008008
1520,Combined,50.31147182940749,301995.743184093,1.3660074890083536,-0.0
1521,Uniform,50.0,410673.6276800019,0.0,33.73013448929758
1521,Screened,50.317539920738476,410673.6276557972,0.4236101236392642,0.12307206047150855
1521,Yield per roof,51.29007158671347,410673.6276800021,1.0879910913461828,12.231676662094088
1521,Procurement,50.0,410673.6276800019,0.9185567305212032,26.725264589474126
1521,Combined,50.317539920738476,410673.6276557972,1.3443173583917059,-0.0
1522,Uniform,50.0,366248.70073816285,0.0,71.65036465202884
1522,Screened,50.31227823050533,366248.70073816297,0.31133735886286473,33.88870669886001
1522,Yield per roof,51.26584736181561,366248.70073816285,0.8329714284205565,49.1427772211194
1522,Procurement,50.0,366248.70073816285,0.9724016222584595,45.12329608659547
1522,Combined,50.31227823050533,366248.70073816297,1.2839896906586077,14.684476764098228
1523,Uniform,50.0,341713.2043775455,-1.4210854715202004e-14,6.486708729898266
1523,Screened,50.32023739208684,341713.204357376,0.6712247740958475,-0.0
1523,Yield per roof,51.30313555916654,341713.20437754557,1.673971073129806,-0.0
1523,Procurement,50.0,341713.2043775455,0.9761761904689479,3.0826081369059852
1523,Combined,50.32023739208684,341713.204357376,1.6493377544047547,-0.0
1524,Uniform,50.0,287084.3241581031,-1.4210854715202004e-14,5.58780473381743
1524,Screened,50.318300398865766,287084.3241581031,0.5920410236021496,-0.0
1524,Yield per roof,51.290669648167565,287084.324158103,1.577013501978925,-0.0
1524,Procurement,50.0,287084.3241581031,1.0217040917461162,2.532097173542454
1524,Combined,50.318300398865766,287084.3241581031,1.6138692860420463,-0.0
1525,Uniform,50.0,424788.6228366258,0.0,70.87478855841638
1525,Screened,50.33585934033414,424788.62281221955,0.4341760896633673,28.216248757474965
1525,Yield per roof,51.362826235336364,424788.62283662567,1.062970389736023,45.47014548228111
1525,Procurement,50.0,424788.6228366258,0.884248901314109,46.98185678912692
1525,Combined,50.33585934033414,424788.62281221955,1.3195044691603925,10.916881785345149
1526,Uniform,50.0,329938.9572111621,0.0,8.456542970112999
1526,Screened,50.308383281557944,329938.9572111622,0.5275941411466505,-0.0
1526,Yield per roof,51.260166162932826,329938.95721116196,1.3920764679741922,-0.0
1526,Procurement,50.0,329938.9572111621,0.8981342228967293,4.556392928570768
1526,Combined,50.308383281557944,329938.9572111622,1.4291014586566888,-0.0
1527,Uniform,50.0,338109.16800131765,0.0,17.1996994648686
1527,Screened,50.314609697072726,338109.16800131765,0.41099165981123065,-0.0
1527,Yield per roof,51.27836480995526,338109.16800131765,1.0869193584755834,3.168980754740267
1527,Procurement,50.0,338109.16800131765,0.888470289773494,11.470331270575707
1527,Combined,50.314609697072726,338109.16800131765,1.2991885863995947,-0.0
1528,Uniform,50.0,401500.6762666978,0.0,6.5257371156166775
1528,Screened,50.31336723233433,401500.6762666978,0.880829998046238,-0.0
1528,Yield per roof,51.27341565229345,401500.6762666978,2.130368048145783,-0.0
1528,Procurement,50.0,401500.6762666978,0.878746766794336,3.892299698452188
1528,Combined,50.31336723233433,401500.6762666978,1.7601919692999957,-0.0
1529,Uniform,50.0,395428.40931870823,0.0,9.808357979159268
1529,Screened,50.318562825842314,395428.40929548955,0.7871370385216778,-0.0
1529,Yield per roof,51.297133452017675,395428.40931870835,2.044827527693883,-0.0
1529,Procurement,50.0,395428.40931870823,1.0040221464792296,5.534159268670978
1529,Combined,50.318562825842314,395428.40929548955,1.792353251845725,-0.0
1530,Uniform,50.0,348166.71959025157,-1.4210854715202004e-14,20.964398871309875
1530,Screened,50.33624920508093,348166.71956986724,0.5834315753466086,-0.0
1530,Yield per roof,51.3654755466435,348166.7195902515,1.3600057496106075,4.271071770693756
1530,Procurement,50.0,348166.71959025157,1.1424517400587177,13.69547626776565
1530,Combined,50.33624920508093,348166.71956986724,1.7298084982117103,-0.0
1531,Uniform,50.0,305798.69056490064,0.0,60.99947384577146
1531,Screened,50.31533576557533,305798.690547067,0.2809885304420945,27.7573306073572
1531,Yield per roof,51.28203909833219,305798.6905649006,0.7328273370907752,41.87921871833695
1531,Procurement,50.0,305798.69056490064,1.1707024583727161,29.100327626170973
1531,Combined,50.31533576557533,305798.690547067,1.4533225806346053,4.668245006636293
1532,Uniform,50.0,328734.88466227776,0.0,25.75632405292726
1532,Screened,50.31800314755896,328734.88466227794,0.48862591833378133,-0.0
1532,Yield per roof,51.286542768854936,328734.88466227776,1.1731919499864318,6.876206562735005
1532,Procurement,50.0,328734.88466227776,1.1198018878558713,17.19306945245303
1532,Combined,50.31800314755896,328734.88466227794,1.609492028842169,-0.0
1533,Uniform,50.0,295685.88868003665,0.0,49.61663781823279
1533,Screened,50.30528552989526,295685.88868003665,0.23058969289632358,23.041120866110482
1533,Yield per roof,51.240851942529744,295685.8886800365,0.5545761417819932,34.680302607509155
1533,Procurement,50.0,295685.88868003665,0.9370868498282832,24.071420582547304
1533,Combined,50.30528552989526,295685.88868003665,1.1697961358605582,4.527884590484197
1534,Uniform,50.0,324709.2355724616,-1.4210854715202004e-14,5.043240250762418
1534,Screened,50.32034524360616,324709.23555327114,0.6158422983312732,-0.0
1534,Yield per roof,51.30214968713085,324709.2355724616,1.5930663389075619,-0.0
1534,Procurement,50.0,324709.2355724616,0.9477825775245776,2.5592767298251853
1534,Combined,50.32034524360616,324709.23555327114,1.565713498691224,-0.0
1535,Uniform,50.0,344235.13472938805,0.0,5.4394038005371925
1535,Screened,50.323026211434325,344235.1347091029,0.7298293175688428,-0.0
1535,Yield per roof,51.312612175208294,344235.13472938805,1.8045930710911477,-0.0
1535,Procurement,50.0,344235.13472938805,0.9569726797038101,2.9498039524085726
1535,Combined,50.323026211434325,344235.1347091029,1.6874081309859577,-0.0
1536,Uniform,50.0,321581.23274197715,0.0,10.877651244905769
1536,Screened,50.31396221317374,321581.23274197715,0.5511011843631906,-0.0
1536,Yield per roof,51.27426851741707,321581.2327419771,1.4347218234197925,0.2571873150287575
1536,Procurement,50.0,321581.23274197715,1.0403915256952985,6.213650965785064
1536,Combined,50.31396221317374,321581.23274197715,1.592221472543045,-0.0
1537,Uniform,50.0,336932.42100204114,0.0,16.23691658147707
1537,Screened,50.3149433007395,336932.4210020411,0.45673138643121547,-0.0
1537,Yield per roof,51.280185729484785,336932.42100204114,1.1900860498302421,2.284697650598178
1537,Procurement,50.0,336932.42100204114,0.9264007005116781,10.764147705890432
1537,Combined,50.3149433007395,336932.4210020411,1.3833454234384561,-0.0
1538,Uniform,50.0,411293.66611272487,-1.4210854715202004e-14,13.545764618153793
1538,Screened,50.310585890026395,411293.6660916895,0.6163780055006782,-0.0
1538,Yield per roof,51.263546243683685,411293.6661127248,1.578714111349285,0.8476561830066316
1538,Procurement,50.0,411293.66611272487,0.8718969485182981,9.073056944947247
1538,Combined,50.310585890026395,411293.6660916895,1.4903302701242183,-0.0
1539,Uniform,50.0,374826.53175801947,1.4210854715202004e-14,9.694893023603182
1539,Screened,50.318708037703615,374826.5317360251,0.7468518873761667,-0.0
1539,Yield per roof,51.29219592607574,374826.5317580197,1.8619036314244255,-0.0
1539,Procurement,50.0,374826.53175801947,0.9666154326285863,5.530941803456139
1539,Combined,50.318708037703615,374826.5317360251,1.713750255321827,-0.0
1540,Uniform,50.0,310134.10332184617,0.0,19.63090522698249
1540,Screened,50.305389951453925,310134.1033218462,0.32143092437088683,-0.0
1540,Yield per roof,51.241069105753084,310134.1033218461,0.7775722095197395,5.58162098121844
1540,Procurement,50.0,310134.10332184617,0.86676760332778,12.958109597091598
1540,Combined,50.305389951453925,310134.1033218462,1.1941983592650374,-0.0
1541,Uniform,50.0,359999.4232802575,-1.4210854715202004e-14,9.760302208902637
1541,Screened,50.30868207711207,359999.4232802574,0.5804076589581371,-0.0
1541,Yield per roof,51.25384689818112,359999.42328025756,1.4885301050956627,-0.0
1541,Procurement,50.0,359999.4232802575,0.8922563758250845,5.882533416536709
1541,Combined,50.30868207711207,359999.4232802574,1.4726762310353365,-0.0
1542,Uniform,50.0,287444.9542363753,0.0,7.350361990007574
1542,Screened,50.3081918889,287444.9542363752,0.508140719991161,-0.0
1542,Yield per roof,51.25187853097399,287444.95423637517,1.2695709006780618,-0.0
1542,Procurement,50.0,287444.9542363753,1.0250065092513267,2.893864368451328
1542,Combined,50.3081918889,287444.9542363752,1.5354788676917224,-0.0
1543,Uniform,50.0,387825.3731231771,0.0,3.2046336956541515
1543,Screened,50.31543285359344,387825.37312317704,0.8150179745172181,-0.0
1543,Yield per roof,51.281311275860816,387825.3731231769,2.159423427519812,-0.0
1543,Procurement,50.0,387825.3731231771,0.8610014041161378,2.056574212540562
1543,Combined,50.31543285359344,387825.37312317704,1.6760917796763977,-0.0
1544,Uniform,50.0,296339.4775188579,0.0,7.141836999618048
1544,Screened,50.3059469967113,296339.47751885786,0.47641633619569745,-0.0
1544,Yield per roof,51.24275193148508,296339.4775188579,1.2466154817331585,-0.0
1544,Procurement,50.0,296339.4775188579,0.9422482034378561,3.046875524341769
1544,Combined,50.3059469967113,296339.47751885786,1.418512339895969,-0.0
1545,Uniform,50.0,429145.3652014653,0.0,4.837733020714482
1545,Screened,50.30538742522744,429145.36520146526,0.9970355280303522,-0.0
1545,Yield per roof,51.23781983893878,429145.3652014653,2.3085904634622807,-0.0
1545,Procurement,50.0,429145.3652014653,0.7746443679670278,3.812030060040863
1545,Combined,50.30538742522744,429145.36520146526,1.7710670628734704,-0.0
1546,Uniform,50.0,394769.4018736669,-7.105427357601002e-15,114.86754446972924
1546,Screened,50.31928499894104,394769.40185048874,0.31282031678932043,66.62574645575584
1546,Yield per roof,51.294494410533744,394769.40187366673,0.7651989471721876,88.10931182627056
1546,Procurement,50.0,394769.4018736669,0.9757676706341272,88.59687397941669
1546,Combined,50.31928499894104,394769.40185048874,1.2893575967270507,47.61892720191705
1547,Uniform,50.0,332011.6856971485,0.0,48.30299072009028
1547,Screened,50.310170682609545,332011.68567791634,0.3096071719891569,18.53617874106462
1547,Yield per roof,51.26089530704811,332011.6856971484,0.760542171147307,29.753982086294474
1547,Procurement,50.0,332011.6856971485,0.9103443343723896,23.679689992277048
1547,Combined,50.310170682609545,332011.68567791634,1.2192287124214403,0.7846428295863201
1548,Uniform,50.0,323588.1926831156,0.0,16.19218474077655
1548,Screened,50.31098788516973,323588.19268311566,0.47793480789096066,-0.0
1548,Yield per roof,51.26190310968515,323588.1926831156,1.2561388040956842,2.0518800577781913
1548,Procurement,50.0,323588.1926831156,1.0424800035218595,10.04984920402257
1548,Combined,50.31098788516973,323588.19268311566,1.5214096545362708,-0.0
1549,Uniform,50.0,381751.7209183626,0.0,28.230053290794654
1549,Screened,50.327679032176505,381751.7208960268,0.5189255876604761,-0.0
1549,Yield per roof,51.32788334778039,381751.7209183626,1.303510540178067,7.3560861393227785
1549,Procurement,50.0,381751.7209183626,1.087172740904549,19.938137753021458
1549,Combined,50.327679032176505,381751.7208960268,1.6077607430925696,-0.0
1550,Uniform,50.0,411699.95907872973,0.0,6.444520753891059
1550,Screened,50.30754767364678,411699.9590787296,0.8938179181285761,-0.0
1550,Yield per roof,51.24605603726891,411699.95907872973,2.2717688107802303,-0.0
1550,Procurement,50.0,411699.95907872973,0.9023913893155395,4.015344043773725
1550,Combined,50.30754767364678,411699.9590787296,1.796424227729915,-0.0
1551,Uniform,50.0,284063.7446406494,0.0,11.539520467282745
1551,Screened,50.31351218127549,284063.7446406494,0.4154688954604637,-0.0
1551,Yield per roof,51.27144132759545,284063.7446406494,1.0931855484958959,1.0827148031034703
1551,Procurement,50.0,284063.7446406494,1.0100680975449166,6.186196404333754
1551,Combined,50.31351218127549,284063.7446406494,1.425964012775495,-0.0
1552,Uniform,50.0,301608.50941380963,0.0,20.767802733057195
1552,Screened,50.315801505343266,301608.50939960463,0.36274266814518086,-0.0
1552,Yield per roof,51.28494034312073,301608.50941380963,0.8981577150488107,5.714250118808084
1552,Procurement,50.0,301608.50941380963,1.0045995160757215,13.007178750096791
1552,Combined,50.315801505343266,301608.50939960463,1.3677111562744741,-0.0
1553,Uniform,50.0,282721.67718460865,0.0,50.46892731946161
1553,Screened,50.32190749738636,282721.6771679255,0.2458011832663587,23.055028997483348
1553,Yield per roof,51.313953620606554,282721.6771846086,0.5990081142380745,34.926754884758545
1553,Procurement,50.0,282721.67718460865,1.0005523328339692,23.170086618932324
1553,Combined,50.32190749738636,282721.6771679255,1.2477842557165388,3.2927211149592557
1554,Uniform,50.0,392720.950877575,0.0,11.32661553415059
1554,Screened,50.31853606010317,392720.9508544742,0.6937836399139883,-0.0
1554,Yield per roof,51.29640479426565,392720.950877575,1.7096251712749506,0.13434335457377536
1554,Procurement,50.0,392720.950877575,0.9513606432163613,7.255405239134533
1554,Combined,50.31853606010317,392720.9508544742,1.6468719568252368,-0.0
1555,Uniform,50.0,389594.81950708246,0.0,3.919153100261053
1555,Screened,50.30917036954633,389594.81948608503,0.9006654652689292,-0.0
1555,Yield per roof,51.25932560181831,389594.81950708246,2.1841902922668623,-0.0
1555,Procurement,50.0,389594.81950708246,0.8474368684354658,2.780597347739115
1555,Combined,50.30917036954633,389594.81948608503,1.7483140310479541,-0.0
1556,Uniform,50.0,302842.89495775884,0.0,6.581074851582692
1556,Screened,50.299985283058064,302842.89495775884,0.45930068393828094,-0.0
1556,Yield per roof,51.22193168796817,302842.8949577589,1.1821092932815134,-0.0
1556,Procurement,50.0,302842.89495775884,0.8688298763495226,2.808713016836995
1556,Combined,50.299985283058064,302842.89495775884,1.3299292502753275,-0.0
1557,Uniform,50.0,368567.21132226376,-1.4210854715202004e-14,15.929288245510321
1557,Screened,50.321831860121414,368567.2113005044,0.549487115178124,-0.0
1557,Yield per roof,51.31689891514615,368567.2113222638,1.3362252354195192,2.1138850114818966
1557,Procurement,50.0,368567.21132226376,0.9050654987717195,10.584796515923323
1557,Combined,50.321831860121414,368567.2113005044,1.4578896701822543,-0.0
1558,Uniform,50.0,323436.76465196174,-7.105427357601002e-15,27.208773845154006
1558,Screened,50.32941004859985,323436.7646337777,0.36805684776319936,-0.0
1558,Yield per roof,51.34203544752837,323436.7646519616,0.9033512016817795,8.71271163381562
1558,Procurement,50.0,323436.76465196174,1.0040710537454132,19.458053317891807
1558,Combined,50.32941004859985,323436.7646337777,1.3736140850687875,-0.0
1559,Uniform,50.0,316242.8486103965,0.0,5.708163551008431
1559,Screened,50.31273944392439,316242.8486103965,0.585184184218349,-0.0
1559,Yield per roof,51.27718847303906,316242.8486103965,1.4595144850094641,-0.0
1559,Procurement,50.0,316242.8486103965,0.9961928061696312,2.560867847862853
1559,Combined,50.31273944392439,316242.8486103965,1.5849303614892989,-0.0
1560,Uniform,50.0,397672.3455765585,0.0,3.9950976908021607
1560,Screened,50.30374171506686,397672.3455765585,0.900821142550825,-0.0
1560,Yield per roof,51.233270095019726,397672.34557655844,2.166259957590711,-0.0
1560,Procurement,50.0,397672.3455765585,0.8107339510924589,2.9051854148405685
1560,Combined,50.30374171506686,397672.3455765585,1.7109479701808539,-0.0
1561,Uniform,50.0,305741.02411866153,0.0,9.279720819400872
1561,Screened,50.30823282832506,305741.0241186615,0.514769881950798,-0.0
1561,Yield per roof,51.250650358250624,305741.0241186617,1.310914769098872,0.1299912154216435
1561,Procurement,50.0,305741.02411866153,0.9356136420511945,5.143623889300047
1561,Combined,50.30823282832506,305741.0241186615,1.4499426120076748,-0.0
1562,Uniform,50.0,353558.82082870166,-3.552713678800501e-15,95.15714562455528
1562,Screened,50.311326518978575,353558.8208287017,0.22937732758078155,55.99677083367726
1562,Yield per roof,51.265684310346295,353558.82082870166,0.6101075035805223,72.94858765313629
1562,Procurement,50.0,353558.82082870166,0.896499491522107,70.87608945541088
1562,Combined,50.311326518978575,353558.8208287017,1.1253994310582733,38.45960968998129
1563,Uniform,50.0,332829.21466108813,0.0,21.760771651605545
1563,Screened,50.311343561646666,332829.21466108813,0.38107036113684245,-0.0
1563,Yield per roof,51.264066699219676,332829.2146610883,1.005146765997786,5.520986297002821
1563,Procurement,50.0,332829.21466108813,0.9587587676033138,14.373196936986666
1563,Combined,50.311343561646666,332829.21466108813,1.3396354560343582,-0.0
1564,Uniform,50.0,421306.9744376991,0.0,78.03081021450102
1564,Screened,50.31222615173476,421306.9744376989,0.37273236879238425,36.5287651400223
1564,Yield per roof,51.26671738430771,421306.97443769884,0.9265919224686314,53.275760860339375
1564,Procurement,50.0,421306.9744376991,0.8643783675526961,54.65720413595603
1564,Combined,50.31222615173476,421306.9744376989,1.2374097051985729,19.625968125401318
1565,Uniform,50.0,400698.8534362028,0.0,19.500499527635043
1565,Screened,50.32705261327329,400698.8534126896,0.6319535095919804,-0.0
1565,Yield per roof,51.331437906165895,400698.85343620286,1.5611604359300486,2.6468674135682377
1565,Procurement,50.0,400698.8534362028,0.8866086265944517,14.299204495636657
1565,Combined,50.32705261327329,400698.8534126896,1.518794493108473,-0.0
1566,Uniform,50.0,370198.57100769575,-1.4210854715202004e-14,5.647327496524716
1566,Screened,50.30671904855746,370198.57100783987,0.6204186536303951,-0.0
1566,Yield per roof,51.253642481629186,370198.5710076958,1.6593376664627186,-0.0
1566,Procurement,50.0,370198.57100769575,0.834861586399299,2.9640919757667143
1566,Combined,50.30671904855746,370198.57100783987,1.4566110423522929,-0.0
1567,Uniform,50.0,287133.7699166431,0.0,3.0085775576443976
1567,Screened,50.30806555695589,287133.76991664304,0.5578289558371239,-0.0
1567,Yield per roof,51.251825902253586,287133.76991664304,1.4197953583775984,-0.0
1567,Procurement,50.0,287133.7699166431,0.9678223872742819,1.7104324016657906
1567,Combined,50.30806555695589,287133.76991664304,1.5326964782906316,-0.0
1568,Uniform,50.0,319364.25701667677,0.0,23.26419522914168
1568,Screened,50.308429468010225,319364.2570166768,0.29642691912276575,-0.0
1568,Yield per roof,51.253612637954696,319364.25701667677,0.7407106838615363,7.55310469942896
1568,Procurement,50.0,319364.25701667677,0.8513678850574706,16.71261021091145
1568,Combined,50.308429468010225,319364.2570166768,1.1498673322878687,-0.0
1569,Uniform,50.0,282741.79290691053,0.0,50.734066980050756
1569,Screened,50.318805117508795,282741.7928902095,0.24698216213907642,22.955839333807464
1569,Yield per roof,51.29540388190574,282741.7929069104,0.6100795661383742,34.88847850186321
1569,Procurement,50.0,282741.79290691053,0.9999779856419053,23.446456903760286
1569,Combined,50.318805117508795,282741.7928902095,1.2484877895922537,3.2023985072174392
1570,Uniform,50.0,431006.089427329,0.0,9.398299629562182
1570,Screened,50.30899376413355,431006.089427329,0.7594032507389556,-0.0
1570,Yield per roof,51.254421536813226,431006.0894273289,1.994964337719722,-0.0
1570,Procurement,50.0,431006.089427329,0.8299470202223063,5.793193647613448
1570,Combined,50.30899376413355,431006.089427329,1.590676660146869,-0.0
1571,Uniform,50.0,342053.7600633148,0.0,7.837440165607452
1571,Screened,50.30824733998099,342053.7600633148,0.5813549236228113,-0.0
1571,Yield per roof,51.252182456922434,342053.7600633147,1.4597276868565814,-0.0
1571,Procurement,50.0,342053.7600633148,0.8941290575174463,3.95303205468785
1571,Combined,50.30824733998099,342053.7600633148,1.4752933136989839,-0.0
1572,Uniform,50.0,363112.0919956099,-7.105427357601002e-15,32.92407214955772
1572,Screened,50.31191490656912,363112.0919956099,0.3826178839292709,1.4307209472422533
1572,Yield per roof,51.26404604834906,363112.09199560987,1.024792552503392,12.25654199586056
1572,Procurement,50.0,363112.0919956099,0.9907161299026086,24.232517728656497
1572,Combined,50.31191490656912,363112.0919956099,1.3736131204034336,-0.0
1573,Uniform,50.0,392414.72189763736,0.0,8.278309416491016
1573,Screened,50.320117800269486,392414.7218747536,0.7890893357132711,-0.0
1573,Yield per roof,51.305973190965005,392414.72189763736,1.9384644174781442,-0.0
1573,Procurement,50.0,392414.72189763736,0.8992699469674506,4.370230641529024
1573,Combined,50.320117800269486,392414.7218747536,1.6905102618250112,-0.0
1574,Uniform,50.0,305803.8301577242,0.0,5.8943097633790025
1574,Screened,50.31727772240074,305803.83013964107,0.5493730257061742,-0.0
1574,Yield per roof,51.289559548836785,305803.8301577242,1.4442872722024447,-0.0
1574,Procurement,50.0,305803.8301577242,0.9330276867521263,2.611279934046475
1574,Combined,50.31727772240074,305803.83013964107,1.4838575587068732,-0.0
1575,Uniform,50.0,412143.10028084624,0.0,48.69340139012264
1575,Screened,50.3104011759849,412143.1002808461,0.41473143438146565,13.376651552739714
1575,Yield per roof,51.26135170533877,412143.10028084624,0.981241928409716,27.570951555836736
1575,Procurement,50.0,412143.10028084624,0.7735638693614533,29.939277199870897
1575,Combined,50.3104011759849,412143.1002808461,1.191684882474334,-0.0
1576,Uniform,50.0,406560.3496145203,0.0,6.28575626822745
1576,Screened,50.32986349535496,406560.34959063533,0.8535929608083848,-0.0
1576,Yield per roof,51.340951186508256,406560.34961452027,2.0690728032955974,-0.0
1576,Procurement,50.0,406560.3496145203,0.8507627162515803,3.741242735465388
1576,Combined,50.32986349535496,406560.34959063533,1.7048077225443876,-0.0
1577,Uniform,50.0,306792.29005375074,0.0,62.360358634022234
1577,Screened,50.323674398156896,306792.2900358951,0.2786921730676468,30.010238624837648
1577,Yield per roof,51.32513958779271,306792.2900537506,0.6843760739952671,44.07790532345115
1577,Procurement,50.0,306792.29005375074,1.046981796020198,33.673481272524256
1577,Combined,50.323674398156896,306792.2900358951,1.3270481679235218,9.216758875551664
1578,Uniform,50.0,297561.7523970478,0.0,31.786710195989816
1578,Screened,50.309631602004124,297561.7523970477,0.31769106069162234,5.734068744854475
1578,Yield per roof,51.26316264332963,297561.7523970478,0.7749173925970041,15.54897736242554
1578,Procurement,50.0,297561.7523970478,0.9663834072974424,18.886634465640817
1578,Combined,50.309631602004124,297561.7523970477,1.2843676101552788,-0.0
1579,Uniform,50.0,355225.33110276953,-1.4210854715202004e-14,4.557063618238312
1579,Screened,50.3068155458361,355225.33110276965,0.6806891862042335,-0.0
1579,Yield per roof,51.24773999065789,355225.3311027695,1.7292881215177118,-0.0
1579,Procurement,50.0,355225.33110276953,0.8608702282473644,2.7600087668639492
1579,Combined,50.3068155458361,355225.33110276965,1.5442775689386252,-0.0
1580,Uniform,50.0,409269.1779516231,0.0,64.97015263169085
1580,Screened,50.320145706606056,409269.1779275982,0.3737841701393947,26.044768721211813
1580,Yield per roof,51.29811179111704,409269.1779516231,0.9660072024435209,41.25721116287573
1580,Procurement,50.0,409269.1779516231,0.8841189249714532,41.23476051308449
1580,Combined,50.320145706606056,409269.1779275982,1.2583105210789682,8.910617437987044
1581,Uniform,50.0,355388.986114969,0.0,2.753009812505938
1581,Screened,50.31284156632175,355388.9861149691,0.8367093729672206,-0.0
1581,Yield per roof,51.270570581868256,355388.986114969,2.125839182323915,-0.0
1581,Procurement,50.0,355388.986114969,0.8757481886796654,1.5764034677231162
1581,Combined,50.31284156632175,355388.9861149691,1.711868095341913,-0.0
1582,Uniform,50.0,373113.62159523217,0.0,24.664184018191268
1582,Screened,50.309175913550845,373113.62157329894,0.42389603090350647,-0.0
1582,Yield per roof,51.2560313411954,373113.6215952321,1.1396229128446578,6.252623233694861
1582,Procurement,50.0,373113.62159523217,0.8827041670431157,17.856204010804593
1582,Combined,50.309175913550845,373113.62157329894,1.3061971444951155,-0.0
1583,Uniform,50.0,281623.5992457906,-7.105427357601002e-15,14.232981404432516
1583,Screened,50.31030121827544,281623.5992457906,0.3867950821429318,-0.0
1583,Yield per roof,51.26173569244524,281623.59924579074,1.0030608767974414,2.137980173019618
1583,Procurement,50.0,281623.5992457906,0.9512085805548693,8.615806012587898
1583,Combined,50.31030121827544,281623.5992457906,1.3379579654766829,-0.0
1584,Uniform,50.0,348063.77384925797,0.0,16.647790446749436
1584,Screened,50.305607893574894,348063.77384925785,0.4628611774925986,-0.0
1584,Yield per roof,51.243551182812524,348063.77384925785,1.2025501381921515,2.36882657213817
1584,Procurement,50.0,348063.77384925797,0.9429001681585021,11.079140052298458
1584,Combined,50.305607893574894,348063.77384925785,1.4064717467363153,-0.0
1585,Uniform,50.0,409461.3452038367,0.0,53.97515281762984
1585,Screened,50.314452549673064,409461.3451802961,0.35667438166840526,19.271380050821985
1585,Yield per roof,51.27887648418972,409461.3452038367,0.9306180534682937,32.12492263273736
1585,Procurement,50.0,409461.3452038367,0.7888102662360268,32.65932774545413
1585,Combined,50.314452549673064,409461.3451802961,1.1451273108023585,3.916288202695002
1586,Uniform,50.0,346421.49526024,0.0,15.472091079281697
1586,Screened,50.306971972356145,346421.4952602398,0.5145000427397264,-0.0
1586,Yield per roof,51.24698829328777,346421.49526024004,1.2252900804534903,2.192148195751715
1586,Procurement,50.0,346421.49526024,0.908096527795422,10.107810676719946
1586,Combined,50.306971972356145,346421.4952602398,1.424686724905655,-0.0
1587,Uniform,50.0,430725.0608339694,0.0,11.389609676793887
1587,Screened,50.32834281907705,430725.06080861855,0.7619568339034828,-0.0
1587,Yield per roof,51.33565669746092,430725.0608339694,1.9681079942921116,-0.0
1587,Procurement,50.0,430725.0608339694,0.8310530280636499,7.783674004669772
1587,Combined,50.32834281907705,430725.06080861855,1.594472944473111,-0.0
1588,Uniform,50.0,370414.95335166523,0.0,2.6373653367731396
1588,Screened,50.30767139036085,370414.95335224544,0.8324737534079247,-0.0
1588,Yield per roof,51.257375867965465,370414.95335166523,2.036272110110275,-0.0
1588,Procurement,50.0,370414.95335166523,0.8118869109729587,1.5442468921516903
1588,Combined,50.30767139036085,370414.95335224544,1.6460042781003779,-0.0
1589,Uniform,50.0,285273.05558087095,0.0,9.239048124704125
1589,Screened,50.30701145611965,285273.0555808709,0.49025709814429774,-0.0
1589,Yield per roof,51.24570183485319,285273.0555808709,1.250584288320681,0.2191294289561368
1589,Procurement,50.0,285273.05558087095,1.0266023401425741,4.634550239458404
1589,Combined,50.30701145611965,285273.0555808709,1.5168300838598299,-0.0
1590,Uniform,50.0,358759.61461922,0.0,17.778372804826393
1590,Screened,50.305475442614735,358759.6146192199,0.5032260651367721,-0.0
1590,Yield per roof,51.24368078841647,358759.61461921997,1.221443296847184,3.0258634411952494
1590,Procurement,50.0,358759.61461922,0.9163225416702403,12.263467504440733
1590,Combined,50.305475442614735,358759.6146192199,1.4221387352088044,-0.0
1591,Uniform,50.0,392436.0771499146,0.0,21.73176654326256
1591,Screened,50.311107772853894,392436.0771267165,0.469780956934585,-0.0
1591,Yield per roof,51.27276710022799,392436.07714991475,1.1897625462894297,4.844131039930285
1591,Procurement,50.0,392436.0771499146,0.9193567210817406,15.316827022983777
1591,Combined,50.311107772853894,392436.0771267165,1.3935084834653964,-0.0
1592,Uniform,50.0,320901.525778766,0.0,10.335171294672765
1592,Screened,50.322460876513226,320901.5257599636,0.5230970563164021,-0.0
1592,Yield per roof,51.313420714347366,320901.5257787659,1.3501133692095237,0.40530528899517987
1592,Procurement,50.0,320901.525778766,0.9324133413143159,6.02783076342824
1592,Combined,50.322460876513226,320901.5257599636,1.457449296901828,-0.0
1593,Uniform,50.0,323134.2068717905,0.0,14.736695014397286
1593,Screened,50.31104873641623,323134.20687201084,0.4309610480122359,-0.0
1593,Yield per roof,51.26982534236163,323134.2068717905,1.107286561711021,2.007386068411234
1593,Procurement,50.0,323134.2068717905,0.9379211934514302,9.196747719714903
1593,Combined,50.31104873641623,323134.20687201084,1.3738032243313683,-0.0
1594,Uniform,50.0,294980.21842415316,-7.105427357601002e-15,33.19072600455053
1594,Screened,50.32367341293961,294980.21840673964,0.30821904839099545,7.064312401656385
1594,Yield per roof,51.3157860295018,294980.21842415305,0.7624687625220261,17.294533928712546
1594,Procurement,50.0,294980.21842415316,0.9997676665793733,18.80188440064485
1594,Combined,50.32367341293961,294980.21840673964,1.3092931930919676,-0.0
1595,Uniform,50.0,367493.36864803045,0.0,10.058738142361124
1595,Screened,50.31334879352239,367493.3686266613,0.62417634332202,-0.0
1595,Yield per roof,51.27403668683351,367493.36864803045,1.6104062239745787,-0.0
1595,Procurement,50.0,367493.36864803045,0.9408406412333363,5.970406995654082
1595,Combined,50.31334879352239,367493.3686266613,1.5684615026412843,-0.0
1596,Uniform,50.0,334691.77171956375,0.0,26.66069269932627
1596,Screened,50.3022570580061,334691.77171956375,0.31548650967263114,1.8333079739041467
1596,Yield per roof,51.2287749812178,334691.7717195638,0.8088271507867333,10.113272682581398
1596,Procurement,50.0,334691.77171956375,0.8629075849960017,18.297532681490598
1596,Combined,50.3022570580061,334691.77171956375,1.1777053959316106,-0.0
1597,Uniform,50.0,295097.80801162106,0.0,12.245848798147374
1597,Screened,50.33055947648693,295097.80799425166,0.4690387661684383,-0.0
1597,Yield per roof,51.343714635638655,295097.8080116211,1.1756613976221928,1.3128380208552677
1597,Procurement,50.0,295097.80801162106,1.0165622640069927,6.698679113723991
1597,Combined,50.33055947648693,295097.80799425166,1.4878038629893524,-0.0
1598,Uniform,50.0,288981.60357422766,0.0,13.693975585928143
1598,Screened,50.31008572699625,288981.6035742276,0.4491820657411125,-0.0
1598,Yield per roof,51.25744217588164,288981.60357422766,1.1178035798063775,1.727282161263862
1598,Procurement,50.0,288981.60357422766,1.0079836796029866,7.736824362023805
1598,Combined,50.31008572699625,288981.6035742276,1.4572295587141326,-0.0
1599,Uniform,50.0,292691.230698193,0.0,20.759590981108516
1599,Screened,50.3230354211056,292691.23069463554,0.3313307238488221,-0.0
1599,Yield per roof,51.317800273624286,292691.2306981931,0.8284813016313066,6.00576219438906
1599,Procurement,50.0,292691.230698193,0.9314553217191417,13.578404603760237
1599,Combined,50.3230354211056,292691.23069463554,1.2645031541067198,-0.0
1600,Uniform,50.0,304555.7664461399,0.0,8.58831764492634
1600,Screened,50.30671660659396,304555.7664461399,0.44626029647467647,-0.0
1600,Yield per roof,51.246581380864384,304555.7664461399,1.1935622813632847,0.07530963334242147
1600,Procurement,50.0,304555.7664461399,0.857368805237698,4.865330149365147
1600,Combined,50.30671660659396,304555.7664461399,1.304846522988214,-0.0
1601,Uniform,50.0,293443.92761788657,-7.105427357601002e-15,15.291251906200484
1601,Screened,50.307526637544214,293443.92761788657,0.37414081030692614,-0.0
1601,Yield per roof,51.25293615920785,293443.9276178866,0.9811096800090127,2.6855830447687605
1601,Procurement,50.0,293443.92761788657,0.9235045691559378,9.560054694908855
1601,Combined,50.307526637544214,293443.92761788657,1.2979612873318374,-0.0
1602,Uniform,50.0,278764.3518128323,0.0,88.380014424361
1602,Screened,50.3164888664446,278764.3517968172,0.2071052358094292,52.22589168518296
1602,Yield per roof,51.28401131078158,278764.3518128323,0.52768993119291,68.87932835389823
1602,Procurement,50.0,278764.3518128323,1.1069151411934222,57.97219543746718
1602,Combined,50.3164888664446,278764.3517968172,1.3150366203481703,30.18365168738594
1603,Uniform,50.0,350586.1149296667,0.0,15.826326446327698
1603,Screened,50.318309663154395,350586.11490906304,0.6180150366155601,-0.0
1603,Yield per roof,51.29256629847892,350586.11492966686,1.5025639553856536,1.6617917116379197
1603,Procurement,50.0,350586.1149296667,1.1331103927382173,9.485012865266585
1603,Combined,50.318309663154395,350586.11490906304,1.7541864552429445,-0.0
1604,Uniform,50.0,414736.43117735116,-1.4210854715202004e-14,10.167948873939826
1604,Screened,50.322410495493216,414736.43115290086,0.7611969604971875,-0.0
1604,Yield per roof,51.30952292024886,414736.431177351,1.9424714392747262,-0.0
1604,Procurement,50.0,414736.43117735116,0.8319113029365894,6.5573013652515675
1604,Combined,50.322410495493216,414736.43115290086,1.5937345695727458,-0.0
1605,Uniform,50.0,336490.40748943936,0.0,18.134812243918333
1605,Screened,50.321026269440075,336490.40746957954,0.4604174106927985,-0.0
1605,Yield per roof,51.3040621432481,336490.4074894394,1.1745807986916077,3.2861623951842884
1605,Procurement,50.0,336490.40748943936,0.9561019347545141,12.171391388021236
1605,Combined,50.321026269440075,336490.40746957954,1.4183335507406554,-0.0
1606,Uniform,50.0,280317.7831574483,0.0,24.55117939493798
1606,Screened,50.33225586646323,280317.7831410294,0.4648920171888449,-0.0
1606,Yield per roof,51.345416993528026,280317.7831574483,1.163742821365659,6.222391554380446
1606,Procurement,50.0,280317.7831574483,1.3344593651315932,14.837732970922238
1606,Combined,50.33225586646323,280317.7831410294,1.8022309477075282,-0.0
1607,Uniform,50.0,380184.7477987168,0.0,55.20528153371886
1607,Screened,50.311636983110816,380184.7477987168,0.3281411201567579,21.403781467178295
1607,Yield per roof,51.266856528083956,380184.7477987169,0.8538853354828433,34.68838644886036
1607,Procurement,50.0,380184.7477987168,0.8693161603883155,31.626532703568238
1607,Combined,50.311636983110816,380184.7477987168,1.1984595328396708,4.369587249887668
1608,Uniform,50.0,330955.9547042025,0.0,16.395012904133
1608,Screened,50.31110329475134,330955.9547042026,0.4682336519181405,-0.0
1608,Yield per roof,51.27138585717383,330955.9547042024,1.139566701450093,2.7722012173146204
1608,Procurement,50.0,330955.9547042025,0.976585961965398,10.452489535607098
1608,Combined,50.31110329475134,330955.9547042026,1.4449966829045877,-0.0
1609,Uniform,50.0,399227.5140742889,0.0,74.29034458722428
1609,Screened,50.322660718737936,399227.5140507724,0.347254570204548,35.281310267802745
1609,Yield per roof,51.31019489643153,399227.5140742888,0.8671420736546267,51.10134103638889
1609,Procurement,50.0,399227.5140742889,0.8314859010734992,51.74981969946976
1609,Combined,50.322660718737936,399227.5140507724,1.1788312918180424,18.99216181138914
1610,Uniform,50.0,356378.6897319709,0.0,16.546989525842193
1610,Screened,50.30560646623823,356378.689731971,0.4609966478349605,-0.0
1610,Yield per roof,51.240867535723346,356378.6897319708,1.1610840576179555,2.6538673531977013
1610,Procurement,50.0,356378.6897319709,0.8802403127920684,11.204781810903807
1610,Combined,50.30560646623823,356378.689731971,1.3407242598451887,-0.0
1611,Uniform,50.0,363743.984363798,0.0,23.078476517645953
1611,Screened,50.318346922493205,363743.98434228986,0.42109444773539906,-0.0
1611,Yield per roof,51.29537918928007,363743.984363798,1.1087626597401652,5.762378020903349
1611,Procurement,50.0,363743.984363798,0.8497242074893165,16.53259383331504
1611,Combined,50.318346922493205,363743.98434228986,1.2713437748288214,-0.0
1612,Uniform,50.0,304994.6131080874,0.0,20.870769087695503
1612,Screened,50.30761373880226,304994.61310808733,0.3699746907551642,-0.0
1612,Yield per roof,51.24853335470763,304994.61310808745,0.9750382111551517,5.2338805003673565
1612,Procurement,50.0,304994.6131080874,0.990853075197812,13.348102697962046
1612,Combined,50.30761373880226,304994.61310808733,1.3606764844680797,-0.0
1613,Uniform,50.0,325800.70812235645,0.0,22.962206783970313
1613,Screened,50.318535214268294,325800.7081034014,0.4659994196295685,-0.0
1613,Yield per roof,51.29150798594997,325800.70812235656,1.1767765240801253,5.501630997640727
1613,Procurement,50.0,325800.70812235645,1.2022061479319746,14.609758100481915
1613,Combined,50.318535214268294,325800.7081034014,1.6701333218018988,-0.0
1614,Uniform,50.0,385249.18036029505,0.0,25.748286025160265
1614,Screened,50.30907682893904,385249.180360295,0.4661206144165959,-0.0
1614,Yield per roof,51.25402286128973,385249.180360295,1.174788338599413,6.7316910446025595
1614,Procurement,50.0,385249.18036029505,0.8829594414447399,18.945228739788853
1614,Combined,50.30907682893904,385249.180360295,1.349068191919315,-0.0
1615,Uniform,50.0,292230.30476369563,0.0,88.6423341135234
1615,Screened,50.31403919524256,292230.3047465865,0.22496935643389548,51.87197694312826
1615,Yield per roof,51.27469058379751,292230.3047636956,0.5591314774628628,68.45292482866043
1615,Procurement,50.0,292230.30476369563,1.067550682589122,59.62588764051121
1615,Combined,50.31403919524256,292230.3047465865,1.2933753926458706,30.855771548392617
1616,Uniform,50.0,385561.66112982796,0.0,9.282838095537922
1616,Screened,50.32517267919558,385561.6611071428,0.7084865175515205,-0.0
1616,Yield per roof,51.322881546249114,385561.6611298281,1.8354683458530587,-0.0
1616,Procurement,50.0,385561.66112982796,0.9959475999246337,4.956249217415837
1616,Combined,50.32517267919558,385561.6611071428,1.7075224322450708,-0.0
1617,Uniform,50.0,319494.8289815979,0.0,14.221777645697452
1617,Screened,50.31542691724938,319494.82898159797,0.4825455509860035,-0.0
1617,Yield per roof,51.28084921556293,319494.8289815979,1.176718031609866,1.8739779760094413
1617,Procurement,50.0,319494.8289815979,0.9343138783806069,8.70246852723919
1617,Combined,50.31542691724938,319494.82898159797,1.4167258938291951,-0.0
1618,Uniform,50.0,329686.0289221451,0.0,6.417414872465664
1618,Screened,50.32170331869193,329686.0289072534,0.629880462501049,-0.0
1618,Yield per roof,51.3105865728854,329686.0289221451,1.5073490850467124,-0.0
1618,Procurement,50.0,329686.0289221451,0.9154427668456577,2.97163132299201
1618,Combined,50.32170331869193,329686.0289072534,1.5492214522189727,-0.0
1619,Uniform,50.0,274636.7530092412,0.0,20.88189143439833
1619,Screened,50.32046001786397,274636.7529931458,0.3721712261588337,-0.0
1619,Yield per roof,51.29895840850703,274636.7530092412,0.9942092790515815,5.080518211741368
1619,Procurement,50.0,274636.7530092412,1.1518563548771752,12.58168598986533
1619,Combined,50.32046001786397,274636.7529931458,1.5252391757106736,-0.0
1620,Uniform,50.0,374426.22611342976,0.0,24.780625509621473
1620,Screened,50.31824147543088,374426.22611342964,0.532928178818139,-0.0
1620,Yield per roof,51.29109618004436,374426.22611342976,1.2678362037658673,6.121921406040946
1620,Procurement,50.0,374426.22611342976,0.9757432906370269,17.27960701505943
1620,Combined,50.31824147543088,374426.22611342964,1.509935815158201,-0.0
1621,Uniform,50.0,287797.2185170295,0.0,6.178218575718287
1621,Screened,50.313779036860694,287797.21851702954,0.5039381110144205,-0.0
1621,Yield per roof,51.27733895887747,287797.2185170294,1.261433885794446,-0.0
1621,Procurement,50.0,287797.2185170295,0.9227431956645802,2.5364761254138095
1621,Combined,50.313779036860694,287797.21851702954,1.4304349125804094,-0.0
1622,Uniform,50.0,416235.49680962565,-7.105427357601002e-15,72.5954993155141
1622,Screened,50.30598385387371,416235.49680962577,0.2975462382387519,35.09583986817871
1622,Yield per roof,51.24308306529917,416235.49680962565,0.8059045653564638,50.48116744508133
1622,Procurement,50.0,416235.49680962565,0.7549188273474456,52.05939840462336
1622,Combined,50.30598385387371,416235.49680962577,1.0537918831423667,20.226643298309142
1623,Uniform,50.0,361453.8196686733,0.0,19.226167538160013
1623,Screened,50.317372610652335,361453.8196473198,0.5098919093512109,-0.0
1623,Yield per roof,51.29306821202948,361453.8196686734,1.236852236958157,3.752576383515767
1623,Procurement,50.0,361453.8196686733,0.9031915759995002,13.362740721617628
1623,Combined,50.317372610652335,361453.8196473198,1.4142587580927568,-0.0
1624,Uniform,50.0,336201.35578327824,0.0,13.875658488464628
1624,Screened,50.30571968576441,336201.3557832782,0.38931557313894416,-0.0
1624,Yield per roof,51.24657922894075,336201.35578327824,1.0494167597547772,1.7887501858566468
1624,Procurement,50.0,336201.35578327824,0.8497717114018286,8.863542442874257
1624,Combined,50.30571968576441,336201.3557832782,1.2429252509259925,-0.0
1625,Uniform,50.0,380455.3777845129,0.0,15.720253163699502
1625,Screened,50.305292599112214,380455.3777845128,0.5194056814802508,-0.0
1625,Yield per roof,51.242152356243125,380455.3777845128,1.3076860865061377,2.0013087744871525
1625,Procurement,50.0,380455.3777845129,0.849539495378437,10.704324074637904
1625,Combined,50.305292599112214,380455.3777845128,1.3692361441801921,-0.0
1626,Uniform,50.0,304447.7418521829,0.0,19.11120983382828
1626,Screened,50.31387803629036,304447.7418521829,0.3977885899302862,-0.0
1626,Yield per roof,51.27357027884853,304447.741852183,1.0470525012293592,4.11045805939349
1626,Procurement,50.0,304447.7418521829,0.9984057176080938,12.21224049375607
1626,Combined,50.31387803629036,304447.7418521829,1.3960522706050256,-0.0
1627,Uniform,50.0,295121.7545359838,0.0,6.417007195039705
1627,Screened,50.31465909611891,295121.7545185791,0.5334898844244833,-0.0
1627,Yield per roof,51.28010590080083,295121.7545359838,1.4199304716847791,-0.0
1627,Procurement,50.0,295121.7545359838,0.9320445486908397,2.6965445135969066
1627,Combined,50.31465909611891,295121.7545185791,1.4653039675508666,-0.0
1628,Uniform,50.0,294949.10781566927,0.0,9.131338465361054
1628,Screened,50.307956899080125,294949.10781566927,0.40890677016459165,-0.0
1628,Yield per roof,51.25176282626328,294949.1078156694,1.036717024680641,0.6285530783216923
1628,Procurement,50.0,294949.10781566927,0.8642283430580022,4.878004021481821
1628,Combined,50.307956899080125,294949.10781566927,1.275082668684405,-0.0
1629,Uniform,50.0,393629.83479833597,0.0,23.250317925173174
1629,Screened,50.33716015661733,393629.83477539057,0.5804061390829531,-0.0
1629,Yield per roof,51.368081402985304,393629.8347983359,1.4803746122727262,4.273871264772538
1629,Procurement,50.0,393629.83479833597,1.0346328275146703,16.82654916253454
1629,Combined,50.33716015661733,393629.83477539057,1.618710918979616,-0.0
1630,Uniform,50.0,391113.3143255967,0.0,11.53076982460724
1630,Screened,50.33454424836566,391113.31430281233,0.8515319359614466,-0.0
1630,Yield per roof,51.355425589972626,391113.3143255967,1.9812286903041922,-0.0
1630,Procurement,50.0,391113.3143255967,1.0527939310795773,7.033274083261166
1630,Combined,50.33454424836566,391113.31430281233,1.906307418539967,-0.0
1631,Uniform,50.0,423946.7694109133,0.0,10.524165939999909
1631,Screened,50.311322837561725,423946.7694109132,0.7879954245466934,-0.0
1631,Yield per roof,51.26669304207192,423946.7694109133,2.0158253998024804,-0.0
1631,Procurement,50.0,423946.7694109133,0.8308949676545012,6.97197965726702
1631,Combined,50.311322837561725,423946.7694109132,1.61959885910818,-0.0
1632,Uniform,50.0,387629.52285486885,0.0,10.488978507947964
1632,Screened,50.31195167576699,387629.52283198806,0.7000817722513801,-0.0
1632,Yield per roof,51.26916999524836,387629.5228548688,1.7924322926821645,-0.0
1632,Procurement,50.0,387629.52285486885,0.973009582018193,6.257651582262554
1632,Combined,50.31195167576699,387629.52283198806,1.6755228785359861,-0.0
1633,Uniform,50.0,294039.59752275725,0.0,38.918286176525086
1633,Screened,50.31301890651522,294039.5975227572,0.29657177971306936,10.554497605105492
1633,Yield per roof,51.26968508057496,294039.5975227573,0.7938349424886795,21.516398636816724
1633,Procurement,50.0,294039.59752275725,1.0701901460147951,20.55075466263666
1633,Combined,50.31301890651522,294039.5975227572,1.3681218102929833,-0.0
1634,Uniform,50.0,435672.196925029,0.0,31.874003856806958
1634,Screened,50.312271710267254,435672.1968992806,0.4528662400399668,-0.0
1634,Yield per roof,51.269986378377254,435672.1969250289,1.1343778227113859,9.748183114249064
1634,Procurement,50.0,435672.196925029,0.7846422631994017,25.824080391708296
1634,Combined,50.312271710267254,435672.1968992806,1.2424441744279733,-0.0
1635,Uniform,50.0,302487.97127761855,0.0,75.24561397663963
1635,Screened,50.31036733348109,302487.97127795895,0.21478035770932635,42.793443432001546
1635,Yield per roof,51.267641898848225,302487.9712776186,0.5430250193444692,56.995872067463104
1635,Procurement,50.0,302487.97127761855,0.9463082529022984,49.38531661947256
1635,Combined,50.31036733348109,302487.97127795895,1.1611242164435538,24.087819741691305
1636,Uniform,50.0,292687.55237413186,0.0,13.091204638993414
1636,Screened,50.311516668971386,292687.552374132,0.444411186594067,-0.0
1636,Yield per roof,51.263546834995346,292687.55237413186,1.1222807615206847,1.537869381239112
1636,Procurement,50.0,292687.55237413186,1.0749080602348755,7.030151881479799
1636,Combined,50.311516668971386,292687.552374132,1.520348124686734,-0.0
1637,Uniform,50.0,312632.6891334818,0.0,26.641960613001398
1637,Screened,50.32769634933606,312632.68911507,0.3278362450990784,-0.0
1637,Yield per roof,51.33108574789477,312632.68913348194,0.8633531165677297,8.34774803270321
1637,Procurement,50.0,312632.6891334818,1.0876027228246414,18.232266821704133
1637,Combined,50.32769634933606,312632.68911507,1.4196542123800668,-0.0
1638,Uniform,50.0,352472.25033955195,0.0,18.20412797980643
1638,Screened,50.30997944891454,352472.25033955206,0.5313390515069472,-0.0
1638,Yield per roof,51.25718762771921,352472.25033955195,1.3385740624094637,2.6542479361557834
1638,Procurement,50.0,352472.25033955195,0.9689401953864945,12.537167785290134
1638,Combined,50.30997944891454,352472.25033955206,1.5004818759224463,-0.0
1639,Uniform,50.0,308822.470108188,0.0,5.180521953763974
1639,Screened,50.31550158566771,308822.47010954533,0.6012723794998749,-0.0
1639,Yield per roof,51.29000771783122,308822.470108188,1.4930435811674982,-0.0
1639,Procurement,50.0,308822.470108188,0.9635205759879284,2.4216465461247005
1639,Combined,50.31550158566771,308822.47010954533,1.5653362505734094,-0.0
1640,Uniform,50.0,283358.5713637543,0.0,13.78234037562856
1640,Screened,50.315466122986294,283358.5713638662,0.38289956221957766,-0.0
1640,Yield per roof,51.28683020773338,283358.5713637542,0.9910498002993364,1.9824824805884838
1640,Procurement,50.0,283358.5713637543,0.9770890847600242,8.007067321007698
1640,Combined,50.315466122986294,283358.5713638662,1.36137427122285,-0.0
1641,Uniform,50.0,325307.83434444875,0.0,33.3215174986606
1641,Screened,50.30669570504869,325307.8343444489,0.33883616620378376,5.300033499430273
1641,Yield per roof,51.245101127679355,325307.8343444488,0.8731776109666924,14.913995818350568
1641,Procurement,50.0,325307.83434444875,0.9411706965710067,20.956956434007793
1641,Combined,50.30669570504869,325307.8343444489,1.2794396876940084,-0.0
1642,Uniform,50.0,283496.6864454397,0.0,32.89647218622572
1642,Screened,50.30486882610342,283496.68644543976,0.2570746561517865,8.709711252375394
1642,Yield per roof,51.23803557770101,283496.6864454397,0.6847085846032002,17.699072815833475
1642,Procurement,50.0,283496.6864454397,0.9787396300795592,16.90465680617085
1642,Combined,50.30486882610342,283496.68644543976,1.2360922193047301,-0.0
1643,Uniform,50.0,434733.2356138272,1.4210854715202004e-14,15.80635365611082
1643,Screened,50.30614194966837,434733.235613827,0.6175040139182784,-0.0
1643,Yield per roof,51.24876587217272,434733.23561382736,1.5550280457211585,1.6041199890229099
1643,Procurement,50.0,434733.2356138272,0.7264843929976195,11.52076177811188
1643,Combined,50.30614194966837,434733.235613827,1.3454545996174687,-0.0
1644,Uniform,50.0,291615.74881005846,0.0,2.486527323036444
1644,Screened,50.31270975047646,291615.7488100586,0.6785507526739138,-0.0
1644,Yield per roof,51.2706681975962,291615.74881005846,1.7245795428135295,-0.0
1644,Procurement,50.0,291615.74881005846,0.9207607168739713,1.2492506819522111
1644,Combined,50.31270975047646,291615.7488100586,1.5990298243817591,-0.0
1645,Uniform,50.0,418840.61356147134,0.0,91.7977826423436
1645,Screened,50.33445648244461,418840.6135369588,0.39592176710301885,44.7437245222765
1645,Yield per roof,51.35913892950408,418840.61356147146,0.9709961542169907,65.23532137800615
1645,Procurement,50.0,418840.61356147134,0.9570855815924872,66.19871593983598
1645,Combined,50.33445648244461,418840.6135369588,1.3557634043915243,26.207861667857095
1646,Uniform,50.0,316238.7415733535,-1.4210854715202004e-14,17.618188411284223
1646,Screened,50.31594782395047,316238.74157335336,0.5785788749799963,-0.0
1646,Yield per roof,51.279220474315956,316238.74157335353,1.3975974567624263,2.328497576164059
1646,Procurement,50.0,316238.7415733535,1.2064599674196756,10.507031300780817
1646,Combined,50.31594782395047,316238.74157335336,1.7866745818051442,-0.0
1647,Uniform,50.0,321426.4292917133,0.0,18.287787874263362
1647,Screened,50.31418891057894,321426.4292726845,0.32884173814898787,-0.0
1647,Yield per roof,51.277460935700454,321426.4292917133,0.8304083164753209,4.762064653500411
1647,Procurement,50.0,321426.4292917133,0.8562980729774878,11.843297867417826
1647,Combined,50.31418891057894,321426.4292726845,1.1882700843800151,-0.0
1648,Uniform,50.0,307596.8384139737,0.0,6.008686029014128
1648,Screened,50.32734577652121,307596.8383958563,0.624575752244894,-0.0
1648,Yield per roof,51.33008385386286,307596.8384139737,1.5612959175159347,-0.0
1648,Procurement,50.0,307596.8384139737,1.069943889390828,2.6535189580410616
1648,Combined,50.32734577652121,307596.8383958563,1.6974946437126022,-0.0
1649,Uniform,50.0,326083.9753191746,0.0,22.924327283131657
1649,Screened,50.313984786393675,326083.97531917464,0.3574485273817203,-0.0
1649,Yield per roof,51.27628518074692,326083.9753191746,0.8670705290100997,6.85679832386939
1649,Procurement,50.0,326083.9753191746,0.919963478753175,15.833140030965527
1649,Combined,50.313984786393675,326083.97531917464,1.2801565832181652,-0.0
1650,Uniform,50.0,403570.8521191968,0.0,4.144587024109599
1650,Screened,50.32421982046998,403570.85211338795,0.8943017171010297,-0.0
1650,Yield per roof,51.320826601112,403570.8521191968,2.2155424762061955,-0.0
1650,Procurement,50.0,403570.8521191968,0.8457602935227726,3.009591648043568
1650,Combined,50.32421982046998,403570.85211338795,1.7411722067191135,-0.0
1651,Uniform,50.0,283387.2697463841,0.0,22.083627513648945
1651,Screened,50.32837723135493,283387.2697301754,0.43565922895673737,-0.0
1651,Yield per roof,51.333147583367605,283387.269746384,1.0783989898430946,5.505201139966439
1651,Procurement,50.0,283387.2697463841,1.2866409988439358,13.082561569084442
1651,Combined,50.32837723135493,283387.2697301754,1.7273266422896967,-0.0
1652,Uniform,50.0,339606.7473746103,-1.4210854715202004e-14,10.80708990394038
1652,Screened,50.31408836180852,339606.74737461034,0.5578396636608289,-0.0
1652,Yield per roof,51.27777920017216,339606.74737461004,1.3933534491103075,0.4783370819061302
1652,Procurement,50.0,339606.7473746103,1.0288040898936401,6.024186175065459
1652,Combined,50.31408836180852,339606.74737461034,1.5891499363177246,-0.0
1653,Uniform,50.0,313141.70827441826,-1.4210854715202004e-14,2.5107059248925285
1653,Screened,50.30893858729548,313141.7082570059,0.677463746324662,-0.0
1653,Yield per roof,51.25722014164717,313141.7082744184,1.7168518026448396,-0.0
1653,Procurement,50.0,313141.70827441826,0.9025931466299966,1.2975333663252704
1653,Combined,50.30893858729548,313141.7082570059,1.580397725054766,-0.0
1654,Uniform,50.0,360403.48871893244,0.0,17.711752102063322
1654,Screened,50.312451789969295,360403.48871893226,0.4839571227406765,-0.0
1654,Yield per roof,51.27224990465796,360403.48871893244,1.1150957642902881,3.5243439009943622
1654,Procurement,50.0,360403.48871893244,0.9121428029300773,12.212982155173009
1654,Combined,50.312451789969295,360403.48871893226,1.4053384197836465,-0.0
1655,Uniform,50.0,433458.25214371295,0.0,11.049038528715933
1655,Screened,50.31967631911783,433458.2521181963,0.8265574281637385,-0.0
1655,Yield per roof,51.297514988981796,433458.25214371283,1.9986833947019704,-0.0
1655,Procurement,50.0,433458.25214371295,0.8704817557976128,7.319119932325681
1655,Combined,50.31967631911783,433458.2521181963,1.6982151222944992,-0.0
1656,Uniform,50.0,294347.01391095325,-1.4210854715202004e-14,2.6050321401894907
1656,Screened,50.3191300983356,294347.0138935382,0.5656512950657344,-0.0
1656,Yield per roof,51.297905115056615,294347.0139109534,1.4050061528514277,-0.0
1656,Procurement,50.0,294347.01391095325,0.8633829447272063,1.442464411926578
1656,Combined,50.3191300983356,294347.0138935382,1.4360734822518424,-0.0
1657,Uniform,50.0,379890.34146579885,0.0,16.354437141701915
1657,Screened,50.32305601692547,379890.3414439303,0.617757101022292,-0.0
1657,Yield per roof,51.313630310276615,379890.3414657989,1.4784401295408145,2.052612685039309
1657,Procurement,50.0,379890.34146579885,0.9628100622918936,10.659228639497494
1657,Combined,50.32305601692547,379890.3414439303,1.5832218504336169,-0.0
1658,Uniform,50.0,291717.1441083118,0.0,7.821333307476866
1658,Screened,50.317638529894815,291717.14410831186,0.4789484095109344,-0.0
1658,Yield per roof,51.290990912337215,291717.14410831186,1.2180576690683864,-0.0
1658,Procurement,50.0,291717.1441083118,0.9846101111501611,3.5403858985728585
1658,Combined,50.317638529894815,291717.14410831186,1.4689962513359092,-0.0
1659,Uniform,50.0,399260.8346871666,0.0,7.53864534699859
1659,Screened,50.31233110377845,399260.83466365986,0.7395913301262169,-0.0
1659,Yield per roof,51.26897873247938,399260.8346871666,1.957681827181446,-0.0
1659,Procurement,50.0,399260.8346871666,0.881409276467835,3.8696761867221396
1659,Combined,50.31233110377845,399260.83466365986,1.6213869273029644,-0.0
1660,Uniform,50.0,327970.553562748,-1.4210854715202004e-14,4.720758937900793
1660,Screened,50.31628926342952,327970.55356274813,0.7232506375606391,-0.0
1660,Yield per roof,51.285711885228345,327970.5535627481,1.8128754955743034,-0.0
1660,Procurement,50.0,327970.553562748,1.0583839877154162,2.6305598273220867
1660,Combined,50.31628926342952,327970.55356274813,1.7833540387794216,-0.0
1661,Uniform,50.0,352176.68243644683,0.0,12.468649130437507
1661,Screened,50.31560049013029,352176.68241573253,0.5597549759433917,-0.0
1661,Yield per roof,51.28113457587046,352176.6824364468,1.4754087651369474,0.6023449995538417
1661,Procurement,50.0,352176.68243644683,0.9648838220730056,7.789523243077793
1661,Combined,50.31560049013029,352176.68241573253,1.5251260429107845,-0.0
1662,Uniform,50.0,293208.87926110637,0.0,19.860035229204428
1662,Screened,50.33225404427718,293208.87924394594,0.4273231205240364,-0.0
1662,Yield per roof,51.346286155327604,293208.87926110637,1.1142815787574847,4.168349469070822
1662,Procurement,50.0,293208.87926110637,1.1261490583730165,12.341452183608169
1662,Combined,50.33225404427718,293208.87924394594,1.5552374846688082,-0.0
1663,Uniform,50.0,285866.9707441426,0.0,15.199783456589635
1663,Screened,50.309934147971525,285866.9707441427,0.40082518489597874,-0.0
1663,Yield per roof,51.25858503285551,285866.9707441427,1.0331839033063943,2.453100021696271
1663,Procurement,50.0,285866.9707441426,0.9560908578830691,9.404487941724733
1663,Combined,50.309934147971525,285866.9707441427,1.3565157832507282,-0.0
1664,Uniform,50.0,405338.1105316167,0.0,25.560460687402106
1664,Screened,50.305441816974714,405338.1105316167,0.5036477297753663,-0.0
1664,Yield per roof,51.240149576442406,405338.1105316168,1.2351032596720728,6.507172980463381
1664,Procurement,50.0,405338.1105316167,0.8049679358288273,19.35992738054588
1664,Combined,50.305441816974714,405338.1105316167,1.3082530765376816,-0.0
1665,Uniform,50.0,417105.91448826436,-1.4210854715202004e-14,14.627787286131879
1665,Screened,50.32496061522066,417105.91446365096,0.6823831593277276,-0.0
1665,Yield per roof,51.32214267181673,417105.91448826436,1.6257117173203142,1.3584075335794095
1665,Procurement,50.0,417105.91448826436,0.8310291947667423,9.884743002700274
1665,Combined,50.32496061522066,417105.91446365096,1.517195526728358,-0.0
1666,Uniform,50.0,336926.9204566889,0.0,27.253479996305753
1666,Screened,50.31520153493941,336926.92045668885,0.3784267559406942,-0.0
1666,Yield per roof,51.27988389954861,336926.92045668885,0.9748291284150596,8.279958789020867
1666,Procurement,50.0,336926.9204566889,0.9676356218191273,19.783485826980886
1666,Combined,50.31520153493941,336926.92045668885,1.3468078465101314,-0.0
1667,Uniform,50.0,307866.49827748165,0.0,18.336827979142054
1667,Screened,50.30232798388969,307866.49827748176,0.3534415101007795,-0.0
1667,Yield per roof,51.228358353928115,307866.49827748176,0.8843298114090743,4.584727283133036
1667,Procurement,50.0,307866.49827748165,0.8776623746187511,11.80681060137409
1667,Combined,50.30232798388969,307866.49827748176,1.2320773457873173,-0.0
1668,Uniform,50.0,329620.2658994586,0.0,12.33723026439133
1668,Screened,50.33053482022731,329620.26588008885,0.529718074983947,-0.0
1668,Yield per roof,51.34413829872574,329620.2658994587,1.348120224136963,0.9691594249322963
1668,Procurement,50.0,329620.2658994586,1.0258071060202951,7.082745356435015
1668,Combined,50.33053482022731,329620.26588008885,1.5573814571385753,-0.0
1669,Uniform,50.0,428072.7149296582,0.0,44.192327153153656
1669,Screened,50.31683213985057,428072.71490435937,0.3762237151460823,9.982255301202347
1669,Yield per roof,51.29247889532691,428072.7149296581,0.9724456051777892,24.103106314558886
1669,Procurement,50.0,428072.7149296582,0.8328791804325633,28.531304929848865
1669,Combined,50.31683213985057,428072.71490435937,1.2137175160614717,-0.0
1670,Uniform,50.0,339384.4438399477,0.0,8.099388320561818
1670,Screened,50.30558810785466,339384.4438399477,0.502496964845804,-0.0
1670,Yield per roof,51.24507665163421,339384.44383994775,1.3186520388744754,-0.0
1670,Procurement,50.0,339384.4438399477,0.8368097982549756,4.466100065365205
1670,Combined,50.30558810785466,339384.4438399477,1.3395313345173037,-0.0
1671,Uniform,50.0,315289.83081875625,1.4210854715202004e-14,3.962838631786163
1671,Screened,50.31040214587379,315289.83081875625,0.6551285269934368,-0.0
1671,Yield per roof,51.26181122036208,315289.83081875613,1.5717211215481939,-0.0
1671,Procurement,50.0,315289.83081875625,0.9401096788410825,2.2336355536346555
1671,Combined,50.31040214587379,315289.83081875625,1.5955044697628438,-0.0
1672,Uniform,50.0,311229.22290000226,1.4210854715202004e-14,2.755636927439691
1672,Screened,50.31786512467576,311229.22288161184,0.6586598527303096,-0.0
1672,Yield per roof,51.29348425310184,311229.2229000023,1.6737978317680557,-0.0
1672,Procurement,50.0,311229.22290000226,0.9356237266141676,1.4988259085124669
1672,Combined,50.31786512467576,311229.22288161184,1.595063385170846,-0.0
1673,Uniform,50.0,280685.5052844849,7.105427357601002e-15,15.025759755893695
1673,Screened,50.309129932200996,280685.50528448477,0.3494270534416799,-0.0
1673,Yield per roof,51.25529227134463,280685.50528448494,0.9344624313332517,2.7511700111197115
1673,Procurement,50.0,280685.5052844849,0.9582176258223427,8.963019614503576
1673,Combined,50.309129932200996,280685.50528448477,1.3074877316843754,-0.0
1674,Uniform,50.0,325420.7472224737,0.0,15.951891145281456
1674,Screened,50.303961347884915,325420.74722247384,0.40080449008500807,-0.0
1674,Yield per roof,51.234270808315685,325420.7472224737,1.0582017293013166,2.6456914119316153
1674,Procurement,50.0,325420.7472224737,0.9374084302231296,10.191437657775928
1674,Combined,50.303961347884915,325420.74722247384,1.3381091689958566,-0.0
1675,Uniform,50.0,299164.8005808663,0.0,7.518607044793534
1675,Screened,50.31938172939414,299164.80056317354,0.4721175794990984,-0.0
1675,Yield per roof,51.29837787419594,299164.80058086634,1.126801397631212,-0.0
1675,Procurement,50.0,299164.8005808663,1.012354496196366,3.121525041005356
1675,Combined,50.31938172939414,299164.80056317354,1.4965900866567097,-0.0
1676,Uniform,50.0,297138.02017272665,0.0,2.8307170521852574
1676,Screened,50.3037444265966,297138.0201727265,0.626610258298598,-0.0
1676,Yield per roof,51.24045490505786,297138.02017272654,1.5587562639511532,-0.0
1676,Procurement,50.0,297138.02017272665,0.9090752196372449,1.6101310055911169
1676,Combined,50.3037444265966,297138.0201727265,1.5347605345198474,-0.0
1677,Uniform,50.0,411093.01361271285,0.0,15.597814016540315
1677,Screened,50.321446792750976,411093.013588456,0.6472851890373192,-0.0
1677,Yield per roof,51.306960100368435,411093.0136127131,1.6206572667063028,1.447953631231032
1677,Procurement,50.0,411093.01361271285,0.8594018269490249,10.581671781443577
1677,Combined,50.321446792750976,411093.013588456,1.508200445264137,-0.0
1678,Uniform,50.0,304027.0071025599,0.0,20.579864738316417
1678,Screened,50.30887142535479,304027.0071025599,0.3470550731645261,-0.0
1678,Yield per roof,51.26479151677032,304027.00710255996,0.892485852400597,5.525772154105855
1678,Procurement,50.0,304027.0071025599,0.958794530238464,13.18299931841329
1678,Combined,50.30887142535479,304027.0071025599,1.30576498857247,-0.0
1679,Uniform,50.0,427442.7854477101,0.0,10.677351909974744
1679,Screened,50.31192404497108,427442.7854477101,0.9155269470751364,-0.0
1679,Yield per roof,51.265014645592856,427442.7854477102,2.14916653074107,-0.0
1679,Procurement,50.0,427442.7854477101,0.909161674951406,6.935953095932282
1679,Combined,50.31192404497108,427442.7854477101,1.8254199788171945,-0.0
1680,Uniform,50.0,364070.91626530106,0.0,5.813271604812513
1680,Screened,50.315210795066555,364070.9162549223,0.7534710413353025,-0.0
1680,Yield per roof,51.28512094255625,364070.9162653012,1.841380351100014,-0.0
1680,Procurement,50.0,364070.91626530106,0.9792259124212421,3.156097534803097
1680,Combined,50.315210795066555,364070.9162549223,1.735767491218155,-0.0
1681,Uniform,50.0,275227.2230154856,0.0,34.07483765451368
1681,Screened,50.31749490860504,275227.2229993485,0.29792754136352073,6.819583973755376
1681,Yield per roof,51.29535917267548,275227.2230154856,0.8062928365105861,17.0774125147733
1681,Procurement,50.0,275227.2230154856,1.0910363942511836,19.3092070471038
1681,Combined,50.31749490860504,275227.2229993485,1.3899719037159173,-0.0
1682,Uniform,50.0,342938.80227240565,-7.105427357601002e-15,68.71073240222326
1682,Screened,50.31848421477267,342938.8022522655,0.3085688866845615,32.51297625056771
1682,Yield per roof,51.29285754680719,342938.8022724057,0.7965616615240307,47.18253032826627
1682,Procurement,50.0,342938.80227240565,0.9706777008632272,42.44980686559577
1682,Combined,50.31848421477267,342938.8022522655,1.2792946508707033,13.53019180205207
1683,Uniform,50.0,283596.28992157005,0.0,20.539966343955225
1683,Screened,50.324293007119465,283596.2899048822,0.35823576542720303,-0.0
1683,Yield per roof,51.32507075005346,283596.28992157005,0.95649729291641,5.168134515153985
1683,Procurement,50.0,283596.28992157005,1.07633998466072,12.65792085815241
1683,Combined,50.324293007119465,283596.2899048822,1.4364845538243216,-0.0
1684,Uniform,50.0,306495.68828509795,0.0,2.9721617625539336
1684,Screened,50.324236763276886,306495.68826857687,0.6419199763863475,-0.0
1684,Yield per roof,51.31903137833083,306495.68828509795,1.7364285385669547,-0.0
1684,Procurement,50.0,306495.68828509795,1.0366127405264791,1.582958057392552
1684,Combined,50.324236763276886,306495.68826857687,1.6800466368643185,-0.0
1685,Uniform,50.0,396271.62686067127,1.4210854715202004e-14,8.667028695926732
1685,Screened,50.320346075524746,396271.62683725136,0.7509699877390688,-0.0
1685,Yield per roof,51.303442769542805,396271.6268606712,1.8204481215802417,-0.0
1685,Procurement,50.0,396271.62686067127,0.8282188289400239,5.068933199407404
1685,Combined,50.320346075524746,396271.62683725136,1.5806111777567935,-0.0
1686,Uniform,50.0,336052.9443122441,-7.105427357601002e-15,63.15585632324957
1686,Screened,50.30817448616603,336052.94431224396,0.258323663111959,30.830782993590095
1686,Yield per roof,51.25191690055912,336052.9443122442,0.6959650051917592,43.745382794289426
1686,Procurement,50.0,336052.9443122441,0.9457434825714941,37.44546344151193
1686,Combined,50.30817448616603,336052.94431224396,1.2038074249030473,12.24151884028217
1687,Uniform,50.0,352098.7805358847,0.0,25.649069386810496
1687,Screened,50.33208619871933,352098.78051532,0.45133656607461603,-0.0
1687,Yield per roof,51.35309462600206,352098.78053588467,1.1204533862066057,7.037502286441174
1687,Procurement,50.0,352098.7805358847,0.9967240651641589,17.961388000241225
1687,Combined,50.33208619871933,352098.78051532,1.4491766777960322,-0.0
1688,Uniform,50.0,399570.37324830383,-1.4210854715202004e-14,11.069544308956596
1688,Screened,50.308654286740854,399570.3732483038,0.7156978429260192,-0.0
1688,Yield per roof,51.25223155668356,399570.373248304,1.8620359254657188,-0.0
1688,Procurement,50.0,399570.37324830383,0.8580545188955995,7.344335606542062
1688,Combined,50.308654286740854,399570.3732483038,1.573576291306523,-0.0
1689,Uniform,50.0,412562.15511947294,1.4210854715202004e-14,11.672091185549224
1689,Screened,50.31944004939054,412562.15509510535,0.7397751160355028,-0.0
1689,Yield per roof,51.30612256864133,412562.1551194729,1.850941092068794,-0.0
1689,Procurement,50.0,412562.15511947294,0.8460759898950556,7.996898715973637
1689,Combined,50.31944004939054,412562.15509510535,1.5880121241724368,-0.0
1690,Uniform,50.0,388497.85177097324,-1.4210854715202004e-14,10.631152268579072
1690,Screened,50.32539517909535,388497.85175978777,0.6941585046758831,-0.0
1690,Yield per roof,51.32575788978357,388497.85177097307,1.8054351398090205,-0.0
1690,Procurement,50.0,388497.85177097324,0.8570460650796861,6.908120669991019
1690,Combined,50.32539517909535,388497.85175978777,1.5517525205609246,-0.0
1691,Uniform,50.0,372684.6676805502,-1.4210854715202004e-14,13.887800086227447
1691,Screened,50.31076890527825,372684.6676586832,0.6977878168305267,-0.0
1691,Yield per roof,51.259399590648954,372684.66768055037,1.668652915367744,0.9248934625211458
1691,Procurement,50.0,372684.6676805502,0.9712159299871672,8.926638423486445
1691,Combined,50.31076890527825,372684.6676586832,1.669401485082119,-0.0
1692,Uniform,50.0,402998.21022091014,0.0,31.518340707168413
1692,Screened,50.32955772597679,402998.2101972289,0.4878497854387973,-0.0
1692,Yield per roof,51.340307237610666,402998.21022091014,1.1739787884715298,9.652281554458922
1692,Procurement,50.0,402998.21022091014,0.8336242151434305,25.093480477738417
1692,Combined,50.32955772597679,402998.2101972289,1.321783638929105,-0.0
1693,Uniform,50.0,428538.34629312274,-1.4210854715202004e-14,18.869130644001487
1693,Screened,50.31190398153853,428538.3462678021,0.6728419768664367,-0.0
1693,Yield per roof,51.26808676294301,428538.346293123,1.6291569121140839,2.41630642009304
1693,Procurement,50.0,428538.34629312274,0.8499472510269896,13.847543526175631
1693,Combined,50.31190398153853,428538.3462678021,1.525989619032913,-0.0
1694,Uniform,50.0,321178.67454159114,0.0,22.664184900288376
1694,Screened,50.30851894744007,321178.6745415912,0.354089687502821,-0.0
1694,Yield per roof,51.251337320216045,321178.6745415911,0.9238017029982615,6.340110018908696
1694,Procurement,50.0,321178.67454159114,0.9536640015190088,15.379105435146007
1694,Combined,50.30851894744007,321178.6745415912,1.3074318761552277,-0.0
1695,Uniform,50.0,355117.4082226966,0.0,46.20573389521347
1695,Screened,50.30742524423519,355117.4082226965,0.30576147524583064,16.15823370356731
1695,Yield per roof,51.25348655488293,355117.4082226966,0.8079947782788963,27.218022530791632
1695,Procurement,50.0,355117.4082226966,0.8775754003610885,23.54102589858815
1695,Combined,50.30742524423519,355117.4082226965,1.1827546165826206,-0.0
1696,Uniform,50.0,302523.34737411654,0.0,31.35246451170433
1696,Screened,50.31845567551022,302523.34735633933,0.31741707973591815,3.5069490047500653
1696,Yield per roof,51.29123787085296,302523.34737411654,0.8538661523946516,14.35355673819749
1696,Procurement,50.0,302523.34737411654,1.1865277643798606,19.228481564506982
1696,Combined,50.31845567551022,302523.34735633933,1.5063379699378672,-0.0
1697,Uniform,50.0,339903.68292803864,0.0,15.14745425426926
1697,Screened,50.30810320590764,339903.68292803864,0.4604485736388426,-0.0
1697,Yield per roof,51.252319562483464,339903.68292803864,1.1645739389451677,2.0840332203752756
1697,Procurement,50.0,339903.68292803864,0.8406794121121095,10.189490291861555
1697,Combined,50.30810320590764,339903.68292803864,1.3025322543553273,-0.0
1698,Uniform,50.0,306438.6609282344,0.0,19.528342607332487
1698,Screened,50.314605180810815,306438.6609282344,0.3606875905043907,-0.0
1698,Yield per roof,51.2769122637841,306438.6609282344,0.9202987026721132,4.958529489769473
1698,Procurement,50.0,306438.6609282344,0.951823054180231,12.335135887220131
1698,Combined,50.314605180810815,306438.6609282344,1.3122677481765876,-0.0
1699,Uniform,50.0,291241.18077440694,0.0,15.175812748096838
1699,Screened,50.31185318657267,291241.1807572567,0.3724287226059886,-0.0
1699,Yield per roof,51.2668350047482,291241.18077440694,0.9709103861196198,2.6850657531344173
1699,Procurement,50.0,291241.18077440694,1.0028759857907374,8.976234769565576
1699,Combined,50.31185318657267,291241.1807572567,1.3754819565148182,-0.0
1700,Uniform,50.0,302806.54517015803,0.0,22.74047184433152
1700,Screened,50.30944377003131,302806.54515804304,0.2660404618221648,-0.0
1700,Yield per roof,51.26099531697814,302806.54517015815,0.732927357780568,8.006223498576185
1700,Procurement,50.0,302806.54517015803,0.8999231706731337,15.807205483547463
1700,Combined,50.30944377003131,302806.54515804304,1.167559832657659,-0.0
1701,Uniform,50.0,355949.41629589035,0.0,9.608364430635064
1701,Screened,50.314393780117726,355949.41629589046,0.669865849254279,-0.0
1701,Yield per roof,51.27713234493845,355949.4162958903,1.648454193658793,-0.0
1701,Procurement,50.0,355949.41629589035,1.0171156243607413,5.226138682889575
1701,Combined,50.314393780117726,355949.41629589046,1.68864848495231,-0.0
1702,Uniform,50.0,387137.0763115762,0.0,5.688149154588082
1702,Screened,50.34208466132415,387137.076290441,0.8017606382942972,-0.0
1702,Yield per roof,51.393397517071975,387137.076311576,2.0475366177749663,-0.0
1702,Procurement,50.0,387137.0763115762,0.8599455390818775,3.5196177971162075
1702,Combined,50.34208466132415,387137.076290441,1.6657880757603891,-0.0
1703,Uniform,50.0,344255.7016563467,0.0,93.10563318691017
1703,Screened,50.321523916295256,344255.70165634656,0.24023362566620676,53.75950901805787
1703,Yield per roof,51.30380929058611,344255.7016563468,0.6289518846730999,71.37588843668989
1703,Procurement,50.0,344255.7016563467,0.9737386546519815,66.42682874254858
1703,Combined,50.321523916295256,344255.70165634656,1.2145934182265918,34.440522374134744
1704,Uniform,50.0,377881.21569718356,-1.4210854715202004e-14,15.658284249763115
1704,Screened,50.319818238004444,377881.21567835304,0.5910526913145446,-0.0
1704,Yield per roof,51.299565715944254,377881.2156971834,1.5045359289385658,1.4875695952706225
1704,Procurement,50.0,377881.21569718356,1.0321693758380803,9.91620679952612
1704,Combined,50.319818238004444,377881.21567835304,1.6252715793863075,-0.0
1705,Uniform,50.0,332419.831511308,0.0,13.179622099479563
1705,Screened,50.30487180679795,332419.8315113078,0.47785349476579597,-0.0
1705,Yield per roof,51.237457168199875,332419.83151130803,1.2046156967158765,1.438916460210709
1705,Procurement,50.0,332419.831511308,0.930680515288401,7.776976438209372
1705,Combined,50.30487180679795,332419.8315113078,1.4079818558304424,-0.0
1706,Uniform,50.0,327878.83885828493,0.0,14.94965028690118
1706,Screened,50.328216711075605,327878.8388409184,0.5164582332665333,-0.0
1706,Yield per roof,51.33294418461839,327878.838858285,1.3302673457788075,1.6594138979835282
1706,Procurement,50.0,327878.83885828493,1.0097340631675706,9.08800117875515
1706,Combined,50.328216711075605,327878.8388409184,1.527691450354311,-0.0
1707,Uniform,50.0,285615.05673043954,0.0,10.811793169832267
1707,Screened,50.30658312220001,285615.0567304397,0.46458288618717347,-0.0
1707,Yield per roof,51.244111473623065,285615.0567304396,1.1655472000669818,0.8523546446487101
1707,Procurement,50.0,285615.05673043954,0.9448137327342891,5.932888688520946
1707,Combined,50.30658312220001,285615.0567304397,1.4089815294677805,-0.0
1708,Uniform,50.0,319484.73397775355,0.0,69.0251649227456
1708,Screened,50.328138487867186,319484.7339589698,0.27073565491477325,35.17206937875761
1708,Yield per roof,51.332635255211486,319484.73397775355,0.6760359349768379,49.91228435261581
1708,Procurement,50.0,319484.73397775355,0.9799851394487433,42.21170600428655
1708,Combined,50.328138487867186,319484.7339589698,1.2517446268066266,15.751099084841444
1709,Uniform,50.0,329864.9481389348,0.0,3.0604574631415464
1709,Screened,50.32450528315863,329864.9481194498,0.7684944864851104,-0.0
1709,Yield per roof,51.32293972724242,329864.9481389348,1.87911273823903,-0.0
1709,Procurement,50.0,329864.9481389348,0.8952711915363807,1.8571310353489046
1709,Combined,50.32450528315863,329864.9481194498,1.6657559228050616,-0.0
1710,Uniform,50.0,297510.3381155637,0.0,12.021006736708205
1710,Screened,50.31527253027451,297510.33811556373,0.47133446153242176,-0.0
1710,Yield per roof,51.286050738060204,297510.33811556373,1.1861590236055122,1.160545622671748
1710,Procurement,50.0,297510.3381155637,0.9486117221961337,6.852026180178703
1710,Combined,50.31527253027451,297510.33811556373,1.4203111454608148,-0.0
1711,Uniform,50.0,379719.09409808763,0.0,21.435281547989145
1711,Screened,50.307808611873185,379719.09409808763,0.44701573623855495,-0.0
1711,Yield per roof,51.24908761157201,379719.09409808763,1.2071486303543395,4.469516258106095
1711,Procurement,50.0,379719.09409808763,0.8721378721153883,15.297044825988545
1711,Combined,50.307808611873185,379719.09409808763,1.3190078083599275,-0.0
1712,Uniform,50.0,315736.52596506366,0.0,5.231669403341762
1712,Screened,50.315779377830914,315736.52594642254,0.6277094903228289,-0.0
1712,Yield per roof,51.28262764425482,315736.5259650637,1.5723549433656672,-0.0
1712,Procurement,50.0,315736.52596506366,0.9225668424127207,2.588065997637797
1712,Combined,50.315779377830914,315736.52594642254,1.5503481468689273,-0.0
1713,Uniform,50.0,307189.10028840066,0.0,51.38969029028815
1713,Screened,50.31766550812231,307189.1002713888,0.3171066948196426,18.802112251536222
1713,Yield per roof,51.28926018667748,307189.10028840066,0.798288676639693,32.44476470644111
1713,Procurement,50.0,307189.10028840066,1.1859194811096359,24.14596915524251
1713,Combined,50.31766550812231,307189.1002713888,1.505474224159265,-0.0
1714,Uniform,50.0,305290.66131432133,0.0,5.443492122359964
1714,Screened,50.30758013603074,305290.6613144205,0.532702876152527,-0.0
1714,Yield per roof,51.2545275594511,305290.66131432133,1.3172077978814798,-0.0
1714,Procurement,50.0,305290.66131432133,0.9331794516480869,2.3587131383901005
1714,Combined,50.30758013603074,305290.6613144205,1.4680515848061901,-0.0
1715,Uniform,50.0,339141.772701395,0.0,26.123108569069846
1715,Screened,50.33234669253112,339141.7726814577,0.4052800480760652,-0.0
1715,Yield per roof,51.35294749754789,339141.77270139504,1.0005842053126344,7.7750329508970975
1715,Procurement,50.0,339141.772701395,1.03481116010434,18.125092996603705
1715,Combined,50.33234669253112,339141.7726814577,1.4433416880736019,-0.0
1716,Uniform,50.0,427982.5927153338,0.0,19.484589544306765
1716,Screened,50.30607250370264,427982.59271533403,0.5700529998177046,-0.0
1716,Yield per roof,51.24689226055282,427982.5927153337,1.4283096163645865,2.868798192797332
1716,Procurement,50.0,427982.5927153338,0.7260097137763495,15.203301366854587
1716,Combined,50.30607250370264,427982.59271533403,1.297662822181195,-0.0
1717,Uniform,50.0,298353.01265672053,0.0,5.319572471531768
1717,Screened,50.3204392132106,298353.0126390823,0.5355333143929641,-0.0
1717,Yield per roof,51.30269652948076,298353.0126567205,1.43970612777332,-0.0
1717,Procurement,50.0,298353.01265672053,0.9311102144924774,2.42397099909391
1717,Combined,50.3204392132106,298353.0126390823,1.4681598926605375,-0.0
1718,Uniform,50.0,378283.3768912094,0.0,24.96732204545886
1718,Screened,50.309385522166366,378283.3768912093,0.4067289321531149,-0.0
1718,Yield per roof,51.264330952161764,378283.3768912094,1.02311718226197,7.110372498836939
1718,Procurement,50.0,378283.3768912094,0.8355611770732452,18.531340564469488
1718,Combined,50.309385522166366,378283.3768912093,1.2421542830886665,-0.0
1719,Uniform,50.0,350180.39722150186,0.0,89.27910018281906
1719,Screened,50.31029797153852,350180.3972215019,0.2610748185251168,49.3522686676019
1719,Yield per roof,51.26828720635451,350180.3972215018,0.6974492598405604,66.95591960986351
1719,Procurement,50.0,350180.39722150186,1.0034198294351881,61.74488672926072
1719,Combined,50.31029797153852,350180.3972215019,1.265661700851858,29.397277850574213
1720,Uniform,50.0,413575.1523931972,0.0,3.860996047433691
1720,Screened,50.31185255612006,413575.15236886276,0.9382621732573,-0.0
1720,Yield per roof,51.26523557659349,413575.1523931972,2.22604362625313,-0.0
1720,Procurement,50.0,413575.1523931972,0.8195412603138266,2.7888661503041416
1720,Combined,50.31185255612006,413575.15236886276,1.7574877960648223,-0.0
1721,Uniform,50.0,294800.6079252725,0.0,23.71290164993537
1721,Screened,50.31662256429964,294800.60792544147,0.297562496137445,-0.0
1721,Yield per roof,51.291601912294276,294800.6079252725,0.7838236608443196,7.968420145821185
1721,Procurement,50.0,294800.6079252725,0.9359480199023977,16.496566843327724
1721,Combined,50.31662256429964,294800.60792544147,1.233586246748743,-0.0
1722,Uniform,50.0,283999.6478252225,0.0,6.869075441994951
1722,Screened,50.30680661790227,283999.64782522246,0.4922908149020344,-0.0
1722,Yield per roof,51.25871542551911,283999.64782522235,1.1921146726560607,-0.0
1722,Procurement,50.0,283999.6478252225,0.9496076173050056,2.7430431189868365
1722,Combined,50.30680661790227,283999.64782522246,1.4464117732127448,-0.0
1723,Uniform,50.0,338400.23137034604,0.0,10.01690527565398
1723,Screened,50.32716340604045,338400.23135047377,0.6401699777592427,-0.0
1723,Yield per roof,51.32759417459794,338400.23137034616,1.6096496801201425,-0.0
1723,Procurement,50.0,338400.23137034604,1.065039102856204,5.392199028690148
1723,Combined,50.32716340604045,338400.23135047377,1.7069485241343045,-0.0
1724,Uniform,50.0,324678.69560184935,0.0,18.503992644625086
1724,Screened,50.3101031497581,324678.69558264595,0.38308796169040704,-0.0
1724,Yield per roof,51.2606690245926,324678.69560184935,0.9774098825599893,4.271719902146975
1724,Procurement,50.0,324678.69560184935,0.8903405405870757,12.131745291451072
1724,Combined,50.3101031497581,324678.69558264595,1.2740711709813226,-0.0
1725,Uniform,50.0,379257.6201725716,0.0,31.45726437910607
1725,Screened,50.3135626850073,379257.62017257157,0.45512128747633085,-0.0
1725,Yield per roof,51.27243755275432,379257.6201725716,1.1407237466594893,9.534953020852988
1725,Procurement,50.0,379257.6201725716,0.9030053233258712,24.574947105780495
1725,Combined,50.3135626850073,379257.62017257157,1.3579473232713042,-0.0
1726,Uniform,50.0,411183.0614461872,0.0,4.069714072910825
1726,Screened,50.324327101952626,411183.0614219749,0.9567935848620266,-0.0
1726,Yield per roof,51.317158460800904,411183.0614461871,2.4301295141397645,-0.0
1726,Procurement,50.0,411183.0614461872,0.8019900997479965,2.9920722213990776
1726,Combined,50.324327101952626,411183.0614219749,1.758619411016042,-0.0
1727,Uniform,50.0,417591.14436531614,0.0,3.923600860517542
1727,Screened,50.31756991332084,417591.1443406332,0.9779365021295234,-0.0
1727,Yield per roof,51.29972073933159,417591.14436531614,2.4092629488388013,-0.0
1727,Procurement,50.0,417591.14436531614,0.8195423318884423,2.8237296167128036
1727,Combined,50.31756991332084,417591.1443406332,1.8011582952282197,-0.0
1728,Uniform,50.0,408121.9983144037,0.0,22.403747236937914
1728,Screened,50.31250110694457,408121.99829026987,0.5376917351354393,-0.0
1728,Yield per roof,51.272944833181086,408121.9983144037,1.3196316010561162,4.827993472259224
1728,Procurement,50.0,408121.9983144037,0.8394239290203132,16.464944700402903
1728,Combined,50.31250110694457,408121.99829026987,1.3792063679315305,-0.0
1729,Uniform,50.0,403284.9446000251,0.0,24.745953784383158
1729,Screened,50.31135786430816,403284.94460124173,0.45043358480059226,-0.0
1729,Yield per roof,51.273400916299224,403284.9446000251,1.1028189247096662,6.720736379396578
1729,Procurement,50.0,403284.9446000251,0.7904362896158261,18.659086045913728
1729,Combined,50.31135786430816,403284.94460124173,1.2429175154223486,-0.0
1730,Uniform,50.0,291608.59962590574,-7.105427357601002e-15,17.233358151022056
1730,Screened,50.321690831835724,291608.5996086951,0.35439283004711086,-0.0
1730,Yield per roof,51.31226309130506,291608.59962590574,0.9081533035685041,3.926220182468668
1730,Procurement,50.0,291608.59962590574,1.0843656004676703,10.073824789261291
1730,Combined,50.321690831835724,291608.5996086951,1.4434870857727446,-0.0
1731,Uniform,50.0,302345.8132800279,0.0,51.6324737344474
1731,Screened,50.306985627085005,302345.8132621656,0.22522462569482826,24.04250165080251
1731,Yield per roof,51.24826508171044,302345.81328002794,0.5931453203869097,35.71545448331337
1731,Procurement,50.0,302345.8132800279,0.8782334845247419,27.73492356941195
1731,Combined,50.306985627085005,302345.8132621656,1.1052570292530817,6.732022434388134
1732,Uniform,50.0,359893.96351410355,1.4210854715202004e-14,4.1204699960650295
1732,Screened,50.31149341098227,359893.96351410367,0.7026990572044838,-0.0
1732,Yield per roof,51.264056577462334,359893.9635141035,1.829063117654215,-0.0
1732,Procurement,50.0,359893.96351410355,0.9199804056918595,2.6006211265337815
1732,Combined,50.31149341098227,359893.96351410367,1.622959369156959,-0.0
1733,Uniform,50.0,309769.2920828855,0.0,7.177602541193819
1733,Screened,50.31362923570193,309769.2920645451,0.47006283373890767,-0.0
1733,Yield per roof,51.28528042531631,309769.2920828855,1.236397362943947,-0.0
1733,Procurement,50.0,309769.2920828855,0.8762300989352383,3.372370143847977
1733,Combined,50.31362923570193,309769.2920645451,1.3492476522762757,-0.0
1734,Uniform,50.0,288818.5633447267,0.0,7.731396120429024
1734,Screened,50.308079377216316,288818.5633447267,0.4465957078613627,-0.0
1734,Yield per roof,51.25564701710411,288818.5633447266,1.164315237312806,-0.0
1734,Procurement,50.0,288818.5633447267,0.8801419507889818,3.909382335327372
1734,Combined,50.308079377216316,288818.5633447267,1.3276302747201782,-0.0
1735,Uniform,50.0,290426.5342984036,0.0,4.12723855712054
1735,Screened,50.32743029647366,290426.53429873515,0.6062631641983955,-0.0
1735,Yield per roof,51.3367855223385,290426.5342984037,1.492619974192536,-0.0
1735,Procurement,50.0,290426.5342984036,1.0080418594084364,2.068399640335715
1735,Combined,50.32743029647366,290426.53429873515,1.6172216951989924,-0.0
1736,Uniform,50.0,379855.0159589831,1.4210854715202004e-14,13.785668546617496
1736,Screened,50.31478130255201,379855.01595898316,0.5501640771900611,-0.0
1736,Yield per roof,51.27864659378411,379855.01595898304,1.4402558086935784,1.110634373628024
1736,Procurement,50.0,379855.0159589831,0.9141804856365638,8.850121500394845
1736,Combined,50.31478130255201,379855.01595898316,1.4657543203401815,-0.0
1737,Uniform,50.0,319409.39044129953,0.0,16.54166936279809
1737,Screened,50.31430991447018,319409.3904412995,0.4803061243367921,-0.0
1737,Yield per roof,51.27527661942989,319409.3904412996,1.2146395584478995,2.363813049775452
1737,Procurement,50.0,319409.39044129953,1.069810691854272,10.272695047710153
1737,Combined,50.31430991447018,319409.3904412995,1.5514806549301312,-0.0
1738,Uniform,50.0,295273.8257830611,-1.4210854715202004e-14,5.8889451904140175
1738,Screened,50.307125959028276,295273.8257830612,0.5323584588235803,-0.0
1738,Yield per roof,51.248209536132016,295273.82578306115,1.2649126181014196,-0.0
1738,Procurement,50.0,295273.8257830611,0.9002180446445038,2.537036754105409
1738,Combined,50.307125959028276,295273.8257830612,1.4365449636752459,-0.0
1739,Uniform,50.0,396199.9126713869,0.0,10.059529048620833
1739,Screened,50.32290710457696,396199.91264836554,0.7715325481941306,-0.0
1739,Yield per roof,51.31153660442772,396199.91267138696,1.9642001242227423,-0.0
1739,Procurement,50.0,396199.9126713869,0.9783218594462255,5.882278024445041
1739,Combined,50.32290710457696,396199.91264836554,1.751168345094328,-0.0
1740,Uniform,50.0,333260.95727936644,0.0,102.01597275608016
1740,Screened,50.328881362668035,333260.95725982054,0.24932802491060357,59.48210959183335
1740,Yield per roof,51.33535750386971,333260.95727936644,0.6582119804752011,78.66287642792427
1740,Procurement,50.0,333260.95727936644,1.053142409097859,73.44567672404165
1740,Combined,50.328881362668035,333260.95725982054,1.3037421003692202,38.78357629069149
1741,Uniform,50.0,335734.75624816085,0.0,3.394184215240199
1741,Screened,50.32010965965281,335734.75622886186,0.715016103956458,-0.0
1741,Yield per roof,51.30134622564752,335734.75624816096,1.745248608079308,-0.0
1741,Procurement,50.0,335734.75624816085,0.9234932442166439,2.154927131714418
1741,Combined,50.32010965965281,335734.75622886186,1.6393931108848108,-0.0
1742,Uniform,50.0,292088.2581922557,0.0,41.55845312391005
1742,Screened,50.30381276335729,292088.2581922557,0.25666523041864764,15.501038937858237
1742,Yield per roof,51.23361315260152,292088.2581922556,0.6702515274437246,25.27014033959668
1742,Procurement,50.0,292088.2581922557,0.945411606987534,18.997835727938863
1742,Combined,50.30381276335729,292088.2581922557,1.2015046770228892,-0.0
1743,Uniform,50.0,354910.62339515146,-1.4210854715202004e-14,4.929290749605907
1743,Screened,50.30035031435755,354910.62337417604,0.6266460901383368,-0.0
1743,Yield per roof,51.22066265165107,354910.6233951515,1.6376608273784115,-0.0
1743,Procurement,50.0,354910.62339515146,0.8274905107169559,2.7200712907860582
1743,Combined,50.30035031435755,354910.62337417604,1.4537885306265963,-0.0
1744,Uniform,50.0,320428.01892665215,0.0,16.47487301228898
1744,Screened,50.31855122488205,320428.0189077239,0.4507879762966951,-0.0
1744,Yield per roof,51.294532269993994,320428.01892665215,1.1353567015663373,2.7830458462566536
1744,Procurement,50.0,320428.01892665215,0.9109669109904246,10.883957029652944
1744,Combined,50.31855122488205,320428.0189077239,1.36154456035446,-0.0
1745,Uniform,50.0,299635.82199750637,0.0,9.6673335058486
1745,Screened,50.323632831306625,299635.8219798527,0.469575817816164,-0.0
1745,Yield per roof,51.3152588472234,299635.8219975063,1.2082243467964986,0.4515176270065516
1745,Procurement,50.0,299635.82199750637,0.999725834060726,5.0208415842682985
1745,Combined,50.323632831306625,299635.8219798527,1.4711837674444013,-0.0
1746,Uniform,50.0,348634.51461232605,0.0,41.27878094206121
1746,Screened,50.3108821696019,348634.51461232593,0.34883188585913416,10.863839635792422
1746,Yield per roof,51.266465521688886,348634.51461232605,0.8367647500130744,23.35180478621438
1746,Procurement,50.0,348634.51461232605,0.9663599168799806,23.524258573200644
1746,Combined,50.3108821696019,348634.51461232593,1.318118672733867,-0.0
1747,Uniform,50.0,327592.4111077989,0.0,11.659323160099845
1747,Screened,50.3150614928793,327592.4110884368,0.492416871042181,-0.0
1747,Yield per roof,51.28425521481726,327592.41110779904,1.2434683381759015,0.9840205172182298
1747,Procurement,50.0,327592.4111077989,0.9554854988113277,6.6770946843255805
1747,Combined,50.3150614928793,327592.4110884368,1.449580287289649,-0.0
1748,Uniform,50.0,295870.141731965,0.0,3.133074944812535
1748,Screened,50.30715329487655,295870.141731965,0.5795146816676322,-0.0
1748,Yield per roof,51.24744612593824,295870.14173196495,1.4884161576330115,-0.0
1748,Procurement,50.0,295870.141731965,0.9774163342680282,1.7861254979434469
1748,Combined,50.30715329487655,295870.141731965,1.5579820402971052,-0.0
1749,Uniform,50.0,319646.97795378,0.0,52.208631730136084
1749,Screened,50.31509543798022,319646.97795377986,0.2824576470451916,22.15483671755306
1749,Yield per roof,51.28027616393239,319646.97795378,0.7016506738013746,34.85406355844513
1749,Procurement,50.0,319646.97795378,0.9470352491130498,26.46952292581623
1749,Combined,50.31509543798022,319646.97795377986,1.2313041537614282,3.532063511057913
1750,Uniform,50.0,416104.7713553595,-7.105427357601002e-15,102.48075827500192
1750,Screened,50.31729446723118,416104.7713553595,0.32080783603297647,57.25896382813136
1750,Yield per roof,51.2859240109427,416104.77135535947,0.7983175085955665,76.58088408113736
1750,Procurement,50.0,416104.7713553595,0.8211177231205724,80.19682677980293
1750,Combined,50.31729446723118,416104.7713553595,1.141775716302206,41.1489673667511
1751,Uniform,50.0,374126.9478689187,0.0,13.113417992017972
1751,Screened,50.310492512860854,374126.9478689187,0.6261557312592458,-0.0
1751,Yield per roof,51.2624225169735,374126.94786891865,1.5292162164034977,0.9711668361654163
1751,Procurement,50.0,374126.9478689187,0.8900255551838114,8.38094928243697
1751,Combined,50.310492512860854,374126.9478689187,1.5166913245357136,-0.0
1752,Uniform,50.0,398216.9988615473,0.0,28.977886857019453
1752,Screened,50.31713386383332,398216.99883800116,0.42172432494433565,-0.0
1752,Yield per roof,51.29269863451673,398216.99886154744,1.0248201228546776,8.9955567978421
1752,Procurement,50.0,398216.9988615473,0.8379784523118019,22.518378199941527
1752,Combined,50.31713386383332,398216.99883800116,1.2622582828248596,-0.0
1753,Uniform,50.0,364146.9654444414,0.0,63.329474170928904
1753,Screened,50.32568318237496,364146.96542297595,0.3098686429630604,27.81660860937374
1753,Yield per roof,51.323123789398934,364146.9654444414,0.7797470027643172,44.093156072125986
1753,Procurement,50.0,364146.9654444414,1.007940213559749,35.821946219250975
1753,Combined,50.32568318237496,364146.96542297595,1.3226114470838226,7.83350808229768
1754,Uniform,50.0,286735.358404686,0.0,20.419472939097517
1754,Screened,50.323975167450314,286735.35838882904,0.3341667490786122,-0.0
1754,Yield per roof,51.355013525550724,286735.35840468603,0.7845112606938613,6.029175614024299
1754,Procurement,50.0,286735.358404686,1.0587079509437984,12.516867509598093
1754,Combined,50.323975167450314,286735.35838882904,1.4035667423310443,-0.0
1755,Uniform,50.0,394623.7127086322,0.0,5.0528952539234435
1755,Screened,50.32086224379338,394623.7126854592,0.8745864084565369,-0.0
1755,Yield per roof,51.30125982104634,394623.7127086322,2.1601953480335965,-0.0
1755,Procurement,50.0,394623.7127086322,1.015398164080949,3.296780266628142
1755,Combined,50.32086224379338,394623.7126854592,1.8915758700027254,-0.0
1756,Uniform,50.0,416299.3673705182,0.0,75.89680040045519
1756,Screened,50.32345163050217,416299.36736051994,0.41644866278697634,32.322721878279054
1756,Yield per roof,51.31480280816795,416299.3673705183,1.0050662346349384,50.831470578299495
1756,Procurement,50.0,416299.3673705182,0.9489219944238414,50.29778267536111
1756,Combined,50.32345163050217,416299.36736051994,1.3682477195445983,13.756844438606704
1757,Uniform,50.0,374787.2334975805,-7.105427357601002e-15,32.307381348539764
1757,Screened,50.32404197744722,374787.23347545357,0.36236630750101284,2.495458242542624
1757,Yield per roof,51.31761278067036,374787.2334975805,0.8956678549267778,15.496799489557176
1757,Procurement,50.0,374787.2334975805,0.8886342119444848,23.8430735541061
1757,Combined,50.32404197744722,374787.23347545357,1.2568480479965842,-0.0
1758,Uniform,50.0,290957.16528672853,0.0,20.04988448959592
1758,Screened,50.310862832729434,290957.1652881914,0.3301184783614701,-0.0
1758,Yield per roof,51.273670221665434,290957.1652867286,0.7818706373865183,5.873421773407823
1758,Procurement,50.0,290957.16528672853,0.9678711056851483,12.580269800453486
1758,Combined,50.310862832729434,290957.1652881914,1.303149231658658,-0.0
1759,Uniform,50.0,379686.68259893206,0.0,33.79560053223138
1759,Screened,50.308500497810094,379686.6825989322,0.3725671388535119,3.3290373400072797
1759,Yield per roof,51.25762937305396,379686.68259893206,0.9560579130772311,14.409242745246125
1759,Procurement,50.0,379686.68259893206,0.8061393535047543,24.625130301544772
1759,Combined,50.308500497810094,379686.6825989322,1.180722187070792,-0.0
1760,Uniform,50.0,376825.7898217837,0.0,72.97154114112033
1760,Screened,50.308711703335625,376825.78982178384,0.3172138963380391,35.328909510963946
1760,Yield per roof,51.2532183949607,376825.78982178366,0.8240653994350211,50.182193269545124
1760,Procurement,50.0,376825.7898217837,0.8732277168715328,49.26799597158962
1760,Combined,50.308711703335625,376825.78982178384,1.1898069170310777,18.205272898143676
1761,Uniform,50.0,419759.1010508961,0.0,14.630675131962809
1761,Screened,50.308134288531924,419759.1010508961,0.7821068728886473,-0.0
1761,Yield per roof,51.24966023867524,419759.1010508961,1.8304353005492828,0.9551242165716566
1761,Procurement,50.0,419759.1010508961,0.8660809024054856,10.076250319154548
1761,Combined,50.308134288531924,419759.1010508961,1.648583667641617,-0.0
1762,Uniform,50.0,374704.44555765856,0.0,9.667474263072545
1762,Screened,50.327666616616554,374704.4455356509,0.7698654289348497,-0.0
1762,Yield per roof,51.3299875416161,374704.4455576584,1.8223213737342974,-0.0
1762,Procurement,50.0,374704.44555765856,1.1393543329412807,4.717497313663901
1762,Combined,50.327666616616554,374704.4455356509,1.9150604056708858,-0.0
1763,Uniform,50.0,417331.3147409328,0.0,8.836046136231314
1763,Screened,50.314498173477844,417331.3147409329,0.9090512980554593,-0.0
1763,Yield per roof,51.274053428209676,417331.31474093266,2.1179574292964674,-0.0
1763,Procurement,50.0,417331.3147409328,0.9228595011508105,4.922493155155558
1763,Combined,50.314498173477844,417331.3147409329,1.8325898799820663,-0.0
1764,Uniform,50.0,342047.89922687097,0.0,68.1306181295378
1764,Screened,50.29982498093633,342047.89922687097,0.22804500104718528,36.110572192141966
1764,Yield per roof,51.2180380204135,342047.89922687085,0.5972285529753592,49.74151718327231
1764,Procurement,50.0,342047.89922687097,0.838271717290425,45.3345751731172
1764,Combined,50.29982498093633,342047.89922687097,1.0675021623198617,19.611830196677907
1765,Uniform,50.0,312640.99494735664,0.0,3.2553929950020644
1765,Screened,50.31069178944835,312640.99494735664,0.6384284080169067,-0.0
1765,Yield per roof,51.26545204256039,312640.99494735646,1.5748571439367538,-0.0
1765,Procurement,50.0,312640.99494735664,0.99035198565673,1.9273367715635576
1765,Combined,50.31069178944835,312640.99494735664,1.6303360974294776,-0.0
1766,Uniform,50.0,329638.2682373994,0.0,24.726067693813953
1766,Screened,50.317325755924,329638.2682179079,0.34600540633604027,-0.0
1766,Yield per roof,51.2906437799446,329638.26823739934,0.8591691962057553,7.683079395570961
1766,Procurement,50.0,329638.2682373994,0.9438059010099522,17.445181112333128
1766,Combined,50.317325755924,329638.2682179079,1.2914642284149167,-0.0
1767,Uniform,50.0,327810.99211258837,0.0,20.817965689045753
1767,Screened,50.320280754004784,327810.992112695,0.42389960811522087,-0.0
1767,Yield per roof,51.30500207841773,327810.99211258837,1.1185856914118375,4.600543916760276
1767,Procurement,50.0,327810.99211258837,1.0133956276914944,13.80080750629012
1767,Combined,50.320280754004784,327810.992112695,1.439607757005362,-0.0
1768,Uniform,50.0,363965.99555800884,0.0,60.08814004161314
1768,Screened,50.320854416626375,363965.99553651246,0.32482067907101,25.20002977127912
1768,Yield per roof,51.30397322144544,363965.99555800913,0.8485027274078334,39.101843105324804
1768,Procurement,50.0,363965.99555800884,0.8829144612794195,36.07073079910237
1768,Combined,50.320854416626375,363965.99553651246,1.208370968880672,7.837931109265183
1769,Uniform,50.0,293360.5187423897,-1.4210854715202004e-14,2.9264409125729864
1769,Screened,50.30697351834308,293360.5187423896,0.5679993702924975,-0.0
1769,Yield per roof,51.2475263144742,293360.5187423896,1.4093604169246845,-0.0
1769,Procurement,50.0,293360.5187423897,0.8946500287868702,1.723457575929001
1769,Combined,50.30697351834308,293360.5187423896,1.4634994332969455,-0.0
1770,Uniform,50.0,283590.8854363328,0.0,42.69194916849857
1770,Screened,50.311421954236394,283590.8854363327,0.2625100465617365,16.119537211655484
1770,Yield per roof,51.2635239680827,283590.8854363329,0.6746434472948692,26.512874931907955
1770,Procurement,50.0,283590.8854363328,1.031243717247449,18.953252891926052
1770,Combined,50.311421954236394,283590.8854363327,1.2939042561633656,-0.0
1771,Uniform,50.0,291644.3278809822,0.0,12.042550372370123
1771,Screened,50.321264433604895,291644.32786382287,0.48692432568201127,-0.0
1771,Yield per roof,51.30300992042768,291644.3278809822,1.29591646864489,0.7830352905389495
1771,Procurement,50.0,291644.3278809822,1.1064594237504934,6.652292426363122
1771,Combined,50.321264433604895,291644.32786382287,1.596229736995781,-0.0
1772,Uniform,50.0,297736.8561299227,0.0,7.687474318556939
1772,Screened,50.32248534889674,297736.85611352796,0.5768769780538747,-0.0
1772,Yield per roof,51.31327788308499,297736.8561299227,1.4854835160726765,-0.0
1772,Procurement,50.0,297736.8561299227,1.155091428534817,2.9239442182696855
1772,Combined,50.32248534889674,297736.85611352796,1.7343498587151913,-0.0
1773,Uniform,50.0,364479.77623261744,0.0,3.305025307143536
1773,Screened,50.300738338094355,364479.77621105994,0.7285772823182555,-0.0
1773,Yield per roof,51.22213491643416,364479.7762326175,1.8277878692480556,-0.0
1773,Procurement,50.0,364479.77623261744,0.8283910834259842,2.1903751509663554
1773,Combined,50.300738338094355,364479.77621105994,1.55823963286322,-0.0
1774,Uniform,50.0,300587.4246605397,0.0,8.60019855853
1774,Screened,50.318290954013,300587.42466053984,0.5637695536629366,-0.0
1774,Yield per roof,51.29178050668266,300587.4246605397,1.3716183175850745,-0.0
1774,Procurement,50.0,300587.4246605397,1.0065595606110378,4.228491262518316
1774,Combined,50.318290954013,300587.42466053984,1.5703890286228983,-0.0
1775,Uniform,50.0,407781.0937744435,0.0,6.415568201997861
1775,Screened,50.31161834096522,407781.09377444355,0.8960739071887076,-0.0
1775,Yield per roof,51.265979453970104,407781.09377444343,2.1323735813473945,-0.0
1775,Procurement,50.0,407781.0937744435,0.8235522138218982,3.9412729714597745
1775,Combined,50.31161834096522,407781.09377444355,1.719278624596626,-0.0
1776,Uniform,50.0,294977.5038352474,0.0,8.722102773893688
1776,Screened,50.307775941081296,294977.50383524736,0.44623807733186993,-0.0
1776,Yield per roof,51.2502867618669,294977.5038352475,1.236682849446069,-0.0
1776,Procurement,50.0,294977.5038352474,0.9048357488532304,4.792755935047998
1776,Combined,50.307775941081296,294977.50383524736,1.3506885800295692,-0.0
1777,Uniform,50.0,351743.5027026654,-1.4210854715202004e-14,11.044820085628187
1777,Screened,50.31341139945401,351743.5027026654,0.5529887452380393,-0.0
1777,Yield per roof,51.273374013727214,351743.5027026654,1.3695782859052485,0.6453972976697909
1777,Procurement,50.0,351743.5027026654,0.9117531827083383,6.541212491362374
1777,Combined,50.31341139945401,351743.5027026654,1.4654370637915548,-0.0
1778,Uniform,50.0,290411.586459404,0.0,16.844740119419164
1778,Screened,50.312719246584756,290411.586459404,0.40131791235747016,-0.0
1778,Yield per roof,51.27034185464173,290411.586459404,0.9780423301386776,3.631341524204588
1778,Procurement,50.0,290411.586459404,0.9582460386862266,10.427151750847889
1778,Combined,50.312719246584756,290411.586459404,1.3600478329236836,-0.0
1779,Uniform,50.0,412557.2970455171,1.4210854715202004e-14,15.210603246763899
1779,Screened,50.3112506478956,412557.29704551725,0.5970980769017586,-0.0
1779,Yield per roof,51.264725869439765,412557.29704551713,1.525496424952891,1.4588948978084315
1779,Procurement,50.0,412557.2970455171,0.7698368561420068,10.668857579989778
1779,Combined,50.3112506478956,412557.29704551725,1.3672143897302647,-0.0
1780,Uniform,50.0,287613.19856547285,0.0,9.674994044771495
1780,Screened,50.327891332865434,287613.19854860095,0.49546733427604295,-0.0
1780,Yield per roof,51.330489879902494,287613.19856547285,1.324603864668731,0.0824374701309791
1780,Procurement,50.0,287613.19856547285,1.0511016216047722,5.108741085948681
1780,Combined,50.327891332865434,287613.19854860095,1.547391429734418,-0.0
1781,Uniform,50.0,381864.06510048267,-1.4210854715202004e-14,7.886993230876126
1781,Screened,50.33640709265841,381864.06508264417,0.724145241878162,-0.0
1781,Yield per roof,51.367795890505974,381864.06510048255,1.8892697362229995,-0.0
1781,Procurement,50.0,381864.06510048267,0.919829116392819,3.93650805685437
1781,Combined,50.33640709265841,381864.06508264417,1.6454988598158735,-0.0
1782,Uniform,50.0,313016.71755495446,0.0,17.324882113682616
1782,Screened,50.340537971066425,313016.71755542204,0.5560251218608414,-0.0
1782,Yield per roof,51.388504041033435,313016.71755495446,1.3384223166696074,2.478801742184853
1782,Procurement,50.0,313016.71755495446,1.1633979878671425,10.475636374203301
1782,Combined,50.340537971066425,313016.71755542204,1.722671628294691,-0.0
1783,Uniform,50.0,335631.3104123886,0.0,109.06136630996514
1783,Screened,50.31986404156127,335631.31041251647,0.1974393453538461,68.13399509179085
1783,Yield per roof,51.30450058701867,335631.31041238864,0.536521521502415,84.13712087772225
1783,Procurement,50.0,335631.3104123886,0.9636855250610807,79.32513480780928
1783,Combined,50.31986404156127,335631.31041251647,1.1637893705500701,45.34976068471398
1784,Uniform,50.0,283105.4582029936,0.0,19.9645148007366
1784,Screened,50.325467447534315,283105.45818633965,0.37415169330009235,-0.0
1784,Yield per roof,51.3211408179344,283105.4582029935,0.9998109699383306,4.651671535896498
1784,Procurement,50.0,283105.4582029936,1.174454224158346,11.930214009970978
1784,Combined,50.325467447534315,283105.45818633965,1.5526078655523392,-0.0
1785,Uniform,50.0,286609.4300357549,0.0,43.49713218547596
1785,Screened,50.32252811604991,286609.4300189278,0.2907277063895748,14.300962664192053
1785,Yield per roof,51.30786912170168,286609.43003575504,0.7662010854008372,26.09777323045506
1785,Procurement,50.0,286609.4300357549,1.1534828534268513,20.852836003040014
1785,Combined,50.32252811604991,286609.4300189278,1.4459912949484846,-0.0
1786,Uniform,50.0,339635.9346968044,0.0,5.510383250183467
1786,Screened,50.30584591216397,339635.9346968043,0.5939774485152043,-0.0
1786,Yield per roof,51.24159606971288,339635.93469680444,1.5835566025191525,-0.0
1786,Procurement,50.0,339635.9346968044,0.9263473066330619,2.6621675894152577
1786,Combined,50.30584591216397,339635.9346968043,1.5202947881380169,-0.0
1787,Uniform,50.0,345518.80763317534,0.0,3.089218342267556
1787,Screened,50.30472973165825,345518.80763317546,0.8268822617628473,-0.0
1787,Yield per roof,51.23749946957655,345518.8076331754,2.030059852787957,-0.0
1787,Procurement,50.0,345518.80763317534,0.9296207406196686,1.8415306254031283
1787,Combined,50.30472973165825,345518.80763317546,1.756924150080522,-0.0
1788,Uniform,50.0,311922.1004293907,0.0,7.545495863531603
1788,Screened,50.32489281699619,311922.10041107156,0.6400029565375434,-0.0
1788,Yield per roof,51.318173945996186,311922.1004293907,1.6263508829589313,-0.0
1788,Procurement,50.0,311922.1004293907,1.0895819186992668,3.140260439658154
1788,Combined,50.32489281699619,311922.10041107156,1.7307718930458975,-0.0
1789,Uniform,50.0,323535.74600413325,0.0,75.2678421058253
1789,Screened,50.3245704481244,323535.74598502833,0.19977690810203086,42.20476689107996
1789,Yield per roof,51.32084373012565,323535.74600413337,0.4803719978905363,59.27411459610607
1789,Procurement,50.0,323535.74600413325,0.9379012376327793,49.65654936644966
1789,Combined,50.3245704481244,323535.74598502833,1.14477457922996,23.53436395472057
1790,Uniform,50.0,384186.98100815655,-1.4210854715202004e-14,7.669276274379442
1790,Screened,50.31252312812682,384186.98101029475,0.7166024826632622,-0.0
1790,Yield per roof,51.278857146120316,384186.9810081566,1.734169767834885,-0.0
1790,Procurement,50.0,384186.98100815655,0.8550293391002128,3.9558638912434216
1790,Combined,50.31252312812682,384186.98101029475,1.57465378889637,-0.0
1791,Uniform,50.0,336081.625102945,0.0,14.455402483557066
1791,Screened,50.31854137930677,336081.62510294496,0.4829194165595396,-0.0
1791,Yield per roof,51.293869219541335,336081.6251029449,1.2599578799867857,1.6411469692402334
1791,Procurement,50.0,336081.625102945,0.9592721113988745,8.822317529372059
1791,Combined,50.31854137930677,336081.62510294496,1.444027940101833,-0.0
1792,Uniform,50.0,372008.0804224903,1.4210854715202004e-14,10.777423521562781
1792,Screened,50.33062549475624,372008.08040134015,0.7139758602019555,-0.0
1792,Yield per roof,51.3443031378993,372008.08042249037,1.7333059076946142,-0.0
1792,Procurement,50.0,372008.0804224903,1.0016059137421678,6.447244989486886
1792,Combined,50.33062549475624,372008.08040134015,1.7170914103688375,-0.0
1793,Uniform,50.0,332978.22241925215,0.0,16.645250526197103
1793,Screened,50.315850263561074,332978.2224192524,0.4894729558891413,-0.0
1793,Yield per roof,51.28433484968894,332978.22241925204,1.2265834843637435,2.37765063726448
1793,Procurement,50.0,332978.22241925215,1.0757248309399472,10.275509104395123
1793,Combined,50.315850263561074,332978.2224192524,1.5676535025727105,-0.0
1794,Uniform,50.0,335106.72381481377,0.0,16.432867259213122
1794,Screened,50.314032445543,335106.72381481377,0.5051203687246328,-0.0
1794,Yield per roof,51.27875034126884,335106.7238148138,1.2010800957992984,2.544866393447041
1794,Procurement,50.0,335106.72381481377,0.9705359048386413,10.696628503227998
1794,Combined,50.314032445543,335106.72381481377,1.4782108380777856,-0.0
1795,Uniform,50.0,341788.77196470613,0.0,9.796003862433757
1795,Screened,50.327893102612094,341788.7719446096,0.6011920834503712,-0.0
1795,Yield per roof,51.336020531163605,341788.77196470613,1.5290296859568855,-0.0
1795,Procurement,50.0,341788.77196470613,1.0235412654131864,5.350104771536183
1795,Combined,50.327893102612094,341788.7719446096,1.626682609782975,-0.0
1796,Uniform,50.0,293337.16348894616,0.0,37.81932846019732
1796,Screened,50.305562888460514,293337.16348894604,0.2532325930778043,12.414134983669708
1796,Yield per roof,51.239759466842514,293337.16348894604,0.6935135733685271,21.645143051561696
1796,Procurement,50.0,293337.16348894616,0.9456557919968205,18.34106236740314
1796,Combined,50.305562888460514,293337.16348894604,1.198290604679059,-0.0
1797,Uniform,50.0,274854.9365079875,0.0,22.897812592453395
1797,Screened,50.327495535168126,274854.93649999687,0.34433568730695896,-0.0
1797,Yield per roof,51.33426882843198,274854.93650798756,0.87171370782103,6.68842889668033
1797,Procurement,50.0,274854.9365079875,1.0989711725034823,14.404757420854425
1797,Combined,50.327495535168126,274854.93649999687,1.4451480162313786,-0.0
1798,Uniform,50.0,383332.7382241498,0.0,26.186472701215656
1798,Screened,50.31785125963899,383332.73822414957,0.4315503900410391,-0.0
1798,Yield per roof,51.29091882168061,383332.7382241497,1.13129300526181,7.0385257681733675
1798,Procurement,50.0,383332.7382241498,0.8774105002835171,19.436402450618896
1798,Combined,50.31785125963899,383332.73822414957,1.3092490598098294,-0.0
1799,Uniform,50.0,341192.1536606145,0.0,9.118177004651526
1799,Screened,50.31971734830669,341192.1536405933,0.762377923086774,-0.0
1799,Yield per roof,51.29595709419385,341192.1536606146,1.817156749703713,-0.0
1799,Procurement,50.0,341192.1536606145,1.1139631655507287,4.3585856530252585
1799,Combined,50.31971734830669,341192.1536405933,1.8779221516833218,-0.0
1800,Uniform,50.0,324961.4069321974,0.0,72.5978930135799
1800,Screened,50.320838928212005,324961.406913094,0.2808254400419159,36.40932184918387
1800,Yield per roof,51.30126368715864,324961.4069321974,0.7216345136764701,52.31181245013408
1800,Procurement,50.0,324961.4069321974,1.1183360481666682,41.857594560287545
1800,Combined,50.320838928212005,324961.406913094,1.4009762228847507,14.107656078468041
1801,Uniform,50.0,355515.7093447612,0.0,7.350598470180939
1801,Screened,50.30958679264052,355515.70934476133,0.660109141120742,-0.0
1801,Yield per roof,51.257973230390576,355515.70934476133,1.6787096001221897,-0.0
1801,Procurement,50.0,355515.7093447612,0.8690596461665194,3.6050702615322257
1801,Combined,50.30958679264052,355515.70934476133,1.52843545838671,-0.0
1802,Uniform,50.0,346360.22984865285,0.0,18.177279382233724
1802,Screened,50.322758762647254,346360.2298292504,0.5181122097234407,-0.0
1802,Yield per roof,51.30909502736085,346360.22984865285,1.2688339940728213,2.9287716517568008
1802,Procurement,50.0,346360.22984865285,1.0586013919512283,11.905959316304386
1802,Combined,50.322758762647254,346360.2298292504,1.5786157043355473,-0.0
1803,Uniform,50.0,280351.9880967202,0.0,8.279755123324701
1803,Screened,50.31828614756933,280351.98808020935,0.533530575588955,-0.0
1803,Yield per roof,51.2936468962972,280351.9880967202,1.3254143473283335,-0.0
1803,Procurement,50.0,280351.9880967202,1.09039044895664,3.541456675061747
1803,Combined,50.31828614756933,280351.98808020935,1.6254984835917838,-0.0
1804,Uniform,50.0,434659.46251151664,0.0,13.482233559075471
1804,Screened,50.29893096008001,434659.46249629086,0.6534278294954561,-0.0
1804,Yield per roof,51.21708563858714,434659.4625115166,1.6000616684381441,0.8949611947494736
1804,Procurement,50.0,434659.46251151664,0.7176322765129299,9.557705471761654
1804,Combined,50.29893096008001,434659.46249629086,1.3718912896715096,-0.0
1805,Uniform,50.0,298206.26826343825,-7.105427357601002e-15,47.42592218097056
1805,Screened,50.328251965240625,298206.26824585255,0.21813071824883679,20.321883757296987
1805,Yield per roof,51.345226954254116,298206.26826343825,0.5112956904487476,35.365194578651945
1805,Procurement,50.0,298206.26826343825,1.0254602345744814,20.544060194253714
1805,Combined,50.328251965240625,298206.26824585255,1.2543998042311202,-0.0
1806,Uniform,50.0,288998.0885069856,0.0,20.886446517307686
1806,Screened,50.30904476778547,288998.08850698563,0.325417652280656,-0.0
1806,Yield per roof,51.255233729289145,288998.0885069855,0.8319465339790639,5.945239083310095
1806,Procurement,50.0,288998.0885069856,0.9912371203157448,13.228993251488447
1806,Combined,50.30904476778547,288998.08850698563,1.317551379770883,-0.0
1807,Uniform,50.0,411959.92283228226,0.0,30.868214688292888
1807,Screened,50.31367605461908,411959.92280814954,0.5041330672340365,-0.0
1807,Yield per roof,51.269815473925775,411959.9228322822,1.2874021841678598,8.50417344655061
1807,Procurement,50.0,411959.92283228226,0.8550195745136477,24.341507758356922
1807,Combined,50.31367605461908,411959.92280814954,1.3591732660222533,-0.0
1808,Uniform,50.0,348965.9934743645,0.0,23.192106677840734
1808,Screened,50.30279604637251,348965.99347436463,0.38964421106396685,-0.0
1808,Yield per roof,51.23855647564712,348965.9934743645,0.9523013904944193,6.5908101221211695
1808,Procurement,50.0,348965.9934743645,0.8904181657019876,16.32796364365861
1808,Combined,50.30279604637251,348965.99347436463,1.2818560551905307,-0.0
1809,Uniform,50.0,419400.7622185114,0.0,31.003180395458244
1809,Screened,50.30192838177755,419400.76221851143,0.4031790577418022,-0.0
1809,Yield per roof,51.226524861191606,419400.76221851155,1.0452827962875801,9.604636897730877
1809,Procurement,50.0,419400.7622185114,0.7607730299688384,25.146298042457804
1809,Combined,50.30192838177755,419400.76221851143,1.1649004357206394,-0.0
1810,Uniform,50.0,290549.84625090583,0.0,3.0719536716732643
1810,Screened,50.323023752012915,290549.84623380145,0.6358467062846671,-0.0
1810,Yield per roof,51.311656649489194,290549.8462509058,1.6105043589483756,-0.0
1810,Procurement,50.0,290549.84625090583,0.9556540026743079,1.7920307086139533
1810,Combined,50.323023752012915,290549.84623380145,1.5913521624156175,-0.0
1811,Uniform,50.0,325573.80576123914,-1.4210854715202004e-14,4.250204480679869
1811,Screened,50.32014008305343,325573.80574203737,0.6733206406557173,-0.0
1811,Yield per roof,51.3006330043802,325573.8057612392,1.6043890903136173,-0.0
1811,Procurement,50.0,325573.80576123914,0.9212484507944083,2.3645509731419088
1811,Combined,50.32014008305343,325573.80574203737,1.5944537396332805,-0.0
1812,Uniform,50.0,402209.8423384314,0.0,13.19288364205036
1812,Screened,50.310151701236215,402209.8423384314,0.7454844197246473,-0.0
1812,Yield per roof,51.257350060932204,402209.8423384314,1.7869143926221795,0.6686396548107436
1812,Procurement,50.0,402209.8423384314,0.9701948664547189,8.569479850863555
1812,Combined,50.310151701236215,402209.8423384314,1.7166799851972172,-0.0
1813,Uniform,50.0,334386.11553999595,0.0,26.46771427520498
1813,Screened,50.31302569138174,334386.1155399959,0.3737848754120563,-0.0
1813,Yield per roof,51.27471773545803,334386.11553999595,1.0134024722989778,7.599638399286035
1813,Procurement,50.0,334386.11553999595,0.9957902984802018,18.779300898328557
1813,Combined,50.31302569138174,334386.1155399959,1.3701411072469156,-0.0
1814,Uniform,50.0,287335.8081736304,7.105427357601002e-15,17.61150314625672
1814,Screened,50.313014162294756,287335.8081736305,0.34304199738776475,-0.0
1814,Yield per roof,51.27292686055939,287335.8081736304,0.8559851008921839,4.42180365718274
1814,Procurement,50.0,287335.8081736304,0.9497472923246733,10.7300225084753
1814,Combined,50.313014162294756,287335.8081736305,1.2936625478000465,-0.0
1815,Uniform,50.0,427632.40276629623,0.0,30.87506970026132
1815,Screened,50.32949154267808,427632.40274160245,0.5362921416358688,-0.0
1815,Yield per roof,51.339722022498414,427632.4027662962,1.3480140273539405,8.43734151221087
1815,Procurement,50.0,427632.40276629623,0.8668447079279389,24.17676197262446
1815,Combined,50.32949154267808,427632.40274160245,1.4070757478006755,-0.0
1816,Uniform,50.0,355076.9609574701,0.0,13.853478566359952
1816,Screened,50.30762859574188,355076.9609574702,0.49346165469557945,-0.0
1816,Yield per roof,51.25541995165741,355076.9609574701,1.2858977770908524,1.4382632095294772
1816,Procurement,50.0,355076.9609574701,0.9290306249483109,8.508052300089906
1816,Combined,50.30762859574188,355076.9609574702,1.4231277319948958,-0.0
1817,Uniform,50.0,387188.20206301403,0.0,3.859090774903998
1817,Screened,50.30484760779977,387188.2020630141,0.7771475171064424,-0.0
1817,Yield per roof,51.24201011883738,387188.20206301403,1.916387239656217,-0.0
1817,Procurement,50.0,387188.20206301403,0.7958027616581944,2.7880389869566096
1817,Combined,50.30484760779977,387188.2020630141,1.5748943391720331,-0.0
1818,Uniform,50.0,307284.68831513455,0.0,70.90646435176552
1818,Screened,50.33049519922761,307284.6882970438,0.22214677853255438,38.15168444315203
1818,Yield per roof,51.34367380360613,307284.6883151345,0.5873370242285318,53.10624597889348
1818,Procurement,50.0,307284.68831513455,0.9675291220273365,44.46204032951083
1818,Combined,50.33049519922761,307284.6882970438,1.191933713642264,18.97557865545719
1819,Uniform,50.0,289369.2151574178,0.0,25.95171878095963
1819,Screened,50.32163347604382,289369.2151574178,0.40152849932958645,-0.0
1819,Yield per roof,51.30288660366366,289369.2151574177,1.0057657447500645,7.511135990541978
1819,Procurement,50.0,289369.2151574178,1.2900205526813693,16.076154323252673
1819,Combined,50.32163347604382,289369.2151574178,1.6948808001081517,-0.0
1820,Uniform,50.0,339006.5218169877,0.0,3.0292648969208886
1820,Screened,50.306366165874664,339006.52181698766,0.7460145710976747,-0.0
1820,Yield per roof,51.24777989893582,339006.5218169878,1.8421388158304524,-0.0
1820,Procurement,50.0,339006.5218169877,0.9259672623205688,1.7869229906547763
1820,Combined,50.306366165874664,339006.52181698766,1.6754803882713531,-0.0
1821,Uniform,50.0,320846.5039859138,0.0,5.678403056091628
1821,Screened,50.31624255617726,320846.50396698125,0.6791638983328596,-0.0
1821,Yield per roof,51.28416658447734,320846.5039859138,1.6395301467671288,-0.0
1821,Procurement,50.0,320846.5039859138,1.059484836585014,2.707975362006507
1821,Combined,50.31624255617726,320846.50396698125,1.7414949879841544,-0.0
1822,Uniform,50.0,384187.6346758192,0.0,3.929375104020456
1822,Screened,50.310079926937824,384187.6346587318,0.7989515345325913,-0.0
1822,Yield per roof,51.26158813858263,384187.63467581914,1.9732714307009758,-0.0
1822,Procurement,50.0,384187.6346758192,0.8671095578850725,2.765985191082347
1822,Combined,50.310079926937824,384187.6346587318,1.6659600558166403,-0.0
1823,Uniform,50.0,339153.6968575071,-1.4210854715202004e-14,5.282843776883863
1823,Screened,50.320372312752184,339153.6968375532,0.6829712767205365,-0.0
1823,Yield per roof,51.300747760336336,339153.696857507,1.6434352976921645,-0.0
1823,Procurement,50.0,339153.6968575071,0.9142747625416234,2.744879746924983
1823,Combined,50.320372312752184,339153.6968375532,1.5969325251298017,-0.0
1824,Uniform,50.0,363207.4926460589,0.0,20.43086216008357
1824,Screened,50.324004129408415,363207.4926246772,0.4657650697407121,-0.0
1824,Yield per roof,51.32167529062614,363207.4926460588,1.1657710123380696,4.504356755136786
1824,Procurement,50.0,363207.4926460589,0.8948381042346654,14.116219966268853
1824,Combined,50.324004129408415,363207.4926246772,1.3606095840124084,-0.0
1825,Uniform,50.0,312744.2780665744,1.4210854715202004e-14,7.002391458911895
1825,Screened,50.33440448576925,312744.27804817475,0.5809820444185192,-0.0
1825,Yield per roof,51.3634661474409,312744.27806657436,1.427288936302773,-0.0
1825,Procurement,50.0,312744.2780665744,1.0115218572024247,2.90218948439199
1825,Combined,50.33440448576925,312744.27804817475,1.597154706296294,-0.0
1826,Uniform,50.0,286691.50745170366,0.0,50.41031152873741
1826,Screened,50.30803362211576,286691.50745170366,0.20536710179393936,23.912566906365818
1826,Yield per roof,51.253199216899,286691.5074517037,0.5818811462565456,34.63383881080991
1826,Procurement,50.0,286691.50745170366,0.9292190189018861,25.127229280575378
1826,Combined,50.30803362211576,286691.50745170366,1.1345881727639835,5.650548650128788
1827,Uniform,50.0,326426.2746877938,0.0,53.59613762086421
1827,Screened,50.30631579937008,326426.2746877939,0.2769376414911662,22.971247243112156
1827,Yield per roof,51.24260204975247,326426.2746877938,0.7332341915932545,34.748541707412095
1827,Procurement,50.0,326426.2746877938,0.9318037653524129,28.273817691956157
1827,Combined,50.30631579937008,326426.2746877939,1.208152853383453,4.699505065879449
1828,Uniform,50.0,362754.0669555381,0.0,5.8927637925822385
1828,Screened,50.31788234504804,362754.0669433163,0.6612546357686426,-0.0
1828,Yield per roof,51.295690835401764,362754.0669555381,1.621159678343318,-0.0
1828,Procurement,50.0,362754.0669555381,0.8368125601614054,3.0197397596745934
1828,Combined,50.31788234504804,362754.0669433163,1.4987122014942713,-0.0
1829,Uniform,50.0,420383.20102459285,0.0,4.120247184159912
1829,Screened,50.31113217173406,420383.20102459285,0.8498130425450654,-0.0
1829,Yield per roof,51.26408672305764,420383.2010245926,2.1972071797032413,-0.0
1829,Procurement,50.0,420383.20102459285,0.7980119365826965,3.048214696852461
1829,Combined,50.31113217173406,420383.20102459285,1.6513070071679294,-0.0
1830,Uniform,50.0,321042.0760099243,0.0,10.748721790840577
1830,Screened,50.32205340312567,321042.07599108736,0.5726938334175031,-0.0
1830,Yield per roof,51.3115014755263,321042.0760099243,1.4452345823447672,0.3007724399680105
1830,Procurement,50.0,321042.0760099243,1.0377425334894497,6.074361322076962
1830,Combined,50.32205340312567,321042.07599108736,1.6114459545118507,-0.0
1831,Uniform,50.0,372773.13771530584,0.0,4.9041184309024555
1831,Screened,50.30876974197624,372773.1377153059,0.7509841408108429,-0.0
1831,Yield per roof,51.2534995061003,372773.13771530584,1.8717242444117375,-0.0
1831,Procurement,50.0,372773.13771530584,0.8699348416171517,3.010602284614528
1831,Combined,50.30876974197624,372773.1377153059,1.620974214278661,-0.0
1832,Uniform,50.0,388152.4089024378,0.0,20.457967630800397
1832,Screened,50.32426640312712,388152.4088797021,0.6450790939911144,-0.0
1832,Yield per roof,51.32209660311912,388152.4089024378,1.5154448182479143,3.190128347863825
1832,Procurement,50.0,388152.4089024378,0.9500525725647151,14.905291285384592
1832,Combined,50.32426640312712,388152.4088797021,1.5968088644779215,-0.0
1833,Uniform,50.0,350529.4465826215,-7.105427357601002e-15,25.267219710814572
1833,Screened,50.30338442480434,350529.4465826213,0.3393570537293158,-0.0
1833,Yield per roof,51.23301142472963,350529.44658262155,0.885000768726286,7.669904277816145
1833,Procurement,50.0,350529.4465826215,0.8628666383918571,18.621235854970713
1833,Combined,50.30338442480434,350529.4465826213,1.2033162102344193,-0.0
1834,Uniform,50.0,354948.79942739836,0.0,15.018045925858436
1834,Screened,50.33380878683296,354948.799417865,0.7086289143772007,-0.0
1834,Yield per roof,51.35724103848306,354948.7994273984,1.723153317788288,1.0936969847280238
1834,Procurement,50.0,354948.79942739836,1.1512263374972775,9.158523605956905
1834,Combined,50.33380878683296,354948.799417865,1.8624890086966701,-0.0
1835,Uniform,50.0,415456.4071301495,1.4210854715202004e-14,22.140869240980177
1835,Screened,50.31750570309353,415456.40713014954,0.6019946522270203,-0.0
1835,Yield per roof,51.290830615496894,415456.40713014954,1.425146430022508,4.3823143878262
1835,Procurement,50.0,415456.4071301495,0.8171201091018219,16.596055618208275
1835,Combined,50.31750570309353,415456.40713014954,1.4195253158046484,-0.0
1836,Uniform,50.0,334856.80299730354,0.0,96.68370042503058
1836,Screened,50.315604161447254,334856.8029775606,0.22587418401816706,56.41285058651097
1836,Yield per roof,51.280923822766916,334856.8029973034,0.5954539203510052,75.48109300356766
1836,Procurement,50.0,334856.80299730354,1.0914217260871055,66.66484305484767
1836,Combined,50.315604161447254,334856.8029775606,1.3204420533416155,34.60696837690882
1837,Uniform,50.0,395056.6105848814,1.4210854715202004e-14,8.740931139509318
1837,Screened,50.31795081213337,395056.61056392104,0.70374497052957,-0.0
1837,Yield per roof,51.29383994629271,395056.6105848814,1.8137440868062242,-0.0
1837,Procurement,50.0,395056.6105848814,0.8326042958106967,5.123781199796657
1837,Combined,50.31795081213337,395056.61056392104,1.5374826910606032,-0.0
1838,Uniform,50.0,403577.1868072766,0.0,63.22315621462378
1838,Screened,50.31311598916456,403577.1868072767,0.36762308366534313,25.209056139434537
1838,Yield per roof,51.2695706750566,403577.1868072766,0.9677041907717623,39.51565748980292
1838,Procurement,50.0,403577.1868072766,0.8298331654521505,40.824362510709506
1838,Combined,50.31311598916456,403577.1868072767,1.1969715395188132,9.053422209394656
1839,Uniform,50.0,352266.17934252654,0.0,9.921101444350082
1839,Screened,50.31595265687824,352266.17932170245,0.6200288330079218,-0.0
1839,Yield per roof,51.28439142056614,352266.1793425266,1.474970538544568,0.2885637439316162
1839,Procurement,50.0,352266.17934252654,0.9005802598183976,5.892118090045941
1839,Combined,50.31595265687824,352266.17932170245,1.523128093478448,-0.0
1840,Uniform,50.0,377510.2835008861,0.0,22.929829982966652
1840,Screened,50.301480690194325,377510.283486502,0.4589115843373861,-0.0
1840,Yield per roof,51.22771291627757,377510.2835008861,1.1541979323263263,5.559859377395694
1840,Procurement,50.0,377510.2835008861,0.8263196797681474,16.567041893437743
1840,Combined,50.301480690194325,377510.283486502,1.2855413455463065,-0.0
1841,Uniform,50.0,312512.78176529217,0.0,93.86022844666934
1841,Screened,50.323320724751234,312512.78176591767,0.2534073527859988,53.68232374675214
1841,Yield per roof,51.3190020124565,312512.78176529217,0.6509739660419243,71.78745963273863
1841,Procurement,50.0,312512.78176529217,1.1218635853312833,63.29131955874827
1841,Combined,50.323320724751234,312512.78176591767,1.3765231922809846,31.52246394299217
1842,Uniform,50.0,338153.080624926,0.0,26.05682976432319
1842,Screened,50.31030665642973,338153.0806249258,0.37514929551296206,-0.0
1842,Yield per roof,51.25911338208648,338153.080624926,0.9483475822033469,7.859864749997296
1842,Procurement,50.0,338153.080624926,0.898451475389507,19.147450379539897
1842,Combined,50.31030665642973,338153.0806249258,1.2728822601812197,-0.0
1843,Uniform,50.0,400488.73785954644,0.0,25.603682092502886
1843,Screened,50.31152394030395,400488.73785954644,0.5596890415517208,-0.0
1843,Yield per roof,51.26179627244252,400488.73785954644,1.462984893645995,5.243724122332587
1843,Procurement,50.0,400488.73785954644,0.9322378690421544,19.023793035217057
1843,Combined,50.31152394030395,400488.73785954644,1.4923257040641857,-0.0
1844,Uniform,50.0,362688.3357836728,0.0,14.62360768546504
1844,Screened,50.31938024656145,362688.3357622724,0.5403185303190554,-0.0
1844,Yield per roof,51.300961493662065,362688.3357836727,1.3453438650534792,1.6455608072254906
1844,Procurement,50.0,362688.3357836728,0.9638857297414631,8.970933753571245
1844,Combined,50.31938024656145,362688.3357622724,1.5060335209123963,-0.0
1845,Uniform,50.0,294533.2666316971,0.0,7.270142619724812
1845,Screened,50.30513367237609,294533.2666316971,0.4884434459478513,-0.0
1845,Yield per roof,51.239406789457334,294533.2666316971,1.3022296150139283,-0.0
1845,Procurement,50.0,294533.2666316971,0.9725430756227667,3.0472712316085366
1845,Combined,50.30513367237609,294533.2666316971,1.4609867382242925,-0.0
1846,Uniform,50.0,359998.702543754,-7.105427357601002e-15,29.120959090426087
1846,Screened,50.31410713443589,359998.702543754,0.41473075593549424,-0.0
1846,Yield per roof,51.27449641569265,359998.7025437539,1.004997862450594,9.207750592663121
1846,Procurement,50.0,359998.702543754,0.9835331182077027,21.61796722467313
1846,Combined,50.31410713443589,359998.702543754,1.39847401917568,-0.0
1847,Uniform,50.0,332360.85752278264,0.0,5.8378055941006295
1847,Screened,50.311039124401944,332360.8575227825,0.6105884387350216,-0.0
1847,Yield per roof,51.264358228792375,332360.8575227825,1.526878946467093,-0.0
1847,Procurement,50.0,332360.85752278264,0.858554164785275,2.8432979408220938
1847,Combined,50.311039124401944,332360.8575227825,1.4702447598726422,-0.0
1848,Uniform,50.0,346393.67408700194,0.0,33.22593979691678
1848,Screened,50.30974942633751,346393.67408700194,0.2993691774455485,6.722255628339266
1848,Yield per roof,51.25861250260144,346393.674087002,0.8090252279853445,15.87669320473472
1848,Procurement,50.0,346393.67408700194,0.8597139088758965,20.05452983630632
1848,Combined,50.30974942633751,346393.67408700194,1.1585754691147727,-0.0
1849,Uniform,50.0,416237.44734436576,0.0,10.916296486071678
1849,Screened,50.33106555950742,416237.4473200755,0.852704064462614,-0.0
1849,Yield per roof,51.34509064146708,416237.4473443659,2.0619479161662753,-0.0
1849,Procurement,50.0,416237.44734436576,0.876409275649678,7.2353662836882515
1849,Combined,50.33106555950742,416237.4473200755,1.7299232756903677,-0.0
1850,Uniform,50.0,394199.8339075675,0.0,28.025013151710667
1850,Screened,50.32809370069803,394199.8339254389,0.40006197504793306,-0.0
1850,Yield per roof,51.34959916811652,394199.83390756766,0.9760224640333774,8.711575893223374
1850,Procurement,50.0,394199.8339075675,0.7975219916225456,21.884438271253753
1850,Combined,50.32809370069803,394199.8339254389,1.2036008198020625,-0.0
1851,Uniform,50.0,368877.75489876326,0.0,13.833221677732533
1851,Screened,50.321082911671056,368877.754876977,0.5907628226044324,-0.0
1851,Yield per roof,51.30474982345278,368877.75489876326,1.4658076839106684,1.254471760174972
1851,Procurement,50.0,368877.75489876326,0.9292032722079284,8.764015972208261
1851,Combined,50.321082911671056,368877.754876977,1.5234186897109083,-0.0
1852,Uniform,50.0,301554.3522993381,0.0,12.24020875867416
1852,Screened,50.31044326003273,301554.35228435305,0.42462541301914314,-0.0
1852,Yield per roof,51.26382801140025,301554.3522993381,1.0812266777423645,1.4131603219901456
1852,Procurement,50.0,301554.3522993381,0.997525901666549,6.634156633365271
1852,Combined,50.31044326003273,301554.35228435305,1.4234986855569218,-0.0
1853,Uniform,50.0,297601.3292683974,1.4210854715202004e-14,7.153932171681904
1853,Screened,50.33065370674407,297601.3292524336,0.5614525944251341,-0.0
1853,Yield per roof,51.3450049864537,297601.32926839736,1.4185284534930815,-0.0
1853,Procurement,50.0,297601.3292683974,0.9607876329155403,2.9795432954915717
1853,Combined,50.33065370674407,297601.3292524336,1.5227457265064288,-0.0
1854,Uniform,50.0,285309.3669574113,1.4210854715202004e-14,2.728924179126381
1854,Screened,50.31101507313672,285309.3669574112,0.5819893601554469,-0.0
1854,Yield per roof,51.26404557002041,285309.3669574114,1.44183265524849,-0.0
1854,Procurement,50.0,285309.3669574113,0.8983889710970345,1.5216379048073356
1854,Combined,50.31101507313672,285309.3669574112,1.4815733429898046,-0.0
1855,Uniform,50.0,418468.84808625985,0.0,17.599578139627795
1855,Screened,50.334857638164934,418468.848061743,0.7078153909228462,-0.0
1855,Yield per roof,51.35988072379787,418468.8480862597,1.6962694085670904,1.9903355956584454
1855,Procurement,50.0,418468.84808625985,0.926718738905862,12.134993606162242
1855,Combined,50.334857638164934,418468.848061743,1.6375786670644459,-0.0
1856,Uniform,50.0,323602.1121732726,-7.105427357601002e-15,39.432212088395204
1856,Screened,50.30856352062617,323602.11217327265,0.31161392753497097,11.300352354982724
1856,Yield per roof,51.253202313479854,323602.11217327253,0.7885999568435622,21.841120791486762
1856,Procurement,50.0,323602.1121732726,0.9059836033318902,21.44982265041777
1856,Combined,50.30856352062617,323602.11217327265,1.217751192704661,-0.0
1857,Uniform,50.0,390130.22197403363,0.0,40.67758847113712
1857,Screened,50.32177727509406,390130.2219509908,0.3981353323166843,7.807105564521426
1857,Yield per roof,51.318353616171606,390130.22197403363,0.9825908898946238,20.889681294440933
1857,Procurement,50.0,390130.22197403363,0.8313813032683299,27.037551283109448
1857,Combined,50.32177727509406,390130.2219509908,1.232129697127128,-0.0
1858,Uniform,50.0,329747.11930218776,1.4210854715202004e-14,5.477127930027265
1858,Screened,50.310395749474054,329747.1192832916,0.6231848013019174,-0.0
1858,Yield per roof,51.26239615059338,329747.11930218776,1.5201106796955628,-0.0
1858,Procurement,50.0,329747.11930218776,0.9467618448149153,2.6141897989977556
1858,Combined,50.310395749474054,329747.1192832916,1.5706467280541432,-0.0
1859,Uniform,50.0,298748.35068154865,0.0,11.99224205129448
1859,Screened,50.31147291987103,298748.35068154865,0.4725635513945008,-0.0
1859,Yield per roof,51.2640659819342,298748.3506815487,1.2352362933355607,0.9451072072404171
1859,Procurement,50.0,298748.35068154865,1.0560579454888597,6.604521597931691
1859,Combined,50.31147291987103,298748.35068154865,1.5301799318887959,-0.0
1860,Uniform,50.0,279528.7274140641,0.0,16.224924746202525
1860,Screened,50.31708998730398,279528.727414064,0.45310643333365874,-0.0
1860,Yield per roof,51.286028624918416,279528.7274140642,1.101334216190665,2.7963043484071313
1860,Procurement,50.0,279528.7274140641,1.0904815054457515,9.591030618440843
1860,Combined,50.31708998730398,279528.727414064,1.544399005657482,-0.0
1861,Uniform,50.0,406170.98860534385,0.0,73.44511089349528
1861,Screened,50.32954349887488,406170.98858146183,0.3705971351047239,33.04927140233966
1861,Yield per roof,51.33993064112138,406170.98860534385,0.9338388501375547,49.39946159983882
1861,Procurement,50.0,406170.98860534385,0.8474074588338283,50.516623676168685
1861,Combined,50.32954349887488,406170.98858146183,1.2186706772802296,16.466895039219537
1862,Uniform,50.0,337561.7878004862,-7.105427357601002e-15,51.78857684354023
1862,Screened,50.316289607292696,337561.7877805544,0.3461314106597726,18.863370568911357
1862,Yield per roof,51.285991389399555,337561.78780048626,0.82638488305534,32.87913966724467
1862,Procurement,50.0,337561.7878004862,1.0243440354315965,25.66730784837696
1862,Combined,50.316289607292696,337561.7877805544,1.373315243465683,-0.0
1863,Uniform,50.0,318869.08374901384,0.0,24.94499574696478
1863,Screened,50.31245471518039,318869.08374901384,0.3609109128659824,-0.0
1863,Yield per roof,51.26849331423371,318869.08374901395,0.9483852969749975,7.209167422412453
1863,Procurement,50.0,318869.08374901384,1.0530758444149626,16.79710817969642
1863,Combined,50.31245471518039,318869.08374901384,1.4147004647840404,-0.0
1864,Uniform,50.0,314431.700007217,0.0,28.261750153452127
1864,Screened,50.30939049275702,314431.700007217,0.3338734237085177,1.609365633343416
1864,Yield per roof,51.25435687748768,314431.700007217,0.8616053872655058,10.856957966343442
1864,Procurement,50.0,314431.700007217,0.9882628555217963,19.26308654904095
1864,Combined,50.30939049275702,314431.700007217,1.3219973009252044,-0.0
1865,Uniform,50.0,388053.21895411273,0.0,3.7311452651562598
1865,Screened,50.31386424727942,388053.2189312383,0.8950946724250173,-0.0
1865,Yield per roof,51.28018569368402,388053.2189541126,2.2849457718504596,-0.0
1865,Procurement,50.0,388053.21895411273,0.9014691276882445,2.522434651279077
1865,Combined,50.31386424727942,388053.2189312383,1.7969731820620325,-0.0
1866,Uniform,50.0,396169.31253691314,0.0,22.564127960281255
1866,Screened,50.30860137819239,396169.3125216447,0.5270733102171761,-0.0
1866,Yield per roof,51.256427268846295,396169.3125369132,1.3281866130371895,4.634518261260389
1866,Procurement,50.0,396169.31253691314,0.8335127866740919,16.675985394365654
1866,Combined,50.30860137819239,396169.3125216447,1.3604387293841285,-0.0
1867,Uniform,50.0,413061.4987823365,0.0,5.820733939844199
1867,Screened,50.318004375432764,413061.49876358523,0.8258416973328053,-0.0
1867,Yield per roof,51.295640903472375,413061.49878233636,1.9525040059773175,-0.0
1867,Procurement,50.0,413061.4987823365,0.7659522262651137,3.5989117045174166
1867,Combined,50.318004375432764,413061.49876358523,1.5932256333734927,-0.0
1868,Uniform,50.0,313391.5552004021,0.0,21.262668830784826
1868,Screened,50.32272987360489,313391.5551820088,0.3806801996879301,-0.0
1868,Yield per roof,51.30972228497862,313391.55520040216,1.0138962017345676,5.244206263760632
1868,Procurement,50.0,313391.5552004021,1.029281866441437,13.585405490885847
1868,Combined,50.32272987360489,313391.5551820088,1.410761645825815,-0.0
1869,Uniform,50.0,304350.6346351685,0.0,41.751922501436894
1869,Screened,50.33203380683927,304350.6346172573,0.2839892504301176,14.12143125151413
1869,Yield per roof,51.35076858142769,304350.6346351686,0.6984983378162539,26.34882830427947
1869,Procurement,50.0,304350.6346351685,1.0108932578001912,20.533499722599142
1869,Combined,50.33203380683927,304350.6346172573,1.2983944531098501,-0.0
1870,Uniform,50.0,356512.56211504445,0.0,49.25361913731496
1870,Screened,50.30900386234425,356512.5621150445,0.3241395422804274,17.698116785871434
1870,Yield per roof,51.25590192747688,356512.56211504445,0.837465379894752,29.499585647353157
1870,Procurement,50.0,356512.56211504445,0.8870768965562306,25.253076525089714
1870,Combined,50.30900386234425,356512.5621150445,1.210982313574604,0.39168488758452485
1871,Uniform,50.0,377870.38934300654,0.0,7.847893535903386
1871,Screened,50.31594557298936,377870.38932065375,0.6233718705301214,-0.0
1871,Yield per roof,51.29042326601255,377870.38934300654,1.5780757701905088,-0.0
1871,Procurement,50.0,377870.38934300654,0.807828158211592,4.33938061842045
1871,Combined,50.31594557298936,377870.38932065375,1.432600552778169,-0.0
1872,Uniform,50.0,303703.01960172574,0.0,6.1772215627677385
1872,Screened,50.33277472438736,303703.01958766126,0.6495254750393684,-0.0
1872,Yield per roof,51.35253673722713,303703.0196017258,1.6813006901157195,-0.0
1872,Procurement,50.0,303703.01960172574,1.1802146400380025,2.675151391340693
1872,Combined,50.33277472438736,303703.01958766126,1.8322333971322422,-0.0
1873,Uniform,50.0,416242.07942020317,0.0,29.268913939658518
1873,Screened,50.30898379417153,416242.0794202033,0.5567987681224622,-0.0
1873,Yield per roof,51.25238420077623,416242.0794202031,1.3307128514078101,7.886020268581603
1873,Procurement,50.0,416242.07942020317,0.8142073390792461,23.037900379449542
1873,Combined,50.30898379417153,416242.0794202033,1.3706548117302901,-0.0
1874,Uniform,50.0,326566.6503475415,0.0,8.612321974634005
1874,Screened,50.31058468419837,326566.65034754155,0.4859328881479712,-0.0
1874,Yield per roof,51.26722335411787,326566.65034754144,1.2330211596014635,0.14633475980813668
1874,Procurement,50.0,326566.6503475415,0.8548683506243435,4.871661533879113
1874,Combined,50.31058468419837,326566.65034754155,1.3424277425913829,-0.0
1875,Uniform,50.0,355262.2378321846,-1.4210854715202004e-14,7.841091804262569
1875,Screened,50.305205217104515,355262.2378331192,0.5958009071965478,-0.0
1875,Yield per roof,51.253507298285804,355262.23783218465,1.4815230820572083,-0.0
1875,Procurement,50.0,355262.2378321846,0.8567711108278502,4.120926934636658
1875,Combined,50.305205217104515,355262.2378331192,1.4544874147961906,-0.0
1876,Uniform,50.0,321788.0413415933,0.0,16.36843453413696
1876,Screened,50.30942723482103,321788.04134159326,0.45424362109396554,-0.0
1876,Yield per roof,51.25702919983182,321788.04134159326,1.1150664903459102,2.806383330240433
1876,Procurement,50.0,321788.0413415933,0.9035128776315133,10.756038997903508
1876,Combined,50.30942723482103,321788.04134159326,1.3570008970293799,-0.0
1877,Uniform,50.0,367822.6244671651,-1.4210854715202004e-14,8.481668700234538
1877,Screened,50.30983650405366,367822.62446716515,0.7139540374845552,-0.0
1877,Yield per roof,51.256748761203646,367822.6244671652,1.7849025566383432,-0.0
1877,Procurement,50.0,367822.6244671651,0.9079303297836105,4.539881036294751
1877,Combined,50.30983650405366,367822.62446716515,1.6217177121537816,-0.0
1878,Uniform,50.0,294898.01911856735,0.0,11.563445663112295
1878,Screened,50.312930066469,294898.0191012144,0.44012684252057,-0.0
1878,Yield per roof,51.27114700231203,294898.01911856735,1.1454339386235404,1.0565662725185447
1878,Procurement,50.0,294898.01911856735,0.970407497336609,6.384016821747867
1878,Combined,50.312930066469,294898.0191012144,1.4105439251218428,-0.0
1879,Uniform,50.0,346501.0387235926,0.0,5.601587703998736
1879,Screened,50.31051236750206,346501.03872359265,0.6267865912655424,-0.0
1879,Yield per roof,51.26096884787859,346501.0387235924,1.6533140898607854,-0.0
1879,Procurement,50.0,346501.0387235926,0.9165434683461342,2.7962943678060226
1879,Combined,50.31051236750206,346501.03872359265,1.5433242048216442,-0.0
1880,Uniform,50.0,439086.59422876395,0.0,75.81632880984783
1880,Screened,50.316623326325,439086.5942083415,0.3608935302789149,35.19382127598284
1880,Yield per roof,51.290230705422836,439086.59422876383,0.869411031094387,53.68406148745316
1880,Procurement,50.0,439086.59422876395,0.7778769678464457,54.56804329895955
1880,Combined,50.316623326325,439086.5942083415,1.1437494655835607,19.72197393564672
1881,Uniform,50.0,311600.0035915582,0.0,26.06062594835025
1881,Screened,50.320003997131344,311600.003573188,0.37163266823674945,-0.0
1881,Yield per roof,51.2999241074496,311600.0035915582,0.8769344812542741,8.33728982854631
1881,Procurement,50.0,311600.0035915582,1.104898675811782,17.515351860050266
1881,Combined,50.320003997131344,311600.003573188,1.4791522778724087,-0.0
1882,Uniform,50.0,376134.9059674019,0.0,9.126717151531604
1882,Screened,50.313098883013986,376134.9059457637,0.602662809175655,-0.0
1882,Yield per roof,51.27819229099269,376134.9059674018,1.5867211598241653,-0.0
1882,Procurement,50.0,376134.9059674019,0.8753851771772787,5.323132640247523
1882,Combined,50.313098883013986,376134.9059457637,1.4789448556835367,-0.0
1883,Uniform,50.0,350480.223072057,1.4210854715202004e-14,8.219953063918927
1883,Screened,50.31118697358251,350480.2230720568,0.6027607455041277,-0.0
1883,Yield per roof,51.264217969878395,350480.223072057,1.535087670290011,-0.0
1883,Procurement,50.0,350480.223072057,0.9043958201619802,4.294989906783076
1883,Combined,50.31118697358251,350480.2230720568,1.5072897129545453,-0.0
1884,Uniform,50.0,350850.59598789643,-1.4210854715202004e-14,11.190717858237438
1884,Screened,50.31851911186122,350850.595967268,0.652754779717327,-0.0
1884,Yield per roof,51.29180324839448,350850.5959878965,1.6522848117651563,0.002985193878391341
1884,Procurement,50.0,350850.59598789643,1.0092227362737987,6.807363255521914
1884,Combined,50.31851911186122,350850.595967268,1.662890357724919,-0.0
1885,Uniform,50.0,304317.36763650336,0.0,46.27170622368835
1885,Screened,50.305622959205806,304317.36763650324,0.2537432313322654,18.418836875646555
1885,Yield per roof,51.24019021198875,304317.3676365033,0.6883044094505166,29.170481590602456
1885,Procurement,50.0,304317.36763650336,0.9973486287413209,20.52064593860742
1885,Combined,50.305622959205806,304317.36763650324,1.2512077055495965,-0.0
1886,Uniform,50.0,314236.84480897826,1.4210854715202004e-14,3.9393317487191024
1886,Screened,50.31372253348523,314236.84480897815,0.6260548358783353,-0.0
1886,Yield per roof,51.27359518058439,314236.84480897826,1.6764863293818877,-0.0
1886,Procurement,50.0,314236.84480897826,0.9339560855690365,2.2765374299838324
1886,Combined,50.31372253348523,314236.84480897815,1.5595804670766853,-0.0
1887,Uniform,50.0,295424.7991690899,0.0,68.24970226072828
1887,Screened,50.303715895632344,295424.79916908994,0.18879658541510835,38.260194433271685
1887,Yield per roof,51.23665272402497,295424.7991690898,0.5076670692385719,51.34658889814818
1887,Procurement,50.0,295424.7991690899,0.8858451829345384,44.11656741283099
1887,Combined,50.303715895632344,295424.79916908994,1.0755438496110834,20.795672636186353
1888,Uniform,50.0,287959.42627493234,0.0,11.701251550965193
1888,Screened,50.32828446389536,287959.426258056,0.43470196434164166,-0.0
1888,Yield per roof,51.331876995270314,287959.4262749323,1.1577693268865517,0.9556890847832452
1888,Procurement,50.0,287959.42627493234,0.9931480186071298,6.534533126313467
1888,Combined,50.32828446389536,287959.426258056,1.4278995569696065,-0.0
1889,Uniform,50.0,279271.62441621,0.0,7.525823277199938
1889,Screened,50.3255882564784,279271.62441620993,0.5509236779267468,-0.0
1889,Yield per roof,51.326717092007634,279271.62441621,1.4678422238612825,-0.0
1889,Procurement,50.0,279271.62441621,1.219908681580705,2.8232566066987568
1889,Combined,50.3255882564784,279271.62441620993,1.7775513630355846,-0.0
1890,Uniform,50.0,418491.31809427834,0.0,5.776415468616969
1890,Screened,50.32015393236743,418491.31806970865,0.8802723130831112,-0.0
1890,Yield per roof,51.29793136489277,418491.31809427834,2.276761972737887,-0.0
1890,Procurement,50.0,418491.31809427834,0.9499255648018448,3.698785997500372
1890,Combined,50.32015393236743,418491.31806970865,1.831525764449367,-0.0
1891,Uniform,50.0,302707.9178385017,0.0,5.728113566400244
1891,Screened,50.31839182653268,302707.9178207038,0.6459753225631033,-0.0
1891,Yield per roof,51.29130659958393,302707.91783850174,1.6324221470835738,-0.0
1891,Procurement,50.0,302707.9178385017,1.116123982619257,2.5763199549277758
1891,Combined,50.31839182653268,302707.9178207038,1.7634288975635855,-0.0
1892,Uniform,50.0,348458.4852267273,0.0,12.007383576398674
1892,Screened,50.32520750028159,348458.4852061939,0.5732770307132995,-0.0
1892,Yield per roof,51.321330560955076,348458.48522672744,1.4512881453474193,0.7016564278613715
1892,Procurement,50.0,348458.4852267273,0.9250544886368601,7.398025396192278
1892,Combined,50.32520750028159,348458.4852061939,1.4986685610920318,-0.0
1893,Uniform,50.0,344856.7441324218,0.0,8.961913649860511
1893,Screened,50.316355597618575,344856.7441120126,0.5325596521823002,-0.0
1893,Yield per roof,51.28616411334837,344856.7441324219,1.2213541529341114,0.39497686358369744
1893,Procurement,50.0,344856.7441324218,0.8357804115949392,5.332716983737527
1893,Combined,50.316355597618575,344856.7441120126,1.3805951158057326,-0.0
1894,Uniform,50.0,317157.7256466639,3.552713678800501e-15,107.35264736547072
1894,Screened,50.335197683138944,317157.72562807694,0.2114676994774527,65.4894021999605
1894,Yield per roof,51.36459915983011,317157.7256466639,0.539469864513066,85.79537673902004
1894,Procurement,50.0,317157.7256466639,1.1239872170959906,76.4403080246126
1894,Combined,50.335197683138944,317157.72562807694,1.3379380642150807,43.049436325195146
1895,Uniform,50.0,359547.2621787168,0.0,12.206884203131395
1895,Screened,50.312354488275474,359547.26217871695,0.6352438733513992,-0.0
1895,Yield per roof,51.26738794620536,359547.2621787168,1.5916897298420736,0.4615456880124252
1895,Procurement,50.0,359547.2621787168,0.9825174659411431,7.598351428971131
1895,Combined,50.312354488275474,359547.26217871695,1.6186510871417568,-0.0
1896,Uniform,50.0,317909.46144583425,0.0,4.33966777561457
1896,Screened,50.314112797235424,317909.46142704686,0.6843636264681976,-0.0
1896,Yield per roof,51.27755764016263,317909.46144583425,1.691668541663816,-0.0
1896,Procurement,50.0,317909.46144583425,1.0775537183801873,2.4190346771225513
1896,Combined,50.314112797235424,317909.46142704686,1.7684373627771066,-0.0
1897,Uniform,50.0,420600.8573485422,0.0,31.555699056250788
1897,Screened,50.31611665571996,420600.85732382955,0.4933429525092379,-0.0
1897,Yield per roof,51.28137530379389,420600.85734854237,1.268633510461271,8.892719589781985
1897,Procurement,50.0,420600.8573485422,0.8969155167525997,24.67571358449697
1897,Combined,50.31611665571996,420600.85732382955,1.39137271235208,-0.0
1898,Uniform,50.0,339342.07104382437,0.0,73.92296148598828
1898,Screened,50.30819668308148,339342.07102382946,0.24533802189230158,39.80480276678834
1898,Yield per roof,51.25290204893541,339342.0710438244,0.6486902582514986,53.825817873736305
1898,Procurement,50.0,339342.07104382437,0.8712589701682418,50.186441846602825
1898,Combined,50.30819668308148,339342.07102382946,1.1159762016425603,22.658666966805427
1899,Uniform,50.0,390481.20659774565,0.0,15.791515111652812
1899,Screened,50.31900458886763,390481.2065747564,0.636157298420585,-0.0
1899,Yield per roof,51.300228276634705,390481.2065977457,1.5758973919222967,1.5780909507766412
1899,Procurement,50.0,390481.20659774565,0.8891957608335161,10.537875490276134
1899,Combined,50.31900458886763,390481.2065747564,1.5263783947519158,-0.0
1900,Uniform,50.0,401335.68673378584,0.0,46.726065970451074
1900,Screened,50.31816367393827,401335.6867101012,0.4180372137816164,11.890197831145862
1900,Yield per roof,51.300667238961864,401335.68673378584,0.9834798726886476,26.308196974470455
1900,Procurement,50.0,401335.68673378584,0.8891345993339144,28.63265225108873
1900,Combined,50.31816367393827,401335.6867101012,1.310207629481397,-0.0
1901,Uniform,50.0,378467.03192025825,0.0,75.86890520593562
1901,Screened,50.32049112278397,378467.0318979218,0.3091718616777115,37.73229551531353
1901,Yield per roof,51.30209012738024,378467.0319202582,0.7995397052973914,53.695778294061476
1901,Procurement,50.0,378467.03192025825,0.8698598592391562,52.1301246113368
1901,Combined,50.32049112278397,378467.0318979218,1.1796922810244084,20.551125373002606
1902,Uniform,50.0,426660.9187019632,0.0,8.651219741941178
1902,Screened,50.331681776731294,426660.91867685545,0.8894481683146296,-0.0
1902,Yield per roof,51.3463741093501,426660.91870196327,2.1330983111552086,-0.0
1902,Procurement,50.0,426660.9187019632,0.829317002216527,5.044843915453321
1902,Combined,50.331681776731294,426660.91867685545,1.7205551691660617,-0.0
1903,Uniform,50.0,282472.48333929764,-3.552713678800501e-15,87.75393438347645
1903,Screened,50.31682335848811,282472.4833392976,0.20679369575617557,51.00077931246934
1903,Yield per roof,51.28366764132432,282472.4833392977,0.5690647915183966,67.67368535927093
1903,Procurement,50.0,282472.48333929764,1.1015688119375255,57.4818083534774
1903,Combined,50.31682335848811,282472.4833392976,1.3094434246726792,29.05598836393146
1904,Uniform,50.0,287082.5916883191,0.0,19.885857056975166
1904,Screened,50.30388930084731,287082.59168831917,0.2509340420321351,-0.0
1904,Yield per roof,51.235097930279856,287082.5916883191,0.7032232871427908,5.885797241920713
1904,Procurement,50.0,287082.5916883191,0.8488038183178617,13.355229494451416
1904,Combined,50.30388930084731,287082.59168831917,1.1001289442786444,-0.0
1905,Uniform,50.0,386910.43976296997,0.0,23.059926391083206
1905,Screened,50.3260995163994,386910.43974024535,0.5393076164051678,-0.0
1905,Yield per roof,51.3253072304984,386910.43976296985,1.4335337291142451,4.308326129778916
1905,Procurement,50.0,386910.43976296997,1.0040208497359657,16.71655781390886
1905,Combined,50.3260995163994,386910.43974024535,1.545519139553278,-0.0
1906,Uniform,50.0,370223.561162173,0.0,15.275440233428103
1906,Screened,50.3253029508564,370223.5611403724,0.6231753741531492,-0.0
1906,Yield per roof,51.32287251689546,370223.561162173,1.5521607678394815,1.4518262354994054
1906,Procurement,50.0,370223.561162173,0.9771666346024972,9.74857404326172
1906,Combined,50.3253029508564,370223.5611403724,1.601786527665368,-0.0
1907,Uniform,50.0,364468.8833681631,0.0,8.261682499646303
1907,Screened,50.33446350980767,364468.8833468044,0.762306704520114,-0.0
1907,Yield per roof,51.364724046443605,364468.883368163,1.8337328082450597,-0.0
1907,Procurement,50.0,364468.8833681631,1.0082296899359449,3.8810986592942127
1907,Combined,50.33446350980767,364468.8833468044,1.7731514221138411,-0.0
1908,Uniform,50.0,300767.7945369747,0.0,20.12119161694819
1908,Screened,50.30926714996717,300767.79453697463,0.30878026802758285,-0.0
1908,Yield per roof,51.256604098733675,300767.79453697463,0.787321108536581,5.81644673690223
1908,Procurement,50.0,300767.7945369747,0.9328704445040614,12.928923005541318
1908,Combined,50.30926714996717,300767.79453697463,1.2430312028619,-0.0
1909,Uniform,50.0,356228.067354497,1.4210854715202004e-14,6.387038992578624
1909,Screened,50.310212021611825,356228.06735449703,0.6452321649241526,-0.0
1909,Yield per roof,51.26163517127489,356228.0673544969,1.57014231756105,-0.0
1909,Procurement,50.0,356228.067354497,0.851618248652116,3.078690868333591
1909,Combined,50.310212021611825,356228.06735449703,1.497067132104064,-0.0
1910,Uniform,50.0,378714.8798217489,0.0,13.008697823687129
1910,Screened,50.32046014173616,378714.879799522,0.6969811495647349,-0.0
1910,Yield per roof,51.30037844933758,378714.87982174894,1.77390843309081,0.22685573922568456
1910,Procurement,50.0,378714.8798217489,0.9996656846393819,8.602868934105729
1910,Combined,50.32046014173616,378714.879799522,1.6977527491926878,-0.0
1911,Uniform,50.0,330288.7684491575,0.0,14.293897182319455
1911,Screened,50.31149855629772,330288.76844915753,0.48892980641615225,-0.0
1911,Yield per roof,51.264237132335005,330288.7684491574,1.2087615098203486,1.8225586583301423
1911,Procurement,50.0,330288.7684491575,0.9574355245056552,8.673022828946051
1911,Combined,50.31149855629772,330288.76844915753,1.4467840801411143,-0.0
1912,Uniform,50.0,310991.3654105284,0.0,9.612465901436957
1912,Screened,50.31795129322103,310991.3654105284,0.5242802151146577,-0.0
1912,Yield per roof,51.29008232413903,310991.3654105284,1.3119377951801425,0.2587846458520725
1912,Procurement,50.0,310991.3654105284,1.0114617489811053,5.0697706698698966
1912,Combined,50.31795129322103,310991.3654105284,1.5365784824974753,-0.0
1913,Uniform,50.0,292511.46845855983,0.0,16.761268155250292
1913,Screened,50.30683988676972,292511.46845855983,0.3400694765307506,-0.0
1913,Yield per roof,51.24620847001113,292511.46845855995,0.8822710650354679,3.799249084103287
1913,Procurement,50.0,292511.46845855983,0.9972807162825745,9.958925486647205
1913,Combined,50.30683988676972,292511.46845855983,1.3387204842453428,-0.0
1914,Uniform,50.0,282238.6197767294,0.0,7.7371644685318905
1914,Screened,50.3058996571645,282238.6197767293,0.4716879122154012,-0.0
1914,Yield per roof,51.24156142227926,282238.6197767294,1.2072044500468166,-0.0
1914,Procurement,50.0,282238.6197767294,0.9988073229872754,3.409055917223805
1914,Combined,50.3058996571645,282238.6197767293,1.4707050340741148,-0.0
1915,Uniform,50.0,317985.84218085895,0.0,22.756776246524396
1915,Screened,50.31667438798219,317985.842180859,0.40278907805041797,-0.0
1915,Yield per roof,51.282766930230636,317985.84218085895,0.988355763917653,6.205040397361394
1915,Procurement,50.0,317985.84218085895,1.0601198661621822,14.573652071431285
1915,Combined,50.31667438798219,317985.842180859,1.4639399639060997,-0.0
1916,Uniform,50.0,290080.95780188113,0.0,18.322803216106088
1916,Screened,50.3104461208819,290080.957801881,0.2978276263290667,-0.0
1916,Yield per roof,51.263396260368324,290080.95780188113,0.833846381877315,4.5884860139436086
1916,Procurement,50.0,290080.95780188113,0.9198277305520861,11.455764894003728
1916,Combined,50.3104461208819,290080.957801881,1.2182670590263172,-0.0
1917,Uniform,50.0,387413.8724403706,-7.105427357601002e-15,48.24554812938584
1917,Screened,50.33460325495603,387413.8724190325,0.38572325922342543,12.612255671931829
1917,Yield per roof,51.36076724837271,387413.8724403705,1.0327673057585898,26.043795275906845
1917,Procurement,50.0,387413.8724403706,0.8920475179349694,29.214446461138515
1917,Combined,50.33460325495603,387413.8724190325,1.2786381114867282,-0.0
1918,Uniform,50.0,416438.71487793734,-1.4210854715202004e-14,12.093308580640569
1918,Screened,50.31422268079043,416438.71487793734,0.7591140047377678,-0.0
1918,Yield per roof,51.27441377412013,416438.7148779372,1.8227602454226286,0.18610671460087239
1918,Procurement,50.0,416438.71487793734,0.842834045036085,8.377184259885976
1918,Combined,50.31422268079043,416438.71487793734,1.6022735443641523,-0.0
1919,Uniform,50.0,371790.2707784145,1.4210854715202004e-14,8.013317851632037
1919,Screened,50.318588983542746,371790.2707565056,0.6945650967014387,-0.0
1919,Yield per roof,51.29361987948226,371790.2707784144,1.673785952118024,-0.0
1919,Procurement,50.0,371790.2707784145,0.8925526192601723,4.1406558644707925
1919,Combined,50.318588983542746,371790.2707565056,1.5874758460273313,-0.0
1920,Uniform,50.0,390624.1636371013,0.0,77.71897914372269
1920,Screened,50.310458605806126,390624.1636371013,0.2889419922844567,39.67182539800808
1920,Yield per roof,51.26387984218135,390624.16363710136,0.7872793854947346,55.04696747545453
1920,Procurement,50.0,390624.1636371013,0.8088245398280094,55.6953108537413
1920,Combined,50.310458605806126,390624.1636371013,1.0975443673043586,23.75731866093803
1921,Uniform,50.0,312396.0703531987,0.0,39.33054412945743
1921,Screened,50.313837696632625,312396.0703533698,0.2505247597254794,13.765383959279673
1921,Yield per roof,51.28096970115253,312396.0703531986,0.6624182021033178,24.055130698502605
1921,Procurement,50.0,312396.0703531987,0.8897841376952158,19.135647544517617
1921,Combined,50.313837696632625,312396.0703533698,1.1417280284892541,-0.0
1922,Uniform,50.0,414977.69675534096,0.0,7.154209549894292
1922,Screened,50.303332794663774,414977.69675534114,0.7655808268549293,-0.0
1922,Yield per roof,51.23394495163547,414977.69675534085,1.8990923117959113,-0.0
1922,Procurement,50.0,414977.69675534096,0.7950952691198125,3.888837489327501
1922,Combined,50.303332794663774,414977.69675534114,1.5626530535528076,-0.0
1923,Uniform,50.0,298378.19743706414,0.0,48.49558839362364
1923,Screened,50.31130512101516,298378.19743706426,0.24040592401010485,21.07979186557404
1923,Yield per roof,51.268535024680354,298378.19743706414,0.6129086476795109,32.841097885983814
1923,Procurement,50.0,298378.19743706414,0.9044430572398454,23.942381097147035
1923,Combined,50.31130512101516,298378.19743706426,1.14698296277556,3.3093415267973776
1924,Uniform,50.0,392899.9978128182,0.0,79.31551067415536
1924,Screened,50.30337366389831,392899.99781281804,0.30534269078432175,40.82648153037315
1924,Yield per roof,51.2355255902511,392899.99781281815,0.7783283348002143,56.56497572480502
1924,Procurement,50.0,392899.9978128182,0.8037571766135798,57.4355123935423
1924,Combined,50.30337366389831,392899.99781281804,1.1090274102095208,25.012473754803672
1925,Uniform,50.0,323796.09827396483,0.0,14.447937719712582
1925,Screened,50.30843789684194,323796.0982549607,0.5274385134022452,-0.0
1925,Yield per roof,51.25021110703379,323796.0982739649,1.3247547751435889,1.4986657811195176
1925,Procurement,50.0,323796.09827396483,1.092444241405147,8.355733512250353
1925,Combined,50.30843789684194,323796.0982549607,1.6204224527236732,-0.0
1926,Uniform,50.0,308493.1801733579,1.4210854715202004e-14,2.63369896832142
1926,Screened,50.30335952995418,308493.18015510147,0.6083499292228112,-0.0
1926,Yield per roof,51.2397037620612,308493.18017335783,1.5215745397560454,-0.0
1926,Procurement,50.0,308493.1801733579,0.8943947632971998,1.4316638307020424
1926,Combined,50.30335952995418,308493.18015510147,1.5042362089320278,-0.0
1927,Uniform,50.0,395906.3438356193,0.0,32.135999776566386
1927,Screened,50.31624638866636,395906.3438122549,0.4575638328968239,-0.0
1927,Yield per roof,51.28913980557248,395906.3438356193,1.1071361422278727,10.177549782253717
1927,Procurement,50.0,395906.3438356193,0.9106077254469938,25.105031160992517
1927,Combined,50.31624638866636,395906.3438122549,1.3704590061066284,-0.0
1928,Uniform,50.0,364136.16698535613,0.0,26.70219068277798
1928,Screened,50.31241571693065,364136.166985356,0.46294384479325856,-0.0
1928,Yield per roof,51.267355195462095,364136.1669853561,1.1896980242172361,7.0298084986413665
1928,Procurement,50.0,364136.16698535613,0.9460070453122569,19.43711972153012
1928,Combined,50.31241571693065,364136.166985356,1.4088494589417309,-0.0
1929,Uniform,50.0,411905.497489208,0.0,27.150254870491004
1929,Screened,50.31632124540152,411905.49748920824,0.6398186974370788,-0.0
1929,Yield per roof,51.27966903101468,411905.49748920806,1.560392836168873,5.8140335520004625
1929,Procurement,50.0,411905.497489208,1.0217901504563258,20.067083774611604
1929,Combined,50.31632124540152,411905.49748920824,1.663292971982429,-0.0
1930,Uniform,50.0,303851.5251678013,0.0,13.776049609959797
1930,Screened,50.31093630672339,303851.5251678013,0.45767531297050823,-0.0
1930,Yield per roof,51.261276690889154,303851.5251678013,1.1798200312042724,1.585981435267283
1930,Procurement,50.0,303851.5251678013,1.0076051469869753,7.92852671597644
1930,Combined,50.31093630672339,303851.5251678013,1.4654308269071379,-0.0
1931,Uniform,50.0,282573.495267237,0.0,5.940411654782868
1931,Screened,50.31207489465241,282573.4952672371,0.5842647417105269,-0.0
1931,Yield per roof,51.26593234004235,282573.495267237,1.4712170061616803,-0.0
1931,Procurement,50.0,282573.495267237,1.0274516287722975,2.536410248024858
1931,Combined,50.31207489465241,282573.4952672371,1.6122321700409543,-0.0
1932,Uniform,50.0,400656.9424165853,-1.4210854715202004e-14,10.582298278117175
1932,Screened,50.30447889035244,400656.9424165853,0.7233424289123178,-0.0
1932,Yield per roof,51.23535647712367,400656.9424165853,1.70494287962849,-0.0
1932,Procurement,50.0,400656.9424165853,0.8101840124254238,7.073399897814614
1932,Combined,50.30447889035244,400656.9424165853,1.5327315778354489,-0.0
1933,Uniform,50.0,309274.9959391898,0.0,32.41854322339807
1933,Screened,50.31520598683368,309274.99593918974,0.31362342889296,6.183691058007044
1933,Yield per roof,51.2809621332626,309274.9959391898,0.7839228006371926,15.992685659940474
1933,Procurement,50.0,309274.9959391898,0.9398357708866811,19.29943572900462
1933,Combined,50.31520598683368,309274.99593918974,1.2541782980825573,-0.0
1934,Uniform,50.0,385938.1673632119,0.0,9.333696221982251
1934,Screened,50.30644437460991,385938.167363212,0.664713797332908,-0.0
1934,Yield per roof,51.24593041562323,385938.167363212,1.6396268198067219,-0.0
1934,Procurement,50.0,385938.1673632119,0.8452344156619205,5.713764241472118
1934,Combined,50.30644437460991,385938.167363212,1.509400474055596,-0.0
1935,Uniform,50.0,328464.64634111064,0.0,19.736146352173353
1935,Screened,50.30582991188091,328464.6463411105,0.3525604695324134,-0.0
1935,Yield per roof,51.24232062955479,328464.64634111075,0.9108928736527417,5.091207300539383
1935,Procurement,50.0,328464.64634111064,0.8954703800048875,12.837896844235933
1935,Combined,50.30582991188091,328464.6463411105,1.2483433929491383,-0.0
1936,Uniform,50.0,288357.7669294749,0.0,15.867957132170533
1936,Screened,50.31526509487951,288357.7669294748,0.38188484306578374,-0.0
1936,Yield per roof,51.281396885377966,288357.7669294748,0.9883302245083954,2.9662659433953507
1936,Procurement,50.0,288357.7669294749,0.9608658067441525,9.812074721669743
1936,Combined,50.31526509487951,288357.7669294748,1.343950887343631,-0.0
1937,Uniform,50.0,321503.18345005263,0.0,84.62068759914708
1937,Screened,50.31292130122182,321503.18345005286,0.22494253679966647,47.64876448952443
1937,Yield per roof,51.2707278048667,321503.18345005263,0.6275298426298619,63.90489242829053
1937,Procurement,50.0,321503.18345005263,1.036117470235105,56.22852837743877
1937,Combined,50.31292130122182,321503.18345005286,1.2621903660323426,27.07394942375824
1938,Uniform,50.0,381727.77113556885,0.0,14.712833573846579
1938,Screened,50.325637697839745,381727.77111306915,0.63122709325134,-0.0
1938,Yield per roof,51.32360805438535,381727.7711355688,1.5263457494426405,1.484262903309605
1938,Procurement,50.0,381727.77113556885,0.9282076429504258,9.364950498018212
1938,Combined,50.325637697839745,381727.77111306915,1.5611165891348264,-0.0
1939,Uniform,50.0,358898.0893221764,0.0,14.346143626383714
1939,Screened,50.30795438697048,358898.08932217624,0.49081031678763054,-0.0
1939,Yield per roof,51.25409676386061,358898.0893221764,1.2505897088921074,1.669041397520141
1939,Procurement,50.0,358898.0893221764,0.9403672691771447,8.807117721637542
1939,Combined,50.30795438697048,358898.08932217624,1.434871735290372,-0.0
1940,Uniform,50.0,332865.4559615061,0.0,22.60839401848154
1940,Screened,50.307136175526445,332865.4559615061,0.41820365853261876,-0.0
1940,Yield per roof,51.24700690744692,332865.45596150606,1.0509655668164726,5.831301053033571
1940,Procurement,50.0,332865.4559615061,0.934045241471793,15.426970411928579
1940,Combined,50.307136175526445,332865.4559615061,1.351693954306839,-0.0
1941,Uniform,50.0,311937.6904562909,0.0,7.400919848262571
1941,Screened,50.32146542589302,311937.6904378868,0.5311055894163843,-0.0
1941,Yield per roof,51.30588435790107,311937.69045629085,1.3684106010571782,-0.0
1941,Procurement,50.0,311937.6904562909,0.9657006162724997,3.205331715260412
1941,Combined,50.32146542589302,311937.6904378868,1.4978749482749691,-0.0
1942,Uniform,50.0,383678.64169824217,0.0,6.303134505906931
1942,Screened,50.3067858031612,383678.64169824205,0.7007433233727767,-0.0
1942,Yield per roof,51.24705149186084,383678.64169824217,1.7065990712147396,-0.0
1942,Procurement,50.0,383678.64169824217,0.8072616005947992,3.3428784346792106
1942,Combined,50.3067858031612,383678.64169824205,1.5089987311273916,-0.0
1943,Uniform,50.0,314770.7236443498,0.0,11.733004612730676
1943,Screened,50.33126862573583,314770.7236258412,0.5279133999765833,-0.0
1943,Yield per roof,51.34608767123562,314770.72364434984,1.3163211482103208,0.9441429414389605
1943,Procurement,50.0,314770.7236443498,0.9754920568834535,6.695645372044748
1943,Combined,50.33126862573583,314770.7236258412,1.5045937252518229,-0.0
1944,Uniform,50.0,315274.25703214854,0.0,10.77153609785144
1944,Screened,50.30423136748185,315274.25703214854,0.4483065074312549,-0.0
1944,Yield per roof,51.23918625364165,315274.2570321484,1.1142935037045305,0.9082463897681762
1944,Procurement,50.0,315274.25703214854,0.8789760694594264,6.306506938475229
1944,Combined,50.30423136748185,315274.25703214854,1.3331009331886747,-0.0
1945,Uniform,50.0,325126.3732498858,0.0,51.326178516491716
1945,Screened,50.31700996396307,325126.3732498859,0.30271735605912653,20.506013963690624
1945,Yield per roof,51.287244845307605,325126.37324988574,0.7516639700794698,33.14583528141374
1945,Procurement,50.0,325126.3732498858,1.0243145678161483,23.46644533598675
1945,Combined,50.31700996396307,325126.3732498859,1.3282867801828573,0.37699042044392383
1946,Uniform,50.0,318283.3628301048,0.0,70.37693787548032
1946,Screened,50.307010839097764,318283.3628301047,0.2634691509538385,36.3933570779504
1946,Yield per roof,51.25179879825868,318283.3628301049,0.6800511172366726,50.33542239932637
1946,Procurement,50.0,318283.3628301048,0.9340682324966991,44.882719907575954
1946,Combined,50.307010839097764,318283.3628301047,1.197153676168476,17.962682237262637
1947,Uniform,50.0,317575.91501281934,0.0,3.3632280160856505
1947,Screened,50.317929765014114,317575.9149940277,0.6576284489916446,-0.0
1947,Yield per roof,51.29278429740784,317575.91501281946,1.6251552323277707,-0.0
1947,Procurement,50.0,317575.91501281934,0.8980533962515551,2.155951693804547
1947,Combined,50.317929765014114,317575.9149940277,1.559705618003676,-0.0
1948,Uniform,50.0,362028.1605029191,0.0,52.95540555962657
1948,Screened,50.32174857475287,362028.1604815381,0.34356979184373415,19.611629248286324
1948,Yield per roof,51.30788257174679,362028.1605029191,0.8737050594743678,32.46474575153125
1948,Procurement,50.0,362028.1605029191,0.8867551132656786,28.9357125067546
1948,Combined,50.32174857475287,362028.1604815381,1.2306610366475397,2.2765881169021966
1949,Uniform,50.0,373925.0778868665,0.0,5.072676737823619
1949,Screened,50.31997886768947,373925.0778664511,0.8523695110002905,-0.0
1949,Yield per roof,51.30178437572417,373925.0778868666,2.0239965519910754,-0.0
1949,Procurement,50.0,373925.0778868665,0.969325540811667,3.19900162341068
1949,Combined,50.31997886768947,373925.0778664511,1.8237321967313562,-0.0
1950,Uniform,50.0,325886.4691974929,0.0,23.145924232434627
1950,Screened,50.30729810733961,325886.46919749305,0.39450961703190046,-0.0
1950,Yield per roof,51.24825887491936,325886.4691974928,0.9793069695542371,6.3903264511705755
1950,Procurement,50.0,325886.4691974929,0.992085587063265,15.520186336375696
1950,Combined,50.30729810733961,325886.46919749305,1.3864943965628242,-0.0
1951,Uniform,50.0,350051.07499048475,0.0,11.146558789138744
1951,Screened,50.30523345201371,350051.0749697626,0.5561477903699057,-0.0
1951,Yield per roof,51.24757848777765,350051.07499048463,1.3817727720372375,0.6443872559901763
1951,Procurement,50.0,350051.07499048475,0.8575326916191841,6.864701571460521
1951,Combined,50.30523345201371,350051.0749697626,1.4140207819829982,-0.0
1952,Uniform,50.0,346525.1244735223,-7.105427357601002e-15,74.14307811907109
1952,Screened,50.312709792295124,346525.1244531064,0.29616068214576075,37.088665204941194
1952,Yield per roof,51.26861225314762,346525.12447352224,0.739536703207051,53.084938158506255
1952,Procurement,50.0,346525.1244735223,1.0468878947757148,45.57696265269993
1952,Combined,50.312709792295124,346525.1244531064,1.3448620860107283,16.373133359001336
1953,Uniform,50.0,317626.55638251425,0.0,8.834411241822957
1953,Screened,50.31662072957582,317626.5563637633,0.5901006724436257,-0.0
1953,Yield per roof,51.28652667057236,317626.55638251425,1.4465676717536269,-0.0
1953,Procurement,50.0,317626.55638251425,0.9645038117175204,4.644934907238872
1953,Combined,50.31662072957582,317626.5563637633,1.5560099357146413,-0.0
1954,Uniform,50.0,315397.6630539612,1.4210854715202004e-14,7.025575218256535
1954,Screened,50.3180204943427,315397.66303530574,0.5985519665309198,-0.0
1954,Yield per roof,51.29299991467923,315397.663053961,1.4420168151214625,-0.0
1954,Procurement,50.0,315397.6630539612,0.9357741085039777,3.0272442267761273
1954,Combined,50.3180204943427,315397.66303530574,1.537330785521604,-0.0
1955,Uniform,50.0,339812.79308942193,0.0,28.407916289982364
1955,Screened,50.324560165869464,339812.79306941864,0.3565615699573499,1.0576870378574605
1955,Yield per roof,51.317891047473374,339812.7930894219,0.8957093585107074,10.969770619848337
1955,Procurement,50.0,339812.79308942193,0.9644295546154424,20.24271885702391
1955,Combined,50.324560165869464,339812.79306941864,1.3215934472731021,-0.0
1956,Uniform,50.0,359639.8203444262,0.0,11.92761237202652
1956,Screened,50.31112907386268,359639.8203444263,0.5211045607433675,-0.0
1956,Yield per roof,51.273723377414484,359639.8203444261,1.2857975588737673,0.9654009255260807
1956,Procurement,50.0,359639.8203444262,0.8551546540227406,7.620148765041561
1956,Combined,50.31112907386268,359639.8203444263,1.385775569346464,-0.0
1957,Uniform,50.0,372420.8662737092,0.0,28.510781164967884
1957,Screened,50.30320109519891,372420.8662516869,0.3923333990271587,-0.0
1957,Yield per roof,51.23228230185557,372420.86627370905,0.9379289294761293,9.109480265361125
1957,Procurement,50.0,372420.8662737092,0.8241190103430327,22.166527342092362
1957,Combined,50.30320109519891,372420.8662516869,1.2185293970940876,-0.0
1958,Uniform,50.0,300882.4490090491,-1.4210854715202004e-14,6.473359094805519
1958,Screened,50.32688511333016,300882.44899132464,0.5752415577042882,-0.0
1958,Yield per roof,51.32790969557868,300882.44900904904,1.4824068221241475,-0.0
1958,Procurement,50.0,300882.4490090491,1.0443404949134418,2.7050082593212137
1958,Combined,50.32688511333016,300882.44899132464,1.6227653697670519,-0.0
1959,Uniform,50.0,292302.52098885964,-1.4210854715202004e-14,4.294637350559364
1959,Screened,50.317799837091286,292302.52097160876,0.6020745892809458,-0.0
1959,Yield per roof,51.292012077300356,292302.52098885964,1.64021627542121,-0.0
1959,Procurement,50.0,292302.52098885964,1.0472124054915781,2.1952968263088493
1959,Combined,50.317799837091286,292302.52097160876,1.6507080823560187,-0.0
1960,Uniform,50.0,290202.0835447267,0.0,8.549555034517857
1960,Screened,50.30960618263115,290202.0835447268,0.44665681340310925,-0.0
1960,Yield per roof,51.257805839702016,290202.0835447267,1.0911546630814684,0.45542927260599464
1960,Procurement,50.0,290202.0835447267,0.9393874276479721,4.141469793211667
1960,Combined,50.30960618263115,290202.0835447268,1.38760840798858,-0.0
1961,Uniform,50.0,424004.8555059212,0.0,64.69080990929139
1961,Screened,50.30687633645751,424004.85550592106,0.43257342226614526,23.297074923985893
1961,Yield per roof,51.245068264882065,424004.8555059212,1.0778810602771074,39.14404401002654
1961,Procurement,50.0,424004.8555059212,0.8821504456832514,41.250456797908775
1961,Combined,50.30687633645751,424004.85550592106,1.3151264018489002,6.3749233402627175
1962,Uniform,50.0,366719.0440480205,0.0,7.498266948459036
1962,Screened,50.306947486674936,366719.0440480205,0.619173731140549,-0.0
1962,Yield per roof,51.24737441923651,366719.0440480204,1.490246826104709,-0.0
1962,Procurement,50.0,366719.0440480205,0.853907948837815,3.7903013311831892
1962,Combined,50.306947486674936,366719.0440480205,1.4772327995023744,-0.0
1963,Uniform,50.0,400633.6684488329,0.0,14.37370700912816
1963,Screened,50.31797278754888,400633.66842527373,0.681269806506279,-0.0
1963,Yield per roof,51.28939109978431,400633.6684488329,1.6519926311520834,1.0163764999096716
1963,Procurement,50.0,400633.6684488329,0.9405268154118147,9.43412338003016
1963,Combined,50.31797278754888,400633.66842527373,1.6231421561925856,-0.0
1964,Uniform,50.0,363032.9713232853,0.0,5.75343206916656
1964,Screened,50.321560770656795,363032.97130189126,0.7393553505378918,-0.0
1964,Yield per roof,51.30985836816167,363032.9713232853,1.8604998663705032,-0.0
1964,Procurement,50.0,363032.9713232853,0.9698844504435726,3.1219736210776268
1964,Combined,50.321560770656795,363032.97130189126,1.71139174897165,-0.0
1965,Uniform,50.0,284399.73499135894,0.0,3.9096637259211597
1965,Screened,50.30877235978759,284399.73499135906,0.5515213194444897,-0.0
1965,Yield per roof,51.25375304616631,284399.734991359,1.5058868471552103,-0.0
1965,Procurement,50.0,284399.73499135894,0.9448063560191002,2.0253521654686097
1965,Combined,50.30877235978759,284399.73499135906,1.4964859217789694,-0.0
1966,Uniform,50.0,285426.97968141234,0.0,13.71181716642935
1966,Screened,50.308491507564014,285426.97968141234,0.3790935227767278,-0.0
1966,Yield per roof,51.254458573189154,285426.9796814123,0.955304358396404,2.199560077535099
1966,Procurement,50.0,285426.97968141234,0.9172390142130951,8.246215479891738
1966,Combined,50.308491507564014,285426.97968141234,1.2967007184790518,-0.0
1967,Uniform,50.0,399928.66104079457,0.0,66.53253673945706
1967,Screened,50.303570769898066,399928.66104079457,0.31795081118926305,30.22784766889088
1967,Yield per roof,51.234231993713465,399928.66104079457,0.8208375781497352,45.017275999045154
1967,Procurement,50.0,399928.66104079457,0.8164931664180273,44.27258613311361
1967,Combined,50.303570769898066,399928.66104079457,1.13587979668565,14.103566270372196
1968,Uniform,50.0,378316.9196407632,0.0,24.246697161547072
1968,Screened,50.30805807046362,378316.9196425973,0.4603297944630782,-0.0
1968,Yield per roof,51.26101684344364,378316.9196407632,1.123488445011219,6.449342677547683
1968,Procurement,50.0,378316.9196407632,0.8353049146390674,17.814015763837585
1968,Combined,50.30805807046362,378316.9196425973,1.2966886970522609,-0.0
1969,Uniform,50.0,341044.5129758241,0.0,81.28780013140721
1969,Screened,50.312077663006306,341044.51297582407,0.2643034534311042,44.57223605685335
1969,Yield per roof,51.26770791040122,341044.5129758242,0.6520342934015702,60.67579294188103
1969,Procurement,50.0,341044.5129758241,0.946017442369822,55.41633864704368
1969,Combined,50.312077663006306,341044.51297582407,1.2113276339183585,25.835209408405778
1970,Uniform,50.0,397791.27448589867,0.0,41.31216945972895
1970,Screened,50.307139418371975,397791.27448589855,0.4294854448279324,6.183710815555116
1970,Yield per roof,51.249391798758474,397791.27448589867,1.0890278105654971,18.75869730056866
1970,Procurement,50.0,397791.27448589867,0.9141824783463335,28.418812634288486
1970,Combined,50.307139418371975,397791.27448589855,1.3443962433569538,-0.0
1971,Uniform,50.0,303469.20010531286,0.0,8.860477825995813
1971,Screened,50.308929179477055,303469.200105313,0.43166958413401346,-0.0
1971,Yield per roof,51.259379048713484,303469.20010531286,1.1680797781005339,0.198605233832188
1971,Procurement,50.0,303469.20010531286,0.9040290317072532,4.831347074734694
1971,Combined,50.308929179477055,303469.200105313,1.3365871938937062,-0.0
1972,Uniform,50.0,369363.89274424384,0.0,15.734304391630712
1972,Screened,50.31768813935976,369363.89274424384,0.7068037336887869,-0.0
1972,Yield per roof,51.28837914094794,369363.8927442437,1.750117730864858,1.158199231331814
1972,Procurement,50.0,369363.89274424384,1.1181450494654257,9.989184040839998
1972,Combined,50.31768813935976,369363.89274424384,1.8266694768377931,-0.0
1973,Uniform,50.0,357761.1460302281,0.0,22.421642300778718
1973,Screened,50.33376474040951,357761.1460091771,0.4650543093870141,-0.0
1973,Yield per roof,51.35692775180345,357761.1460302281,1.1775016520808776,5.231904454341289
1973,Procurement,50.0,357761.1460302281,0.9878539181289199,15.469680939840732
1973,Combined,50.33376474040951,357761.1460091771,1.4585813950506008,-0.0
1974,Uniform,50.0,330885.20425838744,0.0,33.53236308548868
1974,Screened,50.3196356691771,330885.20423889457,0.33183149051573935,6.473986455701492
1974,Yield per roof,51.29805338014926,330885.20425838756,0.8153966420199481,16.47704263917124
1974,Procurement,50.0,330885.20425838744,0.9392647751844194,20.121740247462366
1974,Combined,50.3196356691771,330885.20423889457,1.2713131572303453,-0.0
1975,Uniform,50.0,304346.54530317185,0.0,15.784951826765349
1975,Screened,50.30926708833605,304346.5453031719,0.38893265173201996,-0.0
1975,Yield per roof,51.260819904055616,304346.54530317185,1.0105261685093936,2.8288430481683737
1975,Procurement,50.0,304346.54530317185,0.9452050677498747,9.869602497764758
1975,Combined,50.30926708833605,304346.5453031719,1.3344663511890857,-0.0
1976,Uniform,50.0,316299.34747497056,0.0,23.272772766911174
1976,Screened,50.32324535530485,316299.34745630936,0.33870958032682097,-0.0
1976,Yield per roof,51.31340435622438,316299.3474749704,0.8884862626021075,6.756248729207049
1976,Procurement,50.0,316299.34747497056,0.9967770755740659,15.579867833539748
1976,Combined,50.32324535530485,316299.34745630936,1.3378705231495402,-0.0
1977,Uniform,50.0,355380.1997403853,0.0,65.01447156388326
1977,Screened,50.31570225318403,355380.1997194148,0.2989414116663909,30.610623921112605
1977,Yield per roof,51.28196682102518,355380.1997403854,0.7638976494149645,44.54028038988627
1977,Procurement,50.0,355380.1997403853,0.9147770785511682,40.15092941006452
1977,Combined,50.31570225318403,355380.1997194148,1.2139024740527589,12.628962829564928
1978,Uniform,50.0,288055.6409045111,0.0,19.51975168511647
1978,Screened,50.31869676575197,288055.6408875619,0.3505789467112663,-0.0
1978,Yield per roof,51.293201561795144,288055.64090451115,0.9030633132057702,5.001799521935603
1978,Procurement,50.0,288055.6409045111,0.9629887512267956,12.208215091264606
1978,Combined,50.31869676575197,288055.6408875619,1.313274891932224,-0.0
1979,Uniform,50.0,426644.4642448619,0.0,53.06358717071369
1979,Screened,50.33800885747888,426644.4642198664,0.4948726755844035,10.991996161523016
1979,Yield per roof,51.37194026041808,426644.46424486185,1.186495173842573,29.044906997314186
1979,Procurement,50.0,426644.4642448619,1.1084828211763522,34.740427541875576
1979,Combined,50.33800885747888,426644.4642198664,1.6091529450630588,-0.0
1980,Uniform,50.0,320423.8818035606,0.0,16.776691228351964
1980,Screened,50.31370049062199,320423.88180356054,0.41463036566064204,-0.0
1980,Yield per roof,51.27670559852899,320423.8818035607,1.005183571956323,3.570705812611809
1980,Procurement,50.0,320423.8818035606,0.8570208377139892,11.010197785106527
1980,Combined,50.31370049062199,320423.88180356054,1.2723140229235241,-0.0
1981,Uniform,50.0,405670.4448996841,0.0,82.74087195716899
1981,Screened,50.32293610889699,405670.4448757664,0.35074700280087967,40.44813028694672
1981,Yield per roof,51.31385355163988,405670.44489968405,0.8940126333508829,58.41040142715432
1981,Procurement,50.0,405670.4448996841,0.8715627975044171,58.89382668411505
1981,Combined,50.32293610889699,405670.4448757664,1.2238921254035162,23.161747675634892
1982,Uniform,50.0,354082.9374172255,0.0,43.968665112866724
1982,Screened,50.3082041699744,354082.9373963137,0.30371937723511166,14.402049995786093
1982,Yield per roof,51.26121418033439,354082.93741722545,0.7619801869635552,26.75893603962959
1982,Procurement,50.0,354082.9374172255,0.850324753906655,23.606780157958188
1982,Combined,50.3082041699744,354082.9373963137,1.1576427403810712,-0.0
1983,Uniform,50.0,318264.6630346138,0.0,68.22186511919288
1983,Screened,50.312918865184905,318264.6630159929,0.25736045374644334,34.50078216885205
1983,Yield per roof,51.27860508370635,318264.66303461394,0.6873708287502822,48.496755838829266
1983,Procurement,50.0,318264.6630346138,0.9634264154231431,42.09362994481969
1983,Combined,50.312918865184905,318264.6630159929,1.2209852433348374,15.610310850728673
1984,Uniform,50.0,327582.8097138432,1.4210854715202004e-14,8.408137261141368
1984,Screened,50.31247333948291,327582.80971384334,0.5918454533117767,-0.0
1984,Yield per roof,51.27000740359649,327582.8097138433,1.4960819591294126,-0.0
1984,Procurement,50.0,327582.8097138432,0.9619146592878138,4.226372665366109
1984,Combined,50.31247333948291,327582.80971384334,1.5546314526460066,-0.0
1985,Uniform,50.0,372426.33430693694,0.0,9.714661294142134
1985,Screened,50.31750035493041,372426.3343069369,0.6922174134222701,-0.0
1985,Yield per roof,51.290496303956104,372426.33430693694,1.7009800242378077,-0.0
1985,Procurement,50.0,372426.33430693694,0.8728534465719093,5.935997335345712
1985,Combined,50.31750035493041,372426.3343069369,1.5646723141067014,-0.0
1986,Uniform,50.0,348659.21389170445,-7.105427357601002e-15,51.16304400140531
1986,Screened,50.32144063803925,348659.2138711651,0.326503965164342,17.917086800611393
1986,Yield per roof,51.304860048590065,348659.2138917044,0.8397805737015531,32.09349648930292
1986,Procurement,50.0,348659.21389170445,1.0922099946931496,25.537432941017
1986,Combined,50.32144063803925,348659.2138711651,1.4219494964321129,-0.0
1987,Uniform,50.0,286375.29241974815,0.0,74.69525813450211
1987,Screened,50.3225443014831,286375.292402883,0.20116251471880986,41.907963031573516
1987,Yield per roof,51.31221743069059,286375.29241974815,0.5758726007819384,55.49853954296402
1987,Procurement,50.0,286375.29241974815,0.9778624660221418,47.588709458550014
1987,Combined,50.3225443014831,286375.292402883,1.1792683000584248,22.04779800257278
1988,Uniform,50.0,330762.9838696306,1.4210854715202004e-14,7.468278157819079
1988,Screened,50.305494289121285,330762.9838696306,0.59702508937049,-0.0
1988,Yield per roof,51.24084401114411,330762.9838696306,1.4715290525838327,-0.0
1988,Procurement,50.0,330762.9838696306,0.9206642044823639,3.4703843709261704
1988,Combined,50.305494289121285,330762.9838696306,1.5182812702254722,-0.0
1989,Uniform,50.0,293959.1029061988,0.0,63.601964557615496
1989,Screened,50.305566119353415,293959.10290619894,0.20200095706081456,33.51714716065854
1989,Yield per roof,51.24293687574304,293959.10290619894,0.5622473032951056,46.69004563663804
1989,Procurement,50.0,293959.1029061988,0.9662068823952197,37.174897738699
1989,Combined,50.305566119353415,293959.10290619894,1.1700152985663053,14.360669535066274
1990,Uniform,50.0,404801.9498580628,7.105427357601002e-15,69.46821908178569
1990,Screened,50.32737899375724,404801.94983419974,0.3314004807019515,31.73340997194378
1990,Yield per roof,51.33448134504776,404801.94985806267,0.8605875894229058,47.334565975895934
1990,Procurement,50.0,404801.9498580628,0.8544260818371825,46.122661230891254
1990,Combined,50.32737899375724,404801.94983419974,1.18707118189797,14.820297633377134
1991,Uniform,50.0,300617.81089896645,0.0,19.15638808997984
1991,Screened,50.31424203779838,300617.81089896645,0.3678276482152327,-0.0
1991,Yield per roof,51.276788796901016,300617.8108989665,0.9786505083292312,4.453510672934505
1991,Procurement,50.0,300617.81089896645,0.9348415684966227,12.351062676369818
1991,Combined,50.31424203779838,300617.81089896645,1.3021517488910561,-0.0
1992,Uniform,50.0,294030.9552731052,0.0,17.56383160916467
1992,Screened,50.31368075809616,294030.9552731052,0.3829842626012905,-0.0
1992,Yield per roof,51.27706709068208,294030.9552731053,0.950161810183161,4.001690985137496
1992,Procurement,50.0,294030.9552731052,1.0274750189975919,10.599421480016268
1992,Combined,50.31368075809616,294030.9552731052,1.4126236160384877,-0.0
1993,Uniform,50.0,434685.8508071307,0.0,21.78586080131906
1993,Screened,50.303916486744626,434685.8508071306,0.6314046348671383,-0.0
1993,Yield per roof,51.2341260956932,434685.85080713057,1.5083472867171963,3.759688016379734
1993,Procurement,50.0,434685.8508071307,0.8008960917356802,16.741623160288572
1993,Combined,50.303916486744626,434685.8508071306,1.4320056343492666,-0.0
1994,Uniform,50.0,334450.82712915435,0.0,11.275958226879785
1994,Screened,50.307999313113505,334450.8271093877,0.5006006568907253,-0.0
1994,Yield per roof,51.25287094258759,334450.82712915435,1.3129195466914183,0.6673524322759989
1994,Procurement,50.0,334450.82712915435,0.8860524864261379,6.826619007769968
1994,Combined,50.307999313113505,334450.8271093877,1.3864171049296914,-0.0
1995,Uniform,50.0,421268.7395451066,0.0,24.049201522528715
1995,Screened,50.31232637463932,421268.7395204986,0.5224903608246336,-0.0
1995,Yield per roof,51.26875530230673,421268.73954510665,1.3347928038500925,5.322073970237187
1995,Procurement,50.0,421268.7395451066,0.7990990365384789,17.97604986883866
1995,Combined,50.31232637463932,421268.7395204986,1.3214865912300695,-0.0
1996,Uniform,50.0,315159.954471878,0.0,10.850285798710495
1996,Screened,50.30825405458292,315159.9544718779,0.45967370783083084,-0.0
1996,Yield per roof,51.25375222365036,315159.954471878,1.1403134194000302,0.966783487344953
1996,Procurement,50.0,315159.954471878,0.892723271318232,6.155658524909454
1996,Combined,50.30825405458292,315159.9544718779,1.354735802346724,-0.0
1997,Uniform,50.0,338939.16139135265,0.0,8.638715402617413
1997,Screened,50.31057518651492,338939.1613913525,0.5838464819495073,-0.0
1997,Yield per roof,51.26443024438679,338939.16139135254,1.36866379590154,0.13677673506300472
1997,Procurement,50.0,338939.16139135265,0.8670426733644092,4.873315525308101
1997,Combined,50.31057518651492,338939.1613913525,1.453708160692429,-0.0
1998,Uniform,50.0,330269.89044248674,0.0,93.61888231469307
1998,Screened,50.33108379104433,330269.890424434,0.23919691903688545,53.98739143173095
1998,Yield per roof,51.347365329406706,330269.8904424866,0.6210801967727093,72.34492106133284
1998,Procurement,50.0,330269.89044248674,1.0566215641609418,64.66735786025727
1998,Combined,50.33108379104433,330269.890424434,1.297898653549872,32.9847712224051
1999,Uniform,50.0,304766.81604863994,0.0,19.977867617165415
1999,Screened,50.31510973713764,304766.81604863994,0.3823319101509952,-0.0
1999,Yield per roof,51.27887896694277,304766.81604863994,1.0390642171680398,4.467131329169548
1999,Procurement,50.0,304766.81604863994,1.0245391387382838,12.82168258800843
1999,Combined,50.31510973713764,304766.81604863994,1.407311245024104,-0.0
2000,Uniform,50.0,294287.041672812,0.0,21.704971136819893
2000,Screened,50.30591882004234,294287.041655426,0.2877699703031098,-0.0
2000,Yield per roof,51.24413073808188,294287.0416728121,0.7487190359310745,6.671233566506661
2000,Procurement,50.0,294287.041672812,0.8889549423546015,14.856936775636441
2000,Combined,50.30591882004234,294287.041655426,1.1759194860113382,-0.0
2001,Uniform,50.0,419199.37940567266,0.0,33.10158942348417
2001,Screened,50.32224293367602,419199.3793809165,0.4374273422608326,-0.0
2001,Yield per roof,51.309846376983295,419199.3794056726,1.1360099003552762,10.244498587325724
2001,Procurement,50.0,419199.37940567266,0.7765024846279545,27.11912126879408
2001,Combined,50.32224293367602,419199.3793809165,1.2153206124486786,-0.0
2002,Uniform,50.0,289250.50765414897,1.4210854715202004e-14,7.043232523822033
2002,Screened,50.31817941992865,289250.507654149,0.5426643068197023,-0.0
2002,Yield per roof,51.291578033614364,289250.50765414885,1.3761769094280538,-0.0
2002,Procurement,50.0,289250.50765414897,1.055299961410654,2.7065822160025728
2002,Combined,50.31817941992865,289250.507654149,1.5989440593038466,-0.0
2003,Uniform,50.0,300878.63337259647,0.0,48.87828746316605
2003,Screened,50.31342486014504,300878.63337259647,0.2865327555471353,19.637112897204
2003,Yield per roof,51.27232969397495,300878.63337259647,0.7140266745874868,31.238334008251016
2003,Procurement,50.0,300878.63337259647,1.0210572940736355,21.751399063312103
2003,Combined,50.31342486014504,300878.63337259647,1.3078876135377229,-0.0
2004,Uniform,50.0,403305.77639184333,0.0,83.85927485730716
2004,Screened,50.327144008907865,403305.77636827657,0.39725122673015534,38.48535545095545
2004,Yield per roof,51.3258804344738,403305.7763918432,1.0096334294504459,57.42206277886879
2004,Procurement,50.0,403305.77639184333,1.0113063854559954,56.76422045211401
2004,Combined,50.327144008907865,403305.77636827657,1.4100444702503623,18.874869584526024
2005,Uniform,50.0,308254.03182388074,0.0,3.272327634309902
2005,Screened,50.302856386264,308254.0318238807,0.5858636343824344,-0.0
2005,Yield per roof,51.23042129930031,308254.0318238808,1.4578203380569335,-0.0
2005,Procurement,50.0,308254.03182388074,0.9009870515073573,1.9154393923785773
2005,Combined,50.302856386264,308254.0318238807,1.4877960785362774,-0.0
2006,Uniform,50.0,315997.34425002657,0.0,43.589878209892
2006,Screened,50.314483037290174,315997.3442500265,0.28810827149651175,15.632515412121586
2006,Yield per roof,51.27934746930514,315997.3442500265,0.70889853592886,27.209038131477516
2006,Procurement,50.0,315997.34425002657,0.9213111835836258,21.353136161806937
2006,Combined,50.314483037290174,315997.3442500265,1.2116250754687314,-0.0
2007,Uniform,50.0,298323.735277761,0.0,30.68512341834221
2007,Screened,50.319580578902574,298323.7352602072,0.33427101495308165,3.648322487153781
2007,Yield per roof,51.297642706515084,298323.73527776106,0.8408384771569786,13.76741455017718
2007,Procurement,50.0,298323.735277761,1.0614255030344921,19.203981972937118
2007,Combined,50.319580578902574,298323.7352602072,1.3965743556812171,-0.0
2008,Uniform,50.0,281820.01289355895,0.0,19.495286431575582
2008,Screened,50.310286958985856,281820.01289355906,0.3321676418727648,-0.0
2008,Yield per roof,51.26151696189266,281820.01289355895,0.9177759782466808,4.740610819270409
2008,Procurement,50.0,281820.01289355895,1.0561693864848962,11.84271937394691
2008,Combined,50.310286958985856,281820.01289355906,1.3894907127890264,-0.0
2009,Uniform,50.0,414780.41759977385,0.0,4.1634198021228315
2009,Screened,50.31931285486548,414780.417575408,0.9394722512629414,-0.0
2009,Yield per roof,51.295753154901334,414780.4175997739,2.284092088366748,-0.0
2009,Procurement,50.0,414780.41759977385,0.8416584820236608,3.0564592431466515
2009,Combined,50.31931285486548,414780.417575408,1.7814314594490952,-0.0
2010,Uniform,50.0,362814.6917229163,0.0,72.75253921201858
2010,Screened,50.307247538617816,362814.6917229163,0.28863713820067005,36.57554753075531
2010,Yield per roof,51.249337465103196,362814.6917229162,0.7396819335674039,51.50792707508383
2010,Procurement,50.0,362814.6917229163,0.9373811570476889,47.244066868829655
2010,Combined,50.307247538617816,362814.6917229163,1.2263573892982294,18.115732475665006
2011,Uniform,50.0,361937.6295515103,0.0,4.784099791741606
2011,Screened,50.311439333163705,361937.62953012576,0.7371455997189997,-0.0
2011,Yield per roof,51.26929411881966,361937.62955151056,1.723972198204308,-0.0
2011,Procurement,50.0,361937.6295515103,0.905395181704435,2.776775190713376
2011,Combined,50.311439333163705,361937.62953012576,1.643704814128256,-0.0
2012,Uniform,50.0,317874.05412911717,0.0,3.0627069383618846
2012,Screened,50.30865812710688,317874.054129117,0.7124934002461174,-0.0
2012,Yield per roof,51.25375097600255,317874.05412911717,1.7920836334348138,-0.0
2012,Procurement,50.0,317874.05412911717,0.9771643038439066,1.753334024723684
2012,Combined,50.30865812710688,317874.054129117,1.691257046882626,-0.0
2013,Uniform,50.0,338174.0788956445,0.0,13.473275416328667
2013,Screened,50.30984219480418,338174.0788956445,0.510161633602479,-0.0
2013,Yield per roof,51.25747993509449,338174.0788956445,1.3159361999618255,1.2616749193856405
2013,Procurement,50.0,338174.0788956445,0.9813061217680428,8.056847168379042
2013,Combined,50.30984219480418,338174.0788956445,1.4916304999642307,-0.0
2014,Uniform,50.0,416096.9920931448,0.0,17.41697943661518
2014,Screened,50.32169160781446,416096.99206877523,0.6909670160125359,-0.0
2014,Yield per roof,51.30883802075662,416096.99209314486,1.7087740753682112,2.06551662295435
2014,Procurement,50.0,416096.9920931448,0.9494502523506156,12.040607179367058
2014,Combined,50.32169160781446,416096.99206877523,1.641638399746867,-0.0
2015,Uniform,50.0,308493.0380334876,0.0,62.84520339934796
2015,Screened,50.3034672980208,308493.03803348757,0.20884281461052723,32.845743044023166
2015,Yield per roof,51.23423558711924,308493.0380334876,0.5460367064316145,46.42617875364201
2015,Procurement,50.0,308493.0380334876,0.911313751394836,37.98349625807489
2015,Combined,50.3034672980208,308493.03803348757,1.1232915827055834,14.802802543903056
2016,Uniform,50.0,365138.59476917086,0.0,30.14492841832256
2016,Screened,50.31530125450633,365138.5947691709,0.3690005747802658,-0.0
2016,Yield per roof,51.28038473130499,365138.5947691709,0.9998071954644914,9.844907523520417
2016,Procurement,50.0,365138.59476917086,0.927518064983218,23.06885250418612
2016,Combined,50.31530125450633,365138.5947691709,1.29685742549605,-0.0
2017,Uniform,50.0,302239.7190908524,0.0,30.9368907183569
2017,Screened,50.32150199001819,302239.719072991,0.278910745413917,5.900740835096948
2017,Yield per roof,51.30914592198565,302239.71909085254,0.7597585366848492,15.067151723873545
2017,Procurement,50.0,302239.7190908524,0.9454313257472649,18.049716763186055
2017,Combined,50.32150199001819,302239.719072991,1.2249873696367857,-0.0
2018,Uniform,50.0,391554.53924284625,1.4210854715202004e-14,5.155209027169053
2018,Screened,50.30328605925536,391554.53924284625,0.7557485820307193,-0.0
2018,Yield per roof,51.23587295963364,391554.5392428463,1.8675450844276043,-0.0
2018,Procurement,50.0,391554.53924284625,0.786630818824591,3.2376449062512624
2018,Combined,50.30328605925536,391554.53924284625,1.543440779564989,-0.0
2019,Uniform,50.0,364051.6100989686,0.0,9.26644567796895
2019,Screened,50.328567297740726,364051.610077529,0.7102391302150863,-0.0
2019,Yield per roof,51.33873107625858,364051.6100989688,1.6771268557069305,-0.0
2019,Procurement,50.0,364051.6100989686,0.9137967231617949,5.296587939265709
2019,Combined,50.328567297740726,364051.610077529,1.6254491722720843,-0.0
2020,Uniform,50.0,367085.212658148,-7.105427357601002e-15,58.56681311496448
2020,Screened,50.31335431553259,367085.212658148,0.3189130300162688,24.459758170939995
2020,Yield per roof,51.272867696025926,367085.21265814797,0.8380279139804045,37.59364262118243
2020,Procurement,50.0,367085.212658148,0.871529884478953,34.90724271526391
2020,Combined,50.31335431553259,367085.212658148,1.1903270476513228,7.376786116225196
2021,Uniform,50.0,418860.6421135403,0.0,7.8901229063508564
2021,Screened,50.315890831544564,418860.6420888986,0.8499300541955961,-0.0
2021,Yield per roof,51.28106908402488,418860.64211354044,2.0140906581762295,-0.0
2021,Procurement,50.0,418860.6421135403,0.8225699047932267,4.320186204079554
2021,Combined,50.315890831544564,418860.6420888986,1.6727508088985985,-0.0
2022,Uniform,50.0,298507.6956997145,0.0,11.039374381529353
2022,Screened,50.31456959665103,298507.6956997144,0.5371664258696995,-0.0
2022,Yield per roof,51.27580100681143,298507.6956997145,1.3186894494332222,0.7041339367168555
2022,Procurement,50.0,298507.6956997145,1.1040489059192993,5.699536931662926
2022,Combined,50.31456959665103,298507.6956997144,1.6419555654676543,-0.0
2023,Uniform,50.0,318380.26443324453,0.0,37.57250211152992
2023,Screened,50.30748289745174,318380.2644332445,0.350081067656987,7.588546481244487
2023,Yield per roof,51.25029123610816,318380.26443324453,0.8832552207830062,18.531901898190267
2023,Procurement,50.0,318380.26443324453,1.0377452361222126,22.336700703195365
2023,Combined,50.30748289745174,318380.2644332445,1.3880386224159764,-0.0
2024,Uniform,50.0,298936.9354188974,0.0,5.1888378153370684
2024,Screened,50.306638362935786,298936.9354188975,0.5095089883354831,-0.0
2024,Yield per roof,51.24646228621511,298936.9354188974,1.2890308405559523,-0.0
2024,Procurement,50.0,298936.9354188974,0.8640123989511892,2.3336032032120424
2024,Combined,50.306638362935786,298936.9354188975,1.375743244668712,-0.0
2025,Uniform,50.0,293712.31914783525,-7.105427357601002e-15,10.937680409029461
2025,Screened,50.31288525037968,293712.31913109357,0.39005497827158564,-0.0
2025,Yield per roof,51.27313048779215,293712.31914783525,1.0374299888555853,1.0699433324627519
2025,Procurement,50.0,293712.31914783525,0.9237568921195631,5.950613866848118
2025,Combined,50.31288525037968,293712.31913109357,1.3140651455210914,-0.0
2026,Uniform,50.0,351232.3072023592,0.0,19.914893424149962
2026,Screened,50.31960466453921,351232.30718781654,0.4461262433686386,-0.0
2026,Yield per roof,51.30294371131223,351232.3072023593,1.109014942426228,4.521063111977383
2026,Procurement,50.0,351232.3072023592,0.8943124174308252,13.538608191724071
2026,Combined,50.31960466453921,351232.30718781654,1.3411901620094824,-0.0
2027,Uniform,50.0,359759.2882106798,0.0,29.101570349823014
2027,Screened,50.32594448027735,359759.2881895539,0.3631041256915779,-0.0
2027,Yield per roof,51.322652104076695,359759.2882106798,0.971086408223826,9.730947466177536
2027,Procurement,50.0,359759.2882106798,0.9184990542627389,22.03687662732911
2027,Combined,50.32594448027735,359759.2881895539,1.2816378463727176,-0.0
2028,Uniform,50.0,423829.3252493981,0.0,19.426079208598622
2028,Screened,50.318887161185394,423829.32522443304,0.6423859779052776,-0.0
2028,Yield per roof,51.29502886199497,423829.325249398,1.6878326746832073,2.24284115249755
2028,Procurement,50.0,423829.3252493981,0.8200460109575971,14.6264745431966
2028,Combined,50.318887161185394,423829.32522443304,1.4623317339584219,-0.0
2029,Uniform,50.0,383362.7261954145,0.0,13.330729956041337
2029,Screened,50.3147210609396,383362.7261954145,0.669489148292044,-0.0
2029,Yield per roof,51.27705228477699,383362.72619541443,1.6534451659786669,0.793183246199057
2029,Procurement,50.0,383362.7261954145,0.8672849857562994,8.886600380041795
2029,Combined,50.3147210609396,383362.7261954145,1.5363332405656536,-0.0
2030,Uniform,50.0,354853.87438846263,0.0,15.633825199050388
2030,Screened,50.315665713219076,354853.8743884625,0.5032147617195335,-0.0
2030,Yield per roof,51.2838752779341,354853.8743884627,1.3173232916392408,1.8599764658133384
2030,Procurement,50.0,354853.87438846263,0.9411824284181165,10.072331670262717
2030,Combined,50.315665713219076,354853.8743884625,1.4451171817439104,-0.0
2031,Uniform,50.0,329852.00872206455,0.0,23.885000367165127
2031,Screened,50.3124244533048,329852.00872206467,0.371037607411715,-0.0
2031,Yield per roof,51.27174513256747,329852.00872206455,0.947936097051354,6.815942709037893
2031,Procurement,50.0,329852.00872206455,1.015400615298617,16.11263162540578
2031,Combined,50.3124244533048,329852.00872206467,1.3871371520225466,-0.0
2032,Uniform,50.0,291486.15300579317,0.0,12.819360649669969
2032,Screened,50.31178911941902,291486.1529885616,0.413114711828527,-0.0
2032,Yield per roof,51.266461284588374,291486.15300579317,1.072521151444704,1.5390029156652099
2032,Procurement,50.0,291486.15300579317,0.9449946841119754,7.32132522865811
2032,Combined,50.31178911941902,291486.1529885616,1.3592524180770766,-0.0
2033,Uniform,50.0,421085.3955296309,0.0,17.097912262027016
2033,Screened,50.323328963224384,421085.39550480805,0.7198018284735781,-0.0
2033,Yield per roof,51.31461772027096,421085.39552963094,1.7704682446732676,1.6323685382839508
2033,Procurement,50.0,421085.3955296309,0.8417364851434002,12.126588709909756
2033,Combined,50.323328963224384,421085.39550480805,1.562340590704693,-0.0
2034,Uniform,50.0,350576.4982305424,0.0,74.20814361823928
2034,Screened,50.30834021133234,350576.4982305424,0.26699560925364096,38.11590064436394
2034,Yield per roof,51.25232173774606,350576.4982305424,0.7286490864221875,52.76860100450974
2034,Procurement,50.0,350576.4982305424,0.9347280444315729,49.00512701522719
2034,Combined,50.30834021133234,350576.4982305424,1.2014845772115024,19.905181195549904
2035,Uniform,50.0,410234.3700634027,0.0,15.923791579524533
2035,Screened,50.33604285825985,410234.3700393694,0.7099834612818654,-0.0
2035,Yield per roof,51.36706687617601,410234.3700634028,1.733594337732768,1.4517861934496967
2035,Procurement,50.0,410234.3700634027,0.9034711587822386,10.774153400735303
2035,Combined,50.33604285825985,410234.3700393694,1.6161087915869103,-0.0
2036,Uniform,50.0,365941.9495122852,1.4210854715202004e-14,11.9837584922888
2036,Screened,50.308866453999556,365941.94951228524,0.6722719652553195,-0.0
2036,Yield per roof,51.25264536618336,365941.9495122853,1.6499370137702982,0.38541142336974826
2036,Procurement,50.0,365941.9495122852,1.0269100781586076,7.335953266789832
2036,Combined,50.308866453999556,365941.94951228524,1.7003152440551332,-0.0
2037,Uniform,50.0,354865.73953358,0.0,82.84049083196571
2037,Screened,50.31804579876612,354865.73953276663,0.2397120711679861,45.61125022236086
2037,Yield per roof,51.30653464814236,354865.73953358,0.6041482360590251,63.76638188966731
2037,Procurement,50.0,354865.73953358,0.977806531907504,56.058405952826995
2037,Combined,50.31804579876612,354865.73953276663,1.2226067777629908,26.12343156437081
2038,Uniform,50.0,306865.5945790343,0.0,10.046182772602545
2038,Screened,50.313666966370164,306865.5945823467,0.45037066798514047,-0.0
2038,Yield per roof,51.29012727735095,306865.59457903437,1.1490517939463558,0.6952552767435576
2038,Procurement,50.0,306865.5945790343,0.8788920350860394,5.689438268084507
2038,Combined,50.313666966370164,306865.5945823467,1.3316282174531864,-0.0
2039,Uniform,50.0,339915.6856437762,0.0,8.837231942168883
2039,Screened,50.31427415434433,339915.6856437763,0.5249042940340587,-0.0
2039,Yield per roof,51.277669898798834,339915.68564377644,1.3023754682996582,0.17898325720968086
2039,Procurement,50.0,339915.6856437762,0.8571311469167142,5.043493393905058
2039,Combined,50.31427415434433,339915.6856437763,1.3834247074627797,-0.0
2040,Uniform,50.0,299912.56134591176,0.0,13.508593525531753
2040,Screened,50.32545842934078,299912.56132834754,0.5517912048671576,-0.0
2040,Yield per roof,51.319368705099976,299912.5613459117,1.3809360023519588,1.3147048887023762
2040,Procurement,50.0,299912.56134591176,1.1405269527977282,7.526632235423412
2040,Combined,50.32545842934078,299912.56132834754,1.6937838887981371,-0.0
2041,Uniform,50.0,337321.8644659617,0.0,11.98301822132523
2041,Screened,50.313535771808105,337321.86446596176,0.47013861249401145,-0.0
2041,Yield per roof,51.274089909187246,337321.86446596176,1.1703819901912453,1.215309529179124
2041,Procurement,50.0,337321.8644659617,0.9321142760149286,6.960523948789123
2041,Combined,50.313535771808105,337321.86446596176,1.4069846467749016,-0.0
2042,Uniform,50.0,285504.75875593594,0.0,9.051019379541486
2042,Screened,50.33216649620212,285504.7587391678,0.5090434935992789,-0.0
2042,Yield per roof,51.353119059369924,285504.7587559359,1.277230208422992,0.24264011616411388
2042,Procurement,50.0,285504.75875593594,1.049481215220041,4.4279609290949224
2042,Combined,50.33216649620212,285504.7587391678,1.5612056263281886,-0.0
2043,Uniform,50.0,295450.8034021345,-7.105427357601002e-15,46.15362735546198
2043,Screened,50.317301542055006,295450.8034021345,0.24694356708531728,18.92089042587269
2043,Yield per roof,51.28947563227127,295450.8034021345,0.6414989093051062,30.538789939423975
2043,Procurement,50.0,295450.8034021345,1.0042397813608943,20.036316304411553
2043,Combined,50.317301542055006,295450.8034021345,1.2531720347697188,-0.0
2044,Uniform,50.0,348412.84819187404,0.0,34.553754778980235
2044,Screened,50.30370567747519,348412.84819187416,0.34248519499189456,6.149702113677075
2044,Yield per roof,51.23299473644919,348412.8481918741,0.8771000850977302,15.847876343644772
2044,Procurement,50.0,348412.84819187404,0.8701530337975001,21.844990765255083
2044,Combined,50.30370567747519,348412.84819187416,1.2118586403441824,-0.0
2045,Uniform,50.0,319816.02415328106,0.0,9.479370659636093
2045,Screened,50.30835992698305,319816.02415328106,0.48589875529398796,-0.0
2045,Yield per roof,51.254391601224256,319816.0241532811,1.1854904670902044,0.5478143341182038
2045,Procurement,50.0,319816.02415328106,0.8853033132047585,5.279640325510448
2045,Combined,50.30835992698305,319816.02415328106,1.375229694442183,-0.0
2046,Uniform,50.0,435352.4042301651,0.0,24.793992463802645
2046,Screened,50.31005614565756,435352.40421586763,0.49487820876211686,-0.0
2046,Yield per roof,51.26430431813538,435352.404230165,1.2645937338923119,5.900857629596967
2046,Procurement,50.0,435352.4042301651,0.7175681778062852,19.271105499329124
2046,Combined,50.31005614565756,435352.40421586763,1.2145900838588233,-0.0
2047,Uniform,50.0,298263.5968106707,0.0,13.93192816592721
2047,Screened,50.324852648075236,298263.5967931034,0.4326757084701427,-0.0
2047,Yield per roof,51.32379065308775,298263.5968106707,1.1533403006091163,1.6583277199380584
2047,Procurement,50.0,298263.5968106707,0.9866351029645841,8.136980588746692
2047,Combined,50.324852648075236,298263.5967931034,1.4202018662846712,-0.0
2048,Uniform,50.0,312361.8293258463,0.0,22.960170045198332
2048,Screened,50.32003619761932,312361.8293519893,0.4220998180305031,-0.0
2048,Yield per roof,51.297860731119194,312361.8293291759,1.0588288125086223,5.9717198434349745
2048,Procurement,50.0,312361.8293258463,1.0934335839135372,14.661485862832556
2048,Combined,50.32003619761932,312361.8293519893,1.516634358769025,-0.0
